ADDRESS,ASSESSMENT_CLASS_DESCRIPTION,COMM_NAME,LAND_USE_DESIGNATION,MULTIPOLYGON
7313 15 ST SE,Residential,BURNS INDUSTRIAL,S-FUD,"MULTIPOLYGON (((-114.0265737 50.9892159, -114.0265996 50.9892058, -114.0266236 50.9891939, -114.0266454 50.9891806, -114.0266649 50.9891658, -114.0266818 50.9891498, -114.0266958 50.9891328, -114.026707 50.9891149, -114.026715 50.9890964, -114.0267198 50.9890775, -114.0267215 50.9890583, -114.0267199 50.9890392, -114.026715 50.9890202, -114.026707 50.9890017, -114.0266959 50.9889839, -114.0266819 50.9889668, -114.026665 50.9889509, -114.0255057 50.9879769, -114.0254834 50.9880124, -114.0254629 50.9880484, -114.0254442 50.9880847, -114.0254272 50.9881213, -114.025412 50.9881582, -114.0253987 50.9881955, -114.0253872 50.988233, -114.0253775 50.9882706, -114.0253412 50.9884286, -114.0253388 50.9895478, -114.0253753 50.9895563, -114.0254132 50.9895621, -114.0254518 50.9895652, -114.0254908 50.9895654, -114.0255295 50.9895629, -114.0255675 50.9895576, -114.0256044 50.9895496, -114.0256395 50.9895391, -114.0265737 50.9892159)))"
2721 84 AV SE,Residential,SHEPARD INDUSTRIAL,S-FUD,"MULTIPOLYGON (((-113.9974413 50.9773139, -113.9974415 50.9776536, -113.99755 50.9776533, -113.9976586 50.977653, -113.9977671 50.9776527, -113.9977669 50.9773131, -113.9976583 50.9773134, -113.9975498 50.9773136, -113.9974413 50.9773139)))"
15015 53 ST SW,Residential,RESIDUAL WARD 13 - SUB AREA 13C,S-FUD,"MULTIPOLYGON (((-114.1635455 50.9194523, -114.1671998 50.9194545, -114.1672018 50.9180476, -114.1635477 50.9180454, -114.1635455 50.9194523)))"
14000 ROCKY RIDGE RD NW,Non-Residential,RESIDUAL WARD 1 - SUB AREA 1K,S-FUD,"MULTIPOLYGON (((-114.2226258 51.1831176, -114.2341092 51.1831184, -114.2341091 51.1829387, -114.234107 51.1759068, -114.2226186 51.175907, -114.2226258 51.1831176)))"
14000 ROCKY RIDGE RD NW,Non-Residential,RESIDUAL WARD 1 - SUB AREA 1K,S-FUD,"MULTIPOLYGON (((-114.2226258 51.1831176, -114.2341092 51.1831184, -114.2341091 51.1829387, -114.234107 51.1759068, -114.2226186 51.175907, -114.2226258 51.1831176)))"
14000 ROCKY RIDGE RD NW,Non-Residential,RESIDUAL WARD 1 - SUB AREA 1K,S-FUD,"MULTIPOLYGON (((-114.2226258 51.1831176, -114.2341092 51.1831184, -114.2341091 51.1829387, -114.234107 51.1759068, -114.2226186 51.175907, -114.2226258 51.1831176)))"
16010 69 ST SW,Farm Land,RESIDUAL WARD 13 - SUB AREA 13C,S-FUD,"MULTIPOLYGON (((-114.1749895 50.9140462, -114.1864253 50.9140478, -114.1864485 50.9068227, -114.1750065 50.9068047, -114.1749895 50.9140462)))"
5720 170 AV SW,Residential,RESIDUAL WARD 13 - SUB AREA 13F,S-FUD,"MULTIPOLYGON (((-114.166427 50.9031696, -114.1692865 50.9031746, -114.1692862 50.8995537, -114.1664282 50.8995485, -114.166427 50.9031696)))"
5857 12 ST SE,Non-Residential,BURNS INDUSTRIAL,S-FUD,"MULTIPOLYGON (((-114.0319051 51.0014436, -114.0318909 51.0014888, -114.0316504 51.0022525, -114.0318059 51.0031934, -114.0318646 51.0035483, -114.033281 51.0041103, -114.0338268 51.0031964, -114.0340115 51.0028874, -114.0340145 51.0028847, -114.0340722 51.0027917, -114.0341326 51.0026993, -114.0341957 51.0026077, -114.0342614 51.0025167, -114.0343297 51.0024266, -114.0344007 51.0023372, -114.0344742 51.0022487, -114.0345502 51.002161, -114.0346288 51.0020742, -114.0347099 51.0019884, -114.0347935 51.0019034, -114.0348795 51.0018195, -114.034968 51.0017365, -114.0350588 51.0016546, -114.035152 51.0015737, -114.0352475 51.001494, -114.0353035 51.0014488, -114.035361 51.0014035, -114.0332609 51.0014005, -114.0329955 51.0013999, -114.0326708 51.0013994, -114.0323614 51.001399, -114.0319194 51.0013983, -114.0319051 51.0014436)))"
17110 37 ST SW,Residential,RESIDUAL WARD 13 - SUB AREA 13G,S-FUD,"MULTIPOLYGON (((-114.1387467 50.8995032, -114.1401784 50.8995021, -114.1401775 50.8975122, -114.1387464 50.8975133, -114.1387467 50.8995032)))"
10319R WEST VALLEY RD SW,Residential,RESIDUAL WARD 1 - CALGARY WEST,S-FUD,"MULTIPOLYGON (((-114.237374 51.0863518, -114.2386049 51.0863842, -114.2378603 51.0859487, -114.2372852 51.0862792, -114.237374 51.0863518)))"
11020 EAMON RD NW,Residential,ROCKY RIDGE,S-FUD,"MULTIPOLYGON (((-114.2462468 51.1401827, -114.2460016 51.1404609, -114.2458181 51.1406692, -114.2455673 51.1409539, -114.2454743 51.1410595, -114.2458581 51.1411933, -114.246999 51.1415906, -114.2470199 51.1415669, -114.2477377 51.1407524, -114.2477803 51.1407041, -114.246256 51.1401728, -114.2462468 51.1401827)))"
14801 53 ST SW,Farm Land,RESIDUAL WARD 13 - SUB AREA 13C,S-FUD,"MULTIPOLYGON (((-114.1635455 50.9194523, -114.1635427 50.9212752, -114.1749725 50.9212745, -114.1749831 50.9167495, -114.1749895 50.9140462, -114.1635538 50.9140433, -114.1635477 50.9180454, -114.1672018 50.9180476, -114.1671998 50.9194545, -114.1635455 50.9194523)))"
1523 50 AV SE,Non-Residential,ALYTH/BONNYBROOK,S-FUD,"MULTIPOLYGON (((-114.0266347 51.0086191, -114.0266517 51.0086193, -114.0264802 51.0082791, -114.0264061 51.0083047, -114.0266347 51.0086191)))"
13310 14 ST NW,Non-Residential,PANORAMA HILLS,S-FUD,"MULTIPOLYGON (((-114.0867247 51.1728873, -114.0867308 51.1733348, -114.0873743 51.1733317, -114.0874505 51.1733302, -114.0875265 51.1733266, -114.0876021 51.173321, -114.0876773 51.1733132, -114.0877519 51.1733033, -114.0878256 51.1732914, -114.0878985 51.1732774, -114.0879703 51.1732614, -114.0880409 51.1732434, -114.0881101 51.1732234, -114.0881779 51.1732016, -114.088244 51.1731779, -114.0883084 51.1731523, -114.0883709 51.173125, -114.0884314 51.173096, -114.0884898 51.1730653, -114.0896098 51.1724501, -114.0896534 51.1724252, -114.0896957 51.1723994, -114.0897366 51.1723728, -114.0897759 51.1723452, -114.0898138 51.1723168, -114.08985 51.1722877, -114.0898847 51.1722577, -114.0899176 51.1722271, -114.0899489 51.1721957, -114.0899785 51.1721637, -114.0900062 51.172131, -114.0900322 51.1720978, -114.0900563 51.1720641, -114.0900786 51.1720298, -114.090099 51.1719951, -114.0901175 51.17196, -114.090134 51.1719245, -114.0901486 51.1718887, -114.0901612 51.1718525, -114.0901718 51.1718161, -114.0901805 51.1717796, -114.0901871 51.1717428, -114.0901917 51.1717059, -114.0901943 51.171669, -114.0901949 51.171632, -114.0901934 51.171595, -114.0901899 51.1715581, -114.0901844 51.1715213, -114.0901769 51.1714846, -114.0901673 51.1714481, -114.0901558 51.1714118, -114.0901423 51.1713758, -114.0899835 51.1709833, -114.0899852 51.1710176, -114.0899852 51.1710688, -114.0899823 51.1711199, -114.0899765 51.171171, -114.0899679 51.1712219, -114.0899563 51.1712726, -114.0899419 51.171323, -114.0899247 51.171373, -114.0899047 51.1714226, -114.0898818 51.1714717, -114.0898562 51.1715203, -114.0898279 51.1715683, -114.0897968 51.1716157, -114.0897631 51.1716623, -114.0897268 51.1717081, -114.0896879 51.1717531, -114.0896465 51.1717971, -114.0896026 51.1718403, -114.0895563 51.1718824, -114.0895077 51.1719234, -114.0894568 51.1719634, -114.0894036 51.1720022, -114.0893483 51.1720397, -114.0892909 51.172076, -114.0892315 51.172111, -114.0891569 51.1721516, -114.0891146 51.1721737, -114.0890072 51.1722296, -114.0888998 51.1722856, -114.0887924 51.1723415, -114.088685 51.1723974, -114.0886496 51.1724159, -114.0885768 51.1724527, -114.0885111 51.1724842, -114.0884441 51.1725147, -114.0883802 51.1725422, -114.0883153 51.1725688, -114.0882179 51.1726062, -114.0881185 51.1726415, -114.087994 51.1726818, -114.0878669 51.1727187, -114.0877337 51.1727531, -114.0875982 51.1727837, -114.0874981 51.1728038, -114.0873969 51.1728217, -114.0872949 51.1728377, -114.0871921 51.1728516, -114.0870796 51.1728643, -114.0869912 51.1728724, -114.0869026 51.1728789, -114.0868137 51.1728839, -114.0867247 51.1728873)))"
5720 MORLEY TR NW,Residential,DALHOUSIE,S-FUD,"MULTIPOLYGON (((-114.1688467 51.1082034, -114.1692552 51.1083753, -114.1700423 51.1076357, -114.1696338 51.1074638, -114.1688467 51.1082034)))"
8504 24 ST SE,Residential,SHEPARD INDUSTRIAL,S-FUD,"MULTIPOLYGON (((-113.998067 50.9765746, -113.9980702 50.9766439, -113.9980717 50.9766905, -113.9980703 50.9767371, -113.9986128 50.9767356, -113.9986141 50.976689, -113.9986127 50.9766424, -113.9986095 50.9765731, -113.998067 50.9765746)))"
8909 84 ST NE,Farm Land,RESIDUAL WARD 5 - SUB AREA 5G,S-FUD,"MULTIPOLYGON (((-113.9120269 51.1325895, -113.9120262 51.1348037, -113.9122098 51.134767, -113.9123922 51.1347281, -113.9125736 51.1346873, -113.9127537 51.1346444, -113.9129326 51.1345995, -113.9131101 51.1345525, -113.9132863 51.1345036, -113.9134611 51.1344527, -113.9136344 51.1343999, -113.9138061 51.1343451, -113.9139762 51.1342883, -113.9141447 51.1342297, -113.9143115 51.1341692, -113.9144766 51.1341068, -113.9146398 51.1340426, -113.9148011 51.1339765, -113.9148021 51.1332236, -113.9152762 51.1328382, -113.9152767 51.1325329, -113.9126795 51.1325331, -113.9120269 51.1325319, -113.9120269 51.1325895)))"
5728 MORLEY TR NW,Residential,DALHOUSIE,S-FUD,"MULTIPOLYGON (((-114.1692552 51.1083753, -114.1696168 51.1085276, -114.1704039 51.107788, -114.1700423 51.1076357, -114.1692552 51.1083753)))"
8506 24 ST SE,Residential,SHEPARD INDUSTRIAL,S-FUD,"MULTIPOLYGON (((-113.9980575 50.976505, -113.998067 50.9765746, -113.9986095 50.9765731, -113.9986 50.9765035, -113.9980575 50.976505)))"
117R 101 ST SW,Farm Land,RESIDUAL WARD 1 - CALGARY WEST,S-FUD,"MULTIPOLYGON (((-114.2362493 51.0863222, -114.2369832 51.0863415, -114.2378621 51.0858384, -114.2378841 51.0857774, -114.2380787 51.0852395, -114.2380694 51.0852395, -114.2352405 51.0852352, -114.2362493 51.0863222)))"
96 SILVERCREEK CR NW,Residential,SILVER SPRINGS,S-FUD,"MULTIPOLYGON (((-114.2095086 51.1114024, -114.2103131 51.111402, -114.2104765 51.1109911, -114.2102892 51.1109913, -114.2100388 51.1109916, -114.2097894 51.110992, -114.2095085 51.1109923, -114.2095086 51.1114024)))"
8510 24 ST SE,Residential,SHEPARD INDUSTRIAL,S-FUD,"MULTIPOLYGON (((-113.9980189 50.9763655, -113.9980415 50.9764353, -113.9980575 50.976505, -113.9986 50.9765035, -113.9985841 50.9764338, -113.9985615 50.976364, -113.9980189 50.9763655)))"
799 84 ST NE,Non-Residential,HUXLEY,S-FUD,"MULTIPOLYGON (((-113.9120472 51.0583873, -113.9120466 51.0596629, -113.9140692 51.059662, -113.9140693 51.0583867, -113.9120472 51.0583873)))"
2436 51 AV SE,Non-Residential,VALLEYFIELD,S-FUD,"MULTIPOLYGON (((-114.0020485 51.0083148, -114.0020485 51.008379, -114.002048 51.0086065, -114.002148 51.0086067, -114.0021571 51.0086067, -114.0022656 51.0086068, -114.0023741 51.0086069, -114.0024826 51.0086069, -114.002582 51.0086069, -114.0025911 51.008607, -114.0026999 51.008607, -114.0026997 51.0084941, -114.0026996 51.0082784, -114.0025912 51.0082784, -114.0024827 51.0082783, -114.0023742 51.0082782, -114.0022657 51.0082781, -114.0021573 51.008278, -114.0020487 51.0082779, -114.0020485 51.0083148)))"
5812 MORLEY TR NW,Residential,DALHOUSIE,S-FUD,"MULTIPOLYGON (((-114.1701413 51.1087484, -114.1706296 51.108954, -114.1712229 51.1083962, -114.1714165 51.1082142, -114.1709282 51.1080087, -114.1701413 51.1087484)))"
10120 TWELVE MI COULEE RD NW,Non-Residential,TUSCANY,S-FUD,"MULTIPOLYGON (((-114.2558148 51.1424181, -114.2558279 51.1424235, -114.2563837 51.1427109, -114.2573377 51.1431081, -114.257338 51.1419482, -114.255816 51.1419474, -114.2558148 51.1424181)))"
2601 144 AV NE,Residential,STONEY 4,S-FUD,"MULTIPOLYGON (((-113.9999115 51.1824697, -113.9997978 51.1815913, -113.9997079 51.1812853, -113.9988197 51.1812862, -113.9988252 51.1833603, -113.9990722 51.1833599, -113.9998454 51.1833593, -113.9998755 51.1833556, -113.9999052 51.1833508, -113.9999073 51.1830456, -113.9999115 51.1824697)))"
2441 50 AV SE,Non-Residential,VALLEYFIELD,S-FUD,"MULTIPOLYGON (((-114.0020487 51.0082779, -114.0019827 51.0082779, -114.0019988 51.0082874, -114.0020151 51.0082967, -114.0020317 51.0083058, -114.0020485 51.0083148, -114.0020487 51.0082779)))"
8608 METIS TR NE,Residential,SADDLE RIDGE,S-FUD,"MULTIPOLYGON (((-113.9699107 51.1289653, -113.969658 51.1289645, -113.9695708 51.1289642, -113.9685842 51.1289612, -113.9685842 51.1289652, -113.9685842 51.1290461, -113.9685841 51.1292639, -113.9685841 51.1292801, -113.9685841 51.1292855, -113.9685841 51.1295712, -113.9685841 51.1295929, -113.968584 51.1307016, -113.9689216 51.1307025, -113.9695699 51.1307047, -113.969571 51.1307018, -113.9696571 51.1307047, -113.969909 51.130705, -113.9699107 51.1289653)))"
201 4515 45 ST SW,Residential,GLAMORGAN,S-FUD,"MULTIPOLYGON (((-114.1549633 51.0138058, -114.1551067 51.0138047, -114.1551056 51.0125162, -114.1544982 51.0125171, -114.1529349 51.0125873, -114.152935 51.013809, -114.1539861 51.0138069, -114.1549633 51.0138058)))"
202 4515 45 ST SW,Residential,GLAMORGAN,S-FUD,"MULTIPOLYGON (((-114.1549633 51.0138058, -114.1551067 51.0138047, -114.1551056 51.0125162, -114.1544982 51.0125171, -114.1529349 51.0125873, -114.152935 51.013809, -114.1539861 51.0138069, -114.1549633 51.0138058)))"
203 4515 45 ST SW,Residential,GLAMORGAN,S-FUD,"MULTIPOLYGON (((-114.1549633 51.0138058, -114.1551067 51.0138047, -114.1551056 51.0125162, -114.1544982 51.0125171, -114.1529349 51.0125873, -114.152935 51.013809, -114.1539861 51.0138069, -114.1549633 51.0138058)))"
204 4515 45 ST SW,Residential,GLAMORGAN,S-FUD,"MULTIPOLYGON (((-114.1549633 51.0138058, -114.1551067 51.0138047, -114.1551056 51.0125162, -114.1544982 51.0125171, -114.1529349 51.0125873, -114.152935 51.013809, -114.1539861 51.0138069, -114.1549633 51.0138058)))"
205 4515 45 ST SW,Residential,GLAMORGAN,S-FUD,"MULTIPOLYGON (((-114.1549633 51.0138058, -114.1551067 51.0138047, -114.1551056 51.0125162, -114.1544982 51.0125171, -114.1529349 51.0125873, -114.152935 51.013809, -114.1539861 51.0138069, -114.1549633 51.0138058)))"
206 4515 45 ST SW,Residential,GLAMORGAN,S-FUD,"MULTIPOLYGON (((-114.1549633 51.0138058, -114.1551067 51.0138047, -114.1551056 51.0125162, -114.1544982 51.0125171, -114.1529349 51.0125873, -114.152935 51.013809, -114.1539861 51.0138069, -114.1549633 51.0138058)))"
207 4515 45 ST SW,Residential,GLAMORGAN,S-FUD,"MULTIPOLYGON (((-114.1549633 51.0138058, -114.1551067 51.0138047, -114.1551056 51.0125162, -114.1544982 51.0125171, -114.1529349 51.0125873, -114.152935 51.013809, -114.1539861 51.0138069, -114.1549633 51.0138058)))"
208 4515 45 ST SW,Residential,GLAMORGAN,S-FUD,"MULTIPOLYGON (((-114.1549633 51.0138058, -114.1551067 51.0138047, -114.1551056 51.0125162, -114.1544982 51.0125171, -114.1529349 51.0125873, -114.152935 51.013809, -114.1539861 51.0138069, -114.1549633 51.0138058)))"
209 4515 45 ST SW,Residential,GLAMORGAN,S-FUD,"MULTIPOLYGON (((-114.1549633 51.0138058, -114.1551067 51.0138047, -114.1551056 51.0125162, -114.1544982 51.0125171, -114.1529349 51.0125873, -114.152935 51.013809, -114.1539861 51.0138069, -114.1549633 51.0138058)))"
301 4515 45 ST SW,Residential,GLAMORGAN,S-FUD,"MULTIPOLYGON (((-114.1549633 51.0138058, -114.1551067 51.0138047, -114.1551056 51.0125162, -114.1544982 51.0125171, -114.1529349 51.0125873, -114.152935 51.013809, -114.1539861 51.0138069, -114.1549633 51.0138058)))"
302 4515 45 ST SW,Residential,GLAMORGAN,S-FUD,"MULTIPOLYGON (((-114.1549633 51.0138058, -114.1551067 51.0138047, -114.1551056 51.0125162, -114.1544982 51.0125171, -114.1529349 51.0125873, -114.152935 51.013809, -114.1539861 51.0138069, -114.1549633 51.0138058)))"
303 4515 45 ST SW,Residential,GLAMORGAN,S-FUD,"MULTIPOLYGON (((-114.1549633 51.0138058, -114.1551067 51.0138047, -114.1551056 51.0125162, -114.1544982 51.0125171, -114.1529349 51.0125873, -114.152935 51.013809, -114.1539861 51.0138069, -114.1549633 51.0138058)))"
304 4515 45 ST SW,Residential,GLAMORGAN,S-FUD,"MULTIPOLYGON (((-114.1549633 51.0138058, -114.1551067 51.0138047, -114.1551056 51.0125162, -114.1544982 51.0125171, -114.1529349 51.0125873, -114.152935 51.013809, -114.1539861 51.0138069, -114.1549633 51.0138058)))"
305 4515 45 ST SW,Residential,GLAMORGAN,S-FUD,"MULTIPOLYGON (((-114.1549633 51.0138058, -114.1551067 51.0138047, -114.1551056 51.0125162, -114.1544982 51.0125171, -114.1529349 51.0125873, -114.152935 51.013809, -114.1539861 51.0138069, -114.1549633 51.0138058)))"
306 4515 45 ST SW,Residential,GLAMORGAN,S-FUD,"MULTIPOLYGON (((-114.1549633 51.0138058, -114.1551067 51.0138047, -114.1551056 51.0125162, -114.1544982 51.0125171, -114.1529349 51.0125873, -114.152935 51.013809, -114.1539861 51.0138069, -114.1549633 51.0138058)))"
307 4515 45 ST SW,Residential,GLAMORGAN,S-FUD,"MULTIPOLYGON (((-114.1549633 51.0138058, -114.1551067 51.0138047, -114.1551056 51.0125162, -114.1544982 51.0125171, -114.1529349 51.0125873, -114.152935 51.013809, -114.1539861 51.0138069, -114.1549633 51.0138058)))"
308 4515 45 ST SW,Residential,GLAMORGAN,S-FUD,"MULTIPOLYGON (((-114.1549633 51.0138058, -114.1551067 51.0138047, -114.1551056 51.0125162, -114.1544982 51.0125171, -114.1529349 51.0125873, -114.152935 51.013809, -114.1539861 51.0138069, -114.1549633 51.0138058)))"
409 4515 45 ST SW,Residential,GLAMORGAN,S-FUD,"MULTIPOLYGON (((-114.1549633 51.0138058, -114.1551067 51.0138047, -114.1551056 51.0125162, -114.1544982 51.0125171, -114.1529349 51.0125873, -114.152935 51.013809, -114.1539861 51.0138069, -114.1549633 51.0138058)))"
408 4515 45 ST SW,Residential,GLAMORGAN,S-FUD,"MULTIPOLYGON (((-114.1549633 51.0138058, -114.1551067 51.0138047, -114.1551056 51.0125162, -114.1544982 51.0125171, -114.1529349 51.0125873, -114.152935 51.013809, -114.1539861 51.0138069, -114.1549633 51.0138058)))"
407 4515 45 ST SW,Residential,GLAMORGAN,S-FUD,"MULTIPOLYGON (((-114.1549633 51.0138058, -114.1551067 51.0138047, -114.1551056 51.0125162, -114.1544982 51.0125171, -114.1529349 51.0125873, -114.152935 51.013809, -114.1539861 51.0138069, -114.1549633 51.0138058)))"
406 4515 45 ST SW,Residential,GLAMORGAN,S-FUD,"MULTIPOLYGON (((-114.1549633 51.0138058, -114.1551067 51.0138047, -114.1551056 51.0125162, -114.1544982 51.0125171, -114.1529349 51.0125873, -114.152935 51.013809, -114.1539861 51.0138069, -114.1549633 51.0138058)))"
405 4515 45 ST SW,Residential,GLAMORGAN,S-FUD,"MULTIPOLYGON (((-114.1549633 51.0138058, -114.1551067 51.0138047, -114.1551056 51.0125162, -114.1544982 51.0125171, -114.1529349 51.0125873, -114.152935 51.013809, -114.1539861 51.0138069, -114.1549633 51.0138058)))"
404 4515 45 ST SW,Residential,GLAMORGAN,S-FUD,"MULTIPOLYGON (((-114.1549633 51.0138058, -114.1551067 51.0138047, -114.1551056 51.0125162, -114.1544982 51.0125171, -114.1529349 51.0125873, -114.152935 51.013809, -114.1539861 51.0138069, -114.1549633 51.0138058)))"
403 4515 45 ST SW,Residential,GLAMORGAN,S-FUD,"MULTIPOLYGON (((-114.1549633 51.0138058, -114.1551067 51.0138047, -114.1551056 51.0125162, -114.1544982 51.0125171, -114.1529349 51.0125873, -114.152935 51.013809, -114.1539861 51.0138069, -114.1549633 51.0138058)))"
402 4515 45 ST SW,Residential,GLAMORGAN,S-FUD,"MULTIPOLYGON (((-114.1549633 51.0138058, -114.1551067 51.0138047, -114.1551056 51.0125162, -114.1544982 51.0125171, -114.1529349 51.0125873, -114.152935 51.013809, -114.1539861 51.0138069, -114.1549633 51.0138058)))"
401 4515 45 ST SW,Residential,GLAMORGAN,S-FUD,"MULTIPOLYGON (((-114.1549633 51.0138058, -114.1551067 51.0138047, -114.1551056 51.0125162, -114.1544982 51.0125171, -114.1529349 51.0125873, -114.152935 51.013809, -114.1539861 51.0138069, -114.1549633 51.0138058)))"
501 4550 47 ST SW,Residential,GLAMORGAN,S-FUD,"MULTIPOLYGON (((-114.1549633 51.0138058, -114.1551067 51.0138047, -114.1551056 51.0125162, -114.1544982 51.0125171, -114.1529349 51.0125873, -114.152935 51.013809, -114.1539861 51.0138069, -114.1549633 51.0138058)))"
502 4550 47 ST SW,Residential,GLAMORGAN,S-FUD,"MULTIPOLYGON (((-114.1549633 51.0138058, -114.1551067 51.0138047, -114.1551056 51.0125162, -114.1544982 51.0125171, -114.1529349 51.0125873, -114.152935 51.013809, -114.1539861 51.0138069, -114.1549633 51.0138058)))"
503 4550 47 ST SW,Residential,GLAMORGAN,S-FUD,"MULTIPOLYGON (((-114.1549633 51.0138058, -114.1551067 51.0138047, -114.1551056 51.0125162, -114.1544982 51.0125171, -114.1529349 51.0125873, -114.152935 51.013809, -114.1539861 51.0138069, -114.1549633 51.0138058)))"
504 4550 47 ST SW,Residential,GLAMORGAN,S-FUD,"MULTIPOLYGON (((-114.1549633 51.0138058, -114.1551067 51.0138047, -114.1551056 51.0125162, -114.1544982 51.0125171, -114.1529349 51.0125873, -114.152935 51.013809, -114.1539861 51.0138069, -114.1549633 51.0138058)))"
505 4550 47 ST SW,Residential,GLAMORGAN,S-FUD,"MULTIPOLYGON (((-114.1549633 51.0138058, -114.1551067 51.0138047, -114.1551056 51.0125162, -114.1544982 51.0125171, -114.1529349 51.0125873, -114.152935 51.013809, -114.1539861 51.0138069, -114.1549633 51.0138058)))"
506 4550 47 ST SW,Residential,GLAMORGAN,S-FUD,"MULTIPOLYGON (((-114.1549633 51.0138058, -114.1551067 51.0138047, -114.1551056 51.0125162, -114.1544982 51.0125171, -114.1529349 51.0125873, -114.152935 51.013809, -114.1539861 51.0138069, -114.1549633 51.0138058)))"
607 4740 46 AV SW,Residential,GLAMORGAN,S-FUD,"MULTIPOLYGON (((-114.1549633 51.0138058, -114.1551067 51.0138047, -114.1551056 51.0125162, -114.1544982 51.0125171, -114.1529349 51.0125873, -114.152935 51.013809, -114.1539861 51.0138069, -114.1549633 51.0138058)))"
606 4740 46 AV SW,Residential,GLAMORGAN,S-FUD,"MULTIPOLYGON (((-114.1549633 51.0138058, -114.1551067 51.0138047, -114.1551056 51.0125162, -114.1544982 51.0125171, -114.1529349 51.0125873, -114.152935 51.013809, -114.1539861 51.0138069, -114.1549633 51.0138058)))"
605 4740 46 AV SW,Residential,GLAMORGAN,S-FUD,"MULTIPOLYGON (((-114.1549633 51.0138058, -114.1551067 51.0138047, -114.1551056 51.0125162, -114.1544982 51.0125171, -114.1529349 51.0125873, -114.152935 51.013809, -114.1539861 51.0138069, -114.1549633 51.0138058)))"
601 4740 46 AV SW,Residential,GLAMORGAN,S-FUD,"MULTIPOLYGON (((-114.1549633 51.0138058, -114.1551067 51.0138047, -114.1551056 51.0125162, -114.1544982 51.0125171, -114.1529349 51.0125873, -114.152935 51.013809, -114.1539861 51.0138069, -114.1549633 51.0138058)))"
602 4740 46 AV SW,Residential,GLAMORGAN,S-FUD,"MULTIPOLYGON (((-114.1549633 51.0138058, -114.1551067 51.0138047, -114.1551056 51.0125162, -114.1544982 51.0125171, -114.1529349 51.0125873, -114.152935 51.013809, -114.1539861 51.0138069, -114.1549633 51.0138058)))"
603 4740 46 AV SW,Residential,GLAMORGAN,S-FUD,"MULTIPOLYGON (((-114.1549633 51.0138058, -114.1551067 51.0138047, -114.1551056 51.0125162, -114.1544982 51.0125171, -114.1529349 51.0125873, -114.152935 51.013809, -114.1539861 51.0138069, -114.1549633 51.0138058)))"
604 4740 46 AV SW,Residential,GLAMORGAN,S-FUD,"MULTIPOLYGON (((-114.1549633 51.0138058, -114.1551067 51.0138047, -114.1551056 51.0125162, -114.1544982 51.0125171, -114.1529349 51.0125873, -114.152935 51.013809, -114.1539861 51.0138069, -114.1549633 51.0138058)))"
706 4740 46 AV SW,Residential,GLAMORGAN,S-FUD,"MULTIPOLYGON (((-114.1549633 51.0138058, -114.1551067 51.0138047, -114.1551056 51.0125162, -114.1544982 51.0125171, -114.1529349 51.0125873, -114.152935 51.013809, -114.1539861 51.0138069, -114.1549633 51.0138058)))"
705 4740 46 AV SW,Residential,GLAMORGAN,S-FUD,"MULTIPOLYGON (((-114.1549633 51.0138058, -114.1551067 51.0138047, -114.1551056 51.0125162, -114.1544982 51.0125171, -114.1529349 51.0125873, -114.152935 51.013809, -114.1539861 51.0138069, -114.1549633 51.0138058)))"
704 4740 46 AV SW,Residential,GLAMORGAN,S-FUD,"MULTIPOLYGON (((-114.1549633 51.0138058, -114.1551067 51.0138047, -114.1551056 51.0125162, -114.1544982 51.0125171, -114.1529349 51.0125873, -114.152935 51.013809, -114.1539861 51.0138069, -114.1549633 51.0138058)))"
703 4740 46 AV SW,Residential,GLAMORGAN,S-FUD,"MULTIPOLYGON (((-114.1549633 51.0138058, -114.1551067 51.0138047, -114.1551056 51.0125162, -114.1544982 51.0125171, -114.1529349 51.0125873, -114.152935 51.013809, -114.1539861 51.0138069, -114.1549633 51.0138058)))"
702 4740 46 AV SW,Residential,GLAMORGAN,S-FUD,"MULTIPOLYGON (((-114.1549633 51.0138058, -114.1551067 51.0138047, -114.1551056 51.0125162, -114.1544982 51.0125171, -114.1529349 51.0125873, -114.152935 51.013809, -114.1539861 51.0138069, -114.1549633 51.0138058)))"
701 4740 46 AV SW,Residential,GLAMORGAN,S-FUD,"MULTIPOLYGON (((-114.1549633 51.0138058, -114.1551067 51.0138047, -114.1551056 51.0125162, -114.1544982 51.0125171, -114.1529349 51.0125873, -114.152935 51.013809, -114.1539861 51.0138069, -114.1549633 51.0138058)))"
123 4545 45 ST SW,Residential,GLAMORGAN,S-FUD,"MULTIPOLYGON (((-114.1549633 51.0138058, -114.1551067 51.0138047, -114.1551056 51.0125162, -114.1544982 51.0125171, -114.1529349 51.0125873, -114.152935 51.013809, -114.1539861 51.0138069, -114.1549633 51.0138058)))"
122 4545 45 ST SW,Residential,GLAMORGAN,S-FUD,"MULTIPOLYGON (((-114.1549633 51.0138058, -114.1551067 51.0138047, -114.1551056 51.0125162, -114.1544982 51.0125171, -114.1529349 51.0125873, -114.152935 51.013809, -114.1539861 51.0138069, -114.1549633 51.0138058)))"
121 4545 45 ST SW,Residential,GLAMORGAN,S-FUD,"MULTIPOLYGON (((-114.1549633 51.0138058, -114.1551067 51.0138047, -114.1551056 51.0125162, -114.1544982 51.0125171, -114.1529349 51.0125873, -114.152935 51.013809, -114.1539861 51.0138069, -114.1549633 51.0138058)))"
105 4545 45 ST SW,Residential,GLAMORGAN,S-FUD,"MULTIPOLYGON (((-114.1549633 51.0138058, -114.1551067 51.0138047, -114.1551056 51.0125162, -114.1544982 51.0125171, -114.1529349 51.0125873, -114.152935 51.013809, -114.1539861 51.0138069, -114.1549633 51.0138058)))"
106 4545 45 ST SW,Residential,GLAMORGAN,S-FUD,"MULTIPOLYGON (((-114.1549633 51.0138058, -114.1551067 51.0138047, -114.1551056 51.0125162, -114.1544982 51.0125171, -114.1529349 51.0125873, -114.152935 51.013809, -114.1539861 51.0138069, -114.1549633 51.0138058)))"
107 4545 45 ST SW,Residential,GLAMORGAN,S-FUD,"MULTIPOLYGON (((-114.1549633 51.0138058, -114.1551067 51.0138047, -114.1551056 51.0125162, -114.1544982 51.0125171, -114.1529349 51.0125873, -114.152935 51.013809, -114.1539861 51.0138069, -114.1549633 51.0138058)))"
124 4545 45 ST SW,Residential,GLAMORGAN,S-FUD,"MULTIPOLYGON (((-114.1549633 51.0138058, -114.1551067 51.0138047, -114.1551056 51.0125162, -114.1544982 51.0125171, -114.1529349 51.0125873, -114.152935 51.013809, -114.1539861 51.0138069, -114.1549633 51.0138058)))"
117 4545 45 ST SW,Residential,GLAMORGAN,S-FUD,"MULTIPOLYGON (((-114.1549633 51.0138058, -114.1551067 51.0138047, -114.1551056 51.0125162, -114.1544982 51.0125171, -114.1529349 51.0125873, -114.152935 51.013809, -114.1539861 51.0138069, -114.1549633 51.0138058)))"
127 4545 45 ST SW,Residential,GLAMORGAN,S-FUD,"MULTIPOLYGON (((-114.1549633 51.0138058, -114.1551067 51.0138047, -114.1551056 51.0125162, -114.1544982 51.0125171, -114.1529349 51.0125873, -114.152935 51.013809, -114.1539861 51.0138069, -114.1549633 51.0138058)))"
115 4545 45 ST SW,Residential,GLAMORGAN,S-FUD,"MULTIPOLYGON (((-114.1549633 51.0138058, -114.1551067 51.0138047, -114.1551056 51.0125162, -114.1544982 51.0125171, -114.1529349 51.0125873, -114.152935 51.013809, -114.1539861 51.0138069, -114.1549633 51.0138058)))"
129 4545 45 ST SW,Residential,GLAMORGAN,S-FUD,"MULTIPOLYGON (((-114.1549633 51.0138058, -114.1551067 51.0138047, -114.1551056 51.0125162, -114.1544982 51.0125171, -114.1529349 51.0125873, -114.152935 51.013809, -114.1539861 51.0138069, -114.1549633 51.0138058)))"
130 4545 45 ST SW,Residential,GLAMORGAN,S-FUD,"MULTIPOLYGON (((-114.1549633 51.0138058, -114.1551067 51.0138047, -114.1551056 51.0125162, -114.1544982 51.0125171, -114.1529349 51.0125873, -114.152935 51.013809, -114.1539861 51.0138069, -114.1549633 51.0138058)))"
114 4545 45 ST SW,Residential,GLAMORGAN,S-FUD,"MULTIPOLYGON (((-114.1549633 51.0138058, -114.1551067 51.0138047, -114.1551056 51.0125162, -114.1544982 51.0125171, -114.1529349 51.0125873, -114.152935 51.013809, -114.1539861 51.0138069, -114.1549633 51.0138058)))"
113 4545 45 ST SW,Residential,GLAMORGAN,S-FUD,"MULTIPOLYGON (((-114.1549633 51.0138058, -114.1551067 51.0138047, -114.1551056 51.0125162, -114.1544982 51.0125171, -114.1529349 51.0125873, -114.152935 51.013809, -114.1539861 51.0138069, -114.1549633 51.0138058)))"
131 4545 45 ST SW,Residential,GLAMORGAN,S-FUD,"MULTIPOLYGON (((-114.1549633 51.0138058, -114.1551067 51.0138047, -114.1551056 51.0125162, -114.1544982 51.0125171, -114.1529349 51.0125873, -114.152935 51.013809, -114.1539861 51.0138069, -114.1549633 51.0138058)))"
111 4545 45 ST SW,Residential,GLAMORGAN,S-FUD,"MULTIPOLYGON (((-114.1549633 51.0138058, -114.1551067 51.0138047, -114.1551056 51.0125162, -114.1544982 51.0125171, -114.1529349 51.0125873, -114.152935 51.013809, -114.1539861 51.0138069, -114.1549633 51.0138058)))"
101 4545 45 ST SW,Residential,GLAMORGAN,S-FUD,"MULTIPOLYGON (((-114.1549633 51.0138058, -114.1551067 51.0138047, -114.1551056 51.0125162, -114.1544982 51.0125171, -114.1529349 51.0125873, -114.152935 51.013809, -114.1539861 51.0138069, -114.1549633 51.0138058)))"
108 4545 45 ST SW,Residential,GLAMORGAN,S-FUD,"MULTIPOLYGON (((-114.1549633 51.0138058, -114.1551067 51.0138047, -114.1551056 51.0125162, -114.1544982 51.0125171, -114.1529349 51.0125873, -114.152935 51.013809, -114.1539861 51.0138069, -114.1549633 51.0138058)))"
125 4545 45 ST SW,Residential,GLAMORGAN,S-FUD,"MULTIPOLYGON (((-114.1549633 51.0138058, -114.1551067 51.0138047, -114.1551056 51.0125162, -114.1544982 51.0125171, -114.1529349 51.0125873, -114.152935 51.013809, -114.1539861 51.0138069, -114.1549633 51.0138058)))"
118 4545 45 ST SW,Residential,GLAMORGAN,S-FUD,"MULTIPOLYGON (((-114.1549633 51.0138058, -114.1551067 51.0138047, -114.1551056 51.0125162, -114.1544982 51.0125171, -114.1529349 51.0125873, -114.152935 51.013809, -114.1539861 51.0138069, -114.1549633 51.0138058)))"
128 4545 45 ST SW,Residential,GLAMORGAN,S-FUD,"MULTIPOLYGON (((-114.1549633 51.0138058, -114.1551067 51.0138047, -114.1551056 51.0125162, -114.1544982 51.0125171, -114.1529349 51.0125873, -114.152935 51.013809, -114.1539861 51.0138069, -114.1549633 51.0138058)))"
126 4545 45 ST SW,Residential,GLAMORGAN,S-FUD,"MULTIPOLYGON (((-114.1549633 51.0138058, -114.1551067 51.0138047, -114.1551056 51.0125162, -114.1544982 51.0125171, -114.1529349 51.0125873, -114.152935 51.013809, -114.1539861 51.0138069, -114.1549633 51.0138058)))"
120 4545 45 ST SW,Residential,GLAMORGAN,S-FUD,"MULTIPOLYGON (((-114.1549633 51.0138058, -114.1551067 51.0138047, -114.1551056 51.0125162, -114.1544982 51.0125171, -114.1529349 51.0125873, -114.152935 51.013809, -114.1539861 51.0138069, -114.1549633 51.0138058)))"
119 4545 45 ST SW,Residential,GLAMORGAN,S-FUD,"MULTIPOLYGON (((-114.1549633 51.0138058, -114.1551067 51.0138047, -114.1551056 51.0125162, -114.1544982 51.0125171, -114.1529349 51.0125873, -114.152935 51.013809, -114.1539861 51.0138069, -114.1549633 51.0138058)))"
116 4545 45 ST SW,Residential,GLAMORGAN,S-FUD,"MULTIPOLYGON (((-114.1549633 51.0138058, -114.1551067 51.0138047, -114.1551056 51.0125162, -114.1544982 51.0125171, -114.1529349 51.0125873, -114.152935 51.013809, -114.1539861 51.0138069, -114.1549633 51.0138058)))"
132 4545 45 ST SW,Residential,GLAMORGAN,S-FUD,"MULTIPOLYGON (((-114.1549633 51.0138058, -114.1551067 51.0138047, -114.1551056 51.0125162, -114.1544982 51.0125171, -114.1529349 51.0125873, -114.152935 51.013809, -114.1539861 51.0138069, -114.1549633 51.0138058)))"
103 4545 45 ST SW,Residential,GLAMORGAN,S-FUD,"MULTIPOLYGON (((-114.1549633 51.0138058, -114.1551067 51.0138047, -114.1551056 51.0125162, -114.1544982 51.0125171, -114.1529349 51.0125873, -114.152935 51.013809, -114.1539861 51.0138069, -114.1549633 51.0138058)))"
104 4545 45 ST SW,Residential,GLAMORGAN,S-FUD,"MULTIPOLYGON (((-114.1549633 51.0138058, -114.1551067 51.0138047, -114.1551056 51.0125162, -114.1544982 51.0125171, -114.1529349 51.0125873, -114.152935 51.013809, -114.1539861 51.0138069, -114.1549633 51.0138058)))"
110 4545 45 ST SW,Residential,GLAMORGAN,S-FUD,"MULTIPOLYGON (((-114.1549633 51.0138058, -114.1551067 51.0138047, -114.1551056 51.0125162, -114.1544982 51.0125171, -114.1529349 51.0125873, -114.152935 51.013809, -114.1539861 51.0138069, -114.1549633 51.0138058)))"
112 4545 45 ST SW,Residential,GLAMORGAN,S-FUD,"MULTIPOLYGON (((-114.1549633 51.0138058, -114.1551067 51.0138047, -114.1551056 51.0125162, -114.1544982 51.0125171, -114.1529349 51.0125873, -114.152935 51.013809, -114.1539861 51.0138069, -114.1549633 51.0138058)))"
102 4545 45 ST SW,Residential,GLAMORGAN,S-FUD,"MULTIPOLYGON (((-114.1549633 51.0138058, -114.1551067 51.0138047, -114.1551056 51.0125162, -114.1544982 51.0125171, -114.1529349 51.0125873, -114.152935 51.013809, -114.1539861 51.0138069, -114.1549633 51.0138058)))"
109 4545 45 ST SW,Residential,GLAMORGAN,S-FUD,"MULTIPOLYGON (((-114.1549633 51.0138058, -114.1551067 51.0138047, -114.1551056 51.0125162, -114.1544982 51.0125171, -114.1529349 51.0125873, -114.152935 51.013809, -114.1539861 51.0138069, -114.1549633 51.0138058)))"
5828 MORLEY TR NW,Residential,DALHOUSIE,S-FUD,"MULTIPOLYGON (((-114.1711181 51.1091597, -114.1716064 51.1093652, -114.1721994 51.108807, -114.1717113 51.1086016, -114.1711181 51.1091597)))"
4515 88 AV NE,Residential,SADDLE RIDGE,S-FUD,"MULTIPOLYGON (((-113.969909 51.130705, -113.9696571 51.1307047, -113.969571 51.1307018, -113.9695699 51.1307047, -113.9689216 51.1307025, -113.968584 51.1307016, -113.9685839 51.1307565, -113.9685839 51.1312059, -113.9685839 51.1312275, -113.9685837 51.1315359, -113.9685837 51.131552, -113.9685837 51.1315573, -113.9685834 51.1318764, -113.9685834 51.131898, -113.9685833 51.132042, -113.9685833 51.1320636, -113.968583 51.1323407, -113.968583 51.132357, -113.9685829 51.1324431, -113.9695697 51.1324436, -113.9696569 51.1324436, -113.9699067 51.1324438, -113.969909 51.130705)))"
5519 BAROC RD NW,Residential,DALHOUSIE,S-FUD,"MULTIPOLYGON (((-114.1661282 51.1070586, -114.1664898 51.1072109, -114.1670347 51.1066989, -114.1666247 51.1065921, -114.1661282 51.1070586)))"
13515 84 ST SE,Residential,RESIDUAL WARD 12 - SUB AREA 12B,S-FUD,"MULTIPOLYGON (((-113.9122466 50.9360096, -113.9165484 50.9360151, -113.9165421 50.9356649, -113.9176693 50.9347649, -113.9152512 50.9298286, -113.9122508 50.9296509, -113.9122506 50.9310739, -113.9121176 50.9310738, -113.9121144 50.9321569, -113.9122498 50.9321569, -113.9122466 50.9360096)))"
10007 2 AV SW,Residential,RESIDUAL WARD 6,S-FUD,"MULTIPOLYGON (((-114.2312105 51.0798352, -114.2312067 51.0808936, -114.2316137 51.081332, -114.2326417 51.0813308, -114.2326383 51.0745915, -114.2312035 51.0745931, -114.2312105 51.0798352)))"
13420 52 ST SE,Non-Residential,EAST SHEPARD INDUSTRIAL,S-FUD,"MULTIPOLYGON (((-113.9578061 50.9287204, -113.9573008 50.9287218, -113.9572235 50.9287217, -113.9524813 50.9287337, -113.951699 50.9287357, -113.9518856 50.9287713, -113.9520705 50.9288105, -113.9522534 50.9288532, -113.9524342 50.9288993, -113.9526127 50.9289488, -113.9527888 50.9290016, -113.9529624 50.9290578, -113.9531331 50.9291172, -113.953301 50.9291798, -113.9534658 50.9292455, -113.9536274 50.9293143, -113.9537857 50.9293861, -113.9539405 50.9294609, -113.9540917 50.9295386, -113.9542391 50.9296191, -113.9543826 50.9297024, -113.955241 50.9302154, -113.9553637 50.9302867, -113.9554896 50.9303559, -113.9556184 50.9304228, -113.9557502 50.9304875, -113.9558847 50.9305498, -113.956022 50.9306097, -113.9561618 50.9306672, -113.9563041 50.9307222, -113.9564488 50.9307747, -113.9565958 50.9308247, -113.9567449 50.930872, -113.9568961 50.9309167, -113.9570491 50.9309587, -113.957204 50.9309981, -113.9573605 50.9310347, -113.9575186 50.9310685, -113.9576465 50.931094, -113.9577749 50.9311184, -113.9579382 50.9311327, -113.9579617 50.9311338, -113.9579853 50.9311327, -113.9579844 50.9287199, -113.9578061 50.9287204)))"
13420 52 ST SE,Non-Residential,EAST SHEPARD INDUSTRIAL,S-FUD,"MULTIPOLYGON (((-113.9578061 50.9287204, -113.9573008 50.9287218, -113.9572235 50.9287217, -113.9524813 50.9287337, -113.951699 50.9287357, -113.9518856 50.9287713, -113.9520705 50.9288105, -113.9522534 50.9288532, -113.9524342 50.9288993, -113.9526127 50.9289488, -113.9527888 50.9290016, -113.9529624 50.9290578, -113.9531331 50.9291172, -113.953301 50.9291798, -113.9534658 50.9292455, -113.9536274 50.9293143, -113.9537857 50.9293861, -113.9539405 50.9294609, -113.9540917 50.9295386, -113.9542391 50.9296191, -113.9543826 50.9297024, -113.955241 50.9302154, -113.9553637 50.9302867, -113.9554896 50.9303559, -113.9556184 50.9304228, -113.9557502 50.9304875, -113.9558847 50.9305498, -113.956022 50.9306097, -113.9561618 50.9306672, -113.9563041 50.9307222, -113.9564488 50.9307747, -113.9565958 50.9308247, -113.9567449 50.930872, -113.9568961 50.9309167, -113.9570491 50.9309587, -113.957204 50.9309981, -113.9573605 50.9310347, -113.9575186 50.9310685, -113.9576465 50.931094, -113.9577749 50.9311184, -113.9579382 50.9311327, -113.9579617 50.9311338, -113.9579853 50.9311327, -113.9579844 50.9287199, -113.9578061 50.9287204)))"
7520 74 AV SE,Farm Land,GREAT PLAINS,S-FUD,"MULTIPOLYGON (((-113.9239508 50.9869803, -113.923582 50.9896768, -113.9235604 50.9941685, -113.9235593 50.9942137, -113.9235603 50.9942137, -113.926591 50.9942116, -113.926625 50.9869786, -113.9239508 50.9869803)))"
9877 2 AV SW,Residential,RESIDUAL WARD 6,S-FUD,"MULTIPOLYGON (((-114.2304949 51.079571, -114.2308703 51.0805312, -114.2312067 51.0808936, -114.2312105 51.0798352, -114.2312035 51.0745931, -114.2326383 51.0745915, -114.2339992 51.0745901, -114.2339992 51.0743162, -114.2285585 51.074322, -114.2285126 51.0745658, -114.2304949 51.079571)))"
4505R 37 ST NW,Residential,VARSITY,S-FUD,"MULTIPOLYGON (((-114.1418589 51.0924292, -114.1435526 51.0924336, -114.1435525 51.0920777, -114.1434221 51.0920773, -114.1428622 51.0920758, -114.1428605 51.0923223, -114.1424255 51.0923212, -114.1424272 51.0920746, -114.1417535 51.0920728, -114.1414047 51.092072, -114.1413394 51.0920718, -114.1413395 51.0921271, -114.1416473 51.0923579, -114.1418589 51.0924292)))"
1625 CENTRE AV NE,Non-Residential,BRIDGELAND/RIVERSIDE,S-FUD,"MULTIPOLYGON (((-114.0210277 51.051286, -114.0210534 51.0513286, -114.0210838 51.0513756, -114.0210868 51.05139, -114.0210778 51.0514144, -114.0210905 51.051448, -114.0211137 51.0514982, -114.0211251 51.0515301, -114.0211302 51.0515633, -114.021135 51.0515953, -114.0211474 51.0516251, -114.0211608 51.0516541, -114.0211838 51.0516878, -114.0211765 51.05172, -114.021191 51.0517456, -114.0211872 51.0517624, -114.0211807 51.0517865, -114.0211877 51.0517997, -114.0212268 51.0518306, -114.0212323 51.0518659, -114.0212426 51.0518886, -114.021255 51.051918, -114.0212667 51.0519336, -114.0212705 51.051966, -114.0212815 51.0519888, -114.0212932 51.0520181, -114.0213119 51.0520576, -114.0213325 51.0520967, -114.0213441 51.0521244, -114.0213501 51.0521553, -114.0213654 51.0521995, -114.0213787 51.0522396, -114.021376 51.0522565, -114.0213961 51.0522874, -114.0213995 51.0523203, -114.0214059 51.0523338, -114.0215577 51.0523335, -114.0216632 51.0523333, -114.0232826 51.0523303, -114.0232822 51.0522399, -114.0234561 51.0522396, -114.0234522 51.0512815, -114.0234522 51.0512808, -114.0234495 51.0512809, -114.0210277 51.051286)))"
2725 85 AV SE,Residential,SHEPARD INDUSTRIAL,S-FUD,"MULTIPOLYGON (((-113.9969409 50.9764006, -113.9969408 50.9767401, -113.997224 50.9767394, -113.997224 50.9763998, -113.9969409 50.9764006)))"
10511 15 ST SE,Non-Residential,MAPLE RIDGE,S-FUD,"MULTIPOLYGON (((-114.0254417 50.9608125, -114.0258474 50.9608146, -114.0276122 50.9608241, -114.0276159 50.9605502, -114.0276239 50.9599474, -114.0261162 50.9591722, -114.024812 50.9591652, -114.0246331 50.9591642, -114.0245475 50.9591638, -114.0244067 50.959163, -114.0244062 50.9591747, -114.0244647 50.9592914, -114.0245639 50.9594683, -114.0245984 50.9595359, -114.0246905 50.9597062, -114.0247815 50.9598747, -114.0247924 50.9599274, -114.0249036 50.9600938, -114.0250149 50.9602602, -114.0251058 50.9604306, -114.0251898 50.9606023, -114.0252701 50.9607705, -114.0252898 50.9608117, -114.0253979 50.9608122, -114.0254417 50.9608125)))"
4505R 37 ST NW,Residential,VARSITY,S-FUD,"MULTIPOLYGON (((-114.1413395 51.0921271, -114.1413395 51.0923214, -114.1429755 51.0932717, -114.1431551 51.0932716, -114.1430961 51.0932373, -114.1430959 51.0926461, -114.1435527 51.0926473, -114.1435526 51.0924336, -114.1418589 51.0924292, -114.1416473 51.0923579, -114.1413395 51.0921271)))"
1625 CENTRE AV NE,Non-Residential,BRIDGELAND/RIVERSIDE,S-FUD,"MULTIPOLYGON (((-114.020774 51.0512866, -114.0211947 51.0523342, -114.0212305 51.0523341, -114.0212295 51.0523287, -114.0212025 51.0522931, -114.0212015 51.0522639, -114.0211945 51.0522443, -114.02118 51.0522104, -114.021155 51.0521305, -114.0211314 51.0520857, -114.0211314 51.0520548, -114.0211154 51.0520138, -114.0211042 51.0519715, -114.0210797 51.0519511, -114.0210816 51.0519232, -114.0210668 51.0518886, -114.02105 51.0518581, -114.021029 51.0518254, -114.0210334 51.0518014, -114.0210198 51.0517644, -114.020987 51.0517416, -114.0209933 51.0517173, -114.0209836 51.0516869, -114.0209838 51.0516705, -114.0209751 51.051637, -114.0209563 51.051574, -114.0209189 51.0514848, -114.0208932 51.051418, -114.0208774 51.0513754, -114.0208579 51.0513326, -114.0208285 51.0512864, -114.020774 51.0512866)))"
1221A 128 AV NE,Farm Land,STONEY 4,S-FUD,"MULTIPOLYGON (((-114.036483 51.1688354, -114.0364834 51.1676654, -114.0364847 51.1650804, -114.0364849 51.1645396, -114.0364854 51.163434, -114.0364856 51.1630742, -114.0364851 51.1627143, -114.0359757 51.1637145, -114.0359029 51.1638554, -114.035828 51.1639959, -114.035751 51.164136, -114.0356719 51.1642756, -114.0355908 51.1644147, -114.0355075 51.1645533, -114.0354222 51.1646915, -114.0353349 51.1648291, -114.0352455 51.1649662, -114.0351541 51.1651028, -114.0350606 51.1652388, -114.0349651 51.1653743, -114.0348676 51.1655092, -114.0347681 51.1656436, -114.0346666 51.1657773, -114.0345631 51.1659105, -114.0344576 51.166043, -114.0343501 51.166175, -114.0342407 51.1663062, -114.0341294 51.1664369, -114.034016 51.1665669, -114.0339008 51.1666962, -114.0337836 51.1668248, -114.0336646 51.1669527, -114.0335436 51.1670799, -114.0334207 51.1672064, -114.033296 51.1673322, -114.0331693 51.1674573, -114.0330409 51.1675816, -114.0329105 51.1677051, -114.0327784 51.1678279, -114.0326444 51.1679499, -114.0325428 51.1680401, -114.032311 51.1682428, -114.0320741 51.1684432, -114.0318322 51.1686413, -114.0315854 51.1688369, -114.0318042 51.1688368, -114.032032 51.1688362, -114.0335892 51.1688364, -114.036483 51.1688354)))"
13200 ROCKY RIDGE RD NW,Non-Residential,RESIDUAL WARD 1 - SUB AREA 1K,S-FUD,"MULTIPOLYGON (((-114.2226186 51.175907, -114.234107 51.1759068, -114.234105 51.1687034, -114.2341052 51.1686947, -114.2336278 51.1686943, -114.2226115 51.168693, -114.2226186 51.175907)))"
6815 40 ST NE,Non-Residential,SADDLE RIDGE INDUSTRIAL,S-FUD,"MULTIPOLYGON (((-113.9763624 51.1142459, -113.9789372 51.1142474, -113.9789384 51.1133424, -113.9764277 51.1133414, -113.9763624 51.1133824, -113.9763624 51.1142459)))"
15110 69 ST SW,Farm Land,RESIDUAL WARD 13 - SUB AREA 13C,S-FUD,"MULTIPOLYGON (((-114.1749831 50.9167495, -114.1864167 50.9167687, -114.1864253 50.9140478, -114.1749895 50.9140462, -114.1749831 50.9167495)))"
5510 170 AV SW,Residential,RESIDUAL WARD 13 - SUB AREA 13F,S-FUD,"MULTIPOLYGON (((-114.1635674 50.9031646, -114.166427 50.9031696, -114.1664282 50.8995485, -114.1635702 50.8995433, -114.1635674 50.9031646)))"
1644 MEMORIAL DR NE,Non-Residential,BRIDGELAND/RIVERSIDE,S-FUD,"MULTIPOLYGON (((-114.0215667 51.0485743, -114.0215682 51.048758, -114.0229496 51.0487438, -114.0229505 51.0487163, -114.0229552 51.0485611, -114.0231702 51.0485592, -114.0231652 51.0485344, -114.0230954 51.0481897, -114.0229657 51.0482165, -114.0219608 51.0484247, -114.0215667 51.0485743)))"
5535 BAROC RD NW,Residential,DALHOUSIE,S-FUD,"MULTIPOLYGON (((-114.1672128 51.1075163, -114.1676215 51.1076875, -114.1683115 51.1070389, -114.1678546 51.1069124, -114.1672128 51.1075163)))"
7404R GLENMORE TR SE,Farm Land,GREAT PLAINS,S-FUD,"MULTIPOLYGON (((-113.9293478 50.980643, -113.9292141 50.9806623, -113.929081 50.9806831, -113.9289484 50.9807054, -113.9288165 50.980729, -113.9286852 50.9807541, -113.9285546 50.9807806, -113.9284248 50.9808085, -113.9282958 50.9808378, -113.9281675 50.9808685, -113.9280402 50.9809006, -113.9279137 50.980934, -113.9277881 50.9809688, -113.9276636 50.981005, -113.92754 50.9810425, -113.9274175 50.9810813, -113.927296 50.9811215, -113.9271757 50.981163, -113.9270565 50.9812057, -113.9269385 50.9812498, -113.9268217 50.9812951, -113.9267061 50.9813416, -113.9265919 50.9813894, -113.926479 50.9814385, -113.9263674 50.9814887, -113.9262572 50.9815402, -113.9261484 50.9815928, -113.9260411 50.9816466, -113.9259353 50.9817016, -113.925831 50.9817577, -113.9257282 50.9818149, -113.925627 50.9818732, -113.9255274 50.9819326, -113.9254295 50.981993, -113.9253332 50.9820546, -113.9252386 50.9821171, -113.9251457 50.9821807, -113.9250546 50.9822452, -113.9249652 50.9823108, -113.9248776 50.9823772, -113.9247919 50.9824447, -113.924708 50.982513, -113.924626 50.9825822, -113.9245459 50.9826524, -113.9244678 50.9827233, -113.9243915 50.9827951, -113.9243173 50.9828678, -113.924245 50.9829412, -113.9241748 50.9830153, -113.9241065 50.9830903, -113.9240404 50.9831659, -113.9239763 50.9832423, -113.9239143 50.9833193, -113.9238544 50.983397, -113.9237967 50.9834754, -113.923741 50.9835543, -113.9236876 50.9836338, -113.9236363 50.983714, -113.9235872 50.9837946, -113.9235404 50.9838758, -113.9234957 50.9839574, -113.9234533 50.9840396, -113.9234131 50.9841221, -113.9233752 50.9842051, -113.9233396 50.9842885, -113.923113 50.9848359, -113.923067 50.9849508, -113.923024 50.9850662, -113.9229839 50.985182, -113.9229469 50.9852982, -113.9229128 50.9854147, -113.9228818 50.9855316, -113.9228538 50.9856488, -113.9228288 50.9857662, -113.9228068 50.9858839, -113.9227879 50.9860018, -113.922772 50.9861199, -113.9227592 50.9862381, -113.9227494 50.9863565, -113.9227426 50.9864749, -113.9227389 50.9865934, -113.9227383 50.9867119, -113.9227397 50.9868906, -113.9293275 50.9868864, -113.9293478 50.980643)))"
4505R 37 ST NW,Residential,VARSITY,S-FUD,"MULTIPOLYGON (((-114.1431551 51.0932716, -114.1435529 51.0932716, -114.1435527 51.0926473, -114.1430959 51.0926461, -114.1430961 51.0932373, -114.1431551 51.0932716)))"
5601 BAROC RD NW,Residential,DALHOUSIE,S-FUD,"MULTIPOLYGON (((-114.1676215 51.1076875, -114.1680299 51.1078594, -114.1687685 51.1071653, -114.1683115 51.1070389, -114.1676215 51.1076875)))"
10313 EAMON RD NW,Residential,ROCKY RIDGE,S-FUD,"MULTIPOLYGON (((-114.2383587 51.1360225, -114.2382745 51.1361017, -114.2378477 51.1365043, -114.2383179 51.1366804, -114.238725 51.1362961, -114.238813 51.1362132, -114.2383587 51.1360225)))"
13333 85 ST NW,Non-Residential,RESIDUAL WARD 1 - SUB AREA 1K,S-FUD,"MULTIPOLYGON (((-114.2112668 51.1759061, -114.211354 51.175906, -114.2226186 51.175907, -114.2226115 51.168693, -114.218968 51.1686922, -114.2157195 51.1686915, -114.2113493 51.1686904, -114.2112622 51.1686904, -114.2112668 51.1759061)))"
13333 85 ST NW,Non-Residential,RESIDUAL WARD 1 - SUB AREA 1K,S-FUD,"MULTIPOLYGON (((-114.2112668 51.1759061, -114.211354 51.175906, -114.2226186 51.175907, -114.2226115 51.168693, -114.218968 51.1686922, -114.2157195 51.1686915, -114.2113493 51.1686904, -114.2112622 51.1686904, -114.2112668 51.1759061)))"
2436 51 AV SE,Non-Residential,VALLEYFIELD,S-FUD,"MULTIPOLYGON (((-114.0027 51.007895, -114.0025914 51.0078949, -114.002483 51.0078948, -114.0023745 51.0078947, -114.002266 51.0078946, -114.0021575 51.0078945, -114.0020497 51.0078944, -114.0019405 51.0078943, -114.0018321 51.007894, -114.001832 51.0079212, -114.0018315 51.0081691, -114.0018316 51.008223, -114.0018746 51.008223, -114.0018997 51.008223, -114.0019404 51.0082231, -114.0020488 51.0082232, -114.0021573 51.0082233, -114.0022658 51.0082234, -114.0023743 51.0082234, -114.0024828 51.0082235, -114.0025913 51.0082236, -114.0027 51.0082236, -114.0027 51.007895)))"
10505 EAMON RD NW,Residential,ROCKY RIDGE,S-FUD,"MULTIPOLYGON (((-114.2385605 51.1367778, -114.2390021 51.1369781, -114.2395085 51.1365049, -114.2390521 51.1363134, -114.2389645 51.1363965, -114.2385605 51.1367778)))"
5520 BAROC RD NW,Residential,DALHOUSIE,S-FUD,"MULTIPOLYGON (((-114.166209 51.1084605, -114.1666576 51.1086493, -114.1666854 51.1086232, -114.1669196 51.1084028, -114.1675013 51.1078551, -114.1670534 51.1076664, -114.166209 51.1084605)))"
5 ROYALVIEW CR NW,Residential,ROYAL OAK,S-FUD,"MULTIPOLYGON (((-114.233611 51.1360585, -114.2331387 51.1368771, -114.2338743 51.1367781, -114.2340656 51.1365018, -114.2340644 51.1361556, -114.233611 51.1360585)))"
10515 EAMON RD NW,Residential,ROCKY RIDGE,S-FUD,"MULTIPOLYGON (((-114.2390021 51.1369781, -114.2394434 51.1371793, -114.2399613 51.1366948, -114.2395085 51.1365049, -114.2390021 51.1369781)))"
2714 85 AV SE,Non-Residential,SHEPARD INDUSTRIAL,S-FUD,"MULTIPOLYGON (((-113.9977666 50.9769187, -113.9977669 50.9772583, -113.9978754 50.977258, -113.9979839 50.9772577, -113.9979837 50.9769181, -113.9978752 50.9769184, -113.9977666 50.9769187)))"
6655 26 AV NE,Residential,PINERIDGE,S-FUD,"MULTIPOLYGON (((-113.9401543 51.0757146, -113.9399368 51.0757146, -113.9397193 51.0757146, -113.9395018 51.0757146, -113.9392843 51.0757145, -113.9390668 51.0757145, -113.9388493 51.0757145, -113.9386319 51.0757144, -113.9384144 51.0757144, -113.9381969 51.0757144, -113.9381971 51.0760602, -113.9384146 51.0760603, -113.9386321 51.0760603, -113.9388496 51.0760603, -113.9390671 51.0760604, -113.9392846 51.0760604, -113.9395021 51.0760604, -113.9397196 51.0760604, -113.9399372 51.0760605, -113.9401546 51.0760605, -113.9401543 51.0757146)))"
25 ST GEORGES DR NE,Non-Residential,BRIDGELAND/RIVERSIDE,S-FUD,"MULTIPOLYGON (((-114.0255988 51.0482976, -114.0257568 51.04852, -114.0258421 51.0497283, -114.0259782 51.0490551, -114.0259894 51.049007, -114.0260146 51.0489262, -114.0260479 51.0488464, -114.0260956 51.0487555, -114.0261536 51.048667, -114.0262218 51.0485814, -114.0262997 51.0484992, -114.0263868 51.0484208, -114.0264829 51.0483466, -114.0265872 51.048277, -114.0266994 51.0482124, -114.0268187 51.0481531, -114.0269445 51.0480994, -114.0270762 51.0480517, -114.0261607 51.0477882, -114.0258558 51.0477918, -114.0258331 51.047792, -114.0255074 51.0477959, -114.0254045 51.0477971, -114.0253835 51.0477973, -114.0253007 51.047817, -114.0253007 51.0478761, -114.02544 51.0480731, -114.0255988 51.0482976)))"
1002 COUNTRY HILLS BV NE,Non-Residential,STONEY 1,S-FUD,"MULTIPOLYGON (((-114.0361242 51.155453, -114.0359265 51.156025, -114.0359252 51.1560286, -114.0358662 51.1561996, -114.035627 51.1568932, -114.0355702 51.1570579, -114.0352473 51.1579941, -114.034471 51.1602435, -114.0340329 51.161513, -114.0339986 51.1616118, -114.0339985 51.1616121, -114.0344446 51.1616113, -114.0344449 51.1616104, -114.0344586 51.1615704, -114.0356929 51.1579939, -114.0356931 51.1579933, -114.0360017 51.1570988, -114.0364688 51.1557449, -114.0364887 51.1556873, -114.0368653 51.1545924, -114.0364898 51.1545677, -114.0364315 51.1545639, -114.0361242 51.155453)))"
11 ROYALVIEW CR NW,Residential,ROYAL OAK,S-FUD,"MULTIPOLYGON (((-114.2324192 51.1367672, -114.2331387 51.1368771, -114.233611 51.1360585, -114.2331886 51.1359679, -114.2324192 51.1367672)))"
10525 EAMON RD NW,Residential,ROCKY RIDGE,S-FUD,"MULTIPOLYGON (((-114.2394434 51.1371793, -114.2398847 51.1373806, -114.2404141 51.1368847, -114.2399613 51.1366948, -114.2394434 51.1371793)))"
2716 85 AV SE,Residential,SHEPARD INDUSTRIAL,S-FUD,"MULTIPOLYGON (((-113.9975495 50.9769192, -113.9975498 50.9772589, -113.9976583 50.9772586, -113.9977669 50.9772583, -113.9977666 50.9769187, -113.9976581 50.9769189, -113.9975495 50.9769192)))"
2410 68 ST SE,Non-Residential,RESIDUAL WARD 9 - SUB AREA 9Q,S-FUD,"MULTIPOLYGON (((-113.9235432 51.0305545, -113.9235434 51.0340793, -113.9235434 51.0341697, -113.9292837 51.0341671, -113.9350164 51.0341643, -113.9350175 51.0328095, -113.9350175 51.0328083, -113.9350193 51.0305616, -113.9350193 51.030551, -113.9292808 51.0305529, -113.9235432 51.0305545)))"
17 ROYALVIEW CR NW,Residential,ROYAL OAK,S-FUD,"MULTIPOLYGON (((-114.2319598 51.1365391, -114.2324192 51.1367672, -114.2331886 51.1359679, -114.2328 51.135719, -114.2319598 51.1365391)))"
10603 EAMON RD NW,Residential,ROCKY RIDGE,S-FUD,"MULTIPOLYGON (((-114.2398847 51.1373806, -114.240326 51.1375819, -114.240867 51.1370746, -114.2404141 51.1368847, -114.2398847 51.1373806)))"
2720 85 AV SE,Residential,SHEPARD INDUSTRIAL,S-FUD,"MULTIPOLYGON (((-113.9973324 50.9769198, -113.9973328 50.9772594, -113.9974413 50.9772592, -113.9975498 50.9772589, -113.9975495 50.9769192, -113.9974409 50.9769195, -113.9973324 50.9769198)))"
14221 52 ST NE,Residential,RESIDUAL WARD 5 - SUB AREA 5D,S-FUD,"MULTIPOLYGON (((-113.9595861 51.1815456, -113.9642765 51.1815479, -113.9663286 51.1815499, -113.9671535 51.1815507, -113.9700302 51.1815534, -113.9700406 51.1815534, -113.9700406 51.1815235, -113.9700383 51.1806471, -113.9585398 51.1806412, -113.9585394 51.1815451, -113.9585401 51.1815451, -113.9595861 51.1815456)))"
144 BOWDALE CR NW,Residential,BOWNESS,S-FUD,"MULTIPOLYGON (((-114.1822596 51.0772929, -114.1825471 51.0777691, -114.1844709 51.0773088, -114.1838853 51.0769038, -114.1822596 51.0772929)))"
390 PIITA RI SW,Non-Residential,COUGAR RIDGE,S-FUD,"MULTIPOLYGON (((-114.2107461 51.0789345, -114.2108308 51.0789795, -114.2108314 51.0789798, -114.2108325 51.0770983, -114.210832 51.0770983, -114.2072795 51.077091, -114.2107461 51.0789345)))"
19 15 ST NE,Non-Residential,BRIDGELAND/RIVERSIDE,S-FUD,"MULTIPOLYGON (((-114.0255728 51.0457671, -114.0254817 51.0457402, -114.0253015 51.0456861, -114.0253011 51.0466683, -114.0253011 51.0467729, -114.0253195 51.0467686, -114.0256552 51.0466904, -114.0256911 51.0466876, -114.0273504 51.0465602, -114.0266744 51.0460964, -114.0255728 51.0457671)))"
4420 HARVETTA RD SE,Non-Residential,RESIDUAL WARD 9 - SUB AREA 9D,S-FUD,"MULTIPOLYGON (((-114.007781 51.0143767, -114.0077677 51.0144437, -114.0083377 51.0144446, -114.008351 51.0143776, -114.0083698 51.0142829, -114.0077998 51.014282, -114.007781 51.0143767)))"
13817 6 ST NE,Farm Land,LIVINGSTON,S-FUD,"MULTIPOLYGON (((-114.0482204 51.1791392, -114.0482287 51.1807439, -114.0492694 51.1800987, -114.0490797 51.1796436, -114.0482204 51.1791392)))"
23 ROYALVIEW CR NW,Residential,ROYAL OAK,S-FUD,"MULTIPOLYGON (((-114.2315747 51.1362737, -114.2319598 51.1365391, -114.2328 51.135719, -114.2324034 51.1354649, -114.2315747 51.1362737)))"
10613 EAMON RD NW,Residential,ROCKY RIDGE,S-FUD,"MULTIPOLYGON (((-114.2413198 51.1372645, -114.240867 51.1370746, -114.240326 51.1375819, -114.2407673 51.1377832, -114.2413198 51.1372645)))"
2724 85 AV SE,Residential,SHEPARD INDUSTRIAL,S-FUD,"MULTIPOLYGON (((-113.9971153 50.9769204, -113.9971157 50.97726, -113.9972242 50.9772597, -113.9973328 50.9772594, -113.9973324 50.9769198, -113.9972238 50.9769201, -113.9971153 50.9769204)))"
4615 84 AV NE,Residential,SADDLE RIDGE,S-FUD,"MULTIPOLYGON (((-113.9671336 51.1287805, -113.9685868 51.1287822, -113.9685888 51.1270988, -113.9685889 51.127044, -113.9685562 51.127044, -113.9671357 51.1270422, -113.9671336 51.1287805)))"
160 BOWDALE CR NW,Residential,BOWNESS,S-FUD,"MULTIPOLYGON (((-114.1825471 51.0777691, -114.1828346 51.0782453, -114.1850565 51.0777138, -114.1844709 51.0773088, -114.1825471 51.0777691)))"
430 85 ST SW,Residential,COUGAR RIDGE,S-FUD,"MULTIPOLYGON (((-114.2064819 51.0766668, -114.2072795 51.077091, -114.210832 51.0770983, -114.2108325 51.0770983, -114.2108333 51.0764905, -114.2108333 51.0764901, -114.2108382 51.0762051, -114.2054746 51.0762008, -114.2064819 51.0766668)))"
4111 84 ST SE,Farm Land,RESIDUAL WARD 9 - SUB AREA 9Q,S-FUD,"MULTIPOLYGON (((-113.915206 51.0174262, -113.9152057 51.0233263, -113.9171161 51.0233262, -113.9185177 51.0233262, -113.9185273 51.0225765, -113.9184652 51.0215382, -113.9183144 51.0204166, -113.915206 51.0174262)))"
8690 STONEY TR SE,Residential,STARFIELD EAST,S-FUD,"MULTIPOLYGON (((-113.9122123 50.9968833, -113.914805 50.9968853, -113.9149106 50.996884, -113.915016 50.9968801, -113.9151211 50.9968734, -113.9152257 50.996864, -113.9153296 50.9968519, -113.9154326 50.9968372, -113.9155346 50.9968198, -113.9156354 50.9967998, -113.9161564 50.9951079, -113.9148269 50.9951083, -113.9148273 50.9943863, -113.9148268 50.9943095, -113.9127211 50.9943111, -113.9127127 50.9943111, -113.9122136 50.9943114, -113.9122123 50.9968833)))"
14221 6 ST NE,Farm Land,LIVINGSTON,S-FUD,"MULTIPOLYGON (((-114.0485155 51.1808198, -114.04823 51.1809968, -114.04824 51.1833161, -114.059681 51.1833028, -114.0596831 51.1789757, -114.059352 51.1790212, -114.0590222 51.1790704, -114.0586939 51.1791234, -114.0583673 51.1791802, -114.0525269 51.1802315, -114.0520309 51.1803187, -114.0515331 51.180402, -114.0510338 51.1804814, -114.0505329 51.1805569, -114.0500305 51.1806285, -114.0495268 51.1806962, -114.0490218 51.18076, -114.0485155 51.1808198)))"
6401 117 ST NW,Non-Residential,TUSCANY,S-FUD,"MULTIPOLYGON (((-114.2566686 51.1105699, -114.2573214 51.1105688, -114.2573247 51.1087244, -114.2566718 51.1086651, -114.2566712 51.1090614, -114.2566707 51.1093421, -114.2566692 51.1103053, -114.2566691 51.1103602, -114.2566686 51.1105699)))"
29 ROYALVIEW CR NW,Residential,ROYAL OAK,S-FUD,"MULTIPOLYGON (((-114.2311889 51.1360087, -114.2315747 51.1362737, -114.2324034 51.1354649, -114.2320062 51.1352106, -114.2311889 51.1360087)))"
10623 EAMON RD NW,Residential,ROCKY RIDGE,S-FUD,"MULTIPOLYGON (((-114.2413198 51.1372645, -114.2407673 51.1377832, -114.2412087 51.1379845, -114.2417727 51.1374544, -114.2413198 51.1372645)))"
2728 85 AV SE,Residential,SHEPARD INDUSTRIAL,S-FUD,"MULTIPOLYGON (((-113.9968982 50.976921, -113.9968986 50.9772606, -113.9970072 50.9772603, -113.9971157 50.97726, -113.9971153 50.9769204, -113.9970067 50.9769207, -113.9968982 50.976921)))"
4719 84 AV NE,Residential,SADDLE RIDGE,S-FUD,"MULTIPOLYGON (((-113.9656825 51.1270405, -113.9656804 51.1287789, -113.9671336 51.1287805, -113.9671357 51.1270422, -113.9662416 51.1270412, -113.9661759 51.1270411, -113.9656825 51.1270405)))"
172 BOWDALE CR NW,Residential,BOWNESS,S-FUD,"MULTIPOLYGON (((-114.1828346 51.0782453, -114.1828379 51.0782509, -114.1836722 51.0784743, -114.1841371 51.0785989, -114.1856163 51.0782458, -114.1856158 51.0776975, -114.1853752 51.077531, -114.1850565 51.0777138, -114.1828346 51.0782453)))"
1620 4 AV NE,Non-Residential,BRIDGELAND/RIVERSIDE,S-FUD,"MULTIPOLYGON (((-114.0231652 51.0485344, -114.0231702 51.0485592, -114.0229552 51.0485611, -114.0229505 51.0487163, -114.0232886 51.0487128, -114.0233964 51.0487117, -114.0235042 51.0487106, -114.0236121 51.0487095, -114.0237199 51.0487084, -114.0238277 51.0487073, -114.0239355 51.0487061, -114.0240433 51.048705, -114.0241511 51.0487039, -114.0242589 51.0487028, -114.0243667 51.0487017, -114.0244745 51.0487006, -114.0245824 51.0486994, -114.0246902 51.0486983, -114.024798 51.0486972, -114.0249058 51.0486961, -114.0250136 51.048695, -114.0250136 51.0485184, -114.024905 51.0485193, -114.0247964 51.0485203, -114.0246878 51.0485212, -114.0245792 51.0485222, -114.0244705 51.0485231, -114.0243619 51.048524, -114.0242533 51.048525, -114.0241447 51.0485259, -114.0240361 51.0485269, -114.0239274 51.0485278, -114.0238188 51.0485287, -114.0237102 51.0485297, -114.0236016 51.0485306, -114.0234929 51.0485315, -114.0233843 51.0485325, -114.0232757 51.0485334, -114.0231652 51.0485344)))"
9224 ROCKY RIDGE RD NW,Residential,ROYAL OAK,S-FUD,"MULTIPOLYGON (((-114.2332362 51.1359203, -114.2340642 51.1360977, -114.23406 51.1352754, -114.2332362 51.1359203)))"
10633 EAMON RD NW,Residential,ROCKY RIDGE,S-FUD,"MULTIPOLYGON (((-114.2417727 51.1374544, -114.2412087 51.1379845, -114.24165 51.1381857, -114.2422255 51.1376443, -114.2417727 51.1374544)))"
2736 85 AV SE,Residential,SHEPARD INDUSTRIAL,S-FUD,"MULTIPOLYGON (((-113.9966811 50.9769215, -113.9966816 50.9772612, -113.9967901 50.9772609, -113.9968986 50.9772606, -113.9968982 50.976921, -113.9967896 50.9769213, -113.9966811 50.9769215)))"
4709 84 ST NE,Residential,RESIDUAL WARD 10 - SUB AREA 10E,S-FUD,"MULTIPOLYGON (((-113.9147997 51.0942556, -113.9147997 51.0942552, -113.9148002 51.0936129, -113.9148004 51.0933404, -113.9120332 51.0933383, -113.9120326 51.0942528, -113.9120326 51.0942531, -113.9130217 51.0942541, -113.9130219 51.0942541, -113.9147997 51.0942556)))"
4811 84 AV NE,Residential,SADDLE RIDGE,S-FUD,"MULTIPOLYGON (((-113.9642287 51.1270384, -113.9642271 51.1287772, -113.9656804 51.1287789, -113.9656825 51.1270405, -113.9642287 51.1270384)))"
13590 CENTRE ST NE,Farm Land,LIVINGSTON,S-FUD,"MULTIPOLYGON (((-114.0596848 51.1752879, -114.0596829 51.1760625, -114.0654379 51.1760519, -114.0654375 51.1760518, -114.0616065 51.1751098, -114.0596848 51.1752879)))"
4725R 84 ST NE,Residential,RESIDUAL WARD 10 - SUB AREA 10E,S-FUD,"MULTIPOLYGON (((-113.9160302 51.0887627, -113.9160289 51.0931698, -113.9168989 51.0928561, -113.917114 51.0887626, -113.9160302 51.0887627)))"
8220 66 AV SE,Residential,RESIDUAL WARD 9 - SUB AREA 9K,S-FUD,"MULTIPOLYGON (((-113.9148268 50.9943095, -113.9148273 50.9943863, -113.9148269 50.9951083, -113.9161564 50.9951079, -113.9163791 50.9943853, -113.9164028 50.9943085, -113.9148268 50.9943095)))"
1704 MEMORIAL DR NE,Non-Residential,BRIDGELAND/RIVERSIDE,S-FUD,"MULTIPOLYGON (((-114.0215667 51.0485743, -114.0210694 51.0487632, -114.0215682 51.048758, -114.0215667 51.0485743)))"
10102 EAMON RD NW,Residential,ROYAL OAK,S-FUD,"MULTIPOLYGON (((-114.2327782 51.1344562, -114.2324167 51.1348108, -114.2320546 51.1351636, -114.232105 51.1351958, -114.2324426 51.1354121, -114.2328681 51.1350795, -114.2332671 51.1347676, -114.2327787 51.134456, -114.2327785 51.1344559, -114.2327782 51.1344562)))"
10707 EAMON RD NW,Residential,ROCKY RIDGE,S-FUD,"MULTIPOLYGON (((-114.2422255 51.1376443, -114.24165 51.1381857, -114.2420913 51.138387, -114.2426784 51.1378342, -114.2422255 51.1376443)))"
2740 85 AV SE,Non-Residential,SHEPARD INDUSTRIAL,S-FUD,"MULTIPOLYGON (((-113.9966811 50.9769215, -113.9965725 50.9769218, -113.9964639 50.9769221, -113.9963554 50.9769224, -113.9962468 50.9769227, -113.9961383 50.976923, -113.9960297 50.9769233, -113.9960304 50.9772629, -113.9961389 50.9772626, -113.9962475 50.9772623, -113.996356 50.977262, -113.9964645 50.9772617, -113.996573 50.9772614, -113.9966816 50.9772612, -113.9966811 50.9769215)))"
4607 84 ST NE,Non-Residential,RESIDUAL WARD 10 - SUB AREA 10E,S-FUD,"MULTIPOLYGON (((-113.9120332 51.0933383, -113.9148004 51.0933404, -113.914801 51.0925161, -113.9120338 51.0925138, -113.9120332 51.0933383)))"
4907 84 AV NE,Residential,SADDLE RIDGE,S-FUD,"MULTIPOLYGON (((-113.9627752 51.1270363, -113.9627739 51.1287755, -113.9642271 51.1287772, -113.9642287 51.1270384, -113.9627752 51.1270363)))"
6724 6 ST SE,Non-Residential,EAST FAIRVIEW INDUSTRIAL,S-FUD,"MULTIPOLYGON (((-114.0482342 50.993768, -114.048237 50.9934958, -114.0481503 50.9934957, -114.0473212 50.9934943, -114.0473193 50.9937906, -114.0482342 50.993768)))"
9404 CROWCHILD TR NW,Residential,ARBOUR LAKE,S-FUD,"MULTIPOLYGON (((-114.2225786 51.130553, -114.2225829 51.1322628, -114.2225833 51.1324, -114.2230363 51.1324006, -114.2230541 51.132342, -114.2230698 51.1322831, -114.2230834 51.1322241, -114.2230949 51.1321649, -114.2231044 51.1321055, -114.2231117 51.132046, -114.223117 51.1319864, -114.2231202 51.1319268, -114.2231213 51.1318672, -114.2231202 51.1318075, -114.2231171 51.1317479, -114.2231119 51.1316883, -114.2231046 51.1316288, -114.2230952 51.1315694, -114.2230837 51.1315102, -114.2230701 51.1314512, -114.2230545 51.1313923, -114.2230368 51.1313337, -114.223017 51.1312753, -114.2229952 51.1312173, -114.2229714 51.1311595, -114.2229455 51.1311021, -114.2229176 51.131045, -114.2228877 51.1309884, -114.2228558 51.1309322, -114.222822 51.1308764, -114.2227862 51.1308212, -114.2227485 51.1307664, -114.2227088 51.1307122, -114.2226673 51.1306585, -114.2226239 51.1306054, -114.2225786 51.130553)))"
1605 CREEK RD NE,Non-Residential,BRIDGELAND/RIVERSIDE,S-FUD,"MULTIPOLYGON (((-114.0244321 51.046524, -114.0244516 51.046524, -114.0249835 51.0461948, -114.0244323 51.0461946, -114.0244321 51.046524)))"
10112 EAMON RD NW,Residential,ROYAL OAK,S-FUD,"MULTIPOLYGON (((-114.2324426 51.1354121, -114.2328396 51.1356662, -114.2336649 51.135022, -114.2335835 51.1349702, -114.2332671 51.1347676, -114.2328681 51.1350795, -114.2324426 51.1354121)))"
10717 EAMON RD NW,Residential,ROCKY RIDGE,S-FUD,"MULTIPOLYGON (((-114.2426784 51.1378342, -114.2420913 51.138387, -114.2425326 51.1385883, -114.2431312 51.1380241, -114.2426784 51.1378342)))"
2727 84 AV SE,Non-Residential,SHEPARD INDUSTRIAL,S-FUD,"MULTIPOLYGON (((-113.9965731 50.9773162, -113.9965734 50.9776558, -113.9967905 50.9776553, -113.997029 50.9776546, -113.9972244 50.9776541, -113.9972242 50.9773145, -113.9970288 50.977315, -113.9967901 50.9773157, -113.9965731 50.9773162)))"
1021 SHORT RD NW,Residential,BOWNESS,S-FUD,"MULTIPOLYGON (((-114.1815956 51.0742744, -114.1820662 51.0747223, -114.1828731 51.0743859, -114.1827839 51.0743167, -114.1823331 51.0739669, -114.1818531 51.074167, -114.1815956 51.0742744)))"
7920 96 AV NE,Non-Residential,RESIDUAL WARD 5 - SUB AREA 5F,S-FUD,"MULTIPOLYGON (((-113.9170027 51.1470043, -113.9186606 51.1470039, -113.918635 51.1419803, -113.9170041 51.1403519, -113.9170027 51.1470043)))"
1115 50 AV SW,Residential,GLENMORE PARK,S-FUD,"MULTIPOLYGON (((-114.0879577 51.0086315, -114.0880662 51.0086314, -114.0880662 51.008241, -114.0872751 51.0076125, -114.0871876 51.0076551, -114.0871027 51.0076978, -114.0870179 51.0077406, -114.0869404 51.0077873, -114.0873401 51.0081048, -114.0879577 51.0085955, -114.0879577 51.0086315)))"
9793 84 ST SE,Farm Land,RESIDUAL WARD 12 - SUB AREA 12A,S-FUD,"MULTIPOLYGON (((-113.9123667 50.9716328, -113.9170552 50.9723367, -113.917075 50.9723397, -113.9175727 50.9723393, -113.9175735 50.9723393, -113.9175734 50.9723364, -113.9174746 50.9665016, -113.9174742 50.9665014, -113.9155632 50.9651108, -113.9149172 50.9646408, -113.9122285 50.9646384, -113.9122256 50.9651144, -113.9122244 50.9687809, -113.9122244 50.9716626, -113.9122252 50.9716623, -113.9123411 50.9716289, -113.9123667 50.9716328)))"
9793 84 ST SE,Farm Land,RESIDUAL WARD 12 - SUB AREA 12A,S-FUD,"MULTIPOLYGON (((-113.9123667 50.9716328, -113.9170552 50.9723367, -113.917075 50.9723397, -113.9175727 50.9723393, -113.9175735 50.9723393, -113.9175734 50.9723364, -113.9174746 50.9665016, -113.9174742 50.9665014, -113.9155632 50.9651108, -113.9149172 50.9646408, -113.9122285 50.9646384, -113.9122256 50.9651144, -113.9122244 50.9687809, -113.9122244 50.9716626, -113.9122252 50.9716623, -113.9123411 50.9716289, -113.9123667 50.9716328)))"
1613 CREEK RD NE,Non-Residential,BRIDGELAND/RIVERSIDE,S-FUD,"MULTIPOLYGON (((-114.0239976 51.0465237, -114.0242148 51.0465239, -114.0244321 51.046524, -114.0244323 51.0461946, -114.024215 51.0461945, -114.0239976 51.0461944, -114.0239976 51.0465237)))"
10122 EAMON RD NW,Residential,ROYAL OAK,S-FUD,"MULTIPOLYGON (((-114.2328396 51.1356662, -114.2332362 51.1359203, -114.23406 51.1352754, -114.2336649 51.135022, -114.2328396 51.1356662)))"
10727 EAMON RD NW,Residential,ROCKY RIDGE,S-FUD,"MULTIPOLYGON (((-114.2431312 51.1380241, -114.2425326 51.1385883, -114.2429739 51.1387895, -114.2435841 51.138214, -114.2431312 51.1380241)))"
2731 84 AV SE,Residential,SHEPARD INDUSTRIAL,S-FUD,"MULTIPOLYGON (((-113.996356 50.9773168, -113.9963563 50.9776564, -113.9965734 50.9776558, -113.9965731 50.9773162, -113.996356 50.9773168)))"
3800 52 ST SE,Residential,FOREST LAWN -  INDUSTRIAL,S-FUD,"MULTIPOLYGON (((-113.9559652 51.0186204, -113.9559672 51.0208248, -113.9578685 51.0208233, -113.9580857 51.0208231, -113.958151 51.0208231, -113.958149 51.0186187, -113.9559652 51.0186204)))"
2720 28 AV SE,Residential,DOVER,S-FUD,"MULTIPOLYGON (((-113.99403 51.0288446, -113.9940302 51.0291732, -113.9941388 51.029173, -113.9942474 51.0291728, -113.9942472 51.0288443, -113.9941386 51.0288444, -113.99403 51.0288446)))"
1029 SHORT RD NW,Residential,BOWNESS,S-FUD,"MULTIPOLYGON (((-114.1823431 51.0749859, -114.1825367 51.0751703, -114.1834132 51.074805, -114.1828731 51.0743859, -114.1820662 51.0747223, -114.1823431 51.0749859)))"
4511 112 AV NW,Non-Residential,SHERWOOD,S-FUD,"MULTIPOLYGON (((-114.152651 51.154071, -114.1528178 51.1540713, -114.1528178 51.1540464, -114.1524056 51.1540571, -114.1519154 51.1540698, -114.151976 51.1540698, -114.1522264 51.1540702, -114.1523919 51.1540705, -114.1524056 51.1540707, -114.152651 51.154071)))"
13591R 6 ST NE,Farm Land,LIVINGSTON,S-FUD,"MULTIPOLYGON (((-114.0596848 51.1752879, -114.0578031 51.1754622, -114.0544808 51.1760708, -114.0595407 51.1760621, -114.0596122 51.1760619, -114.0596829 51.1760625, -114.0596848 51.1752879)))"
264 101 ST SW,Residential,RESIDUAL WARD 1 - CALGARY WEST,S-FUD,"MULTIPOLYGON (((-114.2340861 51.0839912, -114.2340826 51.0816026, -114.2318727 51.0816052, -114.2340861 51.0839912)))"
14707 69 ST SW,Farm Land,RESIDUAL WARD 13 - SUB AREA 13A,S-FUD,"MULTIPOLYGON (((-114.1866998 50.9176602, -114.1866883 50.9212727, -114.186709 50.9212727, -114.1980927 50.921278, -114.1981015 50.9176684, -114.1866998 50.9176602)))"
8658 STONEY TR SE,Residential,STARFIELD,S-FUD,"MULTIPOLYGON (((-113.9235537 51.0009805, -113.9234997 51.0010353, -113.9234488 51.0010914, -113.9234011 51.0011485, -113.9233568 51.0012067, -113.9233157 51.0012659, -113.9232781 51.0013259, -113.9232439 51.0013868, -113.9232132 51.0014484, -113.92341 51.0014483, -113.9235533 51.0014482, -113.9235537 51.0009805)))"
10737 EAMON RD NW,Residential,ROCKY RIDGE,S-FUD,"MULTIPOLYGON (((-114.2435841 51.138214, -114.2429739 51.1387895, -114.243273 51.1389263, -114.2434268 51.1389798, -114.244037 51.1384039, -114.2435841 51.138214)))"
2735 84 AV SE,Non-Residential,SHEPARD INDUSTRIAL,S-FUD,"MULTIPOLYGON (((-113.996356 50.9773168, -113.9960305 50.9773177, -113.9960307 50.9774093, -113.9963535 50.9776564, -113.9963563 50.9776564, -113.996356 50.9773168)))"
4299 26 ST SE,Non-Residential,DOVER,S-FUD,"MULTIPOLYGON (((-113.9996204 51.0158809, -113.9995995 51.0159032, -113.9995796 51.0159258, -113.9997599 51.0159257, -113.9996204 51.0158809)))"
4727 84 ST NE,Residential,RESIDUAL WARD 10 - SUB AREA 10E,S-FUD,"MULTIPOLYGON (((-113.912032 51.0951294, -113.9120319 51.0951962, -113.9123224 51.0951655, -113.9127289 51.0951227, -113.9127289 51.0951226, -113.9127292 51.0950558, -113.9127322 51.0943585, -113.9130217 51.0942541, -113.9120326 51.0942531, -113.912032 51.0951294)))"
15311 1 ST SE,Residential,MIDNAPORE,S-FUD,"MULTIPOLYGON (((-114.0653577 50.9160381, -114.0654755 50.9162297, -114.0660816 50.9160807, -114.0659638 50.9158892, -114.0653577 50.9160381)))"
10717R 84 ST NE,Residential,RESIDUAL WARD 5 - SUB AREA 5F,S-FUD,"MULTIPOLYGON (((-113.9170027 51.1470043, -113.9170029 51.1471138, -113.9170017 51.1506263, -113.9167464 51.1511594, -113.9172508 51.1507716, -113.9172369 51.1480275, -113.9186658 51.1480246, -113.9186606 51.1470039, -113.9170027 51.1470043)))"
5777 BAROC RD NW,Residential,DALHOUSIE,S-FUD,"MULTIPOLYGON (((-114.1696168 51.1085276, -114.1701413 51.1087484, -114.1709282 51.1080087, -114.1704039 51.107788, -114.1696168 51.1085276)))"
15405 69 ST SW,Farm Land,RESIDUAL WARD 13 - SUB AREA 13A,S-FUD,"MULTIPOLYGON (((-114.1866998 50.9176602, -114.1981015 50.9176684, -114.1981103 50.9140541, -114.1867113 50.9140479, -114.1866998 50.9176602)))"
10805 EAMON RD NW,Residential,ROCKY RIDGE,S-FUD,"MULTIPOLYGON (((-114.2442761 51.1385042, -114.243679 51.1390677, -114.2441568 51.1392341, -114.244729 51.1386941, -114.2442761 51.1385042)))"
2715 84 AV SE,Residential,SHEPARD INDUSTRIAL,S-FUD,"MULTIPOLYGON (((-113.9977669 50.9773131, -113.9977671 50.9776527, -113.9978757 50.9776524, -113.9979842 50.9776521, -113.997984 50.9773125, -113.9978754 50.9773128, -113.9977669 50.9773131)))"
2714 28 AV SE,Residential,DOVER,S-FUD,"MULTIPOLYGON (((-113.9942472 51.0288443, -113.9942474 51.0291728, -113.9948576 51.0291719, -113.9950113 51.0288433, -113.9942472 51.0288443)))"
15315 1 ST SE,Residential,MIDNAPORE,S-FUD,"MULTIPOLYGON (((-114.0652398 50.9158466, -114.0653577 50.9160381, -114.0659638 50.9158892, -114.065846 50.9156976, -114.0652398 50.9158466)))"
2190 50 AV SE,Non-Residential,RESIDUAL WARD 9 - SUB AREA 9D,S-FUD,"MULTIPOLYGON (((-114.0081421 51.0097068, -114.0081566 51.0097739, -114.0080723 51.0087909, -114.0079447 51.0087908, -114.0080315 51.0091955, -114.0081421 51.0097068)))"
10815 EAMON RD NW,Residential,ROCKY RIDGE,S-FUD,"MULTIPOLYGON (((-114.244729 51.1386941, -114.2441568 51.1392341, -114.2446345 51.1394006, -114.2451819 51.1388841, -114.244729 51.1386941)))"
10825 EAMON RD NW,Residential,ROCKY RIDGE,S-FUD,"MULTIPOLYGON (((-114.2451819 51.1388841, -114.2446345 51.1394006, -114.2451122 51.1395671, -114.2456349 51.139074, -114.2451819 51.1388841)))"
14019 6 ST NE,Farm Land,LIVINGSTON,S-FUD,"MULTIPOLYGON (((-114.0482287 51.1807439, -114.0482292 51.1808518, -114.0485155 51.1808198, -114.0495898 51.180154, -114.0493368 51.1795472, -114.0482191 51.178891, -114.0482204 51.1791392, -114.0490797 51.1796436, -114.0492694 51.1800987, -114.0482287 51.1807439)))"
22 15 ST NE,Non-Residential,BRIDGELAND/RIVERSIDE,S-FUD,"MULTIPOLYGON (((-114.0246666 51.0466443, -114.0250143 51.0466446, -114.0250144 51.0464291, -114.0246666 51.0466443)))"
8080R 9 AV SE,Non-Residential,RESIDUAL WARD 9 - SUB AREA 9O,S-FUD,"MULTIPOLYGON (((-113.9172323 51.0451957, -113.9172293 51.0479189, -113.9171372 51.0492388, -113.9166166 51.0501033, -113.9180768 51.050079, -113.9185144 51.0486943, -113.9185262 51.045798, -113.9185287 51.0451958, -113.9177198 51.0451957, -113.9172323 51.0451957)))"
73 BOWDALE CR NW,Non-Residential,BOWNESS,S-FUD,"MULTIPOLYGON (((-114.1821705 51.074921, -114.1823061 51.0750501, -114.1823431 51.0749859, -114.1820662 51.0747223, -114.1815956 51.0742744, -114.1815231 51.0743046, -114.1817901 51.0745588, -114.1821705 51.074921)))"
24 15 ST NE,Non-Residential,BRIDGELAND/RIVERSIDE,S-FUD,"MULTIPOLYGON (((-114.0245602 51.0467101, -114.0250143 51.0467842, -114.0250143 51.0467102, -114.0250143 51.0466446, -114.0246666 51.0466443, -114.0245602 51.0467101)))"
2512 49 AV SE,Residential,VALLEYFIELD,S-FUD,"MULTIPOLYGON (((-114.0007315 51.009704, -114.0007314 51.0100437, -114.0007863 51.0100436, -114.0008947 51.0100434, -114.0010032 51.0100433, -114.0010032 51.0097036, -114.0008948 51.0097038, -114.0007863 51.0097039, -114.0007315 51.009704)))"
8463 114 AV SE,Farm Land,RESIDUAL WARD 12 - SUB AREA 12B,S-FUD,"MULTIPOLYGON (((-113.9122325 50.9484654, -113.9122293 50.9504732, -113.9161245 50.9504655, -113.9151805 50.9485763, -113.9122325 50.9484654)))"
8012 74 AV SE,Farm Land,GREAT PLAINS,S-FUD,"MULTIPOLYGON (((-113.9227403 50.9869809, -113.922794 50.9942142, -113.9235593 50.9942137, -113.9235604 50.9941685, -113.923582 50.9896768, -113.9239508 50.9869803, -113.9227403 50.9869809)))"
8012 74 AV SE,Farm Land,GREAT PLAINS,S-FUD,"MULTIPOLYGON (((-113.9227403 50.9869809, -113.922794 50.9942142, -113.9235593 50.9942137, -113.9235604 50.9941685, -113.923582 50.9896768, -113.9239508 50.9869803, -113.9227403 50.9869809)))"
10105 EAMON RD NW,Non-Residential,ROYAL OAK,S-FUD,"MULTIPOLYGON (((-114.2329398 51.134301, -114.2337512 51.1348197, -114.2340598 51.1350175, -114.234059 51.134709, -114.2340591 51.1345427, -114.2329398 51.134301)))"
1627 CREEK RD NE,Non-Residential,BRIDGELAND/RIVERSIDE,S-FUD,"MULTIPOLYGON (((-114.0224614 51.0465228, -114.0224767 51.0465228, -114.0226939 51.0465229, -114.0229112 51.046523, -114.0231285 51.0465232, -114.0233458 51.0465233, -114.023563 51.0465234, -114.0237803 51.0465236, -114.0239976 51.0465237, -114.0239976 51.0461944, -114.0237803 51.0461943, -114.023563 51.0461942, -114.0233456 51.0461942, -114.0231283 51.0461941, -114.022911 51.046194, -114.0226936 51.0461939, -114.0224763 51.0461938, -114.0224591 51.0461938, -114.0224614 51.0465228)))"
4444 BRENTWOOD GR NW,Residential,BRENTWOOD,S-FUD,"MULTIPOLYGON (((-114.1394267 51.0935972, -114.1396542 51.0937348, -114.1399857 51.0935175, -114.1397581 51.0933799, -114.1394267 51.0935972)))"
1430 128 AV NE,Farm Land,STONEY 1,S-FUD,"MULTIPOLYGON (((-114.0252661 51.1688391, -114.025266 51.1689879, -114.0252657 51.1702067, -114.0252 51.1704848, -114.0250831 51.170773, -114.0250818 51.171656, -114.025702 51.1712413, -114.0291703 51.1689219, -114.0292957 51.168838, -114.0292949 51.168838, -114.028304 51.1688382, -114.0264294 51.1688385, -114.0252661 51.1688391)))"
2520 49 AV SE,Non-Residential,VALLEYFIELD,S-FUD,"MULTIPOLYGON (((-114.0004609 51.0097044, -114.0004608 51.0100441, -114.0005693 51.0100439, -114.0006778 51.0100437, -114.0007314 51.0100437, -114.0007315 51.009704, -114.0006778 51.0097041, -114.0005694 51.0097042, -114.0004609 51.0097044)))"
2508 49 AV SE,Residential,VALLEYFIELD,S-FUD,"MULTIPOLYGON (((-114.0010032 51.0097036, -114.0010032 51.0100433, -114.0011117 51.0100431, -114.0012202 51.0100429, -114.0013287 51.0100428, -114.0014372 51.0100426, -114.0014831 51.0100424, -114.001503 51.0100425, -114.0015457 51.0100423, -114.0015455 51.0097025, -114.0014641 51.0097026, -114.0014371 51.0097029, -114.0013286 51.0097031, -114.0012201 51.0097033, -114.0011117 51.0097034, -114.0010032 51.0097036)))"
2734 28 AV SE,Non-Residential,DOVER,S-FUD,"MULTIPOLYGON (((-113.9933785 51.0288455, -113.9933783 51.0291742, -113.993487 51.029174, -113.9935956 51.0291738, -113.9937042 51.0291737, -113.9938129 51.0291735, -113.9939215 51.0291733, -113.9940302 51.0291732, -113.99403 51.0288446, -113.9939215 51.0288447, -113.9938129 51.0288449, -113.9937043 51.028845, -113.9935957 51.0288452, -113.9934871 51.0288453, -113.9933785 51.0288455)))"
4448 BRENTWOOD GR NW,Residential,BRENTWOOD,S-FUD,"MULTIPOLYGON (((-114.1396542 51.0937348, -114.139819 51.0938344, -114.1399113 51.0938333, -114.1401975 51.0936457, -114.1399857 51.0935175, -114.1396542 51.0937348)))"
1360 128 AV NE,Non-Residential,STONEY 1,S-FUD,"MULTIPOLYGON (((-114.0292953 51.1688378, -114.0292949 51.168838, -114.0291702 51.1689214, -114.025702 51.1712413, -114.0250825 51.1716557, -114.0250823 51.1720555, -114.0250823 51.1720558, -114.0268005 51.1709065, -114.0297725 51.1689185, -114.0298935 51.1688376, -114.0292953 51.1688378)))"
2238 48 AV SE,Non-Residential,VALLEYFIELD,S-FUD,"MULTIPOLYGON (((-114.0067493 51.0109603, -114.0068586 51.0109603, -114.0069667 51.0109604, -114.0069665 51.0106208, -114.0068587 51.0106208, -114.0067491 51.0106207, -114.0067493 51.0109603)))"
2528 49 AV SE,Residential,VALLEYFIELD,S-FUD,"MULTIPOLYGON (((-114.000244 51.0097047, -114.0001356 51.0097049, -114.0000271 51.0097051, -113.9999186 51.0097052, -113.9998102 51.0097054, -113.9997017 51.0097056, -113.9995933 51.0097057, -113.9994848 51.0097059, -113.9993763 51.009706, -113.9992679 51.0097062, -113.9991912 51.0097066, -113.9991911 51.0097857, -113.9991904 51.0100458, -113.9992674 51.0100458, -113.9993007 51.0100457, -113.9993759 51.0100457, -113.9994843 51.0100455, -113.9995928 51.0100453, -113.9997013 51.0100452, -113.9998098 51.010045, -113.9999183 51.0100449, -114.0000268 51.0100447, -114.0001353 51.0100446, -114.0002438 51.0100444, -114.000244 51.0097047)))"
180 DISCOVERY DR SW,Non-Residential,DISCOVERY RIDGE,S-FUD,"MULTIPOLYGON (((-114.1878725 51.0101531, -114.1907375 51.0110863, -114.1907389 51.0103427, -114.1907389 51.0103337, -114.1907389 51.0103222, -114.1907389 51.010251, -114.1907389 51.0101799, -114.1907389 51.0101045, -114.1907389 51.0099609, -114.1907389 51.0099605, -114.1907391 51.0092932, -114.1907392 51.0088547, -114.1907389 51.0088547, -114.1878734 51.0088506, -114.1878725 51.0101531)))"
920 COUNTRY HILLS BV NE,Non-Residential,STONEY 1,S-FUD,"MULTIPOLYGON (((-114.0364865 51.1616079, -114.036486 51.1618246, -114.0365965 51.1616075, -114.0376334 51.1595705, -114.0377565 51.1593216, -114.0378729 51.1590715, -114.0379827 51.1588201, -114.0380857 51.1585676, -114.038182 51.1583141, -114.0382715 51.1580597, -114.0383542 51.1578043, -114.0384301 51.157548, -114.0392213 51.1547475, -114.0368653 51.1545924, -114.0364887 51.1556873, -114.0364887 51.1557352, -114.0364886 51.1559122, -114.0364876 51.1579919, -114.0364871 51.1595851, -114.0364862 51.1608641, -114.0364869 51.1612718, -114.0364866 51.1613091, -114.0364865 51.1616079)))"
1727 MEMORIAL DR NE,Non-Residential,BRIDGELAND/RIVERSIDE,S-FUD,"MULTIPOLYGON (((-114.0192047 51.046618, -114.01942 51.0466556, -114.0194373 51.0466586, -114.0195181 51.0466722, -114.0195194 51.0466565, -114.0195191 51.0466221, -114.0195214 51.0465871, -114.0195247 51.0465606, -114.0195283 51.0465351, -114.019527 51.0465081, -114.0195216 51.0464778, -114.0195173 51.0464436, -114.0195126 51.0464182, -114.0195064 51.0463935, -114.0194998 51.0463701, -114.0194939 51.0463449, -114.0194789 51.0463111, -114.0194646 51.0462759, -114.0194456 51.0462455, -114.0194338 51.0462103, -114.0194332 51.0461926, -114.0194329 51.0461823, -114.0194319 51.0461546, -114.0194278 51.0461294, -114.0194221 51.0461041, -114.0194167 51.0460792, -114.0194038 51.0460435, -114.0193892 51.0460097, -114.0193926 51.0459846, -114.0193919 51.0459576, -114.0193906 51.0459303, -114.0193895 51.0459027, -114.0193887 51.0458744, -114.0193862 51.0458474, -114.019385 51.045819, -114.0193828 51.0457915, -114.0193798 51.0457656, -114.0193791 51.0457368, -114.0193779 51.045708, -114.0193756 51.0456819, -114.0193724 51.0456557, -114.0193712 51.0456279, -114.0193685 51.0456011, -114.0193641 51.0455752, -114.0193586 51.0455486, -114.0193604 51.045513, -114.0193606 51.0454853, -114.0193545 51.0454511, -114.0193477 51.0454212, -114.0193391 51.0453872, -114.019336 51.0453788, -114.0192086 51.0452644, -114.0191618 51.04523, -114.0191138 51.0452009, -114.0190834 51.045187, -114.0191138 51.0457269, -114.0191297 51.0459598, -114.0191511 51.0461925, -114.0191756 51.0464053, -114.0192047 51.046618)))"
1350 128 AV NE,Farm Land,STONEY 1,S-FUD,"MULTIPOLYGON (((-114.0308411 51.1688375, -114.0306875 51.1688374, -114.0304731 51.1688377, -114.029894 51.1688378, -114.0297727 51.168919, -114.0250817 51.1720559, -114.0250814 51.1727249, -114.0250813 51.1728563, -114.0300252 51.1695504, -114.0302002 51.1694324, -114.0303732 51.1693132, -114.0305442 51.1691929, -114.0307132 51.1690715, -114.0307971 51.1690102, -114.0310279 51.1688375, -114.0309139 51.1688375, -114.0308411 51.1688375)))"
5099 68 ST SE,Non-Residential,STARFIELD,S-FUD,"MULTIPOLYGON (((-113.9353127 51.009816, -113.9369503 51.0098162, -113.9369499 51.0088561, -113.9354297 51.0088568, -113.9353125 51.0088568, -113.9353127 51.009816)))"
2655R STONEY TR SW,Non-Residential,DISCOVERY RIDGE,S-FUD,"MULTIPOLYGON (((-114.1918441 51.0114427, -114.1918441 51.0114249, -114.1918443 51.0113094, -114.1918446 51.0110852, -114.1918449 51.0108986, -114.1918442 51.0108808, -114.1918368 51.0108772, -114.1917934 51.0108561, -114.1917045 51.0108128, -114.1916074 51.0107655, -114.191518 51.010722, -114.1914287 51.0106785, -114.1913394 51.0106351, -114.19125 51.0105916, -114.1912365 51.010585, -114.1911472 51.0105415, -114.1910578 51.010498, -114.1909685 51.0104545, -114.1908792 51.010411, -114.1907389 51.0103427, -114.1907375 51.0110863, -114.1912591 51.0112556, -114.1916711 51.0113893, -114.1917571 51.0114166, -114.1918441 51.0114427)))"
12421 15 ST NE,Farm Land,STONEY 1,S-FUD,"MULTIPOLYGON (((-114.0344446 51.1616113, -114.0335119 51.1642985, -114.032877 51.1661277, -114.0338149 51.1662322, -114.0339462 51.1660759, -114.0340746 51.1659186, -114.0342001 51.1657605, -114.0343228 51.1656015, -114.0344426 51.1654417, -114.0345595 51.1652809, -114.0346735 51.1651194, -114.0347846 51.1649571, -114.0348927 51.164794, -114.0349979 51.1646301, -114.0351001 51.1644655, -114.0351993 51.1643002, -114.0352956 51.1641342, -114.0353888 51.1639675, -114.035479 51.1638001, -114.0355662 51.1636321, -114.036486 51.1618246, -114.0364865 51.1616079, -114.036297 51.1616081, -114.0360655 51.1616084, -114.0344446 51.1616113)))"
120 STRANDELL CR SW,Non-Residential,STRATHCONA PARK,S-FUD,"MULTIPOLYGON (((-114.1657048 51.0508634, -114.1675783 51.0514719, -114.1675775 51.051435, -114.1675791 51.051398, -114.1675831 51.0513612, -114.1675895 51.0513245, -114.1675981 51.0512879, -114.1676092 51.0512517, -114.1676225 51.0512157, -114.1676382 51.0511801, -114.1678603 51.0507121, -114.1678169 51.0506602, -114.1677139 51.0506358, -114.1676136 51.0506074, -114.1675164 51.050575, -114.1674225 51.0505389, -114.1673325 51.0504992, -114.1672465 51.0504559, -114.1671651 51.0504094, -114.1670885 51.0503598, -114.1670243 51.050318, -114.1669562 51.0502787, -114.1668845 51.0502419, -114.1668096 51.0502079, -114.1666151 51.0503895, -114.1664461 51.0503826, -114.1663161 51.0503772, -114.1661643 51.050371, -114.1660472 51.0503662, -114.1658954 51.0503599, -114.1657654 51.0503546, -114.1657333 51.0503546, -114.1657048 51.0508634)))"
1111 50 AV SW,Residential,GLENMORE PARK,S-FUD,"MULTIPOLYGON (((-114.0869404 51.0077873, -114.0868564 51.0078325, -114.0867767 51.0078797, -114.0865581 51.0080153, -114.0864276 51.0081929, -114.0863996 51.0082591, -114.0863716 51.0083252, -114.0863437 51.0083914, -114.0863157 51.0084576, -114.0862424 51.0086309, -114.0869148 51.0086316, -114.0879577 51.0086315, -114.0879577 51.0085955, -114.0873401 51.0081048, -114.0869404 51.0077873)))"
1111 50 AV SW,Residential,GLENMORE PARK,S-FUD,"MULTIPOLYGON (((-114.0869404 51.0077873, -114.0868564 51.0078325, -114.0867767 51.0078797, -114.0865581 51.0080153, -114.0864276 51.0081929, -114.0863996 51.0082591, -114.0863716 51.0083252, -114.0863437 51.0083914, -114.0863157 51.0084576, -114.0862424 51.0086309, -114.0869148 51.0086316, -114.0879577 51.0086315, -114.0879577 51.0085955, -114.0873401 51.0081048, -114.0869404 51.0077873)))"
6789 COACH HILL RD SW,Residential,COACH HILL,S-FUD,"MULTIPOLYGON (((-114.1875226 51.0560238, -114.1874807 51.0560708, -114.1874357 51.0561168, -114.1873878 51.0561615, -114.1873371 51.056205, -114.1872836 51.0562472, -114.1872274 51.056288, -114.1871687 51.0563273, -114.1871074 51.0563651, -114.1871004 51.0564247, -114.1871624 51.0564754, -114.187222 51.0565272, -114.187279 51.0565802, -114.1873335 51.0566342, -114.1873853 51.0566893, -114.1874344 51.0567453, -114.1874808 51.0568022, -114.1875245 51.0568599, -114.1875226 51.0560238)))"
5510 50 AV SE,Non-Residential,STARFIELD,S-FUD,"MULTIPOLYGON (((-113.9471675 51.0102821, -113.9471992 51.010241, -113.9472282 51.0101991, -113.9472545 51.0101565, -113.947278 51.0101133, -113.9472986 51.0100694, -113.9473165 51.0100251, -113.9473314 51.0099804, -113.9473434 51.0099354, -113.9473525 51.00989, -113.9473587 51.0098445, -113.9473619 51.0097988, -113.9473622 51.0097531, -113.9473594 51.0097075, -113.9473538 51.0096619, -113.9473452 51.0096165, -113.9473337 51.0095714, -113.9473192 51.0095266, -113.9473019 51.0094822, -113.9472817 51.0094383, -113.9472587 51.009395, -113.9472329 51.0093523, -113.9472044 51.0093102, -113.9471732 51.009269, -113.9471393 51.0092285, -113.9471028 51.009189, -113.9470638 51.0091505, -113.9470224 51.0091129, -113.9469785 51.0090765, -113.9469324 51.0090412, -113.946884 51.0090072, -113.9468334 51.0089744, -113.9467807 51.0089429, -113.9467832 51.0106613, -113.9469559 51.0105041, -113.9470132 51.0104503, -113.9470676 51.0103953, -113.947119 51.0103392, -113.9471675 51.0102821)))"
10934 TRANS CANADA HI NW,Non-Residential,VALLEY RIDGE,S-FUD,"MULTIPOLYGON (((-114.2460892 51.0892393, -114.2468386 51.0892407, -114.2469472 51.0892425, -114.2470554 51.0892475, -114.2471632 51.0892558, -114.2472702 51.0892672, -114.2473762 51.0892818, -114.247481 51.0892995, -114.2475844 51.0893203, -114.2476861 51.0893441, -114.2477859 51.0893709, -114.2478836 51.0894007, -114.2479789 51.0894333, -114.2480717 51.0894687, -114.2481617 51.0895068, -114.2482488 51.0895475, -114.2483327 51.0895908, -114.2484133 51.0896364, -114.2484073 51.0895424, -114.2484017 51.0894967, -114.2483905 51.0894513, -114.2483738 51.0894067, -114.2483517 51.0893629, -114.2483243 51.0893204, -114.2482919 51.0892793, -114.2482545 51.0892398, -114.2482124 51.0892023, -114.2481658 51.089167, -114.2481151 51.089134, -114.2480604 51.0891035, -114.2480023 51.0890757, -114.2479409 51.0890508, -114.2478766 51.089029, -114.2478099 51.0890103, -114.2477411 51.0889949, -114.2475978 51.0889683, -114.2474531 51.0889447, -114.2473073 51.0889241, -114.2471604 51.0889065, -114.2470128 51.088892, -114.2468644 51.0888805, -114.2467156 51.0888721, -114.2465663 51.0888669, -114.2458751 51.0888495, -114.2449462 51.0888262, -114.2401203 51.088817, -114.2401211 51.0892279, -114.2445936 51.0892364, -114.2446619 51.0892366, -114.2448301 51.0892369, -114.2450367 51.0892373, -114.2452022 51.0892376, -114.2460892 51.0892393)))"
6305 17 AV SW,Non-Residential,SIGNAL HILL,S-FUD,"MULTIPOLYGON (((-114.1771366 51.0364112, -114.1771979 51.0364227, -114.1773563 51.0364537, -114.1772162 51.0363554, -114.1771373 51.0363003, -114.1771368 51.0363551, -114.1771366 51.0364112)))"
835R DEERFOOT TR SE,Non-Residential,BRIDGELAND/RIVERSIDE,S-FUD,"MULTIPOLYGON (((-114.0164117 51.0451913, -114.0163965 51.0452561, -114.0163931 51.0452708, -114.0166081 51.0452908, -114.0166266 51.0452116, -114.0166398 51.0451553, -114.0164248 51.0451353, -114.0164117 51.0451913)))"
2507 48 AV SE,Non-Residential,VALLEYFIELD,S-FUD,"MULTIPOLYGON (((-114.0006777 51.0100985, -114.0006777 51.0104382, -114.0007862 51.0104381, -114.0008947 51.0104379, -114.0010032 51.0104377, -114.0011118 51.0104376, -114.0012203 51.0104374, -114.0013288 51.0104373, -114.0014374 51.0104371, -114.0015025 51.0104369, -114.0015459 51.0104368, -114.0015457 51.0100971, -114.001503 51.0100973, -114.0014862 51.0100971, -114.0014372 51.0100974, -114.0013287 51.0100976, -114.0012202 51.0100977, -114.0011117 51.0100979, -114.0010032 51.0100981, -114.0008947 51.0100982, -114.0007862 51.0100984, -114.0006777 51.0100985)))"
16910 69 ST SW,Farm Land,RESIDUAL WARD 13 - SUB AREA 13F,S-FUD,"MULTIPOLYGON (((-114.1750055 50.9031842, -114.1750065 50.9068047, -114.1864485 50.9068227, -114.1864425 50.8997204, -114.1816815 50.8997127, -114.1812592 50.8998646, -114.1809098 50.9004256, -114.1805353 50.9017568, -114.1804701 50.9021539, -114.1807746 50.9026059, -114.1795358 50.9026148, -114.1788528 50.9021625, -114.1789133 50.899626, -114.1789147 50.8995712, -114.1780869 50.8995692, -114.1764527 50.8995664, -114.1750047 50.8995638, -114.1750055 50.9031842)))"
2412 50 AV SE,Non-Residential,VALLEYFIELD,S-FUD,"MULTIPOLYGON (((-114.0021198 51.0095216, -114.0021582 51.0095216, -114.0022667 51.0095217, -114.0023753 51.0095218, -114.0024838 51.0095219, -114.0025924 51.0095219, -114.0027009 51.009522, -114.0028095 51.0095221, -114.002918 51.0095222, -114.0030266 51.0095223, -114.0031351 51.0095224, -114.0032437 51.0095225, -114.0033522 51.0095225, -114.0034607 51.0095226, -114.0035693 51.0095227, -114.0036778 51.0095228, -114.0037816 51.0095229, -114.0038917 51.0094024, -114.0039161 51.0093757, -114.0039159 51.0091833, -114.0038947 51.0091833, -114.0037861 51.0091832, -114.0036776 51.0091831, -114.003569 51.009183, -114.0034605 51.009183, -114.0033519 51.0091829, -114.0032434 51.0091828, -114.0031348 51.0091827, -114.0030263 51.0091826, -114.0029177 51.0091826, -114.0028092 51.0091825, -114.0027006 51.0091824, -114.0025921 51.0091823, -114.0024835 51.0091822, -114.002375 51.0091822, -114.0022664 51.0091821, -114.0021578 51.009182, -114.0020493 51.0091819, -114.0019407 51.0091818, -114.0018322 51.0091817, -114.0018325 51.0095214, -114.0019411 51.0095214, -114.0020496 51.0095215, -114.0021198 51.0095216)))"
17000 69 ST SW,Residential,RESIDUAL WARD 13 - SUB AREA 13F,S-FUD,"MULTIPOLYGON (((-114.1788528 50.9021625, -114.1795358 50.9026148, -114.1807746 50.9026059, -114.1804701 50.9021539, -114.1805353 50.9017568, -114.1809098 50.9004256, -114.1812592 50.8998646, -114.1816815 50.8997127, -114.1864425 50.8997204, -114.1864424 50.8995834, -114.1862649 50.8995825, -114.1862475 50.8995831, -114.1862042 50.8995831, -114.1861782 50.8995824, -114.1832169 50.8995777, -114.1815476 50.899575, -114.181461 50.8995749, -114.1792943 50.8995713, -114.1789147 50.8995712, -114.1789133 50.899626, -114.1788528 50.9021625)))"
2412 50 AV SE,Non-Residential,VALLEYFIELD,S-FUD,"MULTIPOLYGON (((-114.0018321 51.0091269, -114.0019407 51.009127, -114.0020492 51.0091271, -114.0021578 51.0091272, -114.0022664 51.0091273, -114.0023749 51.0091274, -114.0024835 51.0091274, -114.002592 51.0091275, -114.0027006 51.0091276, -114.0028091 51.0091277, -114.0029177 51.0091278, -114.0030262 51.0091278, -114.0031348 51.0091279, -114.0032433 51.009128, -114.0033519 51.0091281, -114.0034604 51.0091281, -114.003569 51.0091282, -114.0036775 51.0091283, -114.0037861 51.0091284, -114.0038947 51.0091285, -114.0039159 51.0091285, -114.0039158 51.0089493, -114.0039144 51.0089342, -114.0039104 51.0089193, -114.0039037 51.0089048, -114.0038946 51.0088908, -114.0038749 51.0088701, -114.0038497 51.0088519, -114.0038197 51.0088368, -114.003786 51.0088253, -114.0037631 51.0088201, -114.0037394 51.0088166, -114.0036774 51.0088096, -114.0035688 51.0087975, -114.0034883 51.0087885, -114.0034602 51.0087885, -114.0033517 51.0087884, -114.0032431 51.0087883, -114.0031345 51.0087882, -114.003026 51.0087882, -114.0029174 51.0087881, -114.0028088 51.008788, -114.0027003 51.0087879, -114.0025917 51.0087879, -114.0024832 51.0087878, -114.0023746 51.0087877, -114.002266 51.0087876, -114.0021575 51.0087876, -114.0020489 51.0087875, -114.0019403 51.0087874, -114.0018318 51.0087873, -114.0018321 51.0091269)))"
84 ST GEORGES DR NE,Non-Residential,BRIDGELAND/RIVERSIDE,S-FUD,"MULTIPOLYGON (((-114.0234561 51.0522396, -114.0237862 51.052239, -114.0240836 51.0522384, -114.0242278 51.0522381, -114.0250099 51.0522446, -114.025013 51.0509758, -114.025013 51.050795, -114.0250134 51.0495342, -114.0250134 51.0493534, -114.0250136 51.0487223, -114.0229496 51.0487438, -114.0215682 51.048758, -114.0210694 51.0487632, -114.0205416 51.0489636, -114.0204245 51.049008, -114.020259 51.0490709, -114.0202707 51.0490818, -114.0202863 51.0491145, -114.0202931 51.0491491, -114.0203053 51.049181, -114.0203186 51.0492143, -114.0203284 51.0492462, -114.0203345 51.0492804, -114.0203413 51.0493103, -114.0203499 51.0493443, -114.0203574 51.0493754, -114.0203646 51.0494095, -114.0203731 51.0494434, -114.0203762 51.0494561, -114.0203789 51.0494882, -114.0203842 51.0495207, -114.0203984 51.0495799, -114.0204138 51.0496598, -114.0204281 51.0497008, -114.0204354 51.0497253, -114.0204339 51.049754, -114.0204482 51.0497913, -114.0204713 51.0498095, -114.0204681 51.049828, -114.0204706 51.0498458, -114.0204744 51.0498648, -114.0204812 51.0498965, -114.0205051 51.0499557, -114.0205234 51.0500297, -114.0205388 51.0500676, -114.020558 51.0501136, -114.0205615 51.0501469, -114.0205779 51.0501857, -114.0205914 51.0502153, -114.0206051 51.0502497, -114.020621 51.0502895, -114.0206505 51.0503201, -114.0206448 51.0503294, -114.0206398 51.0503593, -114.0206379 51.050388, -114.0206428 51.0504208, -114.020675 51.050478, -114.0206989 51.0505354, -114.0207149 51.0505571, -114.0207326 51.0506042, -114.0207518 51.0506692, -114.0207769 51.0507173, -114.02079 51.0507388, -114.0207979 51.0507632, -114.0208217 51.0507995, -114.0208657 51.0508981, -114.0208926 51.0509679, -114.0209263 51.0510583, -114.0209596 51.0511223, -114.0209571 51.0511343, -114.0209601 51.0511605, -114.0209752 51.0512018, -114.0210155 51.0512656, -114.0210277 51.051286, -114.0234495 51.0512809, -114.0234522 51.0512808, -114.0234522 51.0512815, -114.0234561 51.0522396)))"
2220 SARCEE TR NW,Farm Land,BOWNESS,S-FUD,"MULTIPOLYGON (((-114.1834132 51.074805, -114.1836531 51.0747049, -114.1860542 51.076366, -114.1870548 51.0767552, -114.1867864 51.0764156, -114.1865704 51.0761472, -114.1863483 51.0758809, -114.1861202 51.0756166, -114.1858861 51.0753543, -114.185646 51.0750942, -114.1854 51.0748363, -114.1851481 51.0745806, -114.1848905 51.0743272, -114.1847186 51.0741627, -114.1845443 51.0739992, -114.1843675 51.0738367, -114.1841883 51.0736753, -114.1840066 51.073515, -114.1838226 51.0733557, -114.1836362 51.0731976, -114.1834474 51.0730405, -114.1832563 51.0728846, -114.1830628 51.0727299, -114.182867 51.0725762, -114.1826689 51.0724238, -114.1824685 51.0722725, -114.1822659 51.0721224, -114.182061 51.0719736, -114.1818539 51.0718259, -114.1818531 51.074167, -114.1823331 51.0739669, -114.1827839 51.0743167, -114.1828731 51.0743859, -114.1834132 51.074805)))"
8080 9 AV SE,Residential,HUXLEY,S-FUD,"MULTIPOLYGON (((-113.9177196 51.0443654, -113.9177198 51.0451957, -113.9185287 51.0451958, -113.9185322 51.0443653, -113.9177196 51.0443654)))"
2412 50 AV SE,Non-Residential,VALLEYFIELD,S-FUD,"MULTIPOLYGON (((-114.0018322 51.0091817, -114.0019407 51.0091818, -114.0020493 51.0091819, -114.0021578 51.009182, -114.0022664 51.0091821, -114.002375 51.0091822, -114.0024835 51.0091822, -114.0025921 51.0091823, -114.0027006 51.0091824, -114.0028092 51.0091825, -114.0029177 51.0091826, -114.0030263 51.0091826, -114.0031348 51.0091827, -114.0032434 51.0091828, -114.0033519 51.0091829, -114.0034605 51.009183, -114.003569 51.009183, -114.0036776 51.0091831, -114.0037861 51.0091832, -114.0038947 51.0091833, -114.0039159 51.0091833, -114.0039159 51.0091285, -114.0038947 51.0091285, -114.0037861 51.0091284, -114.0036775 51.0091283, -114.003569 51.0091282, -114.0034604 51.0091281, -114.0033519 51.0091281, -114.0032433 51.009128, -114.0031348 51.0091279, -114.0030262 51.0091278, -114.0029177 51.0091278, -114.0028091 51.0091277, -114.0027006 51.0091276, -114.002592 51.0091275, -114.0024835 51.0091274, -114.0023749 51.0091274, -114.0022664 51.0091273, -114.0021578 51.0091272, -114.0020492 51.0091271, -114.0019407 51.009127, -114.0018321 51.0091269, -114.0018322 51.0091817)))"
1120 SARCEE TR SW,Residential,WILDWOOD,S-FUD,"MULTIPOLYGON (((-114.1645889 51.0629054, -114.1669853 51.0638055, -114.16691 51.06374, -114.1667821 51.0636265, -114.1666567 51.0635119, -114.1665336 51.0633963, -114.1664129 51.0632796, -114.1662947 51.063162, -114.166179 51.0630435, -114.1660657 51.062924, -114.1659549 51.0628035, -114.1658466 51.0626822, -114.1657409 51.06256, -114.1656377 51.0624369, -114.1655371 51.062313, -114.1654391 51.0621883, -114.1653436 51.0620628, -114.1652508 51.0619365, -114.1651607 51.0618094, -114.165083 51.0617621, -114.165007 51.0617136, -114.1649327 51.0616642, -114.1648602 51.0616137, -114.1647894 51.0615623, -114.1647203 51.0615099, -114.1646531 51.0614566, -114.1645878 51.0614024, -114.1645884 51.0622414, -114.1645889 51.0629054)))"
12421 15 ST NE,Farm Land,STONEY 1,S-FUD,"MULTIPOLYGON (((-114.0250831 51.1671897, -114.0252878 51.1677442, -114.0253104 51.1680285, -114.0253229 51.168187, -114.0253313 51.1682918, -114.0252661 51.1685734, -114.0252658 51.1687481, -114.0282724 51.1687474, -114.0278155 51.1674257, -114.0311709 51.1666849, -114.0317057 51.1659972, -114.032448 51.1660799, -114.0339985 51.1616121, -114.0283564 51.1616218, -114.0283556 51.1616218, -114.0278634 51.1616227, -114.0270278 51.1616241, -114.0267844 51.1616246, -114.0261849 51.1616257, -114.0259802 51.161626, -114.0252104 51.1616273, -114.0251961 51.1616273, -114.0251958 51.1616273, -114.0251529 51.1616274, -114.025086 51.1616276, -114.0250831 51.1671897)))"
12515 84 ST SE,Farm Land,RESIDUAL WARD 12 - SUB AREA 12B,S-FUD,"MULTIPOLYGON (((-113.9122466 50.9360096, -113.912239 50.9432415, -113.9169353 50.9432449, -113.9172449 50.9430077, -113.9180543 50.9406295, -113.9180062 50.9379605, -113.9165601 50.9366714, -113.9165484 50.9360151, -113.9122466 50.9360096)))"
7010 STONEY TR NE,Non-Residential,CORNERSTONE,S-FUD,"MULTIPOLYGON (((-113.923504 51.1470034, -113.9235047 51.1426892, -113.9236909 51.1422694, -113.9238046 51.142013, -113.9235048 51.1420131, -113.9228671 51.1420131, -113.9228449 51.1421303, -113.922826 51.1422476, -113.9228102 51.1423652, -113.9227977 51.1424829, -113.9227884 51.1426007, -113.9227823 51.1427186, -113.9227795 51.1428366, -113.9227799 51.1429546, -113.9228481 51.1470035, -113.923504 51.1470034)))"
7209 RAILWAY ST SE,Non-Residential,EAST FAIRVIEW INDUSTRIAL,S-FUD,"MULTIPOLYGON (((-114.0431107 50.991686, -114.0457228 50.9921411, -114.0462717 50.9909598, -114.0461055 50.9908965, -114.0459381 50.9908344, -114.0457695 50.9907735, -114.0455999 50.9907138, -114.0454002 50.9906455, -114.045199 50.9905789, -114.0449965 50.990514, -114.0447926 50.9904509, -114.0445873 50.9903894, -114.0443808 50.9903296, -114.0441731 50.9902716, -114.0439641 50.9902154, -114.0436874 50.990144, -114.0434729 50.9900912, -114.0432573 50.9900402, -114.0430406 50.989991, -114.0428228 50.9899436, -114.0426428 50.989906, -114.0426562 50.9899953, -114.0429094 50.991651, -114.0430887 50.9916822, -114.0431107 50.991686)))"
6606 13 ST SE,Non-Residential,BURNS INDUSTRIAL,S-FUD,"MULTIPOLYGON (((-114.0323131 50.994429, -114.0332484 50.9944308, -114.0332472 50.9943897, -114.0332439 50.994271, -114.0331597 50.9941567, -114.0323142 50.9941551, -114.0323131 50.994429)))"
2912 19 ST NW,Non-Residential,CAPITOL HILL,S-FUD,"MULTIPOLYGON (((-114.1054015 51.0778624, -114.1054005 51.0784248, -114.1061401 51.0784246, -114.1061411 51.0778074, -114.1056895 51.0778074, -114.1056894 51.0778623, -114.1054015 51.0778624)))"
1321 128 AV NE,Non-Residential,STONEY 1,S-FUD,"MULTIPOLYGON (((-114.0252658 51.1687481, -114.0252661 51.1688389, -114.0264292 51.1688382, -114.0283038 51.1688379, -114.0292953 51.1688377, -114.0298935 51.1688376, -114.0306868 51.1688371, -114.0308402 51.1688372, -114.0309127 51.1688372, -114.0310265 51.1688372, -114.031183 51.1687176, -114.0313376 51.168597, -114.0314903 51.1684755, -114.031641 51.168353, -114.0317898 51.1682296, -114.0319366 51.1681053, -114.0320815 51.16798, -114.0322244 51.1678539, -114.0323254 51.1677643, -114.0325268 51.1675788, -114.032724 51.1673915, -114.0329169 51.1672024, -114.0331054 51.1670117, -114.0332894 51.1668192, -114.0334691 51.1666251, -114.0336443 51.1664294, -114.0338149 51.1662322, -114.032877 51.1661277, -114.0335119 51.1642985, -114.0344446 51.1616113, -114.0339985 51.1616121, -114.032448 51.1660799, -114.0317057 51.1659972, -114.0311709 51.1666849, -114.0278155 51.1674257, -114.0282724 51.1687474, -114.0252658 51.1687481)))"
2725 84 AV SE,Residential,SHEPARD INDUSTRIAL,S-FUD,"MULTIPOLYGON (((-113.9972242 50.9773145, -113.9972244 50.9776541, -113.9974415 50.9776536, -113.9974413 50.9773139, -113.9972242 50.9773145)))"
10683 84 ST SE,Farm Land,RESIDUAL WARD 12 - SUB AREA 12A,S-FUD,"MULTIPOLYGON (((-113.9122332 50.9615513, -113.9138932 50.9614498, -113.9138821 50.9609108, -113.9154854 50.960401, -113.9163937 50.957878, -113.9163941 50.957877, -113.9122335 50.9578862, -113.9122332 50.9615513)))"
18545 SHERIFF KING PL SW,Farm Land,SILVERADO,S-FUD,"MULTIPOLYGON (((-114.0548203 50.885389, -114.055603 50.8866652, -114.0563868 50.887942, -114.0616369 50.8866568, -114.0613249 50.8860948, -114.0612232 50.8859111, -114.0611251 50.8857266, -114.0610306 50.8855414, -114.0609397 50.8853555, -114.0608351 50.8851308, -114.0607358 50.8849051, -114.0606418 50.8846785, -114.0605531 50.8844511, -114.0603907 50.884021, -114.0592047 50.8843126, -114.0582775 50.88454, -114.0579137 50.8846292, -114.0572779 50.8847852, -114.0548203 50.885389)))"
18545 SHERIFF KING PL SW,Farm Land,SILVERADO,S-FUD,"MULTIPOLYGON (((-114.0548203 50.885389, -114.055603 50.8866652, -114.0563868 50.887942, -114.0616369 50.8866568, -114.0613249 50.8860948, -114.0612232 50.8859111, -114.0611251 50.8857266, -114.0610306 50.8855414, -114.0609397 50.8853555, -114.0608351 50.8851308, -114.0607358 50.8849051, -114.0606418 50.8846785, -114.0605531 50.8844511, -114.0603907 50.884021, -114.0592047 50.8843126, -114.0582775 50.88454, -114.0579137 50.8846292, -114.0572779 50.8847852, -114.0548203 50.885389)))"
11333 84 ST SE,Non-Residential,RESIDUAL WARD 12 - SUB AREA 12A,S-FUD,"MULTIPOLYGON (((-113.9122289 50.9525212, -113.9122291 50.9528974, -113.9122291 50.9528981, -113.9171788 50.9525765, -113.9171786 50.9525759, -113.916997 50.9522115, -113.9122289 50.9525212)))"
10101 2 AV SW,Non-Residential,RESIDUAL WARD 6,S-FUD,"MULTIPOLYGON (((-114.2339992 51.0745901, -114.2326383 51.0745915, -114.2326417 51.0813308, -114.2340091 51.0813286, -114.2339992 51.0745901)))"
17910 SHERIFF KING ST SW,Residential,SILVERADO,S-FUD,"MULTIPOLYGON (((-114.0641512 50.8903043, -114.070008 50.8903295, -114.0700094 50.8900912, -114.0656581 50.8900925, -114.0640319 50.890093, -114.0641512 50.8903043)))"
17910 SHERIFF KING ST SW,Non-Residential,SILVERADO,S-FUD,"MULTIPOLYGON (((-114.0641512 50.8903043, -114.070008 50.8903295, -114.0700094 50.8900912, -114.0656581 50.8900925, -114.0640319 50.890093, -114.0641512 50.8903043)))"
84 ST GEORGES DR NE,Non-Residential,BRIDGELAND/RIVERSIDE,S-FUD,"MULTIPOLYGON (((-114.019934 51.0491943, -114.0204475 51.0504733, -114.0204636 51.0505135, -114.0204698 51.050529, -114.0204633 51.0504898, -114.0204513 51.0504564, -114.0204353 51.0504157, -114.0204055 51.0503534, -114.0203856 51.0502745, -114.0203585 51.0502005, -114.0203384 51.0501742, -114.0203366 51.0501422, -114.0203187 51.0500969, -114.0203018 51.0500428, -114.0202878 51.0500013, -114.0202906 51.0499623, -114.020266 51.049927, -114.0202488 51.0498906, -114.0202395 51.0498384, -114.020216 51.0497399, -114.0201973 51.0496767, -114.0201867 51.0496507, -114.020186 51.0496137, -114.0201658 51.0495564, -114.0201594 51.0495003, -114.0201599 51.0494883, -114.0201572 51.0494546, -114.0201553 51.04942, -114.0201504 51.0493858, -114.0201438 51.0493525, -114.0201352 51.0493185, -114.020126 51.0492846, -114.0201178 51.0492523, -114.0201103 51.0492183, -114.0201055 51.0491897, -114.0201037 51.0491553, -114.0201025 51.0491303, -114.019934 51.0491943)))"
6620 68 ST SE,Non-Residential,STARFIELD,S-FUD,"MULTIPOLYGON (((-113.9322907 50.9942979, -113.9322892 50.9943751, -113.9322896 50.9951002, -113.9350467 50.9950985, -113.9350476 50.9944556, -113.9350477 50.9943734, -113.9350479 50.9942959, -113.9322907 50.9942979)))"
16011 53 ST SW,Farm Land,RESIDUAL WARD 13 - SUB AREA 13C,S-FUD,"MULTIPOLYGON (((-114.1635538 50.9140433, -114.1749895 50.9140462, -114.1750065 50.9068047, -114.1702773 50.9067971, -114.165531 50.9067893, -114.1635651 50.9067861, -114.1635538 50.9140433)))"
5930 170 AV SW,Residential,RESIDUAL WARD 13 - SUB AREA 13F,S-FUD,"MULTIPOLYGON (((-114.1692865 50.9031746, -114.172146 50.9031794, -114.1721452 50.8995587, -114.1692862 50.8995537, -114.1692865 50.9031746)))"
13311 15 ST NE,Farm Land,STONEY 4,S-FUD,"MULTIPOLYGON (((-114.0250813 51.1735704, -114.0250805 51.1741323, -114.0295427 51.1740599, -114.0317086 51.1740246, -114.0318467 51.1740206, -114.0319843 51.1740132, -114.0321215 51.1740026, -114.0322578 51.1739886, -114.0323932 51.1739713, -114.0325275 51.1739508, -114.0326603 51.1739271, -114.0327916 51.1739001, -114.0329212 51.17387, -114.0330488 51.1738367, -114.0331742 51.1738004, -114.0332973 51.1737611, -114.0334179 51.1737188, -114.0335358 51.1736736, -114.0336509 51.1736257, -114.0337629 51.1735749, -114.0338716 51.1735215, -114.033977 51.1734655, -114.0340789 51.173407, -114.0341771 51.173346, -114.0342715 51.1732828, -114.0343619 51.1732173, -114.0344482 51.1731496, -114.0345302 51.1730799, -114.034608 51.1730083, -114.0346812 51.1729348, -114.0347498 51.1728596, -114.0348138 51.1727829, -114.034873 51.1727046, -114.0349273 51.1726249, -114.0349767 51.172544, -114.035021 51.172462, -114.0364761 51.1724614, -114.0364767 51.1723519, -114.036478 51.1721255, -114.036483 51.1688354, -114.0335892 51.1688364, -114.032032 51.1688362, -114.0318042 51.1688368, -114.0315854 51.1688369, -114.0313629 51.1690068, -114.0311241 51.1691854, -114.0310402 51.1692467, -114.0308677 51.1693707, -114.0306931 51.1694935, -114.0305165 51.1696152, -114.0303379 51.1697358, -114.0250811 51.1732505, -114.0250814 51.1735152, -114.0250813 51.1735704)))"
13311 15 ST NE,Farm Land,STONEY 4,S-FUD,"MULTIPOLYGON (((-114.0250813 51.1735704, -114.0250805 51.1741323, -114.0295427 51.1740599, -114.0317086 51.1740246, -114.0318467 51.1740206, -114.0319843 51.1740132, -114.0321215 51.1740026, -114.0322578 51.1739886, -114.0323932 51.1739713, -114.0325275 51.1739508, -114.0326603 51.1739271, -114.0327916 51.1739001, -114.0329212 51.17387, -114.0330488 51.1738367, -114.0331742 51.1738004, -114.0332973 51.1737611, -114.0334179 51.1737188, -114.0335358 51.1736736, -114.0336509 51.1736257, -114.0337629 51.1735749, -114.0338716 51.1735215, -114.033977 51.1734655, -114.0340789 51.173407, -114.0341771 51.173346, -114.0342715 51.1732828, -114.0343619 51.1732173, -114.0344482 51.1731496, -114.0345302 51.1730799, -114.034608 51.1730083, -114.0346812 51.1729348, -114.0347498 51.1728596, -114.0348138 51.1727829, -114.034873 51.1727046, -114.0349273 51.1726249, -114.0349767 51.172544, -114.035021 51.172462, -114.0364761 51.1724614, -114.0364767 51.1723519, -114.036478 51.1721255, -114.036483 51.1688354, -114.0335892 51.1688364, -114.032032 51.1688362, -114.0318042 51.1688368, -114.0315854 51.1688369, -114.0313629 51.1690068, -114.0311241 51.1691854, -114.0310402 51.1692467, -114.0308677 51.1693707, -114.0306931 51.1694935, -114.0305165 51.1696152, -114.0303379 51.1697358, -114.0250811 51.1732505, -114.0250814 51.1735152, -114.0250813 51.1735704)))"
12303 84 ST SE,Non-Residential,RESIDUAL WARD 12 - SUB AREA 12B,S-FUD,"MULTIPOLYGON (((-113.912239 50.9432415, -113.9122347 50.9467404, -113.9146715 50.9465288, -113.9149675 50.9465035, -113.9148931 50.9457836, -113.9147996 50.9448805, -113.9169353 50.9432449, -113.912239 50.9432415)))"
629 JAMES MCKEVITT RD SW,Non-Residential,MILLRISE,S-FUD,"MULTIPOLYGON (((-114.0741417 50.9211865, -114.0741416 50.9212579, -114.0743588 50.921258, -114.0745761 50.9212582, -114.0747934 50.9212583, -114.0747931 50.9209435, -114.0745761 50.9209435, -114.0743591 50.9209435, -114.0741421 50.9209435, -114.0741417 50.9211865)))"
133 MT ALBERTA PL SE,Residential,MCKENZIE LAKE,S-FUD,"MULTIPOLYGON (((-113.9895419 50.9171338, -113.98954 50.9172114, -113.9896168 50.9170953, -113.9897087 50.917015, -113.9897708 50.9169247, -113.9901001 50.9165094, -113.9896532 50.9163881, -113.9896348 50.9163977, -113.9896149 50.9164061, -113.9895935 50.9164129, -113.9895711 50.9164182, -113.9895479 50.9164219, -113.9895242 50.9164239, -113.9895002 50.9164242, -113.9894764 50.9164228, -113.9894454 50.9164207, -113.9894143 50.9164199, -113.9893832 50.9164207, -113.9893522 50.9164228, -113.9893216 50.9164263, -113.9892915 50.9164313, -113.989262 50.9164376, -113.9892333 50.9164453, -113.9892789 50.9164932, -113.9893208 50.9165423, -113.9893592 50.9165926, -113.9893938 50.9166439, -113.9894161 50.9166808, -113.9894364 50.9167181, -113.9894548 50.9167558, -113.9894712 50.9167938, -113.9894749 50.916803, -113.9894895 50.9168425, -113.9895024 50.9168824, -113.9895134 50.9169224, -113.9895227 50.9169626, -113.9895305 50.9170052, -113.9895363 50.917048, -113.9895401 50.9170909, -113.9895419 50.9171338)))"
223 BEAVER DAM RD NE,Residential,THORNCLIFFE,S-FUD,"MULTIPOLYGON (((-114.0549164 51.1033856, -114.0550065 51.103466, -114.0554293 51.1036369, -114.0560518 51.1037403, -114.0566472 51.1037437, -114.0591481 51.1048798, -114.0591538 51.1033833, -114.0560892 51.1033851, -114.0554367 51.1033854, -114.0549164 51.1033856)))"
5571 STRATHCONA HL SW,Non-Residential,STRATHCONA PARK,S-FUD,"MULTIPOLYGON (((-114.168083 51.052053, -114.1681902 51.0523495, -114.1712503 51.0523532, -114.1712512 51.0520574, -114.1686655 51.052053, -114.168083 51.052053)))"
8535 BOWFORT RD NW,Non-Residential,BOWNESS,S-FUD,"MULTIPOLYGON (((-114.2127179 51.08468, -114.2111186 51.0842907, -114.2111187 51.0843389, -114.2111201 51.0853594, -114.2111202 51.0854011, -114.2111963 51.0854405, -114.2112748 51.0854779, -114.2113558 51.0855133, -114.2114389 51.0855466, -114.2115241 51.0855778, -114.2116113 51.0856068, -114.2117002 51.0856336, -114.2117908 51.085658, -114.2118829 51.0856802, -114.2119764 51.0856999, -114.212071 51.0857173, -114.2121667 51.0857323, -114.2122633 51.0857448, -114.2123606 51.0857548, -114.2124585 51.0857624, -114.2125568 51.0857675, -114.2125715 51.085768, -114.2126674 51.0857717, -114.2127174 51.0857736, -114.2127173 51.0857538, -114.2127174 51.0857354, -114.2127177 51.0849418, -114.2127179 51.08468)))"
7711 144 AV NE,Farm Land,RESIDUAL WARD 5 - SUB AREA 5E,S-FUD,"MULTIPOLYGON (((-113.9220869 51.1833588, -113.9234947 51.1833608, -113.9234952 51.1814547, -113.922292 51.1830816, -113.9220869 51.1833588)))"
12763 COVENTRY HILLS WY NE,Non-Residential,COVENTRY HILLS,S-FUD,"MULTIPOLYGON (((-114.03674 51.1689386, -114.0367396 51.1691812, -114.0373 51.169181, -114.0377169 51.1691809, -114.0379964 51.1691808, -114.0381622 51.1691807, -114.038328 51.1691806, -114.0385026 51.1691806, -114.0386684 51.1691805, -114.0388342 51.1691804, -114.0390089 51.1691804, -114.0391835 51.1691803, -114.0393493 51.1691802, -114.0395066 51.1691802, -114.0396987 51.1691801, -114.0396991 51.1689374, -114.0395248 51.1689375, -114.0393676 51.1689376, -114.0392189 51.1689376, -114.0390617 51.1689377, -114.038913 51.1689378, -114.0387558 51.1689378, -114.0386071 51.1689379, -114.0384499 51.1689379, -114.0383012 51.168938, -114.0381439 51.1689381, -114.0379953 51.1689381, -114.037838 51.1689382, -114.0376894 51.1689382, -114.0375407 51.1689383, -114.0373438 51.1689384, -114.03674 51.1689386)))"
11125 EAMON RD NW,Residential,ROCKY RIDGE,S-FUD,"MULTIPOLYGON (((-114.2484974 51.1402745, -114.2481375 51.1406134, -114.2487643 51.1408042, -114.2489892 51.1405913, -114.2490716 51.1405136, -114.2484974 51.1402745)))"
5302 52 AV SE,Non-Residential,STARFIELD,S-FUD,"MULTIPOLYGON (((-113.9580736 51.0069612, -113.9580736 51.00729, -113.9581466 51.0072899, -113.9582551 51.0072898, -113.9582551 51.0069611, -113.9581465 51.0069612, -113.9580736 51.0069612)))"
1016 SHORT RD NW,Residential,BOWNESS,S-FUD,"MULTIPOLYGON (((-114.1802301 51.0741434, -114.1801674 51.0741656, -114.1797846 51.0743017, -114.1795665 51.0743792, -114.1803206 51.0751537, -114.1803329 51.0751663, -114.1817901 51.0745588, -114.1815231 51.0743046, -114.1810483 51.0738527, -114.1802301 51.0741434)))"
13105 24 ST NE,Farm Land,STONEY 1,S-FUD,"MULTIPOLYGON (((-114.0077346 51.1740823, -114.0078547 51.1741005, -114.0079753 51.1741173, -114.0080964 51.1741326, -114.0082179 51.1741466, -114.0083399 51.1741591, -114.0084622 51.1741701, -114.0085848 51.1741798, -114.0087076 51.174188, -114.0133157 51.1744333, -114.0209385 51.174427, -114.0238682 51.1724677, -114.0247946 51.1718481, -114.0247952 51.1707723, -114.0247517 51.1706881, -114.0245031 51.1702065, -114.0244595 51.1699305, -114.0246118 51.1693707, -114.0246121 51.1689931, -114.0246121 51.1689773, -114.0217218 51.1689832, -114.0210589 51.1689846, -114.0195314 51.1689876, -114.019277 51.1690039, -114.018252 51.1690697, -114.0143066 51.1690723, -114.0133164 51.1690462, -114.0120881 51.1690138, -114.0116887 51.1690033, -114.0104303 51.1690058, -114.0104303 51.1690171, -114.0104358 51.1723942, -114.0077352 51.1723957, -114.0077351 51.172508, -114.0077346 51.1740823)))"
75 BOWDALE CR NW,Residential,BOWNESS,S-FUD,"MULTIPOLYGON (((-114.1803329 51.0751663, -114.1804603 51.0753077, -114.1805854 51.07545, -114.1807083 51.075593, -114.1808288 51.0757369, -114.180947 51.0758815, -114.1810628 51.0760268, -114.1811763 51.0761729, -114.1812874 51.0763196, -114.1814491 51.0765405, -114.1823061 51.0750501, -114.1817901 51.0745588, -114.1803329 51.0751663)))"
1830 SARCEE TR NW,Residential,BOWNESS,S-FUD,"MULTIPOLYGON (((-114.1759196 51.0712036, -114.1788028 51.0736843, -114.1789774 51.0738364, -114.1791491 51.0739897, -114.179318 51.0741443, -114.179484 51.0743002, -114.1795665 51.0743792, -114.1797846 51.0743017, -114.1801674 51.0741656, -114.1802301 51.0741434, -114.1810483 51.0738527, -114.1815231 51.0743046, -114.1815956 51.0742744, -114.1818531 51.074167, -114.1818539 51.0718259, -114.1816339 51.0716721, -114.1814115 51.0715197, -114.1811867 51.0713687, -114.1809595 51.0712191, -114.18073 51.0710709, -114.1804981 51.0709241, -114.180264 51.0707788, -114.1800275 51.070635, -114.1796063 51.0707602, -114.1789504 51.0698333, -114.1785894 51.0696394, -114.1782241 51.0694489, -114.1778546 51.0692616, -114.1774808 51.0690776, -114.1771029 51.068897, -114.1767209 51.0687198, -114.1763349 51.0685461, -114.1759451 51.0683758, -114.1758945 51.0683541, -114.1759131 51.0700604, -114.1759196 51.0712036)))"
175 SHERIFF KING PT SW,Non-Residential,SILVERADO,S-FUD,"MULTIPOLYGON (((-114.0475898 50.8778899, -114.0458854 50.8778856, -114.0475798 50.8806472, -114.0475898 50.8778899)))"
3020 68 ST SE,Non-Residential,RESIDUAL WARD 9 - SUB AREA 9Q,S-FUD,"MULTIPOLYGON (((-113.9235429 51.0269066, -113.9235432 51.0305545, -113.9292808 51.0305529, -113.9350193 51.030551, -113.9350204 51.0293845, -113.9350258 51.0233689, -113.9350258 51.0233241, -113.9292838 51.023325, -113.9235426 51.0233257, -113.9235429 51.0269066)))"
11298 SARCEE TR NW,Non-Residential,SHERWOOD,S-FUD,"MULTIPOLYGON (((-114.1598291 51.154083, -114.1599349 51.1540832, -114.1628557 51.1540881, -114.1628563 51.1539532, -114.162857 51.153785, -114.1599433 51.153861, -114.1540752 51.1540137, -114.1528178 51.1540464, -114.1528178 51.1540713, -114.1528451 51.1540714, -114.1539701 51.1540733, -114.1577138 51.1540795, -114.1577667 51.1540796, -114.1598291 51.154083)))"
7603 144 AV NE,Farm Land,RESIDUAL WARD 5 - SUB AREA 5E,S-FUD,"MULTIPOLYGON (((-113.9242669 51.1833618, -113.9243878 51.1833619, -113.9349781 51.1833708, -113.9349792 51.1782431, -113.934436 51.1784006, -113.9304886 51.1784037, -113.9246032 51.1801244, -113.9245318 51.1801444, -113.9244464 51.1801689, -113.9243928 51.1802408, -113.9238655 51.1809547, -113.9234952 51.1814547, -113.9234947 51.1833608, -113.9238653 51.1833615, -113.9240052 51.1833615, -113.9242669 51.1833618)))"
90 ST GEORGES DR NE,Non-Residential,BRIDGELAND/RIVERSIDE,S-FUD,"MULTIPOLYGON (((-114.0255998 51.0509759, -114.0250563 51.0509758, -114.0250563 51.051044, -114.0250563 51.0511123, -114.0250563 51.0511805, -114.0250562 51.0512487, -114.0250562 51.0513169, -114.0250562 51.0513851, -114.0250562 51.0514534, -114.0250562 51.0515216, -114.0250561 51.0515898, -114.0250561 51.051658, -114.0250561 51.0517263, -114.0250561 51.0517945, -114.0250561 51.0518627, -114.025056 51.0519309, -114.025056 51.0519991, -114.025056 51.0520674, -114.025056 51.0521356, -114.025056 51.0522366, -114.0252994 51.0522361, -114.0253304 51.0522362, -114.025353 51.0522357, -114.0253755 51.052234, -114.0253977 51.0522312, -114.0254195 51.0522273, -114.0254407 51.0522224, -114.0254612 51.0522163, -114.0254808 51.0522093, -114.0254995 51.0522013, -114.0255242 51.0521878, -114.0255454 51.0521721, -114.0255625 51.0521546, -114.0255752 51.0521357, -114.0255834 51.0521147, -114.0255862 51.0520932, -114.0255863 51.0520675, -114.0255866 51.0519993, -114.0255868 51.0519311, -114.0255871 51.0518628, -114.0255874 51.0517946, -114.0255876 51.0517264, -114.0255879 51.0516581, -114.0255881 51.0515899, -114.0255884 51.0515217, -114.0255886 51.0514534, -114.0255889 51.0513852, -114.0255892 51.051317, -114.0255894 51.0512487, -114.0255897 51.0511805, -114.0255897 51.0511685, -114.0255908 51.0511123, -114.0255941 51.0510441, -114.0255998 51.0509759)))"
425 80 AV NE,Non-Residential,HUNTINGTON HILLS,S-FUD,"MULTIPOLYGON (((-114.0483355 51.1250236, -114.0495939 51.1250281, -114.0495031 51.124836, -114.0489453 51.1236561, -114.0483712 51.123654, -114.0483355 51.1250236)))"
5603 BOW TR SW,Non-Residential,STRATHCONA PARK,S-FUD,"MULTIPOLYGON (((-114.1665743 51.0532289, -114.1666076 51.0532627, -114.1666444 51.0532949, -114.1666847 51.0533256, -114.1667282 51.0533544, -114.1667747 51.0533813, -114.166824 51.0534062, -114.1668759 51.0534288, -114.1669301 51.0534493, -114.16695 51.0534076, -114.1669645 51.053365, -114.1669732 51.0533218, -114.1669762 51.0532783, -114.1669788 51.0525288, -114.1659345 51.0525274, -114.1665743 51.0532289)))"
5001 13 AV NW,Residential,MONTGOMERY,S-FUD,"MULTIPOLYGON (((-114.1708983 51.0730586, -114.1712031 51.0732539, -114.1730324 51.0721211, -114.1732549 51.0719849, -114.1730496 51.0717278, -114.1708983 51.0730586)))"
2720 MCKENZIE MEADOWS DR SE,Non-Residential,FISH CREEK PARK,S-FUD,"MULTIPOLYGON (((-113.9973485 50.8922722, -113.9973458 50.8922722, -113.997348 50.8922729, -113.99757 50.8923384, -113.9977391 50.8925029, -113.9978039 50.8927718, -113.9978551 50.8930432, -113.9979174 50.8931819, -113.9979176 50.8931824, -113.9979199 50.893182, -113.9979584 50.8931752, -113.9983913 50.8930996, -113.9983831 50.8922703, -113.9973485 50.8922722)))"
72 ST GEORGES DR NE,Non-Residential,BRIDGELAND/RIVERSIDE,S-FUD,"MULTIPOLYGON (((-114.0250567 51.0496025, -114.0250567 51.0496707, -114.0250567 51.0497389, -114.0250567 51.0498071, -114.0250567 51.0498754, -114.0250566 51.0499436, -114.0250566 51.0500118, -114.0250566 51.05008, -114.0250566 51.0501483, -114.0250565 51.0502165, -114.0250565 51.0502847, -114.0250565 51.0503529, -114.0250565 51.0504211, -114.0250565 51.0504894, -114.0250564 51.0505576, -114.0250564 51.0506258, -114.0250564 51.050694, -114.0250564 51.050795, -114.0256188 51.0507951, -114.0256192 51.0506942, -114.0256194 51.0506401, -114.0256184 51.050626, -114.0256136 51.0505578, -114.0256087 51.0504896, -114.0256039 51.0504213, -114.0255991 51.0503531, -114.0255943 51.0502849, -114.0255895 51.0502166, -114.0255846 51.0501484, -114.0255798 51.0500802, -114.025575 51.050012, -114.0255702 51.0499437, -114.0255654 51.0498755, -114.0255606 51.0498073, -114.0255558 51.049739, -114.0255509 51.0496708, -114.0255461 51.0496026, -114.0255413 51.0495343, -114.0250568 51.0495342, -114.0250567 51.0496025)))"
5419 51 AV SE,Non-Residential,STARFIELD,S-FUD,"MULTIPOLYGON (((-113.9536263 51.0073483, -113.9536263 51.0077043, -113.9557975 51.0077026, -113.9557974 51.0073467, -113.9536263 51.0073483)))"
5011 13 AV NW,Residential,MONTGOMERY,S-FUD,"MULTIPOLYGON (((-114.1712031 51.0732539, -114.171508 51.0734492, -114.1734602 51.072242, -114.1732549 51.0719849, -114.1730324 51.0721211, -114.1712031 51.0732539)))"
3601 144 AV NE,Non-Residential,STONEY 4,S-FUD,"MULTIPOLYGON (((-113.9818045 51.181559, -113.9818045 51.1820195, -113.9818043 51.1830328, -113.9818042 51.1831017, -113.9818042 51.1831972, -113.9818043 51.1833676, -113.9933057 51.1833632, -113.9933054 51.1830969, -113.9933034 51.1815544, -113.9818045 51.181559)))"
1641 CREEK RD NE,Non-Residential,BRIDGELAND/RIVERSIDE,S-FUD,"MULTIPOLYGON (((-114.0223681 51.0465227, -114.0224614 51.0465228, -114.0224591 51.0461938, -114.0223675 51.0461938, -114.0223681 51.0465227)))"
56 ST GEORGES DR NE,Non-Residential,BRIDGELAND/RIVERSIDE,S-FUD,"MULTIPOLYGON (((-114.0250136 51.0485184, -114.0250571 51.0485184, -114.0250571 51.0485866, -114.0250571 51.0486548, -114.025057 51.048723, -114.025057 51.0487913, -114.025057 51.0488595, -114.025057 51.0489277, -114.0250569 51.0489959, -114.0250569 51.0490642, -114.0250569 51.0491324, -114.0250569 51.0492006, -114.0250569 51.0492688, -114.0250568 51.0493534, -114.0255285 51.0493536, -114.0255225 51.0492685, -114.0255177 51.0492, -114.0255129 51.0491315, -114.025508 51.049063, -114.0255032 51.0489945, -114.0254984 51.0489261, -114.0254935 51.0488576, -114.0254887 51.0487891, -114.0254839 51.0487206, -114.025479 51.0486521, -114.0254742 51.0485836, -114.0254727 51.0485623, -114.0254416 51.0485184, -114.0253135 51.0483376, -114.0251208 51.0480656, -114.0250138 51.0480656, -114.0250137 51.0483375, -114.0250136 51.0485184)))"
5420 51 AV SE,Non-Residential,STARFIELD,S-FUD,"MULTIPOLYGON (((-113.9536258 51.0079785, -113.9536258 51.0083345, -113.9557973 51.0083327, -113.9557972 51.0079766, -113.9536258 51.0079785)))"
5023 13 AV NW,Non-Residential,MONTGOMERY,S-FUD,"MULTIPOLYGON (((-114.171508 51.0734492, -114.171688 51.0735646, -114.1721177 51.0738399, -114.174155 51.0725804, -114.1734602 51.072242, -114.171508 51.0734492)))"
9020 68 ST SE,Non-Residential,SECTION 23,S-FUD,"MULTIPOLYGON (((-113.9344119 50.9723259, -113.9342963 50.9724492, -113.9342109 50.9725779, -113.9341327 50.9727067, -113.9341028 50.9728434, -113.9340468 50.9729755, -113.933977 50.9731055, -113.9339083 50.9732366, -113.9338814 50.9733729, -113.9338765 50.9735133, -113.9339691 50.9735645, -113.9341359 50.9734882, -113.9343089 50.9734053, -113.9344847 50.9733234, -113.9346682 50.9732511, -113.934829 50.973172, -113.934841 50.9731661, -113.9349419 50.9731501, -113.9347936 50.972326, -113.9344119 50.9723259)))"
1645 CREEK RD NE,Non-Residential,BRIDGELAND/RIVERSIDE,S-FUD,"MULTIPOLYGON (((-114.0206319 51.0467821, -114.020829 51.0467871, -114.0210263 51.0467879, -114.0212235 51.0467844, -114.0214204 51.0467766, -114.0216168 51.0467646, -114.0218124 51.0467484, -114.0220069 51.0467279, -114.0222003 51.0467033, -114.0211734 51.0467027, -114.021173 51.0465219, -114.0223681 51.0465227, -114.0223675 51.0461938, -114.0216567 51.0461935, -114.0214841 51.0461934, -114.0205419 51.046193, -114.0206319 51.0467821)))"
11027 EAMON RD NW,Residential,ROCKY RIDGE,S-FUD,"MULTIPOLYGON (((-114.2465452 51.1400667, -114.247042 51.1402399, -114.2474647 51.1398414, -114.2469937 51.1396439, -114.2465452 51.1400667)))"
5520 51 AV SE,Non-Residential,STARFIELD,S-FUD,"MULTIPOLYGON (((-113.9511677 51.0079803, -113.9511678 51.0083365, -113.9533392 51.0083347, -113.9533391 51.0079786, -113.9511677 51.0079803)))"
11039 EAMON RD NW,Residential,ROCKY RIDGE,S-FUD,"MULTIPOLYGON (((-114.247042 51.1402399, -114.2475961 51.1404331, -114.2479901 51.1400618, -114.2474647 51.1398414, -114.247042 51.1402399)))"
8260 STONEY TR SE,Non-Residential,RESIDUAL WARD 9 - SUB AREA 9Q,S-FUD,"MULTIPOLYGON (((-113.9228197 51.0305547, -113.9230561 51.0343288, -113.9230623 51.0344001, -113.9230718 51.0344712, -113.9230846 51.034542, -113.9231007 51.0346127, -113.9231201 51.034683, -113.9231427 51.0347529, -113.9231686 51.0348223, -113.9231978 51.0348913, -113.9232301 51.0349597, -113.9232656 51.0350274, -113.9233043 51.0350945, -113.923346 51.0351609, -113.9233909 51.0352264, -113.9234388 51.0352911, -113.9234896 51.0353548, -113.9235435 51.0354176, -113.9235434 51.0340793, -113.9235432 51.0305545, -113.9228197 51.0305547)))"
11107 EAMON RD NW,Residential,ROCKY RIDGE,S-FUD,"MULTIPOLYGON (((-114.2479901 51.1400618, -114.2475961 51.1404331, -114.247947 51.1405554, -114.2481375 51.1406134, -114.2484974 51.1402745, -114.2479901 51.1400618)))"
5440 52 AV SE,Non-Residential,STARFIELD,S-FUD,"MULTIPOLYGON (((-113.9538434 51.0069648, -113.9537348 51.0069649, -113.9536263 51.006965, -113.9536263 51.0072935, -113.9537349 51.0072935, -113.9538434 51.0072934, -113.9538434 51.0069648)))"
5900 DEERFOOT TR SE,Non-Residential,BURNS INDUSTRIAL,S-FUD,"MULTIPOLYGON (((-114.0329427 50.9975908, -114.0307656 50.9975867, -114.0307315 50.998108, -114.0307268 50.9981807, -114.030726 50.9981924, -114.0306603 50.9985907, -114.0304092 50.9991487, -114.0300008 50.9998711, -114.029008 51.0011207, -114.0307011 51.0011231, -114.0319732 50.9993667, -114.0327203 50.9982563, -114.0328195 50.9979594, -114.0328445 50.9978845, -114.0329427 50.9975908)))"
5900 DEERFOOT TR SE,Non-Residential,BURNS INDUSTRIAL,S-FUD,"MULTIPOLYGON (((-114.0329427 50.9975908, -114.0307656 50.9975867, -114.0307315 50.998108, -114.0307268 50.9981807, -114.030726 50.9981924, -114.0306603 50.9985907, -114.0304092 50.9991487, -114.0300008 50.9998711, -114.029008 51.0011207, -114.0307011 51.0011231, -114.0319732 50.9993667, -114.0327203 50.9982563, -114.0328195 50.9979594, -114.0328445 50.9978845, -114.0329427 50.9975908)))"
24 BOWDALE CR NW,Residential,BOWNESS,S-FUD,"MULTIPOLYGON (((-114.1844709 51.0773088, -114.1850565 51.0777138, -114.1853752 51.077531, -114.1865222 51.0768731, -114.186001 51.0765578, -114.1858692 51.0765065, -114.1852836 51.0761015, -114.1838853 51.0769038, -114.1844709 51.0773088)))"
5320 51 AV SE,Non-Residential,STARFIELD,S-FUD,"MULTIPOLYGON (((-113.9560838 51.0079764, -113.9560839 51.0083325, -113.9582553 51.0083307, -113.9582552 51.0079746, -113.9560838 51.0079764)))"
2727R 84 ST SE,Farm Land,RESIDUAL WARD 9 - SUB AREA 9Q,S-FUD,"MULTIPOLYGON (((-113.9171161 51.0233262, -113.9172441 51.0270324, -113.9172439 51.0305555, -113.9182256 51.0305552, -113.9183977 51.0305552, -113.9184547 51.0305551, -113.9184343 51.0296011, -113.9185177 51.0233262, -113.9171161 51.0233262)))"
14608 MACLEOD TR SE,Non-Residential,MIDNAPORE,S-FUD,"MULTIPOLYGON (((-114.0700699 50.9224803, -114.0700804 50.9225748, -114.071554 50.9225746, -114.0715544 50.9220049, -114.0706529 50.9220048, -114.0706535 50.9214348, -114.0702893 50.9214348, -114.0700813 50.9214347, -114.0700699 50.9224803)))"
6400 DEERFOOT TR SE,Non-Residential,BURNS INDUSTRIAL,S-FUD,"MULTIPOLYGON (((-114.0307745 50.9974497, -114.0329884 50.9974539, -114.0332549 50.996656, -114.0333046 50.9964299, -114.0332484 50.9944308, -114.0323131 50.994429, -114.0303232 50.9957296, -114.0305521 50.9961492, -114.0306676 50.9966091, -114.0307745 50.9974497)))"
617 40 AV NE,Non-Residential,GREENVIEW INDUSTRIAL PARK,S-FUD,"MULTIPOLYGON (((-114.050705 51.0886484, -114.0508224 51.0886485, -114.0508259 51.0882742, -114.0501172 51.0882733, -114.050705 51.0886484)))"
11015 EAMON RD NW,Residential,ROCKY RIDGE,S-FUD,"MULTIPOLYGON (((-114.2465452 51.1400667, -114.2469937 51.1396439, -114.2465407 51.1394539, -114.2460675 51.1399002, -114.2465452 51.1400667)))"
36 BOWDALE CR NW,Residential,BOWNESS,S-FUD,"MULTIPOLYGON (((-114.1835926 51.0767013, -114.1838853 51.0769038, -114.1852836 51.0761015, -114.1849908 51.0758989, -114.1835926 51.0767013)))"
13307 24 ST NE,Farm Land,STONEY 1,S-FUD,"MULTIPOLYGON (((-114.0043382 51.1725088, -114.004411 51.1725802, -114.0044864 51.1726505, -114.0045644 51.1727197, -114.004645 51.1727877, -114.0047282 51.1728545, -114.0048139 51.1729201, -114.004902 51.1729844, -114.0049925 51.1730473, -114.0050853 51.1731089, -114.0051805 51.1731691, -114.0052778 51.1732278, -114.0053774 51.1732852, -114.0054791 51.173341, -114.0055829 51.1733953, -114.0056887 51.173448, -114.0057964 51.1734992, -114.005906 51.1735487, -114.0060175 51.1735966, -114.0061308 51.1736429, -114.0062457 51.1736875, -114.0063624 51.1737303, -114.0064805 51.1737714, -114.0066003 51.1738108, -114.0067214 51.1738483, -114.0068439 51.1738841, -114.0069678 51.173918, -114.0070929 51.1739501, -114.0072192 51.1739803, -114.0073465 51.1740087, -114.0074749 51.1740352, -114.0076043 51.1740597, -114.0077346 51.1740823, -114.0077351 51.172508, -114.0043382 51.1725088)))"
14620 MACLEOD TR SE,Non-Residential,MIDNAPORE,S-FUD,"MULTIPOLYGON (((-114.0706535 50.9214348, -114.0706529 50.9220048, -114.0715544 50.9220049, -114.0715546 50.9214351, -114.0714056 50.921435, -114.0710149 50.9214349, -114.0709064 50.9214349, -114.0707559 50.9214349, -114.0706535 50.9214348)))"
7404 40 ST NE,Non-Residential,SADDLE RIDGE INDUSTRIAL,S-FUD,"MULTIPOLYGON (((-113.9761321 51.11968, -113.9761447 51.11968, -113.9761452 51.1187727, -113.9761327 51.1187727, -113.9737979 51.1187706, -113.9737853 51.1187706, -113.9737853 51.1196775, -113.9737979 51.1196775, -113.9761321 51.11968)))"
18668 SHERIFF KING PL SW,Non-Residential,SILVERADO,S-FUD,"MULTIPOLYGON (((-114.0520435 50.8872695, -114.0522025 50.8875011, -114.0526412 50.8873933, -114.0553365 50.8867306, -114.0545528 50.8854537, -114.0516023 50.8861793, -114.0513899 50.8862318, -114.0513689 50.886237, -114.0515321 50.8864965, -114.0516989 50.8867552, -114.0518694 50.8870128, -114.0520435 50.8872695)))"
44 BOWDALE CR NW,Residential,BOWNESS,S-FUD,"MULTIPOLYGON (((-114.1832998 51.0764987, -114.1835926 51.0767013, -114.1849908 51.0758989, -114.184698 51.0756963, -114.1832998 51.0764987)))"
5620 51 AV SE,Non-Residential,STARFIELD,S-FUD,"MULTIPOLYGON (((-113.9487096 51.0079822, -113.9487097 51.0083383, -113.9508812 51.0083366, -113.9508811 51.0079805, -113.9487096 51.0079822)))"
8310 STONEY TR SE,Non-Residential,RESIDUAL WARD 9 - SUB AREA 9Q,S-FUD,"MULTIPOLYGON (((-113.9235429 51.0269066, -113.9227804 51.0269082, -113.9227963 51.0299917, -113.9228102 51.0304035, -113.9228197 51.0305547, -113.9235432 51.0305545, -113.9235429 51.0269066)))"
6201 146 AV SW,Residential,RESIDUAL WARD 13 - SUB AREA 13C,S-FUD,"MULTIPOLYGON (((-114.1749725 50.9212745, -114.1864023 50.9212727, -114.1864167 50.9167687, -114.1749831 50.9167495, -114.1749725 50.9212745)))"
2704 52 ST SE,Non-Residential,FOREST LAWN -  INDUSTRIAL,S-FUD,"MULTIPOLYGON (((-113.9559606 51.0282828, -113.9559557 51.0305372, -113.9578557 51.0305358, -113.9580729 51.0305354, -113.9581815 51.0305355, -113.9581863 51.0282816, -113.9559606 51.0282828)))"
6804 89 AV NE,Residential,SADDLE RIDGE,S-FUD,"MULTIPOLYGON (((-113.9394191 51.1354656, -113.9394913 51.1354658, -113.9396393 51.1354657, -113.9397874 51.1354657, -113.9399441 51.1354656, -113.9401008 51.1354656, -113.9402576 51.1354655, -113.9404143 51.1354655, -113.940571 51.1354654, -113.9407256 51.1354653, -113.9407256 51.1353721, -113.9407255 51.135279, -113.9407254 51.1351858, -113.9407253 51.1350927, -113.9407251 51.1349995, -113.9407251 51.1349063, -113.940725 51.1348132, -113.9407248 51.1346597, -113.9407245 51.1344122, -113.9407243 51.134245, -113.9407242 51.1340956, -113.9407242 51.1340953, -113.9394177 51.1340962, -113.9394177 51.1341009, -113.9394177 51.1341189, -113.9394178 51.1341502, -113.939418 51.1343476, -113.939418 51.1343692, -113.9394181 51.1345129, -113.9394182 51.1345345, -113.9394184 51.1347825, -113.9394187 51.1350306, -113.9394187 51.1350522, -113.9394189 51.1351959, -113.9394189 51.1352175, -113.9394191 51.1354656)))"
165 SHERIFF KING PT SW,Non-Residential,SILVERADO,S-FUD,"MULTIPOLYGON (((-114.0475798 50.8806472, -114.0475917 50.8806665, -114.0476627 50.8807822, -114.0476711 50.8807959, -114.0477494 50.8809236, -114.0478639 50.8811101, -114.0478648 50.8808744, -114.0478685 50.8798477, -114.0478687 50.8797838, -114.0478756 50.8778906, -114.047789 50.8778905, -114.0476732 50.8778901, -114.0476018 50.87789, -114.0475898 50.8778899, -114.0475798 50.8806472)))"
3420 80 AV NE,Residential,CALGARY INTERNATIONAL AIRPORT,S-FUD,"MULTIPOLYGON (((-113.9845658 51.1253041, -113.9845658 51.1253944, -113.9845658 51.1254492, -113.9845659 51.1261284, -113.9873296 51.1261232, -113.9873297 51.1252987, -113.9845658 51.1253041)))"
1727 MEMORIAL DR NE,Non-Residential,BRIDGELAND/RIVERSIDE,S-FUD,"MULTIPOLYGON (((-114.0196603 51.0466942, -114.0197822 51.0467111, -114.0199046 51.0467264, -114.0200261 51.0467399, -114.020148 51.0467517, -114.0202691 51.0467617, -114.0203904 51.0467702, -114.020511 51.046777, -114.0206319 51.0467821, -114.0205419 51.046193, -114.020303 51.0461929, -114.020064 51.0461928, -114.0198249 51.0461927, -114.0195859 51.0461926, -114.0196603 51.0466942)))"
60 BOWDALE CR NW,Residential,BOWNESS,S-FUD,"MULTIPOLYGON (((-114.1827142 51.0760937, -114.1832998 51.0764987, -114.184698 51.0756963, -114.1841124 51.0752913, -114.1827142 51.0760937)))"
5712 51 AV SE,Non-Residential,STARFIELD,S-FUD,"MULTIPOLYGON (((-113.9470116 51.0079835, -113.9470117 51.0083396, -113.9484231 51.0083386, -113.948423 51.0079824, -113.9470116 51.0079835)))"
10919 EAMON RD NW,Residential,ROCKY RIDGE,S-FUD,"MULTIPOLYGON (((-114.2460878 51.139264, -114.2455898 51.1397337, -114.2460675 51.1399002, -114.2465407 51.1394539, -114.2460878 51.139264)))"
7204 40 ST NE,Non-Residential,SADDLE RIDGE INDUSTRIAL,S-FUD,"MULTIPOLYGON (((-113.9735677 51.1177264, -113.9737853 51.1177266, -113.9761447 51.1177307, -113.9761447 51.1169607, -113.9739379 51.1169591, -113.9738508 51.116959, -113.9735679 51.1169588, -113.9735677 51.1177264)))"
72 BOWDALE CR NW,Residential,BOWNESS,S-FUD,"MULTIPOLYGON (((-114.1822074 51.0757431, -114.1827142 51.0760937, -114.1841124 51.0752913, -114.1836059 51.0749408, -114.1823759 51.07545, -114.1822074 51.0757431)))"
6020 51 AV SE,Non-Residential,STARFIELD,S-FUD,"MULTIPOLYGON (((-113.9451615 51.0079848, -113.9451616 51.0083409, -113.946686 51.0083398, -113.9466859 51.0079838, -113.9451615 51.0079848)))"
10909 EAMON RD NW,Residential,ROCKY RIDGE,S-FUD,"MULTIPOLYGON (((-114.2456349 51.139074, -114.2451122 51.1395671, -114.2455898 51.1397337, -114.2460878 51.139264, -114.2456349 51.139074)))"
88 BOWDALE CR NW,Residential,BOWNESS,S-FUD,"MULTIPOLYGON (((-114.1819764 51.0761448, -114.1826969 51.0766432, -114.1832998 51.0764987, -114.1827142 51.0760937, -114.1822074 51.0757431, -114.1819764 51.0761448)))"
6320 51 AV SE,Non-Residential,STARFIELD,S-FUD,"MULTIPOLYGON (((-113.9427035 51.0079867, -113.9427036 51.0083426, -113.944875 51.0083411, -113.9448749 51.0079851, -113.9427035 51.0079867)))"
2511 47 AV SE,Non-Residential,VALLEYFIELD,S-FUD,"MULTIPOLYGON (((-114.0002434 51.0106196, -114.0002442 51.0109594, -114.0003527 51.0109592, -114.0004612 51.010959, -114.0005697 51.0109589, -114.0006782 51.0109587, -114.0007867 51.0109586, -114.0008952 51.0109584, -114.0010037 51.0109583, -114.0011122 51.0109581, -114.0012207 51.010958, -114.0013292 51.0109578, -114.0013289 51.0106181, -114.0012204 51.0106182, -114.0011118 51.0106184, -114.0010032 51.0106185, -114.0008947 51.0106187, -114.0007862 51.0106189, -114.0006776 51.010619, -114.0005691 51.0106192, -114.0004605 51.0106193, -114.000352 51.0106195, -114.0002434 51.0106196)))"
112 BOWDALE CR NW,Residential,BOWNESS,S-FUD,"MULTIPOLYGON (((-114.1819764 51.0761448, -114.1817775 51.0764908, -114.1819733 51.0768166, -114.1826969 51.0766432, -114.1819764 51.0761448)))"
6520 51 AV SE,Non-Residential,STARFIELD,S-FUD,"MULTIPOLYGON (((-113.9419241 51.0079872, -113.9402454 51.0079884, -113.9402455 51.0083443, -113.9418708 51.0083432, -113.9424169 51.0083429, -113.9424168 51.0079868, -113.9419241 51.0079872)))"
19313 28 ST SE,Non-Residential,FISH CREEK PARK,S-FUD,"MULTIPOLYGON (((-114.001394 50.8776112, -114.0012466 50.8776112, -114.0012182 50.8776112, -113.9986302 50.8776117, -113.9986547 50.8848284, -113.9986584 50.8870722, -113.9987949 50.8871067, -113.9991744 50.8871524, -113.9995897 50.887194, -113.9999467 50.8872687, -114.0003464 50.8873364, -114.0008292 50.8873903, -114.0011821 50.8874621, -114.0015431 50.8875127, -114.0015418 50.8848558, -114.0015443 50.8776112, -114.001394 50.8776112)))"
2511 47 AV SE,Non-Residential,VALLEYFIELD,S-FUD,"MULTIPOLYGON (((-114.0002441 51.0110141, -114.0002439 51.0113538, -114.0003524 51.0113537, -114.000461 51.0113535, -114.0005695 51.0113534, -114.0006781 51.0113532, -114.0007866 51.0113531, -114.0008952 51.0113529, -114.0010037 51.0113527, -114.0011123 51.0113526, -114.0012208 51.0113524, -114.0013294 51.0113523, -114.0013292 51.0110126, -114.0012207 51.0110127, -114.0011122 51.0110129, -114.0010037 51.011013, -114.0008952 51.0110132, -114.0007867 51.0110133, -114.0006782 51.0110135, -114.0005697 51.0110137, -114.0004612 51.0110138, -114.0003527 51.011014, -114.0002441 51.0110141)))"
2501 47 AV SE,Non-Residential,VALLEYFIELD,S-FUD,"MULTIPOLYGON (((-114.0013292 51.0110126, -114.0013294 51.0113523, -114.0014379 51.0113521, -114.001503 51.011352, -114.0015028 51.0110122, -114.0014377 51.0110124, -114.0013292 51.0110126)))"
2501 47 AV SE,Non-Residential,VALLEYFIELD,S-FUD,"MULTIPOLYGON (((-114.0013292 51.0110126, -114.0013294 51.0113523, -114.0014379 51.0113521, -114.001503 51.011352, -114.0015028 51.0110122, -114.0014377 51.0110124, -114.0013292 51.0110126)))"
5404 BLACKFOOT TR SE,Non-Residential,BURNS INDUSTRIAL,S-FUD,"MULTIPOLYGON (((-114.0482187 51.0058792, -114.0476542 51.0058792, -114.0476541 51.005934, -114.0482187 51.005934, -114.0482187 51.0058792)))"
188 BOWDALE CR NW,Residential,BOWNESS,S-FUD,"MULTIPOLYGON (((-114.1856323 51.0783005, -114.1842542 51.0786302, -114.1853349 51.0789196, -114.1856321 51.0789984, -114.1856323 51.0788484, -114.1856323 51.0783005)))"
6620 51 AV SE,Non-Residential,STARFIELD,S-FUD,"MULTIPOLYGON (((-113.9377873 51.00799, -113.9377874 51.0083461, -113.9399589 51.0083446, -113.9399588 51.0079885, -113.9377873 51.00799)))"
2501 47 AV SE,Non-Residential,VALLEYFIELD,S-FUD,"MULTIPOLYGON (((-114.0013289 51.0106181, -114.0013292 51.0109578, -114.0014377 51.0109576, -114.0015028 51.0109574, -114.0015026 51.0106177, -114.0014375 51.0106179, -114.0013289 51.0106181)))"
2501 47 AV SE,Non-Residential,VALLEYFIELD,S-FUD,"MULTIPOLYGON (((-114.0013289 51.0106181, -114.0013292 51.0109578, -114.0014377 51.0109576, -114.0015028 51.0109574, -114.0015026 51.0106177, -114.0014375 51.0106179, -114.0013289 51.0106181)))"
9 ROCKCLIFF HT NW,Residential,ROCKY RIDGE,S-FUD,"MULTIPOLYGON (((-114.2446902 51.1505095, -114.2447542 51.1504176, -114.2447538 51.1503908, -114.2447504 51.1502675, -114.2447469 51.1501411, -114.2447427 51.1499874, -114.2447385 51.1498337, -114.2447367 51.1497875, -114.2447282 51.1497884, -114.2438901 51.1498689, -114.2434705 51.1501181, -114.2428324 51.1504959, -114.242623 51.1506222, -114.242263 51.150837, -114.2421316 51.1507937, -114.2418637 51.1507057, -114.2415894 51.1506154, -114.2413906 51.1505499, -114.2413673 51.1505423, -114.2412843 51.1505149, -114.2412812 51.150539, -114.2412759 51.1505629, -114.2412656 51.1505965, -114.2412508 51.1506294, -114.2412317 51.1506614, -114.2412085 51.1506923, -114.2433399 51.1513918, -114.2439302 51.1515855, -114.2439601 51.1515428, -114.2441401 51.1512863, -114.244161 51.1512564, -114.2442569 51.1511198, -114.2442778 51.1510899, -114.2443532 51.1509824, -114.2444099 51.1509017, -114.2444203 51.1508868, -114.2444238 51.1508819, -114.2445036 51.1507682, -114.244507 51.1507632, -114.2446089 51.1506251, -114.2446902 51.1505095)))"
18548 SHERIFF KING PL SW,Non-Residential,SILVERADO,S-FUD,"MULTIPOLYGON (((-114.0522025 50.8875011, -114.052717 50.8882507, -114.0527437 50.8882876, -114.0527726 50.8883239, -114.0528035 50.8883595, -114.0528365 50.8883943, -114.0528715 50.8884283, -114.0529084 50.8884615, -114.0529473 50.8884938, -114.052988 50.8885252, -114.0529987 50.888533, -114.0530131 50.8885426, -114.0530434 50.8885638, -114.0533264 50.8884944, -114.0533662 50.8884846, -114.0560148 50.8878349, -114.0553365 50.8867306, -114.0526412 50.8873933, -114.0522025 50.8875011)))"
3909 162 AV SW,Farm Land,RESIDUAL WARD 13 - SUB AREA 13G,S-FUD,"MULTIPOLYGON (((-114.140466 50.9031188, -114.1404675 50.9056572, -114.1404679 50.9063247, -114.1404679 50.9064069, -114.140468 50.9065439, -114.140468 50.9065549, -114.1433193 50.9065614, -114.143318 50.9031248, -114.140466 50.9031188)))"
3020 69 ST NW,Residential,BOWNESS,S-FUD,"MULTIPOLYGON (((-114.1856158 51.0776975, -114.1875164 51.0776975, -114.1875099 51.0776676, -114.1875014 51.0776378, -114.1874909 51.0776083, -114.1874783 51.0775791, -114.1874638 51.0775503, -114.1874473 51.0775219, -114.1874289 51.077494, -114.1874085 51.0774667, -114.1873863 51.0774398, -114.1873623 51.0774137, -114.1873364 51.0773882, -114.1873089 51.0773634, -114.1872797 51.0773394, -114.1872488 51.0773162, -114.1872164 51.0772939, -114.1871825 51.0772724, -114.1865222 51.0768731, -114.1853752 51.077531, -114.1856158 51.0776975)))"
6820 51 AV SE,Non-Residential,STARFIELD,S-FUD,"MULTIPOLYGON (((-113.9353127 51.0079917, -113.9353129 51.0083476, -113.9375008 51.0083463, -113.9375007 51.0079903, -113.9353127 51.0079917)))"
19010 28 ST SE,Non-Residential,FISH CREEK PARK,S-FUD,"MULTIPOLYGON (((-113.9943709 50.8776283, -113.9943335 50.8777411, -113.994427 50.8780309, -113.9944459 50.8783061, -113.9944956 50.8785676, -113.9944874 50.8788405, -113.9944284 50.8790231, -113.9944911 50.879352, -113.994423 50.879604, -113.9943784 50.8798585, -113.9943249 50.8801226, -113.9942951 50.8803823, -113.9942772 50.8806384, -113.9942647 50.8808983, -113.9942523 50.8811541, -113.9942979 50.8814257, -113.9943268 50.8816049, -113.9943345 50.8818412, -113.9944071 50.8821443, -113.9944231 50.8823152, -113.994445 50.882514, -113.9942655 50.8827205, -113.9941957 50.8829433, -113.9942601 50.8831108, -113.9942843 50.8833245, -113.994375 50.8835541, -113.9944432 50.8837589, -113.9945359 50.8839863, -113.9946249 50.8842213, -113.9947359 50.8844541, -113.9948252 50.8846778, -113.9949186 50.8848383, -113.9949553 50.8849012, -113.995105 50.8851174, -113.9952415 50.8853333, -113.9954094 50.8855551, -113.9956016 50.8857799, -113.9956834 50.8858722, -113.995873 50.8860712, -113.9960938 50.8862582, -113.9963203 50.8864178, -113.9966312 50.8865519, -113.9969873 50.8866458, -113.9973882 50.886735, -113.9977431 50.8868025, -113.9980872 50.886907, -113.9983712 50.8869959, -113.9983688 50.8848292, -113.9983444 50.8776122, -113.9983443 50.8776122, -113.9976721 50.8776128, -113.9946598 50.877618, -113.9946107 50.8776176, -113.9943715 50.8776155, -113.9943714 50.877618, -113.9943709 50.8776283)))"
18333 MACLEOD TR SW,Non-Residential,SILVERADO,S-FUD,"MULTIPOLYGON (((-114.0560148 50.8878349, -114.0533662 50.8884846, -114.0533264 50.8884944, -114.0530434 50.8885638, -114.0530829 50.8885894, -114.0531237 50.8886142, -114.0531658 50.8886381, -114.0532091 50.8886612, -114.0532706 50.8886916, -114.0533341 50.8887202, -114.0533997 50.8887471, -114.0534671 50.888772, -114.0535362 50.888795, -114.0536069 50.888816, -114.053679 50.888835, -114.0537523 50.8888519, -114.0538149 50.8888646, -114.0538781 50.8888757, -114.0539419 50.8888854, -114.0540063 50.8888935, -114.0540711 50.8889, -114.0541363 50.888905, -114.0542017 50.8889085, -114.0542673 50.8889103, -114.0566981 50.8889437, -114.0560148 50.8878349)))"
4111 162 AV SW,Residential,RESIDUAL WARD 13 - SUB AREA 13G,S-FUD,"MULTIPOLYGON (((-114.1433193 50.9065614, -114.1461707 50.9065677, -114.1461701 50.9031307, -114.143318 50.9031248, -114.1433193 50.9065614)))"
3028 69 ST NW,Residential,BOWNESS,S-FUD,"MULTIPOLYGON (((-114.1875164 51.0776975, -114.1856158 51.0776975, -114.1856163 51.0782458, -114.1875231 51.0782454, -114.187523 51.0777763, -114.1875214 51.0777368, -114.1875164 51.0776975)))"
5501 15 ST SE,Non-Residential,BURNS INDUSTRIAL,S-FUD,"MULTIPOLYGON (((-114.0254824 51.0021792, -114.0254274 51.0021993, -114.0253831 51.0022175, -114.0253375 51.0022394, -114.0253131 51.0022495, -114.0253125 51.0039638, -114.0253122 51.0045571, -114.0253122 51.0046024, -114.025312 51.0052301, -114.0258734 51.0046097, -114.0259135 51.0045654, -114.0259381 51.0045382, -114.0282601 51.0037017, -114.0293851 51.0026136, -114.0304201 51.0014865, -114.0304616 51.0014414, -114.030503 51.0013968, -114.0287916 51.0013936, -114.0281514 51.0013912, -114.0280144 51.0013909, -114.027925 51.0013907, -114.0279113 51.0014037, -114.0278707 51.0014348, -114.0278352 51.0014576, -114.0277924 51.0014822, -114.0277482 51.0015156, -114.0277155 51.0015407, -114.0276836 51.0015699, -114.0276524 51.0016028, -114.0276278 51.0016311, -114.0276089 51.0016553, -114.0275915 51.0016791, -114.0275654 51.0017129, -114.0275392 51.0017476, -114.0275117 51.0017773, -114.027474 51.0018056, -114.0274348 51.001839, -114.0273993 51.00187, -114.027363 51.0018992, -114.0273231 51.001933, -114.0272927 51.0019655, -114.0272636 51.0019984, -114.0272317 51.0020285, -114.0272013 51.0020545, -114.027173 51.0020806, -114.0271469 51.0021048, -114.0271215 51.0021299, -114.0270917 51.0021591, -114.0270446 51.0021906, -114.0269975 51.0022212, -114.0269627 51.0022477, -114.0269322 51.0022719, -114.0268909 51.0023053, -114.0268597 51.002334, -114.02683 51.0023656, -114.0267886 51.0023971, -114.0267335 51.0024272, -114.0266937 51.0024551, -114.0266755 51.0024687, -114.0266393 51.0024957, -114.0266016 51.0025267, -114.0265704 51.0025605, -114.0265508 51.0025921, -114.0265189 51.0026263, -114.026479 51.0026583, -114.02645 51.002682, -114.0264122 51.0027136, -114.0263811 51.0027423, -114.0263462 51.002777, -114.0263179 51.0028127, -114.0262889 51.0028474, -114.0262584 51.0028739, -114.0262128 51.0029086, -114.02617 51.0029364, -114.0261229 51.0029661, -114.0260714 51.0029935, -114.0260315 51.0030163, -114.0259837 51.003051, -114.0259481 51.0030775, -114.0259039 51.003109, -114.0258633 51.0031351, -114.0258169 51.0031455, -114.0257757 51.0031309, -114.0257562 51.0030993, -114.0257642 51.0030674, -114.0257809 51.0030363, -114.0258078 51.0030011, -114.0258353 51.0029682, -114.0258557 51.0029426, -114.0258782 51.0029166, -114.0259035 51.0028846, -114.0259231 51.0028563, -114.0259355 51.002833, -114.0259457 51.0028097, -114.0259559 51.002775, -114.0259755 51.0027444, -114.02599 51.002722, -114.0259987 51.0027074, -114.0260161 51.0026813, -114.0260321 51.0026571, -114.026051 51.0026361, -114.0260771 51.0026064, -114.0261025 51.0025722, -114.0261272 51.002542, -114.0261605 51.0025073, -114.0261838 51.0024822, -114.0262229 51.0024488, -114.0262664 51.0024269, -114.0263106 51.0024091, -114.0263555 51.0023922, -114.0264034 51.0023749, -114.0264541 51.0023557, -114.0265099 51.0023352, -114.0265425 51.0023233, -114.0265918 51.0023074, -114.0266389 51.0022864, -114.0266853 51.0022636, -114.0267309 51.0022398, -114.0267802 51.0022106, -114.0268245 51.0021795, -114.0268767 51.0021494, -114.0269245 51.0021229, -114.0269578 51.0020932, -114.0269492 51.0020585, -114.0269007 51.0020594, -114.02685 51.0020744, -114.0268079 51.0020904, -114.0267804 51.0021023, -114.0267282 51.0021237, -114.0266289 51.0021621, -114.0265782 51.0021812, -114.0265413 51.0021913, -114.0264913 51.0021999, -114.0264587 51.0022017, -114.0264304 51.0022026, -114.0263949 51.0022012, -114.0263414 51.0021962, -114.026295 51.0021966, -114.0262414 51.0022016, -114.0261936 51.0022098, -114.02614 51.0022253, -114.0260863 51.0022449, -114.0260298 51.0022636, -114.0259762 51.0022819, -114.0259392 51.0022983, -114.0258929 51.0023152, -114.0258436 51.0023293, -114.0258052 51.0023371, -114.0257567 51.0023334, -114.0257546 51.0023005, -114.0257908 51.0022657, -114.0258256 51.0022384, -114.0258699 51.0022055, -114.0259192 51.0021749, -114.0259735 51.002142, -114.0260264 51.0021132, -114.0260808 51.0020872, -114.0261236 51.0020731, -114.0261735 51.0020635, -114.0262177 51.0020485, -114.0262685 51.0020225, -114.0263185 51.0019978, -114.0263699 51.0019722, -114.0264229 51.0019398, -114.0264664 51.001912, -114.0265084 51.0018809, -114.0265577 51.0018453, -114.0266012 51.0018124, -114.0265788 51.0017827, -114.026531 51.0017913, -114.0264861 51.001805, -114.0264368 51.0018196, -114.0263876 51.0018351, -114.0263325 51.0018516, -114.0262861 51.0018657, -114.0262513 51.0018771, -114.0262057 51.0018908, -114.0261528 51.0019054, -114.0261166 51.0019177, -114.0260637 51.0019382, -114.0260151 51.0019574, -114.0259738 51.0019715, -114.0259187 51.0019916, -114.0258781 51.0020076, -114.0258376 51.002024, -114.025789 51.0020436, -114.0257383 51.0020637, -114.0256854 51.0020875, -114.0256462 51.0021048, -114.0256187 51.002118, -114.0255643 51.002144, -114.0255194 51.0021646, -114.0254824 51.0021792)))"
13925 85 ST NW,Non-Residential,RESIDUAL WARD 1 - SUB AREA 1K,S-FUD,"MULTIPOLYGON (((-114.2112668 51.1759061, -114.211267 51.1761031, -114.2112689 51.1791471, -114.2112715 51.183015, -114.2172074 51.183013, -114.2194097 51.1831189, -114.2226258 51.1831176, -114.2226186 51.175907, -114.211354 51.175906, -114.2112668 51.1759061)))"
13925 85 ST NW,Non-Residential,RESIDUAL WARD 1 - SUB AREA 1K,S-FUD,"MULTIPOLYGON (((-114.2112668 51.1759061, -114.211267 51.1761031, -114.2112689 51.1791471, -114.2112715 51.183015, -114.2172074 51.183013, -114.2194097 51.1831189, -114.2226258 51.1831176, -114.2226186 51.175907, -114.211354 51.175906, -114.2112668 51.1759061)))"
12828 53 ST NW,Non-Residential,NOLAN HILL,S-FUD,"MULTIPOLYGON (((-114.1621741 51.1686965, -114.1622237 51.1686965, -114.1643267 51.1686995, -114.1643261 51.16862, -114.1621741 51.1686965)))"
4313 162 AV SW,Residential,RESIDUAL WARD 13 - SUB AREA 13G,S-FUD,"MULTIPOLYGON (((-114.1461707 50.9065677, -114.1490181 50.9065746, -114.1490221 50.9031365, -114.1461701 50.9031307, -114.1461707 50.9065677)))"
3036 69 ST NW,Residential,BOWNESS,S-FUD,"MULTIPOLYGON (((-114.1875231 51.0783002, -114.1856323 51.0783005, -114.1856323 51.0788484, -114.1875231 51.0788481, -114.1875231 51.0783002)))"
16303 69 ST SW,Farm Land,RESIDUAL WARD 13 - SUB AREA 13E,S-FUD,"MULTIPOLYGON (((-114.1867346 50.9068231, -114.1966696 50.9068211, -114.1967407 50.906821, -114.1981279 50.9068207, -114.1981316 50.89958, -114.1867283 50.8995839, -114.1867346 50.9068231)))"
132 BOWDALE CR NW,Residential,BOWNESS,S-FUD,"MULTIPOLYGON (((-114.1819733 51.0768166, -114.1822596 51.0772929, -114.1838853 51.0769038, -114.1835926 51.0767013, -114.1832998 51.0764987, -114.1826969 51.0766432, -114.1819733 51.0768166)))"
16404 85 ST SW,Farm Land,RESIDUAL WARD 13 - SUB AREA 13E,S-FUD,"MULTIPOLYGON (((-114.1981279 50.9068207, -114.2095215 50.906817, -114.2095342 50.8995748, -114.1981316 50.89958, -114.1981279 50.9068207)))"
1523 50 AV SE,Non-Residential,ALYTH/BONNYBROOK,S-FUD,"MULTIPOLYGON (((-114.0258334 51.0085025, -114.0254937 51.0086187, -114.0259182 51.0086189, -114.0258334 51.0085025)))"
6011 BAROC RD NW,Residential,DALHOUSIE,S-FUD,"MULTIPOLYGON (((-114.173509 51.1101667, -114.1738706 51.1103189, -114.1746571 51.109578, -114.1742952 51.1094257, -114.173509 51.1101667)))"
2820 52 ST SE,Non-Residential,FOREST LAWN -  INDUSTRIAL,S-FUD,"MULTIPOLYGON (((-113.9559631 51.0270045, -113.9559606 51.0282828, -113.9581863 51.0282816, -113.958189 51.0270032, -113.9559631 51.0270045)))"
6501 84 ST NE,Non-Residential,HOMESTEAD,S-FUD,"MULTIPOLYGON (((-113.9120355 51.1106444, -113.9120328 51.110841, -113.9148198 51.1107072, -113.9148219 51.1106445, -113.9120355 51.1106444)))"
9420R 6 ST NE,Residential,AURORA BUSINESS PARK,S-FUD,"MULTIPOLYGON (((-114.0448802 51.1376787, -114.0456437 51.1396876, -114.0458652 51.1396867, -114.0451072 51.1376695, -114.0450934 51.137624, -114.0450815 51.1375782, -114.0450717 51.1375322, -114.0450639 51.1374861, -114.0450582 51.1374398, -114.0450545 51.1373935, -114.0450528 51.1373471, -114.0450531 51.1373007, -114.0448802 51.1376787)))"
4540 95 ST NW,Residential,GREENWOOD/GREENBRIAR,S-FUD,"MULTIPOLYGON (((-114.2216942 51.0945758, -114.2219748 51.0947269, -114.2222576 51.0945189, -114.2224998 51.0946492, -114.2226119 51.0947093, -114.2226116 51.0945074, -114.2254833 51.0945068, -114.2255267 51.0945068, -114.2255267 51.0945065, -114.2255281 51.0932212, -114.2255281 51.0931942, -114.2255284 51.0931376, -114.2255303 51.0910184, -114.2255307 51.0907255, -114.2254451 51.0907047, -114.2242064 51.0904042, -114.2241563 51.090392, -114.2240137 51.0903574, -114.2240123 51.0926984, -114.2214253 51.0926977, -114.2210324 51.0922318, -114.2199349 51.0922314, -114.2184943 51.0918066, -114.2180165 51.0915292, -114.2171806 51.0921449, -114.2174207 51.0922742, -114.2176608 51.0924036, -114.2178601 51.0925109, -114.2181411 51.0926623, -114.2183551 51.0927776, -114.2184551 51.0928313, -114.2186204 51.0929204, -114.2188151 51.0930253, -114.2191005 51.0931792, -114.2192436 51.0932563, -114.2194135 51.0933478, -114.2195794 51.0934374, -114.2198184 51.0935661, -114.2200584 51.093695, -114.2202176 51.0937807, -114.2203773 51.0938667, -114.2205375 51.093953, -114.2208514 51.094122, -114.2210167 51.094211, -114.2212478 51.0943354, -114.2214959 51.094469, -114.2216942 51.0945758)))"
10305R WEST VALLEY RD SW,Residential,RESIDUAL WARD 1 - CALGARY WEST,S-FUD,"MULTIPOLYGON (((-114.2371683 51.0863464, -114.237374 51.0863518, -114.2372852 51.0862792, -114.2371683 51.0863464)))"
17410 85 ST SW,Farm Land,RESIDUAL WARD 13 - SUB AREA 13E,S-FUD,"MULTIPOLYGON (((-114.1981316 50.89958, -114.2095342 50.8995748, -114.2095458 50.892784, -114.2016679 50.8927864, -114.20038 50.8927867, -114.1995276 50.8927869, -114.1981351 50.8927872, -114.1981316 50.89958)))"
5820 MORLEY TR NW,Residential,DALHOUSIE,S-FUD,"MULTIPOLYGON (((-114.1706296 51.108954, -114.1711181 51.1091597, -114.1717113 51.1086016, -114.1712229 51.1083962, -114.1706296 51.108954)))"
2602 52 ST SE,Non-Residential,FOREST LAWN -  INDUSTRIAL,S-FUD,"MULTIPOLYGON (((-113.9559551 51.0311581, -113.955951 51.0332114, -113.9577382 51.0320862, -113.9577372 51.0317041, -113.9581847 51.0317035, -113.9581832 51.0311553, -113.9559551 51.0311581)))"
5420 52 AV SE,Non-Residential,STARFIELD,S-FUD,"MULTIPOLYGON (((-113.9538434 51.0069648, -113.9538434 51.0072934, -113.9554718 51.0072921, -113.9554717 51.0069635, -113.9538434 51.0069648)))"
7220 SPRUCE MEADOWS TR SW,Residential,RESIDUAL WARD 13 - SUB AREA 13E,S-FUD,"MULTIPOLYGON (((-114.1867283 50.8995839, -114.1981316 50.89958, -114.1981351 50.8927872, -114.1912142 50.8927886, -114.1912137 50.8930577, -114.1901383 50.893062, -114.1898724 50.8930668, -114.1895044 50.8930836, -114.1875687 50.8932202, -114.1870993 50.893228, -114.1870768 50.8951184, -114.186726 50.8970016, -114.1867283 50.8995839)))"
8920 6 ST NE,Non-Residential,AURORA BUSINESS PARK,S-FUD,"MULTIPOLYGON (((-114.0475258 51.1324488, -114.0474774 51.1325857, -114.0473852 51.1328467, -114.0475852 51.1335274, -114.0479811 51.1340817, -114.0479863 51.132582, -114.0479868 51.1324451, -114.0476349 51.1324479, -114.0475258 51.1324488)))"
2520 52 ST SE,Non-Residential,FOREST LAWN -  INDUSTRIAL,S-FUD,"MULTIPOLYGON (((-113.9581847 51.0317035, -113.9577372 51.0317041, -113.9577382 51.0320862, -113.9578528 51.032014, -113.9580703 51.031877, -113.958185 51.0318048, -113.9581847 51.0317035)))"
5617 BOW TR SW,Non-Residential,STRATHCONA PARK,S-FUD,"MULTIPOLYGON (((-114.1684254 51.0525308, -114.1684313 51.0533434, -114.1688097 51.0532694, -114.1699755 51.0531074, -114.1700564 51.0530962, -114.1725184 51.0527541, -114.173474 51.0525376, -114.1684254 51.0525308)))"
5440 52 AV SE,Non-Residential,STARFIELD,S-FUD,"MULTIPOLYGON (((-113.9554717 51.0069635, -113.9554718 51.0072921, -113.9555803 51.007292, -113.9556889 51.0072919, -113.9557974 51.0072918, -113.9557974 51.0069632, -113.9556888 51.0069633, -113.9555803 51.0069634, -113.9554717 51.0069635)))"
2220R 68 ST SE,Non-Residential,RESIDUAL WARD 9 - SUB AREA 9Q,S-FUD,"MULTIPOLYGON (((-113.9235435 51.0354176, -113.9236023 51.0354817, -113.9236642 51.0355446, -113.9237291 51.0356062, -113.923797 51.0356666, -113.9238678 51.0357256, -113.9239414 51.0357833, -113.9240178 51.0358395, -113.9240969 51.0358943, -113.9241786 51.0359474, -113.9242628 51.035999, -113.9243496 51.036049, -113.9244387 51.0360972, -113.9245301 51.0361438, -113.9246237 51.0361885, -113.9247194 51.0362314, -113.9248172 51.0362725, -113.924917 51.0363117, -113.9250186 51.0363489, -113.9251219 51.0363842, -113.925227 51.0364175, -113.9253335 51.0364487, -113.9254416 51.0364779, -113.925551 51.0365049, -113.9256617 51.0365299, -113.9257736 51.0365527, -113.9258865 51.0365734, -113.9260003 51.0365919, -113.926115 51.0366082, -113.9262305 51.0366223, -113.9263466 51.0366342, -113.9264632 51.0366438, -113.9265802 51.0366512, -113.9292783 51.036794, -113.9292837 51.0341671, -113.9235434 51.0341697, -113.9235435 51.0354176)))"
2620 17 AV SE,Non-Residential,ALBERT PARK/RADISSON HEIGHTS,S-FUD,"MULTIPOLYGON (((-114.0005809 51.0385936, -114.000782 51.0386684, -113.9995948 51.03744, -113.998432 51.037502, -113.9986765 51.0375018, -113.9986771 51.0377264, -113.9982494 51.0377269, -114.0000144 51.0383824, -114.0005275 51.0385737, -114.0005809 51.0385936)))"
16220 85 ST SW,Farm Land,RESIDUAL WARD 13 - SUB AREA 13A,S-FUD,"MULTIPOLYGON (((-114.1981103 50.9140541, -114.2095091 50.914059, -114.2095215 50.906817, -114.1981279 50.9068207, -114.1981278 50.9068656, -114.1981248 50.9081041, -114.1981222 50.9092009, -114.1981103 50.9140541)))"
17211 53 ST SW,Farm Land,RESIDUAL WARD 13 - SUB AREA 13F,S-FUD,"MULTIPOLYGON (((-114.1635699 50.8959213, -114.1635697 50.8992419, -114.174138 50.8992613, -114.1741402 50.8992345, -114.1741465 50.8992079, -114.1741569 50.8991819, -114.1741713 50.8991566, -114.1741896 50.8991323, -114.1742115 50.8991093, -114.1742369 50.8990878, -114.1742655 50.8990679, -114.1742971 50.8990499, -114.1743314 50.899034, -114.1743679 50.8990202, -114.1744064 50.8990088, -114.1744465 50.8989998, -114.1744878 50.8989933, -114.17453 50.8989894, -114.1745725 50.8989881, -114.1750043 50.8989889, -114.1750034 50.895943, -114.1635699 50.8959213)))"
300 BEDDINGTON TR NE,Non-Residential,AURORA BUSINESS PARK,S-FUD,"MULTIPOLYGON (((-114.0654527 51.1324806, -114.0655664 51.132481, -114.065235 51.1323719, -114.0649022 51.1322645, -114.0645679 51.132159, -114.0642321 51.1320554, -114.0638949 51.1319536, -114.0635563 51.1318536, -114.0632163 51.1317555, -114.062875 51.1316593, -114.06265 51.131598, -114.0624234 51.1315393, -114.0621953 51.1314829, -114.0619656 51.1314291, -114.0617345 51.1313777, -114.061502 51.1313288, -114.0612682 51.1312825, -114.0610332 51.1312387, -114.0609206 51.1312185, -114.0606368 51.131169, -114.0603523 51.1311213, -114.0600669 51.1310755, -114.0597808 51.1310315, -114.0596229 51.1310081, -114.0592419 51.130954, -114.0577176 51.130694, -114.0575815 51.1306167, -114.0574431 51.130541, -114.0573026 51.1304669, -114.0571599 51.1303945, -114.0570151 51.1303237, -114.0568682 51.1302545, -114.0567194 51.1301871, -114.0565686 51.1301214, -114.0563585 51.1300307, -114.0561496 51.1299389, -114.055942 51.1298459, -114.0557358 51.1297517, -114.055531 51.1296564, -114.0553274 51.12956, -114.0551253 51.1294624, -114.0549246 51.1293636, -114.0547253 51.1292638, -114.0545274 51.1291628, -114.0543309 51.1290608, -114.0541359 51.1289576, -114.0539424 51.1288534, -114.0537504 51.128748, -114.0535599 51.1286416, -114.0533709 51.1285342, -114.0500969 51.1266557, -114.0487218 51.1264065, -114.0482855 51.1263275, -114.0482745 51.1324443, -114.0483675 51.1324438, -114.0487095 51.1324427, -114.0490073 51.1324417, -114.0597775 51.132469, -114.0638956 51.1324775, -114.0654527 51.1324806)))"
8820 6 ST NE,Non-Residential,AURORA BUSINESS PARK,S-FUD,"MULTIPOLYGON (((-114.0479868 51.1324451, -114.0479874 51.1320795, -114.0479879 51.1317463, -114.0479884 51.1314942, -114.047989 51.1311382, -114.0477352 51.1318564, -114.0475961 51.13225, -114.0475258 51.1324488, -114.0476349 51.1324479, -114.0479868 51.1324451)))"
5609 BOW TR SW,Non-Residential,STRATHCONA PARK,S-FUD,"MULTIPOLYGON (((-114.1684254 51.0525308, -114.1675438 51.0525296, -114.1673256 51.0527895, -114.1673239 51.0532788, -114.1673228 51.0533092, -114.1673198 51.0533395, -114.1673147 51.0533696, -114.1673078 51.0533997, -114.1672988 51.0534295, -114.167288 51.0534591, -114.1672753 51.0534884, -114.1672606 51.0535173, -114.16731 51.0535204, -114.1673595 51.0535219, -114.1674091 51.0535216, -114.1674586 51.0535197, -114.1675078 51.0535162, -114.1675567 51.053511, -114.1676051 51.0535041, -114.1676528 51.0534957, -114.1684313 51.0533434, -114.1684254 51.0525308)))"
3223 83 ST NW,Residential,GREENWOOD/GREENBRIAR,S-FUD,"MULTIPOLYGON (((-114.2171806 51.0921449, -114.2180165 51.0915292, -114.2184943 51.0918066, -114.2199349 51.0922314, -114.2210324 51.0922318, -114.2214253 51.0926977, -114.2240123 51.0926984, -114.2240137 51.0903574, -114.2237424 51.0902916, -114.22356 51.0902473, -114.222067 51.089885, -114.220373 51.0894738, -114.2200377 51.0893925, -114.2198641 51.0893503, -114.2197788 51.0893296, -114.2197432 51.089321, -114.2194858 51.0892585, -114.2194694 51.0892545, -114.2194612 51.0892525, -114.2193847 51.0892338, -114.2187019 51.0890682, -114.2186573 51.0890574, -114.2184158 51.0889988, -114.2182874 51.0889676, -114.2180842 51.0889637, -114.2177844 51.0889576, -114.217568 51.0889534, -114.2173517 51.0889493, -114.2172663 51.0889478, -114.217188 51.0889462, -114.2171098 51.0889447, -114.2170316 51.0889432, -114.2169533 51.0889417, -114.2168751 51.0889402, -114.2167696 51.0889382, -114.216664 51.0889361, -114.2165858 51.0889346, -114.2165076 51.0889331, -114.2164293 51.0889316, -114.2163511 51.0889301, -114.2162728 51.0889285, -114.2161946 51.088927, -114.2161092 51.0889254, -114.2160002 51.0889233, -114.2158824 51.088921, -114.2157697 51.088919, -114.2157381 51.0889184, -114.2156467 51.0889166, -114.2156394 51.0889164, -114.2149618 51.0889033, -114.2144235 51.0888929, -114.2141324 51.0888873, -114.214041 51.0888855, -114.213802 51.0888809, -114.2136036 51.088877, -114.2133856 51.0890376, -114.2133318 51.0890772, -114.2123765 51.089781, -114.2120195 51.090044, -114.2119871 51.0900679, -114.212301 51.0902372, -114.2128663 51.0898208, -114.2130579 51.089924, -114.2132495 51.0900273, -114.2133455 51.090079, -114.2134413 51.0901306, -114.2136331 51.0902339, -114.2138248 51.0903372, -114.2140644 51.0904663, -114.2143041 51.0905954, -114.2145189 51.0907112, -114.2147835 51.0908537, -114.2152628 51.0911119, -114.2154214 51.0911973, -114.2155834 51.0912846, -114.2157421 51.0913701, -114.2159735 51.0914947, -114.2162215 51.0916283, -114.2163835 51.0917155, -114.2165422 51.091801, -114.2167009 51.0918865, -114.2169407 51.0920157, -114.2171159 51.0921101, -114.2171806 51.0921449)))"
15404 85 ST SW,Farm Land,RESIDUAL WARD 13 - SUB AREA 13A,S-FUD,"MULTIPOLYGON (((-114.1981015 50.9176684, -114.2095031 50.9176733, -114.2095091 50.914059, -114.1981103 50.9140541, -114.1981015 50.9176684)))"
17515 53 ST SW,Residential,RESIDUAL WARD 13 - SUB AREA 13F,S-FUD,"MULTIPOLYGON (((-114.1713334 50.8931921, -114.1635706 50.8931767, -114.1635699 50.8959213, -114.1750034 50.895943, -114.1750026 50.8931688, -114.1740854 50.8931803, -114.1731681 50.8931881, -114.1722508 50.893192, -114.1713334 50.8931921)))"
13817 6 ST NE,Farm Land,LIVINGSTON,S-FUD,"MULTIPOLYGON (((-114.0482191 51.178891, -114.0493368 51.1795472, -114.0495898 51.180154, -114.0485155 51.1808198, -114.0490218 51.18076, -114.0495268 51.1806962, -114.0500305 51.1806285, -114.0505329 51.1805569, -114.0510338 51.1804814, -114.0515331 51.180402, -114.0520309 51.1803187, -114.0525269 51.1802315, -114.0583673 51.1791802, -114.0586939 51.1791234, -114.0590222 51.1790704, -114.059352 51.1790212, -114.0596831 51.1789757, -114.0596829 51.1760625, -114.0596122 51.1760619, -114.0595407 51.1760621, -114.0544808 51.1760708, -114.0482105 51.1772185, -114.0482191 51.178891)))"
8310 150 AV SW,Residential,RESIDUAL WARD 13 - SUB AREA 13A,S-FUD,"MULTIPOLYGON (((-114.1980927 50.921278, -114.1993768 50.9212786, -114.2094971 50.9212821, -114.2095031 50.9176733, -114.1981015 50.9176684, -114.1980927 50.921278)))"
6303 170 AV SW,Farm Land,RESIDUAL WARD 13 - SUB AREA 13F,S-FUD,"MULTIPOLYGON (((-114.1750026 50.8931688, -114.1750034 50.895943, -114.1750043 50.8989889, -114.1750042 50.8992629, -114.1754308 50.8992635, -114.176454 50.8992651, -114.176457 50.898567, -114.1780914 50.8985699, -114.1780869 50.8995692, -114.1789147 50.8995712, -114.1792943 50.8995713, -114.1792912 50.893064, -114.1787555 50.8930817, -114.1782196 50.893098, -114.1776836 50.8931131, -114.1771476 50.8931268, -114.1766114 50.8931393, -114.1760752 50.8931504, -114.1755389 50.8931602, -114.1750026 50.8931688)))"
8820 6 ST NE,Non-Residential,AURORA BUSINESS PARK,S-FUD,"MULTIPOLYGON (((-114.0480048 51.1270003, -114.0479967 51.1273033, -114.0479332 51.1296968, -114.047858 51.1305146, -114.0478534 51.1305652, -114.0479916 51.1298972, -114.0480048 51.1270003)))"
10717 84 ST NE,Farm Land,RESIDUAL WARD 5 - SUB AREA 5F,S-FUD,"MULTIPOLYGON (((-113.91202 51.1470045, -113.91202 51.1471141, -113.9120178 51.1532628, -113.9120179 51.1534001, -113.9121889 51.153397, -113.9143544 51.1533569, -113.9143533 51.1529992, -113.9167464 51.1511594, -113.9170017 51.1506263, -113.9170029 51.1471138, -113.9170027 51.1470043, -113.91202 51.1470045)))"
5319 51 AV SE,Non-Residential,STARFIELD,S-FUD,"MULTIPOLYGON (((-113.9563011 51.0073462, -113.9563012 51.0077022, -113.9582552 51.0077006, -113.9582551 51.0073446, -113.9563011 51.0073462)))"
6550 SPRUCE MEADOWS TR SW,Farm Land,RESIDUAL WARD 13 - SUB AREA 13F,S-FUD,"MULTIPOLYGON (((-114.1792943 50.8995713, -114.1832169 50.8995777, -114.1862649 50.8995825, -114.1864424 50.8995834, -114.18644 50.8970017, -114.1862641 50.89622, -114.1860185 50.8951291, -114.1860341 50.8929343, -114.1836226 50.8929136, -114.1826912 50.8929388, -114.1799297 50.8930412, -114.1792913 50.893064, -114.1792943 50.8995713)))"
18404 MACLEOD TR SE,Non-Residential,CHAPARRAL,S-FUD,"MULTIPOLYGON (((-114.0512162 50.8885277, -114.0502645 50.8867739, -114.0498714 50.8861345, -114.0498398 50.8860829, -114.0497761 50.885977, -114.0497504 50.885935, -114.0493144 50.8852256, -114.0492834 50.885175, -114.0491269 50.8849177, -114.0489597 50.8849179, -114.0488982 50.8849179, -114.0488693 50.8849179, -114.0488849 50.8849473, -114.0488997 50.8849755, -114.0489834 50.8851258, -114.0491464 50.8854141, -114.0491889 50.8854875, -114.0491937 50.8854959, -114.0494759 50.885998, -114.0494999 50.8860403, -114.0495511 50.8861311, -114.050337 50.8875283, -114.0508075 50.8885274, -114.0512162 50.8885277)))"
5339 51 AV SE,Non-Residential,STARFIELD,S-FUD,"MULTIPOLYGON (((-113.9563011 51.0073462, -113.9561926 51.0073463, -113.956084 51.0073463, -113.9560841 51.0077024, -113.9561926 51.0077023, -113.9563012 51.0077022, -113.9563011 51.0073462)))"
1601 MEMORIAL DR NE,Non-Residential,BRIDGELAND/RIVERSIDE,S-FUD,"MULTIPOLYGON (((-114.0249835 51.0461948, -114.0250145 51.0462035, -114.0250149 51.0451125, -114.025015 51.0448578, -114.025015 51.0447602, -114.025015 51.0446758, -114.025015 51.0446687, -114.0250147 51.0446348, -114.0250059 51.0446334, -114.0249566 51.0446284, -114.0249145 51.044623, -114.0248681 51.0446058, -114.0248216 51.0445917, -114.0247744 51.0445822, -114.0247266 51.0445732, -114.0246794 51.0445683, -114.024625 51.0445488, -114.0246016 51.04452, -114.024563 51.044485, -114.0245121 51.044459, -114.0244656 51.0444436, -114.0244177 51.0444273, -114.0243785 51.044415, -114.0243335 51.0443987, -114.0242885 51.0443833, -114.0242406 51.0443692, -114.0241883 51.0443597, -114.0241412 51.0443521, -114.0240847 51.0443522, -114.0240333 51.0443596, -114.0239869 51.0443666, -114.0239398 51.0443676, -114.0238854 51.0443641, -114.023839 51.0443591, -114.0237854 51.0443538, -114.0237324 51.0443498, -114.0236853 51.044344, -114.0236462 51.0443399, -114.0235896 51.0443332, -114.0235388 51.0443278, -114.0234881 51.0443248, -114.0234337 51.0443203, -114.0233851 51.0443145, -114.0233424 51.0443114, -114.0232865 51.0443083, -114.0232488 51.0443056, -114.023209 51.0443048, -114.0231698 51.0443031, -114.0231336 51.0443041, -114.0230894 51.0443023, -114.0230365 51.0443025, -114.02298 51.0443053, -114.0229271 51.0443068, -114.0229085 51.0453238, -114.022911 51.046194, -114.0231283 51.0461941, -114.0233456 51.0461942, -114.023563 51.0461942, -114.0237803 51.0461943, -114.0239976 51.0461944, -114.024215 51.0461945, -114.0244323 51.0461946, -114.0249835 51.0461948)))"
9909 84 ST NE,Farm Land,RESIDUAL WARD 5 - SUB AREA 5F,S-FUD,"MULTIPOLYGON (((-113.9120237 51.1397693, -113.91202 51.1470045, -113.9170027 51.1470043, -113.9170041 51.1403519, -113.91642 51.1397673, -113.9120237 51.1397693)))"
16315 53 ST SW,Residential,RESIDUAL WARD 13 - SUB AREA 13F,S-FUD,"MULTIPOLYGON (((-114.165531 50.9067893, -114.1702773 50.9067971, -114.1750065 50.9068047, -114.1750055 50.9031842, -114.172146 50.9031794, -114.1692865 50.9031746, -114.166427 50.9031696, -114.1635674 50.9031646, -114.1635659 50.9054713, -114.1655317 50.9054745, -114.165531 50.9067893)))"
1451 TSUUT'INA TR SW,Non-Residential,ALPINE PARK,S-FUD,"MULTIPOLYGON (((-114.1382884 50.923301, -114.1380501 50.9233012, -114.1380067 50.9233014, -114.1380079 50.9237261, -114.1380514 50.9237259, -114.1382896 50.9237257, -114.1382884 50.923301)))"
4103 72 AV NE,Non-Residential,SADDLE RIDGE INDUSTRIAL,S-FUD,"MULTIPOLYGON (((-113.9724275 51.1177174, -113.9724275 51.1177253, -113.9735677 51.1177264, -113.9735679 51.1169588, -113.9735679 51.1165529, -113.9735679 51.1164981, -113.973568 51.1160748, -113.973568 51.1160543, -113.9724277 51.1160535, -113.9724275 51.1177174)))"
5310 52 ST SE,Non-Residential,STARFIELD,S-FUD,"MULTIPOLYGON (((-113.9561677 51.0065702, -113.9556619 51.0067825, -113.958255 51.0067804, -113.958255 51.0065065, -113.9581812 51.0065065, -113.9580712 51.0065066, -113.956315 51.0065082, -113.9561677 51.0065702)))"
16404 53 ST SW,Farm Land,RESIDUAL WARD 13 - SUB AREA 13G,S-FUD,"MULTIPOLYGON (((-114.1518688 50.9067615, -114.1632791 50.9067855, -114.1632838 50.8995427, -114.1518723 50.8995236, -114.1518688 50.9067615)))"
1745 MEMORIAL DR NE,Non-Residential,BRIDGELAND/RIVERSIDE,S-FUD,"MULTIPOLYGON (((-114.0224591 51.0461938, -114.0224763 51.0461938, -114.0226936 51.0461939, -114.022911 51.046194, -114.0229085 51.0453238, -114.0229271 51.0443068, -114.0228959 51.0443078, -114.0228394 51.0443088, -114.022793 51.0443089, -114.0227488 51.0443081, -114.0226937 51.0443078, -114.0226387 51.0443079, -114.022588 51.0443094, -114.0225401 51.0443109, -114.0224872 51.0443146, -114.0224684 51.0443179, -114.0224279 51.0443239, -114.0224076 51.0443253, -114.022367 51.0443304, -114.0223156 51.0443356, -114.0222649 51.0443425, -114.022215 51.044349, -114.0221592 51.0443565, -114.0221085 51.0443644, -114.02206 51.0443709, -114.0220057 51.0443824, -114.0219565 51.0443962, -114.0219102 51.0444096, -114.0218618 51.0444247, -114.0218155 51.044444, -114.0217728 51.0444606, -114.0217266 51.0444817, -114.0217115 51.0444898, -114.0216709 51.0445115, -114.021616 51.0445413, -114.0215604 51.0445693, -114.0215141 51.0445918, -114.0214693 51.0446138, -114.0214166 51.0446495, -114.0213755 51.0446844, -114.0213272 51.0447196, -114.0212744 51.0447526, -114.0212188 51.0447806, -114.0211747 51.0447999, -114.0211198 51.0448302, -114.0210721 51.0448572, -114.0210375 51.0448774, -114.0209847 51.0449095, -114.0209313 51.0449366, -114.0208886 51.0449485, -114.0208401 51.0449541, -114.0207901 51.0449593, -114.0207394 51.0449648, -114.0206852 51.0450001, -114.0206426 51.0450258, -114.0205949 51.0450387, -114.0205398 51.0450448, -114.0204898 51.0450417, -114.0204398 51.0450336, -114.0203991 51.0450254, -114.0203476 51.0450192, -114.0203261 51.0450162, -114.0203012 51.0450129, -114.0202505 51.0450098, -114.0202012 51.0450085, -114.0201512 51.0450063, -114.0201004 51.0450042, -114.0200468 51.0450015, -114.019991 51.0449985, -114.0199424 51.0449958, -114.0198859 51.0449937, -114.0198409 51.0449915, -114.0197916 51.0449879, -114.019743 51.0449835, -114.0197025 51.0449817, -114.0196504 51.0450004, -114.0196504 51.0450284, -114.0196579 51.0450564, -114.0196517 51.0450865, -114.0196384 51.0451148, -114.0196361 51.0451197, -114.0196182 51.0451503, -114.0196033 51.045182, -114.019587 51.0452139, -114.0195631 51.0452418, -114.0195471 51.0452734, -114.0195389 51.0453037, -114.0195335 51.0453362, -114.019529 51.0453704, -114.0195255 51.0454035, -114.0195196 51.0454325, -114.0195157 51.0454577, -114.0195127 51.0454834, -114.0195126 51.0455106, -114.0195132 51.0455386, -114.0195149 51.045566, -114.0195174 51.0455927, -114.0195214 51.0456176, -114.0195239 51.0456439, -114.0195266 51.045671, -114.019528 51.0456981, -114.0195294 51.0457255, -114.0195317 51.0457527, -114.0195327 51.0457803, -114.0195361 51.0458067, -114.0195379 51.045834, -114.0195396 51.0458611, -114.0195417 51.0458885, -114.0195452 51.0459143, -114.0195465 51.0459419, -114.019548 51.0459692, -114.0195497 51.0459963, -114.019551 51.0460241, -114.0195534 51.0460514, -114.0195554 51.0460789, -114.0195571 51.0461059, -114.0195598 51.0461321, -114.0195614 51.046145, -114.0195648 51.0461706, -114.0195663 51.0461926, -114.0195859 51.0461926, -114.0198249 51.0461928, -114.020064 51.0461928, -114.020303 51.0461929, -114.0205419 51.046193, -114.0214841 51.0461934, -114.0216567 51.0461935, -114.0223675 51.0461938, -114.0224591 51.0461938)))"
12411 85 ST NW,Non-Residential,RESIDUAL WARD 1 - SUB AREA 1K,S-FUD,"MULTIPOLYGON (((-114.2112622 51.1686904, -114.2113493 51.1686904, -114.2157195 51.1686915, -114.218968 51.1686922, -114.2226115 51.168693, -114.222605 51.1614638, -114.211419 51.1614578, -114.2113475 51.1614577, -114.2112604 51.1614578, -114.2112615 51.1616989, -114.2112616 51.1631868, -114.2112605 51.1640425, -114.2112621 51.1680823, -114.2112621 51.1685205, -114.2112622 51.1686904)))"
12411 85 ST NW,Non-Residential,RESIDUAL WARD 1 - SUB AREA 1K,S-FUD,"MULTIPOLYGON (((-114.2112622 51.1686904, -114.2113493 51.1686904, -114.2157195 51.1686915, -114.218968 51.1686922, -114.2226115 51.168693, -114.222605 51.1614638, -114.211419 51.1614578, -114.2113475 51.1614577, -114.2112604 51.1614578, -114.2112615 51.1616989, -114.2112616 51.1631868, -114.2112605 51.1640425, -114.2112621 51.1680823, -114.2112621 51.1685205, -114.2112622 51.1686904)))"
3527 BOULTON RD NW,Non-Residential,BRENTWOOD,S-FUD,"MULTIPOLYGON (((-114.139507 51.0941774, -114.1398411 51.0943795, -114.1398412 51.094491, -114.1410494 51.0944895, -114.1410492 51.0941607, -114.1402603 51.0936836, -114.1398385 51.0939601, -114.139507 51.0941774)))"
6313 144 AV NW,Residential,RESIDUAL WARD 2 - SUB AREA 2C,S-FUD,"MULTIPOLYGON (((-114.1817038 51.1759162, -114.1763389 51.1759163, -114.1762605 51.1759163, -114.1760811 51.1759163, -114.1760808 51.1760994, -114.1760741 51.1791642, -114.1760656 51.1829875, -114.1760654 51.1830797, -114.1791481 51.1830796, -114.1808665 51.1830795, -114.1811525 51.1830795, -114.1817992 51.1830795, -114.1818059 51.1795211, -114.1818126 51.1759162, -114.1817038 51.1759162)))"
550 77 ST SW,Residential,COUGAR RIDGE,S-FUD,"MULTIPOLYGON (((-114.1969956 51.0707254, -114.1964065 51.0707264, -114.1964065 51.0707275, -114.1964061 51.0710665, -114.1964045 51.0725256, -114.1964045 51.072533, -114.1964006 51.0742515, -114.1964006 51.0742595, -114.1991714 51.0742564, -114.1991683 51.0725301, -114.1991715 51.0707261, -114.1991715 51.070724, -114.1982068 51.0707246, -114.1981978 51.0707246, -114.1970067 51.0707254, -114.1969956 51.0707254)))"
8432 24 ST SE,Non-Residential,SHEPARD INDUSTRIAL,S-FUD,"MULTIPOLYGON (((-113.9980707 50.9772164, -113.9980708 50.9772849, -113.9980708 50.9773534, -113.9986135 50.9773519, -113.9986135 50.9772834, -113.9986135 50.9772149, -113.9980707 50.9772164)))"
17507 24 ST SW,Residential,BRIDLEWOOD,S-FUD,"MULTIPOLYGON (((-114.1185478 50.8959042, -114.1186979 50.8959042, -114.117757 50.8955302, -114.1176393 50.8954853, -114.1175191 50.8954432, -114.1173964 50.8954039, -114.1172715 50.8953676, -114.1172716 50.8959044, -114.1174708 50.8959043, -114.1176448 50.8959043, -114.1180134 50.8959043, -114.1185478 50.8959042)))"
8440 24 ST SE,Non-Residential,SHEPARD INDUSTRIAL,S-FUD,"MULTIPOLYGON (((-113.9986135 50.9772149, -113.9986134 50.9771464, -113.9986134 50.977078, -113.9986134 50.9770095, -113.9986134 50.9769164, -113.9980706 50.9769178, -113.9980706 50.9770109, -113.9980707 50.9770794, -113.9980707 50.9771479, -113.9980707 50.9772164, -113.9986135 50.9772149)))"
17303 37 ST SW,Residential,RESIDUAL WARD 13 - SUB AREA 13G,S-FUD,"MULTIPOLYGON (((-114.1404641 50.8995024, -114.1518723 50.8995236, -114.1518717 50.8959322, -114.1404631 50.8959241, -114.1404641 50.8995024)))"
8308 BLACKFOOT TR SE,Non-Residential,EAST FAIRVIEW INDUSTRIAL,S-FUD,"MULTIPOLYGON (((-114.0486111 50.9791502, -114.0485658 50.9790814, -114.0485654 50.9794875, -114.0488326 50.9794874, -114.0486111 50.9791502)))"
12500 ROCKY RIDGE RD NW,Non-Residential,RESIDUAL WARD 1 - SUB AREA 1K,S-FUD,"MULTIPOLYGON (((-114.2226115 51.168693, -114.2336278 51.1686943, -114.2341052 51.1686947, -114.2341046 51.1682649, -114.2341025 51.161469, -114.222605 51.1614638, -114.2226115 51.168693)))"
18015 SHERIFF KING PL SW,Non-Residential,SILVERADO,S-FUD,"MULTIPOLYGON (((-114.0570052 50.8889491, -114.0578778 50.8889475, -114.0604033 50.8895827, -114.0632523 50.8902947, -114.0636972 50.8902974, -114.0636778 50.8902724, -114.0635342 50.8900178, -114.0633598 50.8896997, -114.0632026 50.8894212, -114.0630592 50.8891673, -114.0629159 50.8889134, -114.0627725 50.8886595, -114.0626292 50.8884055, -114.0624859 50.8881516, -114.0623425 50.8878977, -114.0616369 50.8866568, -114.0563868 50.887942, -114.0570052 50.8889491)))"
6311 170 AV SW,Residential,RESIDUAL WARD 13 - SUB AREA 13F,S-FUD,"MULTIPOLYGON (((-114.1750047 50.8995638, -114.1754308 50.8995647, -114.1764527 50.8995664, -114.1780869 50.8995692, -114.1780914 50.8985699, -114.176457 50.898567, -114.176454 50.8992651, -114.1754308 50.8992635, -114.1750042 50.8992629, -114.1750047 50.8995638)))"
16711 37 ST SW,Farm Land,RESIDUAL WARD 13 - SUB AREA 13G,S-FUD,"MULTIPOLYGON (((-114.1490179 50.9067554, -114.1518688 50.9067615, -114.1518723 50.8995236, -114.1404641 50.8995024, -114.140466 50.9031188, -114.143318 50.9031248, -114.1461701 50.9031307, -114.1490221 50.9031365, -114.1490181 50.9065746, -114.1490179 50.9067554)))"
18701 MACLEOD TR SW,Non-Residential,SILVERADO,S-FUD,"MULTIPOLYGON (((-114.0520435 50.8872695, -114.0518122 50.886927, -114.0515873 50.8865829, -114.0513689 50.886237, -114.0513899 50.8862318, -114.0516023 50.8861793, -114.051371 50.8858023, -114.0511587 50.8858544, -114.0510928 50.8858706, -114.0513241 50.8862476, -114.0521077 50.8875246, -114.0522886 50.8878195, -114.0523143 50.8878614, -114.0527263 50.8885328, -114.0529657 50.888533, -114.0529987 50.888533, -114.052988 50.8885252, -114.0529084 50.8884615, -114.0528365 50.8883943, -114.0527726 50.8883239, -114.052717 50.8882507, -114.0522025 50.8875011, -114.0520435 50.8872695)))"
901 84 ST NE,Residential,RESIDUAL WARD 9 - SUB AREA 9O,S-FUD,"MULTIPOLYGON (((-113.9120466 51.0596629, -113.9120477 51.0615319, -113.9120473 51.0617258, -113.9153249 51.0596613, -113.9140692 51.059662, -113.9120466 51.0596629)))"
19008 SHERIFF KING ST SW,Residential,SILVERADO,S-FUD,"MULTIPOLYGON (((-114.0692731 50.8840045, -114.0692717 50.8847626, -114.0707021 50.8847637, -114.0707036 50.8840056, -114.0692731 50.8840045)))"
2636 52 ST SE,Non-Residential,FOREST LAWN -  INDUSTRIAL,S-FUD,"MULTIPOLYGON (((-113.955956 51.0307016, -113.9559551 51.0311581, -113.9581832 51.0311553, -113.958182 51.0306998, -113.9580726 51.0306999, -113.9578554 51.0307001, -113.955956 51.0307016)))"
18717 SHERIFF KING PL SW,Non-Residential,SILVERADO,S-FUD,"MULTIPOLYGON (((-114.0516023 50.8861793, -114.0545528 50.8854537, -114.0548203 50.885389, -114.0572779 50.8847852, -114.0579137 50.8846292, -114.0582775 50.88454, -114.0592047 50.8843126, -114.0603869 50.8840236, -114.0603863 50.884022, -114.0598787 50.8826783, -114.0507529 50.8849186, -114.0505389 50.8849694, -114.0510928 50.8858706, -114.051371 50.8858023, -114.0516023 50.8861793)))"
16060 53 ST SW,Residential,ALPINE PARK,S-FUD,"MULTIPOLYGON (((-114.1518688 50.9067615, -114.1518667 50.9138594, -114.1518666 50.9140032, -114.1577868 50.9140236, -114.161218 50.914035, -114.1632676 50.9140419, -114.1632791 50.9067855, -114.1630842 50.9067851, -114.1518688 50.9067615)))"
16303 53 ST SW,Residential,RESIDUAL WARD 13 - SUB AREA 13F,S-FUD,"MULTIPOLYGON (((-114.1635651 50.9067861, -114.165531 50.9067893, -114.1655317 50.9054745, -114.1635659 50.9054713, -114.1635651 50.9067861)))"
18616 24 ST SW,Residential,RESIDUAL WARD 13 - SUB AREA 13G,S-FUD,"MULTIPOLYGON (((-114.1169541 50.884878, -114.1169186 50.884878, -114.1159038 50.8848777, -114.1160027 50.8850291, -114.1163996 50.8856462, -114.1169175 50.8862359, -114.1169529 50.8862763, -114.1169541 50.884878)))"
585 73 ST SW,Residential,COUGAR RIDGE,S-FUD,"MULTIPOLYGON (((-114.1936805 51.0707287, -114.1936831 51.0721462, -114.193679 51.0725353, -114.1964045 51.0725256, -114.1964055 51.0725256, -114.1964061 51.0710665, -114.1964063 51.0707275, -114.196407 51.0705249, -114.1964082 51.0701155, -114.1964086 51.0699445, -114.1962445 51.0699383, -114.196027 51.0699314, -114.1958144 51.0699247, -114.1956019 51.069918, -114.1953893 51.0699112, -114.1951767 51.0699045, -114.1949641 51.0698977, -114.1948211 51.0698932, -114.1947515 51.069891, -114.1945388 51.0698843, -114.194326 51.0698775, -114.1942282 51.0698744, -114.1941134 51.0698022, -114.1939014 51.0696691, -114.1936829 51.0696694, -114.1936805 51.0707287)))"
19000 SHERIFF KING ST SW,Residential,SILVERADO,S-FUD,"MULTIPOLYGON (((-114.0680597 50.8848986, -114.0707019 50.8849006, -114.0707021 50.8847637, -114.0692717 50.8847626, -114.0692731 50.8840045, -114.0680613 50.8840036, -114.0680597 50.8848986)))"
6140 170 AV SW,Residential,RESIDUAL WARD 13 - SUB AREA 13F,S-FUD,"MULTIPOLYGON (((-114.172146 50.9031794, -114.1750055 50.9031842, -114.1750047 50.8995638, -114.174918 50.8995637, -114.1721452 50.8995587, -114.172146 50.9031794)))"
755 96 AV NE,Residential,AURORA BUSINESS PARK,S-FUD,"MULTIPOLYGON (((-114.0445974 51.1396913, -114.0440935 51.139693, -114.0440149 51.1398999, -114.0439386 51.140107, -114.0438645 51.1403145, -114.0437927 51.1405223, -114.0437231 51.1407304, -114.0436558 51.1409388, -114.0435907 51.1411475, -114.0435279 51.1413565, -114.0436988 51.1413764, -114.0442633 51.1414424, -114.0442629 51.141402, -114.0445932 51.1414007, -114.0445974 51.1396913)))"
859 96 AV NE,Non-Residential,STONEY 1,S-FUD,"MULTIPOLYGON (((-114.0396919 51.1405077, -114.0398605 51.1404246, -114.0398434 51.1402822, -114.0400223 51.1402199, -114.0402128 51.1402174, -114.0403925 51.14027, -114.0404897 51.1402638, -114.0405719 51.1402182, -114.040659 51.1401284, -114.0407195 51.1400237, -114.040717 51.1399783, -114.0406718 51.1399306, -114.0406136 51.1398956, -114.0404797 51.1398337, -114.0405003 51.1397535, -114.0404911 51.1397045, -114.0396243 51.1397075, -114.0393201 51.1412192, -114.0405968 51.1414272, -114.0407351 51.1414497, -114.0407181 51.1414384, -114.0406992 51.1414285, -114.0406841 51.1414243, -114.040663 51.1414192, -114.040646 51.1414121, -114.0406309 51.1414036, -114.0406162 51.1413953, -114.0405996 51.1413886, -114.040567 51.1413782, -114.0405046 51.1413607, -114.0404205 51.1413398, -114.0403959 51.1413357, -114.04037 51.1413343, -114.0403302 51.1413331, -114.0402876 51.1413295, -114.0402739 51.1413276, -114.0402606 51.1413244, -114.0402483 51.1413199, -114.040231 51.1413132, -114.0402126 51.1413078, -114.0402017 51.1413051, -114.0401956 51.1413036, -114.0401786 51.1412975, -114.0401624 51.1412917, -114.0401521 51.1412892, -114.0401239 51.1412824, -114.0400225 51.1412566, -114.039994 51.141248, -114.0399887 51.1412453, -114.0399801 51.1412403, -114.0399666 51.1412354, -114.0399516 51.1412329, -114.0399441 51.1412331, -114.0399397 51.1412369, -114.0399391 51.1412392, -114.0399407 51.1412413, -114.0399424 51.1412434, -114.039942 51.1412458, -114.0399377 51.1412499, -114.0399314 51.1412528, -114.0399069 51.1412592, -114.0398815 51.1412641, -114.0398597 51.1412671, -114.0398411 51.141269, -114.0398105 51.14127, -114.0397801 51.1412676, -114.0397457 51.1412614, -114.0397131 51.1412522, -114.0396928 51.1412445, -114.0396736 51.1412359, -114.0396597 51.1412283, -114.0396472 51.1412199, -114.039635 51.1412094, -114.0396253 51.1411979, -114.0396151 51.1411857, -114.0396024 51.1411744, -114.0395743 51.1411561, -114.0395686 51.1411537, -114.0395621 51.1411524, -114.0395567 51.1411528, -114.0395502 51.1411535, -114.0395452 51.1411526, -114.039541 51.1411506, -114.0395383 51.1411478, -114.0395375 51.1411446, -114.039534 51.1411376, -114.0395248 51.141133, -114.0395165 51.1411323, -114.0395095 51.1411316, -114.0395047 51.1411295, -114.0395013 51.1411265, -114.0394913 51.141112, -114.0394832 51.1410971, -114.0394758 51.1410791, -114.0394705 51.1410608, -114.0394672 51.1410424, -114.0394659 51.1410238, -114.0394669 51.1410123, -114.0394699 51.1410009, -114.039475 51.1409898, -114.0394821 51.1409791, -114.0394862 51.1409744, -114.0394887 51.1409714, -114.0394938 51.1409582, -114.0394918 51.1409447, -114.039488 51.1409269, -114.0394912 51.1409092, -114.0395044 51.1408805, -114.0395209 51.1408539, -114.0395381 51.140831, -114.0395573 51.1408088, -114.03957 51.1407962, -114.0395846 51.1407843, -114.0396145 51.1407652, -114.0396442 51.1407462, -114.0396549 51.1407376, -114.0396697 51.1407255, -114.0396782 51.1407197, -114.039688 51.1407148, -114.0397044 51.1407085, -114.0397217 51.1407033, -114.0397525 51.1406924, -114.0397483 51.1406732, -114.0396567 51.140625, -114.0396919 51.1405077)))"
833 96 AV NE,Non-Residential,STONEY 1,S-FUD,"MULTIPOLYGON (((-114.0407083 51.1413703, -114.0407266 51.1413764, -114.0407432 51.1413836, -114.0407587 51.1413918, -114.0407789 51.1414044, -114.0407976 51.1414178, -114.0408313 51.1414442, -114.0408662 51.1414727, -114.0415422 51.1415827, -114.0415837 51.1415895, -114.0415857 51.1415844, -114.0417683 51.1411263, -114.0406317 51.14047, -114.0407533 51.1404361, -114.0409459 51.1402407, -114.0410783 51.1400526, -114.0410295 51.1398361, -114.0408423 51.1397033, -114.0405585 51.1397043, -114.0405521 51.1397469, -114.0405851 51.1398437, -114.0407624 51.1399324, -114.0407837 51.140027, -114.040692 51.1401573, -114.0406264 51.1402252, -114.0405579 51.1402939, -114.0404507 51.1403239, -114.0403872 51.1403538, -114.040319 51.1403105, -114.0402072 51.1402584, -114.0400068 51.1402654, -114.0399351 51.1403033, -114.0399121 51.1403447, -114.0398997 51.1404859, -114.0399819 51.1406372, -114.0399349 51.1406736, -114.0398561 51.1406649, -114.0398242 51.1407042, -114.039679 51.1407809, -114.0396646 51.1407884, -114.0396515 51.1407969, -114.0396453 51.1408024, -114.0396408 51.1408086, -114.0396316 51.1408277, -114.0396255 51.1408395, -114.0396153 51.1408556, -114.0396023 51.140876, -114.0395759 51.1409217, -114.0395639 51.1409478, -114.0395606 51.140963, -114.0395602 51.1410119, -114.0395634 51.1410398, -114.0395668 51.1410477, -114.0395733 51.1410535, -114.0395829 51.1410571, -114.0395977 51.1410619, -114.0396099 51.141069, -114.0396303 51.1410859, -114.0396462 51.1410988, -114.0396608 51.1411079, -114.0396724 51.1411154, -114.0396766 51.1411195, -114.0396792 51.141124, -114.0396821 51.1411296, -114.0396866 51.1411347, -114.0396946 51.1411384, -114.0396986 51.1411413, -114.0396982 51.1411433, -114.0396951 51.1411461, -114.0396905 51.1411472, -114.0396847 51.1411483, -114.0396796 51.1411515, -114.0396768 51.1411557, -114.0396751 51.1411644, -114.039676 51.141173, -114.03968 51.141185, -114.039684 51.141192, -114.0396901 51.1411991, -114.0396961 51.1412041, -114.0397054 51.1412086, -114.0397234 51.1412127, -114.0397449 51.1412142, -114.0397583 51.1412124, -114.0397719 51.1412074, -114.0397955 51.1411979, -114.0398566 51.1411786, -114.0398682 51.1411775, -114.0398824 51.1411791, -114.0399075 51.1411825, -114.0399399 51.1411859, -114.0399559 51.1411873, -114.0399664 51.1411873, -114.0399764 51.1411855, -114.0399877 51.1411834, -114.0399995 51.141183, -114.0400342 51.1411864, -114.0400826 51.1411958, -114.040139 51.1412097, -114.0401762 51.1412187, -114.0402217 51.1412292, -114.0402528 51.1412364, -114.040289 51.1412453, -114.0403357 51.141257, -114.0403937 51.1412692, -114.0404776 51.1412861, -114.0405341 51.1412994, -114.040555 51.1413055, -114.0405713 51.1413115, -114.0406146 51.1413294, -114.0406586 51.1413496, -114.0406925 51.1413649, -114.0407083 51.1413703)))"
815 96 AV NE,Non-Residential,STONEY 1,S-FUD,"MULTIPOLYGON (((-114.0415837 51.1415895, -114.0420051 51.1416582, -114.0428739 51.1417997, -114.0428822 51.1417702, -114.0429139 51.1416581, -114.0429445 51.1415499, -114.0429942 51.1413857, -114.043057 51.1411733, -114.0431222 51.1409611, -114.0431897 51.1407492, -114.0432595 51.1405376, -114.0433316 51.1403263, -114.043406 51.1401154, -114.0434827 51.1399047, -114.0435616 51.1396944, -114.0435619 51.1396938, -114.0433828 51.1396944, -114.0432035 51.139695, -114.0430242 51.1396956, -114.0427875 51.1396964, -114.0423374 51.139698, -114.0408423 51.1397033, -114.0410295 51.1398361, -114.0410783 51.1400526, -114.0409459 51.1402407, -114.0407533 51.1404361, -114.0406317 51.14047, -114.0417683 51.1411263, -114.0415857 51.1415844, -114.0415837 51.1415895)))"
775 96 AV NE,Residential,AURORA BUSINESS PARK,S-FUD,"MULTIPOLYGON (((-114.0442633 51.1414424, -114.0436988 51.1413764, -114.0435279 51.1413565, -114.0434556 51.1416072, -114.0433783 51.1418806, -114.0435398 51.141905, -114.0435477 51.1419062, -114.0437177 51.1419309, -114.0438882 51.141954, -114.0441268 51.1419832, -114.0443663 51.1420091, -114.0446066 51.1420317, -114.0448477 51.1420509, -114.0450895 51.1420668, -114.0453317 51.1420793, -114.0455743 51.1420884, -114.0458171 51.1420942, -114.0459865 51.1421321, -114.0459871 51.1418691, -114.0459854 51.1418452, -114.0459799 51.1418216, -114.0459707 51.1417984, -114.0459579 51.1417759, -114.0459416 51.1417543, -114.0459221 51.1417338, -114.0458994 51.1417146, -114.0458738 51.1416969, -114.0458455 51.1416809, -114.0458149 51.1416667, -114.0457822 51.1416544, -114.0457477 51.1416443, -114.0457118 51.1416363, -114.0456748 51.1416306, -114.0456371 51.1416272, -114.0455991 51.1416261, -114.0448895 51.1416288, -114.0446587 51.1416971, -114.0442658 51.1416986, -114.0442647 51.1415862, -114.0442633 51.1414424)))"
820 96 AV NE,Non-Residential,STONEY 1,S-FUD,"MULTIPOLYGON (((-114.0407641 51.1428505, -114.0404348 51.143092, -114.0403559 51.1432303, -114.0410297 51.1427712, -114.0408776 51.1427464, -114.0407641 51.1428505)))"
820R 96 AV NE,Non-Residential,STONEY 1,S-FUD,"MULTIPOLYGON (((-114.0393221 51.1435397, -114.0393092 51.1435331, -114.0392952 51.1435275, -114.0392803 51.143523, -114.0392646 51.1435196, -114.0392484 51.1435173, -114.0392318 51.1435163, -114.0392152 51.1435164, -114.0391988 51.1435178, -114.0390456 51.1435344, -114.0388916 51.1435471, -114.0387369 51.1435561, -114.0385817 51.1435612, -114.0385551 51.1435624, -114.0385288 51.1435649, -114.0385028 51.1435686, -114.0384774 51.1435735, -114.0384526 51.1435796, -114.0384286 51.1435868, -114.0384055 51.1435951, -114.0383834 51.1436044, -114.0383625 51.1436148, -114.0383429 51.1436261, -114.0383247 51.1436383, -114.038308 51.1436513, -114.0382928 51.143665, -114.0382794 51.1436794, -114.0382676 51.1436944, -114.0382577 51.1437099, -114.0382497 51.1437259, -114.0382435 51.1437421, -114.0382393 51.1437586, -114.038237 51.1437752, -114.0382368 51.1437919, -114.0382385 51.1438086, -114.0382421 51.1438252, -114.0382477 51.1438415, -114.0382553 51.1438575, -114.0382647 51.1438731, -114.0382759 51.1438883, -114.0382889 51.1439029, -114.0383036 51.1439168, -114.0383198 51.14393, -114.0383377 51.1439424, -114.0383569 51.143954, -114.0383911 51.1439743, -114.0384232 51.143996, -114.0384529 51.144019, -114.0384801 51.1440432, -114.0389381 51.144479, -114.0393964 51.1437794, -114.0398385 51.143569, -114.0398083 51.1435798, -114.0397768 51.1435891, -114.0397442 51.1435967, -114.0397107 51.1436027, -114.0396765 51.1436069, -114.0396419 51.1436094, -114.0396072 51.1436101, -114.0395724 51.143609, -114.0395379 51.1436062, -114.0395039 51.1436016, -114.0394706 51.1435953, -114.0394382 51.1435873, -114.0394069 51.1435776, -114.039377 51.1435664, -114.0393487 51.1435538, -114.0393221 51.1435397)))"
830 96 AV NE,Non-Residential,AURORA BUSINESS PARK,S-FUD,"MULTIPOLYGON (((-114.0389827 51.1449355, -114.0390025 51.1449083, -114.0390194 51.1448803, -114.0390333 51.1448517, -114.0390443 51.1448226, -114.0390522 51.1447931, -114.0390571 51.1447633, -114.0390588 51.1447334, -114.0390574 51.1447035, -114.039053 51.1446737, -114.0390454 51.1446442, -114.0390348 51.144615, -114.0390212 51.1445864, -114.0390047 51.1445583, -114.0389853 51.144531, -114.038963 51.1445045, -114.0389381 51.144479, -114.0384801 51.1440432, -114.0384529 51.144019, -114.0384232 51.143996, -114.0383911 51.1439743, -114.0383569 51.143954, -114.0383377 51.1439424, -114.0383198 51.14393, -114.0383036 51.1439168, -114.0382889 51.1439029, -114.0382759 51.1438883, -114.0382647 51.1438731, -114.0382553 51.1438575, -114.0382477 51.1438415, -114.0382421 51.1438252, -114.0382385 51.1438086, -114.0382368 51.1437919, -114.038237 51.1437752, -114.0382393 51.1437586, -114.0382435 51.1437421, -114.0382497 51.1437259, -114.0382577 51.1437099, -114.0382676 51.1436944, -114.0382794 51.1436794, -114.0382928 51.143665, -114.038308 51.1436513, -114.0383247 51.1436383, -114.0383429 51.1436261, -114.0383625 51.1436148, -114.0383834 51.1436044, -114.0384055 51.1435951, -114.0384286 51.1435868, -114.0384526 51.1435796, -114.0384774 51.1435735, -114.0385028 51.1435686, -114.0385288 51.1435649, -114.0385551 51.1435624, -114.0385817 51.1435612, -114.0387369 51.1435561, -114.0388916 51.1435471, -114.0390456 51.1435344, -114.0391988 51.1435178, -114.0392152 51.1435164, -114.0392318 51.1435163, -114.0392484 51.1435173, -114.0392646 51.1435196, -114.0392803 51.143523, -114.0392952 51.1435275, -114.0393092 51.1435331, -114.0393221 51.1435397, -114.0393487 51.1435538, -114.039377 51.1435664, -114.0394069 51.1435776, -114.0394382 51.1435873, -114.0394706 51.1435953, -114.0395039 51.1436016, -114.0395379 51.1436062, -114.0395724 51.143609, -114.0396072 51.1436101, -114.0396419 51.1436094, -114.0396765 51.1436069, -114.0397107 51.1436027, -114.0397442 51.1435967, -114.0397768 51.1435891, -114.0398083 51.1435798, -114.0398385 51.143569, -114.0398621 51.143559, -114.0398846 51.143548, -114.0399059 51.1435361, -114.0399258 51.1435234, -114.0403559 51.1432303, -114.0404348 51.143092, -114.0407641 51.1428505, -114.0408776 51.1427464, -114.0406133 51.1427034, -114.0406421 51.1426616, -114.0406271 51.1426592, -114.0406107 51.142677, -114.0405831 51.1427106, -114.0405798 51.1427171, -114.0405795 51.142724, -114.0405792 51.1427305, -114.0405758 51.1427367, -114.0405717 51.1427399, -114.0405659 51.142742, -114.0405592 51.1427425, -114.0405528 51.1427415, -114.040545 51.1427399, -114.0405368 51.1427399, -114.040529 51.1427412, -114.0405221 51.142744, -114.0405069 51.1427539, -114.0404948 51.1427654, -114.0404818 51.142778, -114.0404655 51.1427892, -114.0404398 51.1428016, -114.0404242 51.14281, -114.0404151 51.1428186, -114.0404104 51.1428286, -114.0404054 51.1428401, -114.0403959 51.1428505, -114.0403737 51.1428677, -114.0403496 51.1428838, -114.0403147 51.1429066, -114.0402816 51.1429306, -114.040228 51.1429727, -114.0402101 51.1429884, -114.0401967 51.1430041, -114.0401879 51.1430209, -114.0401705 51.1430605, -114.0401485 51.1430991, -114.040131 51.1431235, -114.0400961 51.1431641, -114.0399155 51.1432747, -114.0397325 51.1433925, -114.0395503 51.143419, -114.0392877 51.1433004, -114.039123 51.1431926, -114.0390356 51.1431607, -114.0389459 51.1431465, -114.0385849 51.143255, -114.0384328 51.1433131, -114.038231 51.1434162, -114.0380533 51.1434517, -114.0379336 51.143493, -114.0379325 51.1435365, -114.0378088 51.1436073, -114.0377589 51.1437184, -114.0376688 51.1437953, -114.0376152 51.143923, -114.0376523 51.1439607, -114.0378514 51.1440558, -114.0381145 51.144121, -114.0382585 51.144149, -114.0384342 51.1442882, -114.0385116 51.1443767, -114.0385719 51.1445102, -114.0386798 51.1445726, -114.0387474 51.1447673, -114.0386598 51.1448939, -114.0385525 51.1449395, -114.0383614 51.1450671, -114.0381818 51.1452029, -114.0381043 51.1452958, -114.0381262 51.1453545, -114.0383521 51.1455185, -114.0384551 51.1456395, -114.0385356 51.1457522, -114.038511 51.1457775, -114.0385903 51.1459543, -114.0386723 51.1461008, -114.0386697 51.1462363, -114.0387247 51.1463877, -114.0387074 51.1465198, -114.0386889 51.1465521, -114.0386348 51.1467669, -114.0385159 51.1468926, -114.0383856 51.1469492, -114.0383833 51.1469502, -114.0388657 51.1469488, -114.0388855 51.1468926, -114.0389034 51.1468361, -114.0389194 51.1467794, -114.0389334 51.1467225, -114.0389456 51.1466655, -114.0389557 51.1466082, -114.0389639 51.1465509, -114.0389702 51.1464934, -114.0389745 51.1464359, -114.0389769 51.1463784, -114.0389773 51.1463208, -114.0389758 51.1462632, -114.0389723 51.1462057, -114.0389668 51.1461482, -114.0389594 51.1460908, -114.0389501 51.1460335, -114.0388424 51.145437, -114.0388375 51.1454049, -114.0388345 51.1453727, -114.0388333 51.1453404, -114.0388339 51.1453081, -114.0388364 51.1452759, -114.0388407 51.1452438, -114.0388469 51.1452117, -114.0388549 51.1451799, -114.0388647 51.1451482, -114.0388763 51.1451168, -114.0388896 51.1450856, -114.0389048 51.1450548, -114.0389217 51.1450243, -114.0389403 51.1449943, -114.0389607 51.1449646, -114.0389827 51.1449355)))"
840 96 AV NE,Non-Residential,STONEY 1,S-FUD,"MULTIPOLYGON (((-114.0404109 51.1427473, -114.0404399 51.142732, -114.0404767 51.1427109, -114.0404882 51.1427039, -114.0405118 51.1426868, -114.0405524 51.1426499, -114.0405548 51.1426474, -114.0404857 51.1426362, -114.0402266 51.142594, -114.0401719 51.1427507, -114.0398942 51.1427281, -114.0397189 51.1427532, -114.0395448 51.1427813, -114.0393721 51.1428125, -114.0392008 51.1428468, -114.0390312 51.1428841, -114.0388633 51.1429244, -114.0386973 51.1429676, -114.0385333 51.1430138, -114.0383715 51.1430629, -114.0382119 51.1431148, -114.0380548 51.1431696, -114.0379002 51.1432271, -114.0377482 51.1432874, -114.037599 51.1433503, -114.0374528 51.1434159, -114.0373095 51.143484, -114.0372252 51.1435278, -114.0371495 51.143565, -114.036517 51.1433755, -114.0365094 51.1464706, -114.0367655 51.1464824, -114.0369781 51.1464882, -114.0371147 51.1465027, -114.0373298 51.1465148, -114.0373977 51.146511, -114.0374947 51.1464969, -114.0375652 51.1465177, -114.0376729 51.146535, -114.0378115 51.1466059, -114.037814 51.1467171, -114.0377562 51.146836, -114.0376444 51.1469084, -114.0376091 51.1469513, -114.0376087 51.1469525, -114.0383247 51.1469504, -114.0383262 51.1469493, -114.0385252 51.1468125, -114.0386052 51.1466878, -114.0386057 51.1465357, -114.0386378 51.1464405, -114.0386221 51.146291, -114.0385854 51.1461675, -114.0385641 51.146026, -114.0384983 51.1458887, -114.0384181 51.1457247, -114.0383841 51.145617, -114.0380867 51.1454172, -114.0380131 51.1453401, -114.0380105 51.1452874, -114.038068 51.1452287, -114.0380987 51.1451622, -114.0382378 51.1451061, -114.0383424 51.1450114, -114.0383447 51.1449665, -114.0384185 51.1449537, -114.0385297 51.1448727, -114.038627 51.1447421, -114.0386333 51.1447006, -114.0385895 51.1446021, -114.0384728 51.1445036, -114.0383527 51.1443672, -114.0382934 51.144267, -114.0382023 51.1442027, -114.0381623 51.1441868, -114.0379012 51.1441642, -114.0377328 51.1441656, -114.0376355 51.1441306, -114.0374886 51.1439928, -114.0374988 51.1438618, -114.0375549 51.143731, -114.0376944 51.143726, -114.0377407 51.1435867, -114.0377961 51.1435305, -114.0378064 51.1434735, -114.0379718 51.1433807, -114.0381427 51.1433256, -114.0383732 51.1432255, -114.0386009 51.1431444, -114.0388649 51.1430515, -114.0391265 51.1431332, -114.0392903 51.1432547, -114.0394703 51.1433462, -114.0395928 51.1433736, -114.0396823 51.1433652, -114.0398062 51.1433017, -114.0400006 51.1431758, -114.0400299 51.1431321, -114.0400347 51.143117, -114.0400417 51.1431022, -114.0400486 51.1430921, -114.0400576 51.1430827, -114.040081 51.1430647, -114.0400952 51.1430527, -114.0401037 51.1430411, -114.0401123 51.143023, -114.0401134 51.1430172, -114.0401125 51.1430114, -114.0401095 51.1430059, -114.0401047 51.1430009, -114.0401016 51.1429972, -114.0401008 51.1429932, -114.0401022 51.1429892, -114.0401057 51.1429857, -114.0401136 51.1429806, -114.0401241 51.1429739, -114.0401496 51.1429587, -114.0401705 51.1429462, -114.0401798 51.1429391, -114.0401869 51.142931, -114.0401956 51.1429204, -114.0402068 51.1429108, -114.040216 51.1429054, -114.040227 51.1429017, -114.0402343 51.1428987, -114.0402398 51.1428945, -114.0402427 51.1428877, -114.0402456 51.1428803, -114.0402565 51.1428674, -114.0402688 51.1428567, -114.0402944 51.1428399, -114.0403293 51.1428181, -114.0403586 51.1427963, -114.0403767 51.142781, -114.0403827 51.1427741, -114.0403861 51.1427665, -114.0403889 51.1427612, -114.0403942 51.1427566, -114.0404109 51.1427473)))"
840R 96 AV NE,Non-Residential,STONEY 1,S-FUD,"MULTIPOLYGON (((-114.0365082 51.1469547, -114.0365082 51.1469557, -114.0375434 51.1469527, -114.0375437 51.1469522, -114.037544 51.1469515, -114.0375851 51.1469043, -114.0377032 51.1468257, -114.0377016 51.146825, -114.0377482 51.1467724, -114.0377784 51.1466872, -114.0377674 51.146637, -114.0376955 51.1465907, -114.0374298 51.1465626, -114.0373582 51.1465389, -114.0370666 51.1465305, -114.0367562 51.1465114, -114.0366028 51.1464947, -114.0365093 51.1464904, -114.0365082 51.1469547)))"
16010R 88 ST SE,Non-Residential,HOTCHKISS,S-FUD,"MULTIPOLYGON (((-113.8945028 50.9098013, -113.8992191 50.909806, -113.8993462 50.9098061, -113.8993438 50.9091319, -113.8951501 50.9091279, -113.8944999 50.9091258, -113.8945028 50.9098013)))"
16010 88 ST SE,Non-Residential,HOTCHKISS,S-FUD,"MULTIPOLYGON (((-113.9038732 50.9098089, -113.9038272 50.9097474, -113.9037755 50.9096877, -113.9037181 50.90963, -113.9036552 50.9095747, -113.9035872 50.9095219, -113.9035142 50.9094718, -113.9034366 50.9094245, -113.9033546 50.9093803, -113.9033468 50.9093768, -113.9032723 50.9093412, -113.903195 50.9093082, -113.9031007 50.9092731, -113.9030032 50.9092418, -113.9029028 50.9092144, -113.9028 50.9091908, -113.902695 50.9091714, -113.9025883 50.909156, -113.9024804 50.9091449, -113.9023715 50.9091379, -113.9023072 50.9091355, -113.9022428 50.9091346, -113.8998799 50.9091324, -113.8993438 50.9091319, -113.8993462 50.9098061, -113.9010036 50.9098077, -113.9033478 50.9098087, -113.9033699 50.9098087, -113.9034979 50.9098088, -113.9038732 50.9098089)))"
8960R STONEY TR SE,Non-Residential,SECTION 23,S-FUD,"MULTIPOLYGON (((-113.9254205 50.9779353, -113.9254084 50.9779153, -113.9253541 50.9778254, -113.9252844 50.9776944, -113.9252609 50.9775574, -113.9252502 50.9774199, -113.9252114 50.9772855, -113.92515 50.9771527, -113.9251295 50.9770163, -113.9250778 50.9768824, -113.925077 50.9767438, -113.9245975 50.9743589, -113.9245608 50.9741766, -113.9244662 50.974166, -113.9243723 50.9741532, -113.923058 50.9739531, -113.9229067 50.9739301, -113.922915 50.9741625, -113.92292 50.9743019, -113.9229663 50.9755928, -113.9231464 50.9761623, -113.9231787 50.9762563, -113.9232157 50.9763495, -113.9232422 50.9764093, -113.9232706 50.9764687, -113.923301 50.9765277, -113.9233334 50.9765863, -113.9233676 50.9766445, -113.9234038 50.9767022, -113.9234419 50.9767594, -113.9234819 50.9768161, -113.9235554 50.9769127, -113.9236343 50.9770077, -113.9237187 50.9771007, -113.9238084 50.9771918, -113.9239032 50.9772808, -113.924003 50.9773675, -113.9241078 50.977452, -113.9242174 50.977534, -113.9243316 50.9776134, -113.9244503 50.9776902, -113.9245733 50.9777642, -113.9247005 50.9778354, -113.9248317 50.9779037, -113.9249667 50.9779689, -113.9251054 50.978031, -113.9252476 50.9780899, -113.9252693 50.9780779, -113.9254205 50.9779353)))"
145 PANATELLA SQ NW,Residential,PANORAMA HILLS,S-FUD,"MULTIPOLYGON (((-114.0711971 51.1706447, -114.0706608 51.1706458, -114.0707068 51.1706632, -114.0712002 51.1708465, -114.0711971 51.1706447)))"
10220 6 ST NE,Residential,STONEY 1,S-FUD,"MULTIPOLYGON (((-114.0414241 51.146941, -114.0425321 51.1430159, -114.0415308 51.1428517, -114.041105 51.142782, -114.0410307 51.1427705, -114.0403567 51.1432299, -114.0399269 51.1435233, -114.039907 51.143536, -114.0398857 51.1435479, -114.0398632 51.1435589, -114.0398396 51.1435689, -114.0393979 51.1437795, -114.0389404 51.1444795, -114.0389653 51.144505, -114.0389876 51.1445314, -114.0390071 51.1445587, -114.0390236 51.1445868, -114.0390373 51.1446154, -114.0390479 51.1446446, -114.0390555 51.1446741, -114.03906 51.1447039, -114.0390614 51.1447338, -114.0390597 51.1447637, -114.0390549 51.1447935, -114.039047 51.144823, -114.0390361 51.1448521, -114.0390221 51.1448807, -114.0390053 51.1449086, -114.0389855 51.1449359, -114.0389635 51.144965, -114.0389432 51.1449947, -114.0389246 51.1450247, -114.0389078 51.1450552, -114.0388927 51.1450861, -114.0388793 51.1451172, -114.0388678 51.1451486, -114.038858 51.1451803, -114.0388501 51.1452122, -114.038844 51.1452442, -114.0388397 51.1452763, -114.0388372 51.1453086, -114.0388366 51.1453408, -114.0388379 51.1453731, -114.0388409 51.1454053, -114.0388458 51.1454374, -114.0389543 51.1460339, -114.0389634 51.1460912, -114.0389706 51.1461487, -114.0389758 51.1462062, -114.0389791 51.1462637, -114.0389805 51.1463213, -114.0389798 51.1463789, -114.0389772 51.1464365, -114.0389727 51.146494, -114.0389662 51.1465515, -114.0389577 51.1466088, -114.0389474 51.1466661, -114.038935 51.1467231, -114.0389207 51.14678, -114.0389045 51.1468367, -114.0388864 51.1468932, -114.0388664 51.1469494, -114.0394512 51.1469481, -114.0399011 51.1469465, -114.0409794 51.1469423, -114.0414241 51.146941)))"
2315 49 AV SE,Non-Residential,VALLEYFIELD,S-FUD,"MULTIPOLYGON (((-114.004449 51.0088994, -114.0044238 51.0089008, -114.0043999 51.0089059, -114.0043785 51.0089145, -114.0043609 51.0089259, -114.0043516 51.0089351, -114.0043447 51.0089452, -114.0043405 51.0089558, -114.0043391 51.0089667, -114.004339 51.0091288, -114.004339 51.0091836, -114.0043395 51.0094022, -114.0043416 51.0094209, -114.0043479 51.0094393, -114.0043581 51.009457, -114.0043722 51.0094736, -114.0043898 51.0094888, -114.0044106 51.0095024, -114.0044342 51.0095139, -114.0044601 51.0095233, -114.0044824 51.0095292, -114.0045056 51.0095335, -114.0045294 51.009536, -114.0045535 51.0095369, -114.005376 51.0095375, -114.0062411 51.0095382, -114.0062651 51.0095374, -114.0062889 51.0095348, -114.006312 51.0095306, -114.0063342 51.0095248, -114.0063601 51.0095154, -114.0063838 51.0095038, -114.0064046 51.0094902, -114.0064222 51.009475, -114.0064362 51.0094583, -114.0064465 51.0094406, -114.0064526 51.0094221, -114.0064547 51.0094033, -114.0064544 51.0091848, -114.0064545 51.0091482, -114.0064525 51.00913, -114.0064474 51.0091138, -114.0064392 51.0090981, -114.0064246 51.0090795, -114.0064057 51.0090624, -114.0063831 51.0090476, -114.0063572 51.0090351, -114.0063286 51.0090253, -114.0062979 51.0090183, -114.0062805 51.0090152, -114.0061193 51.008987, -114.0059778 51.0089623, -114.0058622 51.0089552, -114.0056187 51.0089413, -114.0053749 51.0089292, -114.0051436 51.0089193, -114.0049122 51.0089111, -114.0046807 51.0089044, -114.004449 51.0088994)))"
5898R DEERFOOT TR SE,Residential,BURNS INDUSTRIAL,S-FUD,"MULTIPOLYGON (((-114.029008 51.0011207, -114.0284049 51.001119, -114.0283097 51.0011192, -114.028185 51.0012339, -114.0280144 51.0013909, -114.0281514 51.0013912, -114.0287916 51.0013936, -114.029008 51.0011207)))"
5898 DEERFOOT TR SE,Non-Residential,BURNS INDUSTRIAL,S-FUD,"MULTIPOLYGON (((-114.0307011 51.0011231, -114.029008 51.0011207, -114.0287916 51.0013936, -114.030503 51.0013968, -114.0306162 51.0012404, -114.0307011 51.0011231)))"
5912R 12 ST SE,Non-Residential,BURNS INDUSTRIAL,S-FUD,"MULTIPOLYGON (((-114.0319194 51.0013983, -114.0323614 51.001399, -114.0325388 51.0011253, -114.0320054 51.0011252, -114.0319194 51.0013983)))"
12726 53 ST NW,Non-Residential,NOLAN HILL,S-FUD,"MULTIPOLYGON (((-114.1643268 51.1681813, -114.1634622 51.1682121, -114.1621603 51.1682586, -114.1611125 51.1682571, -114.1610897 51.168262, -114.1610683 51.1682688, -114.1610485 51.1682774, -114.1610308 51.1682877, -114.1610157 51.1682994, -114.1610032 51.1683123, -114.1609938 51.1683262, -114.1609876 51.1683408, -114.1608762 51.1686961, -114.1621791 51.168698, -114.1643274 51.1686213, -114.1643268 51.1681813)))"
9116 24 ST SE,Non-Residential,SHEPARD INDUSTRIAL,S-FUD,"MULTIPOLYGON (((-113.9986776 50.9711736, -113.9986776 50.9722506, -114.0014276 50.9722416, -114.0014277 50.9711637, -113.9986776 50.9711736)))"
9204 24 ST SE,Non-Residential,SHEPARD INDUSTRIAL,S-FUD,"MULTIPOLYGON (((-114.0014278 50.9708885, -114.0014278 50.9704336, -113.9986776 50.9704426, -113.9986776 50.9708982, -114.0014278 50.9708885)))"
6900 OLD BANFF COACH RD SW,Non-Residential,COUGAR RIDGE,S-FUD,"MULTIPOLYGON (((-114.1875405 51.0656635, -114.1875622 51.0656675, -114.1875831 51.0656731, -114.1876041 51.0656808, -114.1876351 51.0656922, -114.1876684 51.0657007, -114.1876829 51.0657032, -114.1876829 51.0649944, -114.187542 51.0649279, -114.1875412 51.0653376, -114.1875408 51.0655671, -114.1875406 51.0656573, -114.1875405 51.0656635)))"
11700 210 AV SE,Farm Land,RESIDUAL WARD 12 - SUB AREA 12J,S-FUD,"MULTIPOLYGON (((-113.8713175 50.8664462, -113.8713121 50.8633454, -113.8713133 50.8632251, -113.871314 50.863165, -113.8710172 50.8631655, -113.8707328 50.8631659, -113.8686126 50.8631694, -113.8658013 50.8631739, -113.8617078 50.8631802, -113.8614948 50.8631804, -113.8613533 50.8631807, -113.8613528 50.8633616, -113.8614948 50.8633614, -113.8627913 50.8633597, -113.8713175 50.8664462)))"
12726 53 ST NW,Non-Residential,NOLAN HILL,S-FUD,"MULTIPOLYGON (((-114.1528312 51.1686839, -114.1538804 51.1686855, -114.1544207 51.1686862, -114.1544749 51.1686863, -114.1561299 51.1686888, -114.1561302 51.1684164, -114.156127 51.1683931, -114.1561173 51.1683705, -114.1561016 51.1683492, -114.1560802 51.16833, -114.1560539 51.1683134, -114.1560234 51.1682999, -114.1559896 51.1682899, -114.1559536 51.1682836, -114.1556528 51.1682526, -114.1528262 51.1682496, -114.1528312 51.1686839)))"
12726 53 ST NW,Non-Residential,NOLAN HILL,S-FUD,"MULTIPOLYGON (((-114.1566237 51.1682536, -114.156603 51.1682546, -114.1565831 51.1682582, -114.1565647 51.1682641, -114.1565485 51.1682722, -114.1565351 51.1682821, -114.156525 51.1682934, -114.1565187 51.1683058, -114.1565164 51.1683187, -114.1565159 51.1686894, -114.1603615 51.1686953, -114.1603682 51.1684139, -114.1603658 51.1683951, -114.1603583 51.1683768, -114.1603458 51.1683596, -114.1603287 51.168344, -114.1603076 51.1683306, -114.1602831 51.1683196, -114.160256 51.1683114, -114.160227 51.1683063, -114.1597809 51.1682562, -114.1566237 51.1682536)))"
9905 68 ST SE,Non-Residential,EAST SHEPARD INDUSTRIAL,S-FUD,"MULTIPOLYGON (((-113.9369447 50.9639921, -113.9354263 50.9639936, -113.9354248 50.9649521, -113.9354246 50.9650892, -113.9369433 50.9650879, -113.9369435 50.9650879, -113.9369448 50.9639921, -113.9369447 50.9639921)))"
8512 24 ST SE,Residential,SHEPARD INDUSTRIAL,S-FUD,"MULTIPOLYGON (((-113.9979896 50.9762959, -113.9980051 50.9763305, -113.9980189 50.9763655, -113.9985615 50.976364, -113.998543 50.9763181, -113.9985052 50.9763056, -113.9984663 50.9762945, -113.9979896 50.9762959)))"
8514 24 ST SE,Residential,SHEPARD INDUSTRIAL,S-FUD,"MULTIPOLYGON (((-113.9979536 50.9762269, -113.9979724 50.9762612, -113.9979896 50.9762959, -113.9984663 50.9762945, -113.9984369 50.9762872, -113.998407 50.9762808, -113.9981632 50.9762305, -113.9981407 50.9762264, -113.9979536 50.9762269)))"
8510 24 ST SE,Residential,SHEPARD INDUSTRIAL,S-FUD,"MULTIPOLYGON (((-113.9979339 50.9761942, -113.9979536 50.9762269, -113.9981407 50.9762264, -113.9980894 50.9762174, -113.9980378 50.976209, -113.997986 50.9762013, -113.9979339 50.9761942)))"
2721 85 AV SE,Residential,SHEPARD INDUSTRIAL,S-FUD,"MULTIPOLYGON (((-113.9969408 50.9761099, -113.9969409 50.9764006, -113.997224 50.9763998, -113.997224 50.9767394, -113.997441 50.9767388, -113.9979835 50.9767373, -113.9979834 50.9766442, -113.9979783 50.976585, -113.9979691 50.976526, -113.9979559 50.9764673, -113.9979388 50.9764091, -113.9979177 50.9763513, -113.9978928 50.9762942, -113.997864 50.9762377, -113.9978314 50.9761822, -113.9977685 50.976176, -113.9975469 50.9761535, -113.9973971 50.9761395, -113.9972468 50.9761279, -113.9970961 50.9761185, -113.9969451 50.9761115, -113.9969408 50.9761099)))"
2727 85 AV SE,Non-Residential,SHEPARD INDUSTRIAL,S-FUD,"MULTIPOLYGON (((-113.9960358 50.9763758, -113.9963546 50.9763749, -113.9963547 50.9767417, -113.9969408 50.9767401, -113.9969409 50.9764006, -113.9969408 50.9761114, -113.9965986 50.976103, -113.9962563 50.9760958, -113.9962349 50.976096, -113.9962136 50.9760976, -113.9961927 50.9761006, -113.9961723 50.9761048, -113.9961528 50.9761103, -113.9961342 50.976117, -113.9961167 50.9761248, -113.9961006 50.9761337, -113.996086 50.9761436, -113.996073 50.9761544, -113.9960618 50.9761659, -113.9960525 50.976178, -113.9960452 50.9761907, -113.9960399 50.9762038, -113.9960367 50.9762171, -113.9960357 50.9762306, -113.9960358 50.9763754, -113.9960358 50.9763758)))"
2735 85 AV SE,Non-Residential,SHEPARD INDUSTRIAL,S-FUD,"MULTIPOLYGON (((-113.9960358 50.9763754, -113.9960358 50.9763758, -113.9960359 50.9767426, -113.9963547 50.9767417, -113.9963546 50.9763749, -113.9960358 50.9763754)))"
1523 50 AV SE,Non-Residential,ALYTH/BONNYBROOK,S-FUD,"MULTIPOLYGON (((-114.0266517 51.0086193, -114.0266735 51.0086193, -114.0264988 51.0082727, -114.0264802 51.0082791, -114.0266517 51.0086193)))"
4727R 84 ST NE,Non-Residential,RESIDUAL WARD 10 - SUB AREA 10E,S-FUD,"MULTIPOLYGON (((-113.9127322 51.0943585, -113.9127289 51.0951227, -113.9127289 51.0951263, -113.9133196 51.0950646, -113.9133789 51.0950572, -113.9134373 51.0950474, -113.9134946 51.0950353, -113.9135506 51.0950209, -113.9136049 51.0950042, -113.9136575 51.0949854, -113.913708 51.0949646, -113.9137562 51.0949417, -113.9147995 51.0944141, -113.9147997 51.0942556, -113.9130219 51.0942541, -113.9127322 51.0943585)))"
15625 15 ST NE,Farm Land,RESIDUAL WARD 3 - SUB AREA 3W,S-FUD,"MULTIPOLYGON (((-114.0249946 51.1907676, -114.0249998 51.1944459, -114.025 51.1946546, -114.0250036 51.1977272, -114.025004 51.1978618, -114.0250042 51.1979989, -114.0284454 51.197994, -114.0285013 51.1978612, -114.0286763 51.1974337, -114.0296472 51.1949705, -114.0313065 51.1907605, -114.0249946 51.1907676)))"
12863 BARLOW TR NE,Non-Residential,STONEGATE LANDING,S-FUD,"MULTIPOLYGON (((-113.9979364 51.1683356, -113.9935439 51.1684241, -113.9935439 51.1685197, -113.9935464 51.1685384, -113.9935542 51.1685565, -113.9935668 51.1685736, -113.9935839 51.168589, -113.9936051 51.1686023, -113.9936296 51.1686131, -113.9936568 51.168621, -113.9936857 51.1686259, -113.9939727 51.1686576, -114.0003103 51.1686551, -114.0003303 51.1684706, -114.0003551 51.1682862, -114.0003727 51.1681732, -114.0003922 51.1680602, -114.0004134 51.1679473, -114.0004365 51.1678346, -114.0004615 51.1677221, -114.0004882 51.1676097, -114.0005167 51.1674975, -114.0005471 51.1673854, -114.0005792 51.1672736, -114.0006132 51.167162, -114.0006489 51.1670506, -114.0006865 51.1669394, -114.0007258 51.1668285, -114.0007669 51.1667178, -114.0008098 51.1666074, -114.0008545 51.1664973, -114.0012191 51.1656196, -114.0010901 51.1655567, -114.0010594 51.1655987, -113.9990732 51.1683126, -113.9979364 51.1683356)))"
6500 17 AV SW,Non-Residential,CHRISTIE PARK,S-FUD,"MULTIPOLYGON (((-114.1801769 51.0379305, -114.1803244 51.0379306, -114.1805028 51.0379308, -114.1805073 51.0377031, -114.1809599 51.0377035, -114.1805927 51.0376196, -114.1802237 51.037539, -114.179853 51.0374615, -114.1794807 51.0373873, -114.1794398 51.0373794, -114.1791821 51.0373303, -114.1789238 51.0372829, -114.1790967 51.0374041, -114.1788829 51.0375244, -114.1790675 51.0376539, -114.1790868 51.0376363, -114.1793521 51.0376367, -114.1794902 51.0377336, -114.1794875 51.0379297, -114.1795711 51.0379298, -114.1797226 51.03793, -114.1798741 51.0379302, -114.1800255 51.0379304, -114.1801769 51.0379305)))"
13939 68 ST NE,Non-Residential,RESIDUAL WARD 5 - SUB AREA 5E,S-FUD,"MULTIPOLYGON (((-113.9353542 51.1788868, -113.9353353 51.1788954, -113.9353183 51.1789054, -113.9353034 51.1789167, -113.9352909 51.1789291, -113.9352809 51.1789423, -113.9352737 51.1789562, -113.9352693 51.1789706, -113.9352679 51.1789852, -113.9352677 51.1793611, -113.9385667 51.1793599, -113.9388527 51.1793598, -113.9425423 51.1793585, -113.9424065 51.1792732, -113.9422946 51.179203, -113.9405453 51.1781054, -113.940109 51.1778315, -113.9380204 51.1778322, -113.9378079 51.1778322, -113.9363777 51.1778326, -113.9352679 51.1781573, -113.935268 51.1786063, -113.9353034 51.1786121, -113.935337 51.1786212, -113.935368 51.1786334, -113.9353958 51.1786483, -113.9354198 51.1786656, -113.9354394 51.178685, -113.9354541 51.178706, -113.9354637 51.1787281, -113.935468 51.1787509, -113.9354667 51.1787738, -113.93546 51.1787964, -113.9354481 51.1788181, -113.9354311 51.1788384, -113.9354094 51.1788569, -113.9353836 51.1788732, -113.9353542 51.1788868)))"
7141 61 AV SE,Non-Residential,STARFIELD,S-FUD,"MULTIPOLYGON (((-113.9322894 50.9942075, -113.926591 50.9942116, -113.9235603 50.9942137, -113.9235593 50.9942136, -113.922794 50.9942142, -113.9227952 50.9943709, -113.9227951 50.9943817, -113.9227984 50.9944638, -113.9228009 50.9944955, -113.9228026 50.9945162, -113.9228137 50.9946067, -113.9228298 50.9946969, -113.9228509 50.9947867, -113.922877 50.994876, -113.9229079 50.9949646, -113.9229438 50.9950525, -113.9229845 50.9951396, -113.92303 50.9952257, -113.9230802 50.9953108, -113.9231351 50.9953947, -113.9231946 50.9954774, -113.9232586 50.9955587, -113.9233271 50.9956386, -113.9234 50.9957169, -113.9234772 50.9957936, -113.9235585 50.9958685, -113.923631 50.9959311, -113.9237064 50.9959922, -113.9237847 50.9960519, -113.9238658 50.9961101, -113.9239496 50.9961668, -113.9240361 50.9962218, -113.9241251 50.9962752, -113.9242167 50.996327, -113.9243106 50.9963769, -113.9244069 50.9964251, -113.9245054 50.9964715, -113.924606 50.996516, -113.9247087 50.9965586, -113.9248134 50.9965992, -113.92492 50.9966379, -113.9250283 50.9966745, -113.9251384 50.9967091, -113.92525 50.9967416, -113.9253631 50.996772, -113.9254776 50.9968002, -113.9255934 50.9968263, -113.9257104 50.9968503, -113.9258285 50.996872, -113.9259475 50.9968914, -113.9260674 50.9969087, -113.9261881 50.9969237, -113.9263094 50.9969364, -113.9264313 50.9969468, -113.9265536 50.9969549, -113.9266763 50.9969607, -113.9267992 50.9969643, -113.9269221 50.9969655, -113.9293008 50.9969673, -113.9293002 50.9973553, -113.9293001 50.9974453, -113.9292999 50.9976343, -113.9313911 50.9976333, -113.9322848 50.9976329, -113.9322896 50.9951002, -113.9322892 50.9943751, -113.9322907 50.9942979, -113.9322894 50.9942075)))"
7141 61 AV SE,Farm Land,STARFIELD,S-FUD,"MULTIPOLYGON (((-113.9322894 50.9942075, -113.926591 50.9942116, -113.9235603 50.9942137, -113.9235593 50.9942136, -113.922794 50.9942142, -113.9227952 50.9943709, -113.9227951 50.9943817, -113.9227984 50.9944638, -113.9228009 50.9944955, -113.9228026 50.9945162, -113.9228137 50.9946067, -113.9228298 50.9946969, -113.9228509 50.9947867, -113.922877 50.994876, -113.9229079 50.9949646, -113.9229438 50.9950525, -113.9229845 50.9951396, -113.92303 50.9952257, -113.9230802 50.9953108, -113.9231351 50.9953947, -113.9231946 50.9954774, -113.9232586 50.9955587, -113.9233271 50.9956386, -113.9234 50.9957169, -113.9234772 50.9957936, -113.9235585 50.9958685, -113.923631 50.9959311, -113.9237064 50.9959922, -113.9237847 50.9960519, -113.9238658 50.9961101, -113.9239496 50.9961668, -113.9240361 50.9962218, -113.9241251 50.9962752, -113.9242167 50.996327, -113.9243106 50.9963769, -113.9244069 50.9964251, -113.9245054 50.9964715, -113.924606 50.996516, -113.9247087 50.9965586, -113.9248134 50.9965992, -113.92492 50.9966379, -113.9250283 50.9966745, -113.9251384 50.9967091, -113.92525 50.9967416, -113.9253631 50.996772, -113.9254776 50.9968002, -113.9255934 50.9968263, -113.9257104 50.9968503, -113.9258285 50.996872, -113.9259475 50.9968914, -113.9260674 50.9969087, -113.9261881 50.9969237, -113.9263094 50.9969364, -113.9264313 50.9969468, -113.9265536 50.9969549, -113.9266763 50.9969607, -113.9267992 50.9969643, -113.9269221 50.9969655, -113.9293008 50.9969673, -113.9293002 50.9973553, -113.9293001 50.9974453, -113.9292999 50.9976343, -113.9313911 50.9976333, -113.9322848 50.9976329, -113.9322896 50.9951002, -113.9322892 50.9943751, -113.9322907 50.9942979, -113.9322894 50.9942075)))"
7142 61 AV SE,Non-Residential,STARFIELD,S-FUD,"MULTIPOLYGON (((-113.932219 50.9996344, -113.932221 50.9982243, -113.9322211 50.9982015, -113.931351 50.9981611, -113.9292993 50.9980657, -113.929299 50.9983112, -113.9292984 50.9987834, -113.9274312 50.9987537, -113.9273557 50.9987538, -113.9272803 50.9987564, -113.9272053 50.9987615, -113.9271308 50.9987691, -113.927057 50.9987792, -113.9269842 50.9987917, -113.9269126 50.9988067, -113.9268423 50.998824, -113.9267736 50.9988436, -113.9267066 50.9988655, -113.9266415 50.9988896, -113.9265786 50.9989158, -113.926518 50.9989441, -113.9264598 50.9989744, -113.9264043 50.9990065, -113.9263516 50.9990405, -113.9254703 50.999639, -113.932219 50.9996344)))"
10612 24 ST SE,Non-Residential,SHEPARD INDUSTRIAL,S-FUD,"MULTIPOLYGON (((-114.0013543 50.9577723, -114.0012828 50.9577723, -114.0006794 50.9577727, -114.0001098 50.9577731, -113.999394 50.9577737, -113.9986783 50.9577742, -113.9986784 50.958678, -114.0012999 50.9586766, -114.001428 50.9586765, -114.0014281 50.9580635, -114.0014272 50.9579906, -114.0014241 50.9579178, -114.0014189 50.957845, -114.0014114 50.9577722, -114.0013543 50.9577723)))"
4370 QUESNAY WOOD DR SW,Non-Residential,CURRIE BARRACKS,S-FUD,"MULTIPOLYGON (((-114.121713 51.0153781, -114.1210224 51.0153816, -114.1207429 51.0154631, -114.1214048 51.0154679, -114.1214774 51.0154468, -114.121713 51.0153781)))"
4350 QUESNAY WOOD DR SW,Non-Residential,CURRIE BARRACKS,S-FUD,"MULTIPOLYGON (((-114.1234945 51.0156392, -114.123495 51.0153691, -114.1231066 51.015371, -114.1228411 51.0153722, -114.12301 51.0154388, -114.1234735 51.0156215, -114.1234945 51.0156392)))"
15375 15 ST NE,Farm Land,LEWISBURG,S-FUD,"MULTIPOLYGON (((-114.0296472 51.1949705, -114.0286763 51.1974337, -114.0285013 51.1978612, -114.0284454 51.197994, -114.0362653 51.1979827, -114.0364831 51.1979828, -114.0364829 51.1978457, -114.0364805 51.1959427, -114.0364803 51.1957337, -114.0364719 51.1907501, -114.0313065 51.1907605, -114.0296472 51.1949705)))"
4411 CROWCHILD TR SW,Non-Residential,CURRIE BARRACKS,S-FUD,"MULTIPOLYGON (((-114.1202272 51.0154807, -114.1202189 51.0160409, -114.1202141 51.0163612, -114.1201879 51.0164378, -114.1201848 51.0164467, -114.120389 51.0164586, -114.1206806 51.0164755, -114.1209715 51.0164962, -114.1210941 51.0165045, -114.1212171 51.0165106, -114.1213403 51.0165144, -114.1214636 51.0165158, -114.1217253 51.0165165, -114.122292 51.0165239, -114.1224084 51.0165248, -114.1227367 51.0165257, -114.1227554 51.0165266, -114.1227737 51.0165291, -114.1227912 51.0165334, -114.1228076 51.0165391, -114.1228545 51.0165585, -114.1228669 51.0165622, -114.1228805 51.0165635, -114.1234204 51.0165646, -114.1234389 51.0165636, -114.1234568 51.0165607, -114.1234737 51.0165559, -114.1234891 51.0165493, -114.1235024 51.0165413, -114.1235134 51.0165319, -114.1235217 51.0165214, -114.123527 51.0165103, -114.1235286 51.0156678, -114.1234735 51.0156215, -114.1228411 51.0153722, -114.121713 51.0153781, -114.1214048 51.0154679, -114.1202183 51.0154592, -114.1202272 51.0154807)))"
8655 OLD BANFF COACH RD SW,Non-Residential,WEST SPRINGS,S-FUD,"MULTIPOLYGON (((-114.2150422 51.0665989, -114.2145477 51.0658037, -114.213088 51.0650867, -114.2112765 51.0649651, -114.2112751 51.0665564, -114.2112752 51.0666015, -114.2117033 51.0666012, -114.2150422 51.0665989)))"
3711 146 AV SW,Residential,ALPINE PARK,S-FUD,"MULTIPOLYGON (((-114.1385301 50.9176034, -114.1373217 50.9176049, -114.1373218 50.9180374, -114.137323 50.9203109, -114.1373234 50.9212426, -114.1385343 50.9212412, -114.1385303 50.9176035, -114.1385303 50.9176034, -114.1385301 50.9176034)))"
3729 146 AV SW,Farm Land,ALPINE PARK,S-FUD,"MULTIPOLYGON (((-114.1385303 50.9176035, -114.1385343 50.9212412, -114.1391909 50.9212404, -114.1401849 50.9212392, -114.1401842 50.9176015, -114.1401599 50.9176015, -114.1385303 50.9176034, -114.1385303 50.9176035)))"
16616 37 ST SW,Farm Land,RESIDUAL WARD 13 - SUB AREA 13G,S-FUD,"MULTIPOLYGON (((-114.1315074 50.8995077, -114.131507 50.8995078, -114.1315074 50.8995626, -114.1315077 50.8995989, -114.1315108 50.8998687, -114.131517 50.9001384, -114.1315264 50.9004081, -114.1315389 50.9006777, -114.1315545 50.9009473, -114.1315732 50.9012168, -114.1315951 50.9014862, -114.1316201 50.9017555, -114.1316482 50.9020247, -114.1316794 50.9022937, -114.1317137 50.9025626, -114.1317512 50.9028313, -114.1317917 50.9030999, -114.1318354 50.9033682, -114.1318821 50.9036363, -114.131932 50.9039042, -114.1319444 50.9039846, -114.1319598 50.9040647, -114.1319781 50.9041446, -114.1319993 50.9042242, -114.1320234 50.9043035, -114.1320503 50.9043824, -114.1320802 50.9044609, -114.1321129 50.904539, -114.1321258 50.9045654, -114.1321408 50.9045913, -114.1321581 50.9046166, -114.1321775 50.9046414, -114.1326696 50.9052268, -114.1326996 50.9052608, -114.132732 50.9052939, -114.1327666 50.9053261, -114.1328034 50.9053573, -114.1328423 50.9053875, -114.1328832 50.9054167, -114.1329261 50.9054446, -114.1329709 50.9054714, -114.1336984 50.9058878, -114.1337459 50.9066892, -114.1337492 50.906744, -114.1383344 50.9067384, -114.1383339 50.9056599, -114.1401818 50.9056576, -114.1401784 50.8995021, -114.1387467 50.8995032, -114.1315074 50.8995077)))"
3255 162 AV SW,Non-Residential,RESIDUAL WARD 13 - SUB AREA 13G,S-FUD,"MULTIPOLYGON (((-114.1315074 50.8995077, -114.128833 50.8995092, -114.1287146 50.8995095, -114.1287183 50.9066952, -114.1287188 50.90675, -114.1313912 50.9067469, -114.1337492 50.906744, -114.1337459 50.9066892, -114.1336984 50.9058878, -114.1329709 50.9054714, -114.1329261 50.9054446, -114.1328832 50.9054167, -114.1328423 50.9053875, -114.1328034 50.9053573, -114.1327666 50.9053261, -114.132732 50.9052939, -114.1326996 50.9052608, -114.1326696 50.9052268, -114.1321775 50.9046414, -114.1321581 50.9046166, -114.1321408 50.9045913, -114.1321258 50.9045654, -114.1321129 50.904539, -114.1320802 50.9044609, -114.1320503 50.9043824, -114.1320234 50.9043035, -114.1319993 50.9042242, -114.1319781 50.9041446, -114.1319598 50.9040647, -114.1319444 50.9039846, -114.131932 50.9039042, -114.1318821 50.9036363, -114.1318354 50.9033682, -114.1317917 50.9030999, -114.1317512 50.9028313, -114.1317137 50.9025626, -114.1316794 50.9022937, -114.1316482 50.9020247, -114.1316201 50.9017555, -114.1315951 50.9014862, -114.1315732 50.9012168, -114.1315545 50.9009473, -114.1315389 50.9006777, -114.1315264 50.9004081, -114.131517 50.9001384, -114.1315108 50.8998687, -114.1315077 50.8995989, -114.1315074 50.8995626, -114.131507 50.8995078, -114.1315074 50.8995077)))"
3255 162 AV SW,Non-Residential,RESIDUAL WARD 13 - SUB AREA 13G,S-FUD,"MULTIPOLYGON (((-114.1315074 50.8995077, -114.128833 50.8995092, -114.1287146 50.8995095, -114.1287183 50.9066952, -114.1287188 50.90675, -114.1313912 50.9067469, -114.1337492 50.906744, -114.1337459 50.9066892, -114.1336984 50.9058878, -114.1329709 50.9054714, -114.1329261 50.9054446, -114.1328832 50.9054167, -114.1328423 50.9053875, -114.1328034 50.9053573, -114.1327666 50.9053261, -114.132732 50.9052939, -114.1326996 50.9052608, -114.1326696 50.9052268, -114.1321775 50.9046414, -114.1321581 50.9046166, -114.1321408 50.9045913, -114.1321258 50.9045654, -114.1321129 50.904539, -114.1320802 50.9044609, -114.1320503 50.9043824, -114.1320234 50.9043035, -114.1319993 50.9042242, -114.1319781 50.9041446, -114.1319598 50.9040647, -114.1319444 50.9039846, -114.131932 50.9039042, -114.1318821 50.9036363, -114.1318354 50.9033682, -114.1317917 50.9030999, -114.1317512 50.9028313, -114.1317137 50.9025626, -114.1316794 50.9022937, -114.1316482 50.9020247, -114.1316201 50.9017555, -114.1315951 50.9014862, -114.1315732 50.9012168, -114.1315545 50.9009473, -114.1315389 50.9006777, -114.1315264 50.9004081, -114.131517 50.9001384, -114.1315108 50.8998687, -114.1315077 50.8995989, -114.1315074 50.8995626, -114.131507 50.8995078, -114.1315074 50.8995077)))"
17212 37 ST SW,Farm Land,RESIDUAL WARD 13 - SUB AREA 13G,S-FUD,"MULTIPOLYGON (((-114.1387467 50.8995032, -114.1387464 50.8975133, -114.1401775 50.8975122, -114.1401779 50.8941542, -114.1399942 50.8941567, -114.1340398 50.8942221, -114.1329541 50.8942641, -114.132875 50.8942672, -114.1328748 50.8942675, -114.1328755 50.8944909, -114.1321103 50.8948173, -114.1321192 50.8959722, -114.131486 50.8968281, -114.131507 50.8995077, -114.1315074 50.8995077, -114.1387467 50.8995032)))"
1135R STONEY TR SW,Non-Residential,RESIDUAL WARD 13 - SUB AREA 13G,S-FUD,"MULTIPOLYGON (((-114.131507 50.8995077, -114.131486 50.8968281, -114.1321192 50.8959722, -114.1321103 50.8948173, -114.1328755 50.8944909, -114.1328748 50.8942675, -114.132875 50.8942672, -114.1301105 50.8943741, -114.1287121 50.8944827, -114.1287121 50.8944829, -114.1287149 50.8994543, -114.1287146 50.8995095, -114.128833 50.8995092, -114.131507 50.8995077)))"
11820 TRANS CANADA HI NW,Non-Residential,CRESTMONT,S-FUD,"MULTIPOLYGON (((-114.2582919 51.0815515, -114.2579663 51.0815516, -114.2578793 51.0815517, -114.2576401 51.0815522, -114.2576398 51.0820088, -114.2576398 51.0820898, -114.2576397 51.0822966, -114.2576397 51.0823281, -114.2576396 51.0823785, -114.2576395 51.0825423, -114.2576365 51.087969, -114.2578758 51.0879693, -114.2579628 51.0879694, -114.2582927 51.0879694, -114.2582922 51.0875713, -114.2582922 51.0875091, -114.2582912 51.0829536, -114.258291 51.0825404, -114.2582909 51.0823292, -114.2582893 51.0822974, -114.2582912 51.0820888, -114.2582913 51.0820079, -114.2582919 51.0815515)))"
11807 TRANS CANADA HI SW,Non-Residential,CRESTMONT,S-FUD,"MULTIPOLYGON (((-114.2576461 51.0883052, -114.2582985 51.0883059, -114.258289 51.0881586, -114.2576365 51.0881577, -114.2576461 51.0883052)))"
18895 MACLEOD TR SW,Non-Residential,SILVERADO,S-FUD,"MULTIPOLYGON (((-114.0491061 50.8831343, -114.0502017 50.8849196, -114.0502724 50.8850348, -114.0503775 50.885009, -114.0505389 50.8849694, -114.0505066 50.8849191, -114.0493718 50.8830691, -114.0491061 50.8831343)))"
19011 MACLEOD TR SW,Non-Residential,SILVERADO,S-FUD,"MULTIPOLYGON (((-114.0505066 50.8849191, -114.0505389 50.8849694, -114.0507529 50.8849186, -114.0598787 50.8826783, -114.059281 50.8810958, -114.0579994 50.8776892, -114.0509076 50.8777025, -114.0509026 50.8777025, -114.0500396 50.8777057, -114.0478765 50.8777096, -114.0478756 50.8778906, -114.0478687 50.8797838, -114.0478685 50.8798477, -114.0478648 50.8808744, -114.0478639 50.8811101, -114.0482829 50.8817929, -114.0483087 50.8818351, -114.048945 50.8828718, -114.0491061 50.8831343, -114.0493718 50.8830691, -114.0505066 50.8849191)))"
3625 146 AV SW,Non-Residential,ALPINE PARK,S-FUD,"MULTIPOLYGON (((-114.1373209 50.9180374, -114.1353277 50.91804, -114.1353277 50.9180405, -114.1353286 50.9197133, -114.1361099 50.9203123, -114.137323 50.9203109, -114.1373218 50.9180374, -114.1373209 50.9180374)))"
7699 METIS TR NE,Non-Residential,SADDLE RIDGE INDUSTRIAL,S-FUD,"MULTIPOLYGON (((-113.9705035 51.121834, -113.9705038 51.1219709, -113.9705466 51.121971, -113.9705464 51.1218341, -113.9705035 51.121834)))"
4309 80 AV NE,Non-Residential,SADDLE RIDGE INDUSTRIAL,S-FUD,"MULTIPOLYGON (((-113.9706924 51.1235742, -113.9706907 51.1244217, -113.9706906 51.1244666, -113.9706904 51.1245565, -113.9706914 51.1245807, -113.9706947 51.1246049, -113.9707002 51.1246289, -113.9707079 51.1246526, -113.9707177 51.1246761, -113.9707297 51.1246991, -113.9707438 51.1247217, -113.9707599 51.1247438, -113.9707781 51.1247652, -113.9707981 51.1247859, -113.97082 51.1248059, -113.9708438 51.124825, -113.9708692 51.1248433, -113.9708963 51.1248606, -113.9709249 51.1248769, -113.970955 51.1248921, -113.971003 51.124913, -113.9710538 51.1249311, -113.9711072 51.1249471, -113.971109 51.1249476, -113.9711653 51.1249617, -113.971223 51.1249736, -113.9712817 51.1249832, -113.9713412 51.1249905, -113.9714121 51.1249972, -113.9714832 51.1250028, -113.9715546 51.1250072, -113.9716261 51.1250104, -113.9716974 51.1250108, -113.9716972 51.1248142, -113.9716971 51.1246927, -113.9716959 51.1235749, -113.9710377 51.1235745, -113.9706924 51.1235742)))"
7745 METIS TR NE,Non-Residential,SADDLE RIDGE INDUSTRIAL,S-FUD,"MULTIPOLYGON (((-113.9706934 51.1230403, -113.9706924 51.1235742, -113.9710377 51.1235745, -113.9716959 51.1235749, -113.9725665 51.1235755, -113.9735676 51.1235762, -113.9735674 51.1230414, -113.9733103 51.1230413, -113.9709093 51.1230404, -113.9708742 51.1230404, -113.9706934 51.1230403)))"
12772 SYMONS VALLEY RD NW,Non-Residential,SAGE HILL,S-FUD,"MULTIPOLYGON (((-114.1295659 51.1686873, -114.13092 51.1686852, -114.1315575 51.1686839, -114.1320084 51.168683, -114.1319502 51.1685782, -114.1318626 51.1684233, -114.1318545 51.1684114, -114.1318441 51.1684001, -114.1318316 51.1683898, -114.1318172 51.1683804, -114.1318011 51.1683722, -114.1317835 51.1683653, -114.1317648 51.1683597, -114.1317451 51.1683557, -114.131356 51.168291, -114.1313558 51.168246, -114.131031 51.1682467, -114.1309353 51.1682469, -114.1295651 51.1682491, -114.1282339 51.1682516, -114.1280554 51.1682525, -114.1280004 51.168252, -114.1276823 51.1682532, -114.1271548 51.1682537, -114.1271204 51.1682538, -114.1257078 51.1682578, -114.1257077 51.1682578, -114.1256854 51.1682586, -114.1256633 51.1682608, -114.1256418 51.1682645, -114.1256209 51.1682695, -114.1256011 51.1682759, -114.1255824 51.1682836, -114.125565 51.1682924, -114.1255492 51.1683023, -114.1255438 51.1683063, -114.1255225 51.1683255, -114.1255068 51.1683468, -114.1254972 51.1683695, -114.125494 51.1683928, -114.1254948 51.1686965, -114.1255448 51.1686964, -114.1260164 51.1686955, -114.1262553 51.1686951, -114.1263571 51.168694, -114.126751 51.1686933, -114.1272146 51.1686924, -114.1284928 51.1686899, -114.1295659 51.1686873)))"
12772 SYMONS VALLEY RD NW,Non-Residential,SAGE HILL,S-FUD,"MULTIPOLYGON (((-114.1224521 51.1687013, -114.1251084 51.1686963, -114.1251078 51.1684467, -114.1251045 51.1684233, -114.1250948 51.1684006, -114.125079 51.1683793, -114.1250575 51.1683601, -114.1250309 51.1683435, -114.1250002 51.16833, -114.1249662 51.1683201, -114.1249299 51.1683141, -114.1248256 51.1683037, -114.1244251 51.1682595, -114.1212771 51.1682654, -114.11998 51.1682676, -114.1181363 51.1682709, -114.1181356 51.1682977, -114.1181345 51.1687092, -114.1181594 51.1687091, -114.1181846 51.1687091, -114.1182056 51.168709, -114.1182724 51.1687089, -114.1183484 51.1687088, -114.1184013 51.1687087, -114.1184719 51.1687086, -114.1185425 51.1687084, -114.1186131 51.1687083, -114.1186661 51.1687082, -114.1187908 51.168708, -114.1189155 51.1687078, -114.1189684 51.1687077, -114.119039 51.1687075, -114.1191096 51.1687074, -114.1191626 51.1687073, -114.1192873 51.1687071, -114.119412 51.1687069, -114.1194515 51.1687068, -114.1194649 51.1687068, -114.1195355 51.1687066, -114.1196061 51.1687065, -114.1196591 51.1687064, -114.119735 51.1687063, -114.119809 51.1687061, -114.1199805 51.1687058, -114.1201461 51.1687055, -114.1203117 51.1687052, -114.1204772 51.1687049, -114.1206428 51.1687046, -114.120744 51.1687044, -114.1208171 51.1687043, -114.1209914 51.168704, -114.1211657 51.1687038, -114.1213379 51.1687035, -114.1215122 51.1687032, -114.1216781 51.168703, -114.1216864 51.1687029, -114.1217124 51.1687029, -114.1218607 51.1687027, -114.1220363 51.1687024, -114.1224521 51.1687013)))"
6120 68 ST SE,Non-Residential,STARFIELD,S-FUD,"MULTIPOLYGON (((-113.9347655 50.9987264, -113.9347594 50.9983903, -113.9347558 50.998367, -113.9347458 50.9983444, -113.9347297 50.9983233, -113.9347081 50.9983042, -113.9346816 50.9982878, -113.9346509 50.9982745, -113.934617 50.9982648, -113.934581 50.9982589, -113.9341889 50.9982175, -113.932221 50.9982243, -113.9322191 50.9995367, -113.932219 50.9996344, -113.9349257 50.9996324, -113.9349259 50.999531, -113.9347069 50.9995314, -113.9347655 50.9987264)))"
11377 85 ST SE,Residential,RESIDUAL WARD 12 - SUB AREA 12A,S-FUD,"MULTIPOLYGON (((-113.9118001 50.9517496, -113.9112581 50.9517497, -113.9112581 50.9516127, -113.9112582 50.9514757, -113.9112583 50.9513388, -113.9107162 50.9513388, -113.9107161 50.9514758, -113.9107161 50.9516127, -113.910716 50.9517497, -113.9107159 50.9518867, -113.9107157 50.9519676, -113.9117994 50.9519692, -113.9118001 50.9518866, -113.9118001 50.9517496)))"
4720 52 ST SE,Non-Residential,STARFIELD,S-FUD,"MULTIPOLYGON (((-113.9550554 51.0135391, -113.9550563 51.0142603, -113.9551214 51.014248, -113.9551858 51.0142343, -113.9552493 51.014219, -113.9553118 51.0142023, -113.9553734 51.0141841, -113.9554338 51.0141646, -113.9554931 51.0141436, -113.9555511 51.0141213, -113.9556078 51.0140977, -113.955663 51.0140728, -113.9557168 51.0140466, -113.955769 51.0140192, -113.9558195 51.0139906, -113.9558684 51.0139609, -113.9559155 51.01393, -113.9559607 51.0138981, -113.9559599 51.0135387, -113.9557248 51.0135388, -113.9550554 51.0135391)))"
11110 69 ST NW,Non-Residential,RESIDUAL WARD 2 - SUB AREA 2F,S-FUD,"MULTIPOLYGON (((-114.187577 51.1525234, -114.1760834 51.1530618, -114.1760896 51.1537888, -114.1780485 51.1537898, -114.1780492 51.1532519, -114.1782282 51.153252, -114.1782273 51.1539502, -114.1785844 51.1539504, -114.1785843 51.1540401, -114.18687 51.1540442, -114.1868699 51.1540597, -114.1875781 51.1540597, -114.187577 51.1525234)))"
6067 112 AV NW,Non-Residential,RESIDUAL WARD 2 - SUB AREA 2F,S-FUD,"MULTIPOLYGON (((-114.1696222 51.154035, -114.1759116 51.1540387, -114.175912 51.1537887, -114.1760896 51.1537888, -114.1760834 51.1530618, -114.1729018 51.1532106, -114.1696222 51.154035)))"
9720 68 ST NE,Non-Residential,CORNERSTONE,S-FUD,"MULTIPOLYGON (((-113.9349864 51.1397658, -113.9349283 51.1397658, -113.9316743 51.1397658, -113.9345114 51.1403602, -113.9349865 51.1403602, -113.9349864 51.1397658)))"
10010 68 ST NE,Farm Land,CORNERSTONE,S-FUD,"MULTIPOLYGON (((-113.9244511 51.1406619, -113.924362 51.140757, -113.9238049 51.142013, -113.9235047 51.1426892, -113.923504 51.1470022, -113.923504 51.1470034, -113.9236537 51.1470034, -113.9238015 51.1470034, -113.9239287 51.1470034, -113.9240553 51.1470033, -113.9241825 51.1470033, -113.9243096 51.1470033, -113.9244368 51.1470033, -113.9246336 51.1470033, -113.9249937 51.1470032, -113.9251644 51.1470032, -113.9253052 51.1470031, -113.9254373 51.1470031, -113.9255695 51.1470031, -113.9257017 51.1470031, -113.9258338 51.1470031, -113.925966 51.147003, -113.9260982 51.147003, -113.9262303 51.147003, -113.9263625 51.147003, -113.9264947 51.1470029, -113.9266269 51.1470029, -113.926759 51.1470029, -113.9268912 51.1470029, -113.9270234 51.1470028, -113.9271555 51.1470028, -113.9272877 51.1470028, -113.9274199 51.1470028, -113.927552 51.1470027, -113.9276842 51.1470027, -113.9278164 51.1470027, -113.9279485 51.1470027, -113.9280807 51.1470026, -113.9282129 51.1470026, -113.928345 51.1470026, -113.9284772 51.1470026, -113.9286094 51.1470025, -113.9287415 51.1470025, -113.9288737 51.1470025, -113.9290059 51.1470025, -113.9291466 51.1470024, -113.9292959 51.1470024, -113.9295174 51.1470024, -113.9296662 51.1470023, -113.9297984 51.1470023, -113.9299305 51.1470023, -113.9300627 51.1470023, -113.9301949 51.1470022, -113.930327 51.1470022, -113.9304592 51.1470022, -113.9305914 51.1470021, -113.9307235 51.1470021, -113.9308557 51.1470021, -113.9309879 51.1470021, -113.93112 51.147002, -113.9312522 51.147002, -113.9313844 51.147002, -113.9315165 51.1470019, -113.9316487 51.1470019, -113.9317809 51.1470019, -113.9319131 51.1470019, -113.9320452 51.1470018, -113.9321774 51.1470018, -113.9323096 51.1470018, -113.9324418 51.1470017, -113.9325739 51.1470017, -113.9327061 51.1470017, -113.9328383 51.1470016, -113.9329705 51.1470016, -113.9331026 51.1470016, -113.9332348 51.1470016, -113.933367 51.1470015, -113.9334992 51.1470015, -113.9336313 51.1470015, -113.9337635 51.1470014, -113.9338957 51.1470014, -113.9340278 51.1470014, -113.93416 51.1470013, -113.9342922 51.1470013, -113.9344244 51.1470013, -113.9345565 51.1470012, -113.9346887 51.1470012, -113.9348209 51.1470012, -113.9349873 51.1470011, -113.9349874 51.1470011, -113.9349865 51.1403602, -113.9345114 51.1403602, -113.9316743 51.1397658, -113.9292442 51.1397658, -113.9252932 51.1397664, -113.9252897 51.1397664, -113.9244511 51.1406619)))"
327B PATTERSON BV SW,Non-Residential,PATTERSON,S-FUD,"MULTIPOLYGON (((-114.1875393 51.0671205, -114.1878237 51.0671202, -114.1878237 51.0671194, -114.187827 51.0671194, -114.1878274 51.0669393, -114.1876777 51.0669394, -114.1876134 51.0669394, -114.1875836 51.0669394, -114.1875408 51.0669394, -114.1875393 51.0671205)))"
7221R GLENMORE TR SE,Non-Residential,SECTION 23,S-FUD,"MULTIPOLYGON (((-113.9245975 50.9743589, -113.925077 50.9767438, -113.9253774 50.9767049, -113.9256549 50.9767434, -113.9258115 50.9767792, -113.9260277 50.9768393, -113.926244 50.9768993, -113.9264618 50.9769072, -113.926581 50.9768953, -113.9266782 50.9768855, -113.9268961 50.9768107, -113.9271126 50.9767422, -113.9271694 50.9768593, -113.9272576 50.9769856, -113.9272737 50.977023, -113.9273168 50.9771233, -113.9274009 50.9772522, -113.9275289 50.9773627, -113.9276722 50.9774684, -113.9278341 50.9775656, -113.9279803 50.977669, -113.9279958 50.9776843, -113.9280982 50.9777846, -113.9282154 50.9778995, -113.9282648 50.9779479, -113.9283333 50.9780151, -113.9284309 50.9780676, -113.9285061 50.978108, -113.9286819 50.9781608, -113.9288882 50.978202, -113.9290969 50.978238, -113.929307 50.9782743, -113.9293212 50.9782771, -113.9293515 50.978282, -113.9294109 50.9782922, -113.9295158 50.9783103, -113.9297196 50.9783604, -113.9299464 50.9783567, -113.9302229 50.9783043, -113.9304266 50.9782374, -113.9305926 50.9781487, -113.930695 50.9780212, -113.9307502 50.9778261, -113.9307521 50.9778223, -113.9308078 50.9777087, -113.9308225 50.9776858, -113.9308959 50.9775712, -113.9309951 50.9775153, -113.9309932 50.9767897, -113.9295435 50.9767913, -113.9295415 50.9760582, -113.9294301 50.9759886, -113.9293345 50.975913, -113.9292949 50.9758817, -113.9292178 50.9758033, -113.9291805 50.9757654, -113.9290652 50.9756483, -113.9289081 50.9755515, -113.9288368 50.975492, -113.9287767 50.9754418, -113.9286092 50.9753497, -113.928637 50.9751976, -113.9286946 50.9750615, -113.9287609 50.9749285, -113.9289026 50.9748209, -113.9290188 50.9747054, -113.9290086 50.9745445, -113.9290004 50.9744085, -113.928999 50.9743849, -113.9290529 50.9742475, -113.9292444 50.9741574, -113.9293377 50.9741645, -113.9294727 50.9741748, -113.9295146 50.9741614, -113.9295365 50.9741544, -113.9295361 50.9740037, -113.9295348 50.9735103, -113.9295135 50.9734906, -113.9293775 50.9733835, -113.9293355 50.9733585, -113.9293096 50.973343, -113.9292194 50.9732892, -113.9291299 50.9733175, -113.9289346 50.9733793, -113.9288522 50.9734054, -113.9287541 50.973369, -113.9286573 50.9732398, -113.9285866 50.9731848, -113.9285236 50.9731355, -113.9284687 50.9730951, -113.926427 50.9739232, -113.9263591 50.9739504, -113.9262899 50.9739764, -113.9262195 50.974001, -113.9261479 50.9740242, -113.9260753 50.9740461, -113.9260016 50.9740665, -113.925927 50.9740856, -113.9258515 50.9741031, -113.9257825 50.9741178, -113.9257129 50.9741312, -113.9256427 50.9741434, -113.925572 50.9741544, -113.9255009 50.9741641, -113.9254293 50.9741726, -113.9253575 50.9741799, -113.9252853 50.9741859, -113.9252129 50.9741907, -113.9251403 50.9741941, -113.9250676 50.9741964, -113.9249948 50.9741973, -113.924922 50.974197, -113.9248492 50.9741954, -113.9247766 50.9741926, -113.9247041 50.9741885, -113.9246323 50.9741832, -113.9245608 50.9741766, -113.9245975 50.9743589)))"
6991R GLENMORE TR SE,Non-Residential,SECTION 23,S-FUD,"MULTIPOLYGON (((-113.9308959 50.9775712, -113.9308177 50.9776862, -113.9308177 50.9776932, -113.9308177 50.9777452, -113.9308177 50.9778224, -113.9309959 50.9778223, -113.9309951 50.9775153, -113.9308959 50.9775712)))"
8722R 68 ST SE,Non-Residential,SECTION 23,S-FUD,"MULTIPOLYGON (((-113.9287767 50.9754418, -113.9288368 50.975492, -113.9289081 50.9755515, -113.9290652 50.9756483, -113.9291805 50.9757654, -113.9292178 50.9758033, -113.9292949 50.9758817, -113.9293345 50.975913, -113.9294301 50.9759886, -113.9295415 50.9760582, -113.9295365 50.9741614, -113.9295365 50.9741607, -113.9295365 50.9741544, -113.9295146 50.9741614, -113.9294727 50.9741748, -113.9293377 50.9741645, -113.9292444 50.9741574, -113.9290529 50.9742475, -113.928999 50.9743849, -113.9290004 50.9744085, -113.9290086 50.9745445, -113.9290188 50.9747054, -113.9289026 50.9748209, -113.9287609 50.9749285, -113.9286946 50.9750615, -113.928637 50.9751976, -113.9286092 50.9753497, -113.9287767 50.9754418)))"
9022R 68 ST SE,Non-Residential,SECTION 23,S-FUD,"MULTIPOLYGON (((-113.9292194 50.9732892, -113.9293096 50.973343, -113.9293355 50.9733585, -113.9293775 50.9733835, -113.9295135 50.9734906, -113.9295348 50.9735103, -113.9295327 50.9727311, -113.9285236 50.9731355, -113.9285866 50.9731848, -113.9286573 50.9732398, -113.9287541 50.973369, -113.9288522 50.9734054, -113.9289346 50.9733793, -113.9291299 50.9733175, -113.9292194 50.9732892)))"
12631 SYMONS VALLEY RD NW,Residential,KINCORA,S-FUD,"MULTIPOLYGON (((-114.1406015 51.1677581, -114.1406391 51.1677562, -114.1406757 51.1677503, -114.14071 51.1677404, -114.140741 51.167727, -114.1407678 51.1677103, -114.1407896 51.1676909, -114.1408055 51.1676694, -114.1408152 51.1676466, -114.1408621 51.167479, -114.1408617 51.1669069, -114.1408617 51.166862, -114.1394633 51.1668647, -114.1394135 51.1668648, -114.1379269 51.1668677, -114.1378774 51.1668678, -114.1374672 51.1668686, -114.1374409 51.1668686, -114.1374331 51.1668686, -114.1370068 51.1668694, -114.1369549 51.1668695, -114.1355683 51.1668722, -114.1355191 51.1668723, -114.1350894 51.1668731, -114.1326944 51.1668776, -114.1319582 51.166879, -114.1318523 51.1668792, -114.1326944 51.1677954, -114.1336446 51.1677942, -114.1349661 51.1677596, -114.1352743 51.1677575, -114.1357005 51.1677605, -114.1371447 51.1677473, -114.1377177 51.1677459, -114.1379774 51.1677493, -114.1390046 51.1677483, -114.1397195 51.1677515, -114.1406015 51.1677581)))"
12772 SYMONS VALLEY RD NW,Non-Residential,SAGE HILL,S-FUD,"MULTIPOLYGON (((-114.1328574 51.1686816, -114.1328121 51.1685962, -114.1327634 51.1685116, -114.1327113 51.1684277, -114.1326558 51.1683447, -114.132627 51.1683584, -114.1326022 51.1683749, -114.1325822 51.1683938, -114.1325675 51.1684145, -114.1325586 51.1684365, -114.1325556 51.1684591, -114.1325587 51.1684817, -114.1325679 51.1685036, -114.1326669 51.168682, -114.1328574 51.1686816)))"
12771 SYMONS VALLEY RD NW,Non-Residential,SAGE HILL,S-FUD,"MULTIPOLYGON (((-114.140823 51.1686676, -114.1408231 51.1684797, -114.1408222 51.1684672, -114.1408195 51.1684549, -114.1408149 51.1684428, -114.1408087 51.168431, -114.1408007 51.1684196, -114.140791 51.1684087, -114.1407798 51.1683984, -114.1407672 51.1683888, -114.1407507 51.1683786, -114.1407325 51.1683696, -114.1407128 51.1683618, -114.140692 51.1683554, -114.1406701 51.1683505, -114.1406476 51.1683471, -114.1406246 51.1683452, -114.1406014 51.1683449, -114.1390013 51.1683791, -114.1382326 51.1683671, -114.1369159 51.1683464, -114.1365786 51.1683411, -114.1353167 51.1683423, -114.133127 51.1683443, -114.1326558 51.1683447, -114.1327113 51.1684277, -114.1327634 51.1685116, -114.1328121 51.1685962, -114.1328574 51.1686816, -114.1333118 51.1686807, -114.1333843 51.1686806, -114.1349477 51.1686773, -114.135552 51.1686761, -114.1356861 51.1686758, -114.1359796 51.1686752, -114.1377293 51.168673, -114.1391071 51.1686706, -114.1407361 51.1686678, -114.140823 51.1686676)))"
10555 17 AV SE,Residential,RESIDUAL WARD 9 - SUB AREA 9P,S-FUD,"MULTIPOLYGON (((-113.8699587 51.0305636, -113.8655708 51.0305637, -113.8655698 51.0325039, -113.8655697 51.0326683, -113.8655674 51.0368897, -113.8656324 51.0376297, -113.8724747 51.0376281, -113.8770485 51.0376272, -113.8770493 51.030563, -113.8699587 51.0305636)))"
423 PATINA PL SW,Residential,PATTERSON,S-FUD,"MULTIPOLYGON (((-114.1696535 51.0614493, -114.1687464 51.0610505, -114.1687365 51.0610468, -114.1687255 51.0610445, -114.168714 51.0610435, -114.1687025 51.0610441, -114.1686913 51.0610461, -114.1686811 51.0610495, -114.1686721 51.0610541, -114.1686648 51.0610598, -114.1686347 51.0610901, -114.1686069 51.0611211, -114.1685813 51.061153, -114.1685581 51.0611856, -114.1685373 51.0612188, -114.168519 51.0612526, -114.1685032 51.0612868, -114.1684899 51.0613215, -114.1684792 51.0613566, -114.168471 51.0613919, -114.1684654 51.0614274, -114.1684625 51.061463, -114.1684622 51.0614987, -114.1684644 51.0615344, -114.1684693 51.0615699, -114.1684768 51.0616053, -114.1684912 51.0616053, -114.1686769 51.0616054, -114.1696809 51.0616048, -114.1697962 51.0616047, -114.1696535 51.0614493)))"
1401 210 AV SE,Non-Residential,LEGACY,S-FUD,"MULTIPOLYGON (((-114.0331589 50.8618376, -114.0335774 50.8624748, -114.0337948 50.8628062, -114.033824 50.8628527, -114.0338512 50.8628998, -114.0338763 50.8629473, -114.0338993 50.8629952, -114.0343454 50.8629948, -114.0319653 50.8600681, -114.0316073 50.8599958, -114.0318511 50.8602856, -114.0331589 50.8618376)))"
9404R COUNTRY HILLS BV NW,Non-Residential,RESIDUAL WARD 1 - SUB AREA 1K,S-FUD,"MULTIPOLYGON (((-114.2226042 51.1584446, -114.2226044 51.1586631, -114.2258715 51.1586624, -114.2258714 51.1584438, -114.2226042 51.1584446)))"
11595 84 ST NE,Farm Land,RESIDUAL WARD 5 - SUB AREA 5E,S-FUD,"MULTIPOLYGON (((-113.9120173 51.1553417, -113.9120173 51.155342, -113.9120161 51.1614922, -113.9120161 51.1615673, -113.9120161 51.1616579, -113.9177671 51.1616576, -113.9180501 51.1616575, -113.9180697 51.1615999, -113.9180794 51.1615711, -113.9181314 51.161409, -113.9181779 51.161264, -113.9181883 51.1612318, -113.9182441 51.1610417, -113.9182825 51.1609106, -113.9182882 51.1608914, -113.9183543 51.1606431, -113.9183775 51.1605563, -113.9183791 51.16055, -113.9184611 51.1602077, -113.9184625 51.1602009, -113.9184816 51.160111, -113.918534 51.1598646, -113.9185415 51.1598264, -113.9185164 51.157901, -113.9143612 51.1558971, -113.9143597 51.1553394, -113.9120173 51.1553417)))"
1 9550 114 AV SE,Non-Residential,RESIDUAL WARD 12 - SUB AREA 12A,S-FUD,"MULTIPOLYGON (((-113.8952428 50.9524061, -113.894831 50.9524058, -113.8947944 50.9537577, -113.8959867 50.9536792, -113.8963953 50.9536523, -113.8963953 50.9536509, -113.8963979 50.9524207, -113.8963985 50.9521421, -113.8963988 50.9520254, -113.8963966 50.9520254, -113.8954527 50.9520253, -113.895317 50.951994, -113.8952436 50.9520108, -113.8952428 50.9524061)))"
2 9550 114 AV SE,Non-Residential,RESIDUAL WARD 12 - SUB AREA 12A,S-FUD,"MULTIPOLYGON (((-113.8952428 50.9524061, -113.894831 50.9524058, -113.8947944 50.9537577, -113.8959867 50.9536792, -113.8963953 50.9536523, -113.8963953 50.9536509, -113.8963979 50.9524207, -113.8963985 50.9521421, -113.8963988 50.9520254, -113.8963966 50.9520254, -113.8954527 50.9520253, -113.895317 50.951994, -113.8952436 50.9520108, -113.8952428 50.9524061)))"
3 9550 114 AV SE,Non-Residential,RESIDUAL WARD 12 - SUB AREA 12A,S-FUD,"MULTIPOLYGON (((-113.8952428 50.9524061, -113.894831 50.9524058, -113.8947944 50.9537577, -113.8959867 50.9536792, -113.8963953 50.9536523, -113.8963953 50.9536509, -113.8963979 50.9524207, -113.8963985 50.9521421, -113.8963988 50.9520254, -113.8963966 50.9520254, -113.8954527 50.9520253, -113.895317 50.951994, -113.8952436 50.9520108, -113.8952428 50.9524061)))"
4 9550 114 AV SE,Non-Residential,RESIDUAL WARD 12 - SUB AREA 12A,S-FUD,"MULTIPOLYGON (((-113.8952428 50.9524061, -113.894831 50.9524058, -113.8947944 50.9537577, -113.8959867 50.9536792, -113.8963953 50.9536523, -113.8963953 50.9536509, -113.8963979 50.9524207, -113.8963985 50.9521421, -113.8963988 50.9520254, -113.8963966 50.9520254, -113.8954527 50.9520253, -113.895317 50.951994, -113.8952436 50.9520108, -113.8952428 50.9524061)))"
5 9550 114 AV SE,Non-Residential,RESIDUAL WARD 12 - SUB AREA 12A,S-FUD,"MULTIPOLYGON (((-113.8952428 50.9524061, -113.894831 50.9524058, -113.8947944 50.9537577, -113.8959867 50.9536792, -113.8963953 50.9536523, -113.8963953 50.9536509, -113.8963979 50.9524207, -113.8963985 50.9521421, -113.8963988 50.9520254, -113.8963966 50.9520254, -113.8954527 50.9520253, -113.895317 50.951994, -113.8952436 50.9520108, -113.8952428 50.9524061)))"
6 9550 114 AV SE,Non-Residential,RESIDUAL WARD 12 - SUB AREA 12A,S-FUD,"MULTIPOLYGON (((-113.8952428 50.9524061, -113.894831 50.9524058, -113.8947944 50.9537577, -113.8959867 50.9536792, -113.8963953 50.9536523, -113.8963953 50.9536509, -113.8963979 50.9524207, -113.8963985 50.9521421, -113.8963988 50.9520254, -113.8963966 50.9520254, -113.8954527 50.9520253, -113.895317 50.951994, -113.8952436 50.9520108, -113.8952428 50.9524061)))"
7 9550 114 AV SE,Non-Residential,RESIDUAL WARD 12 - SUB AREA 12A,S-FUD,"MULTIPOLYGON (((-113.8952428 50.9524061, -113.894831 50.9524058, -113.8947944 50.9537577, -113.8959867 50.9536792, -113.8963953 50.9536523, -113.8963953 50.9536509, -113.8963979 50.9524207, -113.8963985 50.9521421, -113.8963988 50.9520254, -113.8963966 50.9520254, -113.8954527 50.9520253, -113.895317 50.951994, -113.8952436 50.9520108, -113.8952428 50.9524061)))"
115 SHERIFF KING PT SW,Non-Residential,SILVERADO,S-FUD,"MULTIPOLYGON (((-114.0478765 50.8777096, -114.0500396 50.8777057, -114.0509076 50.8777033, -114.0509076 50.8777025, -114.0509056 50.8768085, -114.0509056 50.8768036, -114.0509057 50.8767845, -114.0509168 50.874416, -114.0509134 50.874416, -114.0488152 50.8744201, -114.0483671 50.8745348, -114.0480821 50.8757771, -114.0478823 50.8757769, -114.0478765 50.8777096)))"
19707 SHERIFF KING GV SW,Non-Residential,SILVERADO,S-FUD,"MULTIPOLYGON (((-114.0579994 50.8776892, -114.0572162 50.8756057, -114.0571997 50.8755619, -114.0569926 50.875011, -114.0569643 50.8749342, -114.056934 50.8748577, -114.0569018 50.8747816, -114.0568677 50.8747057, -114.0568318 50.8746302, -114.0567939 50.874555, -114.0567542 50.8744803, -114.0567126 50.8744059, -114.0566692 50.874332, -114.0566239 50.8742585, -114.0565769 50.8741854, -114.056528 50.8741129, -114.0564773 50.8740408, -114.0564248 50.8739692, -114.0563705 50.8738982, -114.0563144 50.8738277, -114.0562567 50.8737578, -114.0561971 50.8736885, -114.0561359 50.8736198, -114.056073 50.8735516, -114.0560083 50.8734842, -114.055942 50.8734173, -114.055874 50.8733512, -114.0558044 50.8732857, -114.0557332 50.8732209, -114.0556603 50.8731568, -114.0555859 50.8730935, -114.0555099 50.8730309, -114.0554324 50.8729691, -114.0553533 50.872908, -114.0552727 50.8728477, -114.0551906 50.8727883, -114.0488152 50.8744201, -114.0509134 50.8744155, -114.0509056 50.876803, -114.0509026 50.8777025, -114.0579994 50.8776892)))"
19707 SHERIFF KING GV SW,Non-Residential,SILVERADO,S-FUD,"MULTIPOLYGON (((-114.0478945 50.8704183, -114.0478892 50.8733775, -114.0489841 50.8731643, -114.0535421 50.8716063, -114.0535456 50.8716051, -114.0519024 50.8704239, -114.0478946 50.8704164, -114.0478945 50.8704183)))"
19570 SHERIFF KING GV SW,Non-Residential,BELMONT,S-FUD,"MULTIPOLYGON (((-114.0449659 50.8728135, -114.0439366 50.8732136, -114.0442382 50.8744736, -114.0442574 50.8745537, -114.0443039 50.874748, -114.046089 50.8742613, -114.0462221 50.874225, -114.0462657 50.8742131, -114.0463141 50.8741998, -114.0449684 50.8728125, -114.0449659 50.8728135)))"
140 SHERIFF KING PT SW,Non-Residential,SILVERADO,S-FUD,"MULTIPOLYGON (((-114.046373 50.875848, -114.0448846 50.8762538, -114.0457242 50.8776224, -114.045775 50.8777043, -114.0475912 50.877709, -114.0475915 50.8776269, -114.047595 50.8764492, -114.0467794 50.8759966, -114.046373 50.875848)))"
19570 SHERIFF KING GV SW,Non-Residential,BELMONT,S-FUD,"MULTIPOLYGON (((-114.0467797 50.8757371, -114.046373 50.875848, -114.0467794 50.8759966, -114.0467797 50.8757371)))"
19570 SHERIFF KING GV SW,Non-Residential,BELMONT,S-FUD,"MULTIPOLYGON (((-114.0475972 50.8755142, -114.0474825 50.8755455, -114.0472312 50.875614, -114.0475968 50.8758165, -114.0475972 50.8755142)))"
110 SHERIFF KING PT SW,Non-Residential,SILVERADO,S-FUD,"MULTIPOLYGON (((-114.047595 50.8764492, -114.0475968 50.8758293, -114.0475968 50.8758165, -114.0472312 50.875614, -114.0467797 50.8757371, -114.0467794 50.8759966, -114.047595 50.8764492)))"
12111 TRANS CANADA HI SW,Residential,CRESTMONT,S-FUD,"MULTIPOLYGON (((-114.2773965 51.0815086, -114.2773465 51.0817516, -114.277161 51.0819955, -114.2768443 51.0824473, -114.2761633 51.0834005, -114.2758924 51.0835457, -114.275714 51.0837325, -114.2755914 51.0838154, -114.275244 51.0840689, -114.2750407 51.0843473, -114.2749915 51.0845224, -114.2750424 51.084738, -114.2750436 51.0847429, -114.2751349 51.0849383, -114.2751577 51.0849547, -114.275217 51.0849974, -114.2752045 51.0852262, -114.2751881 51.0852859, -114.2751609 51.0853846, -114.2751448 51.0854433, -114.2750957 51.085582, -114.2750588 51.085843, -114.2750515 51.0860534, -114.2750751 51.0861877, -114.2751694 51.0863164, -114.2753241 51.086405, -114.2757294 51.0865227, -114.2757512 51.0865297, -114.275772 51.0865378, -114.2757918 51.0865469, -114.2758103 51.0865569, -114.2758276 51.0865678, -114.2758433 51.0865796, -114.2758576 51.0865921, -114.2758702 51.0866053, -114.2758812 51.086619, -114.2758903 51.0866333, -114.2758976 51.086648, -114.2759031 51.086663, -114.2759066 51.0866782, -114.2759083 51.0866935, -114.2759079 51.0867089, -114.2759057 51.0867242, -114.2758894 51.0868014, -114.2758388 51.0869005, -114.2757218 51.0872718, -114.2757176 51.0876675, -114.2756329 51.0878454, -114.2755732 51.0880001, -114.2783397 51.0880034, -114.2791907 51.0879146, -114.2793598 51.0879149, -114.2804796 51.0879169, -114.2804858 51.0815018, -114.2773967 51.0815088, -114.2773965 51.0815086)))"
13700 100 ST SE,Residential,RESIDUAL WARD 12 - SUB AREA 12B,S-FUD,"MULTIPOLYGON (((-113.8812453 50.9278869, -113.8811013 50.9278868, -113.8795631 50.9278863, -113.877142 50.9278854, -113.8771441 50.928792, -113.8771589 50.9358319, -113.8776573 50.9360116, -113.8881997 50.9360103, -113.8886976 50.9358304, -113.8886968 50.9320884, -113.8886968 50.9319946, -113.8857158 50.931437, -113.8839278 50.9309226, -113.882656 50.9299992, -113.8813951 50.9291947, -113.881045 50.9286834, -113.8812453 50.9278869)))"
21101 40 ST SE,Non-Residential,CRANSTON,S-FUD,"MULTIPOLYGON (((-113.9839551 50.8628599, -113.9840172 50.8629543, -113.9840592 50.8629975, -113.9844308 50.8629967, -113.9843399 50.8629253, -113.98411 50.8627813, -113.9839669 50.8627012, -113.9838989 50.8627026, -113.9839012 50.862716, -113.9839223 50.8627546, -113.9839294 50.8627976, -113.983927 50.8628228, -113.9839551 50.8628599)))"
21101 40 ST SE,Non-Residential,CRANSTON,S-FUD,"MULTIPOLYGON (((-113.9786354 50.8575295, -113.9786148 50.8574968, -113.9785991 50.8574449, -113.9785793 50.8574021, -113.9785622 50.8573737, -113.9785604 50.8573526, -113.9785667 50.8573235, -113.9784998 50.8572534, -113.9783957 50.8571675, -113.9783096 50.8571016, -113.9782615 50.8570675, -113.9781547 50.8570021, -113.9780389 50.8569351, -113.9779645 50.8568892, -113.9778255 50.8568623, -113.9778045 50.8569127, -113.9778193 50.8569821, -113.9779141 50.8571151, -113.9779997 50.8571951, -113.9781559 50.8573104, -113.9781838 50.857334, -113.9782663 50.8574096, -113.9783393 50.8574725, -113.978405 50.8575501, -113.9784357 50.8575899, -113.9784656 50.8575933, -113.9785229 50.8576318, -113.9785688 50.8576688, -113.9786158 50.857695, -113.9786239 50.8576942, -113.9786308 50.8576638, -113.97864 50.8575883, -113.9786354 50.8575295)))"
16455 15 ST NE,Farm Land,RESIDUAL WARD 3 - SUB AREA 3W,S-FUD,"MULTIPOLYGON (((-114.0323998 51.2124196, -114.0352699 51.2124161, -114.0365092 51.2124146, -114.0365027 51.2088063, -114.0364962 51.2052202, -114.0364831 51.1979828, -114.0362653 51.1979827, -114.0284454 51.197994, -114.0250042 51.1979989, -114.025004 51.1980155, -114.0250142 51.2052397, -114.0250187 51.2119338, -114.0253146 51.2122593, -114.0271681 51.2122572, -114.0279103 51.21238, -114.0322031 51.2123751, -114.0323998 51.2124196)))"
17500 15 ST NE,Farm Land,RESIDUAL WARD 3 - SUB AREA 3W,S-FUD,"MULTIPOLYGON (((-114.0247312 51.2108723, -114.0247264 51.2052399, -114.0132915 51.2052466, -114.0132999 51.2097595, -114.0143659 51.2102667, -114.0149874 51.211012, -114.0171284 51.2115695, -114.0207465 51.2119827, -114.0242176 51.2119814, -114.0244099 51.2118115, -114.0244095 51.2113277, -114.0247312 51.2108723)))"
1300 ZOO RD NE,Non-Residential,BRIDGELAND/RIVERSIDE,S-FUD,"MULTIPOLYGON (((-114.0358252 51.0468038, -114.035874 51.04682, -114.0359221 51.0468334, -114.0359723 51.0468463, -114.0360225 51.0468579, -114.0360633 51.046864, -114.0361178 51.0468742, -114.0361585 51.0468822, -114.0362138 51.0468964, -114.0362583 51.046908, -114.036302 51.04692, -114.0363352 51.0468028, -114.0363438 51.0468038, -114.0363597 51.0467469, -114.0363664 51.0466956, -114.0363506 51.0466881, -114.0363331 51.0466825, -114.0362423 51.0466811, -114.0362479 51.0463785, -114.0362446 51.0463675, -114.0362393 51.0463568, -114.0362319 51.0463465, -114.0362228 51.0463369, -114.0361909 51.0463053, -114.0361558 51.0462751, -114.0361176 51.0462463, -114.0360766 51.0462192, -114.0360329 51.0461938, -114.0359866 51.0461703, -114.035938 51.0461487, -114.0358873 51.0461291, -114.0357103 51.0460635, -114.0353519 51.0459262, -114.0352555 51.0458845, -114.0343371 51.0455284, -114.034098 51.0454368, -114.0338207 51.0453362, -114.0334647 51.0452209, -114.033321 51.0451766, -114.0331758 51.0451349, -114.0331506 51.0451276, -114.0329627 51.0450754, -114.0327721 51.0450273, -114.0327021 51.0450044, -114.0326346 51.0449787, -114.0325698 51.0449505, -114.032508 51.0449197, -114.0324242 51.044867, -114.0323748 51.0448274, -114.032329 51.0447862, -114.0322949 51.0447698, -114.0320694 51.0446696, -114.0318449 51.0445684, -114.0319635 51.0444621, -114.0317397 51.0443608, -114.0317383 51.0443565, -114.0318871 51.0442247, -114.0319406 51.0441773, -114.0319605 51.0441596, -114.0317988 51.044099, -114.0317762 51.0440867, -114.0317172 51.044067, -114.0316708 51.0440528, -114.0316194 51.0440363, -114.0315687 51.0440212, -114.0315122 51.0440042, -114.0314644 51.0439927, -114.0314093 51.0439817, -114.0313586 51.0439684, -114.0313129 51.0439551, -114.031284 51.0439464, -114.0312361 51.0439331, -114.0311869 51.0439253, -114.0311339 51.0439211, -114.0310876 51.043911, -114.0310311 51.0438973, -114.0309767 51.043889, -114.0309267 51.0438798, -114.0308753 51.0438679, -114.0308253 51.0438559, -114.0307731 51.0438435, -114.030718 51.0438298, -114.0306753 51.0438179, -114.0306246 51.0438064, -114.0305789 51.0437958, -114.0305296 51.0437835, -114.0304855 51.0437706, -114.0304355 51.0437546, -114.0303855 51.0437404, -114.0303348 51.0437275, -114.0302869 51.043717, -114.0302333 51.0437037, -114.030187 51.0436931, -114.0301384 51.043683, -114.0300877 51.0436752, -114.0300428 51.0436683, -114.0299956 51.0436595, -114.0299522 51.0436508, -114.0298971 51.0436398, -114.0298457 51.0436311, -114.0297956 51.0436315, -114.0297391 51.0436086, -114.0297008 51.0435862, -114.02965 51.0435783, -114.0295964 51.0435714, -114.0295457 51.0435677, -114.0294906 51.0435604, -114.0294399 51.0435557, -114.0293898 51.0435543, -114.0293398 51.0435547, -114.0292949 51.0435515, -114.0292456 51.0435473, -114.0291934 51.0435441, -114.0291441 51.0435335, -114.0290999 51.0435198, -114.0290485 51.043512, -114.0289941 51.0435082, -114.0289419 51.0434995, -114.0289035 51.0434926, -114.0288477 51.0434843, -114.0288006 51.0434774, -114.0287847 51.0434751, -114.0287419 51.0434701, -114.0286933 51.0434632, -114.0286383 51.0434558, -114.0285861 51.0434503, -114.0285375 51.0434438, -114.0284875 51.043441, -114.0284491 51.0434406, -114.0283954 51.0434405, -114.028344 51.0434405, -114.0282881 51.0434413, -114.0282504 51.0434431, -114.0281968 51.0434444, -114.0281642 51.0434435, -114.0281221 51.0434421, -114.0280699 51.0434466, -114.0280184 51.0434525, -114.0279712 51.0434593, -114.0279212 51.0434679, -114.0278733 51.0434748, -114.0278291 51.0434784, -114.027782 51.043481, -114.0277334 51.0434824, -114.0276841 51.0434819, -114.0276392 51.0434777, -114.0275884 51.0434708, -114.0275478 51.0434648, -114.0274928 51.0434552, -114.027442 51.0434483, -114.0273986 51.0434396, -114.0273507 51.0434322, -114.0272978 51.0434235, -114.02725 51.0434152, -114.0272341 51.0434115, -114.0271927 51.0434046, -114.0271413 51.0433986, -114.027092 51.0433945, -114.0270435 51.0433917, -114.0269876 51.0433912, -114.0269463 51.0433907, -114.0269072 51.0433888, -114.0268506 51.0433837, -114.0267948 51.0433773, -114.0267491 51.0433759, -114.0266955 51.0433726, -114.0266441 51.0433662, -114.0265969 51.0433611, -114.0265469 51.0433578, -114.0264991 51.0433583, -114.0264498 51.04336, -114.0264121 51.0433614, -114.0263722 51.0433627, -114.0263156 51.0433659, -114.0262663 51.0433672, -114.0262105 51.0433676, -114.0261641 51.0433662, -114.0261097 51.0433652, -114.0260633 51.043367, -114.0260176 51.0433715, -114.0259683 51.0433811, -114.0259248 51.0433943, -114.025874 51.0434015, -114.0258182 51.0434042, -114.0257797 51.0434065, -114.0257406 51.0434073, -114.0257029 51.0434087, -114.0256645 51.0434091, -114.0256101 51.0434059, -114.0255572 51.0434049, -114.0255013 51.043408, -114.0254593 51.0434144, -114.0254034 51.0434248, -114.0253548 51.043433, -114.0253048 51.043443, -114.025302 51.0434435, -114.0253014 51.0436629, -114.025302 51.0441862, -114.025307 51.0441882, -114.0253331 51.0441968, -114.0253832 51.0442164, -114.0254319 51.0442323, -114.0254769 51.0442486, -114.025519 51.0442645, -114.0255619 51.0442831, -114.0256048 51.0443022, -114.0256556 51.0443258, -114.0257094 51.0443477, -114.0257573 51.0443672, -114.0258031 51.044384, -114.0258452 51.0443985, -114.025896 51.0444162, -114.0259418 51.0444316, -114.0259911 51.0444484, -114.0260471 51.0444702, -114.0261001 51.0444907, -114.0261451 51.0445093, -114.0261873 51.0445288, -114.0262396 51.044552, -114.0262824 51.044567, -114.0263267 51.0445856, -114.0263689 51.0446052, -114.0264241 51.0446283, -114.0264699 51.0446515, -114.0265186 51.0446834, -114.0265703 51.0447184, -114.0266059 51.0447462, -114.026619 51.044754, -114.0266685 51.0447858, -114.0267172 51.0448127, -114.0267681 51.0448381, -114.0268182 51.04486, -114.026864 51.0448795, -114.0269192 51.0449072, -114.0269737 51.0449382, -114.027016 51.044971, -114.0270531 51.0450028, -114.0270794 51.0450334, -114.0271006 51.0450621, -114.0271232 51.0450895, -114.0271611 51.0451214, -114.027166 51.0451249, -114.0272018 51.0451505, -114.0272585 51.0451842, -114.0273123 51.0452119, -114.027356 51.0452434, -114.027383 51.0452739, -114.0274223 51.0453076, -114.0274696 51.0453376, -114.0275089 51.0453714, -114.0275425 51.0454055, -114.0275941 51.0454379, -114.0276436 51.0454715, -114.0276749 51.0454989, -114.0277193 51.045528, -114.0277738 51.0455544, -114.0278268 51.0455803, -114.0278799 51.0456039, -114.0279271 51.0456276, -114.0279795 51.0456567, -114.0280216 51.0456772, -114.0280776 51.0457035, -114.0281277 51.0457244, -114.0281691 51.0457408, -114.0282243 51.0457621, -114.0282722 51.0457784, -114.028318 51.045792, -114.0283688 51.0458111, -114.028411 51.0458298, -114.0284567 51.0458475, -114.0285039 51.0458624, -114.0285489 51.0458728, -114.0285932 51.0458814, -114.0286404 51.0458927, -114.0286853 51.0459045, -114.0287361 51.0459185, -114.0287804 51.0459308, -114.028824 51.0459398, -114.0288755 51.045947, -114.0289262 51.0459546, -114.0289778 51.0459664, -114.0289916 51.04597, -114.0290387 51.0459781, -114.0290902 51.0459853, -114.0291345 51.0459921, -114.0291852 51.0459984, -114.0292346 51.046006, -114.0292767 51.0460183, -114.029326 51.0460291, -114.0293826 51.0460399, -114.0294334 51.0460508, -114.029474 51.0460548, -114.0295269 51.0460634, -114.0295792 51.0460706, -114.0296292 51.0460778, -114.0296764 51.0460836, -114.0297242 51.0460876, -114.0297728 51.0460916, -114.0298243 51.0461015, -114.0298773 51.0461155, -114.0299252 51.0461273, -114.029976 51.0461386, -114.0300202 51.0461477, -114.0300703 51.0461567, -114.0301196 51.0461625, -114.0301733 51.0461679, -114.0302182 51.0461696, -114.030274 51.0461758, -114.0303147 51.0461835, -114.0303662 51.0461925, -114.0304054 51.0462016, -114.030454 51.0462115, -114.0305033 51.046221, -114.0305178 51.0462228, -114.0305672 51.0462327, -114.0306179 51.0462376, -114.0306687 51.0462394, -114.0307201 51.0462392, -114.0307759 51.04624, -114.030831 51.0462449, -114.0308854 51.0462517, -114.0309391 51.0462597, -114.0309877 51.0462674, -114.0310218 51.0462719, -114.0310697 51.0462855, -114.0311183 51.0462968, -114.031172 51.0462999, -114.0312228 51.0463061, -114.031275 51.0463152, -114.0313134 51.0463178, -114.0313634 51.0463195, -114.0314106 51.0463263, -114.0314672 51.0463348, -114.0315237 51.0463415, -114.0315774 51.0463428, -114.0316331 51.0463417, -114.0316853 51.0463425, -114.0317325 51.0463571, -114.0317768 51.0463725, -114.0318312 51.0463847, -114.0318777 51.0463946, -114.0319277 51.0464041, -114.0319677 51.0464104, -114.0320025 51.0464167, -114.0320532 51.0464221, -114.0320866 51.0464238, -114.0321388 51.0464246, -114.032191 51.046425, -114.0322381 51.0464299, -114.0322867 51.046438, -114.0323339 51.0464498, -114.0323847 51.0464606, -114.0324332 51.0464646, -114.0324833 51.046469, -114.0325384 51.0464749, -114.032587 51.0464798, -114.0326363 51.0464861, -114.0326914 51.0464905, -114.0327422 51.0464963, -114.032782 51.0465003, -114.0328314 51.0465057, -114.0328814 51.0465134, -114.0329366 51.0465246, -114.0329888 51.0465387, -114.0330404 51.0465518, -114.0330933 51.0465645, -114.0331354 51.0465726, -114.0331869 51.0465766, -114.0332347 51.0465783, -114.0332855 51.0465791, -114.0333391 51.0465794, -114.0333891 51.0465793, -114.0334457 51.0465819, -114.0335008 51.0465841, -114.0335537 51.046584, -114.0335906 51.0465821, -114.0336355 51.0465838, -114.0336682 51.0465887, -114.0337139 51.0465996, -114.0337705 51.0466154, -114.0338119 51.0466277, -114.0338424 51.0466354, -114.0338975 51.0466453, -114.0339497 51.0466511, -114.0339867 51.0466528, -114.0340281 51.0466569, -114.0340643 51.0466595, -114.034102 51.0466617, -114.0341506 51.0466653, -114.0341977 51.0466688, -114.0342506 51.0466701, -114.0343064 51.0466713, -114.034326 51.0466722, -114.0343644 51.046673, -114.0344014 51.0466738, -114.0344521 51.0466783, -114.0344971 51.0466855, -114.0345457 51.0466918, -114.0345994 51.0466939, -114.034645 51.0466956, -114.0346907 51.0466996, -114.0347444 51.0467096, -114.034785 51.0467191, -114.034825 51.0467313, -114.0348686 51.0467426, -114.0349164 51.0467539, -114.0349701 51.0467629, -114.0350187 51.0467633, -114.0350701 51.0467618, -114.0351209 51.0467603, -114.035173 51.0467588, -114.0352175 51.0467569, -114.0352536 51.0467439, -114.0353093 51.0467303, -114.0353635 51.046724, -114.0354123 51.0467356, -114.0354553 51.0467499, -114.0354968 51.046762, -114.035539 51.0467677, -114.0355789 51.0467697, -114.0356174 51.0467741, -114.0356704 51.0467774, -114.0357183 51.0467816, -114.0357728 51.04679, -114.0358252 51.0468038)))"
1300 ZOO RD NE,Non-Residential,BRIDGELAND/RIVERSIDE,S-FUD,"MULTIPOLYGON (((-114.0469867 51.0486091, -114.0469898 51.0486095, -114.0470245 51.0486134, -114.0470652 51.0486196, -114.0471081 51.0486275, -114.0471576 51.0486414, -114.0472065 51.0486589, -114.0472473 51.0486705, -114.0472931 51.0486798, -114.0473389 51.0486887, -114.0473811 51.0486948, -114.0474362 51.0486931, -114.0474781 51.048686, -114.0475106 51.0486734, -114.0475298 51.0486473, -114.0475212 51.0486117, -114.047483 51.0485763, -114.0474485 51.04855, -114.0474089 51.0485228, -114.0473591 51.0484935, -114.0473071 51.0484609, -114.0472602 51.0484288, -114.0472039 51.0483958, -114.0471644 51.0483714, -114.0471278 51.0483524, -114.0470797 51.0483335, -114.0470315 51.0483137, -114.0469895 51.0482959, -114.0469826 51.048293, -114.0469357 51.0482641, -114.0468809 51.0482347, -114.046826 51.0482031, -114.0467747 51.0481691, -114.0467337 51.0481429, -114.0466956 51.0481144, -114.0466428 51.0480795, -114.0465901 51.0480442, -114.0465453 51.0480116, -114.0465144 51.0479817, -114.046466 51.0479468, -114.0464134 51.0479211, -114.0463587 51.0479013, -114.0463069 51.0478802, -114.0462573 51.0478577, -114.0462121 51.0478406, -114.0461668 51.0478189, -114.0461112 51.0477928, -114.0460748 51.0477798, -114.0460347 51.047764, -114.0459814 51.0477429, -114.0458806 51.0476978, -114.0458252 51.0476749, -114.0457815 51.0476615, -114.0457348 51.0476449, -114.0456895 51.0476251, -114.0456435 51.0476052, -114.0455983 51.0475877, -114.0455495 51.0475734, -114.0455008 51.0475646, -114.0454448 51.0475576, -114.0453968 51.047547, -114.0453494 51.0475299, -114.045294 51.0475106, -114.0452553 51.0474949, -114.0452014 51.0474765, -114.045149 51.0474613, -114.045098 51.0474492, -114.04505 51.0474363, -114.045007 51.0474247, -114.0449531 51.0474072, -114.0449232 51.0473987, -114.0448708 51.047384, -114.0448184 51.0473724, -114.0447813 51.0473654, -114.0447399 51.0473588, -114.0446926 51.0473513, -114.044636 51.0473453, -114.0445829 51.047336, -114.0445392 51.0473267, -114.0444883 51.0473156, -114.0444381 51.0473054, -114.0443836 51.0472975, -114.0443284 51.0472947, -114.044277 51.0472954, -114.0442371 51.047298, -114.0441834 51.0472974, -114.0441522 51.0472953, -114.0441078 51.0472837, -114.0440633 51.0472676, -114.0440107 51.0472405, -114.0439584 51.0472317, -114.0439141 51.0472274, -114.0438619 51.0472268, -114.0438053 51.047229, -114.0437596 51.0472256, -114.0437144 51.0472122, -114.0436655 51.0471933, -114.0436211 51.047179, -114.0435818 51.0471737, -114.0435427 51.0471731, -114.0434911 51.0471684, -114.0434563 51.047164, -114.0434163 51.0471602, -114.0433655 51.0471536, -114.0433196 51.0471439, -114.0432701 51.0471282, -114.0432198 51.0471107, -114.0431885 51.0471017, -114.0431432 51.0470796, -114.043087 51.0470558, -114.0430453 51.0470364, -114.0429952 51.0470285, -114.0429452 51.0470302, -114.0428965 51.0470255, -114.0428528 51.0470102, -114.0428082 51.0469918, -114.0427528 51.046967, -114.0427082 51.0469485, -114.0426664 51.046963, -114.0426191 51.0469514, -114.0425724 51.0469325, -114.0425302 51.0469236, -114.0424763 51.0469048, -114.0424237 51.046879, -114.0423777 51.0468624, -114.0423333 51.0468495, -114.042286 51.0468361, -114.0422349 51.0468172, -114.0421808 51.0467897, -114.0421325 51.0467589, -114.0420893 51.0467304, -114.042033 51.0467029, -114.0419834 51.0466813, -114.041933 51.0466615, -114.0418827 51.0466426, -114.0418287 51.0466164, -114.041795 51.0465975, -114.0417488 51.0465658, -114.0416997 51.0465305, -114.0416536 51.0464997, -114.0416076 51.0464785, -114.0415653 51.0464619, -114.0415135 51.0464444, -114.0414566 51.0464205, -114.0414077 51.0464025, -114.0413559 51.0463805, -114.0413092 51.0463598, -114.0412602 51.0463368, -114.0412055 51.0463161, -114.0411588 51.0462954, -114.0411151 51.0462806, -114.0410655 51.0462649, -114.0410101 51.0462461, -114.0409628 51.046234, -114.0409112 51.0462257, -114.0408625 51.0462159, -114.0408057 51.0462048, -114.0407491 51.0461965, -114.0406946 51.0461891, -114.040651 51.0461853, -114.0406017 51.0461837, -114.0405458 51.0461818, -114.040492 51.0461757, -114.0404411 51.0461674, -114.0403932 51.046159, -114.0403386 51.0461493, -114.0403045 51.0461459, -114.0402509 51.0461494, -114.0402146 51.0461482, -114.0401579 51.0461399, -114.0401209 51.0461342, -114.0400824 51.0461335, -114.0400324 51.0461334, -114.0399852 51.0461319, -114.0399555 51.0461325, -114.0399098 51.0461278, -114.0398749 51.0461234, -114.0398472 51.0461163, -114.0397911 51.0461006, -114.0397475 51.0460909, -114.0397082 51.0460829, -114.0396515 51.0460723, -114.039618 51.0460656, -114.0395614 51.0460591, -114.0395141 51.0460489, -114.0394638 51.0460346, -114.039415 51.0460199, -114.0393618 51.046001, -114.039305 51.0459817, -114.0392612 51.0459669, -114.0392059 51.0459503, -114.0391499 51.0459361, -114.0391003 51.0459268, -114.0390552 51.0459147, -114.0390005 51.0458909, -114.0389537 51.0458697, -114.0389071 51.0458558, -114.0388627 51.0458456, -114.0388077 51.0458478, -114.0388147 51.0458802, -114.0388383 51.0459102, -114.0388381 51.0459408, -114.0387899 51.0459657, -114.0387432 51.0459971, -114.0386907 51.0460216, -114.038645 51.0460251, -114.038598 51.0460323, -114.0385445 51.046044, -114.0384998 51.046058, -114.0384586 51.0460683, -114.0384152 51.0460786, -114.0383755 51.0460867, -114.0383241 51.0460961, -114.0382771 51.0461046, -114.0382259 51.0461191, -114.0381847 51.0461271, -114.0381405 51.0461315, -114.0380993 51.0461368, -114.0380587 51.0461435, -114.038019 51.0461492, -114.0379646 51.0461527, -114.037911 51.0461526, -114.0378588 51.0461552, -114.0378112 51.0461715, -114.0377863 51.0462027, -114.037802 51.0462346, -114.0378458 51.0462526, -114.0378888 51.0462692, -114.037934 51.0462827, -114.0379858 51.0463066, -114.0380008 51.0463375, -114.0379629 51.0463711, -114.0379226 51.0463933, -114.0378664 51.0464165, -114.0378202 51.0464277, -114.0377737 51.0464267, -114.0377291 51.0464032, -114.0377106 51.0463791, -114.0376906 51.0463509, -114.0376853 51.0463349, -114.037679 51.0463044, -114.0376735 51.0462719, -114.0376704 51.0462578, -114.0376664 51.046235, -114.0376652 51.0462026, -114.0376648 51.0461774, -114.0376636 51.0461487, -114.0376588 51.0461163, -114.0376518 51.0460843, -114.037647 51.0460579, -114.0376525 51.046035, -114.0376623 51.0460107, -114.0376676 51.0459773, -114.0377079 51.0459597, -114.0377433 51.045954, -114.0377824 51.0459474, -114.0378373 51.0459374, -114.0378908 51.0459243, -114.0379421 51.0459098, -114.0379861 51.0458945, -114.0380176 51.0458664, -114.0380556 51.0458378, -114.038111 51.0458101, -114.0381462 51.0457879, -114.0381842 51.045763, -114.0382267 51.0457454, -114.0382809 51.0457332, -114.03833 51.0457196, -114.0383601 51.0456929, -114.0383684 51.0456682, -114.0383498 51.0456359, -114.0382964 51.045607, -114.0382498 51.045594, -114.0382098 51.0455847, -114.0381568 51.0455791, -114.0381171 51.0455926, -114.0380784 51.045623, -114.0380337 51.0456393, -114.0379859 51.0456446, -114.037936 51.0456558, -114.0378855 51.0456722, -114.0378364 51.045683, -114.0377864 51.0456851, -114.0377392 51.0456799, -114.0376868 51.0456697, -114.0376308 51.0456587, -114.0375769 51.0456398, -114.0375202 51.0456301, -114.0374728 51.0456176, -114.037419 51.0456052, -114.037368 51.0455895, -114.0373235 51.0455752, -114.0372697 51.0455636, -114.037226 51.0455529, -114.0371729 51.0455409, -114.0371177 51.0455326, -114.0370639 51.0455233, -114.0370159 51.0455154, -114.0369642 51.0455006, -114.0368521 51.0454694, -114.0368135 51.0454582, -114.036761 51.0454389, -114.0367129 51.0454227, -114.0366662 51.0454075, -114.0366196 51.0453954, -114.0365758 51.0453765, -114.0365262 51.0453581, -114.0364781 51.0453378, -114.0364262 51.0453126, -114.0363707 51.0452832, -114.0363152 51.0452617, -114.0362707 51.0452446, -114.0362365 51.0452365, -114.0361864 51.0452296, -114.0361493 51.0452261, -114.0361094 51.0452227, -114.03606 51.0452175, -114.0360078 51.045217, -114.0359657 51.0452154, -114.0359172 51.0452189, -114.035833 51.045213, -114.0357851 51.0452078, -114.0357306 51.045199, -114.035684 51.0451925, -114.0356296 51.0451864, -114.0355817 51.0451881, -114.0355296 51.0451939, -114.0354877 51.0452038, -114.035435 51.0452178, -114.0353788 51.0452414, -114.0353218 51.0452642, -114.0352694 51.0452965, -114.0352326 51.04531, -114.0351833 51.0453437, -114.0351466 51.045378, -114.0351062 51.0454092, -114.0350766 51.0454366, -114.0350536 51.0454673, -114.0350277 51.0454966, -114.0349967 51.0455255, -114.0349512 51.0455571, -114.0349049 51.0455681, -114.0348599 51.0455568, -114.0348099 51.045546, -114.0347677 51.0455306, -114.0347183 51.0455142, -114.0346631 51.0454869, -114.034618 51.0454674, -114.0345723 51.0454474, -114.0345207 51.0454252, -114.0344691 51.0453988, -114.0344153 51.045372, -114.0343709 51.0453474, -114.0343215 51.0453215, -114.0342728 51.0452955, -114.034219 51.0452683, -114.0341739 51.045251, -114.0341275 51.0452374, -114.034081 51.0452234, -114.0340563 51.0452124, -114.0340032 51.0451861, -114.0339473 51.0451588, -114.0338985 51.0451292, -114.0338964 51.0451279, -114.0338433 51.0450951, -114.0337939 51.0450792, -114.0337437 51.045046, -114.0337182 51.0450214, -114.0336673 51.0449886, -114.0336251 51.0449709, -114.0335713 51.0449477, -114.0335212 51.0449259, -114.0334711 51.0449146, -114.0334232 51.0449033, -114.0333739 51.0448861, -114.0333215 51.0448506, -114.0332669 51.0448224, -114.0332198 51.0448101, -114.0331776 51.0447819, -114.0331477 51.0447537, -114.0331178 51.0447259, -114.0330705 51.044694, -114.0330247 51.044674, -114.0329812 51.0446586, -114.0329362 51.0446473, -114.0328926 51.044635, -114.0328643 51.0446214, -114.0328076 51.0445932, -114.0327603 51.0445664, -114.0327116 51.0445418, -114.0326578 51.0445145, -114.0326178 51.0444963, -114.0325699 51.0444764, -114.0325219 51.0444568, -114.0324762 51.0444341, -114.03247 51.0444311, -114.0325705 51.0445333, -114.0328408 51.0448084, -114.0328683 51.0448773, -114.032897 51.044892, -114.0329748 51.0449212, -114.0330539 51.0449489, -114.0331344 51.0449751, -114.033216 51.0449998, -114.0334287 51.0450619, -114.0336384 51.0451278, -114.0337902 51.0451785, -114.0337886 51.0451806, -114.0338987 51.0452172, -114.0342449 51.0453418, -114.0349288 51.0456075, -114.0350024 51.0456365, -114.0351776 51.0457048, -114.0353149 51.0457567, -114.0354912 51.0457943, -114.0357042 51.0458766, -114.0358262 51.0459415, -114.0358635 51.0459625, -114.0359024 51.0459822, -114.035943 51.0460006, -114.035985 51.0460176, -114.0360694 51.0460494, -114.0361514 51.0460836, -114.0362447 51.0461309, -114.0363539 51.0462037, -114.0364252 51.0462635, -114.0365318 51.0464037, -114.0365601 51.0464729, -114.0365684 51.0464968, -114.0365734 51.0465212, -114.0365754 51.0465706, -114.036565 51.0466314, -114.0365513 51.0466919, -114.0365141 51.0467645, -114.0364974 51.0468208, -114.0365057 51.0468217, -114.0364677 51.0469568, -114.0365631 51.0469728, -114.0366105 51.0469926, -114.0366593 51.0470092, -114.0367102 51.0470167, -114.0367451 51.0470192, -114.0367835 51.0470222, -114.0368249 51.0470279, -114.0368716 51.0470422, -114.0369204 51.0470565, -114.036967 51.0470667, -114.03702 51.0470728, -114.0370679 51.0470789, -114.0371195 51.0470863, -114.0371683 51.047097, -114.0372112 51.047109, -114.0372637 51.0471261, -114.0373096 51.0471381, -114.0373525 51.0471479, -114.0373954 51.0471582, -114.0374406 51.0471684, -114.0374915 51.0471818, -114.0375381 51.0471938, -114.0375869 51.0472077, -114.0376379 51.0472233, -114.0376939 51.0472358, -114.0377493 51.047251, -114.0377974 51.0472657, -114.0378432 51.0472778, -114.0378934 51.0472894, -114.0379422 51.0472996, -114.0379959 51.0473061, -114.0380446 51.0473122, -114.0380963 51.0473228, -114.0381461 51.0473563, -114.0381916 51.0473907, -114.0382356 51.0474247, -114.0382825 51.047455, -114.0382971 51.0474627, -114.0383532 51.0474816, -114.0384079 51.0475022, -114.0384443 51.0475116, -114.0384968 51.0475291, -114.038542 51.047543, -114.03859 51.0475532, -114.0386372 51.0475629, -114.0386817 51.0475754, -114.0387378 51.0475938, -114.038783 51.04761, -114.0388289 51.0476239, -114.0388814 51.0476413, -114.0389302 51.0476575, -114.0389812 51.0476759, -114.0390345 51.0476952, -114.0390884 51.0477127, -114.0391387 51.047727, -114.0391889 51.0477399, -114.0392391 51.0477542, -114.0392923 51.0477676, -114.0393411 51.0477819, -114.0393885 51.0477985, -114.0394409 51.0478156, -114.0394919 51.0478308, -114.0395386 51.0478465, -114.039575 51.0478572, -114.0396282 51.0478742, -114.0396711 51.0478858, -114.0397214 51.0478983, -114.0397774 51.047913, -114.0398335 51.0479296, -114.0398838 51.047943, -114.0399295 51.0479496, -114.0399862 51.0479551, -114.0400414 51.0479584, -114.0400908 51.0479641, -114.0401438 51.0479697, -114.0401932 51.0479739, -114.0402426 51.04798, -114.0402933 51.0479815, -114.0403377 51.0479877, -114.0403857 51.0479983, -114.0404358 51.0480021, -114.0404902 51.0480036, -114.0405286 51.0480052, -114.0405816 51.0480053, -114.0406287 51.0480041, -114.0406722 51.0480015, -114.0407258 51.0479985, -114.0407735 51.047989, -114.0408166 51.047965, -114.0408623 51.0479606, -114.0409144 51.047958, -114.0409659 51.0479563, -114.0410214 51.0479838, -114.0410755 51.0480095, -114.041127 51.0480106, -114.0411654 51.0480094, -114.041206 51.0480083, -114.0412626 51.0480088, -114.0413177 51.0480103, -114.0413736 51.0480118, -114.0413939 51.0480121, -114.0414577 51.0480117, -114.0415113 51.0480109, -114.0415584 51.0480101, -114.0416092 51.0480103, -114.0416622 51.0480122, -114.0417159 51.0480146, -114.0417587 51.0480167, -114.0418116 51.0480163, -114.0418645 51.0480155, -114.0419182 51.0480147, -114.0419668 51.0480131, -114.0420153 51.0480128, -114.0420632 51.0480143, -114.0420973 51.0480141, -114.0421408 51.0480129, -114.0421836 51.0480122, -114.0422401 51.0480109, -114.0422749 51.0480093, -114.042301 51.0480073, -114.0423568 51.0480051, -114.042401 51.0480044, -114.0424445 51.0480041, -114.0424822 51.048003, -114.0425234 51.0479995, -114.0425633 51.047997, -114.0426038 51.0479908, -114.0426421 51.0479782, -114.0426944 51.0479843, -114.0427409 51.0479899, -114.0427931 51.0479914, -114.0428424 51.0479911, -114.042899 51.0479935, -114.0429534 51.0479922, -114.0429918 51.0479911, -114.0430483 51.0479866, -114.0430996 51.0479785, -114.0431308 51.0479751, -114.0431837 51.0479757, -114.0432368 51.0479873, -114.0432857 51.0480098, -114.0433399 51.0480428, -114.0433764 51.0480572, -114.0434237 51.0480656, -114.0434665 51.0480662, -114.0435173 51.0480686, -114.0435651 51.0480693, -114.0436181 51.0480712, -114.0436747 51.0480736, -114.0437263 51.0480819, -114.04377 51.0480963, -114.0438233 51.0481197, -114.0438782 51.0481504, -114.0438635 51.0481834, -114.0438545 51.0482141, -114.043863 51.048246, -114.0438888 51.0482755, -114.0439356 51.0483017, -114.043986 51.0483224, -114.0440361 51.0483326, -114.044087 51.0483396, -114.0441378 51.0483434, -114.044193 51.0483476, -114.0442351 51.048351, -114.0442853 51.0483612, -114.0443275 51.0483687, -114.0443821 51.0483789, -114.0444315 51.0483872, -114.0444867 51.0483965, -114.0445042 51.0483987, -114.044558 51.0484088, -114.0446096 51.0484181, -114.0446577 51.0484292, -114.0447122 51.0484398, -114.0447646 51.0484523, -114.0448097 51.0484621, -114.0448556 51.0484737, -114.0449051 51.0484866, -114.0449567 51.0484963, -114.0450126 51.048501, -114.045067 51.0485016, -114.045112 51.0485036, -114.0451498 51.0485106, -114.0452058 51.0485162, -114.0452581 51.0485223, -114.045314 51.0485283, -114.0453452 51.0485309, -114.0453931 51.0485338, -114.0454316 51.0485363, -114.0454757 51.0485264, -114.0455155 51.0485202, -114.0455668 51.0485107, -114.0456037 51.048505, -114.0456478 51.0484997, -114.045692 51.0484949, -114.045739 51.0484836, -114.0457911 51.0484751, -114.0458417 51.048467, -114.0458931 51.0484634, -114.0459438 51.048459, -114.0459815 51.0484583, -114.0460382 51.0484694, -114.0460496 51.0484976, -114.0460065 51.0485299, -114.0459584 51.0485585, -114.045913 51.048578, -114.045896 51.0486055, -114.0459331 51.0486094, -114.0459708 51.0486073, -114.0460171 51.0486029, -114.0460533 51.0485999, -114.0461098 51.0485959, -114.0461431 51.048593, -114.046196 51.0485881, -114.0462467 51.0485832, -114.0462619 51.0485817, -114.0463184 51.0485768, -114.0463633 51.0485756, -114.0464198 51.0485739, -114.0464721 51.0485772, -114.04652 51.0485796, -114.0465657 51.0485839, -114.0466057 51.0485896, -114.046658 51.0485966, -114.0467031 51.0486041, -114.0467401 51.0486061, -114.0467916 51.0486072, -114.046846 51.0486064, -114.046883 51.0486066, -114.0469345 51.0486062, -114.0469867 51.0486091)))"
1551 MEMORIAL DR NE,Non-Residential,BRIDGELAND/RIVERSIDE,S-FUD,"MULTIPOLYGON (((-114.0224614 51.0465228, -114.0223681 51.0465227, -114.021173 51.0465219, -114.0211734 51.0467027, -114.0222003 51.0467033, -114.0223174 51.0466863, -114.0224506 51.0466673, -114.0225846 51.046651, -114.0227193 51.0466372, -114.0228547 51.0466261, -114.0229905 51.0466175, -114.0231267 51.0466116, -114.0232631 51.0466083, -114.0233996 51.0466077, -114.023536 51.0466097, -114.0236723 51.0466143, -114.0238084 51.0466216, -114.023944 51.0466314, -114.024079 51.0466439, -114.0242134 51.046659, -114.024347 51.0466767, -114.0244796 51.046697, -114.0245602 51.0467101, -114.0246666 51.0466443, -114.0250144 51.0464291, -114.0250143 51.0466446, -114.0250143 51.0467102, -114.0250143 51.0467842, -114.0253011 51.0468309, -114.0254128 51.0468491, -114.0255391 51.0468685, -114.0256663 51.0468856, -114.0257942 51.0469005, -114.0259228 51.0469131, -114.0260518 51.0469234, -114.0261812 51.0469314, -114.026311 51.046937, -114.026441 51.0469404, -114.0267113 51.0469451, -114.0268663 51.0469485, -114.0270213 51.0469535, -114.0271761 51.04696, -114.0273307 51.0469681, -114.0274851 51.0469777, -114.0276392 51.0469889, -114.0277931 51.0470016, -114.0279466 51.0470158, -114.0280997 51.0470316, -114.0282524 51.0470489, -114.0284046 51.0470677, -114.0285563 51.0470881, -114.0287076 51.04711, -114.0288582 51.0471333, -114.0290082 51.0471582, -114.0291576 51.0471846, -114.0296773 51.0472794, -114.0300788 51.0473645, -114.0306763 51.0474459, -114.030756 51.0474558, -114.0308362 51.0474638, -114.0309168 51.0474699, -114.0309977 51.047474, -114.0310788 51.0474762, -114.03116 51.0474765, -114.0312411 51.0474748, -114.0313221 51.0474712, -114.0315173 51.0474602, -114.0316937 51.0474424, -114.0318523 51.0474302, -114.0319593 51.0474213, -114.0320319 51.0474131, -114.0321075 51.0473988, -114.0324379 51.0473909, -114.0326761 51.0473718, -114.0330167 51.0473781, -114.0329706 51.0471633, -114.0329657 51.0471401, -114.0328901 51.0471116, -114.0327464 51.0470845, -114.0326104 51.0470575, -114.0324747 51.0470296, -114.0323352 51.0470104, -114.0321937 51.0469955, -114.03206 51.0469632, -114.0319287 51.0469258, -114.0317926 51.0468988, -114.0316554 51.0468744, -114.0315109 51.0468664, -114.0314611 51.0468557, -114.031323 51.0468344, -114.0311823 51.0468173, -114.0310489 51.0467848, -114.0309184 51.0467462, -114.0307855 51.0467287, -114.030632 51.0467472, -114.0304878 51.0467477, -114.0303471 51.0467331, -114.0302109 51.0466989, -114.0300718 51.0466772, -114.0299622 51.0466608, -114.0298296 51.0466265, -114.0296901 51.0466079, -114.0295486 51.0465954, -114.0294085 51.0465785, -114.0292679 51.0465634, -114.0291943 51.0465535, -114.0290472 51.0465538, -114.0289036 51.046558, -114.0287615 51.0465505, -114.0286217 51.0465261, -114.0286051 51.0465252, -114.0285075 51.0464726, -114.028389 51.0464224, -114.0282833 51.0463614, -114.0282135 51.0462702, -114.028119 51.0461998, -114.028021 51.0461323, -114.0278948 51.0460886, -114.0277806 51.0460348, -114.0276442 51.0459997, -114.0275172 51.0459567, -114.0273672 51.0459332, -114.0273068 51.0459081, -114.0272209 51.0458438, -114.0271398 51.0457698, -114.0270647 51.0456934, -114.0269884 51.0456174, -114.0268979 51.0455475, -114.0268869 51.0455372, -114.0268001 51.0454639, -114.0267112 51.0453933, -114.0266213 51.0453233, -114.026524 51.0452747, -114.0263922 51.0452296, -114.0262681 51.0451851, -114.0261634 51.0451217, -114.0260378 51.0450787, -114.0259323 51.045016, -114.0258113 51.0449685, -114.0256849 51.0449262, -114.0255716 51.0448711, -114.02546 51.0448145, -114.0253304 51.0447753, -114.0252047 51.0447322, -114.0251212 51.0447033, -114.025015 51.0446687, -114.025015 51.0446758, -114.025015 51.0447602, -114.025015 51.0448578, -114.0250149 51.0451125, -114.0250145 51.0462035, -114.0249835 51.0461948, -114.0244516 51.046524, -114.0244321 51.046524, -114.0242148 51.0465239, -114.0239976 51.0465237, -114.0237803 51.0465236, -114.023563 51.0465234, -114.0233458 51.0465233, -114.0231285 51.0465232, -114.0229112 51.046523, -114.0226939 51.0465229, -114.0224767 51.0465228, -114.0224614 51.0465228), (-114.0255728 51.0457671, -114.0266744 51.0460964, -114.0273504 51.0465602, -114.0256911 51.0466876, -114.0256552 51.0466904, -114.0253195 51.0467686, -114.0253011 51.0467729, -114.0253011 51.0466683, -114.0253015 51.0456861, -114.0254817 51.0457402, -114.0255728 51.0457671)))"
8428 24 ST SE,Non-Residential,SHEPARD INDUSTRIAL,S-FUD,"MULTIPOLYGON (((-113.9980708 50.9773534, -113.9980709 50.9774218, -113.9980709 50.9774903, -113.9980709 50.9775588, -113.998071 50.9776519, -113.9985692 50.9776506, -113.9985904 50.9775574, -113.998606 50.9774889, -113.9986135 50.9774559, -113.9986135 50.9774204, -113.9986135 50.9773519, -113.9980708 50.9773534)))"
12210 BARLOW TR NE,Non-Residential,STONEGATE LANDING,S-FUD,"MULTIPOLYGON (((-113.9997931 51.1688861, -114.0002935 51.1688858, -114.000301 51.1687704, -114.0003103 51.1686551, -113.9939727 51.1686576, -113.9936857 51.1686259, -113.9936568 51.168621, -113.9936296 51.1686131, -113.9936051 51.1686023, -113.9935839 51.168589, -113.9935668 51.1685736, -113.9935542 51.1685565, -113.9935464 51.1685384, -113.9935439 51.1685197, -113.9935439 51.1684241, -113.9935428 51.168888, -113.9997931 51.1688861)))"
7020 68 ST SE,Non-Residential,GREAT PLAINS,S-FUD,"MULTIPOLYGON (((-113.9337509 50.9869738, -113.926625 50.9869786, -113.926591 50.9942116, -113.9322894 50.9942075, -113.9342958 50.994206, -113.9349335 50.9942055, -113.9349336 50.9941602, -113.934947 50.986973, -113.9337509 50.9869738)))"
10835 WEST VALLEY RD SW,Residential,RESIDUAL WARD 1 - CALGARY WEST,S-FUD,"MULTIPOLYGON (((-114.2429786 51.0877767, -114.2429786 51.0880935, -114.2438481 51.0880952, -114.2438482 51.0877777, -114.2434972 51.087777, -114.2429786 51.087776, -114.2429786 51.0877767)))"
10835R WEST VALLEY RD SW,Residential,RESIDUAL WARD 1 - CALGARY WEST,S-FUD,"MULTIPOLYGON (((-114.2434972 51.087777, -114.2438482 51.0877777, -114.2438484 51.0869994, -114.2434974 51.0869987, -114.2434972 51.087777)))"
8800 68 ST SE,Farm Land,SECTION 23,S-FUD,"MULTIPOLYGON (((-113.9295365 50.9741607, -113.9295415 50.9760582, -113.9295435 50.9767913, -113.9309932 50.9767897, -113.9309951 50.9775153, -113.9309959 50.9778223, -113.9322326 50.9778219, -113.9330777 50.9778212, -113.9332191 50.9777902, -113.9333615 50.9777612, -113.933505 50.9777341, -113.9336492 50.9777089, -113.9337961 50.9776858, -113.9338421 50.9776777, -113.9338871 50.9776676, -113.9339309 50.9776556, -113.9339732 50.9776417, -113.9340139 50.9776259, -113.9340528 50.9776085, -113.9340897 50.9775893, -113.9341243 50.9775686, -113.9341566 50.9775465, -113.9341864 50.977523, -113.9342135 50.9774982, -113.9342378 50.9774723, -113.9342592 50.9774454, -113.9342776 50.9774177, -113.9342929 50.9773892, -113.934305 50.9773601, -113.9347633 50.9760841, -113.9348355 50.9758992, -113.9348314 50.9741597, -113.934829 50.973172, -113.9346682 50.9732511, -113.9344847 50.9733234, -113.9343089 50.9734053, -113.9341359 50.9734882, -113.9339691 50.9735645, -113.9338765 50.9735133, -113.9338814 50.9733729, -113.9339083 50.9732366, -113.933977 50.9731055, -113.9340468 50.9729755, -113.9341028 50.9728434, -113.9341327 50.9727067, -113.9342109 50.9725779, -113.9342963 50.9724492, -113.9344119 50.9723259, -113.9322317 50.9723278, -113.9308159 50.972329, -113.9306684 50.9723293, -113.9305353 50.9723294, -113.9295327 50.9727311, -113.9295348 50.9735118, -113.9295361 50.9740037, -113.9295365 50.9741544, -113.9295365 50.9741607)))"
150 109 ST SW,Non-Residential,RESIDUAL WARD 1 - CALGARY WEST,S-FUD,"MULTIPOLYGON (((-114.2456183 51.0844463, -114.2452799 51.084447, -114.24528 51.0846987, -114.2452802 51.0850523, -114.2452802 51.0867325, -114.2452803 51.0869202, -114.245395 51.0869204, -114.2454373 51.0869205, -114.2455661 51.0869207, -114.2456096 51.0869208, -114.2458745 51.0869212, -114.2458745 51.0868669, -114.2458745 51.0867313, -114.2458745 51.0862739, -114.2458744 51.0856486, -114.2458252 51.0855404, -114.2457812 51.0854312, -114.2457423 51.0853213, -114.2457088 51.0852107, -114.2456876 51.0851298, -114.2456693 51.0850486, -114.2456538 51.0849672, -114.2456411 51.0848856, -114.2456313 51.0848038, -114.2456243 51.0847219, -114.2456201 51.08464, -114.2456188 51.084558, -114.2456183 51.0844463)))"
10475 WEST VALLEY RD SW,Residential,RESIDUAL WARD 1 - CALGARY WEST,S-FUD,"MULTIPOLYGON (((-114.2418339 51.0865655, -114.2415864 51.0868304, -114.2416616 51.0869136, -114.2452803 51.0869202, -114.2452802 51.0867325, -114.242288 51.086728, -114.2422599 51.0867267, -114.2422323 51.0867232, -114.2422057 51.0867174, -114.2421805 51.0867095, -114.2421572 51.0866996, -114.2421362 51.0866879, -114.2421178 51.0866745, -114.2421024 51.0866597, -114.2418537 51.0863836, -114.2401449 51.0863834, -114.2401214 51.0864321, -114.2401009 51.0864813, -114.2400834 51.0865309, -114.240069 51.086581, -114.240058 51.086636, -114.2416604 51.0865724, -114.2417128 51.0865703, -114.2418339 51.0865655)))"
10375 WEST VALLEY RD SW,Residential,RESIDUAL WARD 1 - CALGARY WEST,S-FUD,"MULTIPOLYGON (((-114.2397196 51.0863865, -114.2387986 51.0863856, -114.2393201 51.0866904, -114.2393766 51.0866499, -114.2394655 51.0865857, -114.2395524 51.0865204, -114.2396371 51.086454, -114.2397196 51.0863865)))"
15300 15 ST NE,Farm Land,RESIDUAL WARD 3 - SUB AREA 3W,S-FUD,"MULTIPOLYGON (((-114.0026765 51.1947756, -114.0026768 51.1956903, -114.0027339 51.1956903, -114.0027441 51.1957379, -114.0027588 51.195785, -114.002778 51.1958315, -114.0028015 51.1958771, -114.0028293 51.1959219, -114.0028612 51.1959655, -114.0028973 51.1960079, -114.0029373 51.1960488, -114.0029811 51.1960882, -114.0030285 51.1961259, -114.0030794 51.1961617, -114.0031337 51.1961956, -114.003191 51.1962274, -114.0032513 51.1962571, -114.0033142 51.1962844, -114.0033797 51.1963094, -114.0042317 51.1966127, -114.0043407 51.1966541, -114.0044458 51.1966992, -114.0045469 51.1967479, -114.0046434 51.1968001, -114.0047351 51.1968555, -114.0048218 51.196914, -114.0049032 51.1969755, -114.0049789 51.1970397, -114.0051721 51.1972133, -114.0052199 51.1972579, -114.005265 51.1973035, -114.0053075 51.1973501, -114.0053473 51.1973976, -114.0053843 51.197446, -114.0054186 51.1974952, -114.00545 51.1975451, -114.0054785 51.1975957, -114.0055041 51.1976469, -114.0055268 51.1976987, -114.0055464 51.1977509, -114.0055631 51.1978036, -114.0055768 51.1978565, -114.0055874 51.1979098, -114.0055949 51.1979633, -114.0055994 51.1980168, -114.0101639 51.198011, -114.0104618 51.19738, -114.0105557 51.1971745, -114.0106451 51.1969682, -114.01073 51.1967612, -114.0108103 51.1965534, -114.0108861 51.1963449, -114.0109573 51.1961359, -114.011024 51.1959262, -114.011086 51.195716, -114.0111434 51.1955052, -114.0111963 51.195294, -114.0112445 51.1950824, -114.011288 51.1948703, -114.0113269 51.1946579, -114.0113612 51.1944452, -114.0113908 51.1942322, -114.0114158 51.194019, -114.0115112 51.1931368, -114.0115335 51.1929306, -114.0117667 51.1907738, -114.0026758 51.1907799, -114.0026758 51.1917211, -114.0031767 51.1917211, -114.0031767 51.1919009, -114.0031767 51.1920358, -114.0026759 51.1920359, -114.0026765 51.1947756)))"
15200 15 ST NE,Non-Residential,RESIDUAL WARD 3 - SUB AREA 3W,S-FUD,"MULTIPOLYGON (((-114.0026758 51.1918244, -114.0026759 51.1920359, -114.0031767 51.1920358, -114.0031767 51.1919009, -114.0031767 51.1917211, -114.0026758 51.1917211, -114.0026758 51.1918244)))"
10901 WEST VALLEY RD SW,Non-Residential,RESIDUAL WARD 1 - CALGARY WEST,S-FUD,"MULTIPOLYGON (((-114.2447177 51.0877794, -114.2447176 51.0880968, -114.2455871 51.0880984, -114.2455876 51.0874222, -114.2447177 51.0877794)))"
10909 WEST VALLEY RD SW,Residential,RESIDUAL WARD 1 - CALGARY WEST,S-FUD,"MULTIPOLYGON (((-114.2447177 51.0877794, -114.2455876 51.0874222, -114.2455878 51.0870027, -114.24528 51.0870021, -114.2447181 51.0870011, -114.2447177 51.0877794)))"
10701 WEST VALLEY RD SW,Non-Residential,RESIDUAL WARD 1 - CALGARY WEST,S-FUD,"MULTIPOLYGON (((-114.2412416 51.087761, -114.2412414 51.087761, -114.2411023 51.0879246, -114.2411603 51.0879443, -114.2412192 51.0879629, -114.2412791 51.0879803, -114.2413398 51.0879965, -114.2414013 51.0880115, -114.2414636 51.0880252, -114.2415265 51.0880377, -114.2415899 51.0880489, -114.241654 51.0880588, -114.2417185 51.0880674, -114.2417834 51.0880748, -114.2418486 51.0880808, -114.2419142 51.0880856, -114.2419799 51.088089, -114.2420458 51.0880911, -114.2421117 51.0880919, -114.2421487 51.0877745, -114.2412416 51.087761)))"
10707 WEST VALLEY RD SW,Residential,RESIDUAL WARD 1 - CALGARY WEST,S-FUD,"MULTIPOLYGON (((-114.2418661 51.0870258, -114.2412414 51.087761, -114.2412416 51.087761, -114.2421481 51.0877744, -114.2421487 51.0877745, -114.2422394 51.0869964, -114.2422392 51.0869964, -114.2418917 51.0869957, -114.2418661 51.0870258)))"
4010 133 ST NW,Farm Land,RESIDUAL WARD 1 - SUB AREA 1H,S-FUD,"MULTIPOLYGON (((-114.2690691 51.0959586, -114.2742594 51.0959459, -114.2746858 51.0959448, -114.2763026 51.0959462, -114.2765646 51.0959471, -114.2768212 51.0959466, -114.280526 51.0959386, -114.2805454 51.0892391, -114.2786724 51.0892365, -114.2786788 51.0903054, -114.2767185 51.0909302, -114.2746115 51.0909352, -114.2743176 51.0907882, -114.274149 51.0907039, -114.2735635 51.0907044, -114.2736051 51.090772, -114.2735963 51.0908281, -114.273384 51.0909136, -114.2731885 51.0910092, -114.2731801 51.0911577, -114.2727741 51.0912423, -114.272831 51.0912897, -114.2728761 51.0913898, -114.2729458 51.0915444, -114.2730159 51.0916998, -114.273072 51.0918243, -114.2730708 51.0918668, -114.2730659 51.0920374, -114.2730612 51.0922036, -114.2730601 51.09221, -114.2730369 51.0923459, -114.2730182 51.0924557, -114.2729993 51.0925665, -114.2729901 51.0926206, -114.272998 51.0926794, -114.2730168 51.0928195, -114.2730267 51.0928926, -114.2730777 51.0930034, -114.2731697 51.0932031, -114.2732046 51.0932789, -114.2734251 51.09376, -114.2734753 51.0938217, -114.2736338 51.0941524, -114.2737307 51.0943024, -114.2738418 51.0944741, -114.2742949 51.0947935, -114.2742525 51.0947936, -114.2740706 51.0947525, -114.27379 51.0946594, -114.2736546 51.0945928, -114.2735917 51.09457, -114.273577 51.0945455, -114.2734914 51.0945457, -114.2732892 51.0946182, -114.2731975 51.0946986, -114.2729191 51.0947259, -114.2725896 51.0946502, -114.2725644 51.0943227, -114.2724234 51.0940769, -114.2721231 51.0939669, -114.2717459 51.0941522, -114.2715607 51.0941124, -114.2715792 51.0937955, -114.2713944 51.0937425, -114.2713358 51.0937256, -114.2711882 51.093673, -114.2711379 51.0936551, -114.2709541 51.0935891, -114.2709298 51.0935804, -114.270724 51.0935153, -114.2706905 51.0935049, -114.2705384 51.0934577, -114.2704284 51.093411, -114.2703469 51.0933765, -114.2701646 51.0933275, -114.270124 51.0933167, -114.269898 51.0932797, -114.2696361 51.0933159, -114.2695635 51.0934076, -114.2694337 51.093504, -114.2692826 51.0935571, -114.2690744 51.0935542, -114.2690734 51.0938663, -114.2690728 51.0941259, -114.2690691 51.0959586)))"
2005 133 ST NW,Farm Land,RESIDUAL WARD 1 - SUB AREA 1H,S-FUD,"MULTIPOLYGON (((-114.2885764 51.089264, -114.2878632 51.0892213, -114.2808326 51.0892384, -114.2808376 51.0933818, -114.284378 51.0944736, -114.2844308 51.0959442, -114.2923275 51.0959507, -114.2923275 51.0958357, -114.2923296 51.089848, -114.2894719 51.089845, -114.2894698 51.0892618, -114.2894688 51.0892617, -114.2885764 51.089264)))"
13700 TRANS CANADA HI NW,Non-Residential,RESIDUAL WARD 1 - SUB AREA 1H,S-FUD,"MULTIPOLYGON (((-114.2884307 51.0888872, -114.2808323 51.08888, -114.2808323 51.0889894, -114.2808326 51.0892384, -114.2878632 51.0892213, -114.2885764 51.089264, -114.2894688 51.0892617, -114.2894688 51.0889975, -114.2894688 51.0888881, -114.2884307 51.0888872)))"
105 HORIZON VIEW RD SW,Farm Land,RESIDUAL WARD 1 - SUB AREA 1H,S-FUD,"MULTIPOLYGON (((-114.2808408 51.0878935, -114.2855927 51.0874879, -114.2918967 51.0874926, -114.292327 51.0875672, -114.2923248 51.08151, -114.2814914 51.0815003, -114.2808443 51.081907, -114.2808408 51.0878935)))"
6991 GLENMORE TR SE,Non-Residential,GREAT PLAINS,S-FUD,"MULTIPOLYGON (((-113.9294068 50.978292, -113.9293477 50.9782817, -113.9293469 50.9783924, -113.9295702 50.9783844, -113.9297938 50.9783799, -113.9300174 50.9783789, -113.9302455 50.9783767, -113.9304732 50.978369, -113.9307003 50.9783556, -113.9309263 50.9783365, -113.931151 50.9783119, -113.9313721 50.9782819, -113.931591 50.9782465, -113.9318076 50.9782056, -113.9320215 50.9781594, -113.9322323 50.9781078, -113.9322326 50.9778219, -113.9309959 50.9778223, -113.9308177 50.9778224, -113.9308177 50.9777452, -113.9308177 50.9776862, -113.9308031 50.977709, -113.9307472 50.9778226, -113.9307453 50.9778264, -113.9306899 50.9780215, -113.9305874 50.9781489, -113.9304214 50.9782375, -113.9302178 50.9783043, -113.9299415 50.9783566, -113.9297149 50.9783602, -113.9295114 50.9783101, -113.9294068 50.978292)))"
6921 GLENMORE TR SE,Non-Residential,SECTION 23,S-FUD,"MULTIPOLYGON (((-113.9322326 50.9778219, -113.9322329 50.9781078, -113.9323949 50.9780639, -113.9325547 50.9780169, -113.9327121 50.9779668, -113.9330777 50.9778212, -113.9322326 50.9778219)))"
14224 CENTRE ST NE,Residential,LIVINGSTON,S-FUD,"MULTIPOLYGON (((-114.0698914 51.178961, -114.0696478 51.1789314, -114.0694238 51.1789037, -114.0694161 51.1789652, -114.0694105 51.1790269, -114.0694072 51.1790887, -114.0694062 51.1791505, -114.0694062 51.1791911, -114.0694053 51.179323, -114.0694026 51.1794548, -114.0693979 51.1796275, -114.0694395 51.1796541, -114.06944 51.1798734, -114.0694024 51.1798734, -114.0693381 51.1799139, -114.0693392 51.1815347, -114.0694036 51.1815751, -114.0694491 51.181575, -114.0694494 51.1817907, -114.0694037 51.1817908, -114.0693394 51.1818312, -114.0693402 51.1829793, -114.0693402 51.1830242, -114.0693403 51.1831304, -114.0694047 51.1831707, -114.0701855 51.1831695, -114.070257 51.1831694, -114.070831 51.1831686, -114.0708734 51.1831685, -114.0708885 51.1831678, -114.0709033 51.1831658, -114.0709196 51.1831618, -114.0709347 51.1831563, -114.0709481 51.1831492, -114.0709596 51.183141, -114.0709687 51.1831316, -114.0709753 51.1831215, -114.0709792 51.1831108, -114.0709803 51.1830998, -114.0709771 51.1829924, -114.0711757 51.1829922, -114.0711839 51.1792225, -114.071184 51.1791768, -114.0711842 51.1791207, -114.0698914 51.178961)))"
13630 CENTRE ST NE,Non-Residential,LIVINGSTON,S-FUD,"MULTIPOLYGON (((-114.0696474 51.1789326, -114.0695497 51.1784224, -114.0695058 51.1784974, -114.0694653 51.1785732, -114.0694287 51.1786524, -114.069399 51.1787328, -114.0693762 51.178814, -114.0693604 51.1788959, -114.0694238 51.1789037, -114.0696474 51.1789326)))"
13630 CENTRE ST NE,Non-Residential,LIVINGSTON,S-FUD,"MULTIPOLYGON (((-114.0596829 51.1760625, -114.0596822 51.1789757, -114.0600408 51.1789305, -114.0603106 51.1788979, -114.0605705 51.1788756, -114.0608497 51.1788458, -114.061104 51.1788277, -114.0614058 51.1788028, -114.0616283 51.1787875, -114.06191 51.1787726, -114.0621945 51.1787553, -114.0624889 51.1787485, -114.0628067 51.1787364, -114.0631477 51.1787326, -114.0648112 51.1787141, -114.0649413 51.178712, -114.0676275 51.1786843, -114.0689262 51.1788425, -114.0689308 51.1788151, -114.068941 51.1787742, -114.0689572 51.1787341, -114.0689792 51.178695, -114.0690069 51.1786575, -114.0690221 51.1786377, -114.0690358 51.1786175, -114.0690477 51.1785969, -114.0690579 51.1785759, -114.0690922 51.1785023, -114.0691299 51.1784294, -114.0691708 51.1783572, -114.069215 51.1782857, -114.0693863 51.1780198, -114.0694518 51.1779145, -114.0693532 51.1774101, -114.0684411 51.1766783, -114.0682897 51.1766772, -114.0657177 51.1761136, -114.0655598 51.1760786, -114.0654377 51.1760518, -114.0596829 51.1760625)))"
9850 22 ST NE,Non-Residential,STONEY 2,S-FUD,"MULTIPOLYGON (((-114.0075157 51.1410441, -114.0075372 51.1409551, -114.0077795 51.1409782, -114.0078721 51.1410315, -114.0078704 51.1398512, -114.0075821 51.1398505, -114.0022718 51.1398517, -114.0022728 51.1415696, -114.0074865 51.1415669, -114.0077439 51.1415669, -114.0077799 51.1415669, -114.0077797 51.1411651, -114.0075157 51.1410441)))"
9850 22 ST NE,Non-Residential,STONEY 2,S-FUD,"MULTIPOLYGON (((-114.0075157 51.1410441, -114.0075372 51.1409551, -114.0077795 51.1409782, -114.0078721 51.1410315, -114.0078704 51.1398512, -114.0075821 51.1398505, -114.0022718 51.1398517, -114.0022728 51.1415696, -114.0074865 51.1415669, -114.0077439 51.1415669, -114.0077799 51.1415669, -114.0077797 51.1411651, -114.0075157 51.1410441)))"
10580 24 ST SE,Non-Residential,SHEPARD INDUSTRIAL,S-FUD,"MULTIPOLYGON (((-113.9986782 50.9610663, -113.998678 50.9622844, -114.0008858 50.9622843, -114.0008858 50.9616841, -114.0011345 50.9616841, -114.0011346 50.9590399, -114.0011334 50.9590157, -114.0011295 50.9589916, -114.0011231 50.9589677, -114.0011141 50.9589441, -114.0011027 50.958921, -114.0010888 50.9588984, -114.0010725 50.9588764, -114.0010539 50.9588552, -114.0010331 50.9588348, -114.0010102 50.9588154, -114.0009852 50.9587969, -114.0009583 50.9587796, -114.0009296 50.9587635, -114.0008993 50.9587485, -114.0008675 50.958735, -114.0008342 50.9587228, -114.0006985 50.9586769, -113.9986784 50.958678, -113.9986784 50.959052, -113.9988492 50.959052, -113.9988492 50.959088, -113.9986784 50.959088, -113.9986782 50.9610304, -113.998849 50.9610304, -113.998849 50.9610663, -113.9986782 50.9610663)))"
8605 100 ST SE,Non-Residential,RESIDUAL WARD 12 - SUB AREA 12A,S-FUD,"MULTIPOLYGON (((-113.8889003 50.9723541, -113.8888863 50.9781267, -113.8889504 50.9781268, -113.8889477 50.9790814, -113.8893173 50.9793152, -113.8895133 50.9794389, -113.8901851 50.9794388, -113.8901999 50.9723533, -113.8893342 50.972354, -113.8889003 50.9723541)))"
13800 100 ST SE,Residential,RESIDUAL WARD 12 - SUB AREA 12B,S-FUD,"MULTIPOLYGON (((-113.8886949 50.92789, -113.887236 50.9278865, -113.8871582 50.9278863, -113.8856253 50.9278827, -113.8854136 50.9278822, -113.8854033 50.9294359, -113.888659 50.9294446, -113.8886974 50.9294447, -113.8887016 50.9289152, -113.8887026 50.928786, -113.8887027 50.9287731, -113.8887032 50.9286954, -113.8886949 50.92789)))"
16550 88 ST SE,Farm Land,RESIDUAL WARD 12 - SUB AREA 12J,S-FUD,"MULTIPOLYGON (((-113.9057744 50.9054646, -113.9057728 50.9048507, -113.905769 50.9030182, -113.9038077 50.9030203, -113.9038046 50.9014746, -113.8944748 50.9014603, -113.8944748 50.901484, -113.894478 50.9023645, -113.8944811 50.9032272, -113.8944812 50.9032687, -113.8944845 50.9041729, -113.8944877 50.9050771, -113.8944913 50.906175, -113.9049776 50.9059858, -113.9057744 50.9054646)))"
9820 SHEPARD RD SE,Non-Residential,SHEPARD INDUSTRIAL,S-FUD,"MULTIPOLYGON (((-113.9839679 50.9650244, -113.9826365 50.9650265, -113.9826368 50.9651169, -113.9826355 50.9652003, -113.9826547 50.9651794, -113.9826784 50.9651605, -113.982706 50.9651438, -113.982737 50.9651297, -113.9827709 50.9651184, -113.982807 50.9651103, -113.9828444 50.9651053, -113.9828827 50.9651038, -113.982916 50.9651052, -113.9829488 50.9651091, -113.9829805 50.9651155, -113.9830109 50.9651244, -113.9830392 50.9651354, -113.9830653 50.9651486, -113.9830886 50.9651637, -113.9831088 50.9651804, -113.9831339 50.9652012, -113.9831629 50.9652199, -113.9831954 50.9652362, -113.9832307 50.9652499, -113.9832685 50.9652608, -113.9833081 50.9652686, -113.9833489 50.9652734, -113.9833904 50.9652749, -113.9834177 50.9652742, -113.9834448 50.9652721, -113.9834715 50.9652685, -113.9834978 50.9652637, -113.9835689 50.9652472, -113.9836387 50.9652286, -113.9837986 50.9651827, -113.9838338 50.9651709, -113.983866 50.9651561, -113.9838947 50.9651386, -113.9839192 50.9651188, -113.9839391 50.9650971, -113.9839541 50.9650738, -113.9839637 50.9650494, -113.9839679 50.9650244)))"
20875 SHERIFF KING GV SW,Residential,BELMONT,S-FUD,"MULTIPOLYGON (((-114.0536074 50.8704207, -114.0536198 50.8663677, -114.0518883 50.8663654, -114.051893 50.8646638, -114.0518956 50.8637379, -114.0518957 50.8637024, -114.0517556 50.8637467, -114.0516171 50.863793, -114.0515426 50.8638185, -114.0507401 50.8640933, -114.050622 50.864133, -114.0505029 50.8641714, -114.0503828 50.8642085, -114.0502618 50.8642444, -114.0501398 50.864279, -114.0500169 50.8643123, -114.0498931 50.8643444, -114.0497686 50.8643751, -114.0496432 50.8644045, -114.0495171 50.8644326, -114.0493902 50.8644594, -114.0492627 50.8644848, -114.0491345 50.8645089, -114.0490057 50.8645316, -114.0488763 50.864553, -114.0487464 50.8645731, -114.0479116 50.8646971, -114.0479063 50.866753, -114.0479666 50.8668317, -114.048029 50.8669098, -114.0480936 50.8669871, -114.0481603 50.8670637, -114.0482291 50.8671396, -114.0482999 50.8672147, -114.0483728 50.8672891, -114.0484478 50.8673626, -114.0485247 50.8674353, -114.0486037 50.8675071, -114.0486845 50.8675781, -114.0487674 50.8676482, -114.0488521 50.8677173, -114.0489388 50.8677855, -114.0490272 50.8678528, -114.0491176 50.8679191, -114.0504864 50.8689059, -114.0504197 50.8689429, -114.0524689 50.87042, -114.0536074 50.8704207)))"
20875 SHERIFF KING GV SW,Residential,BELMONT,S-FUD,"MULTIPOLYGON (((-114.0479144 50.8635717, -114.0479124 50.8643646, -114.0486294 50.8642581, -114.0488059 50.8642304, -114.0489813 50.8642001, -114.0491555 50.8641671, -114.0493283 50.8641315, -114.0488705 50.8640184, -114.0479144 50.8635717)))"
16201 69 ST SW,Residential,RESIDUAL WARD 13 - SUB AREA 13A,S-FUD,"MULTIPOLYGON (((-114.1981248 50.9081041, -114.1968135 50.9081045, -114.1967423 50.9081045, -114.1937673 50.9081053, -114.1937645 50.909202, -114.1941198 50.9092019, -114.1942336 50.9092019, -114.1981222 50.9092009, -114.1981248 50.9081041)))"
16011 69 ST SW,Farm Land,RESIDUAL WARD 13 - SUB AREA 13A,S-FUD,"MULTIPOLYGON (((-114.1981103 50.9140541, -114.1981222 50.9092009, -114.1942336 50.9092019, -114.1941198 50.9092019, -114.1937645 50.909202, -114.1937673 50.9081053, -114.1967423 50.9081045, -114.1968135 50.9081045, -114.1981248 50.9081041, -114.1981278 50.9068656, -114.1981279 50.9068207, -114.1967407 50.906821, -114.1966696 50.9068211, -114.1867346 50.9068231, -114.1867345 50.9068685, -114.1867206 50.9111732, -114.1867204 50.9112451, -114.1867113 50.9140479, -114.1981103 50.9140541)))"
7535 114 AV SE,Non-Residential,EAST SHEPARD INDUSTRIAL,S-FUD,"MULTIPOLYGON (((-113.92717 50.9495216, -113.9271112 50.9494934, -113.9270504 50.949467, -113.9269876 50.9494424, -113.9269231 50.9494198, -113.926857 50.949399, -113.9267894 50.9493803, -113.9267204 50.9493636, -113.9266503 50.949349, -113.9265791 50.9493364, -113.9265071 50.949326, -113.9264344 50.9493178, -113.9263612 50.9493117, -113.9262875 50.9493078, -113.9262137 50.9493062, -113.9261398 50.9493067, -113.9260661 50.9493094, -113.9259926 50.9493143, -113.9259196 50.9493214, -113.9258472 50.9493306, -113.9257756 50.949342, -113.9257049 50.9493556, -113.9256353 50.9493712, -113.9255669 50.9493888, -113.9255 50.9494085, -113.9254346 50.9494302, -113.9253709 50.9494537, -113.925309 50.9494792, -113.9252491 50.9495064, -113.9251914 50.9495354, -113.9251358 50.9495661, -113.9250827 50.9495984, -113.925032 50.9496323, -113.9259826 50.9501745, -113.925592 50.950447, -113.928922 50.9504402, -113.9289218 50.950404, -113.92717 50.9495216)))"
14045 36 ST NE,Farm Land,STONEY 4,S-FUD,"MULTIPOLYGON (((-113.9818055 51.1778771, -113.9818045 51.181559, -113.9933034 51.1815544, -113.9932994 51.1785418, -113.991792 51.1778873, -113.9908978 51.1778864, -113.9818055 51.1778771)))"
629R JAMES MCKEVITT RD SW,Non-Residential,MILLRISE,S-FUD,"MULTIPOLYGON (((-114.0741421 50.9209435, -114.0743591 50.9209435, -114.0745761 50.9209435, -114.0747931 50.9209435, -114.0747931 50.9208888, -114.0741422 50.9208887, -114.0741421 50.9209435)))"
6325 17 AV SW,Non-Residential,SIGNAL HILL,S-FUD,"MULTIPOLYGON (((-114.1776006 51.0363546, -114.177914 51.036574, -114.1782253 51.036643, -114.1782572 51.0366479, -114.17829 51.0366489, -114.1783225 51.0366459, -114.1783534 51.0366391, -114.1783818 51.0366287, -114.1784064 51.036615, -114.1784264 51.0365987, -114.1784411 51.0365802, -114.1785363 51.0364261, -114.1785569 51.0363567, -114.1776006 51.0363546)))"
13700 100 ST SE,Residential,RESIDUAL WARD 12 - SUB AREA 12B,S-FUD,"MULTIPOLYGON (((-113.8844945 50.9304473, -113.8861491 50.9309246, -113.8884347 50.9313586, -113.8886969 50.9313606, -113.8886974 50.9294447, -113.888659 50.9294446, -113.8854033 50.9294359, -113.8854136 50.9278822, -113.8822284 50.9278904, -113.8819888 50.9280856, -113.8818537 50.9286229, -113.8820511 50.9289118, -113.883211 50.9296553, -113.8844945 50.9304473)))"
10421 WEST VALLEY RD SW,Residential,RESIDUAL WARD 1 - CALGARY WEST,S-FUD,"MULTIPOLYGON (((-114.2378621 51.0858384, -114.2387986 51.0863856, -114.2397196 51.0863865, -114.2401449 51.0863834, -114.2418537 51.0863836, -114.2421024 51.0866597, -114.2421178 51.0866745, -114.2421362 51.0866879, -114.2421572 51.0866996, -114.2421805 51.0867095, -114.2422057 51.0867174, -114.2422323 51.0867232, -114.2422599 51.0867267, -114.242288 51.086728, -114.2452802 51.0867325, -114.2452802 51.0850523, -114.24528 51.0846987, -114.2452799 51.084447, -114.2450296 51.0842587, -114.2448975 51.0842921, -114.244767 51.0843276, -114.244638 51.0843653, -114.2445106 51.0844051, -114.244385 51.084447, -114.2442612 51.084491, -114.2441393 51.0845371, -114.2440193 51.0845852, -114.2439875 51.0845984, -114.2438195 51.0846688, -114.2431128 51.0849649, -114.2430364 51.0849957, -114.2429582 51.0850248, -114.2428784 51.085052, -114.2427971 51.0850773, -114.2427143 51.0851008, -114.2426303 51.0851223, -114.242545 51.0851419, -114.2424586 51.0851595, -114.2423713 51.0851751, -114.2422831 51.0851887, -114.2421942 51.0852002, -114.2421046 51.0852097, -114.2420146 51.0852171, -114.2419242 51.0852224, -114.2418336 51.0852257, -114.2417428 51.0852268, -114.238072 51.085232, -114.2378621 51.0858384)))"
10421 WEST VALLEY RD SW,Residential,RESIDUAL WARD 1 - CALGARY WEST,S-FUD,"MULTIPOLYGON (((-114.2455123 51.0837912, -114.2455305 51.083772, -114.2455511 51.0837538, -114.2455738 51.0837366, -114.2455986 51.0837206, -114.2456254 51.0837059, -114.2456539 51.0836926, -114.2456839 51.0836806, -114.2457154 51.0836702, -114.2457476 51.0836589, -114.2457771 51.083645, -114.2458035 51.0836288, -114.2458263 51.0836105, -114.2458451 51.0835906, -114.2458596 51.0835693, -114.2458696 51.083547, -114.2458748 51.083524, -114.2458752 51.0815334, -114.2418791 51.0815267, -114.2418863 51.0837972, -114.2418902 51.0848609, -114.2419509 51.0848574, -114.2420115 51.0848526, -114.2420718 51.0848466, -114.2421317 51.0848394, -114.2421913 51.084831, -114.2422504 51.0848214, -114.2423089 51.0848107, -114.2423669 51.0847987, -114.2424243 51.0847856, -114.2424809 51.0847714, -114.2425368 51.084756, -114.2425919 51.0847395, -114.2426462 51.0847219, -114.2426995 51.0847033, -114.2427518 51.0846836, -114.2428031 51.0846628, -114.2432725 51.0844661, -114.2434722 51.0843824, -114.2436713 51.084299, -114.2438079 51.0842434, -114.2439468 51.0841902, -114.244088 51.0841395, -114.2442313 51.0840912, -114.2443767 51.0840454, -114.2445241 51.0840021, -114.2446732 51.0839613, -114.2448241 51.0839232, -114.2449057 51.0839015, -114.2449883 51.0838816, -114.2450721 51.0838636, -114.2451567 51.0838474, -114.2452423 51.083833, -114.2453285 51.0838206, -114.2454154 51.08381, -114.2455029 51.0838014, -114.2455123 51.0837912)))"
10707 15 ST SE,Non-Residential,MAPLE RIDGE,S-FUD,"MULTIPOLYGON (((-114.0258459 50.9609315, -114.0258456 50.9609495, -114.029904 50.9609706, -114.0298987 50.9609531, -114.029861 50.9608361, -114.0300229 50.960837, -114.0298248 50.9605823, -114.029678 50.9603286, -114.029652 50.9602779, -114.0295777 50.9601329, -114.0287834 50.9585828, -114.028586 50.9581976, -114.0285043 50.9580382, -114.0285232 50.9580093, -114.0285268 50.9580038, -114.0285654 50.9579446, -114.0285969 50.9578964, -114.0287118 50.9577204, -114.0282448 50.9570166, -114.0279399 50.9567528, -114.0276934 50.9566287, -114.0275781 50.9566318, -114.0274627 50.9566317, -114.0274566 50.9566316, -114.0274522 50.9566315, -114.02738 50.9566297, -114.0273783 50.9566296, -114.0272573 50.9566238, -114.0271803 50.9566183, -114.0271657 50.9566171, -114.0270556 50.9566064, -114.026987 50.9565982, -114.0269187 50.9565889, -114.0268392 50.9565765, -114.0267603 50.9565627, -114.0266821 50.9565473, -114.0266047 50.9565305, -114.0265281 50.9565122, -114.0264524 50.9564924, -114.0263778 50.9564712, -114.0263041 50.9564486, -114.0262316 50.9564246, -114.0261603 50.9563993, -114.0260903 50.9563725, -114.0260216 50.9563445, -114.0259542 50.9563151, -114.0258883 50.9562845, -114.0258239 50.9562526, -114.0257611 50.9562195, -114.0256955 50.9562143, -114.0256308 50.9562061, -114.0255671 50.9561951, -114.0255048 50.9561812, -114.0254443 50.9561645, -114.0253859 50.9561451, -114.0253297 50.9561232, -114.0252762 50.9560988, -114.0252212 50.956049, -114.0251681 50.9559982, -114.0251172 50.9559467, -114.0250683 50.9558943, -114.0250216 50.9558412, -114.0249771 50.9557874, -114.0249348 50.9557328, -114.0248947 50.9556776, -114.0248386 50.9555956, -114.0247851 50.955513, -114.0247341 50.9554297, -114.0246857 50.9553458, -114.0246398 50.9552613, -114.0245966 50.9551763, -114.024556 50.9550908, -114.024518 50.9550048, -114.0241309 50.9540945, -114.0233287 50.9534749, -114.0211127 50.9529949, -114.0210799 50.9529878, -114.0211777 50.9532479, -114.021234 50.9533968, -114.0212565 50.9534656, -114.0212921 50.9535749, -114.0213586 50.9536891, -114.0213903 50.9537437, -114.0214326 50.9538164, -114.0214885 50.9539124, -114.0216134 50.954075, -114.0217383 50.9542376, -114.0218632 50.9544001, -114.0219512 50.9545874, -114.0222747 50.9547273, -114.0224177 50.9548838, -114.0225722 50.9550351, -114.0227037 50.9551968, -114.0227494 50.9552532, -114.0228351 50.9553586, -114.022987 50.9554897, -114.0229891 50.95559, -114.0230486 50.9556682, -114.0231139 50.9557539, -114.0232252 50.9559203, -114.0233501 50.9560841, -114.0234614 50.9562506, -114.0235722 50.9564162, -114.023672 50.9565666, -114.023759 50.956683, -114.0239254 50.9567135, -114.023996 50.9569431, -114.0240594 50.9568282, -114.0241402 50.9566817, -114.0242034 50.9569308, -114.0242012 50.9569828, -114.0241883 50.9572839, -114.0241628 50.9574907, -114.024095 50.9577019, -114.0240549 50.9577909, -114.0240714 50.9579731, -114.0241502 50.958146, -114.024236 50.958318, -114.0243148 50.9584909, -114.0244211 50.9586588, -114.0244629 50.958727, -114.0245748 50.9588603, -114.024517 50.9590067, -114.0244089 50.9591146, -114.0244067 50.959163, -114.0245475 50.9591638, -114.0246331 50.9591642, -114.024812 50.9591652, -114.0261162 50.9591722, -114.0276239 50.9599474, -114.0276159 50.9605502, -114.0276122 50.9608241, -114.0258474 50.9608146, -114.0258459 50.9609315)))"
9918 SHEPARD RD SE,Non-Residential,SHEPARD INDUSTRIAL,S-FUD,"MULTIPOLYGON (((-113.9827061 50.9638095, -113.9826897 50.9637991, -113.9826709 50.9637905, -113.9826501 50.963784, -113.9826279 50.9637796, -113.9826049 50.9637775, -113.9825817 50.9637778, -113.9825588 50.9637804, -113.9825369 50.9637853, -113.9825165 50.9637924, -113.9824982 50.9638014, -113.9824825 50.9638122, -113.9824697 50.9638244, -113.9824602 50.9638377, -113.9824542 50.9638519, -113.9824519 50.9638665, -113.9824534 50.9638811, -113.9826352 50.9646841, -113.9826365 50.9650265, -113.9839679 50.9650244, -113.9839659 50.9650006, -113.983959 50.9649771, -113.9839472 50.9649544, -113.9839307 50.9649328, -113.983424 50.9643464, -113.9827061 50.9638095)))"
9395 GLENMORE TR SE,Farm Land,RESIDUAL WARD 12 - SUB AREA 12A,S-FUD,"MULTIPOLYGON (((-113.8901851 50.9794388, -113.8917571 50.9794383, -113.8917571 50.9794653, -113.893739 50.9794647, -113.8959995 50.9794639, -113.8961973 50.9794639, -113.8961973 50.9794889, -113.8969514 50.9794886, -113.8983978 50.9794881, -113.900337 50.9794874, -113.9005978 50.9794873, -113.9036369 50.9766801, -113.9081205 50.9725377, -113.908791 50.9723456, -113.9068396 50.9723465, -113.9061811 50.9723468, -113.9055133 50.9723471, -113.9054428 50.9723472, -113.9037078 50.9723479, -113.9005761 50.9723493, -113.9003409 50.972349, -113.8990101 50.9723499, -113.8974442 50.9723506, -113.8943125 50.9723518, -113.8942257 50.9723519, -113.8921118 50.9723526, -113.8901999 50.9723533, -113.8901851 50.9794388)))"
8550 100 ST SE,Farm Land,RESIDUAL WARD 12 - SUB AREA 12A,S-FUD,"MULTIPOLYGON (((-113.8694607 50.9795791, -113.8703698 50.9795791, -113.8703698 50.9794887, -113.8770674 50.9794883, -113.8824652 50.9794912, -113.8826163 50.9794912, -113.8826163 50.9794509, -113.8827215 50.9794509, -113.8836331 50.9794508, -113.888107 50.9794507, -113.8884844 50.9791669, -113.8884868 50.9781102, -113.8884893 50.9769419, -113.8886022 50.976942, -113.8886119 50.9723536, -113.8884793 50.9723536, -113.8815088 50.9723526, -113.8802157 50.9723524, -113.878683 50.9723521, -113.8770807 50.9723518, -113.8735045 50.972351, -113.8655505 50.9723489, -113.8655392 50.9794887, -113.8694607 50.9794887, -113.8694607 50.9795791)))"
4615 84 ST SE,Non-Residential,RESIDUAL WARD 9 - SUB AREA 9Q,S-FUD,"MULTIPOLYGON (((-113.9235433 51.0205941, -113.9235425 51.0231888, -113.9235426 51.0233257, -113.9292838 51.023325, -113.9350258 51.0233241, -113.9350258 51.023187, -113.9350263 51.0163429, -113.9316772 51.0164149, -113.9275959 51.016502, -113.9275034 51.0165047, -113.9274111 51.0165088, -113.9273189 51.0165141, -113.927227 51.0165209, -113.9271354 51.0165289, -113.927044 51.0165383, -113.926953 51.016549, -113.9268625 51.016561, -113.9267724 51.0165743, -113.9266828 51.0165889, -113.9265937 51.0166048, -113.9265053 51.016622, -113.9264175 51.0166404, -113.9263305 51.0166602, -113.9262441 51.0166811, -113.9261586 51.0167034, -113.9260739 51.0167268, -113.9259901 51.0167515, -113.9259072 51.0167774, -113.9258252 51.0168044, -113.9257443 51.0168327, -113.9256644 51.0168621, -113.9255857 51.0168927, -113.925508 51.0169244, -113.9254316 51.0169572, -113.9253563 51.0169911, -113.9252823 51.0170261, -113.9252097 51.0170621, -113.9251383 51.0170992, -113.9250683 51.0171373, -113.9249998 51.0171764, -113.9249327 51.0172165, -113.9248671 51.0172576, -113.924803 51.0172995, -113.9247404 51.0173425, -113.9246794 51.0173863, -113.9246201 51.0174309, -113.9245624 51.0174764, -113.9245063 51.0175228, -113.924452 51.0175699, -113.9243994 51.0176178, -113.9243486 51.0176665, -113.9242996 51.0177159, -113.9242524 51.017766, -113.924207 51.0178167, -113.9241636 51.0178681, -113.924122 51.0179201, -113.9240823 51.0179727, -113.9240445 51.0180259, -113.9240087 51.0180796, -113.9239749 51.0181337, -113.923943 51.0181884, -113.9239132 51.0182435, -113.9238854 51.0182991, -113.9238596 51.018355, -113.9238359 51.0184112, -113.9238142 51.0184678, -113.9237946 51.0185247, -113.9237771 51.0185819, -113.9237617 51.0186393, -113.9237484 51.0186969, -113.9237372 51.0187547, -113.9237282 51.0188127, -113.9237212 51.0188707, -113.9236347 51.0197081, -113.9235435 51.0197081, -113.9235433 51.0205941)))"
13433 15 ST NE,Residential,STONEY 4,S-FUD,"MULTIPOLYGON (((-114.0250805 51.1741323, -114.0250808 51.1744715, -114.0253228 51.174475, -114.0287659 51.1745261, -114.02954420001319 51.174059800811875, -114.0250805 51.1741323)))"
13150 TRANS CANADA HI NW,Non-Residential,RESIDUAL WARD 1 - SUB AREA 1H,S-FUD,"MULTIPOLYGON (((-114.2767185 51.0909302, -114.2786788 51.0903054, -114.2786724 51.0892365, -114.2756021 51.089233, -114.2756033 51.0894347, -114.2754129 51.0898199, -114.2747206 51.0905001, -114.2743176 51.0907882, -114.2746115 51.0909352, -114.2767185 51.0909302)))"
4001 84 ST SE,Farm Land,RESIDUAL WARD 9 - SUB AREA 9Q,S-FUD,"MULTIPOLYGON (((-113.9122039 51.0162808, -113.9122032 51.0195019, -113.9122014 51.0233287, -113.9152057 51.0233263, -113.915206 51.0174262, -113.9152055 51.0168859, -113.9145993 51.0166505, -113.9122039 51.0162808)))"
5225 101 ST NW,Non-Residential,RESIDUAL WARD 1 - SUB AREA 1B,S-FUD,"MULTIPOLYGON (((-114.2458619 51.1027466, -114.2566809 51.1033143, -114.2566812 51.1031489, -114.2566811 51.1028101, -114.256664 51.102808, -114.2565939 51.102788, -114.256546 51.1027791, -114.256493 51.1027459, -114.2564407 51.1027227, -114.2563949 51.1027133, -114.2563463 51.1027075, -114.256297 51.1027076, -114.2562448 51.1027032, -114.2562005 51.1026887, -114.2561547 51.1026743, -114.256109 51.1026644, -114.2560582 51.1026554, -114.2560147 51.1026464, -114.2559733 51.1026346, -114.2559225 51.1026243, -114.2558739 51.1026153, -114.2558216 51.1026077, -114.2557752 51.1026005, -114.2557229 51.1025893, -114.2556852 51.1025798, -114.2556358 51.1025685, -114.2555916 51.1025595, -114.2555458 51.1025514, -114.2554972 51.102542, -114.2554479 51.1025353, -114.2553949 51.1025272, -114.2553383 51.1025238, -114.2552905 51.1025244, -114.2552448 51.1025186, -114.2551998 51.1025041, -114.2551511 51.1024933, -114.2551018 51.1024847, -114.2550503 51.1024758, -114.2550053 51.1024677, -114.2549552 51.1024569, -114.2549095 51.1024474, -114.2548587 51.1024421, -114.2548195 51.1024372, -114.2547789 51.1024332, -114.2547288 51.1024251, -114.254678 51.1024148, -114.2546301 51.1024049, -114.2545742 51.102395, -114.2545249 51.1023888, -114.2544799 51.102383, -114.2544313 51.1023786, -114.2543798 51.1023742, -114.2543297 51.1023643, -114.2542746 51.1023585, -114.2542209 51.1023532, -114.2541716 51.1023511, -114.2541179 51.102343, -114.2540714 51.1023299, -114.2540206 51.1023172, -114.2539691 51.1023078, -114.2539213 51.1023075, -114.2538712 51.1023045, -114.2538226 51.1022991, -114.2537703 51.102286, -114.2537217 51.1022752, -114.2536673 51.1022718, -114.2536187 51.1022669, -114.2535672 51.1022629, -114.2535186 51.1022617, -114.2534715 51.10226, -114.2534258 51.1022593, -114.2533786 51.102253, -114.2533336 51.102234, -114.2532864 51.1022236, -114.2532371 51.1022192, -114.25319 51.102223, -114.2531457 51.102225, -114.2530906 51.1022247, -114.2530348 51.1022262, -114.2529819 51.1022259, -114.252934 51.1022275, -114.2528862 51.1022271, -114.2528368 51.1022236, -114.2527853 51.102211, -114.2527366 51.1021943, -114.2526924 51.1021821, -114.2526401 51.1021722, -114.2525886 51.102165, -114.2525407 51.1021601, -114.2524892 51.1021493, -114.2524413 51.1021394, -114.2523912 51.1021309, -114.2523506 51.1021246, -114.252294 51.1021175, -114.2522447 51.1021122, -114.2521924 51.1021046, -114.2521431 51.1020983, -114.2520959 51.1020944, -114.2520474 51.1020909, -114.2519987 51.1020841, -114.251945 51.1020734, -114.2518964 51.1020635, -114.2518449 51.102054, -114.2517963 51.1020423, -114.251752 51.1020305, -114.2516997 51.102022, -114.2516518 51.1020158, -114.2516069 51.1020127, -114.2515583 51.1020069, -114.2515031 51.1020012, -114.2514516 51.1019954, -114.251395 51.1019873, -114.251345 51.1019779, -114.2513 51.1019684, -114.2512557 51.1019567, -114.2512114 51.1019431, -114.2511606 51.1019332, -114.2511098 51.101927, -114.2510583 51.1019212, -114.251009 51.1019168, -114.2509734 51.1019128, -114.2509219 51.1019029, -114.2508276 51.1018886, -114.2507782 51.1018773, -114.2507281 51.1018692, -114.2506737 51.1018644, -114.2506186 51.101854, -114.2505751 51.1018469, -114.2505264 51.1018356, -114.2504785 51.1018211, -114.2504299 51.101808, -114.2503769 51.1018032, -114.2503262 51.1018001, -114.2502739 51.1017971, -114.2502267 51.1017844, -114.2501854 51.1017736, -114.2501346 51.1017642, -114.2500874 51.1017524, -114.2500308 51.1017384, -114.2499843 51.1017276, -114.2499371 51.1017172, -114.2498805 51.1017101, -114.2498261 51.1017002, -114.2497796 51.1016825, -114.2497347 51.1016763, -114.249681 51.1016691, -114.2496324 51.1016633, -114.2495837 51.1016548, -114.2495337 51.1016445, -114.2494822 51.1016359, -114.2494509 51.1016292, -114.2494067 51.1016229, -114.249361 51.1016135, -114.2493174 51.1016017, -114.2492746 51.1015909, -114.2492303 51.1015796, -114.2491773 51.1015725, -114.2491251 51.101574, -114.2490722 51.1015723, -114.2490221 51.1015615, -114.2489699 51.1015589, -114.2489155 51.101555, -114.2488712 51.1015451, -114.2488219 51.1015334, -114.2487653 51.1015221, -114.2487144 51.1014896, -114.24848 51.1014503, -114.2482056 51.1014175, -114.2479299 51.1013734, -114.2477187 51.1013235, -114.247494 51.1012785, -114.2472283 51.1012006, -114.247178 51.1011729, -114.247188 51.1011417, -114.2472322 51.1011256, -114.2472793 51.1011209, -114.24733 51.1011216, -114.2473816 51.1011265, -114.2474316 51.1011337, -114.2474795 51.1011449, -114.2475311 51.101159, -114.247584 51.1011702, -114.2476334 51.1011774, -114.247682 51.1011864, -114.2477277 51.101194, -114.2477822 51.1012071, -114.2477972 51.1011769, -114.2477798 51.1011705, -114.2477254 51.1011647, -114.247671 51.1011585, -114.2476209 51.1011491, -114.2475679 51.1011383, -114.2475171 51.101127, -114.2474627 51.1011043, -114.2474176 51.1010738, -114.2473639 51.1010658, -114.2473218 51.1010618, -114.2472674 51.1010446, -114.2472151 51.1010183, -114.2471708 51.1010029, -114.2471178 51.1009934, -114.2470699 51.1009812, -114.2470213 51.10097, -114.246969 51.1009578, -114.2469189 51.1009447, -114.2468666 51.1009288, -114.246818 51.1009089, -114.2467635 51.1008899, -114.2467127 51.1008722, -114.2466822 51.1008604, -114.2466393 51.1008445, -114.2465834 51.1008205, -114.2465355 51.100801, -114.246481 51.1007742, -114.246425 51.1007437, -114.2463763 51.1007165, -114.2463458 51.1007015, -114.2462935 51.1006765, -114.2462484 51.100652, -114.2461947 51.1006284, -114.2461461 51.1006176, -114.2461076 51.10062, -114.2460619 51.1006068, -114.2460089 51.100581, -114.2459573 51.1005542, -114.245902 51.1005255, -114.2458651 51.1005084, -114.2458454 51.1004992, -114.2457938 51.1004783, -114.2457437 51.100463, -114.2457001 51.1004466, -114.2456449 51.1004285, -114.2455942 51.1004209, -114.2455412 51.1004055, -114.2454976 51.1003901, -114.2454475 51.1003738, -114.2454017 51.100358, -114.2453509 51.1003371, -114.2453059 51.1003167, -114.2452637 51.1002999, -114.2452122 51.1002804, -114.2451635 51.10026, -114.2451156 51.1002387, -114.2450727 51.1002182, -114.2450182 51.1001919, -114.2449666 51.1001687, -114.2449223 51.1001469, -114.24487 51.1001233, -114.2448257 51.1001079, -114.2447764 51.1000957, -114.2447306 51.1000858, -114.2446842 51.1000732, -114.2446399 51.1000587, -114.244592 51.1000433, -114.2445397 51.1000275, -114.2444933 51.1000148, -114.2444453 51.099998, -114.244401 51.0999772, -114.2443559 51.0999462, -114.2443195 51.0999166, -114.244273 51.0998884, -114.2442207 51.0998616, -114.2441662 51.0998362, -114.2441096 51.0998112, -114.2440551 51.0997876, -114.2440086 51.099769, -114.2439592 51.0997463, -114.2439069 51.0997109, -114.2438646 51.0996753, -114.2438348 51.0996503, -114.2437927 51.0996312, -114.2437375 51.0996122, -114.2437019 51.0996013, -114.2436489 51.0995878, -114.2435829 51.0995734, -114.2435321 51.0995607, -114.2434769 51.099544, -114.2434363 51.0995318, -114.2434 51.0995209, -114.2433571 51.0995087, -114.2433078 51.0994951, -114.2432511 51.0994743, -114.2432112 51.0994607, -114.2431676 51.0994448, -114.2431299 51.0994331, -114.243074 51.0994141, -114.2430188 51.0993923, -114.2429687 51.0993755, -114.2429171 51.0993547, -114.2428692 51.0993379, -114.2428184 51.0993166, -114.242774 51.0992943, -114.2427457 51.0992802, -114.2426985 51.099253, -114.2426519 51.0992229, -114.2426105 51.0991902, -114.2425712 51.0991583, -114.2425217 51.0991228, -114.2424745 51.0990914, -114.2424287 51.0990765, -114.2423728 51.0990561, -114.2423213 51.0990329, -114.2422689 51.0989992, -114.2422209 51.0989738, -114.2421868 51.0989611, -114.2421556 51.0989484, -114.2421113 51.0989312, -114.242067 51.0989171, -114.2420133 51.0989004, -114.2419683 51.0988845, -114.2419225 51.098865, -114.2418702 51.0988423, -114.2418194 51.0988256, -114.2417686 51.0988084, -114.2417221 51.0987911, -114.2416654 51.0987639, -114.2416189 51.0987348, -114.2415753 51.0987057, -114.2415287 51.0986761, -114.2414764 51.0986447, -114.2414285 51.0986202, -114.2413732 51.0985925, -114.2413239 51.0985743, -114.2412832 51.0985608, -114.2412324 51.0985509, -114.2411845 51.0985423, -114.2411366 51.098532, -114.2410829 51.0985193, -114.2410263 51.0984957, -114.2409819 51.0984675, -114.2409347 51.0984361, -114.2408918 51.0984166, -114.2408577 51.098408, -114.2407965 51.0983785, -114.2407461 51.0983546, -114.2407008 51.0983348, -114.2406445 51.0983077, -114.2405932 51.0982747, -114.2405398 51.0982472, -114.2404931 51.0982278, -114.2404449 51.0982071, -114.2403923 51.0981832, -114.2403404 51.0981589, -114.2402973 51.0981368, -114.2402468 51.098112, -114.2402001 51.0980935, -114.2401454 51.0980765, -114.2401016 51.0980594, -114.2400593 51.0980423, -114.2400134 51.098027, -114.2399623 51.0980109, -114.2399077 51.0979957, -114.2398647 51.0979854, -114.239813 51.097967, -114.2397677 51.0979508, -114.2397225 51.0979324, -114.2396736 51.0979153, -114.2396248 51.0979046, -114.2395797 51.0978958, -114.2395477 51.0978886, -114.2394938 51.0978785, -114.2394458 51.0978705, -114.2393913 51.0978603, -114.2392895 51.0978472, -114.2392358 51.0978434, -114.2391835 51.09784, -114.2391341 51.0978335, -114.2390832 51.0978255, -114.2390338 51.0978217, -114.2389831 51.0978256, -114.2389281 51.097836, -114.2388789 51.0978445, -114.2388282 51.0978461, -114.2387745 51.0978441, -114.2387258 51.0978421, -114.2386757 51.097836, -114.2386255 51.0978281, -114.2385877 51.0978237, -114.2385311 51.0978181, -114.2384831 51.0978097, -114.2384365 51.0978008, -114.2383871 51.0977952, -114.2383487 51.0977981, -114.2382944 51.0978071, -114.2382436 51.0978047, -114.2381949 51.0977985, -114.2381448 51.0977956, -114.2380961 51.097789, -114.2380445 51.0977839, -114.2380089 51.0977795, -114.2379559 51.0977752, -114.2379029 51.0977742, -114.2378507 51.0977731, -114.2378122 51.0977701, -114.2377393 51.0977517, -114.2373088 51.0977323, -114.2368803 51.0977349, -114.2364548 51.097772, -114.2364432 51.0977734, -114.2363366 51.0989653, -114.2351835 51.099378, -114.2343821 51.1001125, -114.2356664 51.1020735, -114.2356664 51.1022103, -114.2458619 51.1027466)))"
5225 101 ST NW,Non-Residential,RESIDUAL WARD 1 - SUB AREA 1B,S-FUD,"MULTIPOLYGON (((-114.2458619 51.1027466, -114.2566809 51.1033143, -114.2566812 51.1031489, -114.2566811 51.1028101, -114.256664 51.102808, -114.2565939 51.102788, -114.256546 51.1027791, -114.256493 51.1027459, -114.2564407 51.1027227, -114.2563949 51.1027133, -114.2563463 51.1027075, -114.256297 51.1027076, -114.2562448 51.1027032, -114.2562005 51.1026887, -114.2561547 51.1026743, -114.256109 51.1026644, -114.2560582 51.1026554, -114.2560147 51.1026464, -114.2559733 51.1026346, -114.2559225 51.1026243, -114.2558739 51.1026153, -114.2558216 51.1026077, -114.2557752 51.1026005, -114.2557229 51.1025893, -114.2556852 51.1025798, -114.2556358 51.1025685, -114.2555916 51.1025595, -114.2555458 51.1025514, -114.2554972 51.102542, -114.2554479 51.1025353, -114.2553949 51.1025272, -114.2553383 51.1025238, -114.2552905 51.1025244, -114.2552448 51.1025186, -114.2551998 51.1025041, -114.2551511 51.1024933, -114.2551018 51.1024847, -114.2550503 51.1024758, -114.2550053 51.1024677, -114.2549552 51.1024569, -114.2549095 51.1024474, -114.2548587 51.1024421, -114.2548195 51.1024372, -114.2547789 51.1024332, -114.2547288 51.1024251, -114.254678 51.1024148, -114.2546301 51.1024049, -114.2545742 51.102395, -114.2545249 51.1023888, -114.2544799 51.102383, -114.2544313 51.1023786, -114.2543798 51.1023742, -114.2543297 51.1023643, -114.2542746 51.1023585, -114.2542209 51.1023532, -114.2541716 51.1023511, -114.2541179 51.102343, -114.2540714 51.1023299, -114.2540206 51.1023172, -114.2539691 51.1023078, -114.2539213 51.1023075, -114.2538712 51.1023045, -114.2538226 51.1022991, -114.2537703 51.102286, -114.2537217 51.1022752, -114.2536673 51.1022718, -114.2536187 51.1022669, -114.2535672 51.1022629, -114.2535186 51.1022617, -114.2534715 51.10226, -114.2534258 51.1022593, -114.2533786 51.102253, -114.2533336 51.102234, -114.2532864 51.1022236, -114.2532371 51.1022192, -114.25319 51.102223, -114.2531457 51.102225, -114.2530906 51.1022247, -114.2530348 51.1022262, -114.2529819 51.1022259, -114.252934 51.1022275, -114.2528862 51.1022271, -114.2528368 51.1022236, -114.2527853 51.102211, -114.2527366 51.1021943, -114.2526924 51.1021821, -114.2526401 51.1021722, -114.2525886 51.102165, -114.2525407 51.1021601, -114.2524892 51.1021493, -114.2524413 51.1021394, -114.2523912 51.1021309, -114.2523506 51.1021246, -114.252294 51.1021175, -114.2522447 51.1021122, -114.2521924 51.1021046, -114.2521431 51.1020983, -114.2520959 51.1020944, -114.2520474 51.1020909, -114.2519987 51.1020841, -114.251945 51.1020734, -114.2518964 51.1020635, -114.2518449 51.102054, -114.2517963 51.1020423, -114.251752 51.1020305, -114.2516997 51.102022, -114.2516518 51.1020158, -114.2516069 51.1020127, -114.2515583 51.1020069, -114.2515031 51.1020012, -114.2514516 51.1019954, -114.251395 51.1019873, -114.251345 51.1019779, -114.2513 51.1019684, -114.2512557 51.1019567, -114.2512114 51.1019431, -114.2511606 51.1019332, -114.2511098 51.101927, -114.2510583 51.1019212, -114.251009 51.1019168, -114.2509734 51.1019128, -114.2509219 51.1019029, -114.2508276 51.1018886, -114.2507782 51.1018773, -114.2507281 51.1018692, -114.2506737 51.1018644, -114.2506186 51.101854, -114.2505751 51.1018469, -114.2505264 51.1018356, -114.2504785 51.1018211, -114.2504299 51.101808, -114.2503769 51.1018032, -114.2503262 51.1018001, -114.2502739 51.1017971, -114.2502267 51.1017844, -114.2501854 51.1017736, -114.2501346 51.1017642, -114.2500874 51.1017524, -114.2500308 51.1017384, -114.2499843 51.1017276, -114.2499371 51.1017172, -114.2498805 51.1017101, -114.2498261 51.1017002, -114.2497796 51.1016825, -114.2497347 51.1016763, -114.249681 51.1016691, -114.2496324 51.1016633, -114.2495837 51.1016548, -114.2495337 51.1016445, -114.2494822 51.1016359, -114.2494509 51.1016292, -114.2494067 51.1016229, -114.249361 51.1016135, -114.2493174 51.1016017, -114.2492746 51.1015909, -114.2492303 51.1015796, -114.2491773 51.1015725, -114.2491251 51.101574, -114.2490722 51.1015723, -114.2490221 51.1015615, -114.2489699 51.1015589, -114.2489155 51.101555, -114.2488712 51.1015451, -114.2488219 51.1015334, -114.2487653 51.1015221, -114.2487144 51.1014896, -114.24848 51.1014503, -114.2482056 51.1014175, -114.2479299 51.1013734, -114.2477187 51.1013235, -114.247494 51.1012785, -114.2472283 51.1012006, -114.247178 51.1011729, -114.247188 51.1011417, -114.2472322 51.1011256, -114.2472793 51.1011209, -114.24733 51.1011216, -114.2473816 51.1011265, -114.2474316 51.1011337, -114.2474795 51.1011449, -114.2475311 51.101159, -114.247584 51.1011702, -114.2476334 51.1011774, -114.247682 51.1011864, -114.2477277 51.101194, -114.2477822 51.1012071, -114.2477972 51.1011769, -114.2477798 51.1011705, -114.2477254 51.1011647, -114.247671 51.1011585, -114.2476209 51.1011491, -114.2475679 51.1011383, -114.2475171 51.101127, -114.2474627 51.1011043, -114.2474176 51.1010738, -114.2473639 51.1010658, -114.2473218 51.1010618, -114.2472674 51.1010446, -114.2472151 51.1010183, -114.2471708 51.1010029, -114.2471178 51.1009934, -114.2470699 51.1009812, -114.2470213 51.10097, -114.246969 51.1009578, -114.2469189 51.1009447, -114.2468666 51.1009288, -114.246818 51.1009089, -114.2467635 51.1008899, -114.2467127 51.1008722, -114.2466822 51.1008604, -114.2466393 51.1008445, -114.2465834 51.1008205, -114.2465355 51.100801, -114.246481 51.1007742, -114.246425 51.1007437, -114.2463763 51.1007165, -114.2463458 51.1007015, -114.2462935 51.1006765, -114.2462484 51.100652, -114.2461947 51.1006284, -114.2461461 51.1006176, -114.2461076 51.10062, -114.2460619 51.1006068, -114.2460089 51.100581, -114.2459573 51.1005542, -114.245902 51.1005255, -114.2458651 51.1005084, -114.2458454 51.1004992, -114.2457938 51.1004783, -114.2457437 51.100463, -114.2457001 51.1004466, -114.2456449 51.1004285, -114.2455942 51.1004209, -114.2455412 51.1004055, -114.2454976 51.1003901, -114.2454475 51.1003738, -114.2454017 51.100358, -114.2453509 51.1003371, -114.2453059 51.1003167, -114.2452637 51.1002999, -114.2452122 51.1002804, -114.2451635 51.10026, -114.2451156 51.1002387, -114.2450727 51.1002182, -114.2450182 51.1001919, -114.2449666 51.1001687, -114.2449223 51.1001469, -114.24487 51.1001233, -114.2448257 51.1001079, -114.2447764 51.1000957, -114.2447306 51.1000858, -114.2446842 51.1000732, -114.2446399 51.1000587, -114.244592 51.1000433, -114.2445397 51.1000275, -114.2444933 51.1000148, -114.2444453 51.099998, -114.244401 51.0999772, -114.2443559 51.0999462, -114.2443195 51.0999166, -114.244273 51.0998884, -114.2442207 51.0998616, -114.2441662 51.0998362, -114.2441096 51.0998112, -114.2440551 51.0997876, -114.2440086 51.099769, -114.2439592 51.0997463, -114.2439069 51.0997109, -114.2438646 51.0996753, -114.2438348 51.0996503, -114.2437927 51.0996312, -114.2437375 51.0996122, -114.2437019 51.0996013, -114.2436489 51.0995878, -114.2435829 51.0995734, -114.2435321 51.0995607, -114.2434769 51.099544, -114.2434363 51.0995318, -114.2434 51.0995209, -114.2433571 51.0995087, -114.2433078 51.0994951, -114.2432511 51.0994743, -114.2432112 51.0994607, -114.2431676 51.0994448, -114.2431299 51.0994331, -114.243074 51.0994141, -114.2430188 51.0993923, -114.2429687 51.0993755, -114.2429171 51.0993547, -114.2428692 51.0993379, -114.2428184 51.0993166, -114.242774 51.0992943, -114.2427457 51.0992802, -114.2426985 51.099253, -114.2426519 51.0992229, -114.2426105 51.0991902, -114.2425712 51.0991583, -114.2425217 51.0991228, -114.2424745 51.0990914, -114.2424287 51.0990765, -114.2423728 51.0990561, -114.2423213 51.0990329, -114.2422689 51.0989992, -114.2422209 51.0989738, -114.2421868 51.0989611, -114.2421556 51.0989484, -114.2421113 51.0989312, -114.242067 51.0989171, -114.2420133 51.0989004, -114.2419683 51.0988845, -114.2419225 51.098865, -114.2418702 51.0988423, -114.2418194 51.0988256, -114.2417686 51.0988084, -114.2417221 51.0987911, -114.2416654 51.0987639, -114.2416189 51.0987348, -114.2415753 51.0987057, -114.2415287 51.0986761, -114.2414764 51.0986447, -114.2414285 51.0986202, -114.2413732 51.0985925, -114.2413239 51.0985743, -114.2412832 51.0985608, -114.2412324 51.0985509, -114.2411845 51.0985423, -114.2411366 51.098532, -114.2410829 51.0985193, -114.2410263 51.0984957, -114.2409819 51.0984675, -114.2409347 51.0984361, -114.2408918 51.0984166, -114.2408577 51.098408, -114.2407965 51.0983785, -114.2407461 51.0983546, -114.2407008 51.0983348, -114.2406445 51.0983077, -114.2405932 51.0982747, -114.2405398 51.0982472, -114.2404931 51.0982278, -114.2404449 51.0982071, -114.2403923 51.0981832, -114.2403404 51.0981589, -114.2402973 51.0981368, -114.2402468 51.098112, -114.2402001 51.0980935, -114.2401454 51.0980765, -114.2401016 51.0980594, -114.2400593 51.0980423, -114.2400134 51.098027, -114.2399623 51.0980109, -114.2399077 51.0979957, -114.2398647 51.0979854, -114.239813 51.097967, -114.2397677 51.0979508, -114.2397225 51.0979324, -114.2396736 51.0979153, -114.2396248 51.0979046, -114.2395797 51.0978958, -114.2395477 51.0978886, -114.2394938 51.0978785, -114.2394458 51.0978705, -114.2393913 51.0978603, -114.2392895 51.0978472, -114.2392358 51.0978434, -114.2391835 51.09784, -114.2391341 51.0978335, -114.2390832 51.0978255, -114.2390338 51.0978217, -114.2389831 51.0978256, -114.2389281 51.097836, -114.2388789 51.0978445, -114.2388282 51.0978461, -114.2387745 51.0978441, -114.2387258 51.0978421, -114.2386757 51.097836, -114.2386255 51.0978281, -114.2385877 51.0978237, -114.2385311 51.0978181, -114.2384831 51.0978097, -114.2384365 51.0978008, -114.2383871 51.0977952, -114.2383487 51.0977981, -114.2382944 51.0978071, -114.2382436 51.0978047, -114.2381949 51.0977985, -114.2381448 51.0977956, -114.2380961 51.097789, -114.2380445 51.0977839, -114.2380089 51.0977795, -114.2379559 51.0977752, -114.2379029 51.0977742, -114.2378507 51.0977731, -114.2378122 51.0977701, -114.2377393 51.0977517, -114.2373088 51.0977323, -114.2368803 51.0977349, -114.2364548 51.097772, -114.2364432 51.0977734, -114.2363366 51.0989653, -114.2351835 51.099378, -114.2343821 51.1001125, -114.2356664 51.1020735, -114.2356664 51.1022103, -114.2458619 51.1027466)))"
9305 17 AV SE,Farm Land,BELVEDERE,S-FUD,"MULTIPOLYGON (((-113.8892522 51.0375194, -113.8888179 51.0375195, -113.8888334 51.0376291, -113.8892674 51.0376289, -113.8892522 51.0375194)))"
4800 80 AV NE,Non-Residential,SADDLE RIDGE,S-FUD,"MULTIPOLYGON (((-113.9656843 51.1253807, -113.9652477 51.125371, -113.9642306 51.1253645, -113.9642305 51.1254106, -113.9650154 51.1254247, -113.9656842 51.1254944, -113.9656843 51.1253807)))"
14224 CENTRE ST NE,Residential,LIVINGSTON,S-FUD,"MULTIPOLYGON (((-114.0689251 51.1788428, -114.0676275 51.1786843, -114.0649413 51.178712, -114.0648112 51.1787141, -114.0628067 51.1787364, -114.0625358 51.1787447, -114.062327 51.1787515, -114.062118 51.1787596, -114.06191 51.1787726, -114.0617115 51.1787831, -114.0615438 51.1787925, -114.0613555 51.1788044, -114.061167 51.1788171, -114.0609624 51.1788339, -114.0607723 51.1788539, -114.0605975 51.1788706, -114.0604353 51.1788864, -114.0602566 51.1789042, -114.0600873 51.178924, -114.0599021 51.1789467, -114.0596822 51.1789757, -114.0596803 51.1829924, -114.0596802 51.183303, -114.0634624 51.1832972, -114.063462 51.1831784, -114.0634866 51.1831783, -114.0643915 51.1831769, -114.0644272 51.1831769, -114.0644448 51.183176, -114.064462 51.1831732, -114.0644767 51.1831692, -114.0644903 51.1831639, -114.0645025 51.1831574, -114.064513 51.1831498, -114.0645221 51.1831406, -114.0645288 51.1831307, -114.0645329 51.1831202, -114.0645342 51.1831094, -114.064534 51.183052, -114.064534 51.1830309, -114.064534 51.1830239, -114.0645338 51.182986, -114.0645294 51.1815549, -114.0646642 51.1815548, -114.0647933 51.1815548, -114.0687858 51.1815529, -114.0688105 51.1815443, -114.0688335 51.181534, -114.0688543 51.181522, -114.0688726 51.1815085, -114.0688883 51.1814938, -114.068901 51.181478, -114.0689107 51.1814613, -114.068917 51.181444, -114.0690346 51.1810241, -114.069034 51.1800797, -114.0690054 51.1800797, -114.069002 51.1800555, -114.068992 51.1800321, -114.0689757 51.1800101, -114.0689535 51.1799902, -114.0689261 51.179973, -114.0688944 51.1799591, -114.0688593 51.1799488, -114.068822 51.1799425, -114.0685852 51.1799165, -114.0685846 51.1796551, -114.0687049 51.179655, -114.0688321 51.1795942, -114.0688465 51.1795858, -114.0688579 51.1795759, -114.0688661 51.1795648, -114.0688707 51.1795529, -114.0688837 51.1794864, -114.0688931 51.1794196, -114.0688986 51.1793527, -114.0689005 51.1792857, -114.0689004 51.1791508, -114.0689019 51.1790737, -114.0689065 51.1789966, -114.0689143 51.1789196, -114.0689251 51.1788428)))"
9771 68 ST NE,Residential,CORNERSTONE,S-FUD,"MULTIPOLYGON (((-113.9382772 51.1401724, -113.9361636 51.140173, -113.9360228 51.1401722, -113.935882 51.1401701, -113.9357413 51.1401668, -113.9356007 51.1401622, -113.9353937 51.140155, -113.9353936 51.1402942, -113.9353933 51.1408154, -113.9370157 51.1408147, -113.9432122 51.1408117, -113.942073 51.1402708, -113.9411774 51.1402417, -113.9402816 51.1402162, -113.9393856 51.1401943, -113.9384894 51.1401758, -113.9382772 51.1401724)))"
15586 88 ST SE,Residential,HOTCHKISS,S-FUD,"MULTIPOLYGON (((-113.8945202 50.9141236, -113.8951701 50.914123, -113.8951698 50.9140356, -113.8951695 50.913937, -113.895169 50.9138144, -113.8945191 50.9138138, -113.8945202 50.9141236)))"
9881 68 ST NE,Farm Land,CORNERSTONE,S-FUD,"MULTIPOLYGON (((-113.9353933 51.1408154, -113.9353927 51.1416993, -113.9461951 51.1416938, -113.9461948 51.1408102, -113.9353933 51.1408154)))"
4601 68 ST SE,Non-Residential,RESIDUAL WARD 9 - SUB AREA 9Q,S-FUD,"MULTIPOLYGON (((-113.9454491 51.0123632, -113.945802 51.0120399, -113.9458128 51.01203, -113.9454588 51.0118764, -113.9467832 51.0106613, -113.9467807 51.0089429, -113.946737 51.0089184, -113.946692 51.0088949, -113.9466432 51.0088712, -113.9465932 51.0088486, -113.9428649 51.008853, -113.9425057 51.0088535, -113.9369499 51.0088561, -113.9369503 51.0098162, -113.9354297 51.009816, -113.9353127 51.009816, -113.935313 51.0119274, -113.93543 51.0119552, -113.9379236 51.0125489, -113.9380255 51.012574, -113.9381265 51.0126003, -113.9382266 51.012628, -113.9383258 51.012657, -113.938424 51.0126872, -113.9385212 51.0127188, -113.9386174 51.0127516, -113.9387124 51.0127856, -113.9388064 51.0128209, -113.9388991 51.0128573, -113.9389906 51.012895, -113.9390808 51.0129339, -113.9391698 51.0129739, -113.9392574 51.0130151, -113.9393436 51.0130574, -113.9394285 51.0131009, -113.9402247 51.0135175, -113.9403596 51.0135851, -113.9404988 51.0136493, -113.940642 51.0137098, -113.9407889 51.0137667, -113.9409393 51.0138198, -113.941093 51.0138691, -113.9412498 51.0139144, -113.9414093 51.0139558, -113.9415713 51.013993, -113.9417356 51.0140262, -113.9419019 51.0140551, -113.9420699 51.0140798, -113.9422393 51.0141002, -113.9424099 51.0141163, -113.9425814 51.0141281, -113.9427535 51.0141356, -113.9436266 51.0141614, -113.9439184 51.01417, -113.9450732 51.0142042, -113.9454482 51.0142145, -113.9454491 51.0123632)))"
155 100 ST NE,Non-Residential,HUXLEY,S-FUD,"MULTIPOLYGON (((-113.8909995 51.05245, -113.8908845 51.0524502, -113.8890468 51.052451, -113.8890259 51.0524523, -113.8890059 51.0524561, -113.8889874 51.0524624, -113.8889712 51.0524707, -113.8889579 51.0524809, -113.8889481 51.0524926, -113.888942 51.0525052, -113.8889399 51.0525183, -113.8889396 51.0527765, -113.888938 51.0529406, -113.8889337 51.0531046, -113.8889267 51.0532686, -113.8889171 51.0534325, -113.8889069 51.0536074, -113.8888998 51.0537823, -113.8888947 51.0539155, -113.8888895 51.054069, -113.8888876 51.0542224, -113.8888875 51.0542476, -113.8909979 51.0542466, -113.8909995 51.05245)))"
9910 BARLOW TR SE,Non-Residential,EAST SHEPARD INDUSTRIAL,S-FUD,"MULTIPOLYGON (((-113.9810764 50.962423, -113.9743131 50.9624286, -113.9743155 50.9643931, -113.9743154 50.964531, -113.9748239 50.9645705, -113.9796485 50.9649451, -113.9798161 50.9649589, -113.9799834 50.9649743, -113.9801503 50.9649913, -113.9803168 50.9650097, -113.9803391 50.9650124, -113.9804829 50.96503, -113.9806987 50.9650296, -113.9808039 50.9650294, -113.980802 50.9649428, -113.9808013 50.9647032, -113.9808073 50.9644637, -113.98082 50.9642243, -113.9808395 50.9639851, -113.9808656 50.9637461, -113.9808984 50.9635075, -113.9809379 50.9632693, -113.980984 50.9630315, -113.9810133 50.9628798, -113.9810385 50.9627277, -113.9810595 50.9625755, -113.9810764 50.962423)))"
10326 BARLOW TR SE,Non-Residential,EAST SHEPARD INDUSTRIAL,S-FUD,"MULTIPOLYGON (((-113.9741816 50.9625889, -113.9741818 50.9627328, -113.9741822 50.9631156, -113.9725205 50.9642534, -113.9723393 50.9643775, -113.9738274 50.9644931, -113.9743154 50.964531, -113.9743155 50.9643931, -113.9743131 50.9624286, -113.9810764 50.962423, -113.9810885 50.9622821, -113.9810971 50.9621412, -113.9811022 50.9620001, -113.9811037 50.9618591, -113.9811007 50.9605082, -113.9743089 50.9605129, -113.9741786 50.960513, -113.9741786 50.9605445, -113.9741788 50.9611322, -113.9741816 50.9625889)))"
2214 50 AV SE,Non-Residential,VALLEYFIELD,S-FUD,"MULTIPOLYGON (((-114.0067488 51.009706, -114.0067549 51.009706, -114.0071962 51.0097063, -114.0072838 51.0097063, -114.0073463 51.0097064, -114.0078532 51.0097066, -114.0080994 51.0097067, -114.0080689 51.0096798, -114.0080315 51.0091955, -114.0077306 51.0091426, -114.0073457 51.0090749, -114.0072055 51.0090581, -114.0071414 51.0090504, -114.0070514 51.0090396, -114.0069102 51.0090226, -114.0068954 51.0090219, -114.0068807 51.0090232, -114.0068668 51.0090264, -114.0068542 51.0090313, -114.0068435 51.0090378, -114.0068351 51.0090455, -114.0068295 51.0090541, -114.0068268 51.0090633, -114.0068187 51.0091303, -114.006812 51.0091851, -114.0067708 51.0095249, -114.0067488 51.009706)))"
2192 50 AV SE,Non-Residential,RESIDUAL WARD 9 - SUB AREA 9D,S-FUD,"MULTIPOLYGON (((-114.0080994 51.0097067, -114.0081421 51.0097068, -114.0080315 51.0091955, -114.0080689 51.0096798, -114.0080994 51.0097067)))"
887 COUNTRY HILLS BV NE,Non-Residential,AURORA BUSINESS PARK,S-FUD,"MULTIPOLYGON (((-114.044544 51.1384132, -114.044401 51.138732, -114.0442633 51.1390516, -114.044131 51.1393722, -114.0440041 51.1396936, -114.0440935 51.139693, -114.0442193 51.1393756, -114.0443502 51.139059, -114.0444864 51.1387432, -114.0446277 51.1384284, -114.044544 51.1384132)))"
915 COUNTRY HILLS BV NE,Non-Residential,HARVEST HILLS,S-FUD,"MULTIPOLYGON (((-114.0365082 51.1469547, -114.0365068 51.1469547, -114.0365068 51.1469557, -114.0365042 51.1479587, -114.036504 51.148026, -114.0365025 51.1485927, -114.0365024 51.1486258, -114.0364994 51.1497797, -114.0364992 51.1498802, -114.0364991 51.1498961, -114.0365002 51.1499525, -114.0365002 51.1499535, -114.0364977 51.1507852, -114.0364941 51.1519654, -114.0364934 51.152353, -114.0364931 51.1524627, -114.0364901 51.153962, -114.0364909 51.153962, -114.036938 51.1539573, -114.0371025 51.1539435, -114.0381678 51.1538541, -114.0388931 51.1538298, -114.039037 51.1538251, -114.0395479 51.1520182, -114.039868 51.1508833, -114.0398959 51.1507845, -114.0409794 51.1469423, -114.0399011 51.1469465, -114.0394512 51.1469481, -114.0388664 51.1469494, -114.0383846 51.1469505, -114.0383252 51.1469506, -114.0380608 51.1469512, -114.0376088 51.1469521, -114.0376081 51.1469522, -114.0375437 51.1469522, -114.037543 51.1469522, -114.0365082 51.1469547)))"
18600 24 ST SW,Non-Residential,RESIDUAL WARD 13 - SUB AREA 13G,S-FUD,"MULTIPOLYGON (((-114.1169529 50.8862763, -114.1169886 50.8863168, -114.1169901 50.8848779, -114.1169541 50.884878, -114.1169529 50.8862763)))"
6727 144 AV NW,Non-Residential,RESIDUAL WARD 2 - SUB AREA 2C,S-FUD,"MULTIPOLYGON (((-114.1817992 51.1830795, -114.1818088 51.1830795, -114.1873453 51.1830793, -114.1875528 51.182949, -114.1875554 51.1795241, -114.1818059 51.1795211, -114.1817992 51.1830795)))"
14417 68 ST NE,Non-Residential,RESIDUAL WARD 5 - SUB AREA 5E,S-FUD,"MULTIPOLYGON (((-113.9388527 51.1793598, -113.9385667 51.1793599, -113.9352677 51.1793611, -113.9352675 51.1797445, -113.9352663 51.1828233, -113.9352663 51.1829581, -113.9352662 51.183093, -113.9352662 51.1832363, -113.9352672 51.1832495, -113.9352703 51.1832626, -113.9352754 51.1832754, -113.9352824 51.1832878, -113.9352914 51.1832998, -113.9353022 51.1833111, -113.9353147 51.1833217, -113.9353289 51.1833315, -113.9353444 51.1833404, -113.9353613 51.1833483, -113.9353794 51.1833551, -113.9353984 51.1833608, -113.9354182 51.1833652, -113.9354387 51.1833685, -113.9354595 51.1833704, -113.9354805 51.1833711, -113.9357887 51.1833711, -113.936198 51.1833712, -113.9363354 51.1833713, -113.9365095 51.1833714, -113.9388515 51.1833716, -113.9388509 51.1832561, -113.9388507 51.1829554, -113.9388527 51.1797451, -113.9388527 51.1793598)))"
667R CITADEL WY NW,Non-Residential,CITADEL,S-FUD,"MULTIPOLYGON (((-114.1878551 51.1484644, -114.1878577 51.1498239, -114.1878965 51.1498222, -114.1879364 51.1496875, -114.1879466 51.1496104, -114.1879561 51.1495397, -114.1879984 51.1492245, -114.188029 51.1489959, -114.1880286 51.1489777, -114.1880194 51.1486541, -114.1878551 51.1484644)))"
701 CITADEL WY NW,Non-Residential,CITADEL,S-FUD,"MULTIPOLYGON (((-114.1875677 51.1484639, -114.1875708 51.1498373, -114.1878577 51.1498239, -114.1878551 51.1484644, -114.187852 51.1471188, -114.1878516 51.1469697, -114.1877078 51.1469696, -114.1875643 51.1469705, -114.1875646 51.1470559, -114.1875647 51.1471043, -114.1875677 51.1484639)))"
2101 144 AV NE,Non-Residential,STONEY 4,S-FUD,"MULTIPOLYGON (((-114.0077608 51.1801958, -114.0077322 51.1801959, -114.0077322 51.1803757, -114.0077317 51.181548, -114.0077311 51.183356, -114.0080189 51.1833558, -114.0082153 51.1833557, -114.0132088 51.1833526, -114.0132625 51.1832187, -114.0135675 51.1824585, -114.0136056 51.1823659, -114.0136454 51.1822737, -114.013687 51.1821817, -114.0137303 51.1820901, -114.0137754 51.1819988, -114.0138222 51.1819078, -114.0138708 51.1818172, -114.0139211 51.1817269, -114.013973 51.1816371, -114.0140267 51.1815476, -114.0140822 51.1814586, -114.0141393 51.1813699, -114.014198 51.1812818, -114.0142585 51.181194, -114.0143206 51.1811067, -114.0143844 51.1810199, -114.0144499 51.1809336, -114.014517 51.1808477, -114.0145857 51.1807624, -114.014656 51.1806776, -114.014728 51.1805933, -114.0148016 51.1805096, -114.0148767 51.1804264, -114.0149534 51.1803438, -114.0150318 51.1802618, -114.0151116 51.1801804, -114.015193 51.1800995, -114.015276 51.1800193, -114.0153604 51.1799398, -114.0154464 51.1798608, -114.0155339 51.1797825, -114.0156229 51.1797049, -114.0173956 51.1781775, -114.0174121 51.1781592, -114.0172725 51.1780767, -114.0141166 51.1801875, -114.0132742 51.1801884, -114.0080208 51.1801955, -114.0077608 51.1801958)))"
9097 84 ST SE,Non-Residential,RESIDUAL WARD 12- SUB AREA 12K,S-FUD,"MULTIPOLYGON (((-113.9122232 50.9723436, -113.912224 50.9728413, -113.9137476 50.9728409, -113.9137476 50.9726853, -113.9137477 50.9725359, -113.9129693 50.9724174, -113.9124803 50.9723429, -113.9123666 50.972343, -113.91231 50.9723433, -113.9122659 50.9723435, -113.9122232 50.9723436)))"
9031R 84 ST SE,Non-Residential,RESIDUAL WARD 12- SUB AREA 12K,S-FUD,"MULTIPOLYGON (((-113.9137476 50.9728409, -113.9142829 50.9731312, -113.91511 50.9735792, -113.9155305 50.9738091, -113.9164466 50.974306, -113.9173448 50.9730834, -113.9137477 50.9725359, -113.9137476 50.9726853, -113.9137476 50.9728409)))"
1632 MEMORIAL DR NE,Non-Residential,BRIDGELAND/RIVERSIDE,S-FUD,"MULTIPOLYGON (((-114.0230954 51.0481897, -114.0231652 51.0485344, -114.0232757 51.0485334, -114.0233843 51.0485325, -114.0234929 51.0485315, -114.0236016 51.0485306, -114.0237102 51.0485297, -114.0238188 51.0485287, -114.0239274 51.0485278, -114.0240361 51.0485269, -114.0241447 51.0485259, -114.0242533 51.048525, -114.0243619 51.048524, -114.0244705 51.0485231, -114.0245792 51.0485222, -114.0246878 51.0485212, -114.0247964 51.0485203, -114.024905 51.0485193, -114.0250136 51.0485184, -114.0250137 51.0483375, -114.0249073 51.0483384, -114.0248009 51.0483394, -114.0246944 51.0483403, -114.024588 51.0483412, -114.0244816 51.0483421, -114.0243751 51.0483431, -114.0242687 51.048344, -114.0241623 51.0483449, -114.0240558 51.0483458, -114.0239494 51.0483468, -114.023843 51.0483477, -114.0237366 51.0483486, -114.0236301 51.0483495, -114.0235237 51.0483505, -114.0234173 51.0483514, -114.0233728 51.0481322, -114.0230954 51.0481897)))"
68 ST GEORGES DR NE,Non-Residential,BRIDGELAND/RIVERSIDE,S-FUD,"MULTIPOLYGON (((-114.0229496 51.0487437, -114.0250136 51.0487223, -114.0250134 51.0493534, -114.0250134 51.0495342, -114.025013 51.050795, -114.025013 51.0509758, -114.0250125 51.0522367, -114.025056 51.0522366, -114.025056 51.0521356, -114.025056 51.0520674, -114.025056 51.0519991, -114.025056 51.0519309, -114.0250561 51.0518627, -114.0250561 51.0517945, -114.0250561 51.0517263, -114.0250561 51.051658, -114.0250561 51.0515898, -114.0250562 51.0515216, -114.0250562 51.0514534, -114.0250562 51.0513851, -114.0250562 51.0513169, -114.0250562 51.0512487, -114.0250563 51.0511805, -114.0250563 51.0511123, -114.0250563 51.051044, -114.0250563 51.0509758, -114.0255998 51.0509759, -114.0256119 51.050877, -114.025629 51.0507783, -114.0258421 51.0497283, -114.0257568 51.04852, -114.0255988 51.0482976, -114.0253007 51.0478761, -114.0253007 51.047817, -114.0250138 51.0478848, -114.0242499 51.0479505, -114.0236618 51.0480723, -114.0237367 51.0480719, -114.0238431 51.0480714, -114.0239495 51.0480709, -114.0240559 51.0480703, -114.0241624 51.0480698, -114.0242688 51.0480693, -114.0243752 51.0480687, -114.0244817 51.0480682, -114.0245881 51.0480677, -114.0246945 51.0480672, -114.0248009 51.0480666, -114.0249074 51.0480661, -114.0250138 51.0480656, -114.0251208 51.0480656, -114.0253135 51.0483376, -114.0254416 51.0485184, -114.0254727 51.0485623, -114.0254742 51.0485836, -114.025479 51.0486521, -114.0254839 51.0487206, -114.0254887 51.0487891, -114.0254935 51.0488576, -114.0254984 51.0489261, -114.0255032 51.0489945, -114.025508 51.049063, -114.0255129 51.0491315, -114.0255177 51.0492, -114.0255225 51.0492685, -114.0255285 51.0493536, -114.0250568 51.0493534, -114.0250569 51.0492688, -114.0250569 51.0492006, -114.0250569 51.0491324, -114.0250569 51.0490642, -114.0250569 51.0489959, -114.025057 51.0489277, -114.025057 51.0488595, -114.025057 51.0487913, -114.025057 51.048723, -114.0250571 51.0486548, -114.0250571 51.0485866, -114.0250571 51.0485184, -114.0250136 51.0485184, -114.0250136 51.048695, -114.0249058 51.0486961, -114.024798 51.0486972, -114.0246902 51.0486983, -114.0245824 51.0486994, -114.0244745 51.0487006, -114.0243667 51.0487017, -114.0242589 51.0487028, -114.0241511 51.0487039, -114.0240433 51.048705, -114.0239355 51.0487061, -114.0238277 51.0487073, -114.0237199 51.0487084, -114.0236121 51.0487095, -114.0235042 51.0487106, -114.0233964 51.0487117, -114.0232886 51.0487128, -114.0229505 51.0487163, -114.0229496 51.0487437), (-114.0250567 51.0496025, -114.0250568 51.0495342, -114.0255413 51.0495343, -114.0255461 51.0496026, -114.0255509 51.0496708, -114.0255558 51.049739, -114.0255606 51.0498073, -114.0255654 51.0498755, -114.0255702 51.0499437, -114.025575 51.050012, -114.0255798 51.0500802, -114.0255846 51.0501484, -114.0255895 51.0502166, -114.0255943 51.0502849, -114.0255991 51.0503531, -114.0256039 51.0504213, -114.0256087 51.0504896, -114.0256136 51.0505578, -114.0256184 51.050626, -114.0256194 51.0506401, -114.0256192 51.0506942, -114.0256188 51.0507951, -114.0250564 51.050795, -114.0250564 51.050694, -114.0250564 51.0506258, -114.0250564 51.0505576, -114.0250565 51.0504894, -114.0250565 51.0504211, -114.0250565 51.0503529, -114.0250565 51.0502847, -114.0250565 51.0502165, -114.0250566 51.0501483, -114.0250566 51.05008, -114.0250566 51.0500118, -114.0250566 51.0499436, -114.0250567 51.0498754, -114.0250567 51.0498071, -114.0250567 51.0497389, -114.0250567 51.0496707, -114.0250567 51.0496025)))"
7777 144 AV NE,Non-Residential,RESIDUAL WARD 5 - SUB AREA 5E,S-FUD,"MULTIPOLYGON (((-113.915006 51.1833526, -113.9177531 51.183355, -113.9220869 51.1833588, -113.922292 51.1830816, -113.9234952 51.1814547, -113.9238655 51.1809547, -113.9243928 51.1802408, -113.9244464 51.1801689, -113.923865 51.1803378, -113.9234955 51.1804457, -113.9230955 51.1805638, -113.9226353 51.180564, -113.9180409 51.1805592, -113.915967 51.1805577, -113.9151468 51.182942, -113.9151008 51.1830768, -113.915006 51.1833526)))"
7777 144 AV NE,Farm Land,RESIDUAL WARD 5 - SUB AREA 5E,S-FUD,"MULTIPOLYGON (((-113.915006 51.1833526, -113.9177531 51.183355, -113.9220869 51.1833588, -113.922292 51.1830816, -113.9234952 51.1814547, -113.9238655 51.1809547, -113.9243928 51.1802408, -113.9244464 51.1801689, -113.923865 51.1803378, -113.9234955 51.1804457, -113.9230955 51.1805638, -113.9226353 51.180564, -113.9180409 51.1805592, -113.915967 51.1805577, -113.9151468 51.182942, -113.9151008 51.1830768, -113.915006 51.1833526)))"
12885 84 ST NE,Non-Residential,RESIDUAL WARD 5 - SUB AREA 5E,S-FUD,"MULTIPOLYGON (((-113.9120132 51.1688987, -113.9120127 51.1706462, -113.9136741 51.1688997, -113.9120132 51.1688987)))"
8418 STONEY TR SE,Non-Residential,RESIDUAL WARD 9 - SUB AREA 9Q,S-FUD,"MULTIPOLYGON (((-113.9235433 51.0205941, -113.9233404 51.0225577, -113.9233034 51.0233258, -113.9235426 51.0233257, -113.9235425 51.0231888, -113.9235433 51.0205941)))"
8879 146 AV SE,Residential,HOTCHKISS,S-FUD,"MULTIPOLYGON (((-113.9063855 50.9198725, -113.9063844 50.9212962, -113.9063844 50.92136, -113.9079423 50.9213561, -113.9079381 50.9198704, -113.9079104 50.9198704, -113.9066173 50.9198721, -113.9064359 50.9198724, -113.9063855 50.9198725)))"
8687 146 AV SE,Residential,HOTCHKISS,S-FUD,"MULTIPOLYGON (((-113.9079381 50.9198704, -113.9079423 50.9213561, -113.9094702 50.921355, -113.9094672 50.9198706, -113.9094433 50.9198706, -113.9079381 50.9198704)))"
3730 146 AV SW,Non-Residential,ALPINE PARK,S-FUD,"MULTIPOLYGON (((-114.1409942 50.9214328, -114.138569 50.921433, -114.1385755 50.9237253, -114.1385788 50.9249364, -114.1387131 50.9250634, -114.138842 50.9251877, -114.1389675 50.9253135, -114.1390895 50.9254406, -114.1392079 50.925569, -114.1393228 50.9256987, -114.1394341 50.9258297, -114.1395418 50.9259618, -114.1396458 50.9260951, -114.1397462 50.9262296, -114.1398428 50.9263651, -114.1399356 50.9265016, -114.1400247 50.9266391, -114.14011 50.9267776, -114.1401915 50.926917, -114.1402691 50.9270573, -114.1403428 50.9271984, -114.1409967 50.9273813, -114.1409942 50.9214328)))"
14047 68 ST NE,Farm Land,RESIDUAL WARD 5 - SUB AREA 5E,S-FUD,"MULTIPOLYGON (((-113.9388527 51.1797451, -113.9388507 51.1829554, -113.9388509 51.1832561, -113.9388515 51.1833716, -113.9438694 51.1833719, -113.9460157 51.1833721, -113.9462497 51.1833721, -113.9467603 51.1833723, -113.9467609 51.1825205, -113.9467613 51.181932, -113.9467618 51.1812051, -113.9452994 51.1797456, -113.9450731 51.1795199, -113.9441258 51.1795206, -113.9440131 51.1795206, -113.9439718 51.1794966, -113.9437328 51.1793579, -113.9425423 51.1793585, -113.9388527 51.1793598, -113.9388527 51.1797451)))"
3924 STONEY TR NW,Non-Residential,SCENIC ACRES,S-FUD,"MULTIPOLYGON (((-114.2222134 51.1105918, -114.2225971 51.1105922, -114.2230758 51.1105928, -114.2227618 51.1090791, -114.2227633 51.1080566, -114.2227602 51.1079588, -114.2227503 51.1078613, -114.2227337 51.1077641, -114.2227103 51.1076674, -114.2226803 51.1075715, -114.2226436 51.1074765, -114.2226004 51.1073826, -114.2225507 51.1072899, -114.2224947 51.1071987, -114.2224323 51.1071092, -114.2223639 51.1070214, -114.2222894 51.1069355, -114.222209 51.1068518, -114.2221229 51.1067703, -114.2220312 51.1066913, -114.2219342 51.1066149, -114.2218319 51.1065412, -114.2217246 51.1064703, -114.2216126 51.1064025, -114.2214959 51.1063377, -114.2213748 51.1062763, -114.2212496 51.1062181, -114.2211205 51.1061635, -114.2209878 51.1061125, -114.2208516 51.1060651, -114.2207122 51.1060215, -114.22057 51.1059817, -114.2204251 51.1059459, -114.2202779 51.105914, -114.2201287 51.1058862, -114.2199776 51.1058625, -114.2198251 51.105843, -114.2180438 51.1056416, -114.2182435 51.1058058, -114.2186478 51.1058746, -114.2189067 51.1059187, -114.2191167 51.1059544, -114.2193596 51.1059958, -114.2194009 51.1060028, -114.2196439 51.1060442, -114.219762 51.1060643, -114.2198388 51.1060781, -114.2199149 51.1060932, -114.2199847 51.1061084, -114.2200539 51.1061248, -114.2201224 51.1061422, -114.2201901 51.1061608, -114.2202571 51.1061805, -114.2203232 51.1062012, -114.2203885 51.106223, -114.2204528 51.1062459, -114.2205465 51.1062818, -114.220638 51.1063199, -114.2207271 51.1063602, -114.2208137 51.1064026, -114.2208901 51.106443, -114.2209642 51.106485, -114.2210359 51.1065286, -114.2211051 51.1065738, -114.2211775 51.1066245, -114.2212468 51.106677, -114.2213128 51.1067311, -114.2213755 51.1067867, -114.221445 51.106854, -114.2215097 51.1069232, -114.2215693 51.1069942, -114.2216239 51.1070667, -114.221676 51.1071451, -114.2217221 51.107225, -114.2217622 51.1073061, -114.2217962 51.1073883, -114.2218164 51.1074468, -114.2218335 51.1075057, -114.2218474 51.1075649, -114.2218583 51.1076244, -114.221866 51.107684, -114.2218705 51.1077438, -114.2218718 51.1078036, -114.22187 51.1078634, -114.2218585 51.1080674, -114.2218534 51.1081563, -114.2218455 51.1083536, -114.2218441 51.108551, -114.2218493 51.108751, -114.2218611 51.1089509, -114.2218705 51.1090624, -114.2218936 51.1092694, -114.2219142 51.1094154, -114.2219405 51.1095734, -114.2219666 51.1097093, -114.2219957 51.109845, -114.2220279 51.1099805, -114.2220718 51.1101467, -114.2221253 51.1103281, -114.2221843 51.1105088, -114.2222053 51.1105688, -114.2222134 51.1105918)))"
7445R 107 AV SE,Non-Residential,EAST SHEPARD INDUSTRIAL,S-FUD,"MULTIPOLYGON (((-113.923213 50.9578686, -113.9235785 50.9578679, -113.923579 50.9578679, -113.9235803 50.956738, -113.9235803 50.9567379, -113.9235808 50.9560237, -113.923213 50.9578686)))"
30 DOUGLASBANK PT SE,Non-Residential,DOUGLASDALE/GLEN,S-FUD,"MULTIPOLYGON (((-114.0136678 50.9508103, -114.0136675 50.9509666, -114.0138839 50.9510177, -114.014101 50.9510676, -114.0143162 50.9511158, -114.0145321 50.9511629, -114.0147485 50.9512089, -114.0149655 50.9512538, -114.0151832 50.9512975, -114.0154013 50.9513401, -114.0156201 50.9513816, -114.0158393 50.9514219, -114.0160591 50.9514611, -114.0162794 50.9514992, -114.0165002 50.9515361, -114.0167214 50.9515718, -114.0169432 50.9516065, -114.0171653 50.9516399, -114.0173879 50.9516723, -114.0176109 50.9517034, -114.017934 50.9517471, -114.0182579 50.9517883, -114.0185216 50.9518207, -114.018523 50.9518209, -114.0194122 50.9519279, -114.0194686 50.9516377, -114.0183847 50.9516367, -114.0183853 50.9514117, -114.0183865 50.9509951, -114.0183871 50.9508154, -114.0183879 50.9505415, -114.018171 50.9505413, -114.0166067 50.9505397, -114.0157603 50.9505388, -114.0153854 50.9505385, -114.0146617 50.9505377, -114.0143989 50.9505375, -114.0141559 50.9505373, -114.014102 50.9505372, -114.0139235 50.950537, -114.0137299 50.9505368, -114.0136683 50.9505367, -114.0136678 50.9508103)))"
1008 SHAWNEE DR SW,Residential,SHAWNEE SLOPES,S-FUD,"MULTIPOLYGON (((-114.0889699 50.9289143, -114.0890844 50.9289709, -114.0893672 50.9291527, -114.0896853 50.9292836, -114.0902628 50.929276, -114.0907887 50.9292094, -114.0907581 50.9291677, -114.090731 50.9291251, -114.0902347 50.9291879, -114.090161 50.9290519, -114.0900874 50.928916, -114.0900098 50.9287728, -114.0889706 50.9287144, -114.0889699 50.9289143)))"
9669 84 ST NE,Farm Land,RESIDUAL WARD 5 - SUB AREA 5G,S-FUD,"MULTIPOLYGON (((-113.9120237 51.1397693, -113.91642 51.1397673, -113.914796 51.1381455, -113.9147967 51.1375409, -113.9127348 51.137321, -113.9120255 51.1373126, -113.9120237 51.1397693)))"
1520 46 AV SE,Non-Residential,HIGHFIELD,S-FUD,"MULTIPOLYGON (((-114.0267524 51.008185, -114.0269712 51.0086194, -114.0291272 51.0086206, -114.0299451 51.0086207, -114.0298128 51.0085796, -114.0296823 51.0085364, -114.0288755 51.0082611, -114.028523 51.0081408, -114.0284594 51.0081198, -114.0283948 51.0081, -114.0283293 51.0080815, -114.028263 51.0080641, -114.0281959 51.008048, -114.0281281 51.0080331, -114.0280596 51.0080195, -114.0279905 51.0080072, -114.0279208 51.0079962, -114.0278507 51.0079864, -114.0277801 51.007978, -114.0277092 51.0079708, -114.027638 51.007965, -114.0275665 51.0079605, -114.0274949 51.0079573, -114.0274231 51.0079555, -114.0267524 51.008185)))"
16250 24 ST SW,Non-Residential,EVERGREEN,S-FUD,"MULTIPOLYGON (((-114.1169703 50.906773, -114.11659 50.9072568, -114.1166699 50.9072567, -114.1169703 50.9068745, -114.1169701 50.9067908, -114.1169703 50.906773)))"
16236 24 ST SW,Non-Residential,EVERGREEN,S-FUD,"MULTIPOLYGON (((-114.1169703 50.9068745, -114.1166699 50.9072567, -114.1168977 50.9072562, -114.1169715 50.9072561, -114.1169703 50.9068745)))"
16236 24 ST SW,Non-Residential,EVERGREEN,S-FUD,"MULTIPOLYGON (((-114.1158552 50.9069943, -114.1158553 50.9070303, -114.1158559 50.9072582, -114.11659 50.9072568, -114.1169703 50.906773, -114.1169701 50.9067631, -114.1158546 50.9067653, -114.1158552 50.9069943)))"
16236 24 ST SW,Non-Residential,EVERGREEN,S-FUD,"MULTIPOLYGON (((-114.1158552 50.9069943, -114.1158553 50.9070303, -114.1158559 50.9072582, -114.11659 50.9072568, -114.1169703 50.906773, -114.1169701 50.9067631, -114.1158546 50.9067653, -114.1158552 50.9069943)))"
4114 EDMONTON TR NE,Non-Residential,GREENVIEW INDUSTRIAL PARK,S-FUD,"MULTIPOLYGON (((-114.0514438 51.0892626, -114.0514621 51.0892572, -114.0514775 51.0892533, -114.0514981 51.0892495, -114.0515193 51.0892474, -114.0515408 51.089247, -114.0515622 51.0892482, -114.051581 51.0892507, -114.0515992 51.0892545, -114.0516167 51.0892595, -114.0516332 51.0892657, -114.0516485 51.089273, -114.0516624 51.0892814, -114.0516748 51.0892906, -114.0516855 51.0893006, -114.0516986 51.0893179, -114.0516972 51.0891288, -114.0514438 51.0892626)))"
10211 EAMON RD NW,Non-Residential,ROCKY RIDGE,S-FUD,"MULTIPOLYGON (((-114.2352803 51.1355499, -114.2353142 51.1355621, -114.2362417 51.1359071, -114.2363649 51.1359531, -114.2365922 51.1357388, -114.2364689 51.135693, -114.2354846 51.1353272, -114.235776 51.1350525, -114.2349667 51.1347138, -114.2349338 51.134718, -114.2349013 51.1347235, -114.2348694 51.1347302, -114.2348382 51.1347382, -114.2348079 51.1347473, -114.2347785 51.1347575, -114.2347501 51.1347689, -114.2347229 51.1347813, -114.2346969 51.1347947, -114.2346723 51.1348091, -114.2346492 51.1348244, -114.2346275 51.1348406, -114.2346075 51.1348576, -114.2345891 51.1348753, -114.2345725 51.1348936, -114.2345578 51.1349126, -114.2344606 51.1350466, -114.2344608 51.135245, -114.2352803 51.1355499)))"
14117 24 ST NE,Non-Residential,STONEY 4,S-FUD,"MULTIPOLYGON (((-114.0026762 51.1812193, -114.0026764 51.1815506, -114.0077317 51.181548, -114.0077322 51.1803757, -114.003156 51.1803818, -114.0026762 51.1812193)))"
2801 144 AV NE,Non-Residential,STONEY 4,S-FUD,"MULTIPOLYGON (((-113.9933034 51.1815544, -113.9933054 51.1830969, -113.9933057 51.1833632, -113.9961602 51.1833615, -113.9988165 51.1833603, -113.9988252 51.1833603, -113.9988223 51.1812862, -113.9988223 51.181286, -113.9992105 51.1812858, -113.999708 51.1812855, -113.9997106 51.1812855, -113.999628 51.1810027, -113.9995264 51.1809223, -113.9980349 51.1797418, -113.996072 51.1797427, -113.9932994 51.1785418, -113.9933034 51.1815544)))"
16961 56 ST SE,Non-Residential,AUBURN BAY,S-FUD,"MULTIPOLYGON (((-113.9538794 50.9006352, -113.9537175 50.9006355, -113.953543 50.9006358, -113.9533673 50.9006361, -113.9531897 50.9006364, -113.9530091 50.9006367, -113.9528246 50.900637, -113.952635 50.9006373, -113.9525083 50.9006376, -113.9525122 50.9015362, -113.9530424 50.9016193, -113.953074 50.9016242, -113.9532496 50.9016515, -113.9533865 50.901673, -113.9534815 50.9016878, -113.9534816 50.9016879, -113.9535466 50.9016763, -113.9536073 50.9016655, -113.9539332 50.9016076, -113.9539319 50.9012893, -113.9539308 50.9010174, -113.9539304 50.9009239, -113.9539301 50.9008304, -113.9539297 50.9007368, -113.9539293 50.9006486, -113.9539293 50.9006351, -113.9538794 50.9006352)))"
9400R COUNTRY HILLS BV NW,Non-Residential,RESIDUAL WARD 1 - SUB AREA 1K,S-FUD,"MULTIPOLYGON (((-114.2226042 51.1584446, -114.2258714 51.1584438, -114.2258699 51.1565836, -114.2229079 51.1565845, -114.2226028 51.1565843, -114.2226034 51.15726, -114.2226042 51.1584446)))"
19510 SPRUCE MEADOWS WY SW,Farm Land,RESIDUAL WARD 13 - SUB AERA 13J,S-FUD,"MULTIPOLYGON (((-114.0908226 50.8755916, -114.0908211 50.8776437, -114.0908211 50.8776439, -114.0938358 50.8776408, -114.0938374 50.8755885, -114.0908226 50.8755916)))"
19700 SPRUCE MEADOWS WY SW,Farm Land,RESIDUAL WARD 13 - SUB AERA 13J,S-FUD,"MULTIPOLYGON (((-114.0824445 50.8704076, -114.0824268 50.8752977, -114.0824263 50.8754421, -114.082426 50.875541, -114.0824255 50.8756614, -114.0824251 50.8757818, -114.0824247 50.8759023, -114.0824243 50.8760011, -114.0824239 50.8761, -114.0824235 50.8762204, -114.082423 50.8763462, -114.0824226 50.8764666, -114.0824223 50.8765655, -114.0824219 50.8766763, -114.0824214 50.8767996, -114.082421 50.87692, -114.0824205 50.8770405, -114.0824199 50.877204, -114.082419 50.8774791, -114.0824183 50.8776519, -114.0871192 50.8776473, -114.0908211 50.8776437, -114.0908226 50.8755916, -114.0938374 50.8755885, -114.0938374 50.8754371, -114.0938382 50.8741179, -114.0938399 50.8704174, -114.0824445 50.8704073, -114.0824445 50.8704076)))"
20807 SHERIFF KING GV SW,Non-Residential,BELMONT,S-FUD,"MULTIPOLYGON (((-114.0479063 50.866753, -114.0479059 50.8668806, -114.0479645 50.8669529, -114.0480248 50.8670246, -114.0480869 50.8670958, -114.0481508 50.8671662, -114.0482165 50.867236, -114.048284 50.8673052, -114.0483532 50.8673737, -114.048424 50.8674414, -114.0484966 50.8675084, -114.0485709 50.8675747, -114.0486469 50.8676403, -114.0487245 50.8677051, -114.0488037 50.867769, -114.0488845 50.8678322, -114.0489669 50.8678946, -114.0490509 50.8679561, -114.0504197 50.8689429, -114.0504864 50.8689059, -114.0491176 50.8679191, -114.0490272 50.8678528, -114.0489388 50.8677855, -114.0488521 50.8677173, -114.0487674 50.8676482, -114.0486845 50.8675781, -114.0486037 50.8675071, -114.0485247 50.8674353, -114.0484478 50.8673626, -114.0483728 50.8672891, -114.0482999 50.8672147, -114.0482291 50.8671396, -114.0481603 50.8670637, -114.0480936 50.8669871, -114.048029 50.8669098, -114.0479666 50.8668317, -114.0479063 50.866753)))"
225 210 AV SW,Residential,PINE CREEK,S-FUD,"MULTIPOLYGON (((-114.0479169 50.8630042, -114.047916 50.8631849, -114.0479159 50.8633477, -114.0490097 50.8638587, -114.0494585 50.8639696, -114.0503742 50.8638443, -114.0519944 50.8631864, -114.0524363 50.8630066, -114.0508696 50.8630056, -114.0482023 50.8630044, -114.0479169 50.8630042)))"
159 210 AV SW,Non-Residential,BELMONT,S-FUD,"MULTIPOLYGON (((-114.0362079 50.8632087, -114.0373773 50.8644056, -114.0384403 50.8654421, -114.0384671 50.865429, -114.0385754 50.8654074, -114.0418198 50.8647603, -114.0430868 50.8638566, -114.0437456 50.8631824, -114.036208 50.8631771, -114.0362079 50.8632087)))"
159R 210 AV SW,Non-Residential,BELMONT,S-FUD,"MULTIPOLYGON (((-114.036208 50.8631771, -114.036177 50.8631771, -114.0362079 50.8632087, -114.036208 50.8631771)))"
20875 SHERIFF KING GV SW,Residential,BELMONT,S-FUD,"MULTIPOLYGON (((-114.0479062 50.8674311, -114.0478946 50.8704164, -114.0519024 50.8704239, -114.0487301 50.8681334, -114.0486173 50.8680504, -114.0485073 50.8679659, -114.0484 50.8678801, -114.0482955 50.8677929, -114.0481938 50.8677043, -114.048095 50.8676145, -114.0479991 50.8675234, -114.0479062 50.8674311)))"
205 210 AV SW,Non-Residential,RESIDUAL WARD 13 - SUB AREA 13M,S-FUD,"MULTIPOLYGON (((-114.0479183 50.8619453, -114.0479169 50.8630042, -114.0482023 50.8630044, -114.0482023 50.8630041, -114.0482023 50.862993, -114.0482025 50.862867, -114.0482026 50.862817, -114.0482031 50.8625136, -114.0482031 50.8625103, -114.048205 50.8613137, -114.0479183 50.8619453)))"
220 218 AV SW,Residential,RESIDUAL WARD 13 - SUB AREA 13M,S-FUD,"MULTIPOLYGON (((-114.048205 50.8613137, -114.0481915 50.8625338, -114.048773 50.8615227, -114.0498997 50.8590781, -114.0500337 50.8587704, -114.0501629 50.8584618, -114.0502871 50.8581525, -114.0504065 50.8578423, -114.050521 50.8575314, -114.0506305 50.8572199, -114.0507351 50.8569076, -114.0508348 50.8565947, -114.0510487 50.8559129, -114.0510916 50.8557748, -114.0504262 50.8557735, -114.0501936 50.856515, -114.0500953 50.8568235, -114.0499921 50.8571314, -114.0498841 50.8574387, -114.0497712 50.8577453, -114.0496535 50.8580511, -114.049531 50.8583562, -114.0494037 50.8586604, -114.0492716 50.8589639, -114.048205 50.8613137)))"
220 218 AV SW,Residential,RESIDUAL WARD 13 - SUB AREA 13M,S-FUD,"MULTIPOLYGON (((-114.0479215 50.8599595, -114.0479198 50.8609688, -114.0488563 50.8588975, -114.0489877 50.8585958, -114.0491144 50.8582932, -114.0492362 50.8579899, -114.0493533 50.8576859, -114.0494655 50.8573811, -114.0495729 50.8570756, -114.0496755 50.8567695, -114.0497732 50.8564627, -114.0499887 50.8557758, -114.0495409 50.855776, -114.0493443 50.8564094, -114.0492474 50.8567134, -114.0491458 50.8570169, -114.0490393 50.8573196, -114.0489281 50.8576217, -114.048812 50.8579231, -114.0486913 50.8582237, -114.0485657 50.8585236, -114.0484354 50.8588226, -114.0479215 50.8599595)))"
210 218 AV SW,Residential,RESIDUAL WARD 13 - SUB AREA 13M,S-FUD,"MULTIPOLYGON (((-114.0495168 50.8557759, -114.0479356 50.8557749, -114.0479243 50.8582201, -114.0479215 50.8599595, -114.0484354 50.8588226, -114.0485657 50.8585236, -114.0486913 50.8582237, -114.048812 50.8579231, -114.0489281 50.8576217, -114.0490393 50.8573196, -114.0491458 50.8570169, -114.0492474 50.8567134, -114.0493443 50.8564094, -114.0495409 50.855776, -114.0495168 50.8557759)))"
21800 SHERIFF KING GV SW,Farm Land,RESIDUAL WARD 13 - SUB AREA 13M,S-FUD,"MULTIPOLYGON (((-114.0419198 50.8630003, -114.0439222 50.8630017, -114.0467027 50.8630037, -114.0476366 50.8609381, -114.0476436 50.8584074, -114.0476444 50.8581441, -114.047651 50.8557748, -114.0476705 50.8487663, -114.0419652 50.8487696, -114.0419585 50.850824, -114.0419423 50.8557718, -114.0419198 50.8630003)))"
180 226 AV SW,Farm Land,RESIDUAL WARD 13 - SUB AREA 13M,S-FUD,"MULTIPOLYGON (((-114.0393997 50.848771, -114.0393925 50.8508253, -114.0419585 50.850824, -114.0419652 50.8487696, -114.0393997 50.848771)))"
170 226 AV SW,Residential,RESIDUAL WARD 13 - SUB AREA 13M,S-FUD,"MULTIPOLYGON (((-114.0390912 50.8557704, -114.0419423 50.8557718, -114.0419585 50.850824, -114.0393925 50.8508253, -114.0393997 50.848771, -114.0391158 50.8487711, -114.0391117 50.8499595, -114.0391088 50.8507955, -114.0390912 50.8557704)))"
160 226 AV SW,Residential,RESIDUAL WARD 13 - SUB AREA 13M,S-FUD,"MULTIPOLYGON (((-114.0366923 50.8487723, -114.0366878 50.8500047, -114.0391117 50.8499595, -114.0391158 50.8487711, -114.0366923 50.8487723)))"
166 226 AV SW,Farm Land,RESIDUAL WARD 13 - SUB AREA 13M,S-FUD,"MULTIPOLYGON (((-114.0366878 50.8500047, -114.036685 50.8507968, -114.0391088 50.8507955, -114.0391117 50.8499595, -114.0366878 50.8500047)))"
140 226 AV SW,Residential,RESIDUAL WARD 13 - SUB AREA 13M,S-FUD,"MULTIPOLYGON (((-114.0345159 50.8522887, -114.0362471 50.8522883, -114.0362598 50.8487728, -114.0362598 50.8487663, -114.0345295 50.8487673, -114.0345159 50.8522887)))"
150 226 AV SW,Non-Residential,RESIDUAL WARD 13 - SUB AREA 13M,S-FUD,"MULTIPOLYGON (((-114.0362347 50.8557689, -114.0390912 50.8557704, -114.0391088 50.8507955, -114.036685 50.8507968, -114.0366878 50.8500047, -114.0366923 50.8487723, -114.0362598 50.8487728, -114.0362471 50.8522883, -114.0362425 50.8535982, -114.0362347 50.8557689)))"
130 226 AV SW,Residential,RESIDUAL WARD 13 - SUB AREA 13M,S-FUD,"MULTIPOLYGON (((-114.0327991 50.8487681, -114.0327861 50.8516136, -114.0333348 50.8522892, -114.0345159 50.8522887, -114.0345295 50.8487673, -114.0327991 50.8487681)))"
110 226 AV SW,Residential,RESIDUAL WARD 13 - SUB AREA 13M,S-FUD,"MULTIPOLYGON (((-114.0302987 50.8487679, -114.0248981 50.8487764, -114.0249035 50.8488014, -114.0249883 50.849195, -114.0258259 50.8502247, -114.0302987 50.8487679)))"
21441 MACLEOD TR SW,Non-Residential,BELMONT,S-FUD,"MULTIPOLYGON (((-114.0342111 50.8606156, -114.0344242 50.8612029, -114.0357026 50.8626525, -114.0360015 50.8629961, -114.0361646 50.8629963, -114.0361683 50.8629962, -114.0362087 50.8629963, -114.0362099 50.8626536, -114.0362173 50.860613, -114.0342111 50.8606156)))"
21441 MACLEOD TR SW,Non-Residential,BELMONT,S-FUD,"MULTIPOLYGON (((-114.0342111 50.8606156, -114.0344242 50.8612029, -114.0357026 50.8626525, -114.0360015 50.8629961, -114.0361646 50.8629963, -114.0361683 50.8629962, -114.0362087 50.8629963, -114.0362099 50.8626536, -114.0362173 50.860613, -114.0342111 50.8606156)))"
21655 MACLEOD TR SW,Residential,RESIDUAL WARD 13 - SUB AREA 13M,S-FUD,"MULTIPOLYGON (((-114.0316241 50.8573633, -114.0341655 50.8604899, -114.0342111 50.8606156, -114.0362173 50.860613, -114.0362344 50.8558581, -114.0316241 50.8573633)))"
21825 MACLEOD TR SW,Residential,RESIDUAL WARD 13 - SUB AREA 13M,S-FUD,"MULTIPOLYGON (((-114.0301743 50.8555795, -114.0316241 50.8573633, -114.0362344 50.8558581, -114.0362347 50.8557689, -114.0362425 50.8535982, -114.0301743 50.8555795)))"
21909 MACLEOD TR SW,Residential,RESIDUAL WARD 13 - SUB AREA 13M,S-FUD,"MULTIPOLYGON (((-114.0286776 50.8538106, -114.0297273 50.8550278, -114.0301743 50.8555795, -114.0362425 50.8535982, -114.0362471 50.8522883, -114.0345159 50.8522887, -114.0333348 50.8522892, -114.0313765 50.852929, -114.0286776 50.8538106)))"
22323 MACLEOD TR SW,Residential,RESIDUAL WARD 13 - SUB AREA 13M,S-FUD,"MULTIPOLYGON (((-114.026551 50.8511161, -114.0265926 50.8511673, -114.0272299 50.8520236, -114.0299273 50.8511446, -114.0318866 50.8505061, -114.0311624 50.8496143, -114.026551 50.8511161)))"
22445 MACLEOD TR SW,Residential,RESIDUAL WARD 13 - SUB AREA 13M,S-FUD,"MULTIPOLYGON (((-114.0258259 50.8502247, -114.026551 50.8511161, -114.0311624 50.8496143, -114.030476 50.8487691, -114.0304748 50.8487677, -114.0302987 50.8487679, -114.0258259 50.8502247)))"
220 LEGACY VILLAGE LI SE,Non-Residential,LEGACY,S-FUD,"MULTIPOLYGON (((-114.0247866 50.8622624, -114.0247918 50.8629881, -114.0252811 50.8629884, -114.026233 50.8629893, -114.026234 50.8622648, -114.0261671 50.8622647, -114.0261376 50.8622646, -114.0247866 50.8622624)))"
185 210 AV SW,Non-Residential,RESIDUAL WARD 13 - SUB AREA 13K,S-FUD,"MULTIPOLYGON (((-114.0467027 50.8630037, -114.0469997 50.8630039, -114.0476347 50.8615994, -114.0476366 50.8609381, -114.0467027 50.8630037)))"
170R 226 AV SW,Residential,RESIDUAL WARD 13 - SUB AREA 13M,S-FUD,"MULTIPOLYGON (((-114.0362087 50.8629963, -114.0377887 50.8629974, -114.0381658 50.8629977, -114.0419198 50.8630003, -114.0419423 50.8557718, -114.0390912 50.8557704, -114.0362347 50.8557689, -114.0362344 50.8558581, -114.0362173 50.860613, -114.0362099 50.8626536, -114.0362087 50.8629963)))"
20900R 28 ST SE,Farm Land,CRANSTON,S-FUD,"MULTIPOLYGON (((-113.9923544 50.8714313, -113.9924135 50.8715174, -113.9924483 50.8715881, -113.9924946 50.8716724, -113.9926805 50.8718527, -113.9928386 50.8719862, -113.992948 50.872213, -113.9930275 50.8724, -113.9931201 50.8725693, -113.9931734 50.8727676, -113.9932287 50.8728917, -113.9933372 50.8730588, -113.993391 50.8730772, -113.9934052 50.8731543, -113.9934937 50.8733207, -113.9936177 50.8734728, -113.9936984 50.873619, -113.9937552 50.873766, -113.993851 50.8739533, -113.9939745 50.8740038, -113.9941341 50.874011, -113.9941956 50.8739488, -113.9942515 50.8737644, -113.9942908 50.8736226, -113.9942716 50.8734333, -113.9941974 50.8732404, -113.994109 50.8730599, -113.9940415 50.8729629, -113.9940092 50.8728207, -113.9939695 50.8726647, -113.9938689 50.8724973, -113.9937339 50.8722794, -113.993611 50.872102, -113.9935818 50.8720782, -113.9935808 50.8720419, -113.9935209 50.8720122, -113.993507 50.8719267, -113.9933642 50.8717158, -113.993197 50.8714815, -113.9931373 50.8713917, -113.9930602 50.8713151, -113.9929666 50.8712897, -113.9929255 50.8712912, -113.9929315 50.8713559, -113.9928801 50.8713512, -113.992832 50.871365, -113.9928304 50.8713156, -113.9928851 50.8712747, -113.9927657 50.8712005, -113.99258 50.8712634, -113.9924949 50.8712171, -113.9924648 50.8712171, -113.992454 50.8711937, -113.9924099 50.8712083, -113.9923805 50.8712679, -113.9923544 50.8714313)))"
20900R 28 ST SE,Farm Land,CRANSTON,S-FUD,"MULTIPOLYGON (((-113.9915207 50.8704247, -113.991479 50.8705473, -113.9914895 50.8706331, -113.9914213 50.870759, -113.9914513 50.8708664, -113.9914827 50.8709273, -113.9916214 50.871022, -113.9916994 50.871167, -113.9917421 50.8711997, -113.9918088 50.8711644, -113.991888 50.8711164, -113.9919386 50.8710428, -113.9920012 50.8709589, -113.9920054 50.8709312, -113.992039 50.8709261, -113.9921124 50.8708513, -113.9921758 50.8707417, -113.9922099 50.8706422, -113.9921907 50.8705142, -113.9920931 50.8704283, -113.9920229 50.8702944, -113.9918036 50.8701421, -113.9917654 50.8701317, -113.991752 50.8701616, -113.9917633 50.8702257, -113.991772 50.8702868, -113.9917112 50.8703255, -113.9916488 50.8703111, -113.9915889 50.8703211, -113.9915207 50.8704247)))"
20900R 28 ST SE,Farm Land,CRANSTON,S-FUD,"MULTIPOLYGON (((-113.9880968 50.8674606, -113.9880919 50.8675277, -113.9879575 50.8677683, -113.9879537 50.8679152, -113.9879916 50.868047, -113.9880904 50.868132, -113.9881505 50.8682222, -113.9882362 50.8683529, -113.9883388 50.8684857, -113.988397 50.8685232, -113.9884099 50.8685735, -113.9885032 50.8686473, -113.9886452 50.8687631, -113.9887625 50.868853, -113.9889092 50.8689526, -113.9890321 50.8690461, -113.989171 50.8691361, -113.9893446 50.8692503, -113.9895006 50.8693418, -113.9895843 50.8693892, -113.9897731 50.8695106, -113.9899644 50.8696667, -113.9902044 50.8698342, -113.9903402 50.8700314, -113.9905634 50.8701915, -113.9907527 50.8703667, -113.9908862 50.8704964, -113.9909694 50.8706093, -113.9910488 50.8706489, -113.9911016 50.8705441, -113.991194 50.8704321, -113.9912934 50.8703578, -113.9913769 50.8702632, -113.9914553 50.870186, -113.9914457 50.8701125, -113.9914793 50.8700554, -113.9912643 50.869818, -113.9911617 50.8697095, -113.9910334 50.8696233, -113.9908417 50.8695642, -113.9906443 50.8695221, -113.9904681 50.8694671, -113.9902626 50.8693358, -113.990028 50.8691594, -113.9898709 50.8690235, -113.9897111 50.8688805, -113.9894956 50.8687109, -113.9893343 50.8685963, -113.9891298 50.8684791, -113.9889342 50.8683081, -113.9888023 50.8681425, -113.9886891 50.8679873, -113.9885384 50.8678445, -113.9884022 50.8677127, -113.9882862 50.8675867, -113.9881426 50.8674292, -113.9880968 50.8674606)))"
20900R 28 ST SE,Farm Land,CRANSTON,S-FUD,"MULTIPOLYGON (((-113.9866511 50.8657708, -113.9866292 50.8658581, -113.9866688 50.8659871, -113.9867323 50.8661335, -113.9867735 50.8662885, -113.986816 50.8664229, -113.98686 50.8665544, -113.9869136 50.8666901, -113.9869878 50.8668302, -113.9870478 50.8669884, -113.9871126 50.8671014, -113.9871976 50.8672544, -113.987334 50.8673949, -113.9874507 50.8675157, -113.9875132 50.8675901, -113.9876038 50.8677041, -113.9877024 50.8676348, -113.9878406 50.867516, -113.9878868 50.867437, -113.9879045 50.8672787, -113.987828 50.8670958, -113.987717 50.866952, -113.9875983 50.8668013, -113.9874398 50.8666489, -113.9873563 50.8665091, -113.9872305 50.866342, -113.9871434 50.8662069, -113.9870135 50.8660497, -113.98691 50.8658929, -113.9868318 50.8657845, -113.9867059 50.865701, -113.9866511 50.8657708)))"
221 218 AV SW,Residential,RESIDUAL WARD 13 - SUB AREA 13M,S-FUD,"MULTIPOLYGON (((-114.0504262 50.8557735, -114.0510916 50.8557748, -114.0522942 50.8518847, -114.0516588 50.8518048, -114.0516583 50.8518048, -114.0504262 50.8557735)))"
221 218 AV SW,Residential,RESIDUAL WARD 13 - SUB AREA 13M,S-FUD,"MULTIPOLYGON (((-114.0495409 50.855776, -114.0499887 50.8557758, -114.0512386 50.8517514, -114.0512354 50.851751, -114.0507949 50.8516957, -114.0495409 50.855776)))"
12025 SARCEE TR NW,Non-Residential,RESIDUAL WARD 2 - SUB AREA 2F,S-FUD,"MULTIPOLYGON (((-114.1639638 51.156481, -114.1639449 51.1565567, -114.1639281 51.1566326, -114.1639133 51.1567087, -114.1639006 51.1567848, -114.1638926 51.1568442, -114.1638868 51.1569037, -114.1638832 51.1569632, -114.1638818 51.1570227, -114.1638826 51.1570823, -114.1638857 51.1571418, -114.1638909 51.1572013, -114.1638983 51.1572607, -114.1639235 51.1574162, -114.1639544 51.1575712, -114.1642334 51.1588495, -114.1642425 51.1588982, -114.1642482 51.1589472, -114.1642507 51.1589963, -114.1642499 51.1590453, -114.1642458 51.1590944, -114.1642385 51.1591432, -114.1642278 51.1591919, -114.1642139 51.1592402, -114.1641968 51.1592881, -114.1641765 51.1593355, -114.1641531 51.1593823, -114.1641265 51.1594285, -114.1640969 51.1594739, -114.1640642 51.1595186, -114.1640286 51.1595623, -114.1639901 51.159605, -114.1639488 51.1596467, -114.1639047 51.1596873, -114.1638579 51.1597266, -114.1638085 51.1597647, -114.1637567 51.1598015, -114.1637024 51.1598368, -114.1636458 51.1598707, -114.1635869 51.1599031, -114.163526 51.1599339, -114.163463 51.1599631, -114.1633982 51.1599906, -114.1633315 51.1600163, -114.1632632 51.1600403, -114.1631934 51.1600625, -114.1631221 51.1600828, -114.1630496 51.1601012, -114.1630123 51.160112, -114.1629779 51.1601261, -114.1629471 51.1601431, -114.1629204 51.1601627, -114.1628985 51.1601845, -114.1628818 51.1602081, -114.1628707 51.1602329, -114.1628653 51.1602584, -114.1628451 51.1604666, -114.1630313 51.1614839, -114.1643159 51.1614859, -114.1643044 51.1551887, -114.1639638 51.156481)))"
2220 68 ST SE,Non-Residential,RESIDUAL WARD 9 - SUB AREA 9Q,S-FUD,"MULTIPOLYGON (((-113.9292779 51.0376131, -113.9303814 51.0376163, -113.9334995 51.0376113, -113.9340963 51.0376098, -113.9346932 51.0376054, -113.934714 51.0376046, -113.9347347 51.0376026, -113.9347549 51.0375993, -113.9347745 51.0375948, -113.9347933 51.0375891, -113.9348111 51.0375822, -113.9348278 51.0375743, -113.9348432 51.0375655, -113.9348572 51.0375557, -113.9348696 51.0375451, -113.9348802 51.0375338, -113.9348891 51.0375219, -113.9348961 51.0375095, -113.9349011 51.0374968, -113.9349041 51.0374838, -113.9349051 51.0374707, -113.9349053 51.0372746, -113.9349073 51.0372271, -113.9349133 51.0371797, -113.9349233 51.0371326, -113.9349372 51.0370858, -113.9349801 51.0369642, -113.9349949 51.0369161, -113.9350056 51.0368676, -113.9350121 51.0368187, -113.9350143 51.0367697, -113.9350164 51.0341643, -113.9292837 51.0341671, -113.9292783 51.036794, -113.9292779 51.0376131)))"
12011R 84 ST NE,Non-Residential,RESIDUAL WARD 5 - SUB AREA 5E,S-FUD,"MULTIPOLYGON (((-113.9177671 51.1616576, -113.9177651 51.1624136, -113.9178406 51.1622252, -113.9179132 51.1620364, -113.9179831 51.1618472, -113.9180501 51.1616575, -113.9177671 51.1616576)))"
12111 84 ST NE,Farm Land,RESIDUAL WARD 5 - SUB AREA 5E,S-FUD,"MULTIPOLYGON (((-113.9120154 51.1634627, -113.9120132 51.1688987, -113.9136741 51.1688997, -113.9137758 51.1687927, -113.913891 51.1686688, -113.9140027 51.1685436, -113.9141107 51.1684171, -113.9142151 51.1682895, -113.9143158 51.1681607, -113.9144128 51.1680307, -113.914506 51.1678997, -113.9145953 51.1677677, -113.9159763 51.1656755, -113.9161628 51.1654047, -113.9163432 51.1651322, -113.9165175 51.1648582, -113.9166855 51.1645826, -113.9168474 51.1643056, -113.917003 51.1640272, -113.9171523 51.1637475, -113.9172953 51.1634664, -113.9120154 51.1634627)))"
21101 40 ST SE,Non-Residential,CRANSTON,S-FUD,"MULTIPOLYGON (((-113.9808453 50.858711, -113.9808509 50.8586021, -113.980841 50.8583915, -113.9808295 50.8582562, -113.9807876 50.8581561, -113.9806718 50.8580018, -113.9805927 50.857966, -113.9802271 50.8578042, -113.9800979 50.8577573, -113.9800621 50.8577294, -113.9800402 50.8576912, -113.9797818 50.8575781, -113.9796856 50.857552, -113.9794904 50.8574946, -113.9790621 50.8573552, -113.9789606 50.857332, -113.978926 50.857332, -113.9789066 50.857388, -113.9788914 50.8574426, -113.9788785 50.8574918, -113.9788569 50.8575122, -113.9788655 50.8575341, -113.9789432 50.8576311, -113.9789906 50.8577089, -113.9790727 50.857784, -113.9791396 50.8578564, -113.9791633 50.8578851, -113.9791849 50.8579111, -113.9791827 50.8579507, -113.9791676 50.8579793, -113.9791287 50.8580422, -113.9791394 50.858105, -113.9791567 50.8581405, -113.979309 50.8582876, -113.9793474 50.8583752, -113.9793963 50.8584184, -113.9794602 50.8585168, -113.979505 50.8585613, -113.9795369 50.858572, -113.9797542 50.8587948, -113.979872 50.858915, -113.9799791 50.8590014, -113.9800743 50.8590503, -113.9801521 50.8590823, -113.9802173 50.8591076, -113.9803855 50.8591688, -113.9804318 50.8591754, -113.9805831 50.8592818, -113.9806189 50.8593018, -113.9806609 50.8592965, -113.9806904 50.8592859, -113.9807206 50.8592659, -113.9807277 50.8592363, -113.980739 50.859205, -113.9807405 50.8591674, -113.9807462 50.8591199, -113.9807589 50.8590966, -113.9807641 50.8590558, -113.980762 50.8590252, -113.9807789 50.8589201, -113.9808209 50.8588629, -113.9808453 50.858711)))"
21101 40 ST SE,Non-Residential,CRANSTON,S-FUD,"MULTIPOLYGON (((-113.9825436 50.8586837, -113.9824975 50.858639, -113.9824791 50.8586235, -113.982301 50.8585205, -113.9821413 50.858435, -113.9820413 50.858382, -113.9818971 50.8583309, -113.9817652 50.8582799, -113.9816014 50.8581995, -113.9814451 50.8581299, -113.9813815 50.8581129, -113.9813571 50.8581222, -113.9813375 50.8581546, -113.9812983 50.8583664, -113.9813098 50.8585518, -113.9813262 50.8588017, -113.9813284 50.8588842, -113.9813236 50.8589364, -113.9812921 50.8590702, -113.9812695 50.8592808, -113.9812559 50.8593861, -113.9813375 50.8595814, -113.9814448 50.8597302, -113.9815265 50.859853, -113.9815878 50.8599856, -113.9816747 50.8601182, -113.9818083 50.8603259, -113.9819462 50.8603971, -113.9819824 50.8604591, -113.9819824 50.8605211, -113.9820296 50.8606014, -113.9821965 50.8608058, -113.9824059 50.8610009, -113.9825936 50.8611726, -113.9828651 50.8614193, -113.9830401 50.8615852, -113.9831952 50.8617018, -113.9833708 50.8618463, -113.9835259 50.8619463, -113.98366 50.862035, -113.9838167 50.8621145, -113.9840906 50.862241, -113.9842148 50.8623032, -113.9843501 50.8623794, -113.9845889 50.8625204, -113.9846656 50.8625624, -113.9847025 50.8625698, -113.9848662 50.862665, -113.9849444 50.8626958, -113.985173 50.8627845, -113.9852851 50.8628424, -113.9853198 50.8628413, -113.9853906 50.8628382, -113.985421 50.8628286, -113.9854463 50.8627869, -113.985454 50.8627229, -113.9854464 50.8626477, -113.985416 50.8625677, -113.985373 50.8624908, -113.9853112 50.8624282, -113.9852709 50.8624014, -113.9852246 50.8623683, -113.9852085 50.862311, -113.9851824 50.8621721, -113.9851542 50.862018, -113.9851361 50.8619683, -113.9851067 50.8618584, -113.9850651 50.8617154, -113.9850106 50.8615664, -113.9849866 50.8614793, -113.9849162 50.8613108, -113.9848695 50.861222, -113.9847812 50.8610462, -113.9846065 50.8607198, -113.9845726 50.8606623, -113.9844621 50.8605357, -113.9843676 50.8604079, -113.9842482 50.8602476, -113.9841909 50.8601539, -113.9839578 50.8598256, -113.9839102 50.8597609, -113.9837888 50.8596284, -113.9836199 50.8594568, -113.9835045 50.8593549, -113.9833017 50.8591822, -113.9831855 50.8591001, -113.9829449 50.8589325, -113.982699 50.8587922, -113.9826111 50.8587381, -113.9825436 50.8586837)))"
7330 TWELVE MI COULEE RD NW,Non-Residential,TUSCANY,S-FUD,"MULTIPOLYGON (((-114.2566737 51.1250087, -114.2573253 51.1250091, -114.2573226 51.1177773, -114.2573224 51.1164935, -114.2572576 51.1164528, -114.2567183 51.1164529, -114.2566696 51.1164605, -114.2566696 51.1166715, -114.2566696 51.1168016, -114.2566697 51.1168948, -114.2566697 51.1169829, -114.2566697 51.1170761, -114.2566697 51.1171693, -114.2566697 51.1172625, -114.2566698 51.1173506, -114.2566698 51.1174438, -114.2566698 51.117537, -114.2566698 51.117625, -114.2566698 51.1177182, -114.2566698 51.1177771, -114.2566698 51.1177777, -114.2566698 51.1177783, -114.2566698 51.1178114, -114.2566699 51.1179046, -114.25667 51.1180035, -114.25667 51.1181023, -114.2566701 51.118237, -114.2566703 51.1184873, -114.2566703 51.11861, -114.2566704 51.1188242, -114.2566705 51.1189748, -114.2566706 51.1191183, -114.2566706 51.1192339, -114.2566707 51.1193218, -114.2566707 51.1194152, -114.2566708 51.1195032, -114.2566708 51.1195966, -114.2566709 51.1196846, -114.2566709 51.119778, -114.256671 51.1198715, -114.256671 51.1199594, -114.2566711 51.1200714, -114.2566711 51.1201646, -114.2566712 51.1202578, -114.2566712 51.1203455, -114.2566713 51.1204373, -114.2566713 51.1206023, -114.2566715 51.120895, -114.2566717 51.1212069, -114.2566718 51.1215403, -114.2566721 51.1219013, -114.2566723 51.1223054, -114.2566724 51.1225766, -114.2566725 51.1227929, -114.2566726 51.122907, -114.2566726 51.1229947, -114.2566727 51.1230824, -114.2566727 51.1231701, -114.2566728 51.1232578, -114.2566728 51.1233455, -114.2566729 51.1234332, -114.2566729 51.123521, -114.256673 51.1236087, -114.256673 51.1236964, -114.2566731 51.1237841, -114.2566731 51.1238718, -114.2566731 51.1239595, -114.2566732 51.1240472, -114.2566733 51.124135, -114.2566733 51.1242227, -114.2566734 51.1243104, -114.2566734 51.1243981, -114.2566734 51.1245083, -114.2566736 51.1246946, -114.2566737 51.1248738, -114.2566737 51.1250087)))"
7330 TWELVE MI COULEE RD NW,Non-Residential,TUSCANY,S-FUD,"MULTIPOLYGON (((-114.2566695 51.1155639, -114.2566695 51.1156949, -114.2566696 51.1158993, -114.2566697 51.1161818, -114.2566697 51.1163216, -114.2566922 51.1163181, -114.2572576 51.116318, -114.2573224 51.1162772, -114.2573214 51.1105688, -114.2566686 51.1105699, -114.2566691 51.1146536, -114.2566692 51.1148847, -114.2566693 51.1150994, -114.2566694 51.1152742, -114.2566694 51.1154245, -114.2566695 51.1155639)))"
120 226 AV SW,Farm Land,RESIDUAL WARD 13 - SUB AREA 13M,S-FUD,"MULTIPOLYGON (((-114.0299273 50.8511446, -114.0313765 50.852929, -114.0333348 50.8522892, -114.0327861 50.8516136, -114.0327991 50.8487681, -114.030476 50.8487691, -114.0311624 50.8496143, -114.0318866 50.8505061, -114.0299273 50.8511446)))"
22225 MACLEOD TR SW,Residential,RESIDUAL WARD 13 - SUB AREA 13M,S-FUD,"MULTIPOLYGON (((-114.0272299 50.8520236, -114.0278172 50.8528127, -114.0286776 50.8538106, -114.0313765 50.852929, -114.0299273 50.8511446, -114.0272299 50.8520236)))"
4520 80 AV NE,Residential,SADDLE RIDGE,S-FUD,"MULTIPOLYGON (((-113.9686269 51.1254068, -113.968624 51.1254068, -113.9685913 51.1254067, -113.968589 51.1269429, -113.9685889 51.127044, -113.9686216 51.127044, -113.9693981 51.1270448, -113.9694118 51.127045, -113.969339 51.125839, -113.9693333 51.1257962, -113.969321 51.125754, -113.9693024 51.1257127, -113.9692776 51.1256727, -113.9692468 51.1256344, -113.9692103 51.1255981, -113.9691684 51.1255642, -113.9691216 51.1255329, -113.9690703 51.1255046, -113.9690148 51.1254795, -113.9689558 51.1254578, -113.9688938 51.1254398, -113.9688293 51.1254255, -113.9687629 51.1254152, -113.9686952 51.1254089, -113.9686269 51.1254068)))"
4704 80 AV NE,Residential,SADDLE RIDGE,S-FUD,"MULTIPOLYGON (((-113.9670121 51.1254047, -113.9662174 51.1253871, -113.9661517 51.1253857, -113.9656844 51.1253753, -113.9656843 51.1253807, -113.9656842 51.1254944, -113.9656825 51.1270405, -113.9661759 51.1270411, -113.9662416 51.1270412, -113.9671357 51.1270422, -113.9671358 51.1269411, -113.9671378 51.1254049, -113.9670121 51.1254047)))"
2496 FISH CREEK BV SW,Non-Residential,EVERGREEN,S-FUD,"MULTIPOLYGON (((-114.1178338 50.9241509, -114.1179769 50.9241705, -114.1179766 50.9240785, -114.1179755 50.9237427, -114.1179749 50.9236063, -114.1179745 50.9234473, -114.1179739 50.9232787, -114.1179731 50.9230954, -114.1179728 50.922954, -114.1179719 50.9226065, -114.1179718 50.9225211, -114.1179708 50.9223531, -114.1179679 50.9214735, -114.1178252 50.9214742, -114.1178286 50.9225213, -114.1178291 50.9226837, -114.1178315 50.9234269, -114.117832 50.9236062, -114.1178325 50.9237429, -114.1178338 50.9241509)))"
113 RIVER ROCK PL SE,Non-Residential,RIVERBEND,S-FUD,"MULTIPOLYGON (((-114.00486 50.9653249, -114.006751 50.965261, -114.0067851 50.9652599, -114.0072333 50.9652447, -114.0072522 50.9652248, -114.0072769 50.9652075, -114.0073063 50.9651934, -114.0073394 50.9651832, -114.007375 50.9651772, -114.0074118 50.9651756, -114.0074484 50.9651784, -114.0074835 50.9651856, -114.0077971 50.9650788, -114.0048601 50.9650786, -114.00486 50.9653249)))"
6107 BAROC RD NW,Residential,DALHOUSIE,S-FUD,"MULTIPOLYGON (((-114.1738706 51.1103189, -114.1742321 51.1104711, -114.1745588 51.1101634, -114.1748879 51.1098535, -114.1748791 51.109814, -114.1748642 51.1097752, -114.1748432 51.1097375, -114.1748164 51.1097013, -114.1747841 51.1096669, -114.1747465 51.1096347, -114.174704 51.1096049, -114.1746571 51.109578, -114.1738706 51.1103189)))"
11420 15 ST NE,Non-Residential,STONEY 1,S-FUD,"MULTIPOLYGON (((-114.0210642 51.1570644, -114.0247265 51.157065, -114.0247268 51.1549767, -114.0247269 51.1546414, -114.0247269 51.1545666, -114.0246835 51.1545706, -114.0245149 51.1545866, -114.0234982 51.1549141, -114.0216512 51.1549636, -114.0214096 51.1549707, -114.0208133 51.1554584, -114.0205586 51.155736, -114.0205025 51.1557934, -114.0204413 51.1558488, -114.0203753 51.155902, -114.0203046 51.1559527, -114.0202397 51.1559946, -114.0201716 51.1560345, -114.0201005 51.1560723, -114.0200266 51.1561079, -114.019955 51.1561391, -114.0198811 51.1561684, -114.0197914 51.1562, -114.0196991 51.1562285, -114.0196044 51.1562539, -114.0195078 51.1562761, -114.0194093 51.156295, -114.0193094 51.1563105, -114.0192084 51.1563226, -114.0191064 51.1563313, -114.0190425 51.1563351, -114.0189784 51.1563374, -114.0178927 51.1563654, -114.0177953 51.1563685, -114.0176981 51.156373, -114.017601 51.1563786, -114.0175041 51.1563856, -114.0174075 51.1563938, -114.0173111 51.1564032, -114.0172151 51.1564139, -114.0171195 51.1564259, -114.0170242 51.156439, -114.0169294 51.1564534, -114.0168352 51.1564691, -114.0167414 51.1564859, -114.0166482 51.156504, -114.0165557 51.1565232, -114.0164638 51.1565437, -114.0163726 51.1565653, -114.0162821 51.1565881, -114.0161924 51.1566121, -114.0161035 51.1566372, -114.0160154 51.1566635, -114.0159283 51.1566909, -114.015842 51.1567195, -114.0157567 51.1567491, -114.0156724 51.1567799, -114.0155892 51.1568117, -114.015507 51.1568447, -114.0154259 51.1568786, -114.0153459 51.1569136, -114.0152671 51.1569497, -114.0151895 51.1569867, -114.0151132 51.1570248, -114.0150381 51.1570638, -114.016026 51.1570642, -114.0163938 51.1570642, -114.0164295 51.1570642, -114.0166381 51.157064, -114.0170546 51.1570641, -114.020853 51.1570641, -114.0210642 51.1570644)))"
9400 COUNTRY HILLS BV NW,Non-Residential,RESIDUAL WARD 1 - SUB AREA 1K,S-FUD,"MULTIPOLYGON (((-114.2226026 51.1563148, -114.2229075 51.1563146, -114.222906 51.1543145, -114.222601 51.1543141, -114.2226026 51.1563148)))"
14040 36 ST NE,Farm Land,STONEY 4,S-FUD,"MULTIPOLYGON (((-113.9710614 51.1797437, -113.9710909 51.179916, -113.9711168 51.1800884, -113.9711391 51.1802611, -113.9711576 51.1804339, -113.9711726 51.1806069, -113.9711838 51.18078, -113.9711914 51.1809532, -113.9711953 51.1811264, -113.9711951 51.1814932, -113.9714781 51.1828147, -113.9714825 51.1830359, -113.9714802 51.1831048, -113.9714767 51.183204, -113.9714658 51.183372, -113.9815164 51.1833676, -113.9815169 51.1820191, -113.9815169 51.1819741, -113.9815174 51.1797464, -113.9772312 51.1797489, -113.9741207 51.1797495, -113.9710614 51.1797437)))"
13880R 36 ST NE,Farm Land,STONEY 4,S-FUD,"MULTIPOLYGON (((-113.9710508 51.179744, -113.9741213 51.1797492, -113.9737056 51.1792405, -113.9716142 51.179642, -113.9710018 51.1795161, -113.9710272 51.17963, -113.9710508 51.179744)))"
6111 BAROC RD NW,Residential,DALHOUSIE,S-FUD,"MULTIPOLYGON (((-114.1742321 51.1104711, -114.1742659 51.1104853, -114.1746912 51.1104862, -114.1746947 51.1104862, -114.1747382 51.1104863, -114.1748051 51.1104864, -114.1748089 51.110461, -114.1748878 51.1099273, -114.1748905 51.1098904, -114.1748879 51.1098535, -114.1745588 51.1101634, -114.1742321 51.1104711)))"
10840 SARCEE TR NW,Non-Residential,CITADEL,S-FUD,"MULTIPOLYGON (((-114.1652808 51.1504619, -114.1652197 51.1505578, -114.1658266 51.1504552, -114.166865 51.1494247, -114.1670191 51.1490584, -114.1679417 51.1468647, -114.1676262 51.1468645, -114.1674239 51.1468644, -114.1670266 51.1468642, -114.1670297 51.1469541, -114.167031 51.1470881, -114.1670289 51.1472222, -114.1670233 51.1473562, -114.1670143 51.1474902, -114.1670019 51.1476241, -114.1669861 51.1477578, -114.1669669 51.1478913, -114.1669442 51.1480246, -114.1669187 51.1481527, -114.1668899 51.1482805, -114.1668557 51.1484164, -114.1668178 51.1485519, -114.1667862 51.1486554, -114.1667525 51.1487587, -114.1667167 51.1488617, -114.1666787 51.1489644, -114.1664993 51.1494356, -114.166482 51.1494736, -114.1664595 51.1495104, -114.1664319 51.1495459, -114.1663995 51.1495797, -114.1663625 51.1496116, -114.1663211 51.1496414, -114.1662758 51.1496687, -114.1662268 51.1496935, -114.166189 51.1497097, -114.1661496 51.1497245, -114.1661088 51.1497376, -114.1660668 51.149749, -114.1656715 51.149847, -114.1656073 51.1499481, -114.1652808 51.1504619)))"
12708 EVANSPARK BV NW,Non-Residential,EVANSTON,S-FUD,"MULTIPOLYGON (((-114.1177485 51.1687099, -114.117749 51.1683689, -114.1177324 51.1683549, -114.1177129 51.1683425, -114.1176908 51.168332, -114.1176665 51.1683234, -114.1176193 51.1683106, -114.1175706 51.1683001, -114.1175209 51.1682918, -114.1174704 51.1682859, -114.1173121 51.1682723, -114.1166076 51.1682733, -114.116417 51.1682736, -114.1161946 51.1682752, -114.1159722 51.1682791, -114.1157681 51.1682854, -114.1155923 51.1682941, -114.1154169 51.1683057, -114.1152421 51.1683203, -114.1150679 51.1683378, -114.1148946 51.1683583, -114.1147222 51.1683816, -114.1145509 51.1684079, -114.1143808 51.168437, -114.1142055 51.1684703, -114.1140318 51.1685066, -114.1138598 51.168546, -114.1136896 51.1685883, -114.1135765 51.1686184, -114.1134643 51.1686498, -114.1133531 51.1686826, -114.1132428 51.1687166, -114.1133236 51.1687165, -114.1137057 51.1687159, -114.114789 51.1687143, -114.1152505 51.1687136, -114.1153193 51.1687135, -114.1156938 51.1687129, -114.1159502 51.1687125, -114.116157 51.1687122, -114.1163229 51.168712, -114.1164887 51.1687118, -114.1166478 51.1687115, -114.1168364 51.1687112, -114.1170887 51.1687109, -114.1174804 51.1687103, -114.1177485 51.1687099)))"
8215 17 AV SE,Non-Residential,BELVEDERE,S-FUD,"MULTIPOLYGON (((-113.9154269 51.0361023, -113.9154268 51.0361025, -113.9151158 51.0361101, -113.9149933 51.036113, -113.9149028 51.0361152, -113.9148122 51.0361174, -113.9147216 51.0361196, -113.914574 51.0361232, -113.9145739 51.0361232, -113.9145733 51.0361232, -113.9146116 51.0367519, -113.9146119 51.0367519, -113.914612 51.0367519, -113.9160683 51.0367166, -113.9169677 51.0361243, -113.9170763 51.0343835, -113.9154269 51.0361023)))"
6111 84 ST NE,Farm Land,RESIDUAL WARD 10 - SUB AREA 10D,S-FUD,"MULTIPOLYGON (((-113.9120376 51.1034092, -113.912037 51.1051439, -113.9120355 51.1106444, -113.9148219 51.1106445, -113.9148222 51.1106445, -113.9148231 51.1104061, -113.9148231 51.1103866, -113.9148238 51.1102056, -113.9172397 51.1088568, -113.9172443 51.1060302, -113.9172486 51.1034083, -113.9120376 51.1034092)))"
5335 84 ST NE,Residential,RESIDUAL WARD 10 - SUB AREA 10D,S-FUD,"MULTIPOLYGON (((-113.9120368 51.1024676, -113.912037 51.1026704, -113.9120376 51.1034092, -113.9172486 51.1034083, -113.917251 51.1027564, -113.9162961 51.1027549, -113.9163057 51.1004536, -113.9147963 51.099501, -113.9142681 51.0991677, -113.91309 51.1011747, -113.9128131 51.1014697, -113.9139119 51.1014697, -113.9139126 51.1024673, -113.9120368 51.1024676)))"
13205 METIS TR NE,Non-Residential,STONEGATE LANDING,S-FUD,"MULTIPOLYGON (((-113.9700348 51.1725044, -113.9729915 51.1725058, -113.9731003 51.1725058, -113.9704862 51.1707824, -113.9704192 51.1707379, -113.9703105 51.1707378, -113.9700322 51.1707377, -113.9700348 51.1725044)))"
5000 133 ST NW,Farm Land,RESIDUAL WARD 1 - SUB AREA 1H,S-FUD,"MULTIPOLYGON (((-114.2703153 51.1006091, -114.27037 51.100639, -114.2704132 51.1006726, -114.270454 51.1006907, -114.2704991 51.1006987, -114.2705449 51.1007035, -114.2705928 51.1007056, -114.2706422 51.100703, -114.2706922 51.1006959, -114.27074 51.1006884, -114.2707915 51.1006799, -114.2708451 51.100671, -114.2709002 51.100663, -114.2709365 51.1006596, -114.2709894 51.1006539, -114.2710271 51.1006509, -114.2710794 51.1006457, -114.271133 51.1006404, -114.2711729 51.1006356, -114.2712215 51.1006286, -114.2712737 51.1006219, -114.2713259 51.1006148, -114.2713722 51.1006036, -114.2714163 51.100586, -114.2714677 51.1005643, -114.2715168 51.1005385, -114.2715733 51.1005213, -114.2716232 51.1005037, -114.2716723 51.1004829, -114.2717121 51.1004631, -114.2717509 51.1004273, -114.2718009 51.1004179, -114.2718488 51.1004154, -114.2718858 51.1004097, -114.2719351 51.1004022, -114.2719881 51.1004019, -114.272036 51.1004049, -114.2720882 51.1004024, -114.272139 51.1003962, -114.272181 51.1003896, -114.2722129 51.1003853, -114.2722623 51.1003805, -114.2723189 51.1003771, -114.2723726 51.1003759, -114.2724204 51.1003715, -114.2724719 51.1003635, -114.2725198 51.1003606, -114.2725627 51.1003718, -114.272615 51.100372, -114.2726563 51.100364, -114.2727107 51.1003587, -114.27276 51.1003553, -114.2728116 51.1003569, -114.2728625 51.1003653, -114.2729032 51.1003743, -114.272957 51.1003836, -114.2730115 51.1003829, -114.2730666 51.100379, -114.2731144 51.1003737, -114.2731645 51.1003707, -114.2732088 51.1003682, -114.2732545 51.1003657, -114.2733002 51.1003641, -114.2733561 51.1003616, -114.2733931 51.1003605, -114.2734461 51.1003588, -114.2734816 51.1003573, -114.2735288 51.1003548, -114.2735796 51.10035, -114.2736296 51.1003434, -114.2736818 51.100339, -114.2737311 51.1003369, -114.2737819 51.1003321, -114.273837 51.1003264, -114.2738856 51.1003188, -114.2739363 51.1003117, -114.2739682 51.1003084, -114.2740089 51.1003045, -114.2740647 51.1003015, -114.2741097 51.1003004, -114.2741526 51.1003006, -114.2742056 51.1003008, -114.2742491 51.1003025, -114.2742934 51.1003027, -114.2743362 51.100302, -114.2743914 51.1002995, -114.2744371 51.1002988, -114.2744938 51.1003008, -114.2745409 51.1003015, -114.274586 51.1003013, -114.2746193 51.1003007, -114.2746731 51.1002995, -114.2747231 51.1002979, -114.2747761 51.1002922, -114.2748297 51.1002864, -114.2748848 51.1002811, -114.2749327 51.1002772, -114.2749857 51.1002779, -114.2750424 51.1002785, -114.2750794 51.1002797, -114.2751266 51.100279, -114.2751496 51.1002763, -114.2752549 51.1002844, -114.2753804 51.1002836, -114.2754823 51.1002861, -114.2755859 51.100287, -114.2756864 51.1002896, -114.2758069 51.1002963, -114.275912 51.1003038, -114.2760464 51.1003084, -114.2761604 51.1003116, -114.2762894 51.1003121, -114.276362 51.1003125, -114.2764726 51.1003166, -114.2765588 51.1003258, -114.276656 51.1003316, -114.2767725 51.1003344, -114.2768805 51.1003411, -114.2769831 51.1003532, -114.2770455 51.100358, -114.2771035 51.1003595, -114.2771663 51.1003612, -114.277248 51.100364, -114.2773412 51.1003693, -114.2774388 51.100381, -114.2775238 51.1003856, -114.2776232 51.1003862, -114.2777312 51.1003844, -114.277826 51.1003816, -114.2779367 51.1003909, -114.2780225 51.1003941, -114.278118 51.1004056, -114.2782075 51.1004206, -114.2782904 51.1004331, -114.2783777 51.1004374, -114.278461 51.1004327, -114.2785497 51.100438, -114.2786387 51.1004435, -114.2787131 51.1004545, -114.2787848 51.1004559, -114.2788774 51.1004614, -114.2789616 51.100465, -114.2790496 51.1004093, -114.279154 51.1004384, -114.2792617 51.1004485, -114.2793693 51.1004586, -114.2794756 51.1004768, -114.2796068 51.1004774, -114.2797072 51.1004787, -114.279823 51.1004921, -114.2799942 51.1005147, -114.2801258 51.1005126, -114.2802528 51.1005378, -114.2804686 51.1005552, -114.2805437 51.1005641, -114.2805271 51.0961195, -114.2751736 51.0961253, -114.2747456 51.0961257, -114.2690685 51.0961391, -114.2690698 51.0992202, -114.2690699 51.0993289, -114.2690705 51.1004423, -114.2690706 51.1005158, -114.2690706 51.1006124, -114.2690868 51.100614, -114.2693038 51.1005961, -114.2695205 51.1005719, -114.2697369 51.1005351, -114.269927 51.100497, -114.2700201 51.1005752, -114.2700537 51.1005802, -114.2701059 51.1005731, -114.2701604 51.1005756, -114.2702048 51.1005864, -114.2702584 51.1005838, -114.2703153 51.1006091)))"
5750 133 ST NW,Non-Residential,HASKAYNE,S-FUD,"MULTIPOLYGON (((-114.2794804 51.1033534, -114.2805541 51.1035317, -114.2805541 51.1033509, -114.2794804 51.1033534)))"
6505 TWELVE MI COULEE RD NW,Farm Land,HASKAYNE,S-FUD,"MULTIPOLYGON (((-114.2576089 51.1119651, -114.2598403 51.1119641, -114.2598391 51.1109745, -114.2598401 51.1107501, -114.2598389 51.1106654, -114.2598393 51.1105676, -114.2592387 51.1105678, -114.2590944 51.1105673, -114.2589941 51.1105671, -114.258948 51.1105671, -114.2576087 51.1105684, -114.2576089 51.1119651)))"
14000 TRANS CANADA HI NW,Non-Residential,RESIDUAL WARD 1 - SUB AREA 1H,S-FUD,"MULTIPOLYGON (((-114.2894729 51.0888915, -114.289472 51.089001, -114.2894719 51.089845, -114.2923296 51.089848, -114.2923299 51.0890045, -114.2923299 51.0888953, -114.2894729 51.0888915)))"
10 FORZANI WY NW,Residential,RESIDUAL WARD 1 - SUB AREA 1H,S-FUD,"MULTIPOLYGON (((-114.2808368 51.0950553, -114.2813093 51.0950552, -114.2825045 51.0947204, -114.2831491 51.0942965, -114.2808362 51.0935832, -114.2808368 51.0950553)))"
20 FORZANI WY NW,Residential,RESIDUAL WARD 1 - SUB AREA 1H,S-FUD,"MULTIPOLYGON (((-114.2808372 51.0959405, -114.2825379 51.0959423, -114.282538 51.0952359, -114.2834055 51.0943755, -114.2831491 51.0942965, -114.2825045 51.0947204, -114.2813093 51.0950552, -114.2808368 51.0950553, -114.2808372 51.0959405)))"
30 FORZANI WY NW,Residential,RESIDUAL WARD 1 - SUB AREA 1H,S-FUD,"MULTIPOLYGON (((-114.2825379 51.0959423, -114.2841442 51.0959439, -114.2840944 51.0945879, -114.2834055 51.0943755, -114.282538 51.0952359, -114.2825379 51.0959423)))"
7905 133 ST NW,Residential,HASKAYNE,S-FUD,"MULTIPOLYGON (((-114.2808338 51.1177838, -114.2808341 51.125013, -114.2923461 51.1250099, -114.2923472 51.1235081, -114.2923473 51.1234193, -114.2922183 51.1233028, -114.292091 51.1231855, -114.2919653 51.1230676, -114.2918413 51.1229489, -114.2917189 51.1228296, -114.2915983 51.1227096, -114.2914793 51.1225889, -114.2913621 51.1224676, -114.2912466 51.1223456, -114.2911328 51.122223, -114.2910208 51.1220998, -114.2909105 51.1219759, -114.290802 51.1218514, -114.2906952 51.1217264, -114.2905902 51.1216007, -114.290487 51.1214744, -114.2903856 51.1213476, -114.290286 51.1212203, -114.2901882 51.1210923, -114.2900922 51.1209639, -114.289998 51.1208349, -114.2899056 51.1207053, -114.2898151 51.1205753, -114.2897264 51.1204448, -114.2896396 51.1203138, -114.2895546 51.1201823, -114.2894715 51.1200503, -114.2893903 51.1199179, -114.2893109 51.119785, -114.2892334 51.1196517, -114.2891578 51.119518, -114.2890841 51.1193838, -114.2882268 51.1177863, -114.2808338 51.1177838)))"
7905R 133 ST NW,Residential,HASKAYNE,S-FUD,"MULTIPOLYGON (((-114.2898343 51.1190696, -114.2899088 51.1192085, -114.290026 51.1194192, -114.290148 51.1196288, -114.2902748 51.1198374, -114.2904064 51.1200447, -114.2905427 51.1202508, -114.2906838 51.1204557, -114.2908296 51.1206592, -114.2909801 51.1208614, -114.2911352 51.1210623, -114.2912949 51.1212617, -114.2914592 51.1214596, -114.2916281 51.121656, -114.2918014 51.1218509, -114.2919793 51.1220441, -114.2921615 51.1222357, -114.2923481 51.1224257, -114.2923485 51.1219784, -114.2923538 51.1213521, -114.2923503 51.1209975, -114.2921117 51.1208576, -114.2920156 51.1208136, -114.2919573 51.1207981, -114.2917066 51.1206685, -114.2915141 51.1205387, -114.2914483 51.1205913, -114.2914027 51.1206045, -114.2913569 51.1205917, -114.2912136 51.1204041, -114.2911878 51.120331, -114.2910155 51.1201462, -114.2907356 51.1199985, -114.2906296 51.1198081, -114.2906292 51.1197767, -114.2904238 51.1196025, -114.2901978 51.1194467, -114.2900465 51.1192905, -114.290021 51.119251, -114.2899504 51.1191798, -114.2898935 51.1190978, -114.2898476 51.1190744, -114.2898343 51.1190696)))"
14505 80 AV NW,Non-Residential,HASKAYNE,S-FUD,"MULTIPOLYGON (((-114.3003152 51.1250071, -114.3010215 51.1250066, -114.3009233 51.1249546, -114.3008628 51.1249314, -114.3007674 51.1248848, -114.3006769 51.1248375, -114.3005909 51.1248086, -114.3005027 51.1247776, -114.3004701 51.1247754, -114.3004374 51.1247718, -114.3004139 51.1247392, -114.300219 51.1246879, -114.3000407 51.1246371, -114.2998851 51.1245936, -114.2997439 51.124533, -114.2995914 51.124444, -114.2994503 51.1243731, -114.2993355 51.1242986, -114.2992556 51.1242554, -114.2992144 51.1242343, -114.2991859 51.1241935, -114.2991369 51.1241474, -114.2991199 51.1240986, -114.2990852 51.1240743, -114.2990589 51.1240474, -114.2989982 51.124018, -114.2988624 51.1239458, -114.2987991 51.1238615, -114.298758 51.1237819, -114.2986047 51.123639, -114.2985021 51.1235963, -114.2983833 51.1235824, -114.2982904 51.1235919, -114.2982058 51.1236252, -114.2980749 51.1236853, -114.297853 51.1239007, -114.2978055 51.1241048, -114.2978229 51.1241779, -114.2978108 51.1242067, -114.2978112 51.1242433, -114.2976803 51.1244164, -114.2975528 51.1245346, -114.2972881 51.1246299, -114.2971724 51.1246827, -114.2971233 51.1247561, -114.2970905 51.1247876, -114.2970488 51.1247721, -114.2970214 51.1245579, -114.2971323 51.1244502, -114.2971819 51.1244291, -114.2972857 51.1244208, -114.2973726 51.1243917, -114.2974138 51.1243653, -114.2974547 51.1243076, -114.2974578 51.1242161, -114.2975305 51.1240328, -114.297516 51.1238525, -114.2975592 51.1236354, -114.2975814 51.1233896, -114.2975093 51.1232618, -114.2972752 51.1231322, -114.2972459 51.1231088, -114.2971918 51.1231012, -114.2968879 51.1230424, -114.2965926 51.1230045, -114.2962937 51.1230216, -114.2960149 51.1229784, -114.2957564 51.1228906, -114.2954851 51.122769, -114.2953637 51.1226885, -114.2952656 51.1224615, -114.2949818 51.1223426, -114.294423 51.1221412, -114.2939587 51.1218531, -114.2939045 51.1218403, -114.2938588 51.1218379, -114.293596 51.1217371, -114.2933537 51.1216127, -114.2929739 51.1214445, -114.2927602 51.1212808, -114.2925469 51.1211536, -114.2923503 51.1209975, -114.2923538 51.1213521, -114.294864 51.122905, -114.2974112 51.1235023, -114.2974002 51.1235288, -114.2967849 51.1250081, -114.2972959 51.125008, -114.2981283 51.1240767, -114.3003152 51.1250071)))"
13700 80 AV NW,Farm Land,HASKAYNE,S-FUD,"MULTIPOLYGON (((-114.2895614 51.1324069, -114.2896629 51.132544, -114.2899337 51.1324071, -114.2926884 51.1310214, -114.2955971 51.1261488, -114.2951953 51.1258133, -114.2945057 51.1252374, -114.2923461 51.1252384, -114.2809817 51.1252402, -114.2809815 51.1253496, -114.2820351 51.1253497, -114.2833916 51.1253497, -114.284533 51.1257519, -114.2852576 51.1263267, -114.2855162 51.1268274, -114.2857517 51.1272832, -114.2859872 51.1277391, -114.2862227 51.128195, -114.2864582 51.1286509, -114.2866062 51.1289375, -114.2877657 51.1287954, -114.2881189 51.1288657, -114.2889134 51.1290239, -114.2891828 51.1293092, -114.2895666 51.1297157, -114.2893921 51.1301258, -114.2891724 51.1306418, -114.2885375 51.1310414, -114.2880952 51.1313199, -114.2884972 51.1314294, -114.2887598 51.1316706, -114.2895614 51.1324069)))"
8335R 149 ST NW,Non-Residential,HASKAYNE,S-FUD,"MULTIPOLYGON (((-114.3153256 51.1396835, -114.3156026 51.1396844, -114.3158105 51.1396845, -114.3157747 51.1396457, -114.3156331 51.1395141, -114.3154842 51.1394076, -114.3151199 51.1391361, -114.3150404 51.139065, -114.3148896 51.1389964, -114.3147514 51.1389147, -114.3146802 51.1388647, -114.3145881 51.1388277, -114.3143996 51.1387302, -114.3143075 51.1386459, -114.3142279 51.1386063, -114.3141107 51.1385167, -114.3139097 51.138348, -114.3137339 51.1381846, -114.313558 51.1380634, -114.3133863 51.1379237, -114.3133193 51.1378341, -114.3132189 51.1377234, -114.3130388 51.1376153, -114.3129341 51.1375389, -114.312842 51.137444, -114.312775 51.1373913, -114.3126745 51.1373228, -114.3124988 51.1370171, -114.3123815 51.1368905, -114.3123313 51.1367851, -114.3122434 51.1366982, -114.3121136 51.1365954, -114.311875 51.1362976, -114.3116697 51.1361495, -114.3114847 51.1359569, -114.3113745 51.1357745, -114.3112231 51.1356183, -114.3110261 51.1354702, -114.3108367 51.1353787, -114.3108255 51.135369, -114.3122188 51.1371495, -114.3153256 51.1396835)))"
14800 85 ST NW,Farm Land,RESIDUAL WARD 2 - SUB AREA 2K,S-FUD,"MULTIPOLYGON (((-114.1993521 51.1905316, -114.210804 51.1905328, -114.2108765 51.1905328, -114.210859 51.1869203, -114.2107849 51.1869205, -114.2107679 51.1834177, -114.2063779 51.1834188, -114.1993401 51.1834206, -114.1993521 51.1905316)))"
15550 85 ST NW,Farm Land,RESIDUAL WARD 2 - SUB AREA 2K,S-FUD,"MULTIPOLYGON (((-114.1993642 51.1977598, -114.2108875 51.1977661, -114.2108861 51.1967771, -114.2101474 51.1963537, -114.2108841 51.1954905, -114.2108835 51.195051, -114.2081717 51.1950526, -114.2081706 51.1942856, -114.2108823 51.194284, -114.2108765 51.1905328, -114.210804 51.1905328, -114.1993521 51.1905316, -114.1993642 51.1977598)))"
15550 85 ST NW,Farm Land,RESIDUAL WARD 2 - SUB AREA 2K,S-FUD,"MULTIPOLYGON (((-114.2105069 51.196315, -114.2108857 51.1965322, -114.2108847 51.1958725, -114.2105069 51.196315)))"
15700 85 ST NW,Residential,RESIDUAL WARD 2 - SUB AREA 2K,S-FUD,"MULTIPOLYGON (((-114.2108823 51.194284, -114.2081706 51.1942856, -114.2081717 51.1950526, -114.2108835 51.195051, -114.2108823 51.194284)))"
14625 69 ST NW,Farm Land,RESIDUAL WARD 2 - SUB AREA 2K,S-FUD,"MULTIPOLYGON (((-114.1904303 51.1905299, -114.1993521 51.1905316, -114.1993401 51.1834206, -114.1931367 51.1834212, -114.1878412 51.1834212, -114.1878396 51.1861201, -114.1879247 51.18612, -114.1941536 51.1861101, -114.1941556 51.1866041, -114.1917701 51.1888795, -114.1904303 51.1905299)))"
15605 69 ST NW,Farm Land,RESIDUAL WARD 2 - SUB AREA 2K,S-FUD,"MULTIPOLYGON (((-114.1878401 51.1977523, -114.1993642 51.1977598, -114.1993521 51.1905316, -114.1904303 51.1905299, -114.187922 51.190529, -114.1878369 51.190529, -114.1878401 51.1977523)))"
14205R 80 AV NW,Non-Residential,HASKAYNE,S-FUD,"MULTIPOLYGON (((-114.2859093 51.1048585, -114.2860651 51.1049299, -114.2862188 51.105003, -114.2863703 51.1050779, -114.2865195 51.1051545, -114.2866665 51.1052329, -114.2868112 51.1053129, -114.2869535 51.1053947, -114.2870933 51.105478, -114.2872307 51.105563, -114.2873655 51.1056495, -114.2874978 51.1057376, -114.2876274 51.1058272, -114.2877544 51.1059183, -114.2878787 51.1060109, -114.2880003 51.1061049, -114.288119 51.1062003, -114.2882349 51.106297, -114.288348 51.1063951, -114.2884582 51.1064944, -114.2885654 51.1065951, -114.2886696 51.1066969, -114.2887708 51.1068, -114.288869 51.1069042, -114.2889641 51.1070095, -114.2890561 51.1071159, -114.2891449 51.1072234, -114.2892305 51.1073318, -114.2893129 51.1074413, -114.2893921 51.1075516, -114.2894681 51.1076629, -114.2895407 51.1077751, -114.2896101 51.107888, -114.2895666 51.1077678, -114.2895177 51.1076483, -114.2894637 51.1075297, -114.2894043 51.1074122, -114.2893399 51.1072957, -114.2892702 51.1071803, -114.2891955 51.1070663, -114.2891158 51.1069536, -114.2890311 51.1068423, -114.2889415 51.1067325, -114.2888471 51.1066243, -114.2887479 51.1065179, -114.2886441 51.1064132, -114.2885357 51.1063103, -114.2884227 51.1062094, -114.2883053 51.1061105, -114.2881836 51.1060137, -114.2880577 51.1059191, -114.2879276 51.1058267, -114.2877935 51.1057365, -114.2876554 51.1056488, -114.2875135 51.1055635, -114.2873679 51.1054807, -114.2872187 51.1054005, -114.2870659 51.105323, -114.2869099 51.1052481, -114.2867505 51.105176, -114.286588 51.1051066, -114.2864225 51.1050402, -114.2862542 51.1049767, -114.286083 51.1049161, -114.2859093 51.1048585)))"
4200 144 AV NW,Farm Land,GLACIER RIDGE,S-FUD,"MULTIPOLYGON (((-114.1497696 51.1833505, -114.1470732 51.1833493, -114.1470737 51.1870462, -114.1497693 51.1870437, -114.1497696 51.1833505)))"
15151 SYMONS VALLEY RD NW,Farm Land,GLACIER RIDGE,S-FUD,"MULTIPOLYGON (((-114.1497696 51.1833505, -114.1497693 51.1870437, -114.1470737 51.1870462, -114.1470731 51.1894812, -114.1470949 51.1894864, -114.1478627 51.1899455, -114.1499463 51.1902923, -114.1499439 51.1833505, -114.1497696 51.1833505)))"
15195 SYMONS VALLEY RD NW,Farm Land,GLACIER RIDGE,S-FUD,"MULTIPOLYGON (((-114.1499463 51.1902923, -114.1512047 51.1905017, -114.1513553 51.1905268, -114.1513742 51.1905267, -114.1527063 51.1905222, -114.1528181 51.190518, -114.1528179 51.1904488, -114.1528179 51.190425, -114.1528179 51.1903177, -114.1528165 51.1870398, -114.1501188 51.1870437, -114.1501182 51.1833505, -114.1499439 51.1833505, -114.1499463 51.1902923)))"
15355 SYMONS VALLEY RD NW,Residential,GLACIER RIDGE,S-FUD,"MULTIPOLYGON (((-114.1643165 51.1905116, -114.1528181 51.190518, -114.1528216 51.1907707, -114.1558123 51.1912684, -114.1559707 51.1912962, -114.1561279 51.1913265, -114.1562838 51.1913593, -114.1564383 51.1913947, -114.1565913 51.1914325, -114.1567428 51.1914727, -114.1568925 51.1915154, -114.1570405 51.1915604, -114.1571865 51.1916078, -114.1573306 51.1916575, -114.1574726 51.1917096, -114.1576124 51.1917638, -114.1577499 51.1918204, -114.1578851 51.1918791, -114.1580179 51.1919399, -114.1581481 51.1920029, -114.1605928 51.1932162, -114.1607172 51.1932799, -114.1608382 51.1933461, -114.1609558 51.1934146, -114.1610699 51.1934855, -114.1611804 51.1935585, -114.1612871 51.1936338, -114.1613899 51.1937111, -114.1614888 51.1937904, -114.1637876 51.1956957, -114.1638669 51.1957636, -114.1639428 51.1958329, -114.1640154 51.1959036, -114.1640846 51.1959757, -114.1641502 51.196049, -114.1642123 51.1961236, -114.1642708 51.1961992, -114.1643257 51.196276, -114.1643165 51.1905116)))"
15200 SYMONS VALLEY RD NW,Farm Land,RESIDUAL WARD 2 - SUB AREA 02L,S-FUD,"MULTIPOLYGON (((-114.1413233 51.1968533, -114.1525311 51.1968349, -114.152535 51.1977388, -114.1528232 51.1977383, -114.1528179 51.1910505, -114.1496599 51.1905245, -114.147749 51.1902062, -114.143564 51.1895073, -114.1427311 51.1893091, -114.1419242 51.1890758, -114.14133 51.1888463, -114.1413268 51.1905295, -114.1413247 51.1944643, -114.1413239 51.1958003, -114.1413233 51.1968533)))"
9606 TWELVE MI COULEE RD NW,Non-Residential,TUSCANY,S-FUD,"MULTIPOLYGON (((-114.257332 51.1396093, -114.2566868 51.1396097, -114.256687 51.1398309, -114.2566865 51.1399333, -114.2566866 51.1405681, -114.2568441 51.1405681, -114.2572527 51.1405678, -114.2573029 51.1400465, -114.2573207 51.139828, -114.257332 51.1396093)))"
8880 TWELVE MI COULEE RD NW,Non-Residential,TUSCANY,S-FUD,"MULTIPOLYGON (((-114.2566854 51.1385487, -114.2567302 51.1385492, -114.2570243 51.1385555, -114.2570625 51.1385542, -114.2570998 51.1385485, -114.2571349 51.1385389, -114.2571666 51.1385254, -114.2571941 51.1385087, -114.2572163 51.1384891, -114.2572327 51.1384674, -114.2572426 51.1384441, -114.257299 51.1382428, -114.2573374 51.1379552, -114.2573355 51.1369117, -114.2573291 51.1333514, -114.2573294 51.1325815, -114.2573274 51.1325683, -114.2573213 51.1325555, -114.2573114 51.1325438, -114.257298 51.1325336, -114.2572816 51.1325251, -114.2572629 51.1325189, -114.2572427 51.1325151, -114.2572216 51.1325138, -114.2566761 51.1325144, -114.2566763 51.1325754, -114.2566767 51.1328412, -114.256677 51.1329949, -114.2566771 51.1330936, -114.2566773 51.1331867, -114.2566774 51.1332799, -114.2566776 51.1333786, -114.2566777 51.1334718, -114.2566779 51.133565, -114.256678 51.1336637, -114.2566781 51.1337569, -114.2566783 51.1338501, -114.2566784 51.1339487, -114.2566786 51.1340419, -114.2566787 51.1341351, -114.2566789 51.1342338, -114.256679 51.134327, -114.2566791 51.134434, -114.2566792 51.1344609, -114.2566793 51.1345616, -114.2566794 51.1346548, -114.2566796 51.134748, -114.2566796 51.1348031, -114.2566797 51.1348596, -114.2566799 51.1349833, -114.2566801 51.1350776, -114.2566802 51.135172, -114.2566804 51.135272, -114.2566805 51.1353664, -114.2566807 51.1354663, -114.2566808 51.1355607, -114.2566812 51.135791, -114.2566815 51.1360342, -114.256682 51.1363447, -114.256682 51.1363613, -114.2566827 51.1368123, -114.2566833 51.1371984, -114.2566841 51.1377632, -114.2566848 51.1382255, -114.2566854 51.1385487)))"
8880 TWELVE MI COULEE RD NW,Non-Residential,TUSCANY,S-FUD,"MULTIPOLYGON (((-114.2566751 51.1297053, -114.2566751 51.1297987, -114.2566751 51.1300392, -114.2566751 51.130223, -114.2566751 51.1303129, -114.2566752 51.130474, -114.2566753 51.1306447, -114.2566753 51.1307644, -114.2566753 51.1308578, -114.2566754 51.1309513, -114.2566754 51.1310447, -114.2566754 51.1310791, -114.2566754 51.1311382, -114.2566754 51.1312317, -114.2566755 51.1313251, -114.2566755 51.1314186, -114.2566755 51.1315121, -114.2566756 51.1316055, -114.2566756 51.131699, -114.2566756 51.1317924, -114.2566757 51.131921, -114.2566757 51.1319885, -114.2566757 51.1320188, -114.2566757 51.1320279, -114.2566757 51.1320492, -114.2566758 51.1321183, -114.2566758 51.1322347, -114.2566758 51.1322509, -114.2566758 51.1322563, -114.2566758 51.1322722, -114.2569817 51.1322718, -114.257012 51.1322704, -114.2570417 51.1322663, -114.2570701 51.1322596, -114.2570968 51.1322505, -114.2571148 51.1322424, -114.2571314 51.1322331, -114.2571464 51.1322229, -114.2571596 51.1322117, -114.2571709 51.1321997, -114.2571801 51.1321871, -114.2571873 51.1321739, -114.2571922 51.1321604, -114.2572287 51.1320302, -114.2572796 51.1318482, -114.2573288 51.131672, -114.2573283 51.1310781, -114.2573276 51.1303125, -114.2573275 51.1302226, -114.2573265 51.1281451, -114.2573264 51.127967, -114.2573251 51.12519, -114.2566738 51.1251895, -114.2566739 51.1254482, -114.256674 51.1256202, -114.256674 51.1257378, -114.256674 51.1258374, -114.2566741 51.125931, -114.2566741 51.1260246, -114.2566741 51.1261182, -114.2566741 51.1262118, -114.2566742 51.1263054, -114.2566742 51.126399, -114.2566742 51.126494, -114.2566743 51.1265953, -114.2566743 51.1266804, -114.2566743 51.1266963, -114.2566743 51.1267921, -114.2566744 51.1268932, -114.2566744 51.1269897, -114.2566744 51.1270832, -114.2566744 51.1271719, -114.2566745 51.1272654, -114.2566745 51.1273589, -114.2566745 51.1274535, -114.2566745 51.1275604, -114.2566746 51.1277048, -114.2566747 51.1279671, -114.2566748 51.1281459, -114.2566748 51.128203, -114.2566748 51.1283817, -114.2566748 51.1284752, -114.2566748 51.1285686, -114.2566748 51.1286621, -114.2566748 51.1287556, -114.2566749 51.128849, -114.2566749 51.1289425, -114.2566749 51.129036, -114.2566749 51.1291294, -114.256675 51.1292229, -114.256675 51.1293164, -114.256675 51.1294098, -114.256675 51.1295081, -114.2566751 51.1296118, -114.2566751 51.1297053)))"
15555 24 ST NW,Residential,RESIDUAL WARD 2 - SUB AREA 02L,S-FUD,"MULTIPOLYGON (((-114.1180604 51.194581, -114.1263582 51.1945343, -114.1263618 51.1956192, -114.129251 51.1956052, -114.1292455 51.1939876, -114.1263564 51.1939951, -114.1180606 51.1940418, -114.1180604 51.194581)))"
15900 MOUNTAIN VIEW RD NW,Residential,RESIDUAL WARD 2 - SUB AREA 02L,S-FUD,"MULTIPOLYGON (((-114.1378298 51.1959612, -114.1295484 51.195989, -114.1295484 51.1959892, -114.1295466 51.1977969, -114.1324676 51.1977872, -114.1353893 51.1977774, -114.1368139 51.1977725, -114.1382386 51.1977676, -114.1409603 51.1977584, -114.1410343 51.1977581, -114.1410355 51.1959503, -114.1378298 51.1959612)))"
15300 24 ST NW,Residential,RESIDUAL WARD 2 - SUB AREA 02L,S-FUD,"MULTIPOLYGON (((-114.106253 51.1942364, -114.1062518 51.1960456, -114.1177725 51.1960263, -114.1177726 51.1947266, -114.1153749 51.1947264, -114.1153751 51.1940415, -114.1177728 51.1940418, -114.1177758 51.1905905, -114.10626 51.1906182, -114.106253 51.1942364)))"
15550 24 ST NW,Residential,RESIDUAL WARD 2 - SUB AREA 02L,S-FUD,"MULTIPOLYGON (((-114.1177728 51.1940418, -114.1153751 51.1940415, -114.1153749 51.1947264, -114.1177726 51.1947266, -114.1177728 51.1940418)))"
16100 24 ST NW,Farm Land,RESIDUAL WARD 2 - SUB AREA 02L,S-FUD,"MULTIPOLYGON (((-114.1062518 51.1960456, -114.1062507 51.1978535, -114.1177724 51.1978342, -114.1177725 51.1960263, -114.1062518 51.1960456)))"
15151 14 ST NW,Farm Land,RESIDUAL WARD 2 - SUB AREA 02L,S-FUD,"MULTIPOLYGON (((-114.0947383 51.1886302, -114.0947365 51.1906433, -114.0967959 51.1906393, -114.0967976 51.1886309, -114.0947383 51.1886302)))"
15353 14 ST NW,Farm Land,RESIDUAL WARD 2 - SUB AREA 02L,S-FUD,"MULTIPOLYGON (((-114.0947344 51.192974, -114.0987819 51.1929662, -114.0987809 51.1942513, -114.106253 51.1942364, -114.10626 51.1906182, -114.0967959 51.1906393, -114.0947365 51.1906433, -114.0947344 51.192974)))"
15525 14 ST NW,Residential,RESIDUAL WARD 2 - SUB AREA 02L,S-FUD,"MULTIPOLYGON (((-114.0947344 51.192974, -114.0947332 51.1942592, -114.0987809 51.1942513, -114.0987819 51.1929662, -114.0947344 51.192974)))"
15655 14 ST NW,Farm Land,RESIDUAL WARD 2 - SUB AREA 02L,S-FUD,"MULTIPOLYGON (((-114.0947332 51.1942592, -114.0947301 51.1978713, -114.0968753 51.197868, -114.1062507 51.1978535, -114.1062518 51.1960456, -114.106253 51.1942364, -114.0987809 51.1942513, -114.0947332 51.1942592)))"
13700 80 AV NW,Farm Land,HASKAYNE,S-FUD,"MULTIPOLYGON (((-114.2924059 51.1234712, -114.2923473 51.1234192, -114.2923472 51.1235081, -114.2923461 51.1250099, -114.2942348 51.1250096, -114.2928903 51.1238768, -114.2926455 51.1236752, -114.2924059 51.1234712)))"
13700 80 AV NW,Farm Land,HASKAYNE,S-FUD,"MULTIPOLYGON (((-114.2974112 51.1235023, -114.294864 51.122905, -114.2923538 51.1213521, -114.2923485 51.1219784, -114.2923481 51.1224257, -114.2925139 51.1225908, -114.2926831 51.1227546, -114.2928555 51.122917, -114.2930312 51.1230781, -114.2931648 51.1231977, -114.2933003 51.1233165, -114.2934375 51.1234345, -114.2935764 51.1235516, -114.2953231 51.1250099, -114.2960122 51.125009, -114.2967849 51.1250081, -114.2974002 51.1235288, -114.2974112 51.1235023)))"
15200 SYMONS VALLEY RD NW,Farm Land,RESIDUAL WARD 2 - SUB AREA 02L,S-FUD,"MULTIPOLYGON (((-114.1513742 51.1905267, -114.1524189 51.1907007, -114.1528178 51.1907671, -114.1528181 51.190518, -114.1527063 51.1905222, -114.151352 51.190523, -114.1513742 51.1905267)))"
15350 6 ST NE,Farm Land,LEWISBURG,S-FUD,"MULTIPOLYGON (((-114.047956 51.1907315, -114.0478424 51.1907316, -114.0475139 51.190732, -114.0376368 51.1907483, -114.0364719 51.1907501, -114.0364803 51.1957337, -114.0364805 51.1959427, -114.0364829 51.1978457, -114.0364831 51.1979828, -114.0367788 51.1979823, -114.0479677 51.1979767, -114.0479623 51.1971936, -114.0479624 51.1969872, -114.047956 51.1907315)))"
1200 144 AV NE,Farm Land,RESIDUAL WARD 3 - SUB AREA 3W,S-FUD,"MULTIPOLYGON (((-114.0249946 51.1907676, -114.0313065 51.1907605, -114.0364719 51.1907501, -114.0364672 51.1871303, -114.0364658 51.1860363, -114.0364645 51.1851284, -114.0364646 51.1850049, -114.0364645 51.1849837, -114.0364645 51.1849722, -114.036464 51.1847957, -114.0364642 51.1847822, -114.0364639 51.1847005, -114.0364641 51.1846871, -114.0364638 51.1846202, -114.036464 51.1846067, -114.0364637 51.1845398, -114.0364639 51.1845264, -114.0364638 51.1844595, -114.0364638 51.184446, -114.0364635 51.1843792, -114.0364636 51.1843657, -114.0364636 51.184352, -114.0364623 51.1835147, -114.0363426 51.1835148, -114.0361264 51.1835149, -114.0295997 51.18352, -114.0296041 51.1850098, -114.0271201 51.1850129, -114.0271157 51.1835226, -114.0249726 51.1835246, -114.0249946 51.1907676)))"
1400 144 AV NE,Residential,RESIDUAL WARD 3 - SUB AREA 3W,S-FUD,"MULTIPOLYGON (((-114.0271157 51.1835226, -114.0271201 51.1850129, -114.0296041 51.1850098, -114.0295997 51.18352, -114.0271157 51.1835226)))"
1700 144 AV NE,Farm Land,RESIDUAL WARD 3 - SUB AREA 3W,S-FUD,"MULTIPOLYGON (((-114.0132664 51.1843185, -114.0132974 51.1907728, -114.0247012 51.1907678, -114.0246848 51.1835248, -114.0135817 51.1835325, -114.0133043 51.1842237, -114.0132664 51.1843185)))"
15300 15 ST NE,Farm Land,RESIDUAL WARD 3 - SUB AREA 3W,S-FUD,"MULTIPOLYGON (((-114.0121991 51.1907736, -114.0119661 51.1929819, -114.0118463 51.1940373, -114.0118209 51.1942543, -114.0117907 51.194471, -114.0117558 51.1946875, -114.0117162 51.1949036, -114.0116719 51.1951194, -114.0116228 51.1953347, -114.0115691 51.1955496, -114.0115106 51.1957641, -114.0114475 51.195978, -114.0113797 51.1961913, -114.0113072 51.1964041, -114.0112301 51.1966162, -114.0111483 51.1968276, -114.0110619 51.1970383, -114.0109709 51.1972482, -114.0108754 51.1974573, -114.0106116 51.1980133, -114.0107935 51.198013, -114.0109754 51.1980128, -114.013278 51.1980101, -114.0247168 51.197999, -114.0247158 51.1972317, -114.0242796 51.197232, -114.0238471 51.1972321, -114.0217319 51.197233, -114.0217338 51.1976004, -114.0208619 51.1976009, -114.0208599 51.1970523, -114.023847 51.1970511, -114.0242794 51.197051, -114.0247155 51.1970509, -114.0247012 51.1907678, -114.0132974 51.1907728, -114.0121991 51.1907736)))"
15800 15 ST NE,Non-Residential,RESIDUAL WARD 3 - SUB AREA 3W,S-FUD,"MULTIPOLYGON (((-114.0247155 51.1970509, -114.0242794 51.197051, -114.023847 51.1970511, -114.0208599 51.1970523, -114.0208619 51.1976009, -114.0217338 51.1976004, -114.0217319 51.197233, -114.0238471 51.1972321, -114.0242796 51.197232, -114.0247158 51.1972317, -114.0247155 51.1970509)))"
2121 148 AV NE,Residential,RESIDUAL WARD 3 - SUB AREA 3W,S-FUD,"MULTIPOLYGON (((-114.0026762 51.1846349, -114.002676 51.1871559, -114.0026758 51.1907799, -114.0117667 51.1907738, -114.0121162 51.1875414, -114.0120648 51.187585, -114.0120111 51.1876276, -114.0119553 51.187669, -114.0118974 51.1877093, -114.0118375 51.1877485, -114.0117757 51.1877864, -114.0117119 51.1878231, -114.0116463 51.1878584, -114.011579 51.1878925, -114.0115099 51.1879252, -114.0114392 51.1879565, -114.011367 51.1879863, -114.0112932 51.1880147, -114.0112181 51.1880416, -114.0111416 51.188067, -114.0110639 51.1880909, -114.010985 51.1881132, -114.010905 51.1881339, -114.010824 51.1881529, -114.0107421 51.1881704, -114.0106593 51.1881862, -114.0105758 51.1882004, -114.0104916 51.1882128, -114.0104068 51.1882236, -114.0103215 51.1882327, -114.0102357 51.1882401, -114.0101497 51.1882457, -114.0100633 51.1882496, -114.0099769 51.1882518, -114.0098903 51.1882523, -114.0098038 51.188251, -114.0097174 51.1882481, -114.0088356 51.1882067, -114.0087381 51.1882012, -114.0086409 51.1881939, -114.008544 51.1881849, -114.0084476 51.188174, -114.0083518 51.1881614, -114.0082566 51.188147, -114.0081621 51.1881309, -114.0080684 51.1881131, -114.0079755 51.1880935, -114.0078837 51.1880722, -114.0077928 51.1880493, -114.0077031 51.1880247, -114.0076146 51.1879985, -114.0075273 51.1879706, -114.0074414 51.1879412, -114.0073569 51.1879101, -114.0072738 51.1878776, -114.0071924 51.1878435, -114.0071126 51.187808, -114.0070344 51.187771, -114.006958 51.1877325, -114.0068835 51.1876927, -114.0068109 51.1876515, -114.0067402 51.1876091, -114.0066715 51.1875653, -114.0066049 51.1875203, -114.0065405 51.1874741, -114.0064782 51.1874267, -114.0064182 51.1873782, -114.0063605 51.1873286, -114.0063051 51.187278, -114.0062521 51.1872264, -114.0043305 51.1852948, -114.0042603 51.1852287, -114.0041844 51.1851651, -114.0041029 51.1851043, -114.0040162 51.1850464, -114.0039245 51.1849916, -114.0038281 51.1849401, -114.0037273 51.1848921, -114.0036224 51.1848476, -114.0035136 51.1848069, -114.0034015 51.18477, -114.0032862 51.184737, -114.0031682 51.1847081, -114.0030478 51.1846834, -114.0029254 51.1846629, -114.0028014 51.1846467, -114.0026762 51.1846349)))"
2121 148 AV NE,Residential,RESIDUAL WARD 3 - SUB AREA 3W,S-FUD,"MULTIPOLYGON (((-114.0132664 51.1843185, -114.0132041 51.184482, -114.0131445 51.1846459, -114.0130878 51.1848102, -114.013034 51.1849748, -114.0129829 51.1851399, -114.0129347 51.1853052, -114.0128894 51.1854709, -114.0128469 51.1856369, -114.0128072 51.1858031, -114.0127704 51.1859696, -114.0127365 51.1861364, -114.0127055 51.1863033, -114.0126773 51.1864705, -114.012652 51.1866378, -114.0126295 51.1868053, -114.01261 51.186973, -114.0121991 51.1907736, -114.0132974 51.1907728, -114.0132664 51.1843185)))"
2121 148 AV NE,Residential,RESIDUAL WARD 3 - SUB AREA 3W,S-FUD,"MULTIPOLYGON (((-114.0026761 51.1843652, -114.0027526 51.1843707, -114.0028288 51.1843776, -114.0029046 51.1843858, -114.0029801 51.1843953, -114.0030551 51.1844062, -114.0031295 51.1844184, -114.0032034 51.1844319, -114.0032766 51.1844468, -114.0033492 51.1844629, -114.003421 51.1844803, -114.0034919 51.184499, -114.003562 51.184519, -114.0036312 51.1845402, -114.0036994 51.1845626, -114.0037665 51.1845862, -114.0038325 51.1846109, -114.0038974 51.1846369, -114.0039611 51.184664, -114.0040235 51.1846922, -114.0040847 51.1847215, -114.0041445 51.1847519, -114.0042029 51.1847834, -114.0042598 51.1848158, -114.0043153 51.1848493, -114.0043692 51.1848837, -114.0044215 51.1849191, -114.0044722 51.1849554, -114.0045213 51.1849926, -114.0045686 51.1850306, -114.0046142 51.1850695, -114.0046581 51.1851091, -114.0047001 51.1851496, -114.0066217 51.1870811, -114.0066678 51.187126, -114.006716 51.18717, -114.0067661 51.1872131, -114.0068183 51.1872553, -114.0068725 51.1872965, -114.0069285 51.1873367, -114.0069864 51.1873758, -114.0070461 51.1874139, -114.0071076 51.1874508, -114.0071707 51.1874866, -114.0072355 51.1875212, -114.0073019 51.1875546, -114.0073699 51.1875868, -114.0074393 51.1876177, -114.0075101 51.1876473, -114.0075823 51.1876757, -114.0076558 51.1877026, -114.0077305 51.1877282, -114.0078064 51.1877525, -114.0078833 51.1877753, -114.0079614 51.1877967, -114.0080403 51.1878166, -114.0081202 51.1878351, -114.0082009 51.1878521, -114.0082824 51.1878676, -114.0083646 51.1878816, -114.0084473 51.1878941, -114.0085307 51.1879051, -114.0086145 51.1879145, -114.0086987 51.1879224, -114.0087832 51.1879288, -114.0088681 51.1879335, -114.0097499 51.1879749, -114.009854 51.1879782, -114.0099582 51.1879785, -114.0100624 51.1879759, -114.0101662 51.1879702, -114.0102696 51.1879616, -114.0103722 51.1879501, -114.0104738 51.1879356, -114.0105743 51.1879182, -114.0106734 51.187898, -114.010771 51.187875, -114.0108667 51.1878491, -114.0109605 51.1878206, -114.0110521 51.1877894, -114.0111413 51.1877556, -114.011228 51.1877193, -114.0113119 51.1876806, -114.0113929 51.1876395, -114.0114709 51.1875961, -114.0115456 51.1875505, -114.0116169 51.1875028, -114.0116846 51.1874532, -114.0117487 51.1874016, -114.0118089 51.1873483, -114.0118652 51.1872933, -114.0119174 51.1872367, -114.0119654 51.1871787, -114.0120091 51.1871194, -114.0120485 51.1870589, -114.0120834 51.1869974, -114.0121138 51.1869349, -114.0121396 51.1868716, -114.0121608 51.1868076, -114.0122197 51.1866319, -114.012243 51.1864755, -114.0122687 51.1863194, -114.0122969 51.1861634, -114.0123276 51.1860076, -114.0123607 51.1858519, -114.0123962 51.1856965, -114.0124342 51.1855413, -114.0124747 51.1853864, -114.0125176 51.1852317, -114.0125629 51.1850773, -114.0126107 51.1849232, -114.0126609 51.1847694, -114.0127135 51.1846159, -114.0127686 51.1844627, -114.0128261 51.1843099, -114.0128859 51.1841574, -114.0131353 51.1835329, -114.0026764 51.1835392, -114.0026765 51.1835856, -114.0026765 51.1837088, -114.0026761 51.1843652)))"
16333 24 ST NW,Farm Land,RESIDUAL WARD 2 - SUB AREA 02L,S-FUD,"MULTIPOLYGON (((-114.1180653 51.2050748, -114.129548 51.2050314, -114.1295437 51.2049399, -114.1295476 51.2028402, -114.1295475 51.2021468, -114.1295473 51.2011362, -114.1295473 51.2008621, -114.1295471 51.2000945, -114.1295469 51.1993357, -114.1295468 51.1985756, -114.1295466 51.1977969, -114.1180597 51.1978432, -114.1180625 51.2014228, -114.118062 51.2023149, -114.1180717 51.2023149, -114.1194574 51.2023145, -114.1194573 51.2023087, -114.1194569 51.2017184, -114.1194665 51.201719, -114.1220262 51.2018801, -114.1220276 51.2037208, -114.1194603 51.2037215, -114.1194584 51.2037215, -114.1194574 51.2024241, -114.1180621 51.2024244, -114.1180653 51.2050748)))"
16555 24 ST NW,Residential,RESIDUAL WARD 2 - SUB AREA 02L,S-FUD,"MULTIPOLYGON (((-114.1180717 51.2023149, -114.1180658 51.2024231, -114.1194616 51.2024232, -114.1194603 51.2037215, -114.1194603 51.2037218, -114.122031 51.2037215, -114.1220325 51.2018796, -114.1194665 51.2017129, -114.1194665 51.201719, -114.1194671 51.2023087, -114.1194573 51.2023087, -114.118072 51.202308, -114.1180717 51.2023149)))"
17505 24 ST NW,Farm Land,RESIDUAL WARD 2 - SUB AREA 02L,S-FUD,"MULTIPOLYGON (((-114.1180653 51.2050748, -114.1180577 51.2120793, -114.1180578 51.2123112, -114.1295484 51.2122704, -114.129548 51.2050314, -114.1180653 51.2050748)))"
16500 24 ST NW,Farm Land,RESIDUAL WARD 2 - SUB AREA 02L,S-FUD,"MULTIPOLYGON (((-114.1062514 51.2014739, -114.106252 51.2050919, -114.1177766 51.2050761, -114.1177724 51.1978342, -114.1062507 51.1978535, -114.1062511 51.1999105, -114.10625 51.2006788, -114.1062514 51.2014739)))"
17330 22 ST NW,Residential,RESIDUAL WARD 2 - SUB AREA 02L,S-FUD,"MULTIPOLYGON (((-114.106252 51.2050919, -114.1062534 51.2123275, -114.1176835 51.2123117, -114.1177699 51.2123116, -114.1177766 51.2050761, -114.106252 51.2050919)))"
16115 14 ST NW,Residential,RESIDUAL WARD 2 - SUB AREA 02L,S-FUD,"MULTIPOLYGON (((-114.0947301 51.1978713, -114.0947296 51.1988777, -114.0947445 51.1988777, -114.0968616 51.1988746, -114.0968759 51.1988745, -114.0968753 51.197868, -114.0947301 51.1978713)))"
16505 14 ST NW,Farm Land,RESIDUAL WARD 2 - SUB AREA 02L,S-FUD,"MULTIPOLYGON (((-114.0947296 51.1988777, -114.0947298 51.1999514, -114.0947315 51.2014901, -114.0948746 51.2014899, -114.1062514 51.2014739, -114.10625 51.2006788, -114.1062511 51.1999105, -114.1062507 51.1978535, -114.0968753 51.197868, -114.0968759 51.1988745, -114.0968616 51.1988746, -114.0947445 51.1988777, -114.0947296 51.1988777)))"
16655 14 ST NW,Residential,RESIDUAL WARD 2 - SUB AREA 02L,S-FUD,"MULTIPOLYGON (((-114.0947315 51.2014901, -114.0947298 51.2051063, -114.1004907 51.2050994, -114.106252 51.2050919, -114.1062514 51.2014739, -114.0948746 51.2014899, -114.0947315 51.2014901)))"
16909 14 ST NW,Residential,RESIDUAL WARD 2 - SUB AREA 02L,S-FUD,"MULTIPOLYGON (((-114.0947298 51.2051063, -114.0947284 51.2123412, -114.1004972 51.212335, -114.1004907 51.2050994, -114.0947298 51.2051063)))"
16909R 14 ST NW,Farm Land,RESIDUAL WARD 2 - SUB AREA 02L,S-FUD,"MULTIPOLYGON (((-114.1004907 51.2050994, -114.1004972 51.212335, -114.1062534 51.2123275, -114.106252 51.2050919, -114.1004907 51.2050994)))"
16500 14 ST NW,Farm Land,RESIDUAL WARD 3 - SUB AREA 3W,S-FUD,"MULTIPOLYGON (((-114.0829581 51.1979048, -114.0829579 51.1979074, -114.0829601 51.2051375, -114.0889637 51.2051219, -114.0944459 51.205107, -114.0944418 51.1978717, -114.0829584 51.1979048, -114.0829581 51.1979048)))"
16910 14 ST NW,Residential,RESIDUAL WARD 3 - SUB AREA 3W,S-FUD,"MULTIPOLYGON (((-114.0889637 51.2051219, -114.0923149 51.208145, -114.0944475 51.2081392, -114.0944459 51.205107, -114.0889637 51.2051219)))"
17500 14 ST NW,Farm Land,RESIDUAL WARD 3 - SUB AREA 3W,S-FUD,"MULTIPOLYGON (((-114.0829601 51.2051375, -114.0829622 51.2123704, -114.0944499 51.2123428, -114.0944475 51.2081392, -114.0923149 51.208145, -114.0889637 51.2051219, -114.0829601 51.2051375)))"
16905 CENTRE ST NW,Residential,RESIDUAL WARD 3 - SUB AREA 3W,S-FUD,"MULTIPOLYGON (((-114.0714801 51.2051666, -114.0714831 51.2087823, -114.0772393 51.2087679, -114.0772201 51.2051522, -114.0714801 51.2051666)))"
17507 6 ST NW,Residential,RESIDUAL WARD 3 - SUB AREA 3W,S-FUD,"MULTIPOLYGON (((-114.0714831 51.2087823, -114.0714868 51.2116107, -114.071486 51.212351, -114.0714861 51.2123976, -114.0829622 51.2123704, -114.0829601 51.2051375, -114.0772201 51.2051522, -114.0772393 51.2087679, -114.0714831 51.2087823)))"
16750 CENTRE ST NE,Farm Land,RESIDUAL WARD 3 - SUB AREA 3W,S-FUD,"MULTIPOLYGON (((-114.059718 51.1979515, -114.0597267 51.2050167, -114.0597263 51.2051838, -114.0667601 51.2051736, -114.0679584 51.2051719, -114.0695751 51.2051695, -114.0711922 51.205167, -114.0711906 51.2030118, -114.0643274 51.2030071, -114.0642828 51.2014432, -114.0669974 51.2014449, -114.0670381 51.2028718, -114.0711902 51.2028748, -114.0711863 51.1979367, -114.0710657 51.1979368, -114.0602919 51.1979505, -114.059718 51.1979515)))"
17400 CENTRE ST NE,Farm Land,RESIDUAL WARD 3 - SUB AREA 3W,S-FUD,"MULTIPOLYGON (((-114.0597325 51.2106157, -114.0597345 51.2123764, -114.0651935 51.2123649, -114.071198 51.2123517, -114.071194 51.2075173, -114.0700445 51.2075191, -114.0686854 51.2075211, -114.0667617 51.2075239, -114.0667616 51.207294, -114.0667607 51.206042, -114.0667606 51.205876, -114.0667601 51.2051736, -114.0597263 51.2051838, -114.0597325 51.2106157)))"
16115 6 ST NE,Residential,RESIDUAL WARD 3 - SUB AREA 3W,S-FUD,"MULTIPOLYGON (((-114.0482537 51.2031508, -114.0482552 51.2050207, -114.0482553 51.2051996, -114.0597263 51.2051838, -114.0597267 51.2050167, -114.059718 51.1979515, -114.0482497 51.1979651, -114.0482522 51.2013005, -114.0540097 51.2012985, -114.0540114 51.2031488, -114.0482537 51.2031508)))"
16555 6 ST NE,Residential,RESIDUAL WARD 3 - SUB AREA 3W,S-FUD,"MULTIPOLYGON (((-114.0482537 51.2031508, -114.0540114 51.2031488, -114.0540097 51.2012985, -114.0482522 51.2013005, -114.0482537 51.2031508)))"
17171 6 ST NE,Farm Land,RESIDUAL WARD 3 - SUB AREA 3W,S-FUD,"MULTIPOLYGON (((-114.0482553 51.2051996, -114.0482613 51.2086568, -114.0482648 51.2106387, -114.0597325 51.2106157, -114.0597263 51.2051838, -114.0482553 51.2051996)))"
17505 4 ST NE,Non-Residential,RESIDUAL WARD 3 - SUB AREA 3W,S-FUD,"MULTIPOLYGON (((-114.0482648 51.2106387, -114.048268 51.2124, -114.0538513 51.2123888, -114.0597345 51.2123764, -114.0597325 51.2106157, -114.0482648 51.2106387)))"
16500 6 ST NE,Non-Residential,RESIDUAL WARD 3 - SUB AREA 3W,S-FUD,"MULTIPOLYGON (((-114.0367788 51.1979823, -114.0364831 51.1979828, -114.0364962 51.2052202, -114.0479675 51.2051996, -114.047962 51.1979767, -114.047962 51.1979656, -114.0367788 51.1979823)))"
17300 6 ST NE,Farm Land,RESIDUAL WARD 3 - SUB AREA 3W,S-FUD,"MULTIPOLYGON (((-114.0365027 51.2088063, -114.0383769 51.208804, -114.0383836 51.2124123, -114.0423791 51.2124074, -114.0479088 51.2124004, -114.0479803 51.2124003, -114.0479802 51.2123554, -114.0479675 51.2051996, -114.0364962 51.2052202, -114.0365027 51.2088063)))"
17505 11 ST NE,Residential,RESIDUAL WARD 3 - SUB AREA 3W,S-FUD,"MULTIPOLYGON (((-114.0365027 51.2088063, -114.0365092 51.2124146, -114.0383836 51.2124123, -114.0383769 51.208804, -114.0365027 51.2088063)))"
16450 15 ST NE,Residential,RESIDUAL WARD 3 - SUB AREA 3W,S-FUD,"MULTIPOLYGON (((-114.0132856 51.2020829, -114.0132898 51.2043427, -114.0247252 51.204336, -114.0247168 51.197999, -114.013278 51.1980101, -114.0132856 51.2020829)))"
1855 176 AV NE,Residential,RESIDUAL WARD 3 - SUB AREA 3W,S-FUD,"MULTIPOLYGON (((-114.0132898 51.2043427, -114.0132915 51.2052466, -114.0247264 51.2052399, -114.0247252 51.204336, -114.0132898 51.2043427)))"
16775 20 ST NE,Residential,RESIDUAL WARD 3 - SUB AREA 3W,S-FUD,"MULTIPOLYGON (((-114.0026764 51.2020877, -114.0026763 51.2022778, -114.0026765 51.2052516, -114.0078754 51.2052493, -114.0079286 51.2044826, -114.0079385 51.2043318, -114.0079507 51.2041811, -114.0079652 51.2040304, -114.007982 51.2038799, -114.0080011 51.2037294, -114.0080224 51.2035791, -114.008046 51.2034289, -114.0080719 51.2032789, -114.0081001 51.203129, -114.0081305 51.2029793, -114.0081633 51.2028298, -114.0081983 51.2026804, -114.0082355 51.2025313, -114.008275 51.2023825, -114.0083168 51.2022338, -114.0083608 51.2020854, -114.0026764 51.2020877)))"
15300R 15 ST NE,Farm Land,RESIDUAL WARD 3 - SUB AREA 3W,S-FUD,"MULTIPOLYGON (((-114.0106116 51.1980133, -114.0093279 51.2007175, -114.0092512 51.2008867, -114.0091776 51.2010565, -114.0091071 51.2012268, -114.0090396 51.2013976, -114.0089752 51.2015689, -114.0089139 51.2017406, -114.0088557 51.2019127, -114.0088006 51.2020852, -114.0132856 51.2020829, -114.013278 51.1980101, -114.0109754 51.1980128, -114.0107935 51.198013, -114.0106116 51.1980133)))"
16775 20 ST NE,Residential,RESIDUAL WARD 3 - SUB AREA 3W,S-FUD,"MULTIPOLYGON (((-114.0088006 51.2020852, -114.0087556 51.2022341, -114.0087129 51.2023834, -114.0086726 51.2025328, -114.0086345 51.2026825, -114.0085988 51.2028325, -114.0085654 51.2029826, -114.0085343 51.203133, -114.0085056 51.2032835, -114.0084792 51.2034342, -114.0084552 51.203585, -114.0084335 51.203736, -114.0084141 51.2038871, -114.0083971 51.2040383, -114.0083824 51.2041896, -114.00837 51.204341, -114.0083601 51.2044925, -114.0083077 51.2052491, -114.0132915 51.2052466, -114.0132898 51.2043427, -114.0132856 51.2020829, -114.0088006 51.2020852)))"
9025 68 ST NE,Residential,SADDLE RIDGE,S-FUD,"MULTIPOLYGON (((-113.9408101 51.1338958, -113.9408401 51.133894, -113.9408812 51.1338901, -113.9409082 51.1338552, -113.940927 51.1338309, -113.9408799 51.1337637, -113.9408388 51.1336949, -113.9408039 51.1336249, -113.9407751 51.1335537, -113.9407525 51.1334817, -113.9407364 51.133409, -113.9407266 51.1333358, -113.9407233 51.1332624, -113.9407237 51.1338669, -113.9407237 51.1338671, -113.9407238 51.1338985, -113.940767 51.1338977, -113.9408101 51.1338958)))"
9999 8 AV NE,Residential,RESIDUAL WARD 9 - SUB AREA 9O,S-FUD,"MULTIPOLYGON (((-113.8888204 51.0571209, -113.8888172 51.0595564, -113.895177 51.0595552, -113.8951775 51.0595552, -113.8951761 51.0574273, -113.8951759 51.0571196, -113.8888204 51.0571209)))"
200 100 ST NE,Farm Land,RESIDUAL WARD 9 - SUB AREA 9O,S-FUD,"MULTIPOLYGON (((-113.8770432 51.0595817, -113.8770431 51.059672, -113.8827866 51.0596706, -113.8885301 51.0596688, -113.8885396 51.0525304, -113.8770491 51.0525321, -113.8770483 51.0546923, -113.8770432 51.0595817)))"
18 HART ESTATES BV NE,Residential,RESIDUAL WARD 9 - SUB AREA 9O,S-FUD,"MULTIPOLYGON (((-113.8688866 51.0581795, -113.8655531 51.0581807, -113.865553 51.0582356, -113.8655519 51.0596741, -113.8721554 51.0596732, -113.871688 51.0573835, -113.871553 51.0574747, -113.8714105 51.0575613, -113.871261 51.057643, -113.8711049 51.0577196, -113.8709425 51.0577909, -113.8707744 51.0578566, -113.8706011 51.0579168, -113.8704229 51.057971, -113.8702404 51.0580192, -113.8700541 51.0580613, -113.8698646 51.0580971, -113.8696723 51.0581266, -113.8694778 51.0581496, -113.8692817 51.0581661, -113.8690844 51.0581761, -113.8688866 51.0581795)))"
18 HART ESTATES BV NE,Non-Residential,RESIDUAL WARD 9 - SUB AREA 9O,S-FUD,"MULTIPOLYGON (((-113.8688866 51.0581795, -113.8655531 51.0581807, -113.865553 51.0582356, -113.8655519 51.0596741, -113.8721554 51.0596732, -113.871688 51.0573835, -113.871553 51.0574747, -113.8714105 51.0575613, -113.871261 51.057643, -113.8711049 51.0577196, -113.8709425 51.0577909, -113.8707744 51.0578566, -113.8706011 51.0579168, -113.8704229 51.057971, -113.8702404 51.0580192, -113.8700541 51.0580613, -113.8698646 51.0580971, -113.8696723 51.0581266, -113.8694778 51.0581496, -113.8692817 51.0581661, -113.8690844 51.0581761, -113.8688866 51.0581795)))"
18 HART ESTATES BV NE,Non-Residential,RESIDUAL WARD 9 - SUB AREA 9O,S-FUD,"MULTIPOLYGON (((-113.8688866 51.0581795, -113.8655531 51.0581807, -113.865553 51.0582356, -113.8655519 51.0596741, -113.8721554 51.0596732, -113.871688 51.0573835, -113.871553 51.0574747, -113.8714105 51.0575613, -113.871261 51.057643, -113.8711049 51.0577196, -113.8709425 51.0577909, -113.8707744 51.0578566, -113.8706011 51.0579168, -113.8704229 51.057971, -113.8702404 51.0580192, -113.8700541 51.0580613, -113.8698646 51.0580971, -113.8696723 51.0581266, -113.8694778 51.0581496, -113.8692817 51.0581661, -113.8690844 51.0581761, -113.8688866 51.0581795)))"
18 HART ESTATES BV NE,Residential,RESIDUAL WARD 9 - SUB AREA 9O,S-FUD,"MULTIPOLYGON (((-113.8688866 51.0581795, -113.8655531 51.0581807, -113.865553 51.0582356, -113.8655519 51.0596741, -113.8721554 51.0596732, -113.871688 51.0573835, -113.871553 51.0574747, -113.8714105 51.0575613, -113.871261 51.057643, -113.8711049 51.0577196, -113.8709425 51.0577909, -113.8707744 51.0578566, -113.8706011 51.0579168, -113.8704229 51.057971, -113.8702404 51.0580192, -113.8700541 51.0580613, -113.8698646 51.0580971, -113.8696723 51.0581266, -113.8694778 51.0581496, -113.8692817 51.0581661, -113.8690844 51.0581761, -113.8688866 51.0581795)))"
82 HART ESTATES BV NE,Farm Land,RESIDUAL WARD 9 - SUB AREA 9O,S-FUD,"MULTIPOLYGON (((-113.8728808 51.0562626, -113.8728404 51.0562731, -113.8728028 51.0562873, -113.872769 51.0563047, -113.8727395 51.0563251, -113.8727152 51.056348, -113.8721374 51.0569875, -113.8720374 51.0570919, -113.8719289 51.0571928, -113.8718124 51.0572901, -113.871688 51.0573835, -113.8721554 51.0596732, -113.8770431 51.059672, -113.8770432 51.0595817, -113.8729825 51.0562289, -113.8729339 51.0562485, -113.8728808 51.0562626)))"
96 HART ESTATES BV NE,Residential,RESIDUAL WARD 9 - SUB AREA 9O,S-FUD,"MULTIPOLYGON (((-113.8729825 51.0562289, -113.8770432 51.0595817, -113.8770483 51.0546923, -113.8730836 51.0559622, -113.8730952 51.0559792, -113.8731045 51.0559968, -113.8731114 51.0560148, -113.8731158 51.0560331, -113.8731177 51.0560516, -113.8731171 51.0560702, -113.873114 51.0560886, -113.8731084 51.0561068, -113.8731003 51.0561246, -113.8730899 51.056142, -113.8730771 51.0561587, -113.8730622 51.0561747, -113.8730451 51.0561898, -113.873026 51.0562039, -113.8730051 51.056217, -113.8729825 51.0562289)))"
103 HART ESTATES BV NE,Residential,RESIDUAL WARD 9 - SUB AREA 9O,S-FUD,"MULTIPOLYGON (((-113.8727731 51.0558394, -113.8728213 51.0558415, -113.8728685 51.0558479, -113.8729139 51.0558583, -113.8729565 51.0558726, -113.8729955 51.0558905, -113.8730301 51.0559117, -113.8730597 51.0559358, -113.8730836 51.0559622, -113.8770483 51.0546923, -113.8770491 51.0525321, -113.8770491 51.0524417, -113.8727689 51.0524433, -113.8727731 51.0558394)))"
17 HART ESTATES BV NE,Residential,RESIDUAL WARD 9 - SUB AREA 9O,S-FUD,"MULTIPOLYGON (((-113.8655548 51.056203, -113.8655533 51.0578656, -113.868357 51.0578646, -113.8683582 51.0562019, -113.8655548 51.056203)))"
79 HART ESTATES BV NE,Residential,RESIDUAL WARD 9 - SUB AREA 9O,S-FUD,"MULTIPOLYGON (((-113.8685029 51.0544608, -113.8685002 51.0579549, -113.8688864 51.0579548, -113.8689979 51.0579536, -113.8691092 51.05795, -113.8692203 51.0579442, -113.8693311 51.057936, -113.8694413 51.0579256, -113.869551 51.0579129, -113.8696599 51.057898, -113.869768 51.0578807, -113.8698751 51.0578613, -113.8699811 51.0578397, -113.870086 51.0578158, -113.8701895 51.0577898, -113.8702917 51.0577617, -113.8703923 51.0577315, -113.8704912 51.0576992, -113.8705884 51.0576649, -113.8706838 51.0576286, -113.8707772 51.0575904, -113.8708686 51.0575502, -113.8709578 51.0575082, -113.8710447 51.0574643, -113.8711293 51.0574186, -113.8712115 51.0573713, -113.8712912 51.0573222, -113.8713682 51.0572716, -113.8714425 51.0572193, -113.8715141 51.0571656, -113.8715828 51.0571104, -113.8716486 51.0570538, -113.8717113 51.0569959, -113.871771 51.0569367, -113.8718276 51.0568763, -113.8724053 51.0562368, -113.8724178 51.0562214, -113.8724279 51.0562054, -113.8724356 51.0561889, -113.872441 51.056172, -113.8724438 51.0561549, -113.8724441 51.0561376, -113.8724419 51.0561205, -113.8724372 51.0561035, -113.8724306 51.0560772, -113.8724291 51.0560505, -113.8724329 51.056024, -113.8724418 51.0559979, -113.8724556 51.0559728, -113.8724743 51.0559488, -113.8724975 51.0559265, -113.8725249 51.0559062, -113.870137 51.0544613, -113.8685029 51.0544608)))"
95 HART ESTATES BV NE,Residential,RESIDUAL WARD 9 - SUB AREA 9O,S-FUD,"MULTIPOLYGON (((-113.8685029 51.0544608, -113.870137 51.0544613, -113.8725249 51.0559062, -113.8725501 51.0558912, -113.8725775 51.0558779, -113.872607 51.0558664, -113.8726381 51.0558568, -113.8726706 51.0558493, -113.8727042 51.0558438, -113.8727384 51.0558405, -113.8727731 51.0558394, -113.8727689 51.0524433, -113.8685045 51.0524428, -113.8685029 51.0544608)))"
11500 2 AV NE,Non-Residential,RESIDUAL WARD 9 - SUB AREA 9O,S-FUD,"MULTIPOLYGON (((-113.8683582 51.0562019, -113.8683611 51.0525332, -113.865558 51.0525328, -113.8655548 51.056203, -113.8683582 51.0562019)))"
16300 37 ST SW,Non-Residential,RESIDUAL WARD 13 - SUB AREA 13G,S-FUD,"MULTIPOLYGON (((-114.1383344 50.9067384, -114.1401821 50.9067361, -114.1401823 50.9067361, -114.1401823 50.9066813, -114.1401818 50.9056576, -114.1383339 50.9056599, -114.1383344 50.9067384)))"
104 84 ST SE,Farm Land,HUXLEY,S-FUD,"MULTIPOLYGON (((-113.9002931 51.0524344, -113.9003374 51.0524344, -113.9108537 51.052426, -113.9117612 51.0524273, -113.9117612 51.0521036, -113.9109329 51.0521022, -113.910854 51.0521023, -113.9036579 51.052108, -113.9002932 51.0521106, -113.9002931 51.0524344)))"
106 84 ST SE,Non-Residential,HUXLEY,S-FUD,"MULTIPOLYGON (((-113.9002932 51.0521106, -113.9036579 51.052108, -113.910854 51.0521023, -113.9117612 51.0521036, -113.9117612 51.0520677, -113.910854 51.0520663, -113.9002932 51.0520746, -113.9002932 51.0521106)))"
9300 17 AV SE,Farm Land,BELVEDERE,S-FUD,"MULTIPOLYGON (((-113.9001444 51.0380619, -113.9000921 51.038062, -113.8973722 51.0380628, -113.8973714 51.0389833, -113.895699 51.0389842, -113.8957029 51.0452074, -113.9001508 51.0452034, -113.9001444 51.0380619)))"
9350 17 AV SE,Residential,BELVEDERE,S-FUD,"MULTIPOLYGON (((-113.8945678 51.0380634, -113.8945683 51.0382919, -113.8950684 51.0382915, -113.8950687 51.0384283, -113.8956986 51.0384277, -113.895699 51.0389842, -113.8973714 51.0389833, -113.8973722 51.0380628, -113.8957047 51.0380635, -113.8945678 51.0380634)))"
1515 100 ST SE,Non-Residential,BELVEDERE,S-FUD,"MULTIPOLYGON (((-113.8945572 51.0476735, -113.900293 51.047669, -113.900295 51.0452035, -113.900295 51.0452033, -113.9002948 51.0452033, -113.8957029 51.0452074, -113.895699 51.0389842, -113.8956986 51.0384277, -113.8950687 51.0384283, -113.8950684 51.0382915, -113.8945683 51.0382919, -113.8945678 51.0380634, -113.8944662 51.0380633, -113.8942903 51.0380633, -113.8942905 51.0381537, -113.8929191 51.0381538, -113.8888168 51.0381543, -113.888817 51.0387367, -113.8888171 51.038838, -113.888821 51.0452123, -113.8942953 51.0452079, -113.8945569 51.0452076, -113.8945572 51.0476735)))"
1515 100 ST SE,Non-Residential,BELVEDERE,S-FUD,"MULTIPOLYGON (((-113.8945572 51.0476735, -113.900293 51.047669, -113.900295 51.0452035, -113.900295 51.0452033, -113.9002948 51.0452033, -113.8957029 51.0452074, -113.895699 51.0389842, -113.8956986 51.0384277, -113.8950687 51.0384283, -113.8950684 51.0382915, -113.8945683 51.0382919, -113.8945678 51.0380634, -113.8944662 51.0380633, -113.8942903 51.0380633, -113.8942905 51.0381537, -113.8929191 51.0381538, -113.8888168 51.0381543, -113.888817 51.0387367, -113.8888171 51.038838, -113.888821 51.0452123, -113.8942953 51.0452079, -113.8945569 51.0452076, -113.8945572 51.0476735)))"
333 100 ST SE,Farm Land,HUXLEY,S-FUD,"MULTIPOLYGON (((-113.9002932 51.0521106, -113.9002932 51.0520746, -113.9002932 51.0515152, -113.9002931 51.0487286, -113.9002931 51.048459, -113.900293 51.047669, -113.8945572 51.0476735, -113.8945569 51.0452076, -113.8942953 51.0452079, -113.888821 51.0452123, -113.8888264 51.0520803, -113.8888264 51.0521163, -113.8888266 51.0524398, -113.8909995 51.0524388, -113.9000339 51.0524347, -113.9000782 51.0524348, -113.9001235 51.0524345, -113.9002931 51.0524347, -113.9002932 51.0521106)))"
300 100 ST SE,Farm Land,TWINHILLS,S-FUD,"MULTIPOLYGON (((-113.8770488 51.0452116, -113.8770491 51.0523514, -113.8885397 51.0523496, -113.8885349 51.0461164, -113.8867955 51.0461164, -113.8867948 51.0452123, -113.8770488 51.0452116)))"
700 100 ST SE,Residential,TWINHILLS,S-FUD,"MULTIPOLYGON (((-113.8867948 51.0452123, -113.8867955 51.0461164, -113.8885349 51.0461164, -113.8885341 51.0452123, -113.8867948 51.0452123)))"
10100 17 AV SE,Farm Land,TWINHILLS,S-FUD,"MULTIPOLYGON (((-113.886749 51.039655, -113.8867494 51.0404862, -113.8885314 51.0404859, -113.8885304 51.0388997, -113.8881028 51.0388998, -113.8881026 51.0382887, -113.8867484 51.0382889, -113.886749 51.039655)))"
10220 17 AV SE,Farm Land,TWINHILLS,S-FUD,"MULTIPOLYGON (((-113.8850236 51.0382892, -113.8850241 51.0396553, -113.886749 51.039655, -113.8867484 51.0382889, -113.8850236 51.0382892)))"
10300 17 AV SE,Non-Residential,TWINHILLS,S-FUD,"MULTIPOLYGON (((-113.8832988 51.0382895, -113.8832992 51.0396555, -113.8850241 51.0396553, -113.8850236 51.0382892, -113.8832988 51.0382895)))"
11600 17 AV SE,Farm Land,TWINHILLS,S-FUD,"MULTIPOLYGON (((-113.8681753 51.0380673, -113.8656406 51.0380677, -113.8656404 51.0383965, -113.8655661 51.0389442, -113.8655648 51.0408088, -113.8681735 51.0408084, -113.8681753 51.0380673)))"
11515R 1 AV SE,Farm Land,RESIDUAL WARD 9 - SUB AREA 9O,S-FUD,"MULTIPOLYGON (((-113.8655586 51.0514479, -113.8684275 51.0514478, -113.8684271 51.0523519, -113.8770491 51.0523514, -113.8770488 51.0452116, -113.8655617 51.0452097, -113.8655586 51.0514479)))"
11515 1 AV SE,Residential,RESIDUAL WARD 9 - SUB AREA 9O,S-FUD,"MULTIPOLYGON (((-113.8655586 51.0514479, -113.8655582 51.052352, -113.8684271 51.0523519, -113.8684275 51.0514478, -113.8655586 51.0514479)))"
8775 17 AV SE,Residential,BELVEDERE,S-FUD,"MULTIPOLYGON (((-113.9077161 51.0349273, -113.9071553 51.034929, -113.9062284 51.0349318, -113.9039528 51.0349313, -113.9039515 51.0360109, -113.9039536 51.0376082, -113.9062253 51.0376078, -113.9077179 51.0376075, -113.9077178 51.0374107, -113.9077174 51.0365231, -113.9077178 51.0360016, -113.9077169 51.0354335, -113.9077165 51.0351854, -113.9077161 51.0349273)))"
8500 23 AV SE,Residential,BELVEDERE,S-FUD,"MULTIPOLYGON (((-113.9090007 51.0332824, -113.9089983 51.0342127, -113.9093912 51.0342126, -113.911644 51.0342118, -113.9116925 51.0342117, -113.9116935 51.0324247, -113.9103995 51.0324257, -113.9102577 51.0328026, -113.9100028 51.0332817, -113.9090007 51.0332824)))"
8580 23 AV SE,Residential,BELVEDERE,S-FUD,"MULTIPOLYGON (((-113.9090005 51.0324268, -113.9090007 51.0332824, -113.9100028 51.0332817, -113.9102577 51.0328026, -113.9103995 51.0324257, -113.9090005 51.0324268)))"
8700 23 AV SE,Farm Land,BELVEDERE,S-FUD,"MULTIPOLYGON (((-113.9062335 51.032429, -113.9062298 51.034215, -113.907684 51.034214, -113.9086186 51.034213, -113.9087195 51.0342129, -113.9089983 51.0342127, -113.9090007 51.0332824, -113.9090005 51.0324268, -113.9062335 51.032429)))"
8950 23 AV SE,Farm Land,BELVEDERE,S-FUD,"MULTIPOLYGON (((-113.9031796 51.0324313, -113.9031759 51.0342173, -113.9062298 51.034215, -113.9062335 51.032429, -113.9031796 51.0324313)))"
9100 23 AV SE,Farm Land,BELVEDERE,S-FUD,"MULTIPOLYGON (((-113.9031796 51.0324313, -113.9004362 51.0324333, -113.9004362 51.0342192, -113.9031759 51.0342173, -113.9031796 51.0324313)))"
2800 92 ST SE,Farm Land,RESIDUAL WARD 9 - SUB AREA 9P,S-FUD,"MULTIPOLYGON (((-113.8888148 51.0305609, -113.8888887 51.030561, -113.9000924 51.0305594, -113.900293 51.0305594, -113.9002928 51.0265819, -113.8995058 51.0265821, -113.8945536 51.0265829, -113.894555 51.027848, -113.8909906 51.0278484, -113.8909909 51.0288346, -113.8888882 51.0288348, -113.8888144 51.0288348, -113.8888148 51.0305609)))"
3035 100 ST SE,Residential,RESIDUAL WARD 9 - SUB AREA 9P,S-FUD,"MULTIPOLYGON (((-113.8888845 51.0266014, -113.8888854 51.0278486, -113.888888 51.0278486, -113.8905531 51.0278485, -113.8905531 51.0266016, -113.8888845 51.0266014)))"
3103 100 ST SE,Farm Land,RESIDUAL WARD 9 - SUB AREA 9P,S-FUD,"MULTIPOLYGON (((-113.8888845 51.0266014, -113.8905531 51.0266016, -113.8905531 51.0278485, -113.8909906 51.0278484, -113.894555 51.027848, -113.8945536 51.0265829, -113.8995058 51.0265821, -113.9002928 51.0265819, -113.9002923 51.0237939, -113.9002925 51.0234516, -113.9002926 51.0233285, -113.8945527 51.0233289, -113.894553 51.0244138, -113.8931568 51.0244139, -113.8931569 51.0248933, -113.8931571 51.0253728, -113.8931572 51.0258522, -113.8931574 51.0263317, -113.8888837 51.0263318, -113.8888845 51.0266014)))"
3163 100 ST SE,Residential,RESIDUAL WARD 9 - SUB AREA 9P,S-FUD,"MULTIPOLYGON (((-113.8888137 51.0258523, -113.8888138 51.0263318, -113.8888837 51.0263318, -113.8931574 51.0263317, -113.8931572 51.0258522, -113.8888137 51.0258523)))"
3195 100 ST SE,Residential,RESIDUAL WARD 9 - SUB AREA 9P,S-FUD,"MULTIPOLYGON (((-113.8888136 51.0253729, -113.8888137 51.0258523, -113.8931572 51.0258522, -113.8931571 51.0253728, -113.8888136 51.0253729)))"
3235 100 ST SE,Residential,RESIDUAL WARD 9 - SUB AREA 9P,S-FUD,"MULTIPOLYGON (((-113.8888135 51.0248934, -113.8888136 51.0253729, -113.8931571 51.0253728, -113.8931569 51.0248933, -113.8888135 51.0248934)))"
3287 100 ST SE,Non-Residential,RESIDUAL WARD 9 - SUB AREA 9P,S-FUD,"MULTIPOLYGON (((-113.8888134 51.024414, -113.8888135 51.0248934, -113.8931569 51.0248933, -113.8931568 51.0244139, -113.8888134 51.024414)))"
3315 100 ST SE,Residential,RESIDUAL WARD 9 - SUB AREA 9P,S-FUD,"MULTIPOLYGON (((-113.8888131 51.023329, -113.8888134 51.024414, -113.8931568 51.0244139, -113.894553 51.0244138, -113.8945527 51.0233289, -113.8888131 51.023329)))"
3000 100 ST SE,Farm Land,RESIDUAL WARD 9 - SUB AREA 9P,S-FUD,"MULTIPOLYGON (((-113.8770501 51.0233303, -113.8770493 51.030563, -113.8793872 51.0305627, -113.888528 51.0305611, -113.8885264 51.0233291, -113.8770501 51.0233303)))"
11515 30 AV SE,Residential,RESIDUAL WARD 9 - SUB AREA 9P,S-FUD,"MULTIPOLYGON (((-113.8655719 51.0279978, -113.8655714 51.0290936, -113.8680041 51.029094, -113.8680045 51.0279982, -113.8655719 51.0279978)))"
11515R 30 AV SE,Farm Land,RESIDUAL WARD 9 - SUB AREA 9P,S-FUD,"MULTIPOLYGON (((-113.8655714 51.0290936, -113.8655708 51.0305637, -113.8699587 51.0305636, -113.8770493 51.030563, -113.8770501 51.0233303, -113.8655739 51.0233303, -113.8655719 51.0279978, -113.8680045 51.0279982, -113.8680041 51.029094, -113.8655714 51.0290936)))"
3400 84 ST SE,Farm Land,RESIDUAL WARD 9 - SUB AREA 9P,S-FUD,"MULTIPOLYGON (((-113.9002933 51.0209767, -113.9002926 51.0233285, -113.9117722 51.0233266, -113.9117728 51.0209741, -113.9103401 51.0209745, -113.9002933 51.0209767)))"
3502 84 ST SE,Residential,RESIDUAL WARD 9 - SUB AREA 9P,S-FUD,"MULTIPOLYGON (((-113.9117729 51.0202945, -113.9103403 51.020294, -113.9103401 51.0208366, -113.9103401 51.0209745, -113.9117728 51.0209741, -113.9117728 51.0208371, -113.9117729 51.0202945)))"
3838 84 ST SE,Residential,RESIDUAL WARD 9 - SUB AREA 9P,S-FUD,"MULTIPOLYGON (((-113.9002949 51.0160941, -113.9002933 51.0209767, -113.9103401 51.0209745, -113.9103401 51.0208366, -113.9103403 51.020294, -113.9117729 51.0202945, -113.9117735 51.0177342, -113.9091676 51.0177349, -113.9091672 51.0160893, -113.9074198 51.0160901, -113.9052838 51.0160911, -113.9038567 51.0160917, -113.9021052 51.0160925, -113.901572 51.0160927, -113.9002949 51.0160941)))"
3775 100 ST SE,Farm Land,RESIDUAL WARD 9 - SUB AREA 9P,S-FUD,"MULTIPOLYGON (((-113.888821 51.0160972, -113.8888131 51.023329, -113.8945527 51.0233289, -113.9002926 51.0233285, -113.9002933 51.0209767, -113.9002949 51.0160941, -113.888821 51.0160972)))"
3700 100 ST SE,Farm Land,RESIDUAL WARD 9 - SUB AREA 9P,S-FUD,"MULTIPOLYGON (((-113.8655739 51.0230565, -113.8655739 51.0233303, -113.8770501 51.0233303, -113.8885264 51.0233291, -113.8885344 51.0160973, -113.8881001 51.0160975, -113.888093 51.0230553, -113.8770502 51.0230564, -113.8655739 51.0230565)))"
3790 100 ST SE,Farm Land,RESIDUAL WARD 9 - SUB AREA 9P,S-FUD,"MULTIPOLYGON (((-113.8655764 51.016101, -113.8655739 51.0230565, -113.8770502 51.0230564, -113.888093 51.0230553, -113.8881001 51.0160975, -113.8770517 51.0160997, -113.8655764 51.016101)))"
8500 84 ST SE,Residential,RESIDUAL WARD 12- SUB AREA 12K,S-FUD,"MULTIPOLYGON (((-113.9079249 50.9761149, -113.907924 50.9792105, -113.9116488 50.9792088, -113.9116495 50.9761132, -113.9079249 50.9761149)))"
8700 84 ST SE,Non-Residential,RESIDUAL WARD 12- SUB AREA 12K,S-FUD,"MULTIPOLYGON (((-113.9084894 50.9738956, -113.9060866 50.9761157, -113.9079249 50.9761149, -113.9116495 50.9761132, -113.9116499 50.9738951, -113.9084894 50.9738956)))"
8920 84 ST SE,Residential,RESIDUAL WARD 12- SUB AREA 12K,S-FUD,"MULTIPOLYGON (((-113.9116502 50.9725793, -113.9091337 50.9733002, -113.9084894 50.9738956, -113.9116499 50.9738951, -113.9116502 50.9725793)))"
10600 84 ST SE,Non-Residential,RESIDUAL WARD 12 - SUB AREA 12A,S-FUD,"MULTIPOLYGON (((-113.8902352 50.9547791, -113.8902348 50.9550002, -113.8902347 50.9550544, -113.8902318 50.9564265, -113.8902288 50.9578878, -113.894131 50.9578882, -113.89748 50.9578883, -113.9003665 50.9578877, -113.9038136 50.9578875, -113.9052854 50.9578874, -113.9055326 50.9578873, -113.9058783 50.9578873, -113.9098639 50.9578868, -113.910479 50.9578867, -113.9113709 50.9578865, -113.9113713 50.9562722, -113.9113714 50.9560789, -113.9111479 50.9560787, -113.9039597 50.956073, -113.9033285 50.9560725, -113.9003697 50.9560701, -113.9003732 50.9541196, -113.8944869 50.9545029, -113.8902352 50.9547791)))"
11000 84 ST SE,Residential,RESIDUAL WARD 12 - SUB AREA 12A,S-FUD,"MULTIPOLYGON (((-113.9116564 50.9537861, -113.9117992 50.9537884, -113.9117992 50.9533773, -113.910377 50.9534679, -113.9103769 50.953786, -113.9116564 50.9537861)))"
11390 84 ST SE,Residential,RESIDUAL WARD 12 - SUB AREA 12A,S-FUD,"MULTIPOLYGON (((-113.9112582 50.9514757, -113.9112581 50.9516127, -113.9112581 50.9517497, -113.9118001 50.9517496, -113.9118002 50.9516127, -113.9118003 50.9514757, -113.9112582 50.9514757)))"
11400 84 ST SE,Residential,RESIDUAL WARD 12 - SUB AREA 12A,S-FUD,"MULTIPOLYGON (((-113.9112583 50.9513388, -113.9112582 50.9514757, -113.9118003 50.9514757, -113.9118004 50.9513387, -113.9118005 50.9512018, -113.9112584 50.9512018, -113.9112583 50.9513388)))"
11305 85 ST SE,Residential,RESIDUAL WARD 12 - SUB AREA 12A,S-FUD,"MULTIPOLYGON (((-113.9107157 50.9524901, -113.9107152 50.9527347, -113.9117995 50.9526644, -113.9117992 50.9524923, -113.9107157 50.9524901)))"
11317 85 ST SE,Residential,RESIDUAL WARD 12 - SUB AREA 12A,S-FUD,"MULTIPOLYGON (((-113.9107157 50.9524901, -113.9117992 50.9524923, -113.9117992 50.9523553, -113.9107157 50.9523531, -113.9107157 50.9524901)))"
11355 85 ST SE,Residential,RESIDUAL WARD 12 - SUB AREA 12A,S-FUD,"MULTIPOLYGON (((-113.9107157 50.952186, -113.9112575 50.9521871, -113.9117993 50.9521882, -113.9117999 50.9520674, -113.9117994 50.9519692, -113.9107157 50.9519676, -113.9107157 50.9520675, -113.9107157 50.952186)))"
11403 85 ST SE,Residential,RESIDUAL WARD 12 - SUB AREA 12A,S-FUD,"MULTIPOLYGON (((-113.9107164 50.9510649, -113.9107163 50.9512018, -113.9107162 50.9513388, -113.9112583 50.9513388, -113.9112584 50.9512018, -113.9118005 50.9512018, -113.9118006 50.9510648, -113.9112585 50.9510648, -113.9107164 50.9510649)))"
11425 85 ST SE,Non-Residential,RESIDUAL WARD 12 - SUB AREA 12A,S-FUD,"MULTIPOLYGON (((-113.9107165 50.9509279, -113.9107164 50.9510649, -113.9112585 50.9510648, -113.9118006 50.9510648, -113.9118007 50.9509278, -113.9112586 50.9509279, -113.9107165 50.9509279)))"
11425 85 ST SE,Non-Residential,RESIDUAL WARD 12 - SUB AREA 12A,S-FUD,"MULTIPOLYGON (((-113.9118007 50.9509278, -113.9118008 50.9507909, -113.9118009 50.9506539, -113.9112588 50.9506539, -113.9107167 50.950654, -113.9107166 50.9507909, -113.9107165 50.9509279, -113.9112586 50.9509279, -113.9118007 50.9509278)))"
11310 85 ST SE,Residential,RESIDUAL WARD 12 - SUB AREA 12A,S-FUD,"MULTIPOLYGON (((-113.9098871 50.9524784, -113.909887 50.9526154, -113.9098869 50.9527524, -113.9098869 50.9527884, -113.910429 50.9527532, -113.9104291 50.9526154, -113.9104292 50.9524784, -113.9104293 50.9523414, -113.9104294 50.9522045, -113.9104295 50.9520675, -113.9098874 50.9520675, -113.9098873 50.9522045, -113.9098872 50.9523415, -113.9098871 50.9524784)))"
11370 85 ST SE,Residential,RESIDUAL WARD 12 - SUB AREA 12A,S-FUD,"MULTIPOLYGON (((-113.9093454 50.9518868, -113.9093453 50.9520676, -113.9098874 50.9520675, -113.9104295 50.9520675, -113.9104296 50.9518867, -113.9098875 50.9518867, -113.9093454 50.9518868)))"
11398 85 ST SE,Residential,RESIDUAL WARD 12 - SUB AREA 12A,S-FUD,"MULTIPOLYGON (((-113.9098878 50.9514758, -113.9098877 50.9516128, -113.9098876 50.9517498, -113.9098875 50.9518867, -113.9104296 50.9518867, -113.9104297 50.9517497, -113.9104298 50.9516128, -113.9104299 50.9514758, -113.9098878 50.9514758)))"
11400 85 ST SE,Residential,RESIDUAL WARD 12 - SUB AREA 12A,S-FUD,"MULTIPOLYGON (((-113.9098881 50.9510649, -113.909888 50.9512019, -113.9098879 50.9513389, -113.9098878 50.9514758, -113.9104299 50.9514758, -113.91043 50.9513388, -113.9104301 50.9512019, -113.9104302 50.9510649, -113.9098881 50.9510649)))"
11446 85 ST SE,Residential,RESIDUAL WARD 12 - SUB AREA 12A,S-FUD,"MULTIPOLYGON (((-113.9098884 50.950654, -113.9098883 50.950791, -113.9098882 50.950928, -113.9098881 50.9510649, -113.9104302 50.9510649, -113.9104303 50.9509279, -113.9104304 50.950791, -113.9104305 50.950654, -113.9098884 50.950654)))"
11309 86 ST SE,Residential,RESIDUAL WARD 12 - SUB AREA 12A,S-FUD,"MULTIPOLYGON (((-113.909345 50.9524785, -113.9093449 50.9526154, -113.9093448 50.9527524, -113.9093447 50.9528235, -113.9098869 50.9527884, -113.9098869 50.9527524, -113.909887 50.9526154, -113.9098871 50.9524784, -113.909345 50.9524785)))"
11331 86 ST SE,Residential,RESIDUAL WARD 12 - SUB AREA 12A,S-FUD,"MULTIPOLYGON (((-113.9093453 50.9520676, -113.9093452 50.9522045, -113.9093451 50.9523415, -113.909345 50.9524785, -113.9098871 50.9524784, -113.9098872 50.9523415, -113.9098873 50.9522045, -113.9098874 50.9520675, -113.9093453 50.9520676)))"
11395 86 ST SE,Residential,RESIDUAL WARD 12 - SUB AREA 12A,S-FUD,"MULTIPOLYGON (((-113.9093457 50.9514759, -113.9093456 50.9516128, -113.9093455 50.9517498, -113.9093454 50.9518868, -113.9098875 50.9518867, -113.9098876 50.9517498, -113.9098877 50.9516128, -113.9098878 50.9514758, -113.9093457 50.9514759)))"
11401 86 ST SE,Residential,RESIDUAL WARD 12 - SUB AREA 12A,S-FUD,"MULTIPOLYGON (((-113.909346 50.951065, -113.9093459 50.9512019, -113.9093458 50.9513389, -113.9093457 50.9514759, -113.9098878 50.9514758, -113.9098879 50.9513389, -113.909888 50.9512019, -113.9098881 50.9510649, -113.909346 50.951065)))"
11445 86 ST SE,Residential,RESIDUAL WARD 12 - SUB AREA 12A,S-FUD,"MULTIPOLYGON (((-113.9098884 50.950654, -113.9093463 50.9506541, -113.9093462 50.950791, -113.9093461 50.950928, -113.909346 50.951065, -113.9098881 50.9510649, -113.9098882 50.950928, -113.9098883 50.950791, -113.9098884 50.950654)))"
11368 86 ST SE,Residential,RESIDUAL WARD 12 - SUB AREA 12A,S-FUD,"MULTIPOLYGON (((-113.907975 50.9518868, -113.9079749 50.9520676, -113.908517 50.9520676, -113.9090591 50.9520676, -113.9090592 50.9518868, -113.9085171 50.9518868, -113.907975 50.9518868)))"
11392 86 ST SE,Residential,RESIDUAL WARD 12 - SUB AREA 12A,S-FUD,"MULTIPOLYGON (((-113.9085174 50.9514759, -113.9085173 50.9516129, -113.9085172 50.9517498, -113.9085171 50.9518868, -113.9090592 50.9518868, -113.9090593 50.9517498, -113.9090594 50.9516129, -113.9090595 50.9514759, -113.9085174 50.9514759)))"
11402 86 ST SE,Residential,RESIDUAL WARD 12 - SUB AREA 12A,S-FUD,"MULTIPOLYGON (((-113.9085177 50.951065, -113.9085176 50.951202, -113.9085175 50.9513389, -113.9085174 50.9514759, -113.9090595 50.9514759, -113.9090596 50.9513389, -113.9090597 50.9512019, -113.9090598 50.951065, -113.9085177 50.951065)))"
11448 86 ST SE,Residential,RESIDUAL WARD 12 - SUB AREA 12A,S-FUD,"MULTIPOLYGON (((-113.908518 50.9506541, -113.9085179 50.9507911, -113.9085178 50.950928, -113.9085177 50.951065, -113.9090598 50.951065, -113.9090599 50.950928, -113.90906 50.950791, -113.9090601 50.9506541, -113.908518 50.9506541)))"
11315 87 ST SE,Residential,RESIDUAL WARD 12 - SUB AREA 12A,S-FUD,"MULTIPOLYGON (((-113.9079745 50.9524785, -113.9079744 50.9526155, -113.9079743 50.9527525, -113.9079742 50.9529123, -113.9085163 50.9528772, -113.9085164 50.9527525, -113.9085165 50.9526155, -113.9085166 50.9524785, -113.9079745 50.9524785)))"
11327 87 ST SE,Residential,RESIDUAL WARD 12 - SUB AREA 12A,S-FUD,"MULTIPOLYGON (((-113.9079749 50.9520676, -113.9079748 50.9522046, -113.9079746 50.9523416, -113.9079745 50.9524785, -113.9085166 50.9524785, -113.9085168 50.9523416, -113.9085169 50.9522046, -113.908517 50.9520676, -113.9079749 50.9520676)))"
11393 87 ST SE,Residential,RESIDUAL WARD 12 - SUB AREA 12A,S-FUD,"MULTIPOLYGON (((-113.9079753 50.9514759, -113.9079752 50.9516129, -113.9079751 50.9517499, -113.907975 50.9518868, -113.9085171 50.9518868, -113.9085172 50.9517498, -113.9085173 50.9516129, -113.9085174 50.9514759, -113.9079753 50.9514759)))"
11405 87 ST SE,Residential,RESIDUAL WARD 12 - SUB AREA 12A,S-FUD,"MULTIPOLYGON (((-113.9079756 50.951065, -113.9079755 50.951202, -113.9079754 50.951339, -113.9079753 50.9514759, -113.9085174 50.9514759, -113.9085175 50.9513389, -113.9085176 50.951202, -113.9085177 50.951065, -113.9079756 50.951065)))"
11312 87 ST SE,Residential,RESIDUAL WARD 12 - SUB AREA 12A,S-FUD,"MULTIPOLYGON (((-113.9071462 50.9524786, -113.9071461 50.9526155, -113.907146 50.9527525, -113.9071459 50.9528895, -113.9071458 50.952966, -113.907688 50.9529309, -113.907688 50.9528895, -113.9076881 50.9527525, -113.9076882 50.9526155, -113.9076883 50.9524786, -113.9071462 50.9524786)))"
11326 87 ST SE,Residential,RESIDUAL WARD 12 - SUB AREA 12A,S-FUD,"MULTIPOLYGON (((-113.9071465 50.9520677, -113.9071464 50.9522046, -113.9071463 50.9523416, -113.9071462 50.9524786, -113.9076883 50.9524786, -113.9076884 50.9523416, -113.9076885 50.9522046, -113.9076886 50.9520677, -113.9071465 50.9520677)))"
11360 87 ST SE,Residential,RESIDUAL WARD 12 - SUB AREA 12A,S-FUD,"MULTIPOLYGON (((-113.9066046 50.9518869, -113.9066044 50.9520677, -113.9071465 50.9520677, -113.9076886 50.9520677, -113.9076888 50.9518869, -113.9071467 50.9518869, -113.9066046 50.9518869)))"
11396 87 ST SE,Residential,RESIDUAL WARD 12 - SUB AREA 12A,S-FUD,"MULTIPOLYGON (((-113.907147 50.951476, -113.9071469 50.9516129, -113.9071468 50.9517499, -113.9071467 50.9518869, -113.9076888 50.9518869, -113.9076889 50.9517499, -113.907689 50.9516129, -113.9076891 50.9514759, -113.907147 50.951476)))"
11408 87 ST SE,Residential,RESIDUAL WARD 12 - SUB AREA 12A,S-FUD,"MULTIPOLYGON (((-113.9071473 50.9510651, -113.9071472 50.951202, -113.9071471 50.951339, -113.907147 50.951476, -113.9076891 50.9514759, -113.9076892 50.951339, -113.9076893 50.951202, -113.9076894 50.951065, -113.9071473 50.9510651)))"
11450 87 ST SE,Residential,RESIDUAL WARD 12 - SUB AREA 12A,S-FUD,"MULTIPOLYGON (((-113.9071476 50.9506542, -113.9071475 50.9507911, -113.9071474 50.9509281, -113.9071473 50.9510651, -113.9076894 50.951065, -113.9076895 50.9509281, -113.9076896 50.9507911, -113.9076897 50.9506541, -113.9071476 50.9506542)))"
11311 88 ST SE,Residential,RESIDUAL WARD 12 - SUB AREA 12A,S-FUD,"MULTIPOLYGON (((-113.9066041 50.9524786, -113.906604 50.9526156, -113.9066039 50.9527525, -113.9066038 50.9528895, -113.9066049 50.9529691, -113.9066037 50.9530011, -113.906694 50.9529902, -113.9071458 50.952966, -113.9071459 50.9528895, -113.907146 50.9527525, -113.9071461 50.9526155, -113.9071462 50.9524786, -113.9066041 50.9524786)))"
11335 88 ST SE,Residential,RESIDUAL WARD 12 - SUB AREA 12A,S-FUD,"MULTIPOLYGON (((-113.9066044 50.9520677, -113.9066043 50.9522047, -113.9066042 50.9523416, -113.9066041 50.9524786, -113.9071462 50.9524786, -113.9071463 50.9523416, -113.9071464 50.9522046, -113.9071465 50.9520677, -113.9066044 50.9520677)))"
11397 88 ST SE,Residential,RESIDUAL WARD 12 - SUB AREA 12A,S-FUD,"MULTIPOLYGON (((-113.9066049 50.951476, -113.9066048 50.951613, -113.9066047 50.9517499, -113.9066046 50.9518869, -113.9071467 50.9518869, -113.9071468 50.9517499, -113.9071469 50.9516129, -113.907147 50.951476, -113.9066049 50.951476)))"
11407 88 ST SE,Residential,RESIDUAL WARD 12 - SUB AREA 12A,S-FUD,"MULTIPOLYGON (((-113.9066052 50.9510651, -113.9066051 50.9512021, -113.906605 50.951339, -113.9066049 50.951476, -113.907147 50.951476, -113.9071471 50.951339, -113.9071472 50.951202, -113.9071473 50.9510651, -113.9066052 50.9510651)))"
11455 88 ST SE,Residential,RESIDUAL WARD 12 - SUB AREA 12A,S-FUD,"MULTIPOLYGON (((-113.9071476 50.9506542, -113.9066056 50.9506542, -113.9066054 50.9507911, -113.9066053 50.9509281, -113.9066052 50.9510651, -113.9071473 50.9510651, -113.9071474 50.9509281, -113.9071475 50.9507911, -113.9071476 50.9506542)))"
11306 88 ST SE,Residential,RESIDUAL WARD 12 - SUB AREA 12A,S-FUD,"MULTIPOLYGON (((-113.906049 50.9528836, -113.9061837 50.9529074, -113.906319 50.9529298, -113.9063175 50.9528895, -113.906049 50.9528836)))"
11320 88 ST SE,Residential,RESIDUAL WARD 12 - SUB AREA 12A,S-FUD,"MULTIPOLYGON (((-113.906049 50.9528836, -113.9063175 50.9528895, -113.9063176 50.9527525, -113.9063177 50.9526156, -113.9063179 50.9524786, -113.906318 50.9523416, -113.9057759 50.9523417, -113.9057758 50.9524786, -113.9057756 50.9526156, -113.9057755 50.9527526, -113.9057768 50.9528304, -113.9059125 50.9528578, -113.906049 50.9528836)))"
11358 88 ST SE,Residential,RESIDUAL WARD 12 - SUB AREA 12A,S-FUD,"MULTIPOLYGON (((-113.9052341 50.9518869, -113.905234 50.9520677, -113.9057761 50.9520677, -113.9063182 50.9520677, -113.9063183 50.9518869, -113.9057762 50.9518869, -113.9052341 50.9518869)))"
11390 88 ST SE,Residential,RESIDUAL WARD 12 - SUB AREA 12A,S-FUD,"MULTIPOLYGON (((-113.9057766 50.951476, -113.9057765 50.951613, -113.9057763 50.95175, -113.9057762 50.9518869, -113.9063183 50.9518869, -113.9063184 50.9517499, -113.9063186 50.951613, -113.9063187 50.951476, -113.9057766 50.951476)))"
11400 88 ST SE,Residential,RESIDUAL WARD 12 - SUB AREA 12A,S-FUD,"MULTIPOLYGON (((-113.9057769 50.9510651, -113.9057768 50.9512021, -113.9057767 50.951339, -113.9057766 50.951476, -113.9063187 50.951476, -113.9063188 50.951339, -113.9063189 50.9512021, -113.906319 50.9510651, -113.9057769 50.9510651)))"
11458 88 ST SE,Residential,RESIDUAL WARD 12 - SUB AREA 12A,S-FUD,"MULTIPOLYGON (((-113.9057772 50.9506542, -113.9057771 50.9507912, -113.905777 50.9509281, -113.9057769 50.9510651, -113.906319 50.9510651, -113.9063191 50.9509281, -113.9063192 50.9507912, -113.9063193 50.9506542, -113.9057772 50.9506542)))"
11329 89 ST SE,Residential,RESIDUAL WARD 12 - SUB AREA 12A,S-FUD,"MULTIPOLYGON (((-113.9052346 50.9527042, -113.9053937 50.9527441, -113.9055844 50.9527888, -113.9057768 50.9528304, -113.9057755 50.9527526, -113.9057756 50.9526156, -113.9052335 50.9526156, -113.9052346 50.9527042)))"
11345 89 ST SE,Residential,RESIDUAL WARD 12 - SUB AREA 12A,S-FUD,"MULTIPOLYGON (((-113.905234 50.9520677, -113.9052339 50.9522047, -113.9052338 50.9523417, -113.9052336 50.9524786, -113.9052335 50.9526156, -113.9057756 50.9526156, -113.9057758 50.9524786, -113.9057759 50.9523417, -113.905776 50.9522047, -113.9057761 50.9520677, -113.905234 50.9520677)))"
11399 89 ST SE,Residential,RESIDUAL WARD 12 - SUB AREA 12A,S-FUD,"MULTIPOLYGON (((-113.9052345 50.951476, -113.9052344 50.951613, -113.9052343 50.95175, -113.9052341 50.9518869, -113.9057762 50.9518869, -113.9057763 50.95175, -113.9057765 50.951613, -113.9057766 50.951476, -113.9052345 50.951476)))"
11427 89 ST SE,Residential,RESIDUAL WARD 12 - SUB AREA 12A,S-FUD,"MULTIPOLYGON (((-113.9052348 50.9510651, -113.9052347 50.9512021, -113.9052346 50.9513391, -113.9052345 50.951476, -113.9057766 50.951476, -113.9057767 50.951339, -113.9057768 50.9512021, -113.9057769 50.9510651, -113.9052348 50.9510651)))"
11475 89 ST SE,Residential,RESIDUAL WARD 12 - SUB AREA 12A,S-FUD,"MULTIPOLYGON (((-113.9057772 50.9506542, -113.9052352 50.9506542, -113.905235 50.9507912, -113.9052349 50.9509282, -113.9052348 50.9510651, -113.9057769 50.9510651, -113.905777 50.9509281, -113.9057771 50.9507912, -113.9057772 50.9506542)))"
11300 89 ST SE,Residential,RESIDUAL WARD 12 - SUB AREA 12A,S-FUD,"MULTIPOLYGON (((-113.9016754 50.9520707, -113.9016691 50.953313, -113.9049487 50.9531022, -113.9049484 50.9530696, -113.9047168 50.9530042, -113.9044874 50.9529357, -113.9016754 50.9520707)))"
11300R 89 ST SE,Residential,RESIDUAL WARD 12 - SUB AREA 12A,S-FUD,"MULTIPOLYGON (((-113.9003649 50.9518901, -113.9003713 50.9533964, -113.9016691 50.953313, -113.9016754 50.9520707, -113.9010896 50.9518905, -113.9003649 50.9518901)))"
11340 89 ST SE,Residential,RESIDUAL WARD 12 - SUB AREA 12A,S-FUD,"MULTIPOLYGON (((-113.9039357 50.9523089, -113.9047723 50.9525662, -113.9049441 50.9526179, -113.9049453 50.9520723, -113.9049456 50.9518911, -113.9039365 50.9518914, -113.9039357 50.9523089)))"
11392 89 ST SE,Residential,RESIDUAL WARD 12 - SUB AREA 12A,S-FUD,"MULTIPOLYGON (((-113.9039372 50.9514813, -113.9039365 50.9518914, -113.9049456 50.9518911, -113.9049465 50.9514818, -113.9039372 50.9514813)))"
11428 89 ST SE,Residential,RESIDUAL WARD 12 - SUB AREA 12A,S-FUD,"MULTIPOLYGON (((-113.903938 50.9510696, -113.9039372 50.9514813, -113.9049465 50.9514818, -113.9049473 50.951071, -113.903938 50.9510696)))"
11476 89 ST SE,Residential,RESIDUAL WARD 12 - SUB AREA 12A,S-FUD,"MULTIPOLYGON (((-113.903938 50.9510696, -113.9049473 50.951071, -113.9049481 50.950707, -113.9039386 50.9507048, -113.903938 50.9510696)))"
9000 114 AV SE,Residential,RESIDUAL WARD 12 - SUB AREA 12A,S-FUD,"MULTIPOLYGON (((-113.9031675 50.9520726, -113.9039357 50.9523089, -113.9039365 50.9518914, -113.9039372 50.9514813, -113.903938 50.9510696, -113.9039386 50.9507048, -113.9039387 50.950658, -113.9038641 50.9506581, -113.9032882 50.9506588, -113.9024655 50.9506598, -113.9024697 50.951858, -113.9025776 50.9518912, -113.9031675 50.9520726)))"
9050 114 AV SE,Farm Land,RESIDUAL WARD 12 - SUB AREA 12A,S-FUD,"MULTIPOLYGON (((-113.9006704 50.9513045, -113.9024697 50.951858, -113.9024655 50.9506598, -113.9006724 50.9506619, -113.9006704 50.9513045)))"
9050R 114 AV SE,Non-Residential,RESIDUAL WARD 12 - SUB AREA 12A,S-FUD,"MULTIPOLYGON (((-113.9003656 50.9516678, -113.9003649 50.9518901, -113.9010896 50.9518905, -113.9003656 50.9516678)))"
9390 114 AV SE,Non-Residential,RESIDUAL WARD 12 - SUB AREA 12A,S-FUD,"MULTIPOLYGON (((-113.8963985 50.9506615, -113.8963966 50.9520232, -113.8963966 50.9520254, -113.8963964 50.9521402, -113.896396 50.9524189, -113.8963943 50.953651, -113.8963953 50.9536509, -113.9003713 50.9533964, -113.9003649 50.9518901, -113.9003656 50.9516678, -113.8970911 50.9506604, -113.8963985 50.9506585, -113.8963985 50.9506615)))"
3 9510 114 AV SE,Non-Residential,RESIDUAL WARD 12 - SUB AREA 12A,S-FUD,"MULTIPOLYGON (((-113.895317 50.951994, -113.8954527 50.9520253, -113.8963988 50.9520254, -113.8964012 50.9506615, -113.8954593 50.9506612, -113.895459 50.9506611, -113.895438 50.9506618, -113.8954173 50.9506638, -113.895397 50.950667, -113.8953773 50.9506715, -113.8953584 50.9506772, -113.8953405 50.950684, -113.8953236 50.9506918, -113.8953082 50.9507007, -113.8952941 50.9507105, -113.8952817 50.9507211, -113.8952709 50.9507325, -113.895262 50.9507444, -113.895255 50.9507568, -113.8952499 50.9507696, -113.8952468 50.9507827, -113.8952458 50.9507959, -113.8952436 50.9520108, -113.895317 50.951994)))"
7 9510 114 AV SE,Non-Residential,RESIDUAL WARD 12 - SUB AREA 12A,S-FUD,"MULTIPOLYGON (((-113.895317 50.951994, -113.8954527 50.9520253, -113.8963988 50.9520254, -113.8964012 50.9506615, -113.8954593 50.9506612, -113.895459 50.9506611, -113.895438 50.9506618, -113.8954173 50.9506638, -113.895397 50.950667, -113.8953773 50.9506715, -113.8953584 50.9506772, -113.8953405 50.950684, -113.8953236 50.9506918, -113.8953082 50.9507007, -113.8952941 50.9507105, -113.8952817 50.9507211, -113.8952709 50.9507325, -113.895262 50.9507444, -113.895255 50.9507568, -113.8952499 50.9507696, -113.8952468 50.9507827, -113.8952458 50.9507959, -113.8952436 50.9520108, -113.895317 50.951994)))"
11 9510 114 AV SE,Non-Residential,RESIDUAL WARD 12 - SUB AREA 12A,S-FUD,"MULTIPOLYGON (((-113.895317 50.951994, -113.8954527 50.9520253, -113.8963988 50.9520254, -113.8964012 50.9506615, -113.8954593 50.9506612, -113.895459 50.9506611, -113.895438 50.9506618, -113.8954173 50.9506638, -113.895397 50.950667, -113.8953773 50.9506715, -113.8953584 50.9506772, -113.8953405 50.950684, -113.8953236 50.9506918, -113.8953082 50.9507007, -113.8952941 50.9507105, -113.8952817 50.9507211, -113.8952709 50.9507325, -113.895262 50.9507444, -113.895255 50.9507568, -113.8952499 50.9507696, -113.8952468 50.9507827, -113.8952458 50.9507959, -113.8952436 50.9520108, -113.895317 50.951994)))"
15 9510 114 AV SE,Non-Residential,RESIDUAL WARD 12 - SUB AREA 12A,S-FUD,"MULTIPOLYGON (((-113.895317 50.951994, -113.8954527 50.9520253, -113.8963988 50.9520254, -113.8964012 50.9506615, -113.8954593 50.9506612, -113.895459 50.9506611, -113.895438 50.9506618, -113.8954173 50.9506638, -113.895397 50.950667, -113.8953773 50.9506715, -113.8953584 50.9506772, -113.8953405 50.950684, -113.8953236 50.9506918, -113.8953082 50.9507007, -113.8952941 50.9507105, -113.8952817 50.9507211, -113.8952709 50.9507325, -113.895262 50.9507444, -113.895255 50.9507568, -113.8952499 50.9507696, -113.8952468 50.9507827, -113.8952458 50.9507959, -113.8952436 50.9520108, -113.895317 50.951994)))"
19 9510 114 AV SE,Non-Residential,RESIDUAL WARD 12 - SUB AREA 12A,S-FUD,"MULTIPOLYGON (((-113.895317 50.951994, -113.8954527 50.9520253, -113.8963988 50.9520254, -113.8964012 50.9506615, -113.8954593 50.9506612, -113.895459 50.9506611, -113.895438 50.9506618, -113.8954173 50.9506638, -113.895397 50.950667, -113.8953773 50.9506715, -113.8953584 50.9506772, -113.8953405 50.950684, -113.8953236 50.9506918, -113.8953082 50.9507007, -113.8952941 50.9507105, -113.8952817 50.9507211, -113.8952709 50.9507325, -113.895262 50.9507444, -113.895255 50.9507568, -113.8952499 50.9507696, -113.8952468 50.9507827, -113.8952458 50.9507959, -113.8952436 50.9520108, -113.895317 50.951994)))"
23 9510 114 AV SE,Non-Residential,RESIDUAL WARD 12 - SUB AREA 12A,S-FUD,"MULTIPOLYGON (((-113.895317 50.951994, -113.8954527 50.9520253, -113.8963988 50.9520254, -113.8964012 50.9506615, -113.8954593 50.9506612, -113.895459 50.9506611, -113.895438 50.9506618, -113.8954173 50.9506638, -113.895397 50.950667, -113.8953773 50.9506715, -113.8953584 50.9506772, -113.8953405 50.950684, -113.8953236 50.9506918, -113.8953082 50.9507007, -113.8952941 50.9507105, -113.8952817 50.9507211, -113.8952709 50.9507325, -113.895262 50.9507444, -113.895255 50.9507568, -113.8952499 50.9507696, -113.8952468 50.9507827, -113.8952458 50.9507959, -113.8952436 50.9520108, -113.895317 50.951994)))"
27 9510 114 AV SE,Non-Residential,RESIDUAL WARD 12 - SUB AREA 12A,S-FUD,"MULTIPOLYGON (((-113.895317 50.951994, -113.8954527 50.9520253, -113.8963988 50.9520254, -113.8964012 50.9506615, -113.8954593 50.9506612, -113.895459 50.9506611, -113.895438 50.9506618, -113.8954173 50.9506638, -113.895397 50.950667, -113.8953773 50.9506715, -113.8953584 50.9506772, -113.8953405 50.950684, -113.8953236 50.9506918, -113.8953082 50.9507007, -113.8952941 50.9507105, -113.8952817 50.9507211, -113.8952709 50.9507325, -113.895262 50.9507444, -113.895255 50.9507568, -113.8952499 50.9507696, -113.8952468 50.9507827, -113.8952458 50.9507959, -113.8952436 50.9520108, -113.895317 50.951994)))"
9560 114 AV SE,Non-Residential,RESIDUAL WARD 12 - SUB AREA 12A,S-FUD,"MULTIPOLYGON (((-113.8949213 50.9520249, -113.8941987 50.9520249, -113.8930605 50.9520246, -113.8930595 50.9525549, -113.893057 50.9538728, -113.8947944 50.9537577, -113.894831 50.9524058, -113.8947304 50.9524057, -113.8947315 50.9521723, -113.8947316 50.9521454, -113.8949213 50.9520249)))"
10 9580 114 AV SE,Non-Residential,RESIDUAL WARD 12 - SUB AREA 12A,S-FUD,"MULTIPOLYGON (((-113.8942013 50.9506611, -113.8941987 50.9520249, -113.8949213 50.9520249, -113.8950297 50.951956, -113.8950298 50.9519112, -113.8950319 50.950796, -113.8950309 50.9507828, -113.8950278 50.9507698, -113.8950228 50.9507569, -113.8950157 50.9507445, -113.8950068 50.9507325, -113.8949961 50.9507212, -113.8949836 50.9507106, -113.8949696 50.9507008, -113.8949541 50.9506919, -113.8949372 50.950684, -113.8949193 50.9506772, -113.8949004 50.9506715, -113.8948806 50.950667, -113.8948603 50.9506638, -113.8948396 50.9506618, -113.8948186 50.9506612, -113.8942013 50.9506611)))"
20 9580 114 AV SE,Non-Residential,RESIDUAL WARD 12 - SUB AREA 12A,S-FUD,"MULTIPOLYGON (((-113.8942013 50.9506611, -113.8941987 50.9520249, -113.8949213 50.9520249, -113.8950297 50.951956, -113.8950298 50.9519112, -113.8950319 50.950796, -113.8950309 50.9507828, -113.8950278 50.9507698, -113.8950228 50.9507569, -113.8950157 50.9507445, -113.8950068 50.9507325, -113.8949961 50.9507212, -113.8949836 50.9507106, -113.8949696 50.9507008, -113.8949541 50.9506919, -113.8949372 50.950684, -113.8949193 50.9506772, -113.8949004 50.9506715, -113.8948806 50.950667, -113.8948603 50.9506638, -113.8948396 50.9506618, -113.8948186 50.9506612, -113.8942013 50.9506611)))"
30 9580 114 AV SE,Non-Residential,RESIDUAL WARD 12 - SUB AREA 12A,S-FUD,"MULTIPOLYGON (((-113.8942013 50.9506611, -113.8941987 50.9520249, -113.8949213 50.9520249, -113.8950297 50.951956, -113.8950298 50.9519112, -113.8950319 50.950796, -113.8950309 50.9507828, -113.8950278 50.9507698, -113.8950228 50.9507569, -113.8950157 50.9507445, -113.8950068 50.9507325, -113.8949961 50.9507212, -113.8949836 50.9507106, -113.8949696 50.9507008, -113.8949541 50.9506919, -113.8949372 50.950684, -113.8949193 50.9506772, -113.8949004 50.9506715, -113.8948806 50.950667, -113.8948603 50.9506638, -113.8948396 50.9506618, -113.8948186 50.9506612, -113.8942013 50.9506611)))"
9580 114 AV SE,Non-Residential,RESIDUAL WARD 12 - SUB AREA 12A,S-FUD,"MULTIPOLYGON (((-113.8942013 50.9506611, -113.8941987 50.9520249, -113.8949213 50.9520249, -113.8950297 50.951956, -113.8950298 50.9519112, -113.8950319 50.950796, -113.8950309 50.9507828, -113.8950278 50.9507698, -113.8950228 50.9507569, -113.8950157 50.9507445, -113.8950068 50.9507325, -113.8949961 50.9507212, -113.8949836 50.9507106, -113.8949696 50.9507008, -113.8949541 50.9506919, -113.8949372 50.950684, -113.8949193 50.9506772, -113.8949004 50.9506715, -113.8948806 50.950667, -113.8948603 50.9506638, -113.8948396 50.9506618, -113.8948186 50.9506612, -113.8942013 50.9506611)))"
9600 114 AV SE,Non-Residential,RESIDUAL WARD 12 - SUB AREA 12A,S-FUD,"MULTIPOLYGON (((-113.8930605 50.9520246, -113.8941987 50.9520249, -113.8942013 50.9506611, -113.8930635 50.9506608, -113.8930605 50.9520246)))"
9770 114 AV SE,Non-Residential,RESIDUAL WARD 12 - SUB AREA 12A,S-FUD,"MULTIPOLYGON (((-113.8930605 50.9520246, -113.8930635 50.9506608, -113.8920201 50.950659, -113.8920153 50.9539408, -113.893057 50.9538728, -113.8930595 50.9525549, -113.8930605 50.9520246)))"
9950 114 AV SE,Non-Residential,RESIDUAL WARD 12 - SUB AREA 12A,S-FUD,"MULTIPOLYGON (((-113.8920201 50.950659, -113.8893752 50.9506592, -113.8889417 50.9506591, -113.8889357 50.9541445, -113.8893668 50.954116, -113.8900164 50.954073, -113.8920153 50.9539408, -113.8920201 50.950659)))"
10100 114 AV SE,Non-Residential,RESIDUAL WARD 12 - SUB AREA 12A,S-FUD,"MULTIPOLYGON (((-113.8862008 50.9506594, -113.8861979 50.9520975, -113.8886526 50.9520973, -113.8886554 50.9506591, -113.8862008 50.9506594)))"
11500 114 AV SE,Non-Residential,RESIDUAL WARD 12 - SUB AREA 12A,S-FUD,"MULTIPOLYGON (((-113.8678532 50.9506597, -113.8674 50.9506597, -113.8655874 50.9506596, -113.8655854 50.9518045, -113.8655835 50.9529452, -113.8678494 50.9529454, -113.8678532 50.9506597)))"
12100 84 ST SE,Non-Residential,RESIDUAL WARD 12 - SUB AREA 12B,S-FUD,"MULTIPOLYGON (((-113.9003895 50.9432452, -113.9003843 50.9468635, -113.9003821 50.948369, -113.9060932 50.947744, -113.9060944 50.9468606, -113.9101595 50.9468583, -113.911662 50.9465414, -113.9116665 50.9432419, -113.9060996 50.9432437, -113.9003895 50.9432452)))"
12770 84 ST SE,Residential,RESIDUAL WARD 12 - SUB AREA 12B,S-FUD,"MULTIPOLYGON (((-113.9090613 50.937934, -113.9090605 50.938838, -113.9116705 50.9388392, -113.9116713 50.9379352, -113.9094515 50.9379342, -113.9090613 50.937934)))"
12850 84 ST SE,Residential,RESIDUAL WARD 12 - SUB AREA 12B,S-FUD,"MULTIPOLYGON (((-113.9094523 50.9370315, -113.9090621 50.9370315, -113.9090613 50.937934, -113.9094515 50.9379342, -113.9116713 50.9379352, -113.911672 50.9370312, -113.9094523 50.9370315)))"
13000 84 ST SE,Residential,RESIDUAL WARD 12 - SUB AREA 12B,S-FUD,"MULTIPOLYGON (((-113.9094531 50.9361001, -113.9094523 50.9370315, -113.911672 50.9370312, -113.9116728 50.9360998, -113.9094531 50.9361001)))"
8665 114 AV SE,Residential,RESIDUAL WARD 12 - SUB AREA 12B,S-FUD,"MULTIPOLYGON (((-113.906321 50.9486897, -113.9063185 50.950476, -113.9116566 50.950473, -113.9116591 50.9486869, -113.906321 50.9486897)))"
8999 114 AV SE,Farm Land,RESIDUAL WARD 12 - SUB AREA 12B,S-FUD,"MULTIPOLYGON (((-113.9003821 50.948369, -113.900379 50.9504791, -113.9060893 50.9504761, -113.9063185 50.950476, -113.906321 50.9486897, -113.9063235 50.9469034, -113.9116615 50.9469009, -113.9116616 50.9468575, -113.911662 50.9465414, -113.9101595 50.9468583, -113.9060944 50.9468606, -113.9060932 50.947744, -113.9003821 50.948369)))"
9301 114 AV SE,Non-Residential,RESIDUAL WARD 12 - SUB AREA 12B,S-FUD,"MULTIPOLYGON (((-113.8993496 50.950479, -113.900379 50.9504791, -113.9003821 50.948369, -113.9003843 50.9468635, -113.9003895 50.9432452, -113.900389 50.9432452, -113.8893961 50.9432474, -113.8889626 50.9432475, -113.8889625 50.9432475, -113.8889499 50.9477015, -113.8893835 50.9478344, -113.8925411 50.9488027, -113.8927683 50.9485069, -113.8947337 50.9491095, -113.8947621 50.9490726, -113.8993496 50.950479)))"
12775 100 ST SE,Non-Residential,RESIDUAL WARD 12 - SUB AREA 12B,S-FUD,"MULTIPOLYGON (((-113.8933916 50.9360102, -113.8926918 50.9360102, -113.8922252 50.9360102, -113.892225 50.9360102, -113.8894169 50.9360101, -113.8889834 50.93601, -113.8889626 50.9432475, -113.8889626 50.9432476, -113.8893962 50.9432483, -113.900389 50.9432455, -113.900389 50.9432452, -113.9004005 50.9360102, -113.8933916 50.9360102)))"
8660 BEARSPAW DAM RD NW,Non-Residential,SCENIC ACRES,S-FUD,"MULTIPOLYGON (((-114.2141784 51.1020835, -114.2140704 51.1020778, -114.2139501 51.1020716, -114.2111076 51.1019216, -114.2111026 51.1030848, -114.2111024 51.1031746, -114.2111023 51.1031903, -114.2111016 51.1033551, -114.2111018 51.1034238, -114.2111015 51.1035998, -114.211237 51.1038693, -114.212207 51.1040209, -114.2123168 51.1040378, -114.212979 51.1041417, -114.2131036 51.1041131, -114.2132301 51.1040882, -114.2133479 51.1040686, -114.2134669 51.1040523, -114.2135687 51.1040446, -114.2136708 51.1040384, -114.2137731 51.1040338, -114.2138755 51.1040308, -114.2139781 51.1040292, -114.2140806 51.1040293, -114.2141831 51.1040308, -114.2142856 51.104034, -114.2148946 51.104132, -114.2158868 51.1043642, -114.2158869 51.1037649, -114.2158871 51.1033657, -114.2158873 51.1029415, -114.215861 51.1028921, -114.2158378 51.1028422, -114.2158176 51.1027917, -114.2158006 51.1027407, -114.2157866 51.1026894, -114.2157758 51.1026378, -114.2157681 51.102586, -114.2157636 51.102534, -114.2157496 51.1022857, -114.2157476 51.1022714, -114.2157432 51.1022573, -114.2157364 51.1022435, -114.2157273 51.1022303, -114.215716 51.1022178, -114.2157026 51.1022061, -114.2156873 51.1021953, -114.2156703 51.1021857, -114.2156441 51.1021742, -114.2156155 51.1021654, -114.215585 51.1021593, -114.2155535 51.1021562, -114.2154883 51.1021528, -114.2141784 51.1020835)))"
8910 BEARSPAW DAM RD NW,Non-Residential,SCENIC ACRES,S-FUD,"MULTIPOLYGON (((-114.2168564 51.1022249, -114.2165852 51.1022106, -114.2165626 51.1022102, -114.21654 51.1022112, -114.2165178 51.1022138, -114.2164961 51.1022178, -114.2164752 51.1022233, -114.2164553 51.1022301, -114.2164367 51.1022381, -114.2164195 51.1022474, -114.216404 51.1022578, -114.2163903 51.1022691, -114.2163786 51.1022812, -114.216369 51.1022941, -114.2163616 51.1023075, -114.2163565 51.1023214, -114.2163537 51.1023355, -114.2163534 51.1023497, -114.216363 51.1025207, -114.2163658 51.1025543, -114.2163705 51.1025877, -114.2163769 51.1026211, -114.2163852 51.1026543, -114.2163953 51.1026873, -114.2164071 51.1027201, -114.2164208 51.1027526, -114.2164362 51.1027848, -114.2164534 51.1028166, -114.2164723 51.102848, -114.2164928 51.102879, -114.2165151 51.1029096, -114.216539 51.1029397, -114.2165646 51.1029692, -114.2165917 51.1029982, -114.2166204 51.1030265, -114.2168556 51.1032503, -114.2168557 51.1032142, -114.2168564 51.1022249)))"
8910 BEARSPAW DAM RD NW,Non-Residential,SCENIC ACRES,S-FUD,"MULTIPOLYGON (((-114.2158868 51.1043642, -114.2158868 51.1044296, -114.2168547 51.1045809, -114.2168548 51.1044988, -114.2168551 51.1040005, -114.2168312 51.1039597, -114.2168049 51.1039195, -114.2167762 51.1038799, -114.2167452 51.1038411, -114.2166998 51.1037894, -114.2166502 51.1037392, -114.2161203 51.1032351, -114.2160851 51.1032004, -114.2160515 51.1031651, -114.2160197 51.1031292, -114.2159896 51.1030927, -114.2159613 51.1030557, -114.2159348 51.1030181, -114.2159101 51.10298, -114.2158873 51.1029415, -114.2158871 51.1033657, -114.2158869 51.1037649, -114.2158868 51.1043642)))"
10521 15 ST NE,Non-Residential,STONEY 2,S-FUD,"MULTIPOLYGON (((-114.0250899 51.1479476, -114.0250886 51.1489756, -114.0253464 51.1488016, -114.0255692 51.1486487, -114.0257903 51.1484948, -114.0260096 51.1483399, -114.0262273 51.1481841, -114.0257434 51.14795, -114.0250899 51.1479476)))"
10515 15 ST NE,Residential,STONEY 2,S-FUD,"MULTIPOLYGON (((-114.0266348 51.1469853, -114.0253464 51.1469891, -114.0250889 51.1469898, -114.025089 51.1479485, -114.0257425 51.1479506, -114.0262267 51.1481846, -114.0264301 51.148037, -114.0266319 51.1478887, -114.0268322 51.1477395, -114.027031 51.1475895, -114.0272281 51.1474387, -114.0274237 51.1472871, -114.0276177 51.1471347, -114.0278101 51.1469815, -114.0266348 51.1469853)))"
10555 114 AV SE,Farm Land,RESIDUAL WARD 12 - SUB AREA 12B,S-FUD,"MULTIPOLYGON (((-113.8771233 50.9504341, -113.8771217 50.9504791, -113.8886558 50.9504783, -113.8886626 50.948071, -113.8771372 50.9445339, -113.8771233 50.9504341)))"
10555 114 AV SE,Farm Land,RESIDUAL WARD 12 - SUB AREA 12B,S-FUD,"MULTIPOLYGON (((-113.8771388 50.9439253, -113.8886643 50.9474625, -113.8886763 50.9432475, -113.8771405 50.9432475, -113.8771388 50.9439253)))"
11025 114 AV SE,Residential,RESIDUAL WARD 12 - SUB AREA 12B,S-FUD,"MULTIPOLYGON (((-113.8714468 50.9432471, -113.8714326 50.9504341, -113.8749896 50.9504342, -113.8771233 50.9504341, -113.8771372 50.9445339, -113.8729461 50.9432472, -113.8714468 50.9432471)))"
11505 115 AV SE,Residential,RESIDUAL WARD 12 - SUB AREA 12B,S-FUD,"MULTIPOLYGON (((-113.8656741 50.9432464, -113.8656676 50.9463323, -113.8656589 50.9504338, -113.8714326 50.9504341, -113.8714468 50.9432471, -113.8693872 50.9432469, -113.8656741 50.9432464)))"
13100 84 ST SE,Residential,RESIDUAL WARD 12 - SUB AREA 12B,S-FUD,"MULTIPOLYGON (((-113.9116736 50.9351929, -113.909125 50.9351932, -113.9091242 50.9360096, -113.9116731 50.9360093, -113.9116736 50.9351929)))"
13700 84 ST SE,Non-Residential,RESIDUAL WARD 12 - SUB AREA 12B,S-FUD,"MULTIPOLYGON (((-113.9003845 50.9288672, -113.9004005 50.9360102, -113.9091242 50.9360096, -113.909125 50.9351932, -113.9116736 50.9351929, -113.9116839 50.9288684, -113.9003845 50.9288672)))"
9900 138 AV SE,Farm Land,RESIDUAL WARD 12 - SUB AREA 12B,S-FUD,"MULTIPOLYGON (((-113.8889876 50.9306669, -113.8894207 50.9311081, -113.8919028 50.9336432, -113.8933916 50.9360102, -113.9004005 50.9360102, -113.9003845 50.9288672, -113.8910927 50.9288746, -113.8894225 50.9288759, -113.888989 50.9288762, -113.888988 50.9301712, -113.8889876 50.9306669)))"
9300 146 AV SE,Residential,RESIDUAL WARD 12 - SUB AREA 12C,S-FUD,"MULTIPOLYGON (((-113.8975038 50.9215556, -113.8975082 50.9233636, -113.900369 50.9233588, -113.9003683 50.9230676, -113.9003662 50.9224082, -113.9003641 50.9215511, -113.8975038 50.9215556)))"
9900 141 AV SE,Non-Residential,RESIDUAL WARD 12 - SUB AREA 12C,S-FUD,"MULTIPOLYGON (((-113.8975038 50.9215556, -113.8950998 50.9215594, -113.8948612 50.9215597, -113.8945473 50.9215601, -113.8888796 50.9215659, -113.8889892 50.9286952, -113.8894226 50.9286951, -113.8946619 50.9286937, -113.9003818 50.928692, -113.900378 50.9271273, -113.9003774 50.9268576, -113.9003744 50.9257045, -113.9003746 50.9254796, -113.9003727 50.9246689, -113.9003702 50.9237269, -113.900369 50.9233588, -113.8975082 50.9233636, -113.8975038 50.9215556)))"
16700 88 ST SE,Residential,RESIDUAL WARD 12 - SUB AREA 12J,S-FUD,"MULTIPOLYGON (((-113.8944683 50.8996518, -113.8944715 50.900556, -113.8944748 50.9014603, -113.8944748 50.901484, -113.9038046 50.9014746, -113.9057658 50.9014725, -113.905762 50.8996403, -113.8944683 50.8996518)))"
17600 88 ST SE,Farm Land,RESIDUAL WARD 12 - SUB AREA 12J,S-FUD,"MULTIPOLYGON (((-113.8944683 50.8996518, -113.905762 50.8996403, -113.9057441 50.8924148, -113.9003207 50.892417, -113.9003307 50.8951582, -113.8984406 50.895161, -113.8984307 50.8924198, -113.8944474 50.892426, -113.8944683 50.8996518)))"
9110 178 AV SE,Residential,RESIDUAL WARD 12 - SUB AREA 12J,S-FUD,"MULTIPOLYGON (((-113.8984307 50.8924198, -113.8984406 50.895161, -113.9003307 50.8951582, -113.9003207 50.892417, -113.8984307 50.8924198)))"
9800 178 AV SE,Residential,RESIDUAL WARD 12 - SUB AREA 12J,S-FUD,"MULTIPOLYGON (((-113.8944474 50.892426, -113.8830317 50.8924352, -113.8830517 50.8996635, -113.8943893 50.8996515, -113.8944683 50.8996518, -113.8944474 50.892426)))"
16505 104 ST SE,Residential,RESIDUAL WARD 12 - SUB AREA 12J,S-FUD,"MULTIPOLYGON (((-113.8831373 50.9041845, -113.8831393 50.9048695, -113.8861572 50.9048666, -113.8861555 50.9041815, -113.8831373 50.9041845)))"
16535 104 ST SE,Non-Residential,RESIDUAL WARD 12 - SUB AREA 12J,S-FUD,"MULTIPOLYGON (((-113.883135 50.9032802, -113.8831373 50.9041845, -113.8861555 50.9041815, -113.8944845 50.9041729, -113.8944812 50.9032687, -113.8920354 50.9032713, -113.889023 50.9032744, -113.883135 50.9032802)))"
16611 104 ST SE,Residential,RESIDUAL WARD 12 - SUB AREA 12J,S-FUD,"MULTIPOLYGON (((-113.8831329 50.9024857, -113.8890234 50.9024798, -113.889023 50.9032744, -113.8920354 50.9032713, -113.8920357 50.9024219, -113.8890234 50.902425, -113.8831328 50.9024309, -113.8831329 50.9024857)))"
16625 104 ST SE,Residential,RESIDUAL WARD 12 - SUB AREA 12J,S-FUD,"MULTIPOLYGON (((-113.8831328 50.9024309, -113.8890234 50.902425, -113.8920357 50.9024219, -113.8920354 50.9032713, -113.8944812 50.9032687, -113.8944811 50.9032272, -113.894478 50.9023645, -113.8831326 50.902376, -113.8831328 50.9024309)))"
16651 104 ST SE,Residential,RESIDUAL WARD 12 - SUB AREA 12J,S-FUD,"MULTIPOLYGON (((-113.8831325 50.9023212, -113.8831326 50.902376, -113.894478 50.9023645, -113.8944748 50.901484, -113.8944748 50.9014603, -113.8921897 50.9014627, -113.892197 50.902312, -113.890213 50.9023141, -113.8831325 50.9023212)))"
16665 104 ST SE,Residential,RESIDUAL WARD 12 - SUB AREA 12J,S-FUD,"MULTIPOLYGON (((-113.8831323 50.9022664, -113.8831325 50.9023212, -113.890213 50.9023141, -113.892197 50.902312, -113.8921897 50.9014627, -113.8902063 50.9014647, -113.890213 50.9022593, -113.8831323 50.9022664)))"
16699 104 ST SE,Residential,RESIDUAL WARD 12 - SUB AREA 12J,S-FUD,"MULTIPOLYGON (((-113.8831302 50.9014718, -113.8831323 50.9022664, -113.890213 50.9022593, -113.8902063 50.9014647, -113.8831302 50.9014718)))"
16715 104 ST SE,Residential,RESIDUAL WARD 12 - SUB AREA 12J,S-FUD,"MULTIPOLYGON (((-113.8831277 50.9005676, -113.8831302 50.9014718, -113.8902063 50.9014647, -113.8921897 50.9014627, -113.8944748 50.9014603, -113.8944715 50.900556, -113.8831277 50.9005676)))"
16909 104 ST SE,Residential,RESIDUAL WARD 12 - SUB AREA 12J,S-FUD,"MULTIPOLYGON (((-113.8830517 50.8996635, -113.8830541 50.9005677, -113.8831277 50.9005676, -113.8944715 50.900556, -113.8944683 50.8996518, -113.8943893 50.8996515, -113.8830517 50.8996635)))"
9191 178 AV SE,Farm Land,RESIDUAL WARD 12 - SUB AREA 12J,S-FUD,"MULTIPOLYGON (((-113.894447 50.8921984, -113.894447 50.8922255, -113.8944471 50.8922446, -113.9058869 50.8922338, -113.9058728 50.8870993, -113.9057852 50.8870994, -113.904203 50.8871011, -113.9041787 50.8855341, -113.9058681 50.8855329, -113.9058684 50.8855329, -113.9058661 50.8849975, -113.9057123 50.8849976, -113.8950867 50.8850077, -113.8949035 50.8850079, -113.8946904 50.8850079, -113.8944366 50.8850079, -113.894447 50.8921984)))"
9717 178 AV SE,Non-Residential,RESIDUAL WARD 12 - SUB AREA 12J,S-FUD,"MULTIPOLYGON (((-113.8930076 50.8850079, -113.8930178 50.8921996, -113.894447 50.8921984, -113.8944366 50.8850079, -113.8944366 50.8850066, -113.8930076 50.8850079)))"
9999 178 AV SE,Farm Land,RESIDUAL WARD 12 - SUB AREA 12J,S-FUD,"MULTIPOLYGON (((-113.8830913 50.8850167, -113.8831045 50.8922066, -113.8930178 50.8921996, -113.8930076 50.8850079, -113.8884807 50.8850121, -113.8831263 50.8850171, -113.8830913 50.8850167)))"
18300 88 ST SE,Residential,RESIDUAL WARD 12 - SUB AREA 12J,S-FUD,"MULTIPOLYGON (((-113.9058194 50.8855321, -113.9041787 50.8855341, -113.904203 50.8871011, -113.9057852 50.8870994, -113.9058728 50.8870993, -113.9058725 50.8870071, -113.9058723 50.8869606, -113.9058681 50.8855329, -113.9058681 50.8855321, -113.9058194 50.8855321)))"
18800 88 ST SE,Farm Land,RESIDUAL WARD 12 - SUB AREA 12J,S-FUD,"MULTIPOLYGON (((-113.8944366 50.8850066, -113.8944366 50.8850079, -113.8946904 50.8850079, -113.8949035 50.8850079, -113.8950867 50.8850077, -113.9057123 50.8849976, -113.9058661 50.8849975, -113.9058653 50.8846839, -113.905865 50.8845741, -113.905865 50.8845704, -113.9058647 50.8844736, -113.9058645 50.8843789, -113.9058631 50.8838396, -113.9058469 50.8777806, -113.8950765 50.8777726, -113.8948944 50.8777725, -113.8946813 50.8777726, -113.8944269 50.8777723, -113.8944292 50.8794997, -113.8944325 50.8819524, -113.894433 50.8823101, -113.8944335 50.8826595, -113.8944336 50.8827738, -113.8944339 50.8829938, -113.8944366 50.8850066)))"
18909 104 ST SE,Farm Land,RESIDUAL WARD 12 - SUB AREA 12J,S-FUD,"MULTIPOLYGON (((-113.8830055 50.8777812, -113.8830103 50.8804846, -113.8830108 50.8807433, -113.883011 50.8808569, -113.8830186 50.8850168, -113.8830913 50.8850167, -113.8831261 50.8850167, -113.8884807 50.8850121, -113.8930076 50.8850079, -113.8944366 50.8850066, -113.8944339 50.8829938, -113.8944336 50.8827738, -113.8944335 50.8826595, -113.894433 50.8823101, -113.8944325 50.8819524, -113.8944292 50.8794997, -113.8944269 50.8777723, -113.8830055 50.8777812)))"
19665 104 ST SE,Farm Land,RESIDUAL WARD 12 - SUB AREA 12J,S-FUD,"MULTIPOLYGON (((-113.894462 50.8705468, -113.8829948 50.8705538, -113.8830055 50.8777812, -113.8944269 50.8777723, -113.894447 50.8736452, -113.8944477 50.8735104, -113.894462 50.8705468)))"
20499 104 ST SE,Farm Land,RESIDUAL WARD 12 - SUB AREA 12J,S-FUD,"MULTIPOLYGON (((-113.894444 50.8632997, -113.8829819 50.8633258, -113.8829948 50.8705538, -113.894462 50.8705468, -113.894444 50.8632997)))"
21117 104 ST SE,Farm Land,RESIDUAL WARD 12 - SUB AREA 12J,S-FUD,"MULTIPOLYGON (((-113.8943873 50.8602886, -113.8943695 50.860289, -113.894301 50.8602925, -113.8942592 50.860287, -113.8942346 50.8602873, -113.8942119 50.8602907, -113.8941869 50.8602898, -113.8940958 50.8603042, -113.8940581 50.8603083, -113.8940243 50.8603045, -113.8939764 50.8603056, -113.8939477 50.8602989, -113.893936 50.8603056, -113.8939333 50.8603151, -113.8939007 50.8603214, -113.893869 50.8603281, -113.893841 50.8603381, -113.8938119 50.8603442, -113.8937831 50.8603536, -113.8937581 50.8603576, -113.893676 50.8603653, -113.8936054 50.8603706, -113.8934632 50.8603758, -113.8933186 50.8603767, -113.8931731 50.8603828, -113.8928845 50.8604046, -113.8926686 50.8604042, -113.892454 50.860401, -113.8921625 50.8603928, -113.8920178 50.8604085, -113.8918703 50.8604061, -113.8915797 50.8604045, -113.891438 50.8604139, -113.8912947 50.8604125, -113.8911533 50.860395, -113.8910117 50.8603844, -113.8908725 50.8603634, -113.8907294 50.8603621, -113.8905846 50.8603655, -113.8904389 50.8603576, -113.8902968 50.8603399, -113.8900793 50.8603291, -113.8898619 50.8603201, -113.8897158 50.86032, -113.8895741 50.8603064, -113.8892825 50.8602897, -113.8891402 50.8602921, -113.8889943 50.8602859, -113.8887041 50.8602945, -113.8885711 50.8603326, -113.8882846 50.8603391, -113.8879982 50.8603228, -113.8878514 50.860319, -113.8877056 50.8603057, -113.8874175 50.8602895, -113.8871313 50.8602717, -113.886989 50.8602714, -113.8867038 50.8602425, -113.8865627 50.860214, -113.8864206 50.8602164, -113.8862809 50.8602371, -113.886137 50.8602501, -113.8859934 50.8602487, -113.885777 50.8602557, -113.8857036 50.8602552, -113.8855643 50.8602361, -113.8854181 50.8602293, -113.8852712 50.8602263, -113.8851441 50.8601859, -113.8850035 50.8601675, -113.8848574 50.86018, -113.884713 50.8601853, -113.8845681 50.8601806, -113.8842796 50.8601504, -113.8841396 50.8601215, -113.8838539 50.8600866, -113.8837084 50.8600789, -113.8835654 50.8600651, -113.8834195 50.8600537, -113.8831429 50.8600218, -113.8830717 50.860011, -113.8829756 50.8599964, -113.882981 50.863145, -113.8943941 50.8631188, -113.894393 50.8626798, -113.894392 50.8622323, -113.8943873 50.8602886)))"
21200 88 ST SE,Farm Land,RESIDUAL WARD 12 - SUB AREA 12J,S-FUD,"MULTIPOLYGON (((-113.8943873 50.8602886, -113.894392 50.8622323, -113.894393 50.8626798, -113.8943941 50.8631188, -113.8948613 50.8631189, -113.8949323 50.8631189, -113.8950743 50.863119, -113.9058072 50.8631207, -113.9058067 50.8629447, -113.9057938 50.8586575, -113.9057863 50.8586579, -113.9057495 50.8586592, -113.9056989 50.8586604, -113.9056542 50.8586608, -113.9056087 50.8586588, -113.9055719 50.8586555, -113.905533 50.8586508, -113.9054811 50.8586443, -113.9054385 50.8586387, -113.9053982 50.8586326, -113.9053469 50.8586293, -113.9052943 50.8586287, -113.9052423 50.8586304, -113.9051953 50.858633, -113.9051448 50.8586365, -113.9051043 50.85864, -113.9050574 50.858644, -113.9050177 50.8586471, -113.9049692 50.8586533, -113.9049128 50.858676, -113.9048845 50.8586915, -113.9048367 50.8587078, -113.9047861 50.8587222, -113.9047441 50.858734, -113.9046899 50.8587489, -113.9046537 50.8587593, -113.9046095 50.8587729, -113.9045647 50.8587846, -113.9045126 50.8587964, -113.9044606 50.858804, -113.904418 50.8588103, -113.9043644 50.8588261, -113.904321 50.8588406, -113.9042711 50.8588519, -113.904227 50.858859, -113.9041757 50.8588685, -113.9041287 50.8588789, -113.904081 50.8588851, -113.904029 50.85889, -113.9039762 50.8588967, -113.9039205 50.8589107, -113.9038756 50.8589293, -113.9038206 50.8589552, -113.9037735 50.8589706, -113.9037272 50.8589837, -113.9036909 50.8590187, -113.9036769 50.8590475, -113.9036615 50.8590808, -113.9036266 50.8591081, -113.9035767 50.8591226, -113.9035355 50.8591279, -113.9034878 50.8591319, -113.9034387 50.8591349, -113.9033911 50.8591371, -113.9033427 50.8591379, -113.9032885 50.8591459, -113.903243 50.8591504, -113.9031968 50.8591498, -113.9031405 50.8591478, -113.9030893 50.8591467, -113.9030424 50.8591457, -113.9030012 50.8591451, -113.9029457 50.859144, -113.9028987 50.8591425, -113.9028576 50.8591401, -113.9028092 50.8591418, -113.9027579 50.859149, -113.9027088 50.8591557, -113.9026561 50.8591583, -113.9026048 50.8591613, -113.9025557 50.8591639, -113.9024994 50.8591642, -113.9024445 50.8591659, -113.9024077 50.8591658, -113.9023521 50.8591665, -113.9022972 50.85917, -113.9022416 50.8591749, -113.9021918 50.8591807, -113.9021427 50.8591842, -113.9021037 50.8591855, -113.9020661 50.8591881, -113.9020134 50.8591948, -113.9019664 50.8592047, -113.90191 50.85921, -113.9018624 50.859209, -113.9018069 50.859202, -113.9017672 50.8591987, -113.9017275 50.8591931, -113.9016857 50.8591888, -113.9016402 50.8591896, -113.901594 50.8591931, -113.9015405 50.8591976, -113.9015016 50.8591979, -113.9014503 50.8592005, -113.9014055 50.8592077, -113.9013571 50.8592089, -113.901308 50.8592115, -113.9012553 50.8592159, -113.9011989 50.8592285, -113.9011511 50.8592426, -113.9011034 50.8592552, -113.9010607 50.8592683, -113.901018 50.8592828, -113.9009615 50.8593019, -113.9009145 50.8593136, -113.9008704 50.8593267, -113.9008212 50.859343, -113.9007683 50.8593593, -113.9007264 50.8593701, -113.900688 50.8593824, -113.9006417 50.8593982, -113.9005997 50.8594136, -113.9005563 50.8594304, -113.9005143 50.8594458, -113.9004672 50.8594607, -113.9004216 50.8594761, -113.9003717 50.8594897, -113.9003182 50.859501, -113.9003052 50.8595046, -113.9002611 50.8595136, -113.9002069 50.859523, -113.9001512 50.8595325, -113.9001006 50.8595433, -113.9000536 50.8595527, -113.9000153 50.8595604, -113.8999668 50.8595707, -113.8999177 50.8595829, -113.8998728 50.8595933, -113.8998244 50.8596032, -113.8997702 50.8596122, -113.899716 50.8596198, -113.8996617 50.8596297, -113.8996111 50.8596396, -113.8995605 50.8596509, -113.8995121 50.8596626, -113.8994564 50.8596725, -113.8994138 50.8596801, -113.8993754 50.8596864, -113.8993234 50.8596945, -113.8992757 50.8597007, -113.8992287 50.8597129, -113.8991752 50.8597224, -113.8991383 50.8597277, -113.8990827 50.8597353, -113.8990321 50.8597439, -113.8989844 50.859752, -113.8989324 50.8597609, -113.8988782 50.8597644, -113.8988334 50.8597648, -113.8987843 50.8597706, -113.8987306 50.8597617, -113.8986803 50.8597613, -113.8986151 50.8597724, -113.8985649 50.8597756, -113.8985192 50.8597875, -113.8984539 50.8597962, -113.8984023 50.8598049, -113.898328 50.8598143, -113.8982716 50.8598231, -113.8982256 50.8598346, -113.8981828 50.8598534, -113.8981314 50.8598712, -113.8981018 50.8598708, -113.8980903 50.8598899, -113.898067 50.8598926, -113.8980352 50.8598954, -113.8979466 50.8599196, -113.8979145 50.8599211, -113.8979056 50.8599292, -113.8978716 50.8599275, -113.8978113 50.8599367, -113.8977743 50.8599398, -113.8977388 50.8599385, -113.8977157 50.8599333, -113.8976971 50.8599337, -113.8976817 50.8599453, -113.8976601 50.8599561, -113.8976254 50.8599601, -113.8975615 50.8599739, -113.8975174 50.8599846, -113.8974825 50.8599915, -113.8974422 50.8599964, -113.8974185 50.860003, -113.8973737 50.8600045, -113.8973372 50.8600147, -113.8973048 50.8600121, -113.8972572 50.8600193, -113.8972464 50.8600274, -113.8972311 50.8600292, -113.8971979 50.860036, -113.8971826 50.8600332, -113.8970987 50.8600509, -113.8970657 50.860052, -113.8970449 50.8600603, -113.8970223 50.8600681, -113.8969896 50.860064, -113.896958 50.8600739, -113.8969403 50.8600761, -113.8969106 50.860071, -113.8968783 50.8600808, -113.8967986 50.8601022, -113.8967692 50.8601009, -113.8967103 50.8601138, -113.8966797 50.8601171, -113.896646 50.8601293, -113.8965918 50.8601409, -113.8965341 50.8601561, -113.8964886 50.8601645, -113.8964287 50.8601897, -113.8964081 50.8601952, -113.8963914 50.8601931, -113.8963637 50.8602033, -113.8962764 50.8602136, -113.8961728 50.8602201, -113.8961478 50.8602194, -113.8961238 50.8602206, -113.896046 50.8602182, -113.8960215 50.8602141, -113.8960106 50.8602201, -113.8959354 50.8602291, -113.8959002 50.8602293, -113.8958321 50.8602331, -113.8958071 50.8602371, -113.8957623 50.8602403, -113.8957211 50.8602482, -113.8956661 50.8602501, -113.8956087 50.8602521, -113.8955541 50.8602492, -113.8955108 50.8602501, -113.8954871 50.8602494, -113.8954261 50.8602519, -113.8953873 50.8602487, -113.895361 50.8602565, -113.895271 50.8602509, -113.8951649 50.8602533, -113.8951494 50.8602533, -113.8951409 50.8605212, -113.8944505 50.860372, -113.8944531 50.8602875, -113.8943873 50.8602886)))"
21200 88 ST SE,Farm Land,RESIDUAL WARD 12 - SUB AREA 12J,S-FUD,"MULTIPOLYGON (((-113.9044715 50.8561663, -113.9044178 50.8561995, -113.9043707 50.8562267, -113.9043142 50.8562554, -113.9042605 50.856284, -113.904212 50.8563126, -113.9041641 50.8563413, -113.9041191 50.8563653, -113.9040655 50.8563985, -113.9040249 50.8564208, -113.9039749 50.8564462, -113.9039205 50.8564735, -113.9038756 50.8564966, -113.9038255 50.8565253, -113.9037863 50.8565571, -113.9037521 50.8565904, -113.9037238 50.8566168, -113.9036932 50.8566437, -113.9036468 50.8566778, -113.9035938 50.8567133, -113.9035408 50.8567451, -113.903485 50.8567778, -113.9034371 50.8568083, -113.9033841 50.8568433, -113.9033384 50.8568733, -113.903305 50.8568965, -113.9032529 50.8569206, -113.9032086 50.8569469, -113.9031652 50.8569664, -113.903121 50.8569887, -113.9030717 50.8570114, -113.9030217 50.8570359, -113.9029797 50.8570554, -113.9029239 50.8570831, -113.902876 50.8571131, -113.9028375 50.8571436, -113.9028005 50.8571691, -113.9027527 50.8571918, -113.902707 50.8572122, -113.9026636 50.8572331, -113.9026193 50.8572586, -113.9025729 50.8572931, -113.9025416 50.8573191, -113.9025074 50.8573519, -113.9024689 50.8573865, -113.902429 50.8574165, -113.9023789 50.8574515, -113.9023375 50.8574788, -113.9022925 50.8575111, -113.9022576 50.857538, -113.9022126 50.8575716, -113.9021843 50.8575939, -113.9021494 50.8576217, -113.9021276 50.8576426, -113.9020985 50.8576718, -113.9020621 50.8577046, -113.9020308 50.8577351, -113.9020076 50.8577569, -113.9019778 50.8577838, -113.9019422 50.8578111, -113.9019065 50.8578434, -113.9018767 50.8578735, -113.9018476 50.8579063, -113.9018272 50.8579314, -113.9017937 50.8579651, -113.9017755 50.8579837, -113.9017392 50.8580156, -113.90171 50.8580452, -113.901678 50.8580798, -113.9016525 50.858109, -113.9016299 50.8581354, -113.9015993 50.85817, -113.9015862 50.8581828, -113.9015637 50.858206, -113.9015396 50.8582311, -113.9015142 50.8582557, -113.9014829 50.8582885, -113.9014501 50.8583226, -113.901421 50.8583513, -113.9013897 50.8583864, -113.9013577 50.8584215, -113.901322 50.858457, -113.9012827 50.8584925, -113.9012464 50.8585248, -113.9012007 50.8585571, -113.9011578 50.8585894, -113.9011142 50.8586236, -113.9010764 50.8586554, -113.9010445 50.8586818, -113.9010089 50.8587105, -113.9009703 50.858746, -113.9009477 50.8587734, -113.9009301 50.858808, -113.9009306 50.8588382, -113.9009347 50.8588628, -113.9009418 50.8588875, -113.9009531 50.8589099, -113.9009644 50.8589419, -113.9009699 50.8589744, -113.9009798 50.8590055, -113.9010027 50.8590307, -113.9010321 50.8590563, -113.9010853 50.8590798, -113.9011408 50.859084, -113.9011762 50.8590832, -113.9012246 50.8590806, -113.901273 50.8590744, -113.9013092 50.8590667, -113.9013519 50.8590545, -113.9014069 50.8590323, -113.901454 50.8590014, -113.9014976 50.8589723, -113.901544 50.8589432, -113.9016006 50.8589164, -113.9016542 50.8588836, -113.9016985 50.8588481, -113.9017233 50.858819, -113.9017459 50.8587898, -113.9017765 50.8587552, -113.9017969 50.8587301, -113.9018268 50.8586969, -113.9018515 50.8586723, -113.9018893 50.8586381, -113.9019285 50.8586099, -113.9019649 50.8585794, -113.9019794 50.8585639, -113.9020137 50.8585284, -113.9020253 50.8585179, -113.9020746 50.8584875, -113.9021239 50.8584639, -113.9021695 50.8584453, -113.9022108 50.8584276, -113.9022608 50.8584044, -113.9023051 50.8583721, -113.9023602 50.8583367, -113.9024132 50.8583048, -113.902464 50.8582712, -113.9025119 50.8582389, -113.9025424 50.8582088, -113.9025672 50.8581742, -113.9025768 50.8581477, -113.9025778 50.8581212, -113.9025766 50.858092, -113.9025782 50.8580674, -113.9026023 50.8580332, -113.9026314 50.8580008, -113.902649 50.8579693, -113.9026608 50.8579443, -113.9026747 50.8579183, -113.902698 50.8578859, -113.902717 50.8578599, -113.902757 50.8578258, -113.902789 50.8577994, -113.9028282 50.8577657, -113.9028617 50.8577329, -113.9028922 50.8577028, -113.9029126 50.8576865, -113.902946 50.8576532, -113.9029787 50.8576254, -113.903023 50.8575918, -113.9030717 50.857559, -113.9031123 50.8575295, -113.9031545 50.8574949, -113.903193 50.857463, -113.9032228 50.8574366, -113.9032584 50.8574043, -113.9032882 50.857376, -113.9033115 50.8573533, -113.9033479 50.8573187, -113.9033741 50.8572922, -113.9034025 50.8572603, -113.9034185 50.8572412, -113.9034404 50.8572084, -113.9034551 50.8571792, -113.9034697 50.8571555, -113.9034851 50.8571286, -113.9034983 50.857104, -113.9035122 50.8570775, -113.9035283 50.8570515, -113.9035473 50.8570205, -113.9035641 50.8569904, -113.9035759 50.8569603, -113.9035834 50.8569338, -113.9036045 50.8569111, -113.9036299 50.8568883, -113.9036735 50.856856, -113.9037084 50.8568214, -113.9037332 50.8567945, -113.9037795 50.8567722, -113.9038114 50.8567586, -113.9038643 50.8567346, -113.9039172 50.8567069, -113.9039701 50.8566778, -113.9040151 50.8566469, -113.9040334 50.8566145, -113.9040791 50.856589, -113.9041247 50.8565718, -113.9041798 50.8565491, -113.9042261 50.8565273, -113.9042682 50.8564946, -113.9042886 50.8564732, -113.9043192 50.8564394, -113.9043584 50.8564099, -113.9043904 50.8563807, -113.9043956 50.8563579, -113.9044233 50.8563265, -113.9044597 50.8562937, -113.9044924 50.8562673, -113.904533 50.8562414, -113.9045873 50.8562237, -113.9046198 50.8562156, -113.9046749 50.8561924, -113.904717 50.8561638, -113.9047553 50.8561561, -113.9047892 50.8561567, -113.904844 50.8561582, -113.9048908 50.8561807, -113.9048746 50.8562108, -113.9048405 50.8562418, -113.9048056 50.8562741, -113.90477 50.8563037, -113.9047373 50.8563329, -113.9047031 50.856362, -113.9046697 50.8563902, -113.904629 50.8564239, -113.9045833 50.8564525, -113.9045361 50.8564853, -113.9045027 50.8565108, -113.9044613 50.8565458, -113.9044372 50.8565791, -113.9044052 50.8566073, -113.9043733 50.8566328, -113.9043318 50.8566683, -113.904289 50.8566993, -113.9042505 50.8567266, -113.904199 50.8567616, -113.9041852 50.8567698, -113.9041503 50.8568016, -113.9041132 50.8568349, -113.9040834 50.8568654, -113.9040514 50.8568945, -113.9040194 50.85692, -113.9039925 50.8569441, -113.9039606 50.8569724, -113.9039308 50.8569988, -113.9039046 50.8570206, -113.9038704 50.8570502, -113.903837 50.8570798, -113.9038057 50.8571085, -113.9037766 50.8571395, -113.9037482 50.8571723, -113.903722 50.8572028, -113.90369 50.8572324, -113.9036623 50.8572574, -113.9036245 50.8572902, -113.9035926 50.8573162, -113.9035534 50.8573467, -113.9035156 50.8573785, -113.903485 50.857409, -113.9034552 50.8574405, -113.9034377 50.8574587, -113.9034042 50.8574924, -113.9033722 50.857522, -113.903341 50.8575511, -113.9033286 50.8575643, -113.9033009 50.857593, -113.9032711 50.8576203, -113.9032442 50.8576468, -113.9032165 50.8576755, -113.903186 50.8577087, -113.9031561 50.8577392, -113.9031198 50.8577706, -113.9030798 50.8578034, -113.9030427 50.8578353, -113.9030187 50.8578676, -113.9029967 50.8579027, -113.9029763 50.8579287, -113.9029493 50.8579611, -113.9029231 50.8579966, -113.9029063 50.8580212, -113.9028815 50.8580559, -113.9028617 50.8580846, -113.9028348 50.8581183, -113.90281 50.8581502, -113.9027852 50.8581798, -113.9027626 50.8582104, -113.902732 50.8582423, -113.9027022 50.8582714, -113.9026673 50.8583024, -113.9026309 50.8583379, -113.9026018 50.8583638, -113.9025677 50.8583934, -113.9025335 50.8584203, -113.9024936 50.8584494, -113.9024681 50.8584703, -113.9024304 50.8585017, -113.9023897 50.8585354, -113.9023613 50.8585623, -113.9023358 50.858591, -113.902293 50.8586219, -113.9022436 50.858657, -113.9022051 50.8586861, -113.9021695 50.8587157, -113.9021419 50.8587435, -113.9021178 50.8587786, -113.9021038 50.8588087, -113.9021078 50.8588443, -113.9021213 50.8588754, -113.9021478 50.8589065, -113.9021743 50.8589317, -113.9022303 50.8589661, -113.902285 50.8589837, -113.9023355 50.8589952, -113.9023621 50.8589999, -113.9023982 50.8590068, -113.9024443 50.8590202, -113.9024889 50.8590304, -113.9025401 50.8590401, -113.9025927 50.859048, -113.9026338 50.8590545, -113.902667 50.8590574, -113.9027161 50.8590616, -113.9027564 50.8590668, -113.9028105 50.8590701, -113.9028502 50.8590716, -113.9029058 50.8590708, -113.9029434 50.8590687, -113.9029961 50.8590633, -113.9030467 50.8590585, -113.9030842 50.8590549, -113.9031261 50.8590528, -113.9031651 50.8590538, -113.9032113 50.859058, -113.9032639 50.8590618, -113.9033173 50.8590711, -113.9033721 50.859079, -113.9034284 50.859076, -113.9034666 50.8590757, -113.9035207 50.8590836, -113.9035698 50.8590842, -113.9036127 50.8590505, -113.9036352 50.8590236, -113.9036637 50.8589908, -113.9036971 50.8589658, -113.9037405 50.8589499, -113.903797 50.8589268, -113.9038521 50.8588963, -113.9038948 50.8588782, -113.9039418 50.8588674, -113.9039751 50.8588615, -113.9040018 50.8588561, -113.9040329 50.8588512, -113.9040734 50.858844, -113.904116 50.8588354, -113.9041507 50.8588273, -113.9041963 50.8588151, -113.9042375 50.8588038, -113.9042896 50.8587893, -113.9043345 50.8587771, -113.9043757 50.8587681, -113.9044213 50.8587559, -113.9044603 50.858746, -113.9045146 50.8587324, -113.9045615 50.8587271, -113.904597 50.8587171, -113.9046455 50.8587013, -113.9046889 50.8586863, -113.9047381 50.8586687, -113.9047794 50.8586542, -113.9048127 50.8586424, -113.9048583 50.8586284, -113.9048952 50.858618, -113.9049444 50.8586048, -113.9049914 50.8585949, -113.9050058 50.8585922, -113.9050622 50.8585805, -113.9051128 50.8585711, -113.9051598 50.8585625, -113.9052082 50.8585522, -113.9052458 50.8585441, -113.9052921 50.8585323, -113.9053363 50.8585169, -113.9053754 50.8585015, -113.905421 50.8584829, -113.9054768 50.8584616, -113.9055166 50.8584494, -113.9055535 50.858439, -113.9055961 50.8584299, -113.9056185 50.858425, -113.9056728 50.8584137, -113.9057255 50.8584024, -113.9057725 50.8583916, -113.905793 50.8583868, -113.9057855 50.8558869, -113.9057843 50.8554702, -113.9057494 50.8554875, -113.9057023 50.8555121, -113.9056538 50.8555288, -113.9056126 50.8555433, -113.9055706 50.8555597, -113.9055192 50.8555814, -113.9054706 50.8556051, -113.9054329 50.855625, -113.9053778 50.8556555, -113.9053278 50.8556809, -113.9052742 50.8557109, -113.9052234 50.8557446, -113.9051733 50.8557755, -113.9051284 50.8558014, -113.9050805 50.8558305, -113.9050384 50.8558569, -113.9049855 50.855885, -113.9049795 50.8558883, -113.9049391 50.85591, -113.9049014 50.8559309, -113.9048608 50.8559523, -113.9048173 50.8559759, -113.904784 50.8559968, -113.9047404 50.8560227, -113.9047216 50.856035, -113.9046701 50.8560659, -113.9046186 50.8560904, -113.9045701 50.8561159, -113.9045259 50.8561363, -113.9044715 50.8561663)))"
11111 210 AV SE,Farm Land,RESIDUAL WARD 12 - SUB AREA 12J,S-FUD,"MULTIPOLYGON (((-113.8713037 50.8591092, -113.871314 50.863165, -113.8717931 50.8631641, -113.8826953 50.8631455, -113.8826899 50.8599759, -113.8826117 50.8599713, -113.8825383 50.8599639, -113.8824357 50.8599581, -113.8823627 50.8599575, -113.8822759 50.8599417, -113.8821676 50.8599386, -113.8820494 50.8599234, -113.881932 50.859914, -113.8818543 50.8598984, -113.8817199 50.8598851, -113.8815771 50.8598526, -113.8815067 50.8598411, -113.8814237 50.8598124, -113.8813303 50.8597702, -113.8812467 50.8597285, -113.8810941 50.8597022, -113.88094 50.8596967, -113.880855 50.8596829, -113.8807122 50.859661, -113.8805682 50.8596447, -113.8803739 50.8596214, -113.8803182 50.8595958, -113.8801984 50.8595759, -113.8800633 50.8595387, -113.879907 50.8594961, -113.8797466 50.8594494, -113.8797083 50.8594299, -113.8795728 50.8593981, -113.8795224 50.8593718, -113.8794255 50.8593408, -113.8792744 50.8592816, -113.879141 50.8592145, -113.879027 50.8591581, -113.8789232 50.8590893, -113.8788514 50.8590533, -113.8787967 50.8590191, -113.8787146 50.8589648, -113.8785876 50.8588982, -113.8784702 50.8588585, -113.8783507 50.8588256, -113.8782319 50.8588125, -113.8781768 50.8588177, -113.8781261 50.8588156, -113.8780109 50.8588215, -113.8779414 50.8588199, -113.8778315 50.8588337, -113.8776473 50.858833, -113.8773868 50.8588372, -113.8772011 50.858859, -113.877128 50.8588609, -113.8767875 50.8588954, -113.8767105 50.8588976, -113.8763957 50.8589267, -113.876262 50.8589429, -113.8760451 50.8589534, -113.8759824 50.8589628, -113.8758256 50.8589608, -113.8756857 50.8589784, -113.8756057 50.8589774, -113.8754911 50.8589902, -113.8753705 50.8589918, -113.8751075 50.8590131, -113.8747814 50.8590326, -113.8746825 50.8590473, -113.8746238 50.8590487, -113.8745756 50.8590609, -113.8744664 50.859071, -113.8743875 50.8590858, -113.8742702 50.8591041, -113.8741229 50.8591425, -113.8740122 50.8591421, -113.8738246 50.8591682, -113.8737133 50.8591667, -113.8736415 50.8591732, -113.8735346 50.8591677, -113.8734125 50.8591765, -113.8733295 50.8591845, -113.873187 50.8591942, -113.8730974 50.8591901, -113.8725891 50.8591907, -113.8724774 50.8591754, -113.8723236 50.8591753, -113.8721863 50.8591582, -113.8720308 50.8591568, -113.8718881 50.8591479, -113.8718498 50.8591314, -113.8717842 50.8591415, -113.871447 50.8591261, -113.8713375 50.8591127, -113.8713037 50.8591092)))"
11335 210 AV SE,Farm Land,RESIDUAL WARD 12 - SUB AREA 12J,S-FUD,"MULTIPOLYGON (((-113.8632903 50.8600318, -113.8654712 50.8613175, -113.8677237 50.8626453, -113.8686126 50.8631694, -113.8707328 50.8631659, -113.8710172 50.8631655, -113.871314 50.863165, -113.8713037 50.8591092, -113.8709919 50.8590761, -113.8706918 50.8590458, -113.8705012 50.8590308, -113.8703548 50.8590079, -113.8701732 50.8589936, -113.8700685 50.8589708, -113.8698308 50.8589679, -113.8697007 50.8589549, -113.8695721 50.8589321, -113.8694251 50.8589168, -113.8690138 50.8588777, -113.8686875 50.8588395, -113.8685957 50.8588118, -113.8684491 50.8587867, -113.8683854 50.8587756, -113.8682586 50.8587802, -113.8682337 50.8587688, -113.8681089 50.8587578, -113.8680517 50.8587416, -113.8679526 50.8587263, -113.8678503 50.8587185, -113.8677959 50.8586956, -113.8674474 50.8586348, -113.8671426 50.8585689, -113.8669143 50.8585189, -113.8666797 50.858473, -113.8664215 50.8584293, -113.8662117 50.858388, -113.8659902 50.8583294, -113.8658421 50.8583032, -113.8657562 50.8582713, -113.8656347 50.8582509, -113.8654169 50.8581929, -113.8653435 50.858188, -113.8653147 50.8582388, -113.8648255 50.8591283, -113.8633443 50.86, -113.8632903 50.8600318)))"
11755 210 AV SE,Residential,RESIDUAL WARD 12 - SUB AREA 12J,S-FUD,"MULTIPOLYGON (((-113.8632903 50.8600318, -113.8631363 50.8601224, -113.8614904 50.8610909, -113.8614948 50.8631804, -113.8658013 50.8631739, -113.8686126 50.8631694, -113.8677237 50.8626453, -113.8654712 50.8613175, -113.8632903 50.8600318)))"
17950 104 ST SE,Farm Land,RESIDUAL WARD 12 - SUB AREA 12J,S-FUD,"MULTIPOLYGON (((-113.8827405 50.8890906, -113.8794721 50.8890939, -113.8794776 50.8922576, -113.8827463 50.8922544, -113.8827405 50.8890906)))"
18000 104 ST SE,Farm Land,RESIDUAL WARD 12 - SUB AREA 12J,S-FUD,"MULTIPOLYGON (((-113.8713496 50.8850434, -113.8713619 50.8922653, -113.8794776 50.8922576, -113.8794721 50.8890939, -113.8827405 50.8890906, -113.8827332 50.8850181, -113.8713496 50.8850434)))"
18770 104 ST SE,Farm Land,RESIDUAL WARD 12 - SUB AREA 12J,S-FUD,"MULTIPOLYGON (((-113.8713372 50.8778207, -113.8713496 50.8850434, -113.8827332 50.8850181, -113.8827249 50.8804761, -113.8802255 50.879205, -113.8802128 50.8777889, -113.8713372 50.8778207)))"
19200 104 ST SE,Residential,RESIDUAL WARD 12 - SUB AREA 12J,S-FUD,"MULTIPOLYGON (((-113.8802128 50.8777889, -113.8802255 50.879205, -113.8827249 50.8804761, -113.88272 50.877779, -113.8802128 50.8777889)))"
11445 178 AV SE,Farm Land,RESIDUAL WARD 12 - SUB AREA 12J,S-FUD,"MULTIPOLYGON (((-113.8644533 50.8850579, -113.8648534 50.8852179, -113.8651313 50.8853287, -113.8655228 50.8858383, -113.8655035 50.8864533, -113.8643907 50.8879832, -113.8642012 50.8886283, -113.8644033 50.8892325, -113.867762 50.8919497, -113.8679841 50.8922681, -113.8713619 50.8922653, -113.8713496 50.8850434, -113.870691 50.8850449, -113.8659635 50.8850551, -113.8655673 50.8850559, -113.8644533 50.8850579)))"
11625 178 AV SE,Residential,RESIDUAL WARD 12 - SUB AREA 12J,S-FUD,"MULTIPOLYGON (((-113.8648125 50.8904425, -113.8636665 50.8904437, -113.8637424 50.8922252, -113.8669387 50.8922224, -113.8668395 50.8920828, -113.8648125 50.8904425)))"
11995 178 AV SE,Farm Land,RESIDUAL WARD 12 - SUB AREA 12J,S-FUD,"MULTIPOLYGON (((-113.8599667 50.8850677, -113.8599676 50.8856383, -113.8599778 50.8922753, -113.8637444 50.8922718, -113.8637424 50.8922252, -113.8636665 50.8904437, -113.8648125 50.8904425, -113.8636071 50.8894669, -113.8633293 50.8886358, -113.8635692 50.8878195, -113.8646525 50.8863305, -113.8646647 50.8859576, -113.864469 50.8857029, -113.8639841 50.8855092, -113.8635673 50.8855101, -113.860894 50.8855156, -113.8599667 50.8850677)))"
11885 189 AV SE,Farm Land,RESIDUAL WARD 12 - SUB AREA 12J,S-FUD,"MULTIPOLYGON (((-113.8609483 50.8778565, -113.8609622 50.88486, -113.8613853 50.8850651, -113.8644533 50.8850579, -113.8655673 50.8850559, -113.8659635 50.8850551, -113.870691 50.8850449, -113.8713496 50.8850434, -113.8713372 50.8778207, -113.8653875 50.8778416, -113.8609483 50.8778565)))"
17100 104 ST SE,Non-Residential,RESIDUAL WARD 12 - SUB AREA 12J,S-FUD,"MULTIPOLYGON (((-113.8827563 50.8960478, -113.8812925 50.8960492, -113.8813019 50.8996652, -113.8827658 50.8996638, -113.8827563 50.8960478)))"
10555 22X HI SE,Non-Residential,RESIDUAL WARD 12 - SUB AREA 12J,S-FUD,"MULTIPOLYGON (((-113.8713892 50.9025129, -113.8723532 50.9027058, -113.8732811 50.902953, -113.8740266 50.903287, -113.8745213 50.9038131, -113.8747389 50.9044321, -113.8748076 50.9050905, -113.8745129 50.9058875, -113.8738639 50.9066131, -113.8738633 50.9068509, -113.8785079 50.9068409, -113.8826466 50.9068317, -113.8826446 50.9063167, -113.8827285 50.9052207, -113.8827798 50.9049467, -113.8827658 50.8996638, -113.8813019 50.8996652, -113.8713872 50.8996744, -113.8713892 50.9025129)))"
11023 22X HI SE,Residential,RESIDUAL WARD 12 - SUB AREA 12J,S-FUD,"MULTIPOLYGON (((-113.8713906 50.9030788, -113.8714003 50.9068559, -113.8730103 50.9068527, -113.8730114 50.9064707, -113.8737103 50.9056894, -113.8739482 50.9050459, -113.8738922 50.9045087, -113.8737232 50.9040281, -113.8732936 50.9036195, -113.8728641 50.9034271, -113.8720583 50.9032124, -113.8713906 50.9030788)))"
11505 22X HI SE,Farm Land,RESIDUAL WARD 12 - SUB AREA 12J,S-FUD,"MULTIPOLYGON (((-113.8600117 50.9052606, -113.8632841 50.9052538, -113.8632884 50.9068731, -113.8677045 50.9068638, -113.8714003 50.9068559, -113.8713906 50.9030788, -113.8685963 50.9025196, -113.8663279 50.901788, -113.8648779 50.9006664, -113.8647202 50.8996804, -113.8599975 50.8996843, -113.8600117 50.9052606)))"
11885 163 AV SE,Non-Residential,RESIDUAL WARD 12 - SUB AREA 12J,S-FUD,"MULTIPOLYGON (((-113.8600117 50.9052606, -113.8600123 50.9055429, -113.860153 50.9063645, -113.8601544 50.9068795, -113.8632884 50.9068731, -113.8632841 50.9052538, -113.8600117 50.9052606)))"
10600 178 AV SE,Farm Land,RESIDUAL WARD 12 - SUB AREA 12J,S-FUD,"MULTIPOLYGON (((-113.8713625 50.8924461, -113.8713872 50.8996744, -113.8813019 50.8996652, -113.8812925 50.8960492, -113.8827563 50.8960478, -113.8827458 50.8924354, -113.8713625 50.8924461)))"
11440 178 AV SE,Farm Land,RESIDUAL WARD 12 - SUB AREA 12J,S-FUD,"MULTIPOLYGON (((-113.8681125 50.8924488, -113.868233 50.8926181, -113.8684283 50.8933372, -113.8681505 50.8949554, -113.867364 50.89735, -113.8657329 50.8995104, -113.8656474 50.8996789, -113.865755 50.9003509, -113.8666612 50.9010518, -113.8688325 50.9020012, -113.8713892 50.9025129, -113.8713872 50.8996744, -113.8713625 50.8924461, -113.8681125 50.8924488)))"
11888 178 AV SE,Residential,RESIDUAL WARD 12 - SUB AREA 12J,S-FUD,"MULTIPOLYGON (((-113.8671003 50.8924497, -113.8599782 50.892456, -113.8599975 50.8996843, -113.8647202 50.8996804, -113.8648572 50.8993145, -113.8664822 50.8971621, -113.867237 50.8948642, -113.8674961 50.8933555, -113.8673425 50.8927901, -113.8671003 50.8924497)))"
19600 104 ST SE,Farm Land,RESIDUAL WARD 12 - SUB AREA 12J,S-FUD,"MULTIPOLYGON (((-113.8713247 50.8705837, -113.8713372 50.8778207, -113.8802128 50.8777889, -113.88272 50.877779, -113.8827091 50.870554, -113.8713247 50.8705837)))"
11900R 210 AV SE,Farm Land,RESIDUAL WARD 12 - SUB AREA 12J,S-FUD,"MULTIPOLYGON (((-113.8613637 50.8706088, -113.8609381 50.8709845, -113.8609472 50.8770399, -113.8609483 50.8778565, -113.8653875 50.8778416, -113.8713372 50.8778207, -113.8713247 50.8705837, -113.8613637 50.8706088)))"
11200 210 AV SE,Farm Land,RESIDUAL WARD 12 - SUB AREA 12J,S-FUD,"MULTIPOLYGON (((-113.8713175 50.8664462, -113.8713247 50.8705837, -113.8827091 50.870554, -113.8826962 50.8633263, -113.8713121 50.8633454, -113.8713175 50.8664462)))"
11900 210 AV SE,Farm Land,RESIDUAL WARD 12 - SUB AREA 12J,S-FUD,"MULTIPOLYGON (((-113.8613528 50.8633616, -113.8613637 50.8706088, -113.8713247 50.8705837, -113.8713175 50.8664462, -113.8627913 50.8633597, -113.8613528 50.8633616)))"
15050 104 ST SE,Residential,RESIDUAL WARD 12 - SUB AREA 12L,S-FUD,"MULTIPOLYGON (((-113.8800931 50.9177679, -113.8803123 50.9185673, -113.8814868 50.9201457, -113.8828427 50.9212763, -113.8828359 50.919578, -113.8828287 50.9177635, -113.8800931 50.9177679)))"
15220 104 ST SE,Residential,RESIDUAL WARD 12 - SUB AREA 12L,S-FUD,"MULTIPOLYGON (((-113.879092 50.9159574, -113.8798491 50.9168777, -113.8800931 50.9177679, -113.8828287 50.9177635, -113.8828215 50.9159486, -113.879092 50.9159574)))"
15280 104 ST SE,Residential,RESIDUAL WARD 12 - SUB AREA 12L,S-FUD,"MULTIPOLYGON (((-113.8771362 50.9141517, -113.879092 50.9159574, -113.8828215 50.9159486, -113.882821 50.9158415, -113.8792383 50.91585, -113.8790256 50.9157187, -113.8790194 50.9141458, -113.8771362 50.9141517)))"
15300 104 ST SE,Residential,RESIDUAL WARD 12 - SUB AREA 12L,S-FUD,"MULTIPOLYGON (((-113.8790194 50.9141458, -113.8790256 50.9157187, -113.8792383 50.91585, -113.882821 50.9158415, -113.8828142 50.9141341, -113.8790194 50.9141458)))"
10775 146 AV SE,Non-Residential,RESIDUAL WARD 12 - SUB AREA 12L,S-FUD,"MULTIPOLYGON (((-113.8793115 50.9177691, -113.8774165 50.9177719, -113.8774298 50.9213932, -113.8820904 50.9213929, -113.8808752 50.9203797, -113.8796322 50.9187091, -113.8793115 50.9177691)))"
10927 146 AV SE,Farm Land,RESIDUAL WARD 12 - SUB AREA 12L,S-FUD,"MULTIPOLYGON (((-113.8771227 50.9150948, -113.8771227 50.9159621, -113.8771321 50.9177724, -113.8771255 50.9195829, -113.8771454 50.9213933, -113.8774298 50.9213932, -113.8774165 50.9177719, -113.8793115 50.9177691, -113.8790922 50.9171265, -113.8783589 50.9162353, -113.87806 50.9159599, -113.8771227 50.9150948)))"
11011 146 AV SE,Farm Land,RESIDUAL WARD 12 - SUB AREA 12L,S-FUD,"MULTIPOLYGON (((-113.8714476 50.9213469, -113.8714477 50.9213934, -113.8771269 50.9213933, -113.8771454 50.9213933, -113.8771255 50.9195829, -113.8771321 50.9177724, -113.8771227 50.9159621, -113.8771227 50.9150948, -113.8761032 50.9141547, -113.8714238 50.9141688, -113.8714476 50.9213469)))"
11335 146 AV SE,Farm Land,RESIDUAL WARD 12 - SUB AREA 12L,S-FUD,"MULTIPOLYGON (((-113.8685858 50.9175216, -113.8686379 50.9175235, -113.8686893 50.9175292, -113.8687392 50.9175388, -113.868787 50.9175521, -113.8688318 50.917569, -113.8688732 50.917589, -113.8689104 50.9176121, -113.8689429 50.9176378, -113.8689703 50.9176658, -113.8689922 50.9176957, -113.8690083 50.917727, -113.8690183 50.9177593, -113.8690221 50.9177921, -113.8690196 50.917825, -113.8690109 50.9178574, -113.868996 50.9178889, -113.8688064 50.9182201, -113.8688155 50.921306, -113.8688806 50.9213471, -113.8714476 50.9213469, -113.8714238 50.9141688, -113.8685762 50.9141772, -113.8685858 50.9175216)))"
11505 146 AV SE,Farm Land,RESIDUAL WARD 12 - SUB AREA 12L,S-FUD,"MULTIPOLYGON (((-113.8657449 50.9196113, -113.86575 50.921347, -113.8683172 50.9213471, -113.8683821 50.921306, -113.8683731 50.9182203, -113.8681815 50.9178896, -113.8681699 50.9178671, -113.8681614 50.9178441, -113.8681561 50.9178207, -113.868154 50.9177971, -113.8657397 50.9178027, -113.8657449 50.9196113)))"
11611 146 AV SE,Residential,RESIDUAL WARD 12 - SUB AREA 12L,S-FUD,"MULTIPOLYGON (((-113.8645531 50.9196148, -113.8645581 50.9213469, -113.86575 50.921347, -113.8657449 50.9196113, -113.8645531 50.9196148)))"
11707 146 AV SE,Residential,RESIDUAL WARD 12 - SUB AREA 12L,S-FUD,"MULTIPOLYGON (((-113.8633587 50.9196184, -113.8633637 50.9213469, -113.8645581 50.9213469, -113.8645531 50.9196148, -113.8633587 50.9196184)))"
11809 146 AV SE,Residential,RESIDUAL WARD 12 - SUB AREA 12L,S-FUD,"MULTIPOLYGON (((-113.8621632 50.919622, -113.8621682 50.9213468, -113.8633637 50.9213469, -113.8633587 50.9196184, -113.8621632 50.919622)))"
15151 114 ST SE,Farm Land,RESIDUAL WARD 12 - SUB AREA 12L,S-FUD,"MULTIPOLYGON (((-113.8657375 50.9170668, -113.8657376 50.9170768, -113.8657397 50.9178027, -113.868154 50.9177971, -113.8681558 50.9177702, -113.8681618 50.9177436, -113.8681719 50.9177175, -113.868186 50.9176921, -113.868204 50.9176678, -113.8682257 50.9176446, -113.8682509 50.9176229, -113.8682793 50.9176029, -113.8683107 50.9175847, -113.8683448 50.9175686, -113.8683813 50.9175547, -113.8684197 50.917543, -113.8684598 50.9175338, -113.8685011 50.9175272, -113.8685433 50.9175231, -113.8685858 50.9175216, -113.8685762 50.9141772, -113.8657292 50.9141855, -113.8657344 50.9159941, -113.8657375 50.9170668)))"
11909 148 AV SE,Residential,RESIDUAL WARD 12 - SUB AREA 12L,S-FUD,"MULTIPOLYGON (((-113.8601218 50.919628, -113.8601261 50.9213467, -113.8621682 50.9213468, -113.8621632 50.919622, -113.8601218 50.919628)))"
11935 150 AV SE,Residential,RESIDUAL WARD 12 - SUB AREA 12L,S-FUD,"MULTIPOLYGON (((-113.8601168 50.9176385, -113.8601173 50.9178193, -113.862961 50.9178109, -113.8657397 50.9178027, -113.8657376 50.9170768, -113.8657375 50.9170668, -113.8638419 50.9170725, -113.8638435 50.9176275, -113.8601168 50.9176385)))"
11957 152 AV SE,Residential,RESIDUAL WARD 12 - SUB AREA 12L,S-FUD,"MULTIPOLYGON (((-113.8601154 50.9170835, -113.8601155 50.9170935, -113.8601168 50.9176385, -113.8638435 50.9176275, -113.8638419 50.9170725, -113.8601154 50.9170835)))"
11975 153 AV SE,Residential,RESIDUAL WARD 12 - SUB AREA 12L,S-FUD,"MULTIPOLYGON (((-113.8601128 50.9160106, -113.8601154 50.9170835, -113.8638419 50.9170725, -113.8657375 50.9170668, -113.8657344 50.9159941, -113.8601128 50.9160106)))"
11977 154 AV SE,Residential,RESIDUAL WARD 12 - SUB AREA 12L,S-FUD,"MULTIPOLYGON (((-113.8601082 50.9142018, -113.8601128 50.9160106, -113.8657344 50.9159941, -113.8657292 50.9141855, -113.8601082 50.9142018)))"
10500 22X HI SE,Farm Land,RESIDUAL WARD 12 - SUB AREA 12L,S-FUD,"MULTIPOLYGON (((-113.8738616 50.9074644, -113.8738569 50.9092347, -113.874046 50.9101517, -113.8746742 50.9116747, -113.8757343 50.9129826, -113.8771212 50.9141517, -113.8771362 50.9141517, -113.8790194 50.9141458, -113.8828142 50.9141341, -113.8827885 50.9084367, -113.8827143 50.9081626, -113.8827128 50.9074452, -113.8785107 50.9074544, -113.8783694 50.9074548, -113.8738616 50.9074644)))"
10500 22X HI SE,Farm Land,RESIDUAL WARD 12 - SUB AREA 12L,S-FUD,"MULTIPOLYGON (((-113.8714031 50.9074696, -113.8714238 50.9141688, -113.8761032 50.9141547, -113.8747903 50.9131976, -113.8737387 50.9119001, -113.8732067 50.9106004, -113.8730029 50.9096123, -113.8730087 50.9074662, -113.8714031 50.9074696)))"
11500 22X HI SE,Farm Land,RESIDUAL WARD 12 - SUB AREA 12L,S-FUD,"MULTIPOLYGON (((-113.8714031 50.9074696, -113.8677081 50.9074774, -113.8601341 50.907493, -113.8600711 50.9082114, -113.8600196 50.9084855, -113.8600345 50.9142021, -113.8601082 50.9142018, -113.8657292 50.9141855, -113.8685762 50.9141772, -113.8714238 50.9141688, -113.8714031 50.9074696)))"
20500 88 ST SE,Farm Land,RESIDUAL WARD 12 - SUB AREA 12J,S-FUD,"MULTIPOLYGON (((-113.894444 50.8632997, -113.894462 50.8705468, -113.9058273 50.870535, -113.9058077 50.8633015, -113.894444 50.8632997)))"
19664 88 ST SE,Farm Land,RESIDUAL WARD 12 - SUB AREA 12J,S-FUD,"MULTIPOLYGON (((-113.9058273 50.870535, -113.894462 50.8705468, -113.8944477 50.8735104, -113.894447 50.8736452, -113.8944269 50.8777723, -113.8946813 50.8777726, -113.8948944 50.8777725, -113.8950765 50.8777726, -113.9058469 50.8777806, -113.9058273 50.870535)))"
251 INITIATIVE AV SE,Non-Residential,RESIDUAL WARD 12 - SUB AREA 12A,S-FUD,"MULTIPOLYGON (((-113.890223 50.9607795, -113.8973452 50.9607865, -113.8974732 50.9607866, -113.8999349 50.9607885, -113.9003618 50.9607889, -113.9066971 50.9607942, -113.9080731 50.9607953, -113.908128 50.9607931, -113.908182 50.9607865, -113.9082342 50.9607755, -113.9082837 50.9607604, -113.9083332 50.9607453, -113.9083854 50.9607343, -113.9084394 50.9607276, -113.9084943 50.9607254, -113.9085433 50.9607273, -113.9085915 50.9607326, -113.9086385 50.9607415, -113.9086835 50.9607536, -113.9087261 50.9607689, -113.9087656 50.9607871, -113.9088015 50.9608081, -113.9088334 50.9608316, -113.9088608 50.9608571, -113.9088834 50.9608845, -113.9089009 50.9609134, -113.908913 50.9609433, -113.9089196 50.9609739, -113.9089206 50.9610047, -113.9089161 50.9610354, -113.9089059 50.9610656, -113.9105287 50.9610668, -113.9113702 50.9610675, -113.9113703 50.9605933, -113.9113709 50.9578865, -113.910479 50.9578867, -113.9098639 50.9578868, -113.9058783 50.9578873, -113.9055326 50.9578873, -113.9052854 50.9578874, -113.9038136 50.9578875, -113.9003665 50.9578877, -113.89748 50.9578883, -113.894131 50.9578882, -113.8902288 50.9578878, -113.890223 50.9607795)))"
9800R ENDEAVOR DR SE,Non-Residential,RESIDUAL WARD 12 - SUB AREA 12A,S-FUD,"MULTIPOLYGON (((-113.8893554 50.9607787, -113.890223 50.9607795, -113.8902288 50.9578878, -113.8902318 50.9564265, -113.8902347 50.9550544, -113.8902348 50.9550002, -113.8902352 50.9547791, -113.8897358 50.9548116, -113.8896323 50.9548183, -113.8893677 50.9548355, -113.8893672 50.9550573, -113.8893671 50.9551116, -113.8893613 50.9578878, -113.8893554 50.9607787)))"
9999R VENTURE AV SE,Farm Land,RESIDUAL WARD 12 - SUB AREA 12A,S-FUD,"MULTIPOLYGON (((-113.8889339 50.9548636, -113.8889335 50.9550619, -113.8889334 50.9551161, -113.8889275 50.9578878, -113.888922 50.9605986, -113.8889233 50.9606162, -113.8889273 50.9606336, -113.8889341 50.9606507, -113.8889434 50.9606673, -113.8889553 50.9606833, -113.8889696 50.9606984, -113.8889862 50.9607126, -113.889005 50.9607256, -113.8890256 50.9607375, -113.8890481 50.960748, -113.889072 50.9607571, -113.8890973 50.9607647, -113.8891236 50.9607707, -113.8891507 50.960775, -113.8891784 50.9607776, -113.8892063 50.9607785, -113.8893554 50.9607787, -113.8893613 50.9578878, -113.8893671 50.9551116, -113.8893672 50.9550573, -113.8893677 50.9548355, -113.8889339 50.9548636)))"
9595R 149 ST NW,Non-Residential,HASKAYNE,S-FUD,"MULTIPOLYGON (((-114.312898 51.1396732, -114.3153256 51.1396835, -114.3122188 51.1371495, -114.3108255 51.135369, -114.3107562 51.1352802, -114.3094854 51.1336529, -114.308849 51.132433, -114.3041973 51.1324146, -114.3041947 51.1324147, -114.3085963 51.136086, -114.312898 51.1396732)))"
11333 EAMON RD NW,Residential,ROCKY RIDGE,S-FUD,"MULTIPOLYGON (((-114.2489892 51.1405913, -114.2487643 51.1408042, -114.2488909 51.1408427, -114.2509073 51.1414568, -114.2509526 51.141414, -114.2489892 51.1405913)))"
15994 88 ST SE,Non-Residential,HOTCHKISS,S-FUD,"MULTIPOLYGON (((-113.9033438 50.9093782, -113.9034206 50.9094189, -113.9034936 50.9094622, -113.9035627 50.9095081, -113.9036276 50.9095563, -113.9036881 50.9096068, -113.903744 50.9096593, -113.9037951 50.9097137, -113.9038413 50.9097699, -113.9038824 50.9098275, -113.9039183 50.9098866, -113.9039489 50.9099469, -113.9039741 50.9100081, -113.9039937 50.9100701, -113.9040078 50.9101327, -113.9040163 50.9101958, -113.9040191 50.910259, -113.9040185 50.9106444, -113.9057863 50.9106428, -113.9057843 50.9095868, -113.9054991 50.9093712, -113.9053915 50.909293, -113.9052796 50.9092172, -113.9051633 50.909144, -113.9050429 50.9090735, -113.9049186 50.9090059, -113.9047905 50.908941, -113.9046587 50.9088792, -113.9045235 50.9088204, -113.904385 50.9087647, -113.9042435 50.9087121, -113.904099 50.9086629, -113.9039517 50.908617, -113.903802 50.9085744, -113.9036499 50.9085353, -113.9034957 50.9084997, -113.9033395 50.9084676, -113.9033438 50.9093782)))"
11925 149A AV SE,Farm Land,RESIDUAL WARD 12 - SUB AREA 12L,S-FUD,"MULTIPOLYGON (((-113.8601173 50.9178193, -113.8601193 50.9186373, -113.8620813 50.9186314, -113.8629631 50.9180805, -113.862961 50.9178109, -113.8601173 50.9178193)))"
6920 13 ST SE,Non-Residential,BURNS INDUSTRIAL,S-FUD,"MULTIPOLYGON (((-114.0323142 50.9941551, -114.0331597 50.9941567, -114.033093 50.9940662, -114.0328594 50.993749, -114.0312063 50.9921356, -114.03106 50.9920595, -114.0310265 50.9920421, -114.0306942 50.9918692, -114.0305794 50.9918095, -114.0304908 50.9917635, -114.0301064 50.9915018, -114.0299774 50.9914139, -114.0294778 50.9915582, -114.0284529 50.9918539, -114.0288458 50.9923966, -114.0291099 50.9927612, -114.029307 50.9930335, -114.0303054 50.9930354, -114.0310491 50.994063, -114.0319619 50.9940644, -114.0322487 50.9940648, -114.0323142 50.9941551)))"
9550 TWELVE MI COULEE RD NW,Non-Residential,TUSCANY,S-FUD,"MULTIPOLYGON (((-114.2566868 51.1396097, -114.257332 51.1396093, -114.2573368 51.139383, -114.257339 51.1390043, -114.2573389 51.1388971, -114.257337 51.1388842, -114.2573313 51.1388718, -114.2573219 51.1388603, -114.2573092 51.1388501, -114.2572936 51.1388416, -114.2572757 51.1388352, -114.2572561 51.138831, -114.2572357 51.1388293, -114.2567159 51.1388182, -114.2566859 51.1388167, -114.256686 51.1388807, -114.2566864 51.1391232, -114.2566865 51.1391593, -114.256655 51.1391578, -114.2566553 51.1393437, -114.2566867 51.1394539, -114.2566869 51.1395718, -114.2566868 51.1396097)))"
11919 149 AV SE,Residential,RESIDUAL WARD 12 - SUB AREA 12L,S-FUD,"MULTIPOLYGON (((-113.8601193 50.9186373, -113.8601218 50.919628, -113.8621632 50.919622, -113.8633587 50.9196184, -113.8645531 50.9196148, -113.8657449 50.9196113, -113.8657397 50.9178027, -113.862961 50.9178109, -113.8629631 50.9180805, -113.8620813 50.9186314, -113.8601193 50.9186373)))"
701R CITADEL WY NW,Non-Residential,CITADEL,S-FUD,"MULTIPOLYGON (((-114.1875677 51.1484639, -114.1875134 51.1487705, -114.1874747 51.14899, -114.187466 51.1490377, -114.1874708 51.1493439, -114.1874786 51.1498416, -114.1875708 51.1498373, -114.1875677 51.1484639)))"
701R CITADEL WY NW,Non-Residential,CITADEL,S-FUD,"MULTIPOLYGON (((-114.1874593 51.1482738, -114.1875677 51.1484639, -114.1875647 51.1471043, -114.1875628 51.1471184, -114.1875504 51.1472002, -114.1874014 51.1481721, -114.1874593 51.1482738)))"
3045 84 ST SE,Farm Land,RESIDUAL WARD 9 - SUB AREA 9Q,S-FUD,"MULTIPOLYGON (((-113.9122014 51.0233287, -113.9121997 51.0305535, -113.9121997 51.0305564, -113.9172439 51.0305555, -113.9172441 51.0270324, -113.9171161 51.0233262, -113.9152057 51.0233263, -113.9122014 51.0233287)))"
17807 37 ST SW,Farm Land,RESIDUAL WARD 13 - SUB AREA 13G,S-FUD,"MULTIPOLYGON (((-114.1404631 50.8959241, -114.1518717 50.8959322, -114.1518713 50.8931522, -114.1449718 50.8931372, -114.1406238 50.8931276, -114.140621 50.8940041, -114.1404628 50.8950495, -114.1404631 50.8959241)))"
17302 53 ST SW,Farm Land,RESIDUAL WARD 13 - SUB AREA 13G,S-FUD,"MULTIPOLYGON (((-114.1518723 50.8995236, -114.1632838 50.8995427, -114.1632847 50.8931761, -114.1603829 50.8931702, -114.1518713 50.8931522, -114.1518717 50.8959322, -114.1518723 50.8995236)))"
4440 76 AV NE,Non-Residential,SADDLE RIDGE INDUSTRIAL,S-FUD,"MULTIPOLYGON (((-113.9712533 51.1225051, -113.9733105 51.1225066, -113.9735676 51.1225066, -113.9735678 51.1219842, -113.9733107 51.1219842, -113.9715901 51.1219841, -113.9713234 51.1220197, -113.9712933 51.1220256, -113.9712654 51.1220349, -113.9712407 51.1220472, -113.97122 51.1220621, -113.9712039 51.1220792, -113.9711932 51.1220978, -113.971188 51.1221173, -113.9711886 51.1221371, -113.9712533 51.1225051)))"
13225 100 ST SE,Residential,RESIDUAL WARD 12 - SUB AREA 12B,S-FUD,"MULTIPOLYGON (((-113.8889866 50.932019, -113.8889834 50.93601, -113.8894169 50.9360101, -113.892225 50.9360102, -113.8922252 50.9360102, -113.890931 50.9339521, -113.8890397 50.932019, -113.8889866 50.932019)))"
13483 100 ST SE,Non-Residential,RESIDUAL WARD 12 - SUB AREA 12B,S-FUD,"MULTIPOLYGON (((-113.8889867 50.931965, -113.8889866 50.932019, -113.8890397 50.932019, -113.8889867 50.931965)))"
8025 84 ST SE,Non-Residential,RESIDUAL WARD 9 - SUB AREA 9K,S-FUD,"MULTIPOLYGON (((-113.9122211 50.9806472, -113.9122207 50.9815406, -113.9137524 50.9815396, -113.9136561 50.9814412, -113.9136342 50.980749, -113.9122211 50.9806472)))"
317R PATTERSON BV SW,Non-Residential,PATTERSON,S-FUD,"MULTIPOLYGON (((-114.1857391 51.0669404, -114.1861487 51.0671211, -114.1875393 51.0671205, -114.1875408 51.0669394, -114.1857391 51.0669404)))"
5610 133 ST NW,Non-Residential,HASKAYNE,S-FUD,"MULTIPOLYGON (((-114.2656337 51.1031094, -114.2690722 51.1028422, -114.2724041 51.1025866, -114.2725643 51.1025749, -114.2727247 51.102565, -114.2728855 51.102557, -114.2730464 51.1025509, -114.2732075 51.1025467, -114.2733687 51.1025443, -114.27353 51.1025438, -114.2736912 51.1025452, -114.2738181 51.1025478, -114.2739449 51.1025516, -114.2740716 51.1025566, -114.2741981 51.1025627, -114.2743245 51.1025699, -114.2744508 51.1025783, -114.2745768 51.1025879, -114.2747026 51.1025986, -114.2748281 51.1026105, -114.2749533 51.1026235, -114.2750782 51.1026376, -114.2752028 51.1026529, -114.275327 51.1026694, -114.2754508 51.1026869, -114.2755742 51.1027056, -114.2756972 51.1027254, -114.2790757 51.1032862, -114.2794804 51.1033534, -114.2805541 51.1033509, -114.2805482 51.1030065, -114.2800707 51.1029813, -114.2800992 51.102852, -114.2801247 51.1028542, -114.2801575 51.1025271, -114.2801591 51.102511, -114.2799391 51.1022284, -114.2796163 51.1018136, -114.2795929 51.1017326, -114.2794588 51.1012674, -114.2795959 51.1012517, -114.2795832 51.1012086, -114.2794463 51.1011693, -114.2793654 51.1011615, -114.2793005 51.1011548, -114.279232 51.1011544, -114.2791753 51.1011461, -114.2791093 51.1011396, -114.2790589 51.1011433, -114.2789708 51.1011433, -114.2788854 51.1011444, -114.2788118 51.1011463, -114.2787302 51.1011443, -114.278646 51.1011403, -114.2785526 51.1011366, -114.278478 51.1011366, -114.2783802 51.1011404, -114.2782984 51.1011419, -114.2782432 51.1011418, -114.2781757 51.1011395, -114.2781075 51.1011346, -114.2780547 51.1011387, -114.2780141 51.1011438, -114.2779819 51.1011643, -114.2779879 51.1011833, -114.2780049 51.1012105, -114.2780277 51.1012496, -114.2780542 51.1012818, -114.2780741 51.1013, -114.2780966 51.1013205, -114.2781007 51.1013422, -114.2781489 51.1013647, -114.2781856 51.1013989, -114.2781983 51.1014248, -114.278208 51.1014676, -114.2782213 51.1015063, -114.278232 51.1015438, -114.2782489 51.1015883, -114.2782642 51.1016394, -114.2782759 51.101666, -114.2782848 51.1017004, -114.278286 51.1017316, -114.2782702 51.1017559, -114.2782472 51.1017677, -114.2782081 51.101783, -114.278168 51.101795, -114.2781123 51.1018061, -114.2780749 51.1018197, -114.2780313 51.1018286, -114.2779952 51.1018288, -114.2779585 51.1018158, -114.2779039 51.1017945, -114.277856 51.1017734, -114.2778055 51.101746, -114.2777611 51.1017214, -114.277717 51.1016979, -114.277677 51.1016713, -114.2776343 51.1016512, -114.2775857 51.1016311, -114.2775703 51.1016024, -114.2775696 51.1015737, -114.2775583 51.1015415, -114.2775268 51.1015181, -114.2775005 51.1015087, -114.2774818 51.1014748, -114.2774452 51.1014348, -114.2774093 51.1013807, -114.2773807 51.1013339, -114.2773439 51.1012847, -114.2773019 51.1012325, -114.2772566 51.1011926, -114.2771976 51.1011731, -114.2771605 51.1011647, -114.2771041 51.1011412, -114.2770245 51.1011266, -114.2769451 51.1011142, -114.2768551 51.101102, -114.2767831 51.1010881, -114.2766942 51.1010839, -114.276583 51.1010852, -114.2764998 51.1010883, -114.2764172 51.1010887, -114.2763016 51.1010864, -114.2761942 51.101084, -114.2760873 51.1010797, -114.2759864 51.1010818, -114.2759025 51.1010851, -114.27581 51.1010877, -114.2757571 51.1010914, -114.2756768 51.1010899, -114.275565 51.1010882, -114.2754668 51.1010906, -114.2753879 51.1010967, -114.2753115 51.101098, -114.275145 51.1011254, -114.2750912 51.1011239, -114.2750513 51.1011227, -114.2749997 51.1011207, -114.2749432 51.101125, -114.2748931 51.1011312, -114.2748401 51.1011319, -114.274785 51.1011322, -114.274745 51.1011319, -114.2746892 51.101135, -114.2746413 51.1011356, -114.2746028 51.1011372, -114.2745636 51.1011383, -114.2745106 51.1011395, -114.2744577 51.1011411, -114.2744018 51.1011441, -114.2743532 51.1011466, -114.2742995 51.1011482, -114.2742509 51.1011562, -114.274198 51.1011624, -114.2741443 51.1011627, -114.2740986 51.1011711, -114.2740522 51.10118, -114.2740015 51.101189, -114.2739464 51.1011943, -114.2738978 51.1012004, -114.273842 51.1012076, -114.2737919 51.1012146, -114.2737405 51.1012213, -114.2736963 51.1012274, -114.2736484 51.1012341, -114.2735991 51.1012389, -114.2735788 51.1012408, -114.2735295 51.1012534, -114.2734818 51.1012678, -114.2734253 51.1012863, -114.2733811 51.1012897, -114.2733347 51.1013041, -114.2732819 51.1013203, -114.2732326 51.1013297, -114.2731855 51.1013336, -114.2731319 51.1013434, -114.2730775 51.1013533, -114.273026 51.1013572, -114.2729723 51.1013629, -114.2729202 51.1013737, -114.2728746 51.1013849, -114.2728304 51.1013965, -114.2727825 51.101405, -114.2727383 51.1014125, -114.2726832 51.1014182, -114.2725788 51.1014292, -114.2725244 51.1014396, -114.2724766 51.1014503, -114.2724266 51.1014578, -114.2723801 51.1014576, -114.2723301 51.1014633, -114.2722845 51.101475, -114.2722365 51.101472, -114.2721908 51.1014736, -114.272146 51.1014898, -114.2721162 51.1014931, -114.2720683 51.1014934, -114.2720219 51.1015004, -114.271972 51.1015126, -114.2719169 51.1015229, -114.2718633 51.1015327, -114.2718154 51.1015389, -114.2717683 51.1015423, -114.2717196 51.1015466, -114.2716711 51.1015515, -114.2716254 51.1015544, -114.2715753 51.1015547, -114.271523 51.1015535, -114.2714744 51.101556, -114.2714251 51.1015663, -114.2713744 51.1015766, -114.27132 51.1015819, -114.2712648 51.1015836, -114.2712162 51.1015842, -114.2711676 51.1015881, -114.2711139 51.1015948, -114.2710595 51.1015973, -114.2710101 51.1015971, -114.2709594 51.1016005, -114.2709129 51.1016058, -114.2708651 51.1016124, -114.2708108 51.1016259, -114.2707595 51.1016531, -114.2707504 51.1016838, -114.2707623 51.1017171, -114.270777 51.1017348, -114.2708005 51.1017621, -114.2708437 51.1017962, -114.2708983 51.1018192, -114.2709471 51.1018299, -114.2709929 51.1018388, -114.2710498 51.1018696, -114.2710552 51.1018993, -114.2710359 51.1019295, -114.2709881 51.1019458, -114.2709394 51.1019428, -114.2708835 51.1019426, -114.2708378 51.1019479, -114.2707856 51.101949, -114.2707391 51.1019424, -114.2706981 51.1019092, -114.2706884 51.1018851, -114.270691 51.1018522, -114.2707038 51.1018201, -114.2707122 51.1017909, -114.2707055 51.1017685, -114.2706942 51.1017329, -114.2706758 51.1017051, -114.2706189 51.1016794, -114.2705681 51.1016769, -114.270513 51.1016863, -114.2704653 51.1017025, -114.270424 51.1017137, -114.2703682 51.1017308, -114.2703386 51.1017401, -114.2703031 51.1017512, -114.2702495 51.1017684, -114.2702003 51.1017787, -114.2701561 51.1017871, -114.2701097 51.1017974, -114.2700634 51.1018095, -114.2700076 51.1018267, -114.2699613 51.1018406, -114.2699186 51.1018554, -114.2698659 51.1018812, -114.2698122 51.1018861, -114.2697577 51.1018822, -114.2697076 51.1018793, -114.2696553 51.1018795, -114.2695994 51.1018825, -114.2695472 51.1018887, -114.2694958 51.1018981, -114.26944 51.1019066, -114.2693863 51.1019146, -114.2693298 51.1019203, -114.2692797 51.1019261, -114.2692232 51.1019318, -114.2691731 51.1019352, -114.2691201 51.1019405, -114.2690708 51.1019467, -114.2690687 51.101947, -114.2690237 51.1019542, -114.2689752 51.1019691, -114.2689197 51.102005, -114.2688704 51.1020189, -114.2688349 51.10202, -114.2687877 51.1020179, -114.2687339 51.1020155, -114.2686816 51.1020148, -114.2686359 51.1020132, -114.2685974 51.1020088, -114.2685589 51.1020067, -114.2685175 51.1020083, -114.268466 51.1020126, -114.2684182 51.1020183, -114.2683666 51.1020213, -114.2683304 51.1020279, -114.2682754 51.1020414, -114.2682224 51.1020485, -114.2681746 51.1020547, -114.2681253 51.1020627, -114.2680731 51.1020679, -114.2680187 51.1020709, -114.2679694 51.102078, -114.2679194 51.1020874, -114.2678679 51.1020972, -114.2678165 51.1021098, -114.2677615 51.1021247, -114.2677165 51.102135, -114.2676622 51.1021421, -114.2676288 51.1021445, -114.2675882 51.1021534, -114.2675405 51.1021678, -114.2674926 51.102179, -114.2674506 51.1021897, -114.2674028 51.1022009, -114.2673528 51.102207, -114.2673115 51.1022219, -114.2672659 51.1022317, -114.267221 51.1022397, -114.267168 51.1022454, -114.267118 51.1022534, -114.2670666 51.1022646, -114.2670304 51.1022734, -114.2669782 51.102286, -114.2669311 51.1022972, -114.2668833 51.1023089, -114.2668326 51.1023201, -114.2667855 51.1023294, -114.2667392 51.1023392, -114.2666935 51.1023509, -114.2666508 51.1023662, -114.2665945 51.1023906, -114.2665431 51.1024128, -114.2664974 51.1024139, -114.2664473 51.1024137, -114.2664017 51.1024226, -114.2663589 51.1024338, -114.2663032 51.1024491, -114.2662611 51.1024589, -114.2662134 51.1024733, -114.2661064 51.1025222, -114.2660551 51.1025508, -114.2660075 51.1025853, -114.2659526 51.1026079, -114.2659352 51.102614, -114.2658883 51.1026379, -114.265845 51.1026738, -114.265801 51.1027041, -114.2657663 51.1027153, -114.2657112 51.1027173, -114.2656559 51.1027144, -114.2656037 51.1027115, -114.2655564 51.1027076, -114.265507 51.1027064, -114.26547 51.1027048, -114.2654178 51.1027068, -114.2653692 51.1027194, -114.2653229 51.1027361, -114.2652788 51.1027482, -114.265228 51.1027594, -114.2651366 51.1027827, -114.2649314 51.1028249, -114.2647248 51.1028738, -114.2645018 51.1029358, -114.2642907 51.1029678, -114.2640793 51.1030092, -114.26388 51.1030577, -114.2636803 51.1030887, -114.2634877 51.1031221, -114.2632535 51.1031385, -114.2630378 51.1031667, -114.2628131 51.1031777, -114.2627198 51.103202, -114.2629278 51.1031857, -114.2642799 51.1031476, -114.2656337 51.1031094)))"
5610 133 ST NW,Non-Residential,HASKAYNE,S-FUD,"MULTIPOLYGON (((-114.2798132 51.1012388, -114.2799118 51.1015806, -114.2805484 51.1023986, -114.2805484 51.1017415, -114.2805485 51.1016587, -114.2805485 51.1012858, -114.2805485 51.1012844, -114.2803529 51.1012759, -114.2801372 51.1012582, -114.2799205 51.101246, -114.2798132 51.1012388)))"
5660R 133 ST NW,Non-Residential,HASKAYNE,S-FUD,"MULTIPOLYGON (((-114.2805482 51.1030065, -114.2808355 51.1030216, -114.2808356 51.1025635, -114.2805484 51.1025488, -114.2805482 51.1030065)))"
5660 133 ST NW,Non-Residential,HASKAYNE,S-FUD,"MULTIPOLYGON (((-114.2805541 51.1035317, -114.2808354 51.1035783, -114.2808353 51.1033533, -114.2808355 51.1030216, -114.2805482 51.1030065, -114.2805541 51.1033509, -114.2805541 51.1035317)))"
5660 133 ST NW,Non-Residential,HASKAYNE,S-FUD,"MULTIPOLYGON (((-114.2805484 51.1025488, -114.2808356 51.1025635, -114.2808356 51.1025466, -114.2808356 51.1022977, -114.2808356 51.1021071, -114.2808356 51.1020315, -114.2808358 51.1019919, -114.2808356 51.1017192, -114.2808357 51.1016364, -114.2808357 51.1014172, -114.2808357 51.1012946, -114.2805701 51.1012854, -114.2805485 51.1012844, -114.2805485 51.1012858, -114.2805485 51.1016587, -114.2805484 51.1017415, -114.2805484 51.1023986, -114.2805484 51.1025314, -114.2805484 51.1025488)))"
5665 133 ST NW,Non-Residential,HASKAYNE,S-FUD,"MULTIPOLYGON (((-114.2896101 51.107888, -114.2896949 51.1080353, -114.289774 51.1081837, -114.2898476 51.1083333, -114.2899154 51.1084839, -114.2899775 51.1086356, -114.2900338 51.1087881, -114.2900843 51.1089414, -114.290129 51.1090954, -114.2901268 51.1090633, -114.2900972 51.1088814, -114.2900542 51.1087006, -114.2899893 51.1085201, -114.2899352 51.1083354, -114.2898762 51.1081563, -114.2898592 51.1080658, -114.2898138 51.1079753, -114.2897868 51.1078831, -114.2897414 51.107796, -114.289629 51.1075313, -114.2895006 51.1072663, -114.2894021 51.1070936, -114.2892993 51.1069213, -114.2892323 51.1068419, -114.2891106 51.1066745, -114.2889681 51.106515, -114.2888839 51.1064376, -114.2887303 51.1062802, -114.2885465 51.1061362, -114.2884671 51.1060562, -114.2883715 51.1059846, -114.288186 51.1058398, -114.2881118 51.1057888, -114.2880526 51.1057469, -114.2879808 51.1057073, -114.287957 51.1056832, -114.2879268 51.1056609, -114.2878663 51.1056237, -114.2877905 51.1055858, -114.2877362 51.1055447, -114.2876784 51.1055092, -114.2876278 51.1054819, -114.2875763 51.1054562, -114.2875191 51.1054237, -114.2874433 51.1053838, -114.2873577 51.1053459, -114.2873114 51.105317, -114.2872928 51.1053022, -114.2872766 51.1052995, -114.2872223 51.1052718, -114.2871849 51.1052512, -114.2871496 51.1052298, -114.2870947 51.1052101, -114.2870347 51.1051763, -114.2869832 51.1051497, -114.2869253 51.105128, -114.2868769 51.1051012, -114.2868336 51.1050916, -114.2867978 51.1050722, -114.286759 51.1050503, -114.28673 51.1050429, -114.2866903 51.1050231, -114.2866541 51.1050033, -114.2865786 51.1049799, -114.2864992 51.1049435, -114.2864204 51.1049086, -114.2863126 51.1048647, -114.2862308 51.1048308, -114.2861595 51.1048078, -114.2860485 51.1047622, -114.2859824 51.1047379, -114.2859462 51.104719, -114.2858477 51.1046799, -114.2857357 51.1046401, -114.2856343 51.104608, -114.285563 51.1045673, -114.2854996 51.1045258, -114.2854338 51.1044657, -114.285322 51.1043148, -114.2851664 51.1041736, -114.2850143 51.1040885, -114.2847819 51.1039998, -114.2845201 51.1038949, -114.2842707 51.1038253, -114.2840833 51.1037066, -114.2839695 51.1036485, -114.2837358 51.1035199, -114.2836295 51.1034509, -114.2835039 51.1033944, -114.2834087 51.103376, -114.2833816 51.1033521, -114.2833272 51.1033041, -114.2831128 51.1031968, -114.2828957 51.1030869, -114.2827901 51.103029, -114.2827099 51.1029769, -114.2825806 51.1028988, -114.2825072 51.1028328, -114.2825293 51.1027289, -114.2825527 51.1025101, -114.2825638 51.1023308, -114.2825911 51.1021439, -114.2826309 51.1018522, -114.282646 51.1017872, -114.2826363 51.1016826, -114.2826035 51.1016272, -114.2826036 51.1016244, -114.282454 51.1016215, -114.2824814 51.1013775, -114.282494 51.1013528, -114.2824975 51.1013538, -114.282506 51.1013443, -114.2824239 51.1013179, -114.2820378 51.1011803, -114.2820212 51.1011696, -114.2819673 51.10123, -114.2819218 51.1012324, -114.2818198 51.1012516, -114.281715 51.1012664, -114.2814949 51.1012188, -114.2812768 51.1012231, -114.2810597 51.1012137, -114.2809548 51.1012596, -114.2812511 51.1016382, -114.2813876 51.1018125, -114.2814823 51.1019335, -114.281088 51.1025598, -114.2810708 51.1026891, -114.2810452 51.1026879, -114.2809996 51.1030303, -114.2808355 51.1030216, -114.2808353 51.1033533, -114.2808354 51.1035783, -114.28252 51.1038578, -114.2827468 51.1038972, -114.2829722 51.1039398, -114.283196 51.1039856, -114.2834181 51.1040346, -114.2836383 51.1040867, -114.2838566 51.1041419, -114.2840729 51.1042002, -114.284287 51.1042616, -114.2844989 51.104326, -114.2847083 51.1043933, -114.2849153 51.1044637, -114.2851197 51.104537, -114.2853214 51.1046131, -114.2855203 51.1046921, -114.2857163 51.104774, -114.2859093 51.1048585, -114.286083 51.1049161, -114.2862542 51.1049767, -114.2864225 51.1050402, -114.286588 51.1051066, -114.2867505 51.105176, -114.2869099 51.1052481, -114.2870659 51.105323, -114.2872187 51.1054005, -114.2873679 51.1054807, -114.2875135 51.1055635, -114.2876554 51.1056488, -114.2877935 51.1057365, -114.2879276 51.1058267, -114.2880577 51.1059191, -114.2881836 51.1060137, -114.2883053 51.1061105, -114.2884227 51.1062094, -114.2885357 51.1063103, -114.2886441 51.1064132, -114.2887479 51.1065179, -114.2888471 51.1066243, -114.2889415 51.1067325, -114.2890311 51.1068423, -114.2891158 51.1069536, -114.2891955 51.1070663, -114.2892702 51.1071803, -114.2893399 51.1072957, -114.2894043 51.1074122, -114.2894637 51.1075297, -114.2895177 51.1076483, -114.2895666 51.1077678, -114.2896101 51.107888)))"
5665 133 ST NW,Non-Residential,HASKAYNE,S-FUD,"MULTIPOLYGON (((-114.2808357 51.1014172, -114.2808357 51.1016364, -114.2808356 51.1017192, -114.2808358 51.1019919, -114.2808356 51.1020315, -114.2808356 51.1021071, -114.2810763 51.1017247, -114.2808357 51.1014172)))"
4924 80 AV NE,Residential,SADDLE RIDGE,S-FUD,"MULTIPOLYGON (((-113.9642306 51.1253645, -113.9627769 51.1253624, -113.9627752 51.1270363, -113.9642287 51.1270384, -113.9642305 51.1254106, -113.9642306 51.1253645)))"
5020 80 AV NE,Residential,SADDLE RIDGE,S-FUD,"MULTIPOLYGON (((-113.9613233 51.1253603, -113.9613214 51.1270345, -113.9627752 51.1270363, -113.9627769 51.1253624, -113.9613233 51.1253603)))"
5120 80 AV NE,Residential,SADDLE RIDGE,S-FUD,"MULTIPOLYGON (((-113.9613233 51.1253603, -113.9598697 51.1253582, -113.9598686 51.1270331, -113.9613214 51.1270345, -113.9613233 51.1253603)))"
15300R 15 ST NE,Farm Land,RESIDUAL WARD 3 - SUB AREA 3W,S-FUD,"MULTIPOLYGON (((-114.0055994 51.1980168, -114.0056004 51.1980957, -114.0055948 51.1981745, -114.0055826 51.1982529, -114.0055638 51.1983309, -114.0055384 51.1984081, -114.0055066 51.1984844, -114.0054684 51.1985595, -114.0054239 51.1986333, -114.0053733 51.1987055, -114.0053166 51.1987759, -114.0052541 51.1988443, -114.005186 51.1989106, -114.0051123 51.1989745, -114.0050334 51.1990359, -114.0049494 51.1990947, -114.0048606 51.1991505, -114.0047849 51.1991926, -114.0047046 51.1992311, -114.0046202 51.1992661, -114.004532 51.1992972, -114.0044406 51.1993243, -114.0043463 51.1993473, -114.0042497 51.199366, -114.0041512 51.1993804, -114.0040686 51.1993906, -114.0039985 51.1993992, -114.0039383 51.1994075, -114.0038787 51.1994175, -114.0038199 51.199429, -114.0037619 51.1994421, -114.0037048 51.1994567, -114.0036489 51.1994729, -114.003594 51.1994905, -114.0035405 51.1995096, -114.0034883 51.1995302, -114.0034375 51.1995521, -114.0033883 51.1995754, -114.0033408 51.1996, -114.0032949 51.1996258, -114.0032509 51.1996529, -114.0032088 51.1996811, -114.0031687 51.1997104, -114.0031306 51.1997408, -114.0030947 51.1997721, -114.0030609 51.1998045, -114.0030294 51.1998377, -114.0030001 51.1998717, -114.0029733 51.1999064, -114.0029488 51.1999419, -114.0029268 51.199978, -114.0029073 51.2000146, -114.0028904 51.2000518, -114.002876 51.2000893, -114.0028642 51.2001272, -114.002855 51.2001654, -114.0028484 51.2002038, -114.0028445 51.2002424, -114.0028432 51.200281, -114.0028432 51.200396, -114.0026763 51.200396, -114.0026764 51.2020877, -114.0083608 51.2020854, -114.0084181 51.2019031, -114.0084788 51.2017213, -114.0085429 51.2015399, -114.0086104 51.2013589, -114.0086812 51.2011785, -114.0087554 51.2009986, -114.008833 51.2008193, -114.0089139 51.2006406, -114.0101639 51.198011, -114.0055994 51.1980168)))"
17200 CENTRE ST NE,Residential,RESIDUAL WARD 3 - SUB AREA 3W,S-FUD,"MULTIPOLYGON (((-114.0700429 51.2070854, -114.0700445 51.2075191, -114.071194 51.2075173, -114.0711933 51.2066138, -114.0700411 51.2066141, -114.0700429 51.2070854)))"
17008 CENTRE ST NE,Residential,RESIDUAL WARD 3 - SUB AREA 3W,S-FUD,"MULTIPOLYGON (((-114.0695751 51.2051695, -114.0695756 51.2058131, -114.0695755 51.2058355, -114.0711283 51.2058332, -114.0711927 51.2057927, -114.0711923 51.2052747, -114.0711922 51.205167, -114.0695751 51.2051695)))"
17016 CENTRE ST NE,Residential,RESIDUAL WARD 3 - SUB AREA 3W,S-FUD,"MULTIPOLYGON (((-114.0679584 51.2051719, -114.0679589 51.2058379, -114.0695755 51.2058355, -114.0695756 51.2058131, -114.0695751 51.2051695, -114.0679584 51.2051719)))"
17024 CENTRE ST NE,Residential,RESIDUAL WARD 3 - SUB AREA 3W,S-FUD,"MULTIPOLYGON (((-114.0667601 51.2051736, -114.0667606 51.205876, -114.0667607 51.206042, -114.067959 51.2060401, -114.0679589 51.2059279, -114.0679589 51.2058379, -114.0679584 51.2051719, -114.0667601 51.2051736)))"
17110 CENTRE ST NE,Residential,RESIDUAL WARD 3 - SUB AREA 3W,S-FUD,"MULTIPOLYGON (((-114.0667607 51.206042, -114.0667616 51.207294, -114.0678784 51.2066675, -114.0678612 51.2066543, -114.067846 51.2066401, -114.0678329 51.2066252, -114.067822 51.2066095, -114.0678134 51.2065934, -114.0678072 51.2065768, -114.0678034 51.2065599, -114.067802 51.2065428, -114.0678031 51.2065258, -114.0678066 51.2065089, -114.0678126 51.2064922, -114.0678209 51.206476, -114.0678315 51.2064603, -114.0678443 51.2064453, -114.0678593 51.206431, -114.0678762 51.2064177, -114.067895 51.2064028, -114.0679116 51.206387, -114.0679259 51.2063703, -114.0679378 51.2063528, -114.0679471 51.2063348, -114.0679538 51.2063163, -114.0679579 51.2062975, -114.0679592 51.2062786, -114.067959 51.2060401, -114.0667607 51.206042)))"
17118 CENTRE ST NE,Residential,RESIDUAL WARD 3 - SUB AREA 3W,S-FUD,"MULTIPOLYGON (((-114.0667616 51.207294, -114.0667617 51.2075239, -114.0686854 51.2075211, -114.0682077 51.2067186, -114.0681644 51.2067265, -114.0681198 51.2067302, -114.0680748 51.2067297, -114.0680304 51.206725, -114.0679876 51.2067162, -114.0679474 51.2067035, -114.0679107 51.2066871, -114.0678784 51.2066675, -114.0667616 51.207294)))"
17126 CENTRE ST NE,Residential,RESIDUAL WARD 3 - SUB AREA 3W,S-FUD,"MULTIPOLYGON (((-114.0682077 51.2067186, -114.0686854 51.2075211, -114.0700445 51.2075191, -114.0700429 51.2070854, -114.0683768 51.2066187, -114.0683634 51.2066354, -114.0683474 51.2066511, -114.0683289 51.2066658, -114.0683083 51.2066793, -114.0682856 51.2066914, -114.0682611 51.2067021, -114.068235 51.2067112, -114.0682077 51.2067186)))"
17138 CENTRE ST NE,Residential,RESIDUAL WARD 3 - SUB AREA 3W,S-FUD,"MULTIPOLYGON (((-114.0683768 51.2066187, -114.0700429 51.2070854, -114.0700411 51.2066141, -114.0687935 51.2060164, -114.0683095 51.2060171, -114.0682452 51.2060577, -114.0682453 51.2062785, -114.0682467 51.2062975, -114.0682507 51.2063162, -114.0682575 51.2063347, -114.0682668 51.2063527, -114.0682787 51.2063702, -114.068293 51.2063869, -114.0683097 51.2064027, -114.0683285 51.2064175, -114.0683543 51.2064389, -114.068375 51.2064624, -114.0683902 51.2064875, -114.0683995 51.2065137, -114.0684029 51.2065404, -114.0684002 51.2065672, -114.0683914 51.2065935, -114.0683768 51.2066187)))"
17142 CENTRE ST NE,Residential,RESIDUAL WARD 3 - SUB AREA 3W,S-FUD,"MULTIPOLYGON (((-114.0700411 51.2066141, -114.0711933 51.2066138, -114.0711929 51.2060623, -114.0711929 51.2060533, -114.0711285 51.206013, -114.0687935 51.2060164, -114.0700411 51.2066141)))"
12725 37 ST NW,Non-Residential,SAGE HILL,S-FUD,"MULTIPOLYGON (((-114.1526769 51.1682626, -114.1526592 51.1682632, -114.1526416 51.168265, -114.1526244 51.1682678, -114.1526077 51.1682718, -114.1525918 51.1682768, -114.1525768 51.1682828, -114.1525629 51.1682897, -114.1525501 51.1682975, -114.1525387 51.1683061, -114.1525288 51.1683153, -114.1525205 51.1683252, -114.1525137 51.1683355, -114.1525088 51.1683462, -114.1525056 51.1683572, -114.1525042 51.1683683, -114.1525046 51.1683795, -114.1525246 51.1685321, -114.1525876 51.1686832, -114.1528312 51.1686839, -114.1528262 51.1682496, -114.1526698 51.1682493, -114.1526769 51.1682626)))"
3655 SAGE HILL DR NW,Residential,SAGE HILL,S-FUD,"MULTIPOLYGON (((-114.1528312 51.1686839, -114.1525876 51.1686832, -114.1526503 51.1688299, -114.1526751 51.168895, -114.1526951 51.1689608, -114.1527603 51.1692081, -114.1528303 51.1693745, -114.1528312 51.1686839)))"
8941 22X HI SE,Non-Residential,RESIDUAL WARD 12 - SUB AREA 12J,S-FUD,"MULTIPOLYGON (((-113.9049776 50.9059858, -113.9028463 50.9060244, -113.9001466 50.9060731, -113.8944913 50.906175, -113.8944937 50.9068041, -113.8998751 50.9067915, -113.9057775 50.9067774, -113.9057744 50.9054646, -113.9049776 50.9059858)))"
10220 6 ST NE,Residential,STONEY 1,S-FUD,"MULTIPOLYGON (((-114.0464428 51.1431753, -114.046448 51.1433981, -114.0464505 51.1435075, -114.0464527 51.1435453, -114.0464573 51.1435829, -114.0464643 51.1436204, -114.0464737 51.1436577, -114.046546 51.1436112, -114.0466674 51.1435352, -114.0467757 51.14347, -114.0468856 51.1434059, -114.0469836 51.1433506, -114.0470828 51.1432961, -114.0471833 51.1432426, -114.0472851 51.1431901, -114.0473493 51.1431578, -114.0475139 51.1430776, -114.0476814 51.1429999, -114.0472847 51.1430896, -114.0471961 51.1431096, -114.0465151 51.143162, -114.0464428 51.1431753)))"
10220 6 ST NE,Residential,STONEY 1,S-FUD,"MULTIPOLYGON (((-114.0430349 51.1430948, -114.0423965 51.1453544, -114.0423961 51.1469379, -114.0425727 51.1469375, -114.0427478 51.1469374, -114.0428743 51.146937, -114.0429209 51.1469369, -114.0429443 51.1468769, -114.0429701 51.1468174, -114.0429982 51.1467583, -114.0430286 51.1466996, -114.0430614 51.1466414, -114.0430965 51.1465838, -114.0431338 51.1465267, -114.0431734 51.1464702, -114.0431886 51.1464498, -114.0432846 51.1463219, -114.0433579 51.1462284, -114.0434321 51.1461373, -114.0435084 51.1460469, -114.0435868 51.1459572, -114.0436672 51.1458682, -114.0437497 51.14578, -114.0438343 51.1456925, -114.0439395 51.1455875, -114.0439628 51.1455648, -114.0440477 51.1454836, -114.0441391 51.145399, -114.0442325 51.1453151, -114.0443278 51.1452321, -114.0444251 51.14515, -114.0445242 51.1450688, -114.0446252 51.1449885, -114.044728 51.1449092, -114.0448327 51.1448308, -114.0449155 51.1447705, -114.0449384 51.144754, -114.0450422 51.1446791, -114.045146 51.1446043, -114.0452498 51.1445295, -114.0453537 51.1444548, -114.0454575 51.14438, -114.0455614 51.144305, -114.046005 51.1439851, -114.04597 51.1439286, -114.0459394 51.1438711, -114.0459132 51.1438128, -114.0458915 51.1437537, -114.0458743 51.143694, -114.0458617 51.1436339, -114.0458538 51.1435735, -114.0458505 51.1435129, -114.0458451 51.143281, -114.0455548 51.1432752, -114.0452648 51.1432652, -114.0449752 51.1432512, -114.0446862 51.143233, -114.0445348 51.1437772, -114.0434089 51.1436533, -114.0435462 51.1431665, -114.0433754 51.1431441, -114.0432052 51.1431202, -114.0430349 51.1430948)))"
9840R BOWFORT RD NW,Non-Residential,GREENWOOD/GREENBRIAR,S-FUD,"MULTIPOLYGON (((-114.2283515 51.0898584, -114.2283506 51.0899446, -114.2285083 51.0900471, -114.2288426 51.0902642, -114.2296962 51.0905134, -114.2297323 51.0905244, -114.2297043 51.0905027, -114.2296356 51.090454, -114.2295652 51.0904061, -114.2294933 51.0903591, -114.2294199 51.0903131, -114.2293506 51.0902712, -114.2292801 51.0902302, -114.2292084 51.09019, -114.2291354 51.0901507, -114.2290612 51.0901122, -114.2289859 51.0900747, -114.2289094 51.0900381, -114.2288319 51.0900024, -114.2287459 51.0899645, -114.2283507 51.0897924, -114.2283515 51.0898584)))"
327R PATTERSON BV SW,Non-Residential,PATTERSON,S-FUD,"MULTIPOLYGON (((-114.1875292 51.0715471, -114.1875889 51.0715548, -114.1876492 51.0715604, -114.1877099 51.0715639, -114.1877709 51.0715654, -114.1878171 51.0715642, -114.1878184 51.0707361, -114.1878224 51.0690873, -114.1878228 51.0689272, -114.1878229 51.0688461, -114.187827 51.0671202, -114.1875393 51.0671205, -114.1875357 51.0686751, -114.1875346 51.069152, -114.1875342 51.0692986, -114.1875309 51.0707299, -114.1875301 51.0711241, -114.1875294 51.0714913, -114.1875292 51.0715471)))"
2615 16 AV NW,Non-Residential,ST. ANDREWS HEIGHTS,S-FUD,"MULTIPOLYGON (((-114.1204034 51.0670295, -114.1205691 51.0670657, -114.1208991 51.0671407, -114.1208992 51.0670287, -114.1204034 51.0670295)))"
11444 ROCKY RIDGE RD NW,Non-Residential,RESIDUAL WARD 1 - SUB AREA 1K,S-FUD,"MULTIPOLYGON (((-114.2226044 51.1586631, -114.222605 51.1614638, -114.2341025 51.161469, -114.2340986 51.1586602, -114.2338718 51.1586603, -114.230499 51.1586612, -114.2263002 51.1586623, -114.2258715 51.1586624, -114.2226044 51.1586631)))"
11444 ROCKY RIDGE RD NW,Non-Residential,RESIDUAL WARD 1 - SUB AREA 1K,S-FUD,"MULTIPOLYGON (((-114.2226044 51.1586631, -114.222605 51.1614638, -114.2341025 51.161469, -114.2340986 51.1586602, -114.2338718 51.1586603, -114.230499 51.1586612, -114.2263002 51.1586623, -114.2258715 51.1586624, -114.2226044 51.1586631)))"
16618 88 ST SE,Non-Residential,RESIDUAL WARD 12 - SUB AREA 12J,S-FUD,"MULTIPOLYGON (((-113.905762 50.8996403, -113.9057658 50.9014725, -113.9057687 50.9028731, -113.9057728 50.9048507, -113.90591 50.9047707, -113.9059005 50.8996399, -113.905762 50.8996403)))"
4820 80 AV NE,Residential,SADDLE RIDGE,S-FUD,"MULTIPOLYGON (((-113.9642305 51.1254106, -113.9642287 51.1270384, -113.9656825 51.1270405, -113.9656842 51.1254944, -113.9650154 51.1254247, -113.9642305 51.1254106)))"
10220R 6 ST NE,Non-Residential,AURORA BUSINESS PARK,S-FUD,"MULTIPOLYGON (((-114.0458505 51.1435129, -114.0458538 51.1435735, -114.0458617 51.1436339, -114.0458743 51.143694, -114.0458915 51.1437537, -114.0459132 51.1438128, -114.0459394 51.1438711, -114.04597 51.1439286, -114.046005 51.1439851, -114.0461647 51.1438699, -114.0461747 51.1438628, -114.0462977 51.1437761, -114.0464261 51.1436891, -114.0464737 51.1436577, -114.0464643 51.1436204, -114.0464573 51.1435829, -114.0464527 51.1435453, -114.0464505 51.1435075, -114.046448 51.1433981, -114.0464429 51.1431756, -114.0462295 51.1432149, -114.0460587 51.1432463, -114.0458673 51.1432815, -114.0458451 51.1432812, -114.0458505 51.1435129)))"
4660 101 ST SW,Residential,DISCOVERY RIDGE,S-FUD,"MULTIPOLYGON (((-114.2305033 51.0110807, -114.2304829 51.0111832, -114.230139 51.0113467, -114.2299283 51.0114346, -114.2298736 51.0114935, -114.2298572 51.0116152, -114.2298859 51.0117891, -114.2299605 51.0119187, -114.2300765 51.012065, -114.2302774 51.0122795, -114.2303623 51.0123332, -114.2305136 51.0123954, -114.2307316 51.0124379, -114.2310344 51.0124775, -114.2317635 51.0126048, -114.2319763 51.012651, -114.2321228 51.0127061, -114.2323919 51.0127461, -114.2325767 51.0127869, -114.2327212 51.0128057, -114.232977 51.0128443, -114.2332136 51.0128322, -114.233533 51.0128395, -114.2337535 51.0128806, -114.2339628 51.0128594, -114.2340813 51.0128828, -114.2340817 51.012795, -114.2340992 51.0088854, -114.2234036 51.0088742, -114.2233361 51.0088742, -114.2233008 51.0088738, -114.2231309 51.0090137, -114.2229209 51.0092008, -114.2227273 51.0093448, -114.2225931 51.0095298, -114.2225917 51.0103144, -114.2228157 51.0104063, -114.2230175 51.0104796, -114.2232483 51.0104517, -114.2234867 51.0104291, -114.2237554 51.010413, -114.2240008 51.0103557, -114.2241792 51.0102877, -114.2243439 51.0102237, -114.2244633 51.0102071, -114.2245734 51.0101847, -114.2247067 51.0101658, -114.2248427 51.0101384, -114.2249426 51.010124, -114.2250822 51.0100789, -114.2252923 51.0100363, -114.2256079 51.0099537, -114.2258414 51.0099502, -114.225994 51.0099412, -114.226152 51.0098856, -114.2263589 51.0098793, -114.2264705 51.0098744, -114.2265376 51.0098618, -114.2266833 51.0098678, -114.2268432 51.0098977, -114.2270428 51.0099072, -114.2272626 51.0099395, -114.2274488 51.009986, -114.2276855 51.0100488, -114.2278727 51.0100985, -114.2281585 51.0101375, -114.2283651 51.0101399, -114.2285372 51.0101535, -114.2287128 51.010167, -114.2288571 51.0101866, -114.2290599 51.0102178, -114.229198 51.01022, -114.2293263 51.0102355, -114.2294984 51.0102365, -114.2296486 51.0102329, -114.2299362 51.0101953, -114.2300918 51.0101997, -114.2302924 51.0102168, -114.2303765 51.010224, -114.2304054 51.0102196, -114.23054 51.0102036, -114.2306867 51.0101848, -114.2308453 51.0101783, -114.2309223 51.0101668, -114.2310822 51.0101527, -114.2312094 51.0101292, -114.2313267 51.0101363, -114.2314322 51.010143, -114.2315273 51.0101628, -114.2316528 51.0101874, -114.2317405 51.0102093, -114.2318079 51.0102239, -114.2319393 51.0102692, -114.232013 51.0103062, -114.2320527 51.0103316, -114.2321525 51.0103898, -114.2322223 51.0104505, -114.2323098 51.0105598, -114.2323484 51.010613, -114.2323754 51.0106808, -114.2323944 51.0107949, -114.2324121 51.0109093, -114.2323742 51.0109405, -114.2323496 51.0109595, -114.2323569 51.0109881, -114.2323813 51.011001, -114.2323973 51.0110407, -114.2323835 51.0110564, -114.232388 51.0110861, -114.2323875 51.0111357, -114.2323594 51.0111826, -114.2323426 51.0112472, -114.2323064 51.0112992, -114.2323126 51.0113347, -114.232277 51.0113598, -114.2322872 51.0113174, -114.2322975 51.0112804, -114.232307 51.0112337, -114.2322724 51.0111858, -114.2322848 51.0111609, -114.2323111 51.0111167, -114.2323274 51.0110803, -114.2323264 51.0110223, -114.2323334 51.0110032, -114.2323281 51.0109915, -114.2323097 51.0109892, -114.2322213 51.0110308, -114.2321398 51.0110618, -114.2320334 51.0111066, -114.2319503 51.0111221, -114.2319092 51.0111233, -114.2319195 51.0111104, -114.232003 51.011091, -114.2320912 51.0110571, -114.2322002 51.0110117, -114.2322335 51.0109683, -114.2323043 51.0109609, -114.232354 51.0109056, -114.2323411 51.0108812, -114.2323327 51.0108249, -114.2322445 51.0107814, -114.232252 51.0107239, -114.2322202 51.0106692, -114.2321418 51.0106763, -114.2320974 51.0107134, -114.2319944 51.0107311, -114.2319752 51.0107139, -114.2318165 51.01075, -114.2313181 51.0107838, -114.2308322 51.0109793, -114.2305033 51.0110807)))"
4660 101 ST SW,Residential,DISCOVERY RIDGE,S-FUD,"MULTIPOLYGON (((-114.2284053 51.01428, -114.2286433 51.0143964, -114.2289427 51.014554, -114.2291287 51.014603, -114.2293799 51.0146872, -114.2295872 51.0147491, -114.2297126 51.0147831, -114.2298336 51.0147988, -114.2300156 51.014822, -114.2302976 51.0148473, -114.2304418 51.0148882, -114.2306393 51.0149753, -114.2307941 51.0150383, -114.2309794 51.015069, -114.2312023 51.0150748, -114.231624 51.0150734, -114.2318534 51.0150146, -114.2319742 51.0149877, -114.232048 51.0149681, -114.2321492 51.0149356, -114.2322515 51.0149122, -114.2323384 51.0149001, -114.2324356 51.014884, -114.2325858 51.0148795, -114.2328434 51.0148231, -114.2330545 51.01474, -114.2332287 51.0146578, -114.2333448 51.0145881, -114.2334093 51.0144951, -114.2334353 51.0143942, -114.2334386 51.0143122, -114.2334415 51.0141867, -114.2334445 51.0141137, -114.2334115 51.0140612, -114.2332717 51.0139641, -114.2331685 51.0138605, -114.2330931 51.0137416, -114.2330422 51.0136442, -114.2330347 51.013543, -114.2330183 51.0134801, -114.2332382 51.0132628, -114.2329978 51.0132013, -114.2327035 51.0131123, -114.2324042 51.0130148, -114.232147 51.012959, -114.2319296 51.0129134, -114.2315877 51.0128482, -114.2312775 51.0129206, -114.230993 51.0128266, -114.2307648 51.0127237, -114.2305292 51.0126402, -114.2303318 51.0125588, -114.230102 51.0123989, -114.2299464 51.0122726, -114.2297359 51.012122, -114.2296713 51.0121938, -114.2295618 51.0123222, -114.2295262 51.0124064, -114.2294828 51.012576, -114.2293404 51.0128019, -114.2292104 51.0129347, -114.2290861 51.013078, -114.229001 51.0131664, -114.2288727 51.0132303, -114.2286906 51.0132521, -114.2284997 51.0133526, -114.2283647 51.0134563, -114.228162 51.0136513, -114.2280078 51.0137143, -114.2278606 51.0138157, -114.2277618 51.0139167, -114.2279066 51.0140572, -114.2281159 51.0141691, -114.2282028 51.0141675, -114.2284053 51.01428)))"
7203 GLENMORE TR SE,Non-Residential,SECTION 23,S-FUD,"MULTIPOLYGON (((-113.9293505 50.9793108, -113.9308239 50.9793098, -113.9322334 50.9793088, -113.9308176 50.9791322, -113.9293496 50.978949, -113.9293452 50.9789485, -113.9293505 50.9793108)))"
9902 BARLOW TR SE,Non-Residential,EAST SHEPARD INDUSTRIAL,S-FUD,"MULTIPOLYGON (((-113.9808042 50.9650295, -113.9806991 50.9650297, -113.9804833 50.9650301, -113.9805909 50.9650444, -113.9806982 50.9650595, -113.9808052 50.9650755, -113.9809118 50.9650923, -113.9809197 50.9650293, -113.9808042 50.9650295)))"
