ADDRESS,POINTS
278 CREEKSIDE WY SW,-187.477 -20975.851|-176.089 -20975.851|-174.551 -20975.851|-182.080 -20945.439|-183.611 -20945.473|-185.030 -20945.395|-186.435 -20945.217|-187.826 -20944.917|-189.196 -20944.516|-190.965 -20943.971
282 CREEKSIDE WY SW,-199.752 -20975.851|-188.980 -20975.851|-187.477 -20975.851|-190.965 -20943.971|-192.503 -20943.604|-195.495 -20943.137|-198.522 -20942.982|-199.731 -20942.982
286 CREEKSIDE WY SW,-209.231 -20975.851|-201.241 -20975.851|-199.752 -20975.851|-199.731 -20942.982|-201.220 -20942.982|-209.210 -20942.982
290 CREEKSIDE WY SW,-218.710 -20975.851|-210.720 -20975.851|-209.231 -20975.851|-209.210 -20942.982|-210.699 -20942.971|-218.689 -20942.971
294 CREEKSIDE WY SW,-228.189 -20975.840|-220.199 -20975.840|-218.710 -20975.851|-218.689 -20942.971|-220.178 -20942.971|-228.168 -20942.971
298 CREEKSIDE WY SW,-237.668 -20975.840|-229.678 -20975.840|-228.189 -20975.840|-228.168 -20942.971|-229.657 -20942.971|-237.647 -20942.971
302 CREEKSIDE WY SW,-247.147 -20975.840|-239.157 -20975.840|-237.668 -20975.840|-237.647 -20942.971|-239.136 -20942.971|-247.126 -20942.971
306 CREEKSIDE WY SW,-247.126 -20942.971|-248.615 -20942.971|-257.801 -20942.971|-257.801 -20945.372|-257.822 -20972.849|-254.844 -20975.840|-248.636 -20975.840|-247.147 -20975.840
274 CREEKSIDE WY SW,-174.551 -20975.851|-157.522 -20975.851|-152.986 -20975.851|-170.748 -20943.593|-171.923 -20941.470|-173.545 -20942.626|-175.285 -20943.604|-176.907 -20944.305|-178.599 -20944.850|-180.325 -20945.228|-182.080 -20945.439
266 CREEKSIDE WY SW,-139.382 -20975.851|-134.726 -20975.851|-134.713 -20953.056|-165.401 -20930.928|-165.799 -20932.440|-166.316 -20933.919|-166.967 -20935.343|-167.729 -20936.710|-168.644 -20938.078|-169.686 -20939.346|-150.574 -20974.050|-149.581 -20975.851|-146.177 -20975.851
262 CREEKSIDE WY SW,-165.401 -20930.928|-134.713 -20953.056|-134.699 -20930.383|-165.443 -20922.878|-165.100 -20924.868|-164.981 -20926.903|-165.079 -20928.927
206 CREEKSIDE DR SW,-445.076 -20926.959|-417.275 -20926.959|-417.421 -20918.819|-449.682 -20918.819|-449.661 -20920.821|-449.634 -20922.455
263 CREEKSIDE WY SW,-216.096 -20926.992|-215.501 -20926.992|-187.805 -20926.992|-185.722 -20924.890|-183.338 -20922.500|-183.331 -20914.104|-216.089 -20914.104
50 CREEKSIDE HE SW,-244.393 -20926.992|-217.885 -20926.992|-216.096 -20926.992|-216.089 -20914.104|-248.846 -20914.104|-248.853 -20922.489|-246.469 -20924.890
258 CREEKSIDE WY SW,-165.443 -20922.878|-134.699 -20930.383|-134.692 -20918.452|-134.692 -20911.969|-136.481 -20911.947|-167.449 -20911.725|-167.358 -20914.116|-167.071 -20916.484|-166.596 -20918.819|-165.932 -20921.121
202 CREEKSIDE DR SW,-449.682 -20918.819|-417.421 -20918.819|-417.477 -20910.691|-449.745 -20910.691|-449.703 -20916.829
259 CREEKSIDE WY SW,-216.089 -20914.104|-183.331 -20914.104|-183.324 -20902.518|-216.082 -20902.518
46 CREEKSIDE HE SW,-248.846 -20914.104|-216.089 -20914.104|-216.082 -20902.518|-248.839 -20902.507
198 CREEKSIDE DR SW,-449.745 -20910.691|-417.477 -20910.691|-417.449 -20902.562|-449.717 -20902.562|-449.731 -20904.564
254 CREEKSIDE WY SW,-134.692 -20911.969|-134.685 -20898.359|-167.442 -20898.348|-167.449 -20911.725|-136.481 -20911.947
194 CREEKSIDE DR SW,-449.717 -20902.562|-417.449 -20902.562|-417.338 -20894.434|-449.606 -20894.434|-449.696 -20900.561
255 CREEKSIDE WY SW,-183.324 -20902.518|-183.317 -20890.920|-216.075 -20890.920|-216.082 -20902.518
42 CREEKSIDE HE SW,-248.839 -20902.507|-216.082 -20902.518|-216.075 -20890.920|-248.832 -20890.920
250 CREEKSIDE WY SW,-167.442 -20898.348|-134.685 -20898.359|-134.678 -20886.773|-167.435 -20886.750
190 CREEKSIDE DR SW,-449.606 -20894.434|-417.338 -20894.434|-417.135 -20886.306|-449.410 -20886.306|-449.466 -20888.296
251 CREEKSIDE WY SW,-216.075 -20890.920|-183.317 -20890.920|-183.310 -20879.334|-216.068 -20879.323
38 CREEKSIDE HE SW,-248.832 -20890.920|-216.075 -20890.920|-216.068 -20879.323|-248.825 -20879.323
186 CREEKSIDE DR SW,-449.410 -20886.306|-417.135 -20886.306|-416.841 -20878.177|-449.130 -20878.166|-449.347 -20884.304
246 CREEKSIDE WY SW,-167.428 -20873.307|-167.435 -20886.750|-134.678 -20886.773|-134.671 -20873.329
182 CREEKSIDE DR SW,-449.130 -20878.166|-416.841 -20878.177|-416.464 -20870.038|-448.767 -20870.038|-448.865 -20872.039
247 CREEKSIDE WY SW,-216.068 -20879.323|-183.310 -20879.334|-183.303 -20867.736|-216.061 -20867.736
34 CREEKSIDE HE SW,-216.061 -20867.736|-248.818 -20867.736|-248.825 -20879.323|-216.068 -20879.323
178 CREEKSIDE DR SW,-448.767 -20870.038|-416.464 -20870.038|-416.002 -20861.910|-448.326 -20861.910|-448.669 -20868.047
242 CREEKSIDE WY SW,-167.428 -20873.307|-134.671 -20873.329|-134.664 -20859.886|-167.421 -20859.864
243 CREEKSIDE WY SW,-183.303 -20867.736|-183.296 -20856.150|-216.054 -20856.139|-216.061 -20867.736
30 CREEKSIDE HE SW,-248.818 -20867.736|-216.061 -20867.736|-216.054 -20856.139|-248.811 -20856.139
174 CREEKSIDE DR SW,-448.326 -20861.910|-416.002 -20861.910|-415.443 -20853.781|-447.795 -20853.781|-447.928 -20855.772
238 CREEKSIDE WY SW,-167.421 -20859.864|-134.664 -20859.886|-134.657 -20848.299|-167.414 -20848.277
170 CREEKSIDE DR SW,-447.795 -20853.781|-415.443 -20853.781|-414.807 -20845.653|-447.180 -20845.653|-447.648 -20851.791
239 CREEKSIDE WY SW,-216.054 -20856.139|-183.296 -20856.150|-183.289 -20844.552|-216.047 -20844.552
26 CREEKSIDE HE SW,-248.811 -20856.139|-216.054 -20856.139|-216.047 -20844.552|-248.804 -20844.541
166 CREEKSIDE DR SW,-446.481 -20837.524|-446.656 -20839.515|-447.180 -20845.653|-414.807 -20845.653|-414.129 -20838.058|-414.073 -20837.524
234 CREEKSIDE WY SW,-167.414 -20848.277|-134.657 -20848.299|-134.643 -20834.856|-167.407 -20834.834
235 CREEKSIDE WY SW,-216.047 -20844.552|-183.289 -20844.552|-183.282 -20832.954|-216.040 -20832.954
22 CREEKSIDE HE SW,-248.797 -20832.954|-248.804 -20844.541|-216.047 -20844.552|-216.040 -20832.954
162 CREEKSIDE DR SW,-446.481 -20837.524|-414.073 -20837.524|-413.304 -20829.396|-445.712 -20829.385|-446.243 -20834.978|-446.292 -20835.534
230 CREEKSIDE WY SW,-167.407 -20834.834|-134.643 -20834.856|-134.636 -20821.412|-167.393 -20821.390
231 CREEKSIDE WY SW,-183.282 -20832.954|-183.275 -20821.368|-216.033 -20821.368|-216.040 -20832.954
18 CREEKSIDE HE SW,-248.797 -20832.954|-216.040 -20832.954|-216.033 -20821.368|-248.790 -20821.357
158 CREEKSIDE DR SW,-445.712 -20829.385|-413.304 -20829.396|-412.542 -20821.257|-444.950 -20821.257
154 CREEKSIDE DR SW,-444.950 -20821.257|-412.542 -20821.257|-411.773 -20813.128|-444.181 -20813.128
226 CREEKSIDE WY SW,-167.393 -20821.390|-134.636 -20821.412|-134.629 -20809.815|-167.386 -20809.792
227 CREEKSIDE WY SW,-216.033 -20821.368|-183.275 -20821.368|-183.268 -20809.770|-216.026 -20809.770
14 CREEKSIDE HE SW,-248.790 -20821.357|-216.033 -20821.368|-216.026 -20809.770|-248.783 -20809.770
150 CREEKSIDE DR SW,-444.181 -20813.128|-411.773 -20813.128|-411.004 -20805.000|-443.412 -20805.000
223 CREEKSIDE WY SW,-216.026 -20809.770|-183.268 -20809.770|-183.261 -20801.386|-185.645 -20798.984|-187.728 -20796.894|-215.425 -20796.883|-216.019 -20796.883
10 CREEKSIDE HE SW,-248.783 -20809.770|-216.026 -20809.770|-216.019 -20796.883|-217.808 -20796.883|-244.309 -20796.883|-246.392 -20798.984|-248.783 -20801.386
146 CREEKSIDE DR SW,-443.412 -20805.000|-411.004 -20805.000|-410.235 -20796.872|-438.176 -20796.872|-443.062 -20801.342
222 CREEKSIDE WY SW,-134.629 -20809.815|-134.622 -20796.382|-167.379 -20796.360|-167.386 -20809.792
218 CREEKSIDE WY SW,-134.615 -20783.639|-164.988 -20783.617|-167.372 -20783.617|-167.379 -20796.360|-134.622 -20796.382|-134.615 -20785.141
136 CREEKSIDE DR SW,-436.729 -20780.882|-408.823 -20780.882|-408.550 -20777.490|-408.012 -20770.163|-440.357 -20770.163|-440.504 -20772.153|-440.832 -20776.401
210 CREEKSIDE WY SW,-134.608 -20780.637|-134.608 -20779.136|-134.601 -20767.894|-167.365 -20767.872|-167.372 -20779.114|-167.372 -20780.615
31 CREEKSIDE GV SW,-401.854 -20780.882|-396.394 -20780.882|-373.458 -20780.882|-371.221 -20778.802|-368.649 -20776.401|-368.048 -20767.716|-400.882 -20767.716|-401.588 -20777.490
132 CREEKSIDE DR SW,-440.357 -20770.163|-408.012 -20770.163|-407.488 -20762.246|-439.819 -20762.246|-440.217 -20768.172
27 CREEKSIDE GV SW,-400.882 -20767.716|-368.048 -20767.716|-367.425 -20757.342|-400.239 -20757.342
206 CREEKSIDE WY SW,-134.601 -20767.894|-134.594 -20756.308|-167.358 -20756.285|-167.365 -20767.872
128 CREEKSIDE DR SW,-439.819 -20762.246|-407.488 -20762.246|-407.027 -20754.328|-439.337 -20754.328|-439.455 -20756.319
100 CREEKSIDE GR SW,-195.537 -20780.904|-187.714 -20780.904|-183.247 -20776.412|-183.247 -20773.009|-183.226 -20749.736|-183.226 -20747.935|-195.537 -20747.935
96 CREEKSIDE GR SW,-206.456 -20780.904|-195.537 -20780.904|-195.537 -20747.935|-195.935 -20747.935|-206.456 -20747.935
92 CREEKSIDE GR SW,-217.976 -20780.904|-206.456 -20780.904|-206.456 -20747.935|-206.854 -20747.935|-217.773 -20747.935|-217.969 -20747.935
88 CREEKSIDE GR SW,-228.895 -20780.904|-217.976 -20780.904|-217.969 -20747.935|-228.692 -20747.935|-228.888 -20747.935
84 CREEKSIDE GR SW,-228.895 -20780.904|-228.888 -20747.935|-239.612 -20747.935|-240.409 -20747.935|-240.409 -20780.893
80 CREEKSIDE GR SW,-251.328 -20780.893|-240.409 -20780.893|-240.409 -20747.935|-250.531 -20747.935|-251.328 -20747.935
76 CREEKSIDE GR SW,-262.841 -20780.893|-251.328 -20780.893|-251.328 -20747.935|-261.450 -20747.935|-262.841 -20747.935
72 CREEKSIDE GR SW,-262.841 -20780.893|-262.841 -20747.935|-272.369 -20747.935|-273.760 -20747.935|-273.760 -20780.893
68 CREEKSIDE GR SW,-284.679 -20780.893|-273.760 -20780.893|-273.760 -20747.935|-283.288 -20747.924|-284.679 -20747.924
64 CREEKSIDE GR SW,-295.598 -20780.893|-284.679 -20780.893|-284.679 -20747.924|-294.207 -20747.924|-295.598 -20747.924
60 CREEKSIDE GR SW,-295.598 -20780.893|-295.598 -20747.924|-305.126 -20747.924|-306.517 -20747.924|-306.524 -20780.893
56 CREEKSIDE GR SW,-317.444 -20780.893|-306.524 -20780.893|-306.517 -20747.924|-316.045 -20747.924|-317.437 -20747.924
52 CREEKSIDE GR SW,-328.363 -20780.893|-317.444 -20780.893|-317.437 -20747.924|-326.972 -20747.924|-328.356 -20747.924
48 CREEKSIDE GR SW,-328.363 -20780.893|-328.356 -20747.924|-337.891 -20747.924|-339.275 -20747.924|-339.282 -20780.893
44 CREEKSIDE GR SW,-348.593 -20780.893|-339.282 -20780.893|-339.275 -20747.924|-351.047 -20747.924|-351.131 -20749.725|-351.753 -20761.434|-352.501 -20773.132|-352.732 -20776.401
23 CREEKSIDE GV SW,-400.239 -20757.342|-367.425 -20757.342|-366.901 -20746.967|-399.694 -20746.967
124 CREEKSIDE DR SW,-439.337 -20754.328|-407.027 -20754.328|-406.621 -20746.411|-438.924 -20746.411|-439.232 -20752.327
202 CREEKSIDE WY SW,-134.594 -20756.308|-134.587 -20744.710|-167.351 -20744.688|-167.358 -20756.285
120 CREEKSIDE DR SW,-438.924 -20746.411|-406.621 -20746.411|-406.286 -20738.494|-438.575 -20738.483|-438.651 -20740.485
19 CREEKSIDE GV SW,-399.694 -20746.967|-366.901 -20746.967|-366.475 -20736.593|-399.260 -20736.593
198 CREEKSIDE WY SW,-134.587 -20744.710|-134.580 -20731.289|-167.337 -20731.278|-167.351 -20744.688
116 CREEKSIDE DR SW,-438.575 -20738.483|-406.286 -20738.494|-406.006 -20730.566|-438.281 -20730.566|-438.491 -20736.493
15 CREEKSIDE GV SW,-366.153 -20726.218|-398.925 -20726.218|-399.260 -20736.593|-366.475 -20736.593
112 CREEKSIDE DR SW,-438.281 -20730.566|-406.006 -20730.566|-405.782 -20722.649|-438.057 -20722.649|-438.106 -20724.651
194 CREEKSIDE WY SW,-134.573 -20719.702|-167.330 -20719.680|-167.337 -20731.278|-134.580 -20731.289
97 CREEKSIDE AV SW,-195.537 -20747.935|-183.226 -20747.935|-183.226 -20747.334|-183.212 -20722.860|-183.212 -20719.469|-187.679 -20714.977|-195.928 -20714.977|-195.935 -20747.935
93 CREEKSIDE AV SW,-206.456 -20747.935|-195.935 -20747.935|-195.928 -20714.977|-206.847 -20714.965|-206.854 -20747.935
89 CREEKSIDE AV SW,-217.766 -20714.965|-217.773 -20747.935|-206.854 -20747.935|-206.847 -20714.965
85 CREEKSIDE AV SW,-217.969 -20747.935|-217.773 -20747.935|-217.766 -20714.965|-228.685 -20714.965|-228.692 -20747.935
81 CREEKSIDE AV SW,-228.888 -20747.935|-228.692 -20747.935|-228.685 -20714.965|-239.605 -20714.965|-239.612 -20747.935
77 CREEKSIDE AV SW,-239.612 -20747.935|-239.605 -20714.965|-250.531 -20714.965|-250.531 -20747.935|-240.409 -20747.935
73 CREEKSIDE AV SW,-251.328 -20747.935|-250.531 -20747.935|-250.531 -20714.965|-261.450 -20714.965|-261.450 -20747.935
69 CREEKSIDE AV SW,-262.841 -20747.935|-261.450 -20747.935|-261.450 -20714.965|-272.369 -20714.965|-272.369 -20747.935
65 CREEKSIDE AV SW,-272.369 -20747.935|-272.369 -20714.965|-283.288 -20714.965|-283.288 -20747.924|-273.760 -20747.935
61 CREEKSIDE AV SW,-284.679 -20747.924|-283.288 -20747.924|-283.288 -20714.965|-294.207 -20714.965|-294.207 -20747.924
57 CREEKSIDE AV SW,-295.598 -20747.924|-294.207 -20747.924|-294.207 -20714.965|-305.126 -20714.965|-305.126 -20747.924
53 CREEKSIDE AV SW,-306.517 -20747.924|-305.126 -20747.924|-305.126 -20714.965|-316.045 -20714.965|-316.045 -20747.924
49 CREEKSIDE AV SW,-317.437 -20747.924|-316.045 -20747.924|-316.045 -20714.965|-326.965 -20714.954|-326.972 -20747.924
45 CREEKSIDE AV SW,-328.356 -20747.924|-326.972 -20747.924|-326.965 -20714.954|-337.884 -20714.954|-337.891 -20747.924
41 CREEKSIDE AV SW,-339.275 -20747.924|-337.891 -20747.924|-337.884 -20714.954|-345.566 -20714.954|-350.117 -20719.458|-350.187 -20722.894|-350.537 -20735.114|-351.019 -20747.323|-351.047 -20747.924
11 CREEKSIDE GV SW,-398.925 -20726.218|-366.153 -20726.218|-365.999 -20719.458|-368.334 -20717.056|-370.382 -20714.954|-398.680 -20714.954
108 CREEKSIDE DR SW,-438.057 -20722.649|-405.782 -20722.649|-405.628 -20714.954|-433.430 -20714.954|-437.980 -20719.447|-438.008 -20720.647
190 CREEKSIDE WY SW,-134.573 -20719.702|-134.566 -20708.105|-167.323 -20708.094|-167.330 -20719.680
186 CREEKSIDE WY SW,-167.323 -20708.094|-134.566 -20708.105|-134.559 -20696.518|-167.316 -20696.496
180 CREEKSIDE WY SW,-134.559 -20696.518|-134.552 -20683.097|-167.309 -20683.075|-167.316 -20696.496
178 CREEKSIDE WY SW,-134.552 -20683.097|-134.545 -20671.510|-167.302 -20671.488|-167.309 -20683.075
98 CREEKSIDE AV SW,-187.665 -20698.987|-185.282 -20696.585|-183.198 -20694.483|-183.177 -20666.062|-183.177 -20664.261|-195.460 -20664.261|-195.460 -20698.987
94 CREEKSIDE AV SW,-206.379 -20698.987|-195.460 -20698.987|-195.460 -20664.261|-206.379 -20664.261
90 CREEKSIDE AV SW,-217.298 -20698.987|-206.379 -20698.987|-206.379 -20664.261|-217.298 -20664.261
86 CREEKSIDE AV SW,-228.224 -20698.987|-217.298 -20698.987|-217.298 -20664.261|-228.217 -20664.249
82 CREEKSIDE AV SW,-239.136 -20664.249|-239.143 -20698.976|-228.224 -20698.987|-228.217 -20664.249
78 CREEKSIDE AV SW,-250.062 -20698.976|-239.143 -20698.976|-239.136 -20664.249|-250.055 -20664.249
74 CREEKSIDE AV SW,-260.982 -20698.976|-250.062 -20698.976|-250.055 -20664.249|-260.975 -20664.249
70 CREEKSIDE AV SW,-271.901 -20698.976|-260.982 -20698.976|-260.975 -20664.249|-271.901 -20664.249
66 CREEKSIDE AV SW,-282.820 -20698.976|-271.901 -20698.976|-271.901 -20664.249|-282.820 -20664.249
62 CREEKSIDE AV SW,-293.739 -20698.976|-282.820 -20698.976|-282.820 -20664.249|-293.739 -20664.249
58 CREEKSIDE AV SW,-304.658 -20698.976|-293.739 -20698.976|-293.739 -20664.249|-304.658 -20664.249
54 CREEKSIDE AV SW,-315.577 -20698.976|-304.658 -20698.976|-304.658 -20664.249|-315.577 -20664.249
50 CREEKSIDE AV SW,-326.496 -20698.976|-315.577 -20698.976|-315.577 -20664.249|-326.496 -20664.249
46 CREEKSIDE AV SW,-336.821 -20698.976|-326.496 -20698.976|-326.496 -20664.249|-336.821 -20664.249
42 CREEKSIDE AV SW,-345.440 -20698.976|-336.821 -20698.976|-336.821 -20664.249|-349.907 -20664.249|-349.907 -20666.040|-349.907 -20691.081|-349.907 -20694.472
174 CREEKSIDE WY SW,-167.302 -20671.488|-134.545 -20671.510|-134.538 -20659.913|-167.295 -20659.891
170 CREEKSIDE WY SW,-134.538 -20659.913|-134.524 -20648.326|-167.288 -20648.304|-167.295 -20659.891
166 CREEKSIDE WY SW,-134.524 -20648.326|-134.517 -20637.351|-134.517 -20635.350|-162.961 -20635.305|-165.450 -20635.305|-165.617 -20635.795|-166.344 -20638.174|-166.862 -20640.598|-167.176 -20643.067|-167.288 -20645.546|-167.288 -20648.304
141 CREEKSIDE WY SW,-195.460 -20664.261|-183.177 -20664.261|-183.177 -20663.660|-183.157 -20634.027|-185.240 -20631.925|-187.623 -20629.534|-195.453 -20629.534
137 CREEKSIDE WY SW,-206.379 -20664.261|-195.460 -20664.261|-195.453 -20629.534|-206.372 -20629.523
133 CREEKSIDE WY SW,-217.298 -20629.523|-217.298 -20664.261|-206.379 -20664.261|-206.372 -20629.523
129 CREEKSIDE WY SW,-228.217 -20664.249|-217.298 -20664.261|-217.298 -20629.523|-228.217 -20629.523
125 CREEKSIDE WY SW,-239.136 -20664.249|-228.217 -20664.249|-228.217 -20629.523|-239.136 -20629.523
121 CREEKSIDE WY SW,-250.055 -20664.249|-239.136 -20664.249|-239.136 -20629.523|-250.055 -20629.523
117 CREEKSIDE WY SW,-260.975 -20664.249|-250.055 -20664.249|-250.055 -20629.523|-260.975 -20629.523
113 CREEKSIDE WY SW,-271.901 -20664.249|-260.975 -20664.249|-260.975 -20629.523|-271.894 -20629.523
109 CREEKSIDE WY SW,-282.820 -20664.249|-271.901 -20664.249|-271.894 -20629.523|-282.813 -20629.523
105 CREEKSIDE WY SW,-293.739 -20664.249|-282.820 -20664.249|-282.813 -20629.523|-293.732 -20629.523
101 CREEKSIDE WY SW,-304.658 -20664.249|-293.739 -20664.249|-293.732 -20629.523|-304.651 -20629.523
97 CREEKSIDE WY SW,-315.577 -20664.249|-304.658 -20664.249|-304.651 -20629.523|-315.577 -20629.523
93 CREEKSIDE WY SW,-326.496 -20664.249|-315.577 -20664.249|-315.577 -20629.523|-326.496 -20629.523
89 CREEKSIDE WY SW,-336.821 -20664.249|-326.496 -20664.249|-326.496 -20629.523|-336.814 -20629.512
85 CREEKSIDE WY SW,-349.907 -20664.249|-336.821 -20664.249|-336.814 -20629.512|-345.433 -20629.512|-347.817 -20631.914|-349.900 -20634.016|-349.907 -20663.649
158 CREEKSIDE WY SW,-164.548 -20629.312|-162.164 -20629.312|-134.517 -20629.356|-134.517 -20627.355|-134.503 -20604.716|-166.554 -20621.061|-165.701 -20623.029|-165.079 -20625.075|-164.695 -20627.177
154 CREEKSIDE WY SW,-166.554 -20621.061|-134.503 -20604.716|-134.482 -20582.365|-134.482 -20580.575|-143.031 -20580.575|-171.315 -20615.079|-169.896 -20616.380|-168.623 -20617.826|-167.505 -20619.393
150 CREEKSIDE WY SW,-143.031 -20580.575|-167.064 -20580.564|-177.312 -20611.743|-175.705 -20612.366|-174.160 -20613.133|-172.692 -20614.045|-171.315 -20615.079
146 CREEKSIDE WY SW,-177.312 -20611.743|-167.064 -20580.564|-182.506 -20580.564|-185.561 -20610.954|-183.478 -20610.798|-181.395 -20610.876|-179.326 -20611.198
142 CREEKSIDE WY SW,-194.956 -20613.255|-192.125 -20612.699|-189.364 -20611.865|-187.491 -20611.310|-185.561 -20610.954|-182.506 -20580.564|-194.956 -20580.564
138 CREEKSIDE WY SW,-206.477 -20613.545|-199.053 -20613.545|-196.998 -20613.467|-194.956 -20613.255|-194.956 -20580.564|-206.470 -20580.564
134 CREEKSIDE WY SW,-216.802 -20613.545|-206.477 -20613.545|-206.470 -20580.564|-216.795 -20580.564
130 CREEKSIDE WY SW,-216.802 -20613.545|-216.795 -20580.564|-227.120 -20580.564|-227.120 -20613.545
126 CREEKSIDE WY SW,-237.445 -20613.545|-227.120 -20613.545|-227.120 -20580.564|-237.445 -20580.564
122 CREEKSIDE WY SW,-248.965 -20613.533|-237.445 -20613.545|-237.445 -20580.564|-248.958 -20580.564
118 CREEKSIDE WY SW,-259.290 -20613.533|-248.965 -20613.533|-248.958 -20580.564|-259.283 -20580.553
114 CREEKSIDE WY SW,-259.283 -20580.553|-269.608 -20580.553|-269.608 -20613.533|-259.290 -20613.533
110 CREEKSIDE WY SW,-279.933 -20613.533|-269.608 -20613.533|-269.608 -20580.553|-279.933 -20580.553
106 CREEKSIDE WY SW,-291.453 -20613.533|-279.933 -20613.533|-279.933 -20580.553|-291.446 -20580.553
102 CREEKSIDE WY SW,-301.778 -20613.533|-291.453 -20613.533|-291.446 -20580.553|-301.771 -20580.553
98 CREEKSIDE WY SW,-312.096 -20580.553|-312.096 -20613.533|-301.778 -20613.533|-301.771 -20580.553
94 CREEKSIDE WY SW,-322.421 -20613.533|-312.096 -20613.533|-312.096 -20580.553|-322.421 -20580.553
90 CREEKSIDE WY SW,-333.941 -20613.533|-322.421 -20613.533|-322.421 -20580.553|-333.934 -20580.553
86 CREEKSIDE WY SW,-344.266 -20613.533|-333.941 -20613.533|-333.934 -20580.553|-344.259 -20580.553
82 CREEKSIDE WY SW,-354.584 -20580.553|-354.584 -20613.533|-344.266 -20613.533|-344.259 -20580.553
78 CREEKSIDE WY SW,-365.783 -20613.533|-354.584 -20613.533|-354.584 -20580.553|-365.783 -20580.553|-365.783 -20582.354|-365.783 -20611.132
156 CREEKSTONE SQ SW,642.978 -20892.777|643.488 -20892.455|652.674 -20886.561|657.931 -20843.084|655.246 -20843.384|652.548 -20843.296|651.038 -20843.062|633.855 -20883.303|635.002 -20884.427|635.128 -20884.560|635.219 -20884.649|636.309 -20885.727|639.700 -20889.197
160 CREEKSTONE SQ SW,652.674 -20886.561|654.296 -20885.516|670.430 -20875.164|664.369 -20840.538|661.999 -20841.805|659.469 -20842.728|657.931 -20843.084
152 CREEKSTONE SQ SW,621.685 -20869.037|622.454 -20870.082|622.615 -20870.283|623.356 -20871.272|625.879 -20874.463|628.508 -20877.566|629.514 -20878.700|633.855 -20883.303|651.038 -20843.062|648.424 -20842.339|645.942 -20841.250|644.649 -20840.482
164 CREEKSTONE SQ SW,669.514 -20835.712|668.843 -20836.524|667.368 -20838.147|665.711 -20839.593|664.369 -20840.538|670.430 -20875.164|671.786 -20874.297|684.788 -20865.946
148 CREEKSTONE SQ SW,612.940 -20855.193|613.178 -20855.638|613.674 -20856.517|617.029 -20862.176|617.833 -20863.444|621.685 -20869.037|644.649 -20840.482|642.461 -20838.837|640.545 -20836.880|639.637 -20835.701
168 CREEKSTONE SQ SW,693.834 -20860.142|677.113 -20832.232|675.882 -20830.186|673.107 -20832.198|670.583 -20834.533|669.514 -20835.712|684.788 -20865.946|686.046 -20865.145
144 CREEKSTONE SQ SW,606.488 -20841.305|607.047 -20842.695|608.529 -20846.220|609.144 -20847.577|610.759 -20850.979|612.472 -20854.326|612.940 -20855.193|639.637 -20835.701|638.211 -20833.366|637.148 -20830.842|636.736 -20829.396
172 CREEKSTONE SQ SW,693.834 -20860.142|695.092 -20859.341|701.859 -20854.993|684.467 -20827.517|683.180 -20825.493|677.141 -20829.374|675.882 -20830.186|677.113 -20832.232
140 CREEKSTONE SQ SW,606.488 -20841.305|636.736 -20829.396|636.316 -20827.094|636.183 -20824.759|636.176 -20823.914|636.113 -20822.402|602.266 -20828.462|602.475 -20829.240|602.671 -20829.908|602.881 -20830.686|603.985 -20834.278|605.195 -20837.836|605.705 -20839.248
176 CREEKSTONE SQ SW,701.859 -20854.993|703.110 -20854.193|709.339 -20850.190|691.946 -20822.713|690.667 -20820.690|684.439 -20824.693|683.180 -20825.493|684.467 -20827.517
180 CREEKSTONE SQ SW,709.339 -20850.190|710.597 -20849.389|716.825 -20845.386|698.147 -20815.897|691.918 -20819.889|690.667 -20820.690|691.946 -20822.713
136 CREEKSTONE SQ SW,602.266 -20828.462|636.113 -20822.402|635.827 -20819.889|635.330 -20817.420|634.988 -20816.019|634.666 -20814.540|599.749 -20816.976|600.015 -20818.455|600.392 -20820.467|600.693 -20821.935
184 CREEKSTONE SQ SW,716.825 -20845.386|718.077 -20844.585|724.913 -20840.193|727.766 -20838.370|711.492 -20812.661|705.319 -20811.294|701.293 -20813.873|699.405 -20815.085|698.147 -20815.897
132 CREEKSTONE SQ SW,599.749 -20816.976|634.666 -20814.540|633.639 -20808.681|628.655 -20804.210|620.811 -20804.199|598.861 -20804.188|598.260 -20804.188|598.554 -20807.880|598.952 -20811.549|599.148 -20813.039
192 CREEKSTONE SQ SW,746.591 -20826.283|747.674 -20825.582|751.023 -20823.269|754.273 -20820.801|757.419 -20818.210|760.446 -20815.486|733.029 -20790.044|730.513 -20792.680|729.674 -20799.563|744.990 -20823.759
196 CREEKSTONE SQ SW,760.446 -20815.486|764.060 -20811.905|767.478 -20808.136|737.601 -20784.618|735.371 -20787.376|733.029 -20790.044
200 CREEKSTONE SQ SW,767.478 -20808.136|770.575 -20804.355|773.476 -20800.408|741.572 -20779.080|739.642 -20781.894|737.601 -20784.618
114 CREEKSTONE SQ SW,598.015 -20788.210|598.623 -20788.198|628.305 -20788.221|632.779 -20783.728|632.779 -20778.925|632.779 -20776.634|632.786 -20775.133|598.036 -20775.111|598.022 -20776.712|598.022 -20778.213|598.029 -20784.796
204 CREEKSTONE SQ SW,773.476 -20800.408|776.182 -20796.316|778.670 -20792.079|745.102 -20773.254|743.396 -20776.200|741.572 -20779.080
208 CREEKSTONE SQ SW,778.670 -20792.079|780.949 -20787.731|782.997 -20783.272|748.171 -20767.160|746.696 -20770.240|745.102 -20773.254
110 CREEKSTONE SQ SW,598.036 -20775.111|632.786 -20775.133|632.786 -20767.638|632.793 -20766.137|598.043 -20766.115|598.029 -20767.171|598.043 -20767.616|598.029 -20768.661
212 CREEKSTONE SQ SW,750.764 -20760.844|749.527 -20764.036|748.171 -20767.160|782.997 -20783.272|784.822 -20778.713|786.409 -20774.077
106 CREEKSTONE SQ SW,598.043 -20766.115|632.793 -20766.137|632.793 -20758.710|632.800 -20757.208|598.050 -20757.175|598.036 -20757.620|598.050 -20758.676|598.036 -20759.121
216 CREEKSTONE SQ SW,786.409 -20774.077|787.758 -20769.362|788.862 -20764.603|752.861 -20754.351|751.876 -20757.620|750.764 -20760.844
102 CREEKSTONE SQ SW,632.807 -20748.268|598.057 -20748.246|598.057 -20749.747|598.050 -20757.175|632.800 -20757.208|632.800 -20749.769
220 CREEKSTONE SQ SW,788.862 -20764.603|789.729 -20759.799|790.344 -20754.962|754.448 -20747.712|753.721 -20751.048|752.861 -20754.351
224 CREEKSTONE SQ SW,790.855 -20745.122|755.518 -20741.007|755.049 -20744.365|754.448 -20747.712|790.344 -20754.962|790.722 -20750.148|790.855 -20745.322
98 CREEKSTONE SQ SW,598.057 -20748.246|632.807 -20748.268|632.807 -20740.840|632.814 -20739.339|598.064 -20739.306|598.050 -20740.029|598.064 -20740.807|598.043 -20748.079
228 CREEKSTONE SQ SW,756.070 -20734.169|755.860 -20737.594|755.518 -20741.007|790.855 -20745.122|790.883 -20735.659
94 CREEKSTONE SQ SW,598.064 -20739.306|632.814 -20739.339|632.814 -20733.190|632.793 -20732.112|632.702 -20730.599|598.071 -20729.788|598.057 -20730.488|598.071 -20731.289|598.050 -20738.539
232 CREEKSTONE SQ SW,756.154 -20730.688|756.070 -20734.169|790.883 -20735.659|790.904 -20727.141|756.161 -20727.108
90 CREEKSTONE SQ SW,598.071 -20729.788|632.702 -20730.599|632.367 -20728.020|631.793 -20725.462|631.297 -20723.794|598.085 -20715.588|598.085 -20717.134|598.071 -20719.447|598.078 -20720.948|598.064 -20728.987
236 CREEKSTONE SQ SW,790.904 -20727.141|790.932 -20719.324|790.932 -20718.023|787.954 -20718.023|760.656 -20718.001|756.175 -20722.493|756.161 -20727.108
29 CREEKSTONE SQ SW,728.751 -20752.505|734.316 -20752.516|736.825 -20752.516|737.370 -20750.715|738.622 -20745.789|739.531 -20740.785|740.076 -20735.726|740.272 -20730.644|740.286 -20725.874|740.292 -20722.482|735.840 -20717.990|728.779 -20717.979|728.758 -20750.715
33 CREEKSTONE SQ SW,719.174 -20752.505|727.262 -20752.505|728.751 -20752.505|728.758 -20750.715|728.779 -20717.979|727.290 -20717.979|719.202 -20717.979|719.174 -20750.703
37 CREEKSTONE SQ SW,719.202 -20717.979|717.706 -20717.968|709.618 -20717.968|709.597 -20750.692|709.590 -20752.494|717.685 -20752.505|719.174 -20752.505|719.174 -20750.703
41 CREEKSTONE SQ SW,700.013 -20752.483|708.101 -20752.494|709.590 -20752.494|709.597 -20750.692|709.618 -20717.968|708.129 -20717.968|700.034 -20717.957|700.013 -20750.692
45 CREEKSTONE SQ SW,700.034 -20717.957|698.545 -20717.957|690.457 -20717.957|690.429 -20750.681|690.429 -20752.483|698.517 -20752.483|700.013 -20752.483|700.013 -20750.692
49 CREEKSTONE SQ SW,680.852 -20752.471|688.940 -20752.483|690.429 -20752.483|690.429 -20750.681|690.457 -20717.957|688.968 -20717.945|680.873 -20717.945|680.852 -20750.670
53 CREEKSTONE SQ SW,680.873 -20717.945|679.384 -20717.945|671.296 -20717.934|671.269 -20752.471|679.357 -20752.471|680.852 -20752.471|680.852 -20750.670
57 CREEKSTONE SQ SW,661.692 -20752.460|669.780 -20752.460|671.269 -20752.471|671.296 -20717.934|669.801 -20717.934|661.713 -20717.934
61 CREEKSTONE SQ SW,648.703 -20722.415|648.682 -20750.648|648.682 -20752.449|660.196 -20752.460|661.692 -20752.460|661.713 -20717.934|660.224 -20717.934|653.177 -20717.923|650.786 -20720.325
86 CREEKSTONE SQ SW,630.451 -20715.977|598.092 -20701.900|598.085 -20703.056|598.092 -20703.535|598.078 -20710.507|598.078 -20711.997|598.085 -20715.588|631.297 -20723.794|630.864 -20722.271|630.556 -20720.725|630.381 -20719.146|630.346 -20717.567
10 CREEKSTONE PH SW,760.698 -20702.022|787.996 -20702.033|790.980 -20702.045|790.980 -20700.744|791.001 -20692.537|756.259 -20692.515|756.245 -20697.519
82 CREEKSTONE SQ SW,632.457 -20709.317|598.113 -20680.673|598.106 -20682.619|598.099 -20683.064|598.099 -20684.565|598.092 -20692.615|598.092 -20701.900|630.451 -20715.977|630.926 -20713.298|631.793 -20710.718
14 CREEKSTONE PH SW,756.259 -20692.515|791.001 -20692.537|791.022 -20685.843|756.280 -20685.810
18 CREEKSTONE PH SW,756.280 -20685.810|791.022 -20685.843|791.043 -20678.527|756.301 -20678.505
22 CREEKSTONE PH SW,756.301 -20678.505|791.043 -20678.527|791.064 -20671.221|756.322 -20671.188
30 CREEKSTONE SQ SW,728.716 -20701.989|731.107 -20702.000|735.888 -20702.000|740.362 -20697.508|740.453 -20667.619|740.453 -20667.029|729.017 -20667.018|728.744 -20667.018
34 CREEKSTONE SQ SW,719.845 -20701.989|727.227 -20701.989|728.716 -20701.989|728.744 -20667.018|727.528 -20667.018|727.248 -20667.018|720.146 -20667.007|719.866 -20667.007
38 CREEKSTONE SQ SW,719.845 -20701.989|719.866 -20667.007|718.650 -20667.007|718.377 -20667.007|710.995 -20667.007|710.967 -20701.978|718.349 -20701.989
42 CREEKSTONE SQ SW,702.090 -20701.978|709.478 -20701.978|710.967 -20701.978|710.995 -20667.007|710.660 -20667.007|709.499 -20666.996|709.171 -20666.996|702.117 -20666.996
46 CREEKSTONE SQ SW,693.219 -20701.967|700.601 -20701.978|702.090 -20701.978|702.117 -20666.996|701.181 -20666.996|700.629 -20666.996|699.692 -20666.996|693.240 -20666.985
50 CREEKSTONE SQ SW,684.341 -20701.956|691.723 -20701.967|693.219 -20701.967|693.240 -20666.985|692.310 -20666.985|691.751 -20666.985|690.814 -20666.985|684.369 -20666.985
54 CREEKSTONE SQ SW,675.491 -20666.974|675.463 -20701.956|682.852 -20701.956|684.341 -20701.956|684.369 -20666.985|682.873 -20666.985|682.824 -20666.985|681.335 -20666.985
58 CREEKSTONE SQ SW,666.592 -20701.945|673.974 -20701.956|675.463 -20701.956|675.491 -20666.974|674.002 -20666.974|673.345 -20666.974|671.856 -20666.974|666.613 -20666.974
62 CREEKSTONE SQ SW,663.901 -20701.945|665.103 -20701.945|666.592 -20701.945|666.613 -20666.974|665.124 -20666.974|664.467 -20666.963|662.978 -20666.963|657.742 -20666.963|657.714 -20701.277|660.790 -20701.778
66 CREEKSTONE SQ SW,654.575 -20700.399|656.225 -20700.910|657.714 -20701.277|657.742 -20666.963|656.253 -20666.963|654.988 -20666.963|653.499 -20666.963|645.509 -20666.951|650.269 -20699.498|652.450 -20699.821
70 CREEKSTONE SQ SW,650.269 -20699.498|645.509 -20666.951|643.999 -20666.951|636.631 -20666.951|635.142 -20666.951|631.115 -20666.940|642.684 -20700.454|644.159 -20700.010|645.676 -20699.687|647.207 -20699.498|648.752 -20699.443
74 CREEKSTONE SQ SW,642.684 -20700.454|631.115 -20666.940|629.542 -20666.940|627.152 -20666.940|625.663 -20666.940|617.673 -20666.929|616.184 -20666.929|611.549 -20666.929|636.722 -20703.913|638.903 -20702.289|641.293 -20701.010
78 CREEKSTONE SQ SW,636.722 -20703.913|611.549 -20666.929|609.745 -20666.929|608.795 -20666.929|607.306 -20666.929|598.714 -20666.918|598.120 -20666.918|598.120 -20667.519|598.106 -20673.523|598.106 -20675.024|598.113 -20680.673|632.457 -20709.317|633.876 -20707.026|635.617 -20704.958
26 CREEKSTONE PH SW,756.322 -20671.188|791.064 -20671.221|791.085 -20664.516|756.343 -20664.494
30 CREEKSTONE PH SW,791.106 -20657.811|756.357 -20657.789|756.343 -20664.494|791.085 -20664.516
34 CREEKSTONE PH SW,756.357 -20657.789|791.106 -20657.811|791.127 -20650.506|756.378 -20650.483
38 CREEKSTONE PH SW,756.378 -20650.483|791.127 -20650.506|791.148 -20643.200|756.699 -20643.167|756.468 -20645.268|756.385 -20647.370
42 CREEKSTONE PH SW,756.699 -20643.167|791.148 -20643.200|791.162 -20636.495|758.384 -20636.473|757.943 -20637.985|757.202 -20640.554
73 CREEKSTONE PH SW,729.017 -20667.018|740.453 -20667.029|740.460 -20665.228|740.530 -20638.941|740.537 -20636.540|736.084 -20632.047|731.317 -20632.036|729.045 -20632.036
77 CREEKSTONE PH SW,720.146 -20667.007|727.248 -20667.018|727.528 -20667.018|728.744 -20667.018|729.017 -20667.018|729.045 -20632.036|727.556 -20632.036|720.167 -20632.025
81 CREEKSTONE PH SW,719.866 -20667.007|720.146 -20667.007|720.167 -20632.025|718.678 -20632.025|710.688 -20632.025|710.660 -20667.007|710.995 -20667.007|718.377 -20667.007|718.650 -20667.007
85 CREEKSTONE PH SW,702.117 -20666.996|709.171 -20666.996|709.499 -20666.996|710.660 -20667.007|710.688 -20632.025|709.199 -20632.025|701.209 -20632.014|701.181 -20666.996
89 CREEKSTONE PH SW,693.240 -20666.985|699.692 -20666.996|700.629 -20666.996|701.181 -20666.996|701.209 -20632.014|699.713 -20632.014|692.331 -20632.014|692.310 -20666.985
93 CREEKSTONE PH SW,684.369 -20666.985|690.814 -20666.985|691.751 -20666.985|692.310 -20666.985|692.331 -20632.014|690.842 -20632.014|682.852 -20632.003|682.824 -20666.985|682.873 -20666.985
97 CREEKSTONE PH SW,675.491 -20666.974|681.335 -20666.985|682.824 -20666.985|682.852 -20632.003|681.363 -20632.003|673.373 -20631.992|673.345 -20666.974|674.002 -20666.974
101 CREEKSTONE PH SW,664.495 -20631.992|664.467 -20666.963|665.124 -20666.963|666.613 -20666.974|671.856 -20666.974|673.345 -20666.974|673.373 -20631.992|671.877 -20631.992
105 CREEKSTONE PH SW,657.742 -20666.963|662.978 -20666.963|664.467 -20666.963|664.495 -20631.992|663.006 -20631.992|655.016 -20631.981|654.988 -20666.963|656.253 -20666.963
109 CREEKSTONE PH SW,645.509 -20666.951|653.499 -20666.963|654.988 -20666.963|655.016 -20631.981|653.520 -20631.981|645.530 -20631.981
113 CREEKSTONE PH SW,636.631 -20666.951|643.999 -20666.951|644.020 -20666.951|645.509 -20666.951|645.530 -20631.981|644.041 -20631.970|636.659 -20631.970
117 CREEKSTONE PH SW,627.152 -20666.940|629.542 -20666.940|631.115 -20666.940|635.142 -20666.951|636.631 -20666.951|636.659 -20631.970|635.170 -20631.970|627.173 -20631.958
121 CREEKSTONE PH SW,617.673 -20666.929|625.663 -20666.940|627.152 -20666.940|627.173 -20631.958|625.684 -20631.958|617.694 -20631.958
125 CREEKSTONE PH SW,617.694 -20631.958|616.205 -20631.958|608.816 -20631.947|608.795 -20666.929|609.745 -20666.929|611.549 -20666.929|616.184 -20666.929|617.673 -20666.929
129 CREEKSTONE PH SW,608.795 -20666.929|608.816 -20631.947|607.327 -20631.947|598.742 -20631.947|598.141 -20631.947|598.148 -20634.338|598.127 -20644.890|598.127 -20646.392|598.120 -20654.431|598.120 -20655.932|598.113 -20663.983|598.120 -20665.117|598.113 -20665.473|598.120 -20666.918|598.714 -20666.918|607.306 -20666.929
46 CREEKSTONE PH SW,758.384 -20636.473|791.162 -20636.495|791.190 -20628.656|791.190 -20627.310|758.838 -20630.335|758.915 -20631.881|758.866 -20633.426|758.684 -20634.950
50 CREEKSTONE PH SW,791.190 -20627.310|791.197 -20625.965|791.239 -20610.409|757.943 -20626.110|758.510 -20628.200|758.838 -20630.335
54 CREEKSTONE PH SW,757.943 -20626.110|791.239 -20610.409|791.288 -20593.563|785.402 -20591.995|755.776 -20621.706|757.007 -20623.841
62 CREEKSTONE PH SW,750.876 -20616.758|752.589 -20615.035|784.612 -20582.910|786.409 -20581.109|762.571 -20581.098|745.389 -20614.212|748.234 -20615.257
66 CREEKSTONE PH SW,745.389 -20614.212|762.571 -20581.098|760.886 -20581.098|746.947 -20581.087|738.531 -20613.678|741.208 -20613.578|743.879 -20613.867
70 CREEKSTONE PH SW,732.037 -20615.279|734.714 -20614.523|736.923 -20613.923|738.531 -20613.678|746.947 -20581.087|745.410 -20581.087|732.065 -20581.076
74 CREEKSTONE PH SW,723.201 -20616.046|725.382 -20616.046|727.975 -20615.935|730.541 -20615.591|732.037 -20615.279|732.065 -20581.076|730.569 -20581.076|723.229 -20581.065
78 CREEKSTONE PH SW,714.365 -20616.035|721.712 -20616.046|723.201 -20616.046|723.229 -20581.065|721.740 -20581.065|714.393 -20581.065
82 CREEKSTONE PH SW,705.529 -20616.035|712.876 -20616.035|714.365 -20616.035|714.393 -20581.065|712.904 -20581.065|705.557 -20581.053
86 CREEKSTONE PH SW,696.693 -20616.024|704.040 -20616.035|705.529 -20616.035|705.557 -20581.053|704.068 -20581.053|696.721 -20581.053
90 CREEKSTONE PH SW,696.693 -20616.024|696.721 -20581.053|695.232 -20581.042|687.885 -20581.042|687.857 -20616.024|695.204 -20616.024
94 CREEKSTONE PH SW,679.021 -20616.013|686.368 -20616.024|687.857 -20616.024|687.885 -20581.042|686.396 -20581.042|679.049 -20581.031
98 CREEKSTONE PH SW,670.185 -20616.002|677.532 -20616.013|679.021 -20616.013|679.049 -20581.031|677.560 -20581.031|670.213 -20581.031
102 CREEKSTONE PH SW,661.349 -20616.002|668.696 -20616.002|670.185 -20616.002|670.213 -20581.031|668.724 -20581.031|661.377 -20581.020
106 CREEKSTONE PH SW,652.513 -20615.991|659.860 -20616.002|661.349 -20616.002|661.377 -20581.020|659.888 -20581.020|652.541 -20581.020
110 CREEKSTONE PH SW,643.677 -20615.991|651.024 -20615.991|652.513 -20615.991|652.541 -20581.020|651.052 -20581.020|643.705 -20581.009
114 CREEKSTONE PH SW,643.705 -20581.009|642.216 -20581.009|634.869 -20580.998|634.841 -20615.980|642.188 -20615.991|643.677 -20615.991
118 CREEKSTONE PH SW,634.869 -20580.998|633.380 -20580.998|626.033 -20580.998|626.033 -20582.799|626.005 -20613.578|626.005 -20615.980|633.352 -20615.980|634.841 -20615.980
122 CREEKSTONE PH SW,626.033 -20580.998|624.544 -20580.998|617.197 -20580.987|617.197 -20582.788|617.169 -20613.567|617.169 -20615.969|624.516 -20615.980|626.005 -20615.980|626.005 -20613.578|626.033 -20582.799
126 CREEKSTONE PH SW,617.197 -20580.987|615.708 -20580.987|608.361 -20580.987|608.361 -20582.788|608.340 -20613.567|608.333 -20615.957|615.680 -20615.969|617.169 -20615.969|617.169 -20613.567|617.197 -20582.788
130 CREEKSTONE PH SW,608.361 -20580.987|606.872 -20580.987|599.525 -20580.976|599.518 -20582.777|599.504 -20613.556|599.497 -20613.556|599.497 -20615.957|606.851 -20615.957|608.333 -20615.957|608.340 -20613.567|608.361 -20582.788
28 CREEKSTONE CV SW,898.648 -20886.606|888.106 -20853.181|886.296 -20853.937|884.408 -20854.437|882.465 -20854.660|880.507 -20854.615|877.732 -20885.227
24 CREEKSTONE CV SW,877.732 -20885.227|880.507 -20854.615|878.858 -20854.371|877.243 -20853.915|875.691 -20853.281|874.230 -20852.469|856.362 -20880.891
32 CREEKSTONE CV SW,906.952 -20887.151|908.330 -20883.726|909.909 -20880.390|911.685 -20877.143|913.642 -20874.019|916.439 -20869.827|892.804 -20849.378|891.790 -20850.512|890.658 -20851.535|889.427 -20852.425|888.106 -20853.181|898.648 -20886.606|905.093 -20887.028
20 CREEKSTONE CV SW,856.362 -20880.891|874.230 -20852.469|872.874 -20851.491|871.637 -20850.345|870.546 -20849.067|869.616 -20847.677|839.711 -20865.457|844.066 -20869.493
36 CREEKSTONE CV SW,916.439 -20869.827|924.247 -20858.129|926.022 -20855.627|927.945 -20853.225|929.993 -20850.935|932.174 -20848.766|932.174 -20847.988|895.313 -20844.641|894.859 -20845.909|894.279 -20847.132|893.594 -20848.288|892.804 -20849.378
16 CREEKSTONE CV SW,869.616 -20847.677|868.854 -20846.187|868.274 -20844.619|867.876 -20842.995|867.673 -20841.338|823.018 -20844.230|820.396 -20847.554|839.711 -20865.457
40 CREEKSTONE CV SW,895.313 -20844.641|932.174 -20847.988|932.167 -20837.580|895.090 -20834.222|895.257 -20835.656|895.544 -20837.080|895.866 -20838.959|895.935 -20840.871|895.747 -20842.773
12 CREEKSTONE CV SW,867.673 -20841.338|867.729 -20838.892|868.204 -20836.479|869.078 -20834.189|870.329 -20832.087|833.196 -20829.274|830.805 -20833.110|828.310 -20836.891|825.716 -20840.593|823.018 -20844.230
44 CREEKSTONE CV SW,895.090 -20834.222|932.167 -20837.580|932.160 -20827.183|897.159 -20824.003|896.334 -20826.116|895.677 -20828.073|895.243 -20830.097|895.055 -20832.154
8 CREEKSTONE CV SW,874.482 -20828.240|875.936 -20827.250|877.292 -20826.127|878.529 -20824.871|879.634 -20823.503|840.424 -20815.886|836.964 -20822.658|833.196 -20829.274|870.329 -20832.087|871.217 -20830.975|872.210 -20829.952|873.300 -20829.040
48 CREEKSTONE CV SW,897.159 -20824.003|932.160 -20827.183|932.146 -20809.003|932.146 -20807.980|932.146 -20805.511|925.603 -20807.024|918.997 -20808.258|912.349 -20809.203|905.666 -20809.859|904.107 -20810.215|902.716 -20811.004|901.619 -20812.172|900.899 -20813.595|899.095 -20818.833
4 CREEKSTONE CV SW,879.634 -20823.503|880.759 -20821.757|881.675 -20819.900|882.374 -20817.943|882.849 -20815.930|882.891 -20814.363|882.500 -20812.839|881.696 -20811.505|880.542 -20810.437|879.340 -20809.815|878.012 -20809.514|871.532 -20808.714|865.086 -20807.658|858.690 -20806.312|852.357 -20804.711|851.210 -20804.500|850.036 -20804.455|848.876 -20804.611|847.757 -20804.933|846.702 -20805.434|845.730 -20806.101|844.884 -20806.901|844.164 -20807.835|843.542 -20808.992|840.424 -20815.886
27 CREEKSTONE WY SW,970.062 -20830.931|963.568 -20796.961|953.977 -20799.396|954.005 -20835.957|957.955 -20834.500|961.947 -20833.166|965.987 -20831.987
31 CREEKSTONE WY SW,970.062 -20830.931|975.012 -20829.852|980.744 -20828.729|974.208 -20794.514|963.568 -20796.961
35 CREEKSTONE WY SW,991.453 -20826.627|984.896 -20792.302|974.208 -20794.514|980.744 -20828.729
39 CREEKSTONE WY SW,985.504 -20792.190|984.896 -20792.302|991.453 -20826.627|1002.156 -20824.515|995.606 -20790.233
43 CREEKSTONE WY SW,1012.865 -20822.413|1006.315 -20788.154|995.606 -20790.233|1002.156 -20824.515
47 CREEKSTONE WY SW,1023.568 -20820.312|1017.031 -20786.086|1006.315 -20788.154|1012.865 -20822.413
51 CREEKSTONE WY SW,1034.277 -20818.210|1027.741 -20784.006|1017.031 -20786.086|1023.568 -20820.312
59 CREEKSTONE WY SW,1041.281 -20783.061|1038.583 -20782.605|1045.007 -20816.242|1058.268 -20813.884|1049.083 -20782.861|1047.160 -20783.306|1045.196 -20783.484|1043.225 -20783.406
55 CREEKSTONE WY SW,1037.220 -20817.621|1045.007 -20816.242|1038.583 -20782.605|1036.109 -20782.561|1033.648 -20782.861|1027.741 -20784.006|1034.277 -20818.210
63 CREEKSTONE WY SW,1084.210 -20809.259|1055.206 -20779.247|1053.850 -20780.426|1052.361 -20781.427|1050.768 -20782.238|1049.083 -20782.861|1058.268 -20813.884
67 CREEKSTONE WY SW,1097.233 -20806.946|1095.528 -20801.686|1094.143 -20796.349|1093.095 -20790.923|1092.375 -20785.441|1084.650 -20782.694|1058.863 -20773.498|1058.198 -20775.089|1057.367 -20776.579|1056.360 -20777.980|1055.206 -20779.247|1084.210 -20809.259|1090.529 -20808.136
342 CREEKSTONE WY SW,948.008 -20777.335|948.147 -20778.569|948.553 -20779.736|949.217 -20780.793|950.105 -20781.671|951.160 -20782.316|952.335 -20782.717|953.572 -20782.839|954.802 -20782.672|962.030 -20780.893|971.496 -20778.747|980.996 -20776.779|982.506 -20776.490|982.785 -20776.434|982.799 -20767.572|948.029 -20767.550
71 CREEKSTONE WY SW,1058.863 -20773.498|1084.650 -20782.694|1092.375 -20785.441|1092.046 -20781.149|1091.920 -20776.845|1092.004 -20772.531|1092.291 -20768.228|1092.403 -20767.449|1085.259 -20766.816|1059.177 -20764.492|1059.610 -20766.738|1059.708 -20769.017|1059.457 -20771.297
334 CREEKSTONE WY SW,948.029 -20767.550|982.799 -20767.572|982.813 -20757.831|948.042 -20757.798
75 CREEKSTONE WY SW,1059.177 -20764.492|1085.259 -20766.816|1092.403 -20767.449|1093.144 -20762.790|1094.046 -20758.165|1085.664 -20756.341|1060.030 -20750.770|1058.876 -20756.163|1058.583 -20758.243|1058.541 -20760.344|1058.737 -20762.435
326 CREEKSTONE WY SW,948.056 -20748.046|948.042 -20757.798|982.813 -20757.831|982.834 -20748.079
322 CREEKSTONE WY SW,982.848 -20738.339|948.077 -20738.305|948.056 -20748.046|982.834 -20748.079
79 CREEKSTONE WY SW,1094.046 -20758.165|1095.164 -20753.394|1096.464 -20748.657|1086.852 -20745.789|1063.197 -20738.739|1061.519 -20744.732|1060.030 -20750.770|1085.664 -20756.341
318 CREEKSTONE WY SW,982.862 -20728.587|948.091 -20728.553|948.077 -20738.305|982.848 -20738.339
83 CREEKSTONE WY SW,1099.694 -20739.072|1091.235 -20736.204|1066.769 -20727.920|1064.902 -20733.301|1063.197 -20738.739|1086.852 -20745.789|1096.464 -20748.657|1097.981 -20743.832
310 CREEKSTONE WY SW,948.091 -20728.553|982.862 -20728.587|982.883 -20718.190|981.093 -20718.190|953.565 -20718.168|952.502 -20718.268|951.475 -20718.579|950.531 -20719.091|949.699 -20719.769|949.021 -20720.603|948.518 -20721.548|948.203 -20722.582|948.098 -20723.650
99 CREEKSTONE WY SW,1109.439 -20718.857|1114.346 -20711.151|1108.145 -20707.037|1084.601 -20691.414|1081.477 -20696.585|1078.513 -20701.844|1102.756 -20715.177|1107.866 -20717.990
103 CREEKSTONE WY SW,1119.666 -20703.245|1113.528 -20698.942|1090.404 -20682.708|1087.440 -20687.022|1084.601 -20691.414|1108.145 -20707.037|1114.346 -20711.151
107 CREEKSTONE WY SW,1125.195 -20695.484|1118.855 -20690.781|1096.667 -20674.335|1093.472 -20678.471|1090.404 -20682.708|1113.528 -20698.942|1119.666 -20703.245
186 CREEKSTONE PS SW,1054.801 -20702.267|1057.031 -20702.267|1058.513 -20702.056|1059.883 -20701.455|1061.044 -20700.499|1061.896 -20699.265|1064.923 -20693.538|1068.481 -20687.289|1072.249 -20681.173|1076.227 -20675.202|1080.414 -20669.364|1081.763 -20667.563|1075.178 -20667.563|1073.619 -20667.563|1066.447 -20667.552|1064.923 -20667.552|1058.366 -20667.552|1056.877 -20667.552|1054.829 -20667.552|1054.801 -20698.864
182 CREEKSTONE PS SW,1045.119 -20702.256|1054.801 -20702.267|1054.801 -20698.864|1054.829 -20667.552|1049.712 -20667.541|1048.223 -20667.541|1045.147 -20667.541
178 CREEKSTONE PS SW,1035.437 -20702.245|1045.119 -20702.256|1045.147 -20667.541|1040.589 -20667.541|1039.100 -20667.541|1035.465 -20667.541
174 CREEKSTONE PS SW,1035.437 -20702.245|1035.465 -20667.541|1031.558 -20667.530|1030.069 -20667.530|1025.784 -20667.530|1025.749 -20702.234
170 CREEKSTONE PS SW,1016.067 -20702.234|1025.749 -20702.234|1025.784 -20667.530|1022.477 -20667.530|1020.988 -20667.530|1016.102 -20667.530
166 CREEKSTONE PS SW,1006.385 -20702.222|1016.067 -20702.234|1016.102 -20667.530|1013.403 -20667.519|1011.914 -20667.519|1006.413 -20667.519
162 CREEKSTONE PS SW,996.703 -20702.211|1006.385 -20702.222|1006.413 -20667.519|1004.323 -20667.519|1002.834 -20667.519|996.731 -20667.519
158 CREEKSTONE PS SW,987.049 -20667.507|987.021 -20702.200|996.703 -20702.211|996.731 -20667.519|995.249 -20667.507|993.760 -20667.507
154 CREEKSTONE PS SW,977.340 -20702.200|987.021 -20702.200|987.049 -20667.507|986.169 -20667.507|984.680 -20667.507|977.368 -20667.496
150 CREEKSTONE PS SW,967.658 -20702.189|977.340 -20702.200|977.368 -20667.496|977.095 -20667.496|975.606 -20667.496|968.014 -20667.496|967.686 -20667.496
146 CREEKSTONE PS SW,958.004 -20667.485|957.976 -20702.178|967.658 -20702.189|967.686 -20667.496|966.525 -20667.496|958.941 -20667.485
142 CREEKSTONE PS SW,953.607 -20702.178|957.976 -20702.178|958.004 -20667.485|957.452 -20667.485|948.196 -20667.485|948.196 -20669.287|948.147 -20696.674|948.210 -20697.497|948.392 -20698.297|948.686 -20699.065|949.098 -20699.776|949.965 -20700.777|951.055 -20701.533|952.293 -20702.011
111 CREEKSTONE WY SW,1102.735 -20667.029|1102.371 -20667.452|1096.667 -20674.335|1118.855 -20690.781|1125.195 -20695.484|1131.759 -20686.789|1124.587 -20681.907
115 CREEKSTONE WY SW,1102.735 -20667.029|1124.587 -20681.907|1131.759 -20686.789|1138.470 -20678.427|1130.193 -20673.178|1108.656 -20659.501|1105.783 -20663.327
119 CREEKSTONE WY SW,1108.656 -20659.501|1130.193 -20673.178|1138.470 -20678.427|1140.197 -20676.347|1143.300 -20669.965|1135.457 -20664.983|1113.961 -20651.340|1111.403 -20655.487
123 CREEKSTONE WY SW,1149.585 -20657.066|1142.469 -20654.064|1118.093 -20643.767|1117.415 -20645.002|1115.737 -20648.204|1113.961 -20651.340|1135.457 -20664.983|1143.300 -20669.965
127 CREEKSTONE WY SW,1155.569 -20644.768|1149.438 -20643.211|1123.972 -20636.751|1122.804 -20638.319|1121.448 -20639.709|1119.624 -20641.610|1118.093 -20643.767|1142.469 -20654.064|1149.585 -20657.066
158 CREEKSTONE WY SW,1073.619 -20667.563|1075.178 -20667.563|1081.763 -20667.563|1082.218 -20666.963|1086.244 -20661.881|1090.425 -20656.922|1093.605 -20653.052|1096.569 -20649.016|1099.316 -20644.824|1101.826 -20640.487|1102.357 -20639.086|1102.490 -20637.585|1102.217 -20636.106|1101.546 -20634.761|1100.680 -20633.760|1099.596 -20632.993|1098.359 -20632.514|1097.045 -20632.359|1086.041 -20632.348|1084.483 -20632.348
166 CREEKSTONE WY SW,1064.923 -20667.552|1066.447 -20667.552|1073.619 -20667.563|1084.483 -20632.348|1073.584 -20632.336|1072.061 -20632.336
170 CREEKSTONE WY SW,1056.877 -20667.552|1058.366 -20667.552|1064.923 -20667.552|1072.061 -20632.336|1060.247 -20632.325|1058.751 -20632.325
178 CREEKSTONE WY SW,1054.829 -20667.552|1056.877 -20667.552|1058.751 -20632.325|1049.593 -20632.314|1048.104 -20632.314|1048.223 -20667.541|1049.712 -20667.541
186 CREEKSTONE WY SW,1045.147 -20667.541|1048.223 -20667.541|1048.104 -20632.314|1040.673 -20632.303|1039.184 -20632.303|1039.100 -20667.541|1040.589 -20667.541
190 CREEKSTONE WY SW,1035.465 -20667.541|1039.100 -20667.541|1039.184 -20632.303|1031.586 -20632.303|1030.097 -20632.303|1030.069 -20667.530|1031.558 -20667.530
194 CREEKSTONE WY SW,1025.784 -20667.530|1030.069 -20667.530|1030.097 -20632.303|1022.512 -20632.292|1021.023 -20632.292|1020.988 -20667.530|1022.477 -20667.530
198 CREEKSTONE WY SW,1011.914 -20667.519|1013.403 -20667.519|1016.102 -20667.530|1020.988 -20667.530|1021.023 -20632.292|1013.431 -20632.281|1011.942 -20632.281
206 CREEKSTONE WY SW,1006.413 -20667.519|1011.914 -20667.519|1011.942 -20632.281|1004.358 -20632.281|1002.869 -20632.281|1002.834 -20667.519|1004.323 -20667.519
210 CREEKSTONE WY SW,996.731 -20667.519|1002.834 -20667.519|1002.869 -20632.281|995.277 -20632.270|993.788 -20632.270|993.760 -20667.507|995.249 -20667.507
214 CREEKSTONE WY SW,993.788 -20632.270|986.197 -20632.259|984.708 -20632.259|984.680 -20667.507|986.169 -20667.507|987.049 -20667.507|993.760 -20667.507
218 CREEKSTONE WY SW,977.368 -20667.496|984.680 -20667.507|984.708 -20632.259|977.123 -20632.259|975.634 -20632.248|975.606 -20667.496|977.095 -20667.496
222 CREEKSTONE WY SW,967.686 -20667.496|968.014 -20667.496|975.606 -20667.496|975.634 -20632.248|968.042 -20632.248|966.553 -20632.248|966.525 -20667.496
230 CREEKSTONE WY SW,958.004 -20667.485|958.941 -20667.485|966.525 -20667.496|966.553 -20632.248|958.969 -20632.236|957.480 -20632.236|957.452 -20667.485
234 CREEKSTONE WY SW,948.196 -20667.485|957.452 -20667.485|957.480 -20632.236|953.712 -20632.236|952.398 -20632.392|951.160 -20632.870|950.077 -20633.626|949.203 -20634.627|948.790 -20635.339|948.490 -20636.106|948.308 -20636.907|948.245 -20637.718|948.196 -20666.885
131 CREEKSTONE WY SW,1157.848 -20640.120|1159.637 -20636.384|1159.316 -20634.927|1158.127 -20629.657|1126.398 -20628.901|1126.209 -20630.969|1125.733 -20632.993|1124.978 -20634.938|1123.972 -20636.751|1149.438 -20643.211|1155.569 -20644.768
135 CREEKSTONE WY SW,1126.398 -20628.901|1158.127 -20629.657|1153.961 -20611.076|1125.300 -20622.874|1125.803 -20624.330|1126.160 -20625.832|1126.356 -20627.355
139 CREEKSTONE WY SW,1125.300 -20622.874|1153.961 -20611.076|1147.942 -20584.278|1124.063 -20616.591|1122.616 -20618.548|1124.140 -20620.594
143 CREEKSTONE WY SW,1120.407 -20616.513|1121.826 -20614.590|1142.811 -20586.202|1141.322 -20583.211|1140.427 -20581.409|1126.230 -20581.398|1115.982 -20614.245|1118.289 -20615.190
147 CREEKSTONE WY SW,1115.982 -20614.245|1126.230 -20581.398|1112.948 -20581.387|1110.054 -20613.622|1111.550 -20613.556|1113.046 -20613.633|1114.528 -20613.867
151 CREEKSTONE WY SW,1103.343 -20615.624|1105.496 -20614.834|1107.726 -20614.045|1110.054 -20613.622|1112.948 -20581.387|1103.371 -20581.387
155 CREEKSTONE WY SW,1096.080 -20616.369|1098.254 -20616.369|1100.826 -20616.180|1103.343 -20615.624|1103.371 -20581.387|1096.108 -20581.376
159 CREEKSTONE WY SW,1088.817 -20616.358|1096.080 -20616.369|1096.108 -20581.376|1088.845 -20581.365
163 CREEKSTONE WY SW,1081.554 -20616.347|1088.817 -20616.358|1088.845 -20581.365|1081.582 -20581.365
167 CREEKSTONE WY SW,1074.284 -20616.347|1081.554 -20616.347|1081.582 -20581.365|1074.318 -20581.354
171 CREEKSTONE WY SW,1067.020 -20616.336|1074.284 -20616.347|1074.318 -20581.354|1067.048 -20581.354
175 CREEKSTONE WY SW,1067.048 -20581.354|1059.785 -20581.342|1059.757 -20616.336|1067.020 -20616.336
179 CREEKSTONE WY SW,1059.785 -20581.342|1052.522 -20581.342|1052.494 -20616.324|1059.757 -20616.336
183 CREEKSTONE WY SW,1045.231 -20616.324|1052.494 -20616.324|1052.522 -20581.342|1045.259 -20581.331
187 CREEKSTONE WY SW,1037.968 -20616.313|1045.231 -20616.324|1045.259 -20581.331|1037.996 -20581.320
191 CREEKSTONE WY SW,1030.733 -20581.320|1030.705 -20616.313|1037.968 -20616.313|1037.996 -20581.320|1033.606 -20581.320
195 CREEKSTONE WY SW,1023.442 -20616.302|1030.705 -20616.313|1030.733 -20581.320|1023.470 -20581.309
199 CREEKSTONE WY SW,1016.179 -20616.302|1023.442 -20616.302|1023.470 -20581.309|1016.207 -20581.309
203 CREEKSTONE WY SW,1008.909 -20616.291|1016.179 -20616.302|1016.207 -20581.309|1008.937 -20581.298
207 CREEKSTONE WY SW,1001.673 -20581.298|1001.645 -20616.291|1008.909 -20616.291|1008.937 -20581.298
211 CREEKSTONE WY SW,994.382 -20616.280|1001.645 -20616.291|1001.673 -20581.298|994.410 -20581.287
215 CREEKSTONE WY SW,987.119 -20616.269|994.382 -20616.280|994.410 -20581.287|987.147 -20581.287
219 CREEKSTONE WY SW,979.856 -20616.269|987.119 -20616.269|987.147 -20581.287|979.884 -20581.276
223 CREEKSTONE WY SW,979.884 -20581.276|972.621 -20581.276|972.593 -20616.258|979.856 -20616.269
227 CREEKSTONE WY SW,965.330 -20616.258|972.593 -20616.258|972.621 -20581.276|965.358 -20581.265
231 CREEKSTONE WY SW,965.358 -20581.265|958.088 -20581.254|958.060 -20616.247|965.330 -20616.258
235 CREEKSTONE WY SW,956.550 -20616.247|958.060 -20616.247|958.088 -20581.254|951.433 -20581.254|951.405 -20615.479|953.949 -20616.058
239 CREEKSTONE WY SW,950.342 -20615.124|951.405 -20615.479|951.433 -20581.254|947.232 -20581.254|944.771 -20581.254|944.750 -20614.189|946.176 -20614.223|947.595 -20614.390|948.986 -20614.690
243 CREEKSTONE WY SW,944.750 -20614.189|944.771 -20581.254|929.014 -20581.231|940.388 -20614.990|942.534 -20614.423
247 CREEKSTONE WY SW,940.388 -20614.990|929.014 -20581.231|914.586 -20581.220|914.586 -20583.022|914.579 -20588.915|936.522 -20616.969|938.382 -20615.835
1030 CREEKSIDE BV SW,-28.478 -21077.850|-22.431 -21077.861|-19.454 -21074.859|-19.440 -21048.417|-19.440 -21044.814|-26.472 -21044.814|-28.457 -21044.814
1034 CREEKSIDE BV SW,-33.938 -21077.850|-28.478 -21077.850|-28.457 -21044.814|-30.443 -21044.814|-33.917 -21044.803
1038 CREEKSIDE BV SW,-39.397 -21077.850|-33.938 -21077.850|-33.917 -21044.803|-37.391 -21044.803|-39.376 -21044.803
1042 CREEKSIDE BV SW,-47.115 -21077.839|-39.397 -21077.850|-39.376 -21044.803|-41.362 -21044.803|-47.101 -21044.803
1046 CREEKSIDE BV SW,-47.115 -21077.839|-47.101 -21044.803|-54.818 -21044.792|-54.839 -21077.839
1050 CREEKSIDE BV SW,-60.299 -21077.839|-54.839 -21077.839|-54.818 -21044.792|-58.293 -21044.792|-60.278 -21044.792
1054 CREEKSIDE BV SW,-65.758 -21077.828|-60.299 -21077.839|-60.278 -21044.792|-62.263 -21044.792|-65.737 -21044.792
1058 CREEKSIDE BV SW,-71.218 -21077.828|-65.758 -21077.828|-65.737 -21044.792|-69.212 -21044.792|-71.197 -21044.792
1062 CREEKSIDE BV SW,-78.935 -21077.828|-71.218 -21077.828|-71.197 -21044.792|-73.182 -21044.781|-78.922 -21044.781
1066 CREEKSIDE BV SW,-86.660 -21077.817|-78.935 -21077.828|-78.922 -21044.781|-86.646 -21044.781
1070 CREEKSIDE BV SW,-92.120 -21077.817|-86.660 -21077.817|-86.646 -21044.781|-90.113 -21044.781|-92.099 -21044.770
1074 CREEKSIDE BV SW,-97.579 -21077.817|-92.120 -21077.817|-92.099 -21044.770|-94.091 -21044.770|-97.558 -21044.770
1078 CREEKSIDE BV SW,-103.039 -21077.817|-97.579 -21077.817|-97.558 -21044.770|-101.032 -21044.770|-103.018 -21044.770
1082 CREEKSIDE BV SW,-110.742 -21044.758|-110.763 -21077.806|-103.039 -21077.817|-103.018 -21044.770|-105.003 -21044.770
1086 CREEKSIDE BV SW,-118.481 -21077.806|-110.763 -21077.806|-110.742 -21044.758|-116.481 -21044.758|-118.467 -21044.758
1090 CREEKSIDE BV SW,-123.940 -21077.806|-118.481 -21077.806|-118.467 -21044.758|-120.452 -21044.758|-123.926 -21044.758
1094 CREEKSIDE BV SW,-129.400 -21077.794|-123.940 -21077.806|-123.926 -21044.758|-127.400 -21044.758|-129.386 -21044.758
1098 CREEKSIDE BV SW,-134.978 -21044.747|-138.550 -21048.350|-139.445 -21049.240|-139.459 -21077.794|-136.684 -21077.794|-129.400 -21077.794|-129.386 -21044.758|-131.050 -21044.747|-131.371 -21044.747
261 CREEKSIDE DR SW,-476.519 -21020.151|-472.674 -21015.214|-473.394 -21009.532|-503.530 -21013.379|-502.230 -21023.431|-489.388 -21021.686
257 CREEKSIDE DR SW,-503.530 -21013.379|-473.394 -21009.532|-474.254 -21002.338|-504.425 -21005.840
253 CREEKSIDE DR SW,-474.254 -21002.338|-475.044 -20995.121|-505.250 -20998.346|-504.425 -21005.840
249 CREEKSIDE DR SW,-475.044 -20995.121|-475.771 -20987.893|-506.005 -20990.851|-505.250 -20998.346
1109 CREEKSIDE BV SW,-162.730 -21015.748|-159.780 -21015.748|-155.313 -21011.255|-155.313 -21006.163|-155.299 -20982.856|-162.709 -20982.856
1113 CREEKSIDE BV SW,-168.183 -21015.748|-166.198 -21015.748|-162.730 -21015.748|-162.709 -20982.856|-168.169 -20982.856
1117 CREEKSIDE BV SW,-173.642 -21015.737|-170.168 -21015.748|-168.183 -21015.748|-168.169 -20982.856|-173.628 -20982.856
1121 CREEKSIDE BV SW,-179.102 -21015.737|-177.117 -21015.737|-173.642 -21015.737|-173.628 -20982.856|-179.088 -20982.856
1125 CREEKSIDE BV SW,-186.666 -21015.737|-181.087 -21015.737|-179.102 -21015.737|-179.088 -20982.856|-186.652 -20982.856
1129 CREEKSIDE BV SW,-194.215 -20982.856|-194.229 -21015.725|-192.244 -21015.725|-186.666 -21015.737|-186.652 -20982.856
1133 CREEKSIDE BV SW,-199.689 -21015.725|-196.215 -21015.725|-194.229 -21015.725|-194.215 -20982.856|-199.675 -20982.856
1137 CREEKSIDE BV SW,-205.149 -21015.725|-203.163 -21015.725|-199.689 -21015.725|-199.675 -20982.856|-205.135 -20982.856
1141 CREEKSIDE BV SW,-212.712 -21015.714|-207.134 -21015.725|-205.149 -21015.725|-205.135 -20982.856|-212.698 -20982.856
1145 CREEKSIDE BV SW,-212.698 -20982.856|-220.255 -20982.856|-220.276 -21015.714|-218.291 -21015.714|-212.712 -21015.714
1149 CREEKSIDE BV SW,-225.736 -21015.714|-222.261 -21015.714|-220.276 -21015.714|-220.255 -20982.856|-225.715 -20982.856
1153 CREEKSIDE BV SW,-231.195 -21015.714|-229.210 -21015.714|-225.736 -21015.714|-225.715 -20982.856|-231.174 -20982.856
1157 CREEKSIDE BV SW,-238.759 -21015.703|-233.180 -21015.714|-231.195 -21015.714|-231.174 -20982.856|-238.738 -20982.856
1161 CREEKSIDE BV SW,-238.759 -21015.703|-238.738 -20982.856|-246.301 -20982.856|-246.322 -21015.703|-244.337 -21015.703
1165 CREEKSIDE BV SW,-246.301 -20982.856|-251.761 -20982.856|-251.782 -21015.703|-248.308 -21015.703|-246.322 -21015.703
1169 CREEKSIDE BV SW,-251.761 -20982.856|-257.221 -20982.856|-257.242 -21015.692|-251.782 -21015.703
1173 CREEKSIDE BV SW,-257.221 -20982.856|-264.183 -20982.856|-264.735 -20982.834|-264.756 -20990.395|-264.805 -21012.089|-264.805 -21013.290|-264.805 -21015.692|-264.204 -21015.692|-257.242 -21015.692
245 CREEKSIDE DR SW,-475.771 -20987.893|-476.442 -20980.666|-506.697 -20983.346|-506.005 -20990.851
241 CREEKSIDE DR SW,-476.442 -20980.666|-477.043 -20973.427|-507.319 -20975.840|-506.697 -20983.346
237 CREEKSIDE DR SW,-477.043 -20973.427|-477.574 -20966.188|-507.878 -20968.323|-507.319 -20975.840
233 CREEKSIDE DR SW,-477.574 -20966.188|-478.050 -20958.938|-508.367 -20960.806|-508.081 -20965.365|-507.878 -20968.323
229 CREEKSIDE DR SW,-478.050 -20958.938|-478.462 -20951.688|-508.794 -20953.278|-508.367 -20960.806
225 CREEKSIDE DR SW,-478.462 -20951.688|-478.588 -20948.920|-478.805 -20944.427|-509.150 -20945.762|-508.794 -20953.278
221 CREEKSIDE DR SW,-478.805 -20944.427|-479.084 -20937.177|-509.444 -20938.223|-509.150 -20945.762
217 CREEKSIDE DR SW,-479.084 -20937.177|-479.301 -20929.916|-509.668 -20930.695|-509.444 -20938.223
213 CREEKSIDE DR SW,-479.301 -20929.916|-479.378 -20924.623|-479.448 -20922.655|-509.822 -20923.156|-509.668 -20930.695
209 CREEKSIDE DR SW,-479.448 -20922.655|-479.448 -20920.620|-479.539 -20915.394|-509.912 -20915.628|-509.822 -20923.156
205 CREEKSIDE DR SW,-509.912 -20915.628|-479.539 -20915.394|-479.525 -20910.068|-479.560 -20908.100|-509.933 -20908.211
201 CREEKSIDE DR SW,-509.933 -20908.211|-479.560 -20908.100|-479.518 -20906.065|-479.518 -20900.806|-509.891 -20900.806
197 CREEKSIDE DR SW,-479.406 -20893.489|-509.794 -20893.489|-509.891 -20900.806|-479.518 -20900.806|-479.413 -20895.457
193 CREEKSIDE DR SW,-509.794 -20893.489|-479.406 -20893.489|-479.336 -20891.465|-479.238 -20886.172|-509.626 -20886.172
189 CREEKSIDE DR SW,-479.001 -20878.867|-509.409 -20878.867|-509.556 -20883.704|-509.626 -20886.172|-479.238 -20886.172|-479.035 -20880.835
185 CREEKSIDE DR SW,-509.409 -20878.867|-479.001 -20878.867|-478.889 -20876.832|-478.693 -20871.550|-509.185 -20871.550
181 CREEKSIDE DR SW,-509.185 -20871.550|-478.693 -20871.550|-478.399 -20866.202|-478.322 -20864.234|-508.969 -20864.234
177 CREEKSIDE DR SW,-508.752 -20856.917|-508.969 -20864.234|-478.322 -20864.234|-478.176 -20862.210|-477.889 -20856.917
173 CREEKSIDE DR SW,-508.752 -20856.917|-477.889 -20856.917|-477.498 -20851.580|-477.386 -20849.600|-508.528 -20849.600
169 CREEKSIDE DR SW,-508.528 -20849.600|-477.386 -20849.600|-477.204 -20847.577|-476.819 -20842.284|-508.312 -20842.284
165 CREEKSIDE DR SW,-508.312 -20842.284|-476.819 -20842.284|-476.337 -20836.946|-476.190 -20834.967|-508.088 -20834.967
161 CREEKSIDE DR SW,-475.505 -20827.661|-507.871 -20827.661|-508.088 -20834.967|-476.190 -20834.967|-475.974 -20832.943|-475.918 -20832.176
157 CREEKSIDE DR SW,-474.813 -20820.345|-507.654 -20820.345|-507.871 -20827.661|-475.505 -20827.661|-475.002 -20822.346
153 CREEKSIDE DR SW,-507.654 -20820.345|-474.813 -20820.345|-474.624 -20818.343|-474.121 -20813.028|-507.431 -20813.028
149 CREEKSIDE DR SW,-473.436 -20805.712|-507.214 -20805.712|-507.431 -20813.028|-474.121 -20813.028|-473.625 -20807.713
145 CREEKSIDE DR SW,-473.436 -20805.712|-473.240 -20803.721|-473.017 -20801.364|-477.064 -20796.883|-502.642 -20796.883|-506.948 -20796.883|-506.983 -20798.184|-507.214 -20805.712
550 CREEKSTONE CI SW,399.528 -20852.769|399.528 -20850.923|398.934 -20850.923|367.567 -20850.901|364.785 -20850.901|364.778 -20858.841|364.778 -20860.486|364.778 -20860.642|367.553 -20860.642|399.521 -20860.664|399.521 -20858.863
558 CREEKSTONE CI SW,364.799 -20835.056|364.792 -20843.907|366.281 -20843.907|396.557 -20843.929|399.535 -20840.927|399.542 -20835.078
562 CREEKSTONE CI SW,364.799 -20835.056|399.542 -20835.078|399.542 -20833.577|399.549 -20826.138|364.806 -20826.116|364.799 -20833.555
566 CREEKSTONE CI SW,364.806 -20826.116|399.549 -20826.138|399.549 -20824.648|399.556 -20816.598|364.813 -20816.575|364.806 -20824.615
570 CREEKSTONE CI SW,364.813 -20816.575|399.556 -20816.598|399.556 -20815.096|399.563 -20806.056|399.563 -20804.055|371.391 -20804.033|369.287 -20804.033|364.813 -20808.525|364.813 -20815.074
582 CREEKSTONE CI SW,369.301 -20788.043|399.577 -20788.065|399.577 -20786.564|399.577 -20786.075|399.591 -20774.955|364.841 -20774.933|364.834 -20783.550
586 CREEKSTONE CI SW,364.841 -20774.933|399.591 -20774.955|399.598 -20765.993|364.848 -20765.971
590 CREEKSTONE CI SW,399.605 -20756.730|364.855 -20756.697|364.848 -20764.469|364.848 -20765.971|399.598 -20765.993|399.598 -20764.492
594 CREEKSTONE CI SW,399.605 -20747.457|364.862 -20747.434|364.855 -20756.697|399.605 -20756.730
598 CREEKSTONE CI SW,399.619 -20738.194|364.869 -20738.172|364.862 -20747.434|399.605 -20747.457
602 CREEKSTONE CI SW,399.626 -20728.932|364.876 -20728.909|364.869 -20736.671|364.869 -20738.172|399.619 -20738.194|399.619 -20736.693
251 CREEKSTONE RO SW,337.557 -20753.039|347.491 -20753.050|348.980 -20753.050|348.980 -20751.248|349.001 -20727.953|349.001 -20724.562|344.541 -20720.058|337.578 -20720.058
247 CREEKSTONE RO SW,337.578 -20720.058|336.089 -20720.058|328.099 -20720.047|328.078 -20753.027|336.068 -20753.039|337.557 -20753.039
243 CREEKSTONE RO SW,328.099 -20720.047|326.610 -20720.047|318.620 -20720.047|318.592 -20753.027|326.589 -20753.027|328.078 -20753.027
235 CREEKSTONE RO SW,299.634 -20753.016|307.624 -20753.016|309.113 -20753.016|309.141 -20720.036|307.652 -20720.036|299.655 -20720.036
231 CREEKSTONE RO SW,290.155 -20753.005|298.145 -20753.016|299.634 -20753.016|299.655 -20720.036|298.166 -20720.036|290.176 -20720.025
227 CREEKSTONE RO SW,290.176 -20720.025|288.687 -20720.025|280.697 -20720.025|280.669 -20753.005|288.666 -20753.005|290.155 -20753.005
223 CREEKSTONE RO SW,271.190 -20752.994|279.180 -20752.994|280.669 -20753.005|280.697 -20720.025|279.208 -20720.014|271.217 -20720.014
219 CREEKSTONE RO SW,261.710 -20752.983|269.701 -20752.994|271.190 -20752.994|271.217 -20720.014|269.729 -20720.014|261.731 -20720.003
215 CREEKSTONE RO SW,261.731 -20720.003|260.242 -20720.003|252.252 -20720.003|252.231 -20752.983|260.221 -20752.983|261.710 -20752.983
211 CREEKSTONE RO SW,252.252 -20720.003|250.763 -20720.003|242.773 -20719.991|242.745 -20752.972|250.742 -20752.983|252.231 -20752.983
207 CREEKSTONE RO SW,230.295 -20752.961|241.256 -20752.972|242.745 -20752.972|242.773 -20719.991|241.284 -20719.991|234.783 -20719.991|232.399 -20722.382|230.302 -20724.484|230.288 -20751.171
606 CREEKSTONE CI SW,364.876 -20728.909|399.626 -20728.932|399.626 -20727.430|399.633 -20719.669|364.883 -20719.647|364.876 -20727.408
610 CREEKSTONE CI SW,364.883 -20719.647|399.633 -20719.669|399.633 -20718.168|399.640 -20710.406|364.890 -20710.384|364.883 -20718.146
614 CREEKSTONE CI SW,364.897 -20701.122|364.890 -20708.883|364.890 -20710.384|399.640 -20710.406|399.640 -20708.905|399.647 -20701.144
618 CREEKSTONE CI SW,364.897 -20701.122|399.647 -20701.144|399.647 -20699.643|399.654 -20691.881|364.904 -20691.848|364.897 -20699.621
622 CREEKSTONE CI SW,364.904 -20691.848|399.654 -20691.881|399.654 -20690.380|399.661 -20682.608|364.911 -20682.585|364.904 -20690.358
626 CREEKSTONE CI SW,364.918 -20673.323|364.918 -20681.084|364.911 -20682.585|399.661 -20682.608|399.661 -20681.118|399.668 -20673.345
252 CREEKSTONE RO SW,349.035 -20668.297|346.267 -20668.297|338.158 -20668.297|338.137 -20704.068|340.619 -20704.068|344.548 -20704.079|349.022 -20699.576|349.042 -20670.098
248 CREEKSTONE RO SW,338.158 -20668.297|336.676 -20668.286|329.287 -20668.286|329.266 -20704.068|336.648 -20704.068|338.137 -20704.068
244 CREEKSTONE RO SW,329.287 -20668.286|327.798 -20668.286|320.409 -20668.286|320.389 -20704.057|327.777 -20704.068|329.266 -20704.068
240 CREEKSTONE RO SW,320.409 -20668.286|318.921 -20668.275|311.539 -20668.275|311.511 -20704.057|318.900 -20704.057|320.389 -20704.057
236 CREEKSTONE RO SW,311.539 -20668.275|310.050 -20668.275|302.661 -20668.264|302.640 -20704.046|310.022 -20704.057|311.511 -20704.057
232 CREEKSTONE RO SW,293.762 -20704.046|301.151 -20704.046|302.640 -20704.046|302.661 -20668.264|301.172 -20668.264|293.783 -20668.264
228 CREEKSTONE RO SW,293.762 -20704.046|293.783 -20668.264|292.294 -20668.264|284.912 -20668.252|284.891 -20704.035|292.273 -20704.035
224 CREEKSTONE RO SW,276.013 -20704.035|283.402 -20704.035|284.891 -20704.035|284.912 -20668.252|283.423 -20668.252|276.034 -20668.252
220 CREEKSTONE RO SW,267.135 -20704.024|274.524 -20704.024|276.013 -20704.035|276.034 -20668.252|274.545 -20668.252|267.163 -20668.241
216 CREEKSTONE RO SW,258.264 -20704.013|265.646 -20704.024|267.135 -20704.024|267.163 -20668.241|265.667 -20668.241|258.285 -20668.241
212 CREEKSTONE RO SW,258.285 -20668.241|256.796 -20668.241|249.407 -20668.230|249.386 -20704.013|256.775 -20704.013|258.264 -20704.013
208 CREEKSTONE RO SW,240.508 -20704.002|247.897 -20704.013|249.386 -20704.013|249.407 -20668.230|247.918 -20668.230|240.536 -20668.230
204 CREEKSTONE RO SW,230.463 -20704.002|239.026 -20704.002|240.508 -20704.002|240.536 -20668.230|239.047 -20668.230|230.491 -20668.219|230.491 -20670.020|230.463 -20701.600
630 CREEKSTONE CI SW,364.918 -20673.323|399.668 -20673.345|399.668 -20671.844|399.675 -20664.083|364.925 -20664.060|364.925 -20671.822
634 CREEKSTONE CI SW,364.925 -20664.060|399.675 -20664.083|399.675 -20662.582|399.681 -20654.820|364.932 -20654.798|364.932 -20662.559
638 CREEKSTONE CI SW,399.681 -20654.820|399.681 -20653.319|399.688 -20645.558|366.526 -20645.535|365.030 -20645.535|364.939 -20647.815|364.939 -20653.297|364.932 -20654.798
642 CREEKSTONE CI SW,366.812 -20637.274|366.470 -20638.419|365.694 -20641.199|365.183 -20644.034|365.030 -20645.535|366.526 -20645.535|399.688 -20645.558|399.688 -20644.056|399.695 -20632.503
646 CREEKSTONE CI SW,366.812 -20637.274|399.695 -20632.503|399.695 -20630.991|399.709 -20619.304|367.057 -20628.812|367.330 -20630.524|367.434 -20632.259|367.379 -20633.993|367.155 -20635.717
650 CREEKSTONE CI SW,367.057 -20628.812|399.709 -20619.304|399.709 -20617.737|399.723 -20600.635|391.174 -20595.208|364.289 -20622.173|365.694 -20624.675|366.700 -20627.355
292 CREEKSTONE PH SW,567.467 -20937.744|572.011 -20938.323|599.448 -20920.721|596.240 -20917.474|593.108 -20914.149|563.426 -20933.197
288 CREEKSTONE PH SW,557.331 -20925.791|562.448 -20932.051|563.426 -20933.197|593.108 -20914.149|592.094 -20913.026|586.810 -20906.877
284 CREEKSTONE PH SW,551.613 -20918.152|556.408 -20924.612|557.331 -20925.791|586.810 -20906.877|585.866 -20905.709|580.959 -20899.316
280 CREEKSTONE PH SW,546.579 -20910.769|550.746 -20916.929|551.613 -20918.152|580.959 -20899.316|580.085 -20898.103|575.876 -20891.966
293 CREEKSTONE PH SW,613.178 -20911.903|615.233 -20910.591|641.454 -20893.756|642.978 -20892.777|639.700 -20889.197|636.309 -20885.727|606.320 -20904.964|610.941 -20909.668
276 CREEKSTONE PH SW,541.008 -20901.717|545.768 -20909.512|546.579 -20910.769|575.876 -20891.966|575.066 -20890.709|571.004 -20884.060
289 CREEKSTONE PH SW,599.896 -20897.714|605.278 -20903.852|606.320 -20904.964|636.309 -20885.727|635.219 -20884.649|635.128 -20884.560|635.002 -20884.427|633.855 -20883.303|629.514 -20878.700
272 CREEKSTONE PH SW,536.031 -20892.633|540.260 -20900.416|541.008 -20901.717|571.004 -20884.060|570.256 -20882.759|566.859 -20876.498
285 CREEKSTONE PH SW,593.968 -20890.142|598.938 -20896.547|599.896 -20897.714|629.514 -20878.700|628.508 -20877.566|625.879 -20874.463|623.356 -20871.272
268 CREEKSTONE PH SW,531.214 -20882.670|533.235 -20887.006|535.346 -20891.298|536.031 -20892.633|566.859 -20876.498|566.174 -20875.164|562.853 -20868.203
281 CREEKSTONE PH SW,588.536 -20882.247|593.087 -20888.919|593.968 -20890.142|623.356 -20871.272|622.615 -20870.283|622.454 -20870.082|621.685 -20869.037|617.833 -20863.444
264 CREEKSTONE PH SW,527.188 -20873.129|530.606 -20881.302|531.214 -20882.670|562.853 -20868.203|562.238 -20866.835|559.498 -20860.253
277 CREEKSTONE PH SW,582.755 -20872.529|585.181 -20876.799|587.732 -20880.979|588.536 -20882.247|617.833 -20863.444|617.029 -20862.176|613.674 -20856.517|613.178 -20855.638
260 CREEKSTONE PH SW,523.413 -20862.721|524.979 -20867.247|526.643 -20871.728|527.188 -20873.129|559.498 -20860.253|558.953 -20858.863|556.359 -20851.602
269 CREEKSTONE PH SW,577.568 -20862.176|580.071 -20867.403|582.755 -20872.529|613.178 -20855.638|612.940 -20855.193|612.472 -20854.326|610.759 -20850.979|609.144 -20847.577
256 CREEKSTONE PH SW,520.379 -20852.814|522.945 -20861.298|523.413 -20862.721|556.359 -20851.602|555.891 -20850.178|553.829 -20843.340
265 CREEKSTONE PH SW,573.150 -20851.468|574.982 -20856.172|576.953 -20860.809|577.568 -20862.176|609.144 -20847.577|608.529 -20846.220|607.047 -20842.695|606.488 -20841.305|605.705 -20839.248
252 CREEKSTONE PH SW,553.829 -20843.340|553.430 -20841.894|551.585 -20834.411|517.688 -20842.072|518.785 -20846.731|519.981 -20851.368|520.379 -20852.814
261 CREEKSTONE PH SW,573.150 -20851.468|605.705 -20839.248|605.195 -20837.836|603.985 -20834.278|602.881 -20830.686|569.529 -20840.471|571.004 -20845.286|572.640 -20850.067
248 CREEKSTONE PH SW,551.585 -20834.411|551.270 -20832.943|549.914 -20825.938|515.681 -20831.898|517.366 -20840.616|517.688 -20842.072
253 CREEKSTONE PH SW,602.266 -20828.462|600.693 -20821.935|566.712 -20829.229|567.837 -20834.144|569.117 -20839.026|569.529 -20840.471|602.881 -20830.686|602.671 -20829.908|602.475 -20829.240
244 CREEKSTONE PH SW,549.914 -20825.938|549.669 -20824.459|548.593 -20816.820|514.095 -20820.956|515.430 -20830.419|515.681 -20831.898
249 CREEKSTONE PH SW,564.727 -20817.810|565.489 -20822.791|566.411 -20827.762|566.712 -20829.229|600.693 -20821.935|600.392 -20820.467|600.015 -20818.455|599.749 -20816.976|599.148 -20813.039
241 CREEKSTONE PH SW,599.148 -20813.039|598.952 -20811.549|598.554 -20807.880|598.260 -20804.188|596.470 -20804.188|567.928 -20804.166|565.964 -20806.279|563.748 -20808.658|564.531 -20816.320|564.727 -20817.810
240 CREEKSTONE PH SW,548.593 -20816.820|548.425 -20815.330|547.824 -20808.647|543.098 -20804.155|517.024 -20804.133|512.787 -20804.133|512.836 -20805.434|513.263 -20812.461|513.920 -20819.466|514.095 -20820.956
229 CREEKSTONE PH SW,567.733 -20788.187|596.233 -20788.210|598.015 -20788.210|598.029 -20784.796|598.022 -20778.213|598.022 -20776.712|563.280 -20776.690|563.273 -20778.180|563.273 -20783.684|565.649 -20786.086
230 CREEKSTONE PH SW,512.641 -20788.143|516.611 -20788.143|542.923 -20788.165|547.390 -20783.673|547.397 -20778.169|547.397 -20776.679|512.655 -20776.645|512.655 -20778.146|512.648 -20786.842
225 CREEKSTONE PH SW,563.280 -20776.690|598.022 -20776.712|598.036 -20775.111|598.029 -20768.661|598.043 -20767.616|598.029 -20767.171|563.287 -20767.138|563.287 -20768.639
226 CREEKSTONE PH SW,512.655 -20776.645|547.397 -20776.679|547.404 -20768.628|547.404 -20767.127|512.662 -20767.105|512.662 -20768.595
222 CREEKSTONE PH SW,547.411 -20758.131|512.669 -20758.109|512.669 -20759.610|512.662 -20767.105|547.404 -20767.127|547.411 -20759.632
221 CREEKSTONE PH SW,563.287 -20767.138|598.029 -20767.171|598.043 -20766.115|598.036 -20759.121|598.050 -20758.676|598.036 -20757.620|563.294 -20757.598|563.294 -20759.099
218 CREEKSTONE PH SW,547.418 -20748.591|512.676 -20748.569|512.669 -20758.109|547.411 -20758.131
217 CREEKSTONE PH SW,563.294 -20757.598|598.036 -20757.620|598.050 -20757.175|598.057 -20749.747|598.043 -20749.580|598.057 -20748.246|598.043 -20748.079|563.301 -20748.057|563.301 -20749.547
214 CREEKSTONE PH SW,512.676 -20748.569|547.418 -20748.591|547.425 -20741.096|547.425 -20739.595|512.794 -20739.573|512.745 -20741.063|512.676 -20746.311
213 CREEKSTONE PH SW,563.301 -20748.057|598.043 -20748.079|598.064 -20740.807|598.050 -20740.029|598.064 -20739.306|598.050 -20738.539|563.308 -20738.505|563.308 -20740.007
210 CREEKSTONE PH SW,512.794 -20739.573|547.425 -20739.595|547.432 -20731.556|547.432 -20730.055|513.151 -20730.032|513.095 -20731.522|512.822 -20738.617
209 CREEKSTONE PH SW,563.308 -20738.505|598.050 -20738.539|598.071 -20731.289|598.057 -20730.488|598.071 -20729.788|598.064 -20728.987|563.315 -20728.965|563.315 -20730.466
206 CREEKSTONE PH SW,513.151 -20730.032|547.432 -20730.055|547.439 -20722.560|547.446 -20721.059|513.479 -20721.037|513.431 -20722.527|513.389 -20723.683
205 CREEKSTONE PH SW,563.315 -20728.965|598.064 -20728.987|598.078 -20720.948|598.071 -20719.447|563.322 -20719.424|563.322 -20720.914
202 CREEKSTONE PH SW,513.479 -20721.037|547.446 -20721.059|547.446 -20713.020|547.453 -20711.518|513.598 -20711.485|513.598 -20712.886|513.598 -20712.997
201 CREEKSTONE PH SW,563.322 -20719.424|598.071 -20719.447|598.085 -20717.134|598.085 -20715.588|598.078 -20711.997|598.078 -20710.507|563.329 -20710.473|563.329 -20711.974
198 CREEKSTONE PH SW,513.598 -20711.485|547.453 -20711.518|547.460 -20704.024|547.460 -20702.523|513.605 -20702.500|513.605 -20704.002
197 CREEKSTONE PH SW,563.329 -20710.473|598.078 -20710.507|598.092 -20703.535|598.085 -20703.056|598.092 -20701.900|598.085 -20701.555|563.336 -20701.533|563.336 -20703.034
194 CREEKSTONE PH SW,513.605 -20702.500|547.460 -20702.523|547.467 -20694.483|547.467 -20692.971|513.612 -20692.949|513.612 -20694.450
193 CREEKSTONE PH SW,563.336 -20701.533|598.085 -20701.555|598.092 -20694.116|598.092 -20692.615|563.343 -20692.582|563.343 -20694.083
190 CREEKSTONE PH SW,513.612 -20692.949|547.467 -20692.971|547.474 -20685.488|547.474 -20683.987|513.619 -20683.953|513.619 -20685.465
189 CREEKSTONE PH SW,563.343 -20692.582|598.092 -20692.615|598.099 -20684.565|598.099 -20683.064|563.357 -20683.041|563.350 -20684.543
186 CREEKSTONE PH SW,513.619 -20683.953|547.474 -20683.987|547.481 -20675.936|547.481 -20674.435|513.626 -20674.413|513.626 -20675.914
185 CREEKSTONE PH SW,563.357 -20683.041|598.099 -20683.064|598.106 -20682.619|598.113 -20680.673|598.106 -20675.024|598.106 -20673.523|563.364 -20673.501|563.364 -20675.002
182 CREEKSTONE PH SW,513.626 -20674.413|547.481 -20674.435|547.488 -20666.951|547.488 -20665.439|513.633 -20665.417|513.633 -20666.918
181 CREEKSTONE PH SW,563.364 -20673.501|598.106 -20673.523|598.120 -20667.519|598.120 -20666.918|598.113 -20665.473|598.120 -20665.117|598.113 -20663.983|563.371 -20663.949|563.371 -20665.450
178 CREEKSTONE PH SW,547.488 -20665.439|547.495 -20657.400|547.495 -20655.899|513.647 -20655.876|513.640 -20657.378|513.633 -20665.417
177 CREEKSTONE PH SW,563.371 -20663.949|598.113 -20663.983|598.120 -20655.932|598.120 -20654.431|563.377 -20654.409|563.377 -20655.910
174 CREEKSTONE PH SW,513.647 -20655.876|547.495 -20655.899|547.502 -20648.415|547.502 -20647.181|547.502 -20646.914|545.118 -20646.914|513.654 -20646.892|513.647 -20648.393
173 CREEKSTONE PH SW,563.377 -20654.409|598.120 -20654.431|598.127 -20646.392|598.127 -20644.890|563.384 -20644.868|563.384 -20646.358
170 CREEKSTONE PH SW,513.654 -20646.892|545.118 -20646.914|547.502 -20646.914|547.432 -20645.124|547.257 -20643.345|546.971 -20641.577|546.586 -20639.831|546.139 -20638.263|513.661 -20634.104|513.661 -20635.617
169 CREEKSTONE PH SW,563.384 -20644.868|598.127 -20644.890|598.148 -20634.338|598.141 -20631.947|596.359 -20631.936|571.235 -20631.925|567.865 -20631.925|563.391 -20636.417
166 CREEKSTONE PH SW,546.139 -20638.263|545.985 -20637.796|545.552 -20636.273|545.244 -20634.727|545.076 -20633.159|545.034 -20631.591|545.132 -20630.035|513.689 -20618.849|513.682 -20620.428|513.675 -20626.899|513.661 -20634.104
162 CREEKSTONE PH SW,548.201 -20621.539|546.489 -20619.816|545.363 -20618.682|522.917 -20596.054|513.689 -20600.457|513.689 -20618.660|513.689 -20618.849|545.132 -20630.035|545.356 -20628.467|545.713 -20626.921|546.740 -20624.130
134 CREEKSTONE PH SW,590.661 -20615.946|598.008 -20615.957|599.497 -20615.957|599.497 -20613.556|599.504 -20613.556|599.518 -20582.777|599.525 -20580.976|598.036 -20580.976|590.689 -20580.976
138 CREEKSTONE PH SW,581.825 -20615.946|589.172 -20615.946|590.661 -20615.946|590.689 -20580.976|589.200 -20580.964|581.853 -20580.964
142 CREEKSTONE PH SW,578.582 -20615.935|580.336 -20615.946|581.825 -20615.946|581.853 -20580.964|580.364 -20580.964|573.017 -20580.953|572.989 -20615.390|575.772 -20615.802
146 CREEKSTONE PH SW,565.971 -20613.611|567.635 -20613.934|569.256 -20614.401|571.109 -20614.957|572.989 -20615.390|573.017 -20580.953|571.528 -20580.953|559.673 -20580.953
150 CREEKSTONE PH SW,565.971 -20613.611|559.673 -20580.953|558.156 -20580.942|544.916 -20580.942|559.050 -20613.956|561.721 -20613.511|564.426 -20613.456
154 CREEKSTONE PH SW,517.723 -20580.920|519.505 -20582.710|551.403 -20614.879|553.115 -20616.602|555.290 -20615.335|557.610 -20614.367|559.050 -20613.956|544.916 -20580.942|543.294 -20580.931
192 CREEKSTONE HL SW,1273.540 -20943.515|1276.148 -20944.750|1278.818 -20945.828|1281.551 -20946.751|1284.333 -20947.507|1287.158 -20948.097|1290.003 -20948.530|1292.876 -20948.797|1295.756 -20948.886|1299.300 -20948.775|1302.823 -20948.408|1294.435 -20914.560|1291.876 -20914.972|1289.290 -20914.927|1286.752 -20914.438|1284.333 -20913.504|1270.611 -20941.992
188 CREEKSTONE HL SW,1294.435 -20914.560|1302.823 -20948.408|1305.563 -20947.941|1308.269 -20947.318|1310.932 -20946.551|1313.554 -20945.639|1321.145 -20942.737|1306.976 -20907.455|1305.997 -20907.855|1304.599 -20908.500|1303.271 -20909.256|1302.012 -20910.135|1300.831 -20911.124|1299.405 -20912.270|1297.846 -20913.237|1296.182 -20914.004
196 CREEKSTONE HL SW,1270.611 -20941.992|1284.333 -20913.504|1282.201 -20912.236|1280.307 -20910.624|1278.713 -20908.723|1277.448 -20906.588|1276.665 -20905.142|1275.756 -20903.786|1251.059 -20929.705|1255.784 -20933.030|1260.622 -20936.188|1265.564 -20939.179
184 CREEKSTONE HL SW,1321.145 -20942.737|1335.287 -20937.333|1320.998 -20901.751|1306.976 -20907.455
180 CREEKSTONE HL SW,1345.619 -20933.386|1347.143 -20926.169|1336.524 -20897.992|1335.685 -20895.768|1320.998 -20901.751|1335.287 -20937.333
200 CREEKSTONE HL SW,1238.776 -20919.786|1244.802 -20924.890|1251.059 -20929.705|1275.756 -20903.786|1273.855 -20901.628|1269.828 -20897.737|1265.676 -20893.567
204 CREEKSTONE HL SW,1265.676 -20893.567|1260.922 -20888.407|1256.399 -20883.037|1226.382 -20907.533|1232.415 -20913.826|1238.776 -20919.786
208 CREEKSTONE HL SW,1215.288 -20893.967|1220.657 -20900.894|1226.382 -20907.533|1256.399 -20883.037|1252.114 -20877.466|1248.081 -20871.717
201 CREEKSTONE HL SW,1306.675 -20871.294|1278.755 -20884.171|1280.817 -20886.195|1288.947 -20894.056|1290.010 -20894.845|1291.226 -20895.368|1292.533 -20895.579|1293.854 -20895.468|1294.777 -20895.179|1313.554 -20887.540|1315.203 -20886.862|1313.847 -20884.404|1307.877 -20873.496
205 CREEKSTONE HL SW,1270.373 -20874.964|1274.463 -20879.656|1278.755 -20884.171|1306.675 -20871.294|1302.026 -20862.788|1300.971 -20860.864
157 CREEKSTONE HL SW,1315.203 -20886.862|1315.742 -20886.650|1336.056 -20878.378|1337.230 -20877.721|1337.859 -20877.177|1338.398 -20876.554|1338.831 -20875.853|1339.160 -20875.097|1339.376 -20874.297|1339.467 -20873.474|1339.432 -20872.651|1339.272 -20871.839|1336.028 -20860.520|1307.877 -20873.496|1313.847 -20884.404
212 CREEKSTONE HL SW,1205.718 -20879.356|1210.311 -20886.795|1215.288 -20893.967|1248.081 -20871.717|1244.292 -20865.790|1240.776 -20859.686
209 CREEKSTONE HL SW,1262.977 -20865.312|1266.571 -20870.216|1270.373 -20874.964|1300.971 -20860.864|1296.168 -20852.091|1295.259 -20850.434
153 CREEKSTONE HL SW,1306.675 -20871.294|1307.877 -20873.496|1336.028 -20860.520|1333.679 -20853.036|1332.274 -20848.844|1302.026 -20862.788
220 CREEKSTONE HL SW,1204.006 -20876.354|1205.718 -20879.356|1240.776 -20859.686|1239.392 -20857.117|1234.023 -20846.898|1198.232 -20865.946|1202.936 -20874.419
213 CREEKSTONE HL SW,1290.310 -20841.394|1289.548 -20839.993|1256.518 -20855.227|1259.643 -20860.331|1262.977 -20865.312|1295.259 -20850.434
149 CREEKSTONE HL SW,1300.971 -20860.864|1302.026 -20862.788|1332.274 -20848.844|1330.170 -20843.129|1327.884 -20837.469|1296.168 -20852.091
224 CREEKSTONE HL SW,1189.549 -20850.301|1198.232 -20865.946|1234.023 -20846.898|1226.851 -20833.243
217 CREEKSTONE HL SW,1253.421 -20849.634|1256.518 -20855.227|1289.548 -20839.993|1284.452 -20830.686|1283.837 -20829.563|1250.863 -20844.763
145 CREEKSTONE HL SW,1295.259 -20850.434|1296.168 -20852.091|1327.884 -20837.469|1325.423 -20831.898|1322.795 -20826.416|1290.310 -20841.394
221 CREEKSTONE HL SW,1278.126 -20819.133|1245.340 -20834.244|1250.863 -20844.763|1283.837 -20829.563|1278.594 -20819.989
141 CREEKSTONE HL SW,1289.548 -20839.993|1290.310 -20841.394|1322.795 -20826.416|1319.985 -20821.001|1317.007 -20815.686|1284.452 -20830.686
148 CREEKSTONE HL SW,1346.779 -20842.206|1349.037 -20841.450|1395.531 -20825.882|1389.708 -20813.707|1341.858 -20829.730|1344.417 -20835.923
225 CREEKSTONE HL SW,1239.811 -20823.725|1245.340 -20834.244|1278.126 -20819.133|1272.743 -20809.292|1272.415 -20808.692
137 CREEKSTONE HL SW,1314.267 -20811.127|1310.715 -20805.189|1278.594 -20819.989|1283.837 -20829.563|1284.452 -20830.686|1317.007 -20815.686
238 CREEKSTONE HL SW,1173.422 -20820.701|1177.330 -20829.863|1215.673 -20811.972|1211.038 -20803.154
144 CREEKSTONE HL SW,1341.858 -20829.730|1389.708 -20813.707|1383.885 -20801.542|1336.119 -20817.532|1339.090 -20823.581
229 CREEKSTONE HL SW,1234.142 -20812.939|1239.811 -20823.725|1272.415 -20808.692|1266.738 -20798.317|1265.131 -20799.051|1256.036 -20803.165|1236.323 -20811.961
133 CREEKSTONE HL SW,1278.126 -20819.133|1278.594 -20819.989|1310.715 -20805.189|1307.730 -20799.863|1304.885 -20794.470|1272.743 -20809.292
242 CREEKSTONE HL SW,1172.737 -20819.111|1173.422 -20820.701|1211.038 -20803.154|1206.942 -20795.348|1206.243 -20793.992|1168.075 -20811.805
140 CREEKSTONE HL SW,1336.119 -20817.532|1383.885 -20801.542|1382.151 -20797.917|1380.033 -20788.699|1329.527 -20805.612|1332.917 -20811.516
246 CREEKSTONE HL SW,1165.817 -20808.258|1168.075 -20811.805|1206.243 -20793.992|1204.229 -20789.766|1202.426 -20785.441|1147.830 -20806.946
237 CREEKSTONE HL SW,1232.744 -20810.282|1234.925 -20809.303|1254.834 -20800.430|1263.481 -20796.516|1262.831 -20794.770|1259.049 -20784.618|1226.550 -20798.473|1231.912 -20808.692
129 CREEKSTONE HL SW,1272.415 -20808.692|1272.743 -20809.292|1304.885 -20794.470|1301.977 -20788.588|1299.244 -20782.628|1296.133 -20784.184|1281.754 -20791.245|1267.270 -20798.073|1266.738 -20798.317
136 CREEKSTONE HL SW,1380.033 -20788.699|1378.880 -20783.695|1370.372 -20777.813|1322.550 -20793.825|1327.744 -20802.665|1329.527 -20805.612
250 CREEKSTONE HL SW,1145.502 -20806.768|1147.830 -20806.946|1202.426 -20785.441|1200.783 -20780.860|1199.371 -20776.212|1141.777 -20792.346|1141.784 -20792.835
241 CREEKSTONE HL SW,1259.049 -20784.618|1257.756 -20781.160|1255.658 -20775.522|1221.664 -20789.177|1226.550 -20798.473
121 CREEKSTONE HL SW,1259.049 -20784.618|1262.831 -20794.770|1263.481 -20796.516|1278.133 -20789.666|1292.666 -20782.583|1295.784 -20781.015|1295.001 -20779.370|1292.939 -20774.166|1290.995 -20768.906|1257.756 -20781.160
132 CREEKSTONE HL SW,1358.796 -20769.807|1358.467 -20767.672|1316.343 -20781.771|1319.356 -20787.843|1322.550 -20793.825|1370.372 -20777.813
254 CREEKSTONE HL SW,1141.777 -20792.346|1199.371 -20776.212|1198.253 -20771.764|1197.351 -20767.272|1142.832 -20777.023|1141.693 -20780.993
245 CREEKSTONE HL SW,1255.658 -20775.522|1253.456 -20769.618|1252.331 -20766.593|1217.148 -20779.436|1218.937 -20783.706|1220.979 -20787.876|1221.664 -20789.177
117 CREEKSTONE HL SW,1255.658 -20775.522|1257.756 -20781.160|1290.995 -20768.906|1289.227 -20763.869|1287.577 -20758.787|1253.456 -20769.618
249 CREEKSTONE HL SW,1213.904 -20768.939|1215.344 -20774.243|1217.148 -20779.436|1252.331 -20766.593|1249.136 -20758.031|1248.983 -20757.609
258 CREEKSTONE HL SW,1142.832 -20777.023|1197.351 -20767.272|1196.624 -20762.468|1196.142 -20757.620|1147.551 -20761.267|1147.040 -20762.435
128 CREEKSTONE HL SW,1310.939 -20769.462|1313.547 -20775.656|1316.343 -20781.771|1358.467 -20767.672|1356.915 -20757.631|1360.222 -20752.961
257 CREEKSTONE HL SW,1245.620 -20748.580|1212.087 -20757.720|1212.800 -20763.357|1213.904 -20768.939|1248.983 -20757.609
113 CREEKSTONE HL SW,1252.331 -20766.593|1253.456 -20769.618|1287.577 -20758.787|1286.039 -20753.672|1284.613 -20748.524|1249.136 -20758.031
262 CREEKSTONE HL SW,1196.142 -20757.620|1195.918 -20753.039|1195.904 -20748.457|1153.493 -20747.557|1147.551 -20761.267
265 CREEKSTONE HL SW,1245.620 -20748.580|1244.774 -20746.322|1245.159 -20738.806|1212.513 -20739.517|1212.024 -20744.043|1211.786 -20748.602|1211.807 -20753.161|1212.087 -20757.720
109 CREEKSTONE HL SW,1248.983 -20757.609|1249.136 -20758.031|1284.613 -20748.524|1283.306 -20743.342|1282.117 -20738.127|1244.774 -20746.322|1245.620 -20748.580
266 CREEKSTONE HL SW,1153.493 -20747.557|1195.904 -20748.457|1196.128 -20743.598|1196.596 -20738.750|1160.175 -20734.224|1154.779 -20744.588
122 CREEKSTONE HL SW,1306.318 -20756.886|1308.534 -20763.213|1310.939 -20769.462|1360.222 -20752.961|1367.310 -20742.942|1381.781 -20735.714|1382.808 -20731.278
105 CREEKSTONE HL SW,1245.159 -20738.806|1244.774 -20746.322|1282.117 -20738.127|1281.041 -20732.901|1280.090 -20727.642|1245.424 -20733.602
114 CREEKSTONE HL SW,1302.481 -20744.043|1304.298 -20750.492|1306.318 -20756.886|1382.808 -20731.278|1384.143 -20725.529|1356.272 -20726.040
273 CREEKSTONE HL SW,1215.484 -20725.618|1214.198 -20730.844|1213.240 -20735.158|1212.513 -20739.517|1245.159 -20738.806|1245.424 -20733.602|1245.753 -20727.175
270 CREEKSTONE HL SW,1196.596 -20738.750|1197.260 -20734.213|1198.141 -20729.721|1166.243 -20722.593|1160.175 -20734.224
101 CREEKSTONE HL SW,1245.424 -20733.602|1280.090 -20727.642|1279.223 -20722.171|1278.489 -20716.678|1278.433 -20716.177|1246.026 -20721.782|1245.753 -20727.175
277 CREEKSTONE HL SW,1245.753 -20727.175|1246.026 -20721.782|1246.375 -20714.999|1218.162 -20713.542|1215.484 -20725.618
274 CREEKSTONE HL SW,1198.141 -20729.721|1198.805 -20726.908|1200.406 -20720.336|1170.955 -20713.353|1170.815 -20713.831|1166.243 -20722.593
106 CREEKSTONE HL SW,1356.272 -20726.040|1345.633 -20726.241|1305.284 -20708.783|1298.356 -20706.715|1295.903 -20705.981|1296.909 -20715.599|1298.349 -20725.162|1300.202 -20734.647|1302.481 -20744.043
97 CREEKSTONE HL SW,1246.026 -20721.782|1278.433 -20716.177|1276.937 -20704.702|1246.627 -20709.928|1246.375 -20714.999
278 CREEKSTONE HL SW,1170.955 -20713.353|1200.406 -20720.336|1203.013 -20708.349|1174.101 -20702.456
281 CREEKSTONE HL SW,1246.990 -20702.823|1220.468 -20701.455|1218.162 -20713.542|1246.375 -20714.999|1246.627 -20709.928
93 CREEKSTONE HL SW,1276.937 -20704.702|1275.281 -20693.238|1247.235 -20698.086|1246.990 -20702.823|1246.627 -20709.928
282 CREEKSTONE HL SW,1174.101 -20702.456|1203.013 -20708.349|1205.236 -20696.307|1176.561 -20691.392|1175.680 -20696.996
285 CREEKSTONE HL SW,1246.990 -20702.823|1247.235 -20698.086|1247.836 -20686.233|1246.033 -20686.544|1235.030 -20688.445|1224.691 -20690.236|1222.216 -20690.658|1222.125 -20691.281|1222.111 -20691.359|1220.468 -20701.455
89 CREEKSTONE HL SW,1247.235 -20698.086|1275.281 -20693.238|1273.589 -20682.374|1273.456 -20681.818|1270.031 -20682.408|1260.650 -20684.031|1247.836 -20686.233
286 CREEKSTONE HL SW,1176.561 -20691.392|1205.236 -20696.307|1206.404 -20688.968|1207.047 -20684.676|1178.344 -20680.028
290 CREEKSTONE HL SW,1207.047 -20684.676|1208.773 -20673.145|1208.997 -20671.611|1177.183 -20668.920|1178.896 -20676.536|1178.344 -20680.028
294 CREEKSTONE HL SW,1208.997 -20671.611|1209.619 -20666.462|1210.046 -20661.303|1174.807 -20658.323|1175.799 -20662.759|1177.183 -20668.920
315 CREEKSTONE HL SW,1235.030 -20688.445|1239.182 -20654.275|1230.514 -20655.765|1229.626 -20655.999|1228.787 -20656.377|1228.025 -20656.899|1227.361 -20657.533|1226.809 -20658.267|1226.389 -20659.090|1226.110 -20659.968|1225.984 -20660.880|1225.404 -20668.219|1224.481 -20675.525|1222.586 -20688.167|1222.496 -20688.790|1222.216 -20690.658|1224.691 -20690.236
319 CREEKSTONE HL SW,1247.836 -20686.233|1247.298 -20652.874|1239.182 -20654.275|1235.030 -20688.445|1246.033 -20686.544
323 CREEKSTONE HL SW,1260.650 -20684.031|1255.414 -20651.473|1247.298 -20652.874|1247.836 -20686.233
327 CREEKSTONE HL SW,1262.160 -20650.306|1255.414 -20651.473|1260.650 -20684.031|1270.031 -20682.408|1273.456 -20681.818|1273.156 -20680.039|1273.058 -20679.450|1270.842 -20667.018|1268.430 -20654.620|1268.122 -20653.619|1267.633 -20652.685|1266.969 -20651.862|1266.165 -20651.184|1265.249 -20650.673|1264.250 -20650.350|1263.201 -20650.228
298 CREEKSTONE HL SW,1210.046 -20661.303|1210.290 -20656.121|1210.346 -20650.939|1172.430 -20647.726|1174.807 -20658.323
41 CREEKSTONE ME SW,1170.053 -20637.140|1172.430 -20647.726|1210.346 -20650.939|1210.276 -20647.337|1210.129 -20645.546|1209.808 -20643.790|1209.312 -20642.066|1208.647 -20640.398
37 CREEKSTONE ME SW,1208.647 -20640.398|1207.934 -20639.008|1207.103 -20637.674|1206.159 -20636.428|1205.110 -20635.261|1203.985 -20633.971|1203.027 -20632.559|1202.251 -20631.036|1201.664 -20629.423|1167.676 -20626.543|1169.060 -20632.715|1170.053 -20637.140
9 CREEKSTONE ME SW,1258.182 -20634.772|1259.056 -20634.549|1259.881 -20634.182|1260.636 -20633.682|1261.293 -20633.059|1262.069 -20631.970|1262.551 -20630.724|1262.719 -20629.401|1262.572 -20628.067|1261.223 -20622.507|1258.867 -20622.907|1228.612 -20628.133|1228.193 -20629.757|1227.585 -20631.313|1227.144 -20632.737|1227.102 -20634.216|1227.466 -20635.661|1228.193 -20636.962|1229.241 -20638.007|1230.535 -20638.741|1231.975 -20639.086|1233.457 -20639.042
13 CREEKSTONE ME SW,1228.612 -20628.133|1258.867 -20622.907|1261.223 -20622.507|1258.350 -20611.198|1256.721 -20604.983|1256.274 -20603.370|1227.263 -20618.860|1228.186 -20621.061|1228.731 -20623.385|1228.878 -20625.765
33 CREEKSTONE ME SW,1201.664 -20629.423|1201.182 -20627.066|1201.105 -20624.653|1201.440 -20622.273|1202.174 -20619.983|1162.412 -20603.092|1167.676 -20626.543
29 CREEKSTONE ME SW,1207.047 -20613.934|1185.104 -20582.188|1185.055 -20582.121|1183.894 -20580.442|1170.724 -20581.087|1157.540 -20581.398|1157.960 -20583.255|1162.412 -20603.092|1202.174 -20619.983|1203.062 -20618.226|1204.188 -20616.614|1205.523 -20615.168
17 CREEKSTONE ME SW,1256.274 -20603.370|1252.736 -20590.694|1252.023 -20588.692|1251.038 -20586.824|1249.800 -20585.101|1248.332 -20583.578|1246.669 -20582.277|1244.830 -20581.231|1242.866 -20580.453|1240.811 -20579.953|1239.860 -20581.632|1221.887 -20613.267|1223.509 -20614.367|1224.970 -20615.679|1226.229 -20617.192|1227.263 -20618.860
21 CREEKSTONE ME SW,1221.887 -20613.267|1239.860 -20581.632|1240.811 -20579.953|1239.357 -20579.786|1212.905 -20578.051|1212.982 -20579.808|1212.982 -20579.852|1214.373 -20611.443|1216.330 -20611.487|1218.259 -20611.821|1220.119 -20612.421
25 CREEKSTONE ME SW,1207.047 -20613.934|1208.724 -20612.922|1210.535 -20612.166|1212.429 -20611.665|1214.373 -20611.443|1212.982 -20579.852|1212.982 -20579.808|1212.905 -20578.051|1211.730 -20577.973|1197.833 -20579.385|1183.894 -20580.442|1185.055 -20582.121|1185.104 -20582.188
83 CREEKSIDE GV SW,-410.347 -20926.970|-407.348 -20926.970|-385.936 -20926.970|-382.050 -20926.970|-377.681 -20922.477|-377.785 -20913.804|-410.543 -20913.793|-410.361 -20925.457
82 CREEKSIDE GV SW,-361.791 -20922.477|-357.226 -20926.981|-330.788 -20926.981|-329.006 -20926.981|-328.999 -20924.579|-328.992 -20923.578|-328.950 -20912.603|-361.903 -20912.603|-361.861 -20917.652
79 CREEKSIDE GV SW,-410.543 -20913.793|-377.785 -20913.804|-377.771 -20902.818|-410.522 -20902.807
78 CREEKSIDE GV SW,-328.908 -20901.017|-361.861 -20901.017|-361.903 -20912.603|-328.950 -20912.603
315 CREEKSIDE WY SW,-275.634 -20926.992|-269.216 -20926.992|-266.840 -20924.601|-264.749 -20922.489|-264.735 -20895.813|-264.714 -20894.012|-275.515 -20894.012
319 CREEKSIDE WY SW,-275.515 -20894.012|-285.819 -20894.012|-285.938 -20926.981|-275.634 -20926.992
323 CREEKSIDE WY SW,-285.938 -20926.981|-285.819 -20894.012|-296.738 -20894.012|-296.857 -20926.981
327 CREEKSIDE WY SW,-307.783 -20926.981|-296.857 -20926.981|-296.738 -20894.012|-307.657 -20894.012
331 CREEKSIDE WY SW,-307.657 -20894.012|-317.961 -20894.012|-318.087 -20926.981|-307.783 -20926.981
335 CREEKSIDE WY SW,-329.006 -20926.981|-328.405 -20926.981|-318.087 -20926.981|-317.961 -20894.012|-328.286 -20894.012|-328.845 -20894.012|-328.908 -20901.017|-328.950 -20912.603|-328.992 -20923.578|-328.999 -20924.579
75 CREEKSIDE GV SW,-377.604 -20892.444|-410.361 -20892.444|-410.522 -20902.807|-377.771 -20902.818
74 CREEKSIDE GV SW,-361.861 -20901.017|-328.908 -20901.017|-328.845 -20894.012|-328.866 -20889.430|-361.630 -20889.419
71 CREEKSIDE GV SW,-410.361 -20892.444|-377.604 -20892.444|-377.261 -20881.458|-410.032 -20881.458
70 CREEKSIDE GV SW,-361.630 -20889.419|-328.866 -20889.430|-328.824 -20877.833|-361.204 -20877.833
67 CREEKSIDE GV SW,-410.032 -20881.458|-377.261 -20881.458|-376.779 -20871.094|-409.578 -20871.083
66 CREEKSIDE GV SW,-361.204 -20877.833|-328.824 -20877.833|-328.782 -20875.864|-327.957 -20866.246|-360.589 -20866.235
63 CREEKSIDE GV SW,-409.578 -20871.083|-376.779 -20871.094|-376.150 -20860.720|-408.977 -20860.709
62 CREEKSIDE GV SW,-360.589 -20866.235|-327.957 -20866.246|-326.923 -20854.649|-359.778 -20854.649
59 CREEKSIDE GV SW,-408.977 -20860.709|-376.150 -20860.720|-375.318 -20849.734|-408.180 -20849.734
54 CREEKSIDE GV SW,-359.778 -20854.649|-326.923 -20854.649|-326.175 -20846.487|-325.867 -20843.051|-358.771 -20843.051|-358.799 -20843.362
55 CREEKSIDE GV SW,-408.180 -20849.734|-375.318 -20849.734|-374.619 -20841.850|-374.381 -20839.359|-407.285 -20839.359
50 CREEKSIDE GV SW,-324.770 -20831.464|-357.674 -20831.453|-358.771 -20843.051|-325.867 -20843.051
51 CREEKSIDE GV SW,-373.346 -20828.373|-406.244 -20828.373|-407.222 -20838.737|-407.285 -20839.359|-374.381 -20839.359
46 CREEKSIDE GV SW,-323.679 -20819.867|-356.576 -20819.867|-357.674 -20831.453|-324.770 -20831.464
47 CREEKSIDE GV SW,-372.361 -20818.010|-405.265 -20817.999|-406.244 -20828.373|-373.346 -20828.373
42 CREEKSIDE GV SW,-322.582 -20808.280|-355.486 -20808.269|-356.576 -20819.867|-323.679 -20819.867
43 CREEKSIDE GV SW,-371.326 -20807.024|-404.230 -20807.024|-405.265 -20817.999|-372.361 -20818.010
38 CREEKSIDE GV SW,-355.486 -20808.269|-322.582 -20808.280|-321.498 -20796.883|-323.295 -20796.883|-349.942 -20796.883|-352.214 -20798.962|-354.829 -20801.353
39 CREEKSIDE GV SW,-371.326 -20807.024|-370.788 -20801.353|-372.948 -20798.962|-374.828 -20796.883|-403.266 -20796.883|-404.230 -20807.024
21 CREEKSTONE PL SW,179.663 -20756.219|181.446 -20756.219|214.406 -20756.241|214.406 -20748.813|214.406 -20747.312|179.656 -20747.301|179.656 -20747.312|179.656 -20748.791|179.656 -20748.802
17 CREEKSTONE PL SW,214.413 -20738.394|179.663 -20738.372|179.663 -20738.383|179.663 -20739.873|179.663 -20739.884|179.656 -20747.301|214.406 -20747.312|214.413 -20739.895
13 CREEKSTONE PL SW,179.663 -20738.372|214.413 -20738.394|214.420 -20730.966|214.420 -20729.465|179.670 -20729.454|179.670 -20729.465|179.670 -20730.955
9 CREEKSTONE PL SW,209.960 -20719.969|206.591 -20719.969|181.467 -20719.958|179.677 -20719.958|179.670 -20729.454|214.420 -20729.465|214.420 -20724.473
804 CREEKSTONE CI SW,124.606 -20703.935|127.584 -20700.933|129.073 -20699.432|129.080 -20693.438|94.330 -20693.416|94.323 -20703.913
800 CREEKSTONE CI SW,94.330 -20693.416|129.080 -20693.438|129.080 -20691.937|129.087 -20684.509|94.337 -20684.476|94.337 -20691.915
796 CREEKSTONE CI SW,129.087 -20675.569|94.344 -20675.547|94.337 -20682.986|94.337 -20684.476|129.087 -20684.509|129.087 -20683.008
192 CREEKSTONE RO SW,218.607 -20703.990|226.206 -20703.990|227.478 -20704.002|227.485 -20701.600|227.506 -20670.020|227.513 -20668.219|218.635 -20668.219
188 CREEKSTONE RO SW,209.729 -20703.979|209.911 -20703.990|217.118 -20703.990|218.607 -20703.990|218.635 -20668.219|217.146 -20668.208|209.757 -20668.208
184 CREEKSTONE RO SW,200.879 -20668.197|200.858 -20703.979|208.240 -20703.979|209.729 -20703.979|209.757 -20668.208|208.268 -20668.208
180 CREEKSTONE RO SW,191.980 -20703.968|199.369 -20703.979|200.858 -20703.979|200.879 -20668.197|199.397 -20668.197|192.008 -20668.197
176 CREEKSTONE RO SW,183.103 -20703.968|190.491 -20703.968|191.980 -20703.968|192.008 -20668.197|190.519 -20668.197|183.130 -20668.186
172 CREEKSTONE RO SW,174.232 -20703.957|181.621 -20703.968|183.103 -20703.968|183.130 -20668.186|181.642 -20668.186|174.260 -20668.186
168 CREEKSTONE RO SW,165.354 -20703.957|172.743 -20703.957|174.232 -20703.957|174.260 -20668.186|172.771 -20668.186|165.382 -20668.175
164 CREEKSTONE RO SW,156.175 -20703.946|163.872 -20703.957|165.354 -20703.957|165.382 -20668.175|163.893 -20668.175|156.203 -20668.175
160 CREEKSTONE RO SW,149.415 -20703.946|154.686 -20703.946|156.175 -20703.946|156.203 -20668.175|154.714 -20668.175|146.465 -20668.163|144.976 -20668.163|144.976 -20669.965|144.949 -20699.443|146.437 -20700.944
792 CREEKSTONE CI SW,129.094 -20666.640|94.351 -20666.607|94.344 -20674.046|94.344 -20675.547|129.087 -20675.569|129.094 -20674.068
788 CREEKSTONE CI SW,94.351 -20666.607|129.094 -20666.640|129.101 -20665.139|129.101 -20657.700|94.358 -20657.678|94.351 -20665.117
784 CREEKSTONE CI SW,94.358 -20657.678|129.101 -20657.700|129.101 -20656.199|129.108 -20648.771|127.619 -20648.771|94.365 -20648.738|94.358 -20656.177
780 CREEKSTONE CI SW,94.365 -20648.738|129.108 -20648.771|129.108 -20647.659|129.108 -20647.270|129.024 -20645.391|128.821 -20643.523|128.500 -20641.666|128.067 -20639.831|94.372 -20639.809|94.365 -20647.248
667 CREEKSTONE CI SW,344.597 -20632.514|338.186 -20632.514|338.158 -20668.297|346.267 -20668.297|349.035 -20668.297|349.063 -20637.018
671 CREEKSTONE CI SW,338.186 -20632.514|329.315 -20632.514|329.287 -20668.286|336.676 -20668.286|338.158 -20668.297
675 CREEKSTONE CI SW,329.315 -20632.514|320.437 -20632.503|320.409 -20668.286|327.798 -20668.286|329.287 -20668.286
679 CREEKSTONE CI SW,320.437 -20632.503|311.567 -20632.492|311.539 -20668.275|318.921 -20668.275|320.409 -20668.286
683 CREEKSTONE CI SW,311.567 -20632.492|310.078 -20632.492|302.689 -20632.492|302.661 -20668.264|310.050 -20668.275|311.539 -20668.275
687 CREEKSTONE CI SW,293.783 -20668.264|301.172 -20668.264|302.661 -20668.264|302.689 -20632.492|301.200 -20632.492|293.811 -20632.481
695 CREEKSTONE CI SW,276.034 -20668.252|283.423 -20668.252|284.912 -20668.252|284.940 -20632.481|283.451 -20632.481|276.062 -20632.470
699 CREEKSTONE CI SW,267.163 -20668.241|274.545 -20668.252|276.034 -20668.252|276.062 -20632.470|274.573 -20632.470|267.184 -20632.470
703 CREEKSTONE CI SW,258.285 -20668.241|265.667 -20668.241|267.163 -20668.241|267.184 -20632.470|265.695 -20632.470|258.313 -20632.459
707 CREEKSTONE CI SW,249.407 -20668.230|256.796 -20668.241|258.285 -20668.241|258.313 -20632.459|256.824 -20632.459|249.435 -20632.459
711 CREEKSTONE CI SW,240.536 -20668.230|247.918 -20668.230|249.407 -20668.230|249.435 -20632.459|247.946 -20632.459|240.564 -20632.448
715 CREEKSTONE CI SW,230.491 -20668.219|239.047 -20668.230|240.536 -20668.230|240.564 -20632.448|239.075 -20632.448|230.512 -20632.448|230.512 -20634.838|230.491 -20667.619
723 CREEKSTONE CI SW,218.663 -20632.437|218.635 -20668.219|227.513 -20668.219|227.513 -20667.619|227.534 -20634.838|227.534 -20632.437
727 CREEKSTONE CI SW,209.757 -20668.208|217.146 -20668.208|218.635 -20668.219|218.663 -20632.437|217.174 -20632.437|209.785 -20632.425
731 CREEKSTONE CI SW,200.879 -20668.197|208.268 -20668.208|209.757 -20668.208|209.785 -20632.425|208.296 -20632.425|200.907 -20632.425
735 CREEKSTONE CI SW,200.907 -20632.425|199.418 -20632.425|192.036 -20632.414|192.008 -20668.197|199.397 -20668.197|200.879 -20668.197
739 CREEKSTONE CI SW,183.130 -20668.186|190.519 -20668.197|192.008 -20668.197|192.036 -20632.414|190.547 -20632.414|183.158 -20632.414
743 CREEKSTONE CI SW,174.260 -20668.186|181.642 -20668.186|183.130 -20668.186|183.158 -20632.414|181.669 -20632.414|174.281 -20632.403
747 CREEKSTONE CI SW,165.382 -20668.175|172.771 -20668.186|174.260 -20668.186|174.281 -20632.403|172.799 -20632.403|165.410 -20632.403
751 CREEKSTONE CI SW,156.224 -20632.392|156.203 -20668.175|163.893 -20668.175|165.382 -20668.175|165.410 -20632.403|163.921 -20632.403
755 CREEKSTONE CI SW,156.224 -20632.392|154.735 -20632.392|149.464 -20632.392|147.081 -20634.783|144.997 -20636.884|144.976 -20667.563|144.976 -20668.163|146.465 -20668.163|154.714 -20668.175|156.203 -20668.175
776 CREEKSTONE CI SW,94.379 -20626.577|94.372 -20638.308|94.372 -20639.809|128.067 -20639.831|127.612 -20638.330|127.591 -20638.263|127.158 -20636.751|126.850 -20635.205|126.682 -20633.626|126.640 -20632.058
772 CREEKSTONE CI SW,128.129 -20625.098|96.442 -20610.631|94.379 -20622.429|94.379 -20626.577|126.640 -20632.058|126.759 -20630.268|127.046 -20628.511|127.507 -20626.777
768 CREEKSTONE CI SW,128.129 -20625.098|128.898 -20623.496|129.828 -20621.984|130.891 -20620.561|132.093 -20619.249|109.241 -20590.427|99.482 -20593.174|96.442 -20610.631
660 CREEKSTONE CI SW,359.381 -20617.225|361.094 -20615.513|393.865 -20582.632|395.655 -20580.842|368.972 -20580.820|353.978 -20614.712|356.781 -20615.746
664 CREEKSTONE CI SW,353.978 -20614.712|368.972 -20580.820|367.344 -20580.820|353.013 -20580.809|346.519 -20614.212|348.931 -20614.034|350.720 -20614.112|352.496 -20614.367
668 CREEKSTONE CI SW,338.808 -20616.113|341.038 -20615.635|343.226 -20614.990|343.233 -20614.990|344.939 -20614.512|346.519 -20614.212|353.013 -20580.809|351.496 -20580.809|338.836 -20580.798
672 CREEKSTONE CI SW,329.322 -20616.525|333.901 -20616.525|337.319 -20616.324|338.808 -20616.113|338.836 -20580.798|337.347 -20580.798|329.350 -20580.798
676 CREEKSTONE CI SW,320.451 -20616.513|327.840 -20616.525|329.322 -20616.525|329.350 -20580.798|327.861 -20580.798|320.479 -20580.787
680 CREEKSTONE CI SW,311.574 -20616.513|318.962 -20616.513|320.451 -20616.513|320.479 -20580.787|318.990 -20580.787|311.601 -20580.787
684 CREEKSTONE CI SW,302.703 -20616.502|310.085 -20616.513|311.574 -20616.513|311.601 -20580.787|310.113 -20580.787|302.724 -20580.775
688 CREEKSTONE CI SW,293.825 -20616.502|301.214 -20616.502|302.703 -20616.502|302.724 -20580.775|301.235 -20580.775|293.853 -20580.775
692 CREEKSTONE CI SW,284.947 -20616.491|292.336 -20616.502|293.825 -20616.502|293.853 -20580.775|292.364 -20580.764|284.975 -20580.764
696 CREEKSTONE CI SW,276.076 -20616.491|283.458 -20616.491|284.947 -20616.491|284.975 -20580.764|283.486 -20580.764|276.097 -20580.764
700 CREEKSTONE CI SW,267.198 -20616.480|274.587 -20616.491|276.076 -20616.491|276.097 -20580.764|274.615 -20580.753|267.226 -20580.753
704 CREEKSTONE CI SW,267.198 -20616.480|267.226 -20580.753|265.737 -20580.753|258.348 -20580.742|258.320 -20616.480|265.709 -20616.480
708 CREEKSTONE CI SW,249.449 -20616.469|256.838 -20616.469|258.320 -20616.480|258.348 -20580.742|256.859 -20580.742|249.477 -20580.742
712 CREEKSTONE CI SW,240.571 -20616.469|247.960 -20616.469|249.449 -20616.469|249.477 -20580.742|247.988 -20580.742|240.599 -20580.731
716 CREEKSTONE CI SW,230.526 -20616.458|239.082 -20616.458|240.571 -20616.469|240.599 -20580.731|239.110 -20580.731|230.554 -20580.731|230.554 -20582.532|230.526 -20614.056
724 CREEKSTONE CI SW,218.363 -20616.447|227.548 -20616.458|227.548 -20614.056|227.576 -20582.521|227.576 -20580.731|218.390 -20580.720
728 CREEKSTONE CI SW,208.883 -20616.447|216.874 -20616.447|218.363 -20616.447|218.390 -20580.720|216.901 -20580.720|208.911 -20580.720
732 CREEKSTONE CI SW,199.404 -20616.436|207.394 -20616.447|208.883 -20616.447|208.911 -20580.720|207.422 -20580.720|199.425 -20580.709
736 CREEKSTONE CI SW,189.946 -20580.709|189.925 -20616.436|197.915 -20616.436|199.404 -20616.436|199.425 -20580.709|197.943 -20580.709
740 CREEKSTONE CI SW,180.439 -20616.424|188.436 -20616.436|189.925 -20616.436|189.946 -20580.709|188.464 -20580.698|180.467 -20580.698
744 CREEKSTONE CI SW,170.960 -20616.424|178.957 -20616.424|180.439 -20616.424|180.467 -20580.698|178.985 -20580.698|170.988 -20580.686
748 CREEKSTONE CI SW,161.481 -20616.413|169.478 -20616.413|170.960 -20616.424|170.988 -20580.686|169.499 -20580.686|161.509 -20580.686
752 CREEKSTONE CI SW,160.188 -20616.413|161.481 -20616.413|161.509 -20580.686|160.020 -20580.686|148.570 -20580.675|153.477 -20615.624|156.713 -20616.202|159.999 -20616.413
756 CREEKSTONE CI SW,150.862 -20614.868|151.911 -20615.201|153.477 -20615.624|148.570 -20580.675|147.067 -20580.675|134.561 -20580.664|145.487 -20613.911|148.213 -20614.189
760 CREEKSTONE CI SW,137.888 -20615.346|139.349 -20614.801|140.852 -20614.379|142.383 -20614.089|143.928 -20613.934|145.487 -20613.911|134.561 -20580.664|132.995 -20580.664|110.388 -20580.653|111.807 -20582.454|136.350 -20613.411
55 CREEKSTONE GD SW,738.936 -21335.811|738.943 -21334.032|738.964 -21304.243|738.964 -21301.819|737.461 -21301.808|736.706 -21301.808|730.086 -21301.808|730.065 -21335.789|736.643 -21335.789|737.440 -21335.778
51 CREEKSTONE GD SW,730.086 -21301.808|728.590 -21301.808|721.215 -21301.808|721.188 -21335.789|728.569 -21335.789|730.065 -21335.789
47 CREEKSTONE GD SW,721.188 -21335.789|721.215 -21301.808|719.720 -21301.808|712.338 -21301.808|712.317 -21335.789|719.699 -21335.789
43 CREEKSTONE GD SW,712.338 -21301.808|710.842 -21301.808|703.467 -21301.808|703.446 -21335.789|710.821 -21335.789|712.317 -21335.789
39 CREEKSTONE GD SW,694.596 -21301.808|694.568 -21335.789|701.950 -21335.789|703.446 -21335.789|703.467 -21301.808|701.971 -21301.808
35 CREEKSTONE GD SW,694.596 -21301.808|693.100 -21301.808|685.718 -21301.808|685.697 -21335.789|693.079 -21335.789|694.568 -21335.789
31 CREEKSTONE GD SW,685.697 -21335.789|685.718 -21301.808|684.229 -21301.808|676.847 -21301.808|676.819 -21335.789|684.208 -21335.789
27 CREEKSTONE GD SW,676.847 -21301.808|675.358 -21301.808|667.969 -21301.808|667.948 -21335.789|675.337 -21335.789|676.819 -21335.789
23 CREEKSTONE GD SW,667.969 -21301.808|666.487 -21301.808|659.098 -21301.808|659.077 -21335.789|666.466 -21335.789|667.948 -21335.789
19 CREEKSTONE GD SW,659.077 -21335.789|659.098 -21301.808|657.609 -21301.808|650.227 -21301.808|650.199 -21335.789|657.588 -21335.789
15 CREEKSTONE GD SW,650.227 -21301.808|648.738 -21301.808|641.349 -21301.808|641.328 -21335.789|648.717 -21335.789|650.199 -21335.789
11 CREEKSTONE GD SW,641.328 -21335.789|641.349 -21301.808|639.867 -21301.808|632.478 -21301.819|632.457 -21335.789|639.846 -21335.789
7 CREEKSTONE GD SW,632.457 -21335.789|632.478 -21301.819|630.996 -21301.819|624.048 -21301.819|621.664 -21304.210|619.574 -21306.311|619.560 -21333.988|619.560 -21335.789|630.975 -21335.789
167 CREEKSTONE PA SW,603.706 -21298.105|603.713 -21289.487|603.713 -21287.997|568.970 -21287.997|568.970 -21289.499|568.963 -21298.105|570.745 -21298.105|601.322 -21298.105
163 CREEKSTONE PA SW,568.970 -21287.997|603.713 -21287.997|603.713 -21280.536|603.720 -21279.035|568.977 -21279.035|568.977 -21280.536
152 CREEKSTONE LD SW,736.727 -21272.819|702.977 -21272.819|702.977 -21274.320|702.977 -21277.367|702.970 -21281.326|707.437 -21285.818|710.800 -21285.818|711.366 -21285.818|734.931 -21285.818|736.713 -21285.818|736.727 -21274.320
153 CREEKSTONE LD SW,682.621 -21285.818|684.704 -21283.727|687.088 -21281.326|687.095 -21274.320|687.095 -21272.819|653.345 -21272.830|653.345 -21274.320|653.338 -21285.829|653.932 -21285.829
162 CREEKSTONE PA SW,653.338 -21285.829|653.345 -21274.320|653.345 -21272.830|619.602 -21272.830|619.595 -21274.332|619.595 -21281.326|624.055 -21285.829|627.424 -21285.829|651.555 -21285.829
159 CREEKSTONE PA SW,603.720 -21279.035|603.720 -21271.574|603.727 -21270.073|568.984 -21270.084|568.984 -21271.574|568.977 -21279.035
148 CREEKSTONE LD SW,736.734 -21263.279|702.984 -21263.279|702.984 -21264.780|702.977 -21272.819|736.727 -21272.819|736.727 -21264.769
149 CREEKSTONE LD SW,687.095 -21272.819|687.102 -21264.780|687.102 -21263.279|653.352 -21263.279|653.352 -21264.780|653.345 -21272.830
158 CREEKSTONE PA SW,653.345 -21272.830|653.352 -21264.780|653.352 -21263.279|619.602 -21263.290|619.602 -21264.780|619.602 -21272.830
155 CREEKSTONE PA SW,603.727 -21270.073|603.727 -21262.612|603.727 -21261.122|568.991 -21261.122|568.984 -21262.623|568.984 -21270.084
154 CREEKSTONE PA SW,653.352 -21263.279|653.359 -21255.829|653.359 -21255.239|653.359 -21254.328|619.609 -21254.339|619.609 -21255.829|619.602 -21263.290
144 CREEKSTONE LD SW,736.741 -21253.727|702.991 -21253.738|702.991 -21255.228|702.984 -21263.279|736.734 -21263.279|736.734 -21255.228
145 CREEKSTONE LD SW,687.102 -21263.279|687.109 -21255.239|687.109 -21253.738|653.359 -21253.749|653.359 -21254.328|653.359 -21255.239|653.359 -21255.829|653.352 -21263.279
151 CREEKSTONE PA SW,603.727 -21261.122|603.734 -21253.660|603.734 -21252.159|568.991 -21252.159|568.991 -21253.660|568.991 -21261.122
150 CREEKSTONE PA SW,653.359 -21254.328|653.359 -21253.749|653.366 -21246.877|653.366 -21246.288|653.366 -21245.387|619.616 -21245.387|619.616 -21246.889|619.609 -21254.339
141 CREEKSTONE LD SW,687.109 -21253.738|687.116 -21246.288|687.116 -21244.787|653.366 -21244.787|653.366 -21245.387|653.366 -21246.288|653.366 -21246.877|653.359 -21253.749
140 CREEKSTONE LD SW,736.748 -21244.187|702.998 -21244.187|702.998 -21245.688|702.991 -21253.738|736.741 -21253.727|736.741 -21245.688
147 CREEKSTONE PA SW,603.734 -21252.159|603.741 -21244.109|603.741 -21242.619|568.998 -21242.619|568.998 -21244.120|568.991 -21252.159
146 CREEKSTONE PA SW,653.366 -21244.787|653.373 -21237.926|653.373 -21237.337|653.373 -21236.436|619.623 -21236.436|619.623 -21237.937|619.616 -21245.387|653.366 -21245.387
137 CREEKSTONE LD SW,687.116 -21244.787|687.123 -21237.326|687.123 -21235.836|653.373 -21235.836|653.373 -21236.436|653.373 -21237.337|653.373 -21237.926|653.366 -21244.787
136 CREEKSTONE LD SW,736.748 -21234.646|703.005 -21234.646|702.998 -21236.147|702.998 -21244.187|736.748 -21244.187|736.748 -21236.136
143 CREEKSTONE PA SW,603.741 -21242.619|603.748 -21235.158|603.748 -21233.656|569.005 -21233.656|569.005 -21235.158|568.998 -21242.619
142 CREEKSTONE PA SW,653.380 -21227.485|619.630 -21227.485|619.630 -21228.986|619.623 -21236.436|653.373 -21236.436|653.373 -21235.836|653.380 -21228.986|653.380 -21228.375
133 CREEKSTONE LD SW,687.123 -21235.836|687.130 -21228.375|687.130 -21226.874|653.380 -21226.885|653.380 -21227.485|653.380 -21228.375|653.380 -21228.986|653.373 -21235.836
132 CREEKSTONE LD SW,736.755 -21225.094|703.012 -21225.094|703.005 -21226.596|703.005 -21234.646|736.748 -21234.646|736.755 -21226.596
139 CREEKSTONE PA SW,603.748 -21233.656|603.754 -21226.195|603.754 -21224.694|569.012 -21224.705|569.012 -21226.195|569.005 -21233.656
138 CREEKSTONE PA SW,619.637 -21218.534|619.637 -21220.035|619.630 -21227.485|653.380 -21227.485|653.380 -21226.885|653.387 -21220.035|653.387 -21218.834|653.387 -21218.534
129 CREEKSTONE LD SW,687.130 -21226.874|687.137 -21218.834|687.137 -21217.333|653.387 -21217.333|653.387 -21218.534|653.387 -21218.834|653.387 -21220.035|653.380 -21226.885
135 CREEKSTONE PA SW,603.754 -21224.694|603.761 -21217.233|603.761 -21215.743|569.019 -21215.743|569.019 -21217.244|569.012 -21224.705
128 CREEKSTONE LD SW,736.762 -21215.554|703.019 -21215.554|703.012 -21225.094|736.755 -21225.094
134 CREEKSTONE PA SW,619.637 -21218.534|653.387 -21218.534|653.387 -21217.333|653.387 -21211.084|653.394 -21209.883|653.394 -21209.583|619.644 -21209.583|619.644 -21211.084
125 CREEKSTONE LD SW,687.137 -21217.333|687.137 -21209.883|687.144 -21208.382|653.394 -21208.382|653.394 -21209.583|653.394 -21209.883|653.387 -21211.084|653.387 -21217.333
131 CREEKSTONE PA SW,603.761 -21215.743|603.761 -21208.282|603.768 -21206.781|569.026 -21206.781|569.026 -21208.282|569.019 -21215.743
124 CREEKSTONE LD SW,736.769 -21206.603|703.019 -21206.603|703.019 -21215.554|736.762 -21215.554
130 CREEKSTONE PA SW,653.394 -21209.583|653.394 -21208.382|653.394 -21202.133|653.394 -21200.932|653.394 -21200.632|619.651 -21200.632|619.644 -21202.133|619.644 -21209.583
121 CREEKSTONE LD SW,687.144 -21208.382|687.144 -21200.921|687.144 -21199.419|653.401 -21199.431|653.394 -21200.632|653.394 -21200.932|653.394 -21202.133|653.394 -21208.382
120 CREEKSTONE LD SW,736.776 -21197.640|703.026 -21197.651|703.019 -21206.603|736.769 -21206.603
127 CREEKSTONE PA SW,603.768 -21206.781|603.768 -21198.730|603.775 -21197.240|569.033 -21197.240|569.033 -21198.741|569.026 -21206.781
126 CREEKSTONE PA SW,653.394 -21200.632|653.401 -21199.431|653.401 -21193.181|653.401 -21191.969|653.401 -21191.680|619.651 -21191.691|619.651 -21193.181|619.651 -21200.632
117 CREEKSTONE LD SW,653.401 -21190.468|653.401 -21191.680|653.401 -21191.969|653.401 -21193.181|653.401 -21199.431|687.144 -21199.419|687.151 -21191.969|687.151 -21190.468
116 CREEKSTONE LD SW,736.783 -21188.689|703.033 -21188.689|703.026 -21197.651|736.776 -21197.640
123 CREEKSTONE PA SW,603.775 -21197.240|603.775 -21189.779|603.775 -21188.278|569.040 -21188.278|569.033 -21189.779|569.033 -21197.240
122 CREEKSTONE PA SW,653.401 -21191.680|653.401 -21190.468|653.408 -21184.230|653.408 -21182.729|619.658 -21182.740|619.658 -21184.230|619.651 -21191.691
113 CREEKSTONE LD SW,653.408 -21182.729|653.408 -21184.230|653.401 -21190.468|687.151 -21190.468|687.158 -21182.429|687.158 -21180.928|653.408 -21180.928|653.408 -21182.429
112 CREEKSTONE LD SW,736.790 -21179.738|703.040 -21179.738|703.040 -21181.239|703.033 -21188.689|736.783 -21188.689|736.790 -21181.228
119 CREEKSTONE PA SW,603.775 -21188.278|603.782 -21180.817|603.782 -21179.315|569.040 -21179.315|569.040 -21180.817|569.040 -21188.278
118 CREEKSTONE PA SW,653.408 -21182.729|653.408 -21182.429|653.408 -21180.928|653.415 -21175.279|653.415 -21173.789|619.665 -21173.789|619.665 -21175.290|619.658 -21182.740
109 CREEKSTONE LD SW,653.408 -21180.928|687.158 -21180.928|687.165 -21173.467|687.165 -21171.965|653.415 -21171.977|653.415 -21173.478|653.415 -21173.789|653.415 -21175.279
108 CREEKSTONE LD SW,736.797 -21170.776|703.047 -21170.776|703.047 -21172.277|703.040 -21179.738|736.790 -21179.738|736.797 -21172.277
115 CREEKSTONE PA SW,603.782 -21179.315|603.789 -21171.854|603.789 -21170.353|569.047 -21170.364|569.047 -21171.865|569.040 -21179.315
114 CREEKSTONE PA SW,653.422 -21164.838|619.672 -21164.838|619.672 -21166.339|619.665 -21173.789|653.415 -21173.789|653.415 -21173.478|653.415 -21171.977|653.422 -21166.328
105 CREEKSTONE LD SW,687.172 -21163.014|653.422 -21163.014|653.422 -21164.515|653.422 -21164.838|653.422 -21166.328|653.415 -21171.977|687.165 -21171.965|687.172 -21164.515
104 CREEKSTONE LD SW,736.804 -21161.824|703.054 -21161.824|703.054 -21163.326|703.047 -21170.776|736.797 -21170.776|736.804 -21163.326
111 CREEKSTONE PA SW,603.789 -21170.353|603.796 -21162.903|603.796 -21161.402|569.054 -21161.402|569.054 -21162.903|569.047 -21170.364
110 CREEKSTONE PA SW,653.429 -21155.887|619.679 -21155.887|619.672 -21164.838|653.422 -21164.838|653.422 -21164.515|653.422 -21163.014|653.429 -21157.388
101 CREEKSTONE LD SW,687.179 -21154.063|653.429 -21154.063|653.429 -21155.564|653.429 -21155.887|653.429 -21157.388|653.422 -21163.014|687.172 -21163.014|687.179 -21155.564
100 CREEKSTONE LD SW,736.811 -21152.873|703.061 -21152.873|703.054 -21154.374|703.054 -21161.824|736.804 -21161.824|736.804 -21154.363
107 CREEKSTONE PA SW,603.796 -21161.402|603.803 -21153.351|603.803 -21151.850|569.061 -21151.861|569.061 -21153.363|569.054 -21161.402
106 CREEKSTONE PA SW,653.436 -21146.935|619.686 -21146.935|619.679 -21148.437|619.679 -21155.887|653.429 -21155.887|653.429 -21155.564|653.429 -21154.063|653.429 -21148.437
97 CREEKSTONE LD SW,687.179 -21154.063|687.186 -21146.024|687.186 -21144.511|653.436 -21144.523|653.436 -21146.024|653.436 -21146.935|653.429 -21148.437|653.429 -21154.063
96 CREEKSTONE LD SW,736.811 -21143.911|703.061 -21143.911|703.061 -21145.412|703.061 -21152.873|736.811 -21152.873|736.811 -21145.412|736.811 -21143.922
103 CREEKSTONE PA SW,603.803 -21151.850|603.803 -21144.400|603.810 -21142.899|569.068 -21142.899|569.068 -21144.400|569.061 -21151.861
102 CREEKSTONE PA SW,619.686 -21137.984|619.686 -21139.485|619.686 -21146.935|653.436 -21146.935|653.436 -21146.024|653.436 -21144.523|653.436 -21139.485|653.436 -21137.984
93 CREEKSTONE LD SW,687.186 -21144.511|687.186 -21137.061|687.193 -21135.560|653.443 -21135.560|653.443 -21137.061|653.436 -21137.984|653.436 -21139.485|653.436 -21144.523
99 CREEKSTONE PA SW,603.810 -21142.899|603.810 -21135.438|603.810 -21133.937|569.075 -21133.937|569.075 -21135.438|569.068 -21142.899
92 CREEKSTONE LD SW,736.825 -21132.002|735.036 -21132.002|707.542 -21131.980|703.068 -21136.472|703.061 -21143.911|736.811 -21143.911|736.818 -21134.793
98 CREEKSTONE PA SW,653.436 -21137.984|653.443 -21137.061|653.443 -21135.560|653.443 -21130.534|653.443 -21129.033|619.693 -21129.044|619.693 -21130.534|619.686 -21137.984
89 CREEKSTONE LD SW,687.193 -21135.560|687.193 -21128.110|687.193 -21126.609|653.450 -21126.609|653.443 -21128.110|653.443 -21129.033|653.443 -21130.534|653.443 -21135.560
95 CREEKSTONE PA SW,569.082 -21124.129|569.075 -21133.937|603.810 -21133.937|603.817 -21125.920|603.817 -21124.118|601.441 -21124.129
94 CREEKSTONE PA SW,653.443 -21129.033|653.443 -21128.110|653.450 -21126.609|653.450 -21121.583|653.450 -21120.082|619.700 -21120.060|619.700 -21121.561|619.693 -21129.044
85 CREEKSTONE LD SW,687.193 -21126.609|687.200 -21120.115|687.200 -21119.159|687.186 -21117.658|653.436 -21117.658|653.450 -21119.159|653.450 -21120.082|653.450 -21126.609
90 CREEKSTONE PA SW,653.450 -21120.082|653.450 -21119.159|653.436 -21117.658|653.226 -21111.142|653.142 -21109.652|619.455 -21111.687|619.532 -21113.188|619.700 -21120.060
81 CREEKSTONE LD SW,653.107 -21109.040|653.142 -21109.652|653.226 -21111.142|653.436 -21117.658|687.186 -21117.658|686.913 -21109.040
80 CREEKSTONE LD SW,736.574 -21116.012|736.588 -21104.904|702.572 -21104.882|702.921 -21111.487|705.382 -21113.899|707.514 -21115.990|710.932 -21115.990
77 CREEKSTONE LD SW,686.913 -21109.040|686.529 -21103.303|685.990 -21097.576|652.436 -21101.279|653.107 -21109.040
76 CREEKSTONE LD SW,736.588 -21104.904|736.588 -21103.403|736.595 -21095.386|701.719 -21095.363|702.460 -21103.380|702.572 -21104.882
86 CREEKSTONE PA SW,619.455 -21111.687|653.142 -21109.652|653.107 -21109.040|652.436 -21101.279|652.268 -21099.778|651.730 -21095.630|651.513 -21094.129|618.924 -21105.282|619.078 -21106.816
73 CREEKSTONE LD SW,651.304 -21092.795|651.513 -21094.129|651.730 -21095.630|652.268 -21099.778|652.436 -21101.279|685.990 -21097.576|685.823 -21096.086|684.627 -21087.413
72 CREEKSTONE LD SW,736.595 -21095.386|736.595 -21093.884|736.595 -21085.878|700.461 -21085.845|701.551 -21093.862|701.719 -21095.363
82 CREEKSTONE PA SW,618.924 -21105.282|651.513 -21094.129|651.304 -21092.795|651.059 -21091.305|649.892 -21085.067|649.584 -21083.588|648.032 -21077.016|646.452 -21078.039|625.138 -21091.716|621.468 -21094.073|618.393 -21100.934
65 CREEKSTONE LD SW,684.627 -21087.413|684.390 -21085.934|683.390 -21080.419|682.251 -21074.926|649.892 -21085.067|651.059 -21091.305|651.304 -21092.795
68 CREEKSTONE LD SW,699.014 -21077.550|700.223 -21084.344|700.461 -21085.845|736.595 -21085.878|736.602 -21084.377|736.602 -21077.350|734.966 -21075.826|734.085 -21073.291
64 CREEKSTONE LD SW,734.085 -21073.291|733.589 -21071.846|730.569 -21063.117|697.091 -21068.599|698.727 -21076.071|699.014 -21077.550
61 CREEKSTONE LD SW,682.244 -21074.926|680.727 -21068.576|679.007 -21062.283|673.946 -21060.392|648.039 -21077.016|649.892 -21085.067
60 CREEKSTONE LD SW,697.091 -21068.599|730.569 -21063.117|730.072 -21061.682|726.165 -21050.396|696.008 -21060.971|696.211 -21064.073|696.742 -21067.142|696.833 -21067.520
8 CREEKSTONE LD SW,599.434 -21047.772|602.839 -21053.676|605.956 -21059.748|608.767 -21065.974|611.269 -21072.324|612.465 -21075.737|617.596 -21077.594|620.553 -21075.693|627.438 -21071.278|628.690 -21070.478|610.018 -21040.978|608.760 -21041.790|601.776 -21046.271
56 CREEKSTONE LD SW,696.043 -21058.969|696.029 -21059.369|696.008 -21060.971|726.165 -21050.396|725.675 -21048.973|722.292 -21039.199|695.190 -21052.331|695.630 -21053.954|695.917 -21055.611|696.057 -21057.290
12 CREEKSTONE LD SW,610.018 -21040.978|628.690 -21070.478|634.918 -21066.475|636.176 -21065.674|617.498 -21036.174|616.246 -21036.986
16 CREEKSTONE LD SW,636.176 -21065.674|642.405 -21061.671|643.656 -21060.871|624.985 -21031.371|623.726 -21032.182|617.498 -21036.174
20 CREEKSTONE LD SW,651.143 -21056.067|632.464 -21026.567|631.213 -21027.379|624.985 -21031.371|643.656 -21060.871|649.885 -21056.879
52 CREEKSTONE LD SW,695.190 -21052.331|722.292 -21039.199|721.796 -21037.775|716.602 -21022.753|692.478 -21046.993|693.694 -21048.884|694.680 -21050.908
24 CREEKSTONE LD SW,651.143 -21056.067|656.379 -21052.709|657.357 -21052.053|658.560 -21051.163|639.951 -21021.774|638.693 -21022.575|632.464 -21026.578
28 CREEKSTONE LD SW,658.560 -21051.163|661.132 -21048.906|663.425 -21046.371|663.908 -21045.781|664.970 -21044.670|647.431 -21016.971|646.180 -21017.771|639.951 -21021.774
32 CREEKSTONE LD SW,670.674 -21040.900|659.469 -21009.243|658.175 -21010.077|647.431 -21016.971|664.970 -21044.670|667.032 -21042.935|669.318 -21041.534
48 CREEKSTONE LD SW,692.478 -21046.993|716.602 -21022.753|716.057 -21021.185|715.092 -21018.383|706.619 -21009.209|688.123 -21042.757|689.926 -21044.180|691.541 -21045.815
36 CREEKSTONE LD SW,674.274 -20999.747|672.841 -21000.670|659.469 -21009.243|670.674 -21040.900|672.869 -21040.144|675.141 -21039.666|676.623 -21039.521
40 CREEKSTONE LD SW,682.649 -21040.177|694.777 -20986.581|692.995 -20987.727|674.274 -20999.747|676.623 -21039.521|678.923 -21039.532|681.202 -21039.821
44 CREEKSTONE LD SW,688.123 -21042.757|706.619 -21009.209|705.550 -21008.053|705.375 -21007.864|697.273 -20984.991|694.777 -20986.581|682.649 -21040.177|684.809 -21040.933|686.864 -21041.945
328 CREEKSTONE CI SW,133.862 -20974.784|146.843 -20974.795|148.332 -20974.795|148.360 -20941.959|146.871 -20942.192|145.375 -20942.303|143.879 -20942.292|142.390 -20942.148|140.915 -20941.892
336 CREEKSTONE CI SW,148.332 -20974.795|155.742 -20974.806|157.231 -20974.806|157.252 -20939.946|155.763 -20940.124|153.169 -20940.624|150.632 -20941.347|148.360 -20941.959
384 CREEKSTONE CI SW,202.312 -20974.839|214.252 -20974.839|214.273 -20944.361|213.183 -20943.260|209.806 -20939.857|202.333 -20939.857
376 CREEKSTONE CI SW,192.812 -20974.828|200.823 -20974.839|202.312 -20974.839|202.333 -20939.857|200.844 -20939.857|192.833 -20939.846
368 CREEKSTONE CI SW,192.833 -20939.846|191.344 -20939.846|183.941 -20939.846|183.913 -20974.817|191.323 -20974.828|192.812 -20974.828
360 CREEKSTONE CI SW,175.022 -20974.817|182.424 -20974.817|183.913 -20974.817|183.941 -20939.846|182.452 -20939.835|175.043 -20939.835
352 CREEKSTONE CI SW,166.123 -20974.806|173.533 -20974.817|175.022 -20974.817|175.043 -20939.835|173.554 -20939.835|166.151 -20939.824
344 CREEKSTONE CI SW,157.231 -20974.806|164.634 -20974.806|166.123 -20974.806|166.151 -20939.824|164.662 -20939.824|159.964 -20939.824|157.252 -20939.946
320 CREEKSTONE CI SW,112.834 -20974.772|132.338 -20974.784|133.862 -20974.784|140.915 -20941.892|139.475 -20941.514|137.161 -20940.636|134.987 -20939.457
312 CREEKSTONE CI SW,98.602 -20974.761|111.073 -20974.772|112.834 -20974.772|134.987 -20939.457|133.764 -20938.601|131.890 -20936.977|130.255 -20935.109|94.142 -20963.141|94.142 -20970.258
304 CREEKSTONE CI SW,94.163 -20939.946|94.149 -20961.251|94.142 -20963.141|130.255 -20935.109|129.395 -20933.886|128.192 -20931.718|127.291 -20929.394
296 CREEKSTONE CI SW,127.291 -20929.394|126.899 -20927.948|126.494 -20925.302|126.473 -20922.622|94.170 -20922.600|94.163 -20938.367|94.163 -20939.946
288 CREEKSTONE CI SW,94.170 -20922.600|126.473 -20922.622|126.633 -20921.121|126.941 -20919.509|127.395 -20917.930|128.011 -20915.817|128.472 -20913.671|94.177 -20913.649|94.170 -20921.099
280 CREEKSTONE CI SW,94.177 -20913.649|128.472 -20913.671|128.703 -20912.170|128.870 -20910.357|128.926 -20908.534|128.926 -20904.708|94.184 -20904.686|94.177 -20912.147
272 CREEKSTONE CI SW,94.184 -20904.686|128.926 -20904.708|128.926 -20903.218|128.933 -20895.757|94.191 -20895.735|94.184 -20903.196
391 CREEKSTONE CI SW,226.548 -20923.890|226.555 -20921.488|226.576 -20891.810|226.576 -20890.008|217.118 -20889.997|217.097 -20923.878
383 CREEKSTONE CI SW,217.097 -20923.878|217.118 -20889.997|215.629 -20889.997|207.359 -20889.986|207.339 -20923.867|215.608 -20923.878
375 CREEKSTONE CI SW,207.339 -20923.867|207.359 -20889.986|205.871 -20889.986|200.886 -20889.986|199.153 -20889.986|197.601 -20889.986|197.580 -20923.867|205.850 -20923.867
367 CREEKSTONE CI SW,197.580 -20923.867|197.601 -20889.986|196.112 -20889.986|187.842 -20889.975|187.814 -20923.856|196.091 -20923.867
359 CREEKSTONE CI SW,178.083 -20889.975|178.055 -20923.856|186.325 -20923.856|187.814 -20923.856|187.842 -20889.975|186.353 -20889.975|181.355 -20889.975|179.565 -20889.975
351 CREEKSTONE CI SW,178.055 -20923.856|178.083 -20889.975|176.594 -20889.975|168.325 -20889.964|168.297 -20923.845|176.566 -20923.845
343 CREEKSTONE CI SW,168.297 -20923.845|168.325 -20889.964|166.836 -20889.964|158.566 -20889.953|158.545 -20923.834|166.808 -20923.845
335 CREEKSTONE CI SW,158.545 -20923.834|158.566 -20889.953|157.077 -20889.953|148.192 -20889.953|147.199 -20889.953|144.816 -20889.953|144.816 -20891.743|144.795 -20919.331|148.171 -20922.733|149.262 -20923.834|157.056 -20923.834
264 CREEKSTONE CI SW,94.191 -20895.735|128.933 -20895.757|128.933 -20894.256|128.940 -20886.806|94.198 -20886.784|94.191 -20894.234
255 CREEKSTONE CI SW,179.565 -20889.975|179.565 -20889.375|179.572 -20880.312|144.823 -20880.301|144.816 -20889.352|144.816 -20889.953|147.199 -20889.953|158.566 -20889.953|168.325 -20889.964|178.083 -20889.975
256 CREEKSTONE CI SW,94.198 -20886.784|128.940 -20886.806|128.940 -20885.305|128.947 -20877.855|94.205 -20877.833|94.198 -20885.283
247 CREEKSTONE CI SW,144.823 -20880.301|179.572 -20880.312|179.572 -20878.822|179.572 -20878.266|179.572 -20876.387|179.579 -20870.750|144.830 -20870.738|144.823 -20878.800
248 CREEKSTONE CI SW,94.205 -20877.833|128.947 -20877.855|128.947 -20876.354|128.954 -20868.893|94.212 -20868.870|94.205 -20876.332
239 CREEKSTONE CI SW,144.830 -20870.738|179.579 -20870.750|179.579 -20869.260|179.586 -20861.187|144.837 -20861.165|144.830 -20869.237
240 CREEKSTONE CI SW,128.954 -20868.893|128.954 -20867.391|128.961 -20859.941|94.212 -20859.919|94.212 -20867.380|94.212 -20868.870
231 CREEKSTONE CI SW,144.837 -20861.165|179.586 -20861.187|179.586 -20859.686|179.593 -20853.058|179.593 -20851.624|144.844 -20851.602|144.837 -20859.675
232 CREEKSTONE CI SW,94.212 -20859.919|128.961 -20859.941|128.961 -20858.440|128.961 -20850.990|94.219 -20850.968|94.219 -20858.418
223 CREEKSTONE CI SW,144.844 -20851.602|179.593 -20851.624|179.593 -20851.513|179.593 -20850.123|179.600 -20842.061|144.851 -20842.039|144.844 -20850.101
224 CREEKSTONE CI SW,94.219 -20850.968|128.961 -20850.990|128.968 -20849.489|128.968 -20842.028|94.226 -20842.006|94.219 -20849.467
215 CREEKSTONE CI SW,144.858 -20833.088|144.851 -20840.538|144.851 -20842.039|179.600 -20842.061|179.600 -20840.560|179.607 -20836.157|179.607 -20834.656|179.607 -20833.099
216 CREEKSTONE CI SW,94.226 -20842.006|128.968 -20842.028|128.968 -20840.527|128.975 -20833.077|94.233 -20833.054|94.226 -20840.516
207 CREEKSTONE CI SW,144.858 -20833.088|179.607 -20833.099|179.607 -20831.609|179.614 -20825.982|179.614 -20824.481|179.614 -20824.148|144.858 -20824.137|144.858 -20831.587
208 CREEKSTONE CI SW,128.982 -20824.125|94.240 -20824.103|94.233 -20831.553|94.233 -20833.054|128.975 -20833.077|128.975 -20831.576
199 CREEKSTONE CI SW,144.858 -20824.137|179.614 -20824.148|179.614 -20822.658|179.621 -20815.808|179.621 -20815.197|144.865 -20815.174|144.865 -20822.635
200 CREEKSTONE CI SW,94.240 -20824.103|128.982 -20824.125|128.982 -20822.624|128.989 -20815.163|94.247 -20815.141|94.240 -20822.602
191 CREEKSTONE CI SW,144.865 -20815.174|179.621 -20815.197|179.621 -20814.307|179.621 -20813.695|179.628 -20805.022|179.020 -20805.022|147.255 -20805.000|144.872 -20805.000|144.872 -20813.673
192 CREEKSTONE CI SW,94.247 -20815.141|128.989 -20815.163|128.989 -20813.673|128.996 -20804.989|95.246 -20804.978|94.254 -20805.967|94.247 -20813.651
175 CREEKSTONE CI SW,179.635 -20793.425|144.879 -20793.413|144.879 -20802.009|147.255 -20802.009|179.027 -20802.020|179.628 -20802.020
176 CREEKSTONE CI SW,95.246 -20801.975|128.996 -20801.998|129.003 -20792.424|94.261 -20792.402|94.254 -20800.975
167 CREEKSTONE CI SW,144.879 -20793.413|179.635 -20793.425|179.635 -20793.413|179.635 -20791.923|179.642 -20784.507|144.886 -20784.485|144.886 -20791.912
168 CREEKSTONE CI SW,94.261 -20792.402|129.003 -20792.424|129.003 -20790.923|129.010 -20782.550|94.268 -20782.527|94.261 -20790.900
159 CREEKSTONE CI SW,179.642 -20784.507|179.642 -20784.496|179.642 -20782.994|179.649 -20775.578|144.893 -20775.556|144.886 -20782.983|144.886 -20784.485
152 CREEKSTONE CI SW,94.268 -20782.527|129.010 -20782.550|129.010 -20781.049|129.017 -20772.676|94.275 -20772.653|94.268 -20781.026
151 CREEKSTONE CI SW,144.893 -20775.556|179.649 -20775.578|179.649 -20775.567|179.649 -20774.066|179.656 -20766.649|144.900 -20766.638|144.893 -20774.066
144 CREEKSTONE CI SW,94.275 -20772.653|129.017 -20772.676|129.017 -20771.174|129.024 -20762.801|94.282 -20762.779|94.275 -20771.152
143 CREEKSTONE CI SW,144.900 -20766.638|179.656 -20766.649|179.656 -20765.148|179.663 -20757.731|144.907 -20757.709|144.900 -20765.137
136 CREEKSTONE CI SW,94.289 -20752.905|94.282 -20761.278|94.282 -20762.779|129.024 -20762.801|129.024 -20761.300|129.031 -20752.927
135 CREEKSTONE CI SW,144.907 -20757.709|179.663 -20757.731|179.663 -20757.720|179.663 -20756.230|179.663 -20756.219|179.656 -20748.802|144.914 -20748.780|144.907 -20756.208
128 CREEKSTONE CI SW,94.289 -20752.905|129.031 -20752.927|129.031 -20751.426|129.038 -20743.053|94.296 -20743.031|94.289 -20751.404
127 CREEKSTONE CI SW,144.914 -20748.780|179.656 -20748.802|179.656 -20748.791|179.656 -20747.312|179.656 -20747.301|179.663 -20739.884|144.921 -20739.862|144.914 -20747.290
120 CREEKSTONE CI SW,94.296 -20743.031|129.038 -20743.053|129.038 -20741.552|129.045 -20733.179|94.303 -20733.157|94.296 -20741.530
119 CREEKSTONE CI SW,179.663 -20739.884|179.663 -20739.873|179.663 -20738.383|179.663 -20738.372|179.670 -20730.955|144.928 -20730.944|144.921 -20738.361|144.921 -20739.862
111 CREEKSTONE CI SW,144.928 -20730.944|179.670 -20730.955|179.670 -20729.465|179.670 -20729.454|179.677 -20719.958|179.083 -20719.958|152.771 -20719.947|149.401 -20719.936|144.928 -20724.439|144.928 -20729.443
112 CREEKSTONE CI SW,94.303 -20733.157|129.045 -20733.179|129.045 -20731.678|129.052 -20727.820|129.052 -20724.428|124.585 -20719.925|121.216 -20719.925|94.309 -20719.902|94.309 -20722.705|94.303 -20731.656
464 CREEKSTONE CI SW,293.978 -20974.906|295.467 -20974.906|301.102 -20974.906|304.087 -20971.915|304.108 -20943.326|304.108 -20939.935|295.495 -20939.924|294.006 -20939.924
456 CREEKSTONE CI SW,293.978 -20974.906|294.006 -20939.924|286.604 -20939.924|285.108 -20939.924|285.087 -20974.895|286.576 -20974.895
448 CREEKSTONE CI SW,285.087 -20974.895|285.108 -20939.924|277.705 -20939.913|276.216 -20939.913|276.188 -20974.895|277.677 -20974.895
440 CREEKSTONE CI SW,276.188 -20974.895|276.216 -20939.913|268.813 -20939.902|267.324 -20939.902|267.296 -20974.884|268.785 -20974.884
432 CREEKSTONE CI SW,258.404 -20974.872|259.893 -20974.884|267.296 -20974.884|267.324 -20939.902|259.921 -20939.902|258.432 -20939.902
424 CREEKSTONE CI SW,258.404 -20974.872|258.432 -20939.902|251.029 -20939.891|249.540 -20939.891|249.512 -20974.872|251.001 -20974.872
416 CREEKSTONE CI SW,249.512 -20974.872|249.540 -20939.891|242.130 -20939.891|240.641 -20939.891|240.620 -20974.861|242.109 -20974.861
408 CREEKSTONE CI SW,240.620 -20974.861|240.641 -20939.891|234.629 -20939.879|230.155 -20944.372|230.155 -20949.175|230.134 -20974.850
503 CREEKSTONE CI SW,335.963 -20923.967|337.452 -20923.967|344.380 -20923.967|348.854 -20919.475|348.875 -20891.899|348.875 -20890.097|337.501 -20890.086|337.480 -20890.086|336.012 -20890.086|335.991 -20890.086
495 CREEKSTONE CI SW,335.963 -20923.967|335.991 -20890.086|328.602 -20890.075|328.588 -20890.075|327.113 -20890.075|327.092 -20890.075|327.071 -20923.956|328.560 -20923.956
487 CREEKSTONE CI SW,327.071 -20923.956|327.092 -20890.075|319.710 -20890.075|319.689 -20890.075|318.221 -20890.075|318.200 -20890.075|318.180 -20923.956|319.668 -20923.956
479 CREEKSTONE CI SW,309.309 -20890.064|309.281 -20923.945|310.770 -20923.945|318.180 -20923.956|318.200 -20890.075|310.819 -20890.064|310.798 -20890.064|309.330 -20890.064
471 CREEKSTONE CI SW,309.281 -20923.945|309.309 -20890.064|301.920 -20890.064|301.906 -20890.064|300.431 -20890.064|300.410 -20890.064|300.389 -20923.934|301.878 -20923.945
463 CREEKSTONE CI SW,300.389 -20923.934|300.410 -20890.064|293.028 -20890.053|293.007 -20890.053|291.539 -20890.053|291.518 -20890.053|291.497 -20923.934|292.986 -20923.934
455 CREEKSTONE CI SW,291.518 -20890.053|284.136 -20890.053|284.115 -20890.053|282.647 -20890.042|282.626 -20890.042|282.598 -20923.923|284.087 -20923.923|291.497 -20923.934
447 CREEKSTONE CI SW,282.598 -20923.923|282.626 -20890.042|275.237 -20890.042|275.223 -20890.042|273.748 -20890.042|273.734 -20890.042|273.706 -20923.923|275.195 -20923.923
439 CREEKSTONE CI SW,273.706 -20923.923|273.734 -20890.042|266.345 -20890.031|266.324 -20890.031|264.856 -20890.031|264.835 -20890.031|264.814 -20923.912|266.303 -20923.912
431 CREEKSTONE CI SW,264.814 -20923.912|264.835 -20890.031|257.453 -20890.031|257.432 -20890.031|255.964 -20890.031|255.943 -20890.031|255.915 -20923.901|257.404 -20923.912
423 CREEKSTONE CI SW,247.023 -20923.901|248.512 -20923.901|255.915 -20923.901|255.943 -20890.031|248.554 -20890.020|248.540 -20890.020|247.065 -20890.020|247.051 -20890.020
415 CREEKSTONE CI SW,247.023 -20923.901|247.051 -20890.020|239.662 -20890.020|239.642 -20890.020|238.174 -20890.008|238.153 -20890.008|238.132 -20923.890|239.621 -20923.890
407 CREEKSTONE CI SW,238.132 -20923.890|238.153 -20890.008|229.554 -20890.008|229.554 -20891.810|229.533 -20923.890
81 CREEKSTONE PL SW,239.662 -20890.020|239.690 -20856.706|238.194 -20857.039|236.069 -20857.673|234.483 -20858.129|232.868 -20858.440|231.225 -20858.596|229.582 -20858.618|229.575 -20861.020|229.561 -20889.408|229.554 -20890.008|238.153 -20890.008|238.174 -20890.008|239.642 -20890.020
129 CREEKSTONE PL SW,348.896 -20860.631|344.429 -20856.216|337.522 -20856.205|337.501 -20890.086|348.875 -20890.097|348.896 -20863.021|348.896 -20860.709
125 CREEKSTONE PL SW,337.522 -20856.205|328.630 -20856.205|328.602 -20890.075|335.991 -20890.086|337.501 -20890.086
121 CREEKSTONE PL SW,328.630 -20856.205|319.731 -20856.194|319.710 -20890.075|327.092 -20890.075|328.602 -20890.075
117 CREEKSTONE PL SW,319.710 -20890.075|319.738 -20856.194|318.242 -20856.194|310.840 -20856.183|310.819 -20890.064|318.200 -20890.075|318.221 -20890.075|319.689 -20890.075
113 CREEKSTONE PL SW,310.819 -20890.064|310.840 -20856.183|309.351 -20856.183|301.948 -20856.183|301.920 -20890.064|309.309 -20890.064|309.330 -20890.064|310.798 -20890.064
109 CREEKSTONE PL SW,301.920 -20890.064|301.948 -20856.183|300.459 -20856.183|293.056 -20856.172|293.028 -20890.053|300.410 -20890.064|300.431 -20890.064|301.906 -20890.064
105 CREEKSTONE PL SW,293.028 -20890.053|293.056 -20856.172|291.560 -20856.172|284.157 -20856.172|284.136 -20890.053|291.518 -20890.053|291.539 -20890.053|293.007 -20890.053
101 CREEKSTONE PL SW,284.136 -20890.053|284.157 -20856.172|282.668 -20856.172|275.265 -20856.161|275.237 -20890.042|282.626 -20890.042|282.647 -20890.042|284.115 -20890.053
97 CREEKSTONE PL SW,275.237 -20890.042|275.265 -20856.161|273.776 -20856.161|266.373 -20856.161|266.345 -20890.031|273.734 -20890.042|273.748 -20890.042|275.223 -20890.042
93 CREEKSTONE PL SW,257.453 -20890.031|264.835 -20890.031|264.856 -20890.031|266.324 -20890.031|266.345 -20890.031|266.373 -20856.161|264.884 -20856.150|257.474 -20856.150
89 CREEKSTONE PL SW,257.453 -20890.031|257.474 -20856.150|255.985 -20856.150|248.582 -20856.139|248.554 -20890.020|255.943 -20890.031|255.964 -20890.031|257.432 -20890.031
85 CREEKSTONE PL SW,248.554 -20890.020|248.582 -20856.139|247.093 -20856.139|245.395 -20856.139|242.529 -20856.283|239.690 -20856.706|239.662 -20890.020|247.051 -20890.020|247.065 -20890.020|248.540 -20890.020
73 CREEKSTONE PL SW,217.118 -20889.997|226.576 -20890.008|226.576 -20889.408|226.597 -20860.709|226.597 -20858.262|225.101 -20857.895|223.640 -20857.395|222.228 -20856.783|220.865 -20856.038|200.886 -20889.986|205.871 -20889.986|207.359 -20889.986|215.629 -20889.997
69 CREEKSTONE PL SW,200.886 -20889.986|220.865 -20856.038|219.614 -20855.227|217.412 -20853.381|215.517 -20851.213|179.572 -20878.266|179.572 -20878.822|179.572 -20880.312|179.565 -20889.375|179.565 -20889.975|181.355 -20889.975|186.353 -20889.975|187.842 -20889.975|196.112 -20889.986|197.601 -20889.986|199.153 -20889.986
65 CREEKSTONE PL SW,179.579 -20870.750|179.572 -20876.387|179.572 -20878.266|215.517 -20851.213|214.679 -20849.967|213.343 -20847.410|212.428 -20844.674|179.593 -20853.058|179.586 -20859.686|179.586 -20861.187|179.579 -20869.260
61 CREEKSTONE PL SW,179.593 -20851.624|179.593 -20853.058|212.428 -20844.674|212.120 -20843.207|211.910 -20841.450|211.868 -20839.682|211.994 -20837.914|212.295 -20836.168|179.607 -20836.157|179.600 -20840.560|179.600 -20842.061|179.593 -20850.123|179.593 -20851.513
57 CREEKSTONE PL SW,179.607 -20833.099|179.607 -20834.656|179.607 -20836.157|212.295 -20836.168|212.686 -20834.678|212.826 -20834.233|213.420 -20832.220|213.875 -20830.174|214.175 -20828.095|214.336 -20826.005|179.614 -20825.982|179.607 -20831.609
53 CREEKSTONE PL SW,179.614 -20825.982|214.336 -20826.005|214.357 -20824.848|214.357 -20824.504|214.364 -20815.830|179.621 -20815.808|179.614 -20822.658|179.614 -20824.148|179.614 -20824.481
130 CREEKSTONE PL SW,344.443 -20840.227|348.917 -20835.734|348.917 -20832.343|348.938 -20809.047|348.938 -20807.246|339.095 -20807.235|339.067 -20840.215
126 CREEKSTONE PL SW,339.067 -20840.215|339.095 -20807.235|337.606 -20807.235|330.196 -20807.235|330.175 -20840.215|337.578 -20840.215
122 CREEKSTONE PL SW,330.175 -20840.215|330.196 -20807.235|328.707 -20807.235|321.304 -20807.224|321.276 -20840.204|328.686 -20840.215
118 CREEKSTONE PL SW,321.381 -20807.146|312.482 -20807.146|312.461 -20840.126|321.353 -20840.126
114 CREEKSTONE PL SW,312.384 -20840.193|312.405 -20807.224|310.916 -20807.213|303.514 -20807.213|303.486 -20840.193|310.895 -20840.193
110 CREEKSTONE PL SW,303.486 -20840.193|303.514 -20807.213|302.025 -20807.213|294.622 -20807.202|294.594 -20840.182|301.997 -20840.193
106 CREEKSTONE PL SW,294.594 -20840.182|294.622 -20807.202|293.126 -20807.202|285.723 -20807.202|285.695 -20840.182|293.105 -20840.182
102 CREEKSTONE PL SW,285.695 -20840.182|285.723 -20807.202|284.234 -20807.202|276.831 -20807.191|276.803 -20840.171|284.206 -20840.182
98 CREEKSTONE PL SW,267.911 -20840.160|275.314 -20840.171|276.803 -20840.171|276.831 -20807.191|275.342 -20807.191|267.932 -20807.179
94 CREEKSTONE PL SW,267.911 -20840.160|267.932 -20807.179|266.443 -20807.179|259.040 -20807.179|259.012 -20840.160|266.422 -20840.160
90 CREEKSTONE PL SW,259.012 -20840.160|259.040 -20807.179|257.551 -20807.179|250.141 -20807.168|250.120 -20840.149|257.523 -20840.160
86 CREEKSTONE PL SW,250.120 -20840.149|250.141 -20807.168|248.652 -20807.168|241.249 -20807.168|241.221 -20840.149|248.631 -20840.149
82 CREEKSTONE PL SW,230.225 -20835.634|232.309 -20837.736|234.692 -20840.138|239.732 -20840.138|241.221 -20840.149|241.249 -20807.168|239.760 -20807.168|230.246 -20807.157|230.246 -20808.959
49 CREEKSTONE PL SW,179.621 -20815.808|214.364 -20815.830|214.364 -20814.329|214.371 -20805.044|211.987 -20805.044|181.418 -20805.022|179.628 -20805.022|179.621 -20813.695|179.621 -20814.307|179.621 -20815.197
41 CREEKSTONE PL SW,179.628 -20802.020|181.418 -20802.020|211.994 -20802.042|214.371 -20802.042|214.378 -20793.436|214.385 -20791.946|179.635 -20791.923|179.635 -20793.413|179.635 -20793.425
37 CREEKSTONE PL SW,214.385 -20791.946|214.385 -20784.518|214.385 -20783.017|212.008 -20783.017|179.642 -20782.994|179.642 -20784.496|179.642 -20784.507|179.635 -20791.923
33 CREEKSTONE PL SW,179.642 -20782.994|212.008 -20783.017|214.385 -20783.017|214.392 -20775.589|214.392 -20774.088|179.649 -20774.066|179.649 -20775.567|179.649 -20775.578
29 CREEKSTONE PL SW,179.649 -20774.066|214.392 -20774.088|214.399 -20766.671|214.399 -20765.170|179.656 -20765.148|179.656 -20766.649
25 CREEKSTONE PL SW,179.656 -20765.148|214.399 -20765.170|214.406 -20757.742|214.406 -20756.241|181.446 -20756.219|179.663 -20756.219|179.663 -20756.230|179.663 -20757.731
105 CREEKSTONE MR SW,93.946 -21236.470|99.972 -21234.524|105.872 -21232.244|110.402 -21230.432|114.994 -21228.808|119.643 -21227.363|124.348 -21226.095|128.703 -21220.591|128.710 -21216.744|128.710 -21215.887|128.710 -21214.364|93.960 -21219.057|93.960 -21220.569|93.953 -21233.556
104 CREEKSTONE MR SW,144.592 -21210.939|144.592 -21212.440|144.585 -21218.267|146.969 -21220.524|149.045 -21222.481|156.196 -21222.359|163.340 -21222.626|170.464 -21223.315|177.538 -21224.394|179.328 -21224.739|179.328 -21217.856|179.335 -21216.354|179.335 -21212.463|179.335 -21210.962|146.976 -21210.939
101 CREEKSTONE MR SW,93.960 -21219.057|128.710 -21214.364|128.717 -21208.593|128.717 -21207.092|93.974 -21209.305|93.967 -21210.817
100 CREEKSTONE MR SW,179.335 -21210.962|179.342 -21202.889|179.342 -21201.388|146.983 -21201.365|144.599 -21201.365|144.599 -21202.855|144.592 -21210.939|146.976 -21210.939
97 CREEKSTONE MR SW,93.974 -21209.305|128.717 -21207.092|128.717 -21201.288|128.724 -21199.786|93.981 -21199.753|93.974 -21201.254
93 CREEKSTONE MR SW,93.981 -21199.753|128.724 -21199.786|128.724 -21193.571|128.724 -21192.081|93.981 -21192.047|93.981 -21193.548
92 CREEKSTONE MR SW,144.606 -21191.814|144.606 -21193.304|144.599 -21201.365|146.983 -21201.365|179.342 -21201.388|179.349 -21193.337|179.349 -21191.836|146.990 -21191.814
89 CREEKSTONE MR SW,93.981 -21192.047|128.724 -21192.081|128.731 -21185.865|128.731 -21184.364|93.988 -21184.341|93.988 -21185.843
88 CREEKSTONE MR SW,144.606 -21191.814|146.990 -21191.814|179.349 -21191.836|179.356 -21183.785|179.356 -21182.284|146.997 -21182.262|144.613 -21182.262|144.613 -21183.763
85 CREEKSTONE MR SW,93.988 -21184.341|128.731 -21184.364|128.738 -21178.159|128.738 -21176.658|93.995 -21176.636|93.995 -21178.137
84 CREEKSTONE MR SW,144.613 -21182.262|146.997 -21182.262|179.356 -21182.284|179.363 -21174.845|179.363 -21173.344|147.004 -21173.322|144.620 -21173.322|144.620 -21174.812
81 CREEKSTONE MR SW,128.738 -21176.658|128.745 -21170.453|128.745 -21168.952|94.002 -21168.930|94.002 -21170.431|93.995 -21176.636
80 CREEKSTONE MR SW,144.620 -21173.322|147.004 -21173.322|179.363 -21173.344|179.370 -21165.905|179.370 -21164.404|147.011 -21164.371|144.627 -21164.371|144.627 -21165.872
77 CREEKSTONE MR SW,94.002 -21168.930|128.745 -21168.952|128.745 -21162.747|128.745 -21161.246|94.002 -21161.224|94.002 -21162.725
76 CREEKSTONE MR SW,144.627 -21164.371|147.011 -21164.371|179.370 -21164.404|179.377 -21156.954|179.377 -21155.453|147.018 -21155.431|144.634 -21155.431|144.634 -21156.932
73 CREEKSTONE MR SW,94.002 -21161.224|128.745 -21161.246|128.752 -21155.042|128.752 -21153.540|94.009 -21153.518|94.009 -21155.019
68 CREEKSTONE MR SW,144.634 -21155.431|147.018 -21155.431|179.377 -21155.453|179.384 -21148.014|179.384 -21146.513|147.025 -21146.491|144.641 -21146.491|144.641 -21147.992
69 CREEKSTONE MR SW,94.016 -21145.812|94.016 -21147.302|94.009 -21153.518|128.752 -21153.540|128.752 -21150.260|128.612 -21147.325|128.423 -21145.835
64 CREEKSTONE MR SW,144.641 -21146.491|147.025 -21146.491|179.384 -21146.513|179.384 -21145.512|179.391 -21135.015|177.601 -21135.015|149.115 -21135.004|147.032 -21137.095|144.648 -21139.497
65 CREEKSTONE MR SW,126.689 -21138.852|94.023 -21134.960|94.023 -21136.472|94.016 -21145.812|128.423 -21145.835|127.934 -21143.322|127.235 -21140.875|127.088 -21140.408
56 CREEKSTONE GV SW,264.751 -21135.627|264.758 -21128.244|230.016 -21128.210|230.009 -21135.594|230.009 -21137.095|230.016 -21137.095|262.962 -21137.117|264.751 -21137.128|264.751 -21137.106
61 CREEKSTONE MR SW,94.023 -21134.960|126.689 -21138.852|126.438 -21137.406|126.305 -21135.938|126.291 -21134.471|126.389 -21133.003|126.612 -21131.513|94.030 -21125.241|94.030 -21126.765
52 CREEKSTONE GV SW,230.016 -21128.210|264.758 -21128.244|264.758 -21126.742|264.765 -21119.348|230.023 -21119.326|230.016 -21126.709
48 CREEKSTONE GV SW,230.023 -21119.326|264.765 -21119.348|264.765 -21117.858|264.772 -21110.464|230.030 -21110.441|230.023 -21117.825
57 CREEKSTONE MR SW,128.479 -21126.231|94.037 -21107.550|94.037 -21109.252|94.030 -21125.241|126.612 -21131.513|127.109 -21129.511|127.829 -21127.576
44 CREEKSTONE GV SW,230.030 -21110.441|264.772 -21110.464|264.772 -21108.974|264.779 -21101.579|230.037 -21101.557|230.030 -21108.940
40 CREEKSTONE GV SW,230.037 -21101.557|264.779 -21101.579|264.779 -21100.089|264.786 -21092.695|230.044 -21092.672|230.037 -21100.056
53 CREEKSTONE MR SW,128.479 -21126.231|129.430 -21124.641|130.541 -21123.151|131.541 -21122.039|129.129 -21119.659|95.057 -21085.978|94.051 -21086.990|94.051 -21087.090|94.037 -21107.550
36 CREEKSTONE GV SW,230.044 -21092.672|264.786 -21092.695|264.786 -21091.205|264.786 -21084.110|263.004 -21084.110|232.427 -21084.088|230.044 -21084.088|230.044 -21091.171
5 CREEKSTONE MR SW,206.521 -21119.048|209.673 -21119.048|214.147 -21114.556|214.147 -21109.752|214.168 -21084.077|206.549 -21084.077|206.521 -21115.656
9 CREEKSTONE MR SW,198.894 -21084.066|198.873 -21115.645|198.866 -21119.048|205.032 -21119.048|206.521 -21119.048|206.521 -21115.656|206.549 -21084.077|205.060 -21084.066
13 CREEKSTONE MR SW,191.211 -21119.037|197.377 -21119.048|198.866 -21119.048|198.873 -21115.645|198.894 -21084.066|197.405 -21084.066|191.239 -21084.055|191.218 -21115.645
17 CREEKSTONE MR SW,183.564 -21119.037|189.723 -21119.037|191.211 -21119.037|191.218 -21115.645|191.239 -21084.055|189.750 -21084.055|183.585 -21084.055|183.564 -21115.634
21 CREEKSTONE MR SW,176.511 -21119.026|182.075 -21119.037|183.564 -21119.037|183.564 -21115.634|183.585 -21084.055|182.096 -21084.055|176.538 -21084.055|176.518 -21115.634
25 CREEKSTONE MR SW,176.538 -21084.055|175.050 -21084.044|168.884 -21084.044|168.863 -21115.623|168.863 -21119.026|175.022 -21119.026|176.511 -21119.026|176.518 -21115.634
29 CREEKSTONE MR SW,161.208 -21119.014|167.374 -21119.026|168.863 -21119.026|168.863 -21115.623|168.884 -21084.044|167.395 -21084.044|161.229 -21084.044|161.208 -21115.623
33 CREEKSTONE MR SW,159.831 -21119.014|161.208 -21119.014|161.208 -21115.623|161.229 -21084.044|159.740 -21084.033|154.183 -21084.033|154.162 -21118.458|156.923 -21118.870|159.719 -21119.014
37 CREEKSTONE MR SW,154.162 -21118.458|154.183 -21084.033|152.694 -21084.033|147.137 -21084.033|147.116 -21116.679|148.828 -21116.991|150.506 -21117.469|152.673 -21118.114
41 CREEKSTONE MR SW,147.116 -21116.679|147.137 -21084.033|145.648 -21084.021|133.973 -21084.021|140.160 -21113.577|140.859 -21116.902|143.229 -21116.557|145.627 -21116.535
45 CREEKSTONE MR SW,140.859 -21116.902|140.160 -21113.577|133.973 -21084.021|132.450 -21084.021|116.148 -21084.010|133.987 -21115.923|135.637 -21118.881|137.483 -21117.969|139.412 -21117.269
49 CREEKSTONE MR SW,135.637 -21118.881|133.987 -21115.923|116.148 -21084.010|114.435 -21083.999|97.036 -21083.988|95.057 -21085.978|129.129 -21119.659|131.541 -21122.039|132.897 -21120.782|134.372 -21119.670
251 CREEKVIEW GD SW,169.981 -21804.009|168.786 -21801.718|138.846 -21817.563|142.691 -21824.935|145.731 -21824.602|173.952 -21821.522|176.343 -21821.266|175.168 -21816.807|173.707 -21812.437|171.981 -21808.156
247 CREEKVIEW GD SW,132.352 -21805.109|138.846 -21817.563|168.786 -21801.718|162.292 -21789.275
243 CREEKVIEW GD SW,125.858 -21792.667|132.352 -21805.109|162.292 -21789.275|155.798 -21776.833
239 CREEKVIEW GD SW,124.508 -21790.076|125.858 -21792.667|155.798 -21776.833|149.297 -21764.379|119.077 -21780.369
235 CREEKVIEW GD SW,112.226 -21768.115|119.077 -21780.369|149.297 -21764.379|142.802 -21751.936
8 CREEKVIEW MR SW,432.341 -21787.674|443.617 -21787.718|443.624 -21785.906|443.687 -21760.231|443.694 -21755.427|439.241 -21750.913|432.432 -21750.902
12 CREEKVIEW MR SW,423.449 -21787.652|430.852 -21787.674|432.341 -21787.674|432.432 -21750.902|430.943 -21750.891|423.540 -21750.880
20 CREEKVIEW MR SW,414.648 -21750.857|414.557 -21787.630|421.960 -21787.652|423.449 -21787.652|423.540 -21750.880|422.051 -21750.868
24 CREEKVIEW MR SW,405.665 -21787.607|413.068 -21787.630|414.557 -21787.630|414.648 -21750.857|413.159 -21750.857|405.749 -21750.835
28 CREEKVIEW MR SW,396.773 -21787.596|404.176 -21787.607|405.665 -21787.607|405.749 -21750.835|404.260 -21750.835|396.857 -21750.813
32 CREEKVIEW MR SW,387.882 -21787.574|395.284 -21787.585|396.773 -21787.596|396.857 -21750.813|395.368 -21750.813|387.965 -21750.791
36 CREEKVIEW MR SW,387.965 -21750.791|386.476 -21750.791|379.074 -21750.768|378.990 -21787.552|386.393 -21787.563|387.882 -21787.574
40 CREEKVIEW MR SW,370.091 -21787.529|377.494 -21787.541|378.990 -21787.552|379.074 -21750.768|377.585 -21750.768|370.182 -21750.746
48 CREEKVIEW MR SW,361.199 -21787.507|368.602 -21787.518|370.091 -21787.529|370.182 -21750.746|368.693 -21750.746|361.290 -21750.724
52 CREEKVIEW MR SW,352.307 -21787.485|359.710 -21787.507|361.199 -21787.507|361.290 -21750.724|359.801 -21750.724|352.391 -21750.713
56 CREEKVIEW MR SW,352.307 -21787.485|352.391 -21750.713|350.902 -21750.702|343.499 -21750.691|343.415 -21787.463|350.818 -21787.485
60 CREEKVIEW MR SW,334.523 -21787.441|341.926 -21787.463|343.415 -21787.463|343.499 -21750.691|342.010 -21750.679|334.607 -21750.668
64 CREEKVIEW MR SW,325.631 -21787.418|333.034 -21787.441|334.523 -21787.441|334.607 -21750.668|333.118 -21750.657|325.715 -21750.646
68 CREEKVIEW MR SW,316.732 -21787.396|324.142 -21787.418|325.631 -21787.418|325.715 -21750.646|324.226 -21750.635|316.823 -21750.624
76 CREEKVIEW MR SW,307.841 -21787.374|315.244 -21787.396|316.732 -21787.396|316.823 -21750.624|315.334 -21750.624|307.931 -21750.602
80 CREEKVIEW MR SW,298.949 -21787.363|306.352 -21787.374|307.841 -21787.374|307.931 -21750.602|306.443 -21750.602|299.033 -21750.579
84 CREEKVIEW MR SW,290.057 -21787.340|297.460 -21787.352|298.949 -21787.363|299.033 -21750.579|297.544 -21750.579|290.141 -21750.557
88 CREEKVIEW MR SW,281.165 -21787.318|288.568 -21787.329|290.057 -21787.340|290.141 -21750.557|288.652 -21750.557|281.249 -21750.535
92 CREEKVIEW MR SW,281.165 -21787.318|281.249 -21750.535|279.760 -21750.535|272.357 -21750.513|272.273 -21787.296|279.676 -21787.307
96 CREEKVIEW MR SW,263.381 -21787.274|270.784 -21787.296|272.273 -21787.296|272.357 -21750.513|270.868 -21750.513|263.465 -21750.502
100 CREEKVIEW MR SW,254.489 -21787.251|261.892 -21787.274|263.381 -21787.274|263.465 -21750.502|261.976 -21750.490|254.573 -21750.479
104 CREEKVIEW MR SW,245.010 -21787.229|253.000 -21787.251|254.489 -21787.251|254.573 -21750.479|253.084 -21750.468|245.101 -21750.457
108 CREEKVIEW MR SW,245.101 -21750.457|243.612 -21750.446|235.622 -21750.435|235.538 -21787.207|243.521 -21787.229|245.010 -21787.229
112 CREEKVIEW MR SW,235.622 -21750.435|234.133 -21750.424|225.521 -21750.413|224.927 -21750.401|224.920 -21752.803|224.843 -21787.185|234.049 -21787.207|235.538 -21787.207
231 CREEKVIEW GD SW,109.577 -21763.378|112.226 -21768.115|142.802 -21751.936|136.308 -21739.482|104.187 -21756.473|104.809 -21757.273
227 CREEKVIEW GD SW,97.595 -21748.055|104.187 -21756.473|136.308 -21739.482|129.814 -21727.039|96.414 -21744.708
223 CREEKVIEW GD SW,96.414 -21744.708|129.814 -21727.039|123.320 -21714.586|91.674 -21731.332
219 CREEKVIEW GD SW,88.878 -21723.437|91.674 -21731.332|123.320 -21714.586|116.819 -21702.143|85.271 -21718.833
9 CREEKVIEW MR SW,433.606 -21734.912|434.501 -21734.912|439.276 -21734.923|443.749 -21730.442|443.819 -21701.453|440.443 -21701.453|433.683 -21701.431
13 CREEKVIEW MR SW,433.606 -21734.912|433.683 -21701.431|432.194 -21701.431|425.994 -21701.420|425.917 -21734.901|432.117 -21734.912
17 CREEKVIEW MR SW,418.227 -21734.879|424.428 -21734.890|425.917 -21734.901|425.994 -21701.420|424.505 -21701.409|418.304 -21701.398
21 CREEKVIEW MR SW,410.531 -21734.856|416.738 -21734.879|418.227 -21734.879|418.304 -21701.398|416.815 -21701.398|410.608 -21701.376
25 CREEKVIEW MR SW,402.841 -21734.845|409.042 -21734.856|410.531 -21734.856|410.608 -21701.376|409.119 -21701.376|402.918 -21701.365
29 CREEKVIEW MR SW,395.145 -21734.823|401.352 -21734.834|402.841 -21734.845|402.918 -21701.365|401.429 -21701.353|395.229 -21701.342
33 CREEKVIEW MR SW,387.455 -21734.801|393.656 -21734.823|395.145 -21734.823|395.229 -21701.342|393.740 -21701.342|387.532 -21701.320
37 CREEKVIEW MR SW,379.766 -21734.790|385.966 -21734.801|387.455 -21734.801|387.532 -21701.320|386.043 -21701.320|379.843 -21701.309
41 CREEKVIEW MR SW,372.069 -21734.767|378.277 -21734.779|379.766 -21734.790|379.843 -21701.309|378.354 -21701.309|372.153 -21701.287
45 CREEKVIEW MR SW,364.380 -21734.745|370.580 -21734.767|372.069 -21734.767|372.153 -21701.287|370.664 -21701.287|364.456 -21701.276
49 CREEKVIEW MR SW,356.767 -21701.253|356.690 -21734.734|362.891 -21734.745|364.380 -21734.745|364.456 -21701.276|362.968 -21701.264
53 CREEKVIEW MR SW,348.994 -21734.712|355.201 -21734.723|356.690 -21734.734|356.767 -21701.253|355.278 -21701.253|349.077 -21701.231
57 CREEKVIEW MR SW,341.304 -21734.690|347.505 -21734.712|348.994 -21734.712|349.077 -21701.231|347.588 -21701.231|341.381 -21701.220
61 CREEKVIEW MR SW,333.614 -21734.679|339.815 -21734.690|341.304 -21734.690|341.381 -21701.220|339.892 -21701.209|333.691 -21701.198
65 CREEKVIEW MR SW,333.691 -21701.198|332.202 -21701.198|325.995 -21701.175|325.918 -21734.656|332.126 -21734.667|333.614 -21734.679
69 CREEKVIEW MR SW,318.228 -21734.645|324.429 -21734.656|325.918 -21734.656|325.995 -21701.175|324.506 -21701.175|318.305 -21701.164
73 CREEKVIEW MR SW,310.539 -21734.623|316.739 -21734.634|318.228 -21734.645|318.305 -21701.164|316.816 -21701.153|310.616 -21701.142
77 CREEKVIEW MR SW,302.842 -21734.601|309.050 -21734.623|310.539 -21734.623|310.616 -21701.142|309.127 -21701.142|302.919 -21701.120
81 CREEKVIEW MR SW,302.842 -21734.601|302.919 -21701.120|301.430 -21701.120|295.230 -21701.109|295.153 -21734.590|301.353 -21734.601
85 CREEKVIEW MR SW,289.805 -21734.578|293.664 -21734.578|295.153 -21734.590|295.230 -21701.109|293.741 -21701.109|287.023 -21701.087|285.730 -21701.087|285.702 -21704.078|285.422 -21730.064
97 CREEKVIEW MR SW,259.473 -21734.501|264.744 -21734.512|269.183 -21730.064|269.141 -21722.770|269.036 -21705.968|269.009 -21701.042|267.722 -21701.042|259.550 -21701.020
101 CREEKVIEW MR SW,251.777 -21734.489|257.985 -21734.501|259.473 -21734.501|259.550 -21701.020|258.061 -21701.020|251.854 -21701.009
105 CREEKVIEW MR SW,244.087 -21734.467|250.288 -21734.478|251.777 -21734.489|251.854 -21701.009|250.365 -21700.998|244.164 -21700.986
109 CREEKVIEW MR SW,236.391 -21734.445|242.598 -21734.467|244.087 -21734.467|244.164 -21700.986|242.675 -21700.986|236.468 -21700.964
113 CREEKVIEW MR SW,228.701 -21734.434|234.902 -21734.445|236.391 -21734.445|236.468 -21700.964|234.979 -21700.964|228.778 -21700.953
117 CREEKVIEW MR SW,221.089 -21700.931|221.012 -21734.412|227.212 -21734.423|228.701 -21734.434|228.778 -21700.953|227.289 -21700.953
121 CREEKVIEW MR SW,213.315 -21734.401|219.523 -21734.412|221.012 -21734.412|221.089 -21700.931|219.600 -21700.931|213.392 -21700.920
125 CREEKVIEW MR SW,205.626 -21734.378|211.826 -21734.389|213.315 -21734.401|213.392 -21700.920|211.903 -21700.909|205.703 -21700.897
129 CREEKVIEW MR SW,197.936 -21734.356|204.137 -21734.378|205.626 -21734.378|205.703 -21700.897|204.214 -21700.897|198.006 -21700.886
133 CREEKVIEW MR SW,198.006 -21700.886|196.517 -21700.875|190.317 -21700.864|190.240 -21734.345|196.447 -21734.356|197.936 -21734.356
137 CREEKVIEW MR SW,182.550 -21734.323|188.751 -21734.334|190.240 -21734.345|190.317 -21700.864|188.828 -21700.864|182.620 -21700.842
141 CREEKVIEW MR SW,180.768 -21734.323|181.061 -21734.323|182.550 -21734.323|182.620 -21700.842|181.131 -21700.842|173.204 -21700.820|175.245 -21734.489
145 CREEKVIEW MR SW,175.245 -21734.489|173.204 -21700.820|171.715 -21700.820|163.173 -21700.797|168.101 -21735.223|173.763 -21734.590
149 CREEKVIEW MR SW,168.101 -21735.223|163.173 -21700.797|161.663 -21700.797|152.890 -21700.775|160.712 -21735.090|161.041 -21736.547|166.633 -21735.446
153 CREEKVIEW MR SW,161.041 -21736.547|160.712 -21735.090|152.890 -21700.775|149.115 -21700.775|137.560 -21704.711|136.322 -21705.134|137.804 -21707.981|151.687 -21734.590|158.049 -21737.292
215 CREEKVIEW GD SW,76.484 -21707.603|85.271 -21718.833|116.819 -21702.143|111.164 -21691.312|110.339 -21689.689
211 CREEKVIEW GD SW,67.690 -21696.361|76.484 -21707.603|110.339 -21689.689|108.836 -21686.487|107.459 -21683.240|106.214 -21679.926|105.103 -21676.579
207 CREEKVIEW GD SW,104.180 -21673.388|103.670 -21671.798|103.020 -21670.263|102.230 -21668.784|101.307 -21667.406|51.996 -21674.300|53.268 -21677.936|67.690 -21696.361|105.103 -21676.579
43 CREEKVIEW CM SW,543.203 -21694.693|549.404 -21694.704|550.893 -21694.715|550.969 -21661.234|549.480 -21661.223|543.280 -21661.212
39 CREEKVIEW CM SW,535.513 -21694.671|541.714 -21694.693|543.203 -21694.693|543.280 -21661.212|541.791 -21661.212|535.590 -21661.190|535.583 -21662.691
35 CREEKVIEW CM SW,535.590 -21661.190|534.101 -21661.190|527.894 -21661.179|527.817 -21694.659|534.024 -21694.671|535.513 -21694.671|535.583 -21662.691
31 CREEKVIEW CM SW,520.127 -21694.637|526.328 -21694.648|527.817 -21694.659|527.894 -21661.179|526.405 -21661.168|520.204 -21661.156
27 CREEKVIEW CM SW,512.438 -21694.615|518.638 -21694.637|520.127 -21694.637|520.204 -21661.156|518.715 -21661.156|512.515 -21661.145
23 CREEKVIEW CM SW,504.741 -21694.604|510.949 -21694.615|512.438 -21694.615|512.515 -21661.145|511.026 -21661.134|504.818 -21661.123
19 CREEKVIEW CM SW,504.741 -21694.604|504.818 -21661.123|503.329 -21661.123|497.129 -21661.101|497.052 -21694.582|503.252 -21694.604
15 CREEKVIEW CM SW,489.362 -21694.571|495.563 -21694.582|497.052 -21694.582|497.129 -21661.101|495.640 -21661.101|489.439 -21661.090
11 CREEKVIEW CM SW,481.666 -21694.548|487.873 -21694.559|489.362 -21694.571|489.439 -21661.090|487.950 -21661.079|481.743 -21661.067
7 CREEKVIEW CM SW,470.132 -21694.526|472.124 -21694.526|481.666 -21694.548|481.743 -21661.067|476.472 -21661.056|471.830 -21665.538|471.725 -21667.717|470.775 -21684.140|470.313 -21691.413
10 CREEKVIEW GD SW,433.816 -21694.437|440.464 -21694.459|443.840 -21694.459|443.903 -21665.482|439.450 -21660.967|433.893 -21660.956
14 CREEKVIEW GD SW,426.126 -21694.426|432.327 -21694.437|433.816 -21694.437|433.893 -21660.956|432.404 -21660.956|426.203 -21660.945
18 CREEKVIEW GD SW,418.430 -21694.404|424.638 -21694.415|426.126 -21694.426|426.203 -21660.945|424.714 -21660.934|418.507 -21660.923
22 CREEKVIEW GD SW,410.740 -21694.381|416.941 -21694.404|418.430 -21694.404|418.507 -21660.923|417.018 -21660.923|410.817 -21660.901
26 CREEKVIEW GD SW,403.051 -21694.370|409.251 -21694.381|410.740 -21694.381|410.817 -21660.901|409.328 -21660.901|403.128 -21660.890
30 CREEKVIEW GD SW,395.354 -21694.348|401.562 -21694.359|403.051 -21694.370|403.128 -21660.890|401.639 -21660.890|395.431 -21660.867
34 CREEKVIEW GD SW,387.742 -21660.856|387.665 -21694.326|393.865 -21694.348|395.354 -21694.348|395.431 -21660.867|393.942 -21660.867
38 CREEKVIEW GD SW,379.968 -21694.315|386.176 -21694.326|387.665 -21694.326|387.742 -21660.856|386.253 -21660.845|380.052 -21660.834
42 CREEKVIEW GD SW,372.279 -21694.293|378.479 -21694.304|379.968 -21694.315|380.052 -21660.834|378.563 -21660.834|372.356 -21660.812
46 CREEKVIEW GD SW,364.589 -21694.270|370.790 -21694.293|372.279 -21694.293|372.356 -21660.812|370.867 -21660.812|364.666 -21660.801
50 CREEKVIEW GD SW,364.666 -21660.801|363.177 -21660.789|356.977 -21660.778|356.893 -21694.259|363.100 -21694.270|364.589 -21694.270
54 CREEKVIEW GD SW,349.203 -21694.237|355.404 -21694.259|356.893 -21694.259|356.977 -21660.778|355.488 -21660.778|349.280 -21660.756
58 CREEKVIEW GD SW,341.514 -21694.226|347.714 -21694.237|349.203 -21694.237|349.280 -21660.756|347.791 -21660.756|341.591 -21660.745
62 CREEKVIEW GD SW,333.817 -21694.204|340.025 -21694.215|341.514 -21694.226|341.591 -21660.745|340.102 -21660.734|333.894 -21660.723
66 CREEKVIEW GD SW,333.817 -21694.204|333.894 -21660.723|332.405 -21660.723|326.205 -21660.701|326.128 -21694.181|332.328 -21694.204
70 CREEKVIEW GD SW,318.438 -21694.170|324.639 -21694.181|326.128 -21694.181|326.205 -21660.701|324.716 -21660.701|318.515 -21660.689
74 CREEKVIEW GD SW,310.742 -21694.148|316.949 -21694.159|318.438 -21694.170|318.515 -21660.689|317.026 -21660.689|310.819 -21660.667
78 CREEKVIEW GD SW,303.052 -21694.126|309.253 -21694.148|310.742 -21694.148|310.819 -21660.667|309.330 -21660.667|303.129 -21660.656
82 CREEKVIEW GD SW,295.363 -21694.115|301.563 -21694.126|303.052 -21694.126|303.129 -21660.656|301.640 -21660.645|295.433 -21660.634
86 CREEKVIEW GD SW,285.807 -21694.092|293.874 -21694.115|295.363 -21694.115|295.433 -21660.634|293.944 -21660.634|290.623 -21660.623|286.114 -21665.115|286.093 -21667.239
94 CREEKVIEW GD SW,259.557 -21694.026|268.967 -21694.048|268.792 -21665.104|264.297 -21660.567|259.634 -21660.556
98 CREEKVIEW GD SW,251.938 -21660.534|251.868 -21694.015|258.068 -21694.026|259.557 -21694.026|259.634 -21660.556|258.145 -21660.545
102 CREEKVIEW GD SW,244.171 -21693.992|250.372 -21694.003|251.868 -21694.015|251.938 -21660.534|250.449 -21660.534|244.248 -21660.511
106 CREEKVIEW GD SW,236.482 -21693.981|242.682 -21693.992|244.171 -21693.992|244.248 -21660.511|242.759 -21660.511|236.559 -21660.500
110 CREEKVIEW GD SW,228.785 -21693.959|234.993 -21693.970|236.482 -21693.981|236.559 -21660.500|235.070 -21660.489|228.862 -21660.478
114 CREEKVIEW GD SW,228.862 -21660.478|227.373 -21660.478|221.173 -21660.467|221.096 -21693.937|227.296 -21693.959|228.785 -21693.959
122 CREEKVIEW GD SW,213.399 -21693.926|219.607 -21693.937|221.096 -21693.937|221.173 -21660.467|219.684 -21660.456|213.476 -21660.445
126 CREEKVIEW GD SW,205.710 -21693.903|211.910 -21693.914|213.399 -21693.926|213.476 -21660.445|211.987 -21660.445|205.787 -21660.423
130 CREEKVIEW GD SW,198.020 -21693.892|204.221 -21693.903|205.710 -21693.903|205.787 -21660.423|204.298 -21660.423|198.090 -21660.411
134 CREEKVIEW GD SW,198.020 -21693.892|198.090 -21660.411|196.601 -21660.400|190.401 -21660.389|190.324 -21693.870|196.524 -21693.881
138 CREEKVIEW GD SW,182.634 -21693.848|188.835 -21693.870|190.324 -21693.870|190.401 -21660.389|188.912 -21660.389|182.711 -21660.378
142 CREEKVIEW GD SW,174.938 -21693.837|181.145 -21693.848|182.634 -21693.848|182.711 -21660.378|181.222 -21660.367|175.015 -21660.356
146 CREEKVIEW GD SW,167.248 -21693.814|173.449 -21693.825|174.938 -21693.837|175.015 -21660.356|173.526 -21660.356|167.325 -21660.334
150 CREEKVIEW GD SW,159.559 -21693.803|165.759 -21693.814|167.248 -21693.814|167.325 -21660.334|165.836 -21660.334|159.629 -21660.322
154 CREEKVIEW GD SW,151.862 -21693.781|158.063 -21693.792|159.559 -21693.803|159.629 -21660.322|158.140 -21660.311|151.939 -21660.300
158 CREEKVIEW GD SW,145.277 -21694.693|147.975 -21693.770|151.862 -21693.781|151.939 -21660.300|143.278 -21660.278
166 CREEKVIEW GD SW,139.077 -21696.806|145.277 -21694.693|143.278 -21660.278|131.044 -21660.256
174 CREEKVIEW GD SW,131.044 -21660.256|122.153 -21660.234|118.441 -21664.659|119.622 -21669.629|121.153 -21674.511|123.019 -21679.259|125.221 -21683.874|131.660 -21696.216|133.051 -21698.863|134.288 -21698.440|139.077 -21696.806
203 CREEKVIEW GD SW,51.996 -21674.300|101.307 -21667.406|100.699 -21666.616|99.280 -21664.559|98.217 -21662.302|97.546 -21659.889|97.287 -21657.398|94.897 -21656.964|44.733 -21647.824|44.719 -21653.629
195 CREEKVIEW GD SW,99.245 -21649.626|60.650 -21627.820|44.775 -21627.787|44.740 -21644.777|96.057 -21654.129|97.518 -21654.396|98.182 -21651.938
191 CREEKVIEW GD SW,102.383 -21645.767|75.897 -21615.177|60.650 -21627.820|99.245 -21649.626|100.657 -21647.557
44 CREEKVIEW CM SW,551.536 -21611.519|550.054 -21611.508|543.867 -21611.497|543.790 -21645.222|545.775 -21645.222|549.977 -21645.233|551.459 -21645.244
40 CREEKVIEW CM SW,536.122 -21645.200|541.805 -21645.222|542.301 -21645.222|543.790 -21645.222|543.867 -21611.497|542.378 -21611.486|536.192 -21611.475
36 CREEKVIEW CM SW,528.446 -21645.189|530.431 -21645.189|534.633 -21645.200|536.122 -21645.200|536.192 -21611.475|534.703 -21611.475|528.523 -21611.463
32 CREEKVIEW CM SW,520.778 -21645.167|526.461 -21645.189|526.957 -21645.189|528.446 -21645.189|528.523 -21611.463|527.034 -21611.452|520.847 -21611.441
28 CREEKVIEW CM SW,520.778 -21645.167|520.847 -21611.441|519.358 -21611.441|513.179 -21611.419|513.102 -21645.155|515.087 -21645.155|519.289 -21645.167
24 CREEKVIEW CM SW,505.433 -21645.133|511.117 -21645.144|511.613 -21645.144|513.102 -21645.155|513.179 -21611.419|511.690 -21611.419|505.503 -21611.408
20 CREEKVIEW CM SW,497.758 -21645.122|499.743 -21645.122|503.944 -21645.133|505.433 -21645.133|505.503 -21611.408|504.014 -21611.408|497.835 -21611.386
16 CREEKVIEW CM SW,490.089 -21645.100|495.773 -21645.111|496.269 -21645.111|497.758 -21645.122|497.835 -21611.386|496.346 -21611.386|490.159 -21611.374
12 CREEKVIEW CM SW,482.414 -21645.089|484.399 -21645.089|488.593 -21645.100|490.089 -21645.100|490.159 -21611.374|488.670 -21611.363|482.491 -21611.352
8 CREEKVIEW CM SW,477.290 -21645.067|480.428 -21645.078|482.414 -21645.089|482.491 -21611.352|475.682 -21611.341|472.900 -21611.330|472.886 -21618.524|472.837 -21640.563
95 CREEKVIEW GD SW,257.978 -21644.566|262.612 -21644.577|267.086 -21640.085|267.149 -21611.308|265.660 -21611.297|258.054 -21611.286
99 CREEKVIEW GD SW,250.742 -21611.263|250.665 -21644.544|257.978 -21644.566|258.054 -21611.286
103 CREEKVIEW GD SW,243.955 -21644.533|250.665 -21644.544|250.742 -21611.263|244.025 -21611.252
107 CREEKVIEW GD SW,237.237 -21644.511|243.955 -21644.533|244.025 -21611.252|237.314 -21611.230
111 CREEKVIEW GD SW,229.925 -21644.499|237.237 -21644.511|237.314 -21611.230|230.002 -21611.219
115 CREEKVIEW GD SW,230.002 -21611.219|222.690 -21611.197|222.613 -21644.477|229.925 -21644.499
119 CREEKVIEW GD SW,215.895 -21644.466|222.613 -21644.477|222.690 -21611.197|215.972 -21611.185
123 CREEKVIEW GD SW,209.184 -21644.444|215.895 -21644.466|215.972 -21611.185|209.261 -21611.174
127 CREEKVIEW GD SW,201.872 -21644.433|209.184 -21644.444|209.261 -21611.174|201.949 -21611.152
131 CREEKVIEW GD SW,201.872 -21644.433|201.949 -21611.152|194.637 -21611.130|194.560 -21644.410
135 CREEKVIEW GD SW,187.842 -21644.399|194.560 -21644.410|194.637 -21611.130|187.919 -21611.119
139 CREEKVIEW GD SW,181.124 -21644.377|187.842 -21644.399|187.919 -21611.119|181.201 -21611.108
143 CREEKVIEW GD SW,173.812 -21644.366|181.124 -21644.377|181.201 -21611.108|173.889 -21611.085
147 CREEKVIEW GD SW,166.500 -21644.344|173.812 -21644.366|173.889 -21611.085|166.584 -21611.063
151 CREEKVIEW GD SW,159.789 -21644.333|166.500 -21644.344|166.584 -21611.063|159.866 -21611.052
155 CREEKVIEW GD SW,153.071 -21644.310|159.789 -21644.333|159.866 -21611.052|153.148 -21611.041
159 CREEKVIEW GD SW,145.759 -21644.299|153.071 -21644.310|153.148 -21611.041|145.836 -21611.019
163 CREEKVIEW GD SW,138.447 -21644.277|145.759 -21644.299|145.836 -21611.019|138.524 -21611.008
167 CREEKVIEW GD SW,131.813 -21610.985|131.737 -21644.266|138.447 -21644.277|138.524 -21611.008
171 CREEKVIEW GD SW,125.019 -21644.255|131.737 -21644.266|131.813 -21610.985|125.096 -21610.974
175 CREEKVIEW GD SW,123.830 -21644.244|125.019 -21644.255|125.096 -21610.974|117.784 -21610.952|117.714 -21643.143|119.203 -21643.621|120.720 -21643.966|122.271 -21644.177
179 CREEKVIEW GD SW,117.784 -21610.952|107.864 -21610.930|110.779 -21642.131|112.485 -21642.075|114.183 -21642.209|115.861 -21642.542|117.490 -21643.054|117.714 -21643.143
183 CREEKVIEW GD SW,110.779 -21642.131|107.864 -21610.930|92.492 -21610.896|106.298 -21643.287|108.493 -21642.531
187 CREEKVIEW GD SW,106.298 -21643.287|92.492 -21610.896|81.084 -21610.874|75.897 -21615.177|102.383 -21645.767|104.243 -21644.366
1277 CREEKVIEW DR SW,598.966 -21604.625|605.167 -21604.647|606.663 -21604.647|606.746 -21572.401|606.732 -21570.922|605.243 -21570.911|599.043 -21570.900
1273 CREEKVIEW DR SW,591.276 -21604.614|597.477 -21604.625|598.966 -21604.625|599.043 -21570.900|597.554 -21570.900|591.353 -21570.877
1269 CREEKVIEW DR SW,583.580 -21604.592|589.781 -21604.603|591.276 -21604.614|591.353 -21570.877|589.864 -21570.877|583.657 -21570.866
1265 CREEKVIEW DR SW,575.890 -21604.569|582.091 -21604.592|583.580 -21604.592|583.657 -21570.866|582.168 -21570.855|575.967 -21570.844
1261 CREEKVIEW DR SW,568.194 -21604.558|574.401 -21604.569|575.890 -21604.569|575.967 -21570.844|574.478 -21570.844|568.278 -21570.822
1257 CREEKVIEW DR SW,560.504 -21604.536|566.705 -21604.547|568.194 -21604.558|568.278 -21570.822|566.789 -21570.822|560.581 -21570.811
1253 CREEKVIEW DR SW,552.815 -21604.525|559.015 -21604.536|560.504 -21604.536|560.581 -21570.811|559.092 -21570.799|552.892 -21570.788
1249 CREEKVIEW DR SW,545.125 -21604.503|551.326 -21604.514|552.815 -21604.525|552.892 -21570.788|551.403 -21570.788|545.202 -21570.777
1245 CREEKVIEW DR SW,537.429 -21604.480|543.629 -21604.503|545.125 -21604.503|545.202 -21570.777|543.706 -21570.766|537.506 -21570.755
1241 CREEKVIEW DR SW,529.739 -21604.469|535.940 -21604.480|537.429 -21604.480|537.506 -21570.755|536.017 -21570.755|529.816 -21570.733
1237 CREEKVIEW DR SW,522.050 -21604.447|528.250 -21604.458|529.739 -21604.469|529.816 -21570.733|528.327 -21570.733|522.120 -21570.722
1233 CREEKVIEW DR SW,514.353 -21604.436|520.561 -21604.447|522.050 -21604.447|522.120 -21570.722|520.631 -21570.722|514.430 -21570.699
1229 CREEKVIEW DR SW,506.664 -21604.414|512.864 -21604.425|514.353 -21604.436|514.430 -21570.699|512.941 -21570.699|506.741 -21570.688
1225 CREEKVIEW DR SW,498.974 -21604.391|505.175 -21604.414|506.664 -21604.414|506.741 -21570.688|505.252 -21570.677|499.044 -21570.666
1221 CREEKVIEW DR SW,491.278 -21604.380|497.485 -21604.391|498.974 -21604.391|499.044 -21570.666|497.555 -21570.666|491.355 -21570.655
1217 CREEKVIEW DR SW,483.588 -21604.358|489.789 -21604.380|491.278 -21604.380|491.355 -21570.655|489.866 -21570.644|483.665 -21570.633
1213 CREEKVIEW DR SW,472.921 -21604.336|474.906 -21604.347|482.099 -21604.358|483.588 -21604.358|483.665 -21570.633|482.176 -21570.633|477.465 -21570.622|472.984 -21575.103|472.984 -21577.226|472.928 -21599.143
115 CREEKSIDE MR SW,-99.949 -21240.762|-97.663 -21240.762|-71.665 -21240.773|-67.198 -21236.281|-67.198 -21233.390|-67.198 -21231.888|-99.942 -21231.866|-99.942 -21233.367|-99.949 -21239.461
132 CREEKSIDE ST SW,-135.097 -21240.740|-109.176 -21240.751|-106.890 -21240.751|-106.890 -21239.450|-106.890 -21233.367|-106.890 -21231.866|-139.557 -21231.844|-139.557 -21233.345|-139.564 -21236.236
21507 SHERIFF KING ST SW,17.540 -21230.565|-12.603 -21230.543|-12.610 -21238.015|-12.610 -21240.817|13.059 -21240.828|15.841 -21238.037|17.533 -21236.336
114 CREEKSIDE MR SW,-46.856 -21240.795|-44.752 -21240.795|-19.558 -21240.806|-19.551 -21230.576|-19.551 -21229.075|-51.316 -21229.053|-51.316 -21230.554|-51.323 -21236.292
111 CREEKSIDE MR SW,-99.942 -21231.866|-67.198 -21231.888|-67.191 -21225.684|-67.191 -21224.183|-99.935 -21224.160|-99.935 -21225.661
128 CREEKSIDE ST SW,-139.557 -21224.138|-139.557 -21225.639|-139.557 -21231.844|-106.890 -21231.866|-106.883 -21225.661|-106.883 -21224.160
21503 SHERIFF KING ST SW,-12.603 -21230.543|17.540 -21230.565|17.540 -21223.249|-12.603 -21223.226
110 CREEKSIDE MR SW,-51.316 -21229.053|-19.551 -21229.075|-19.544 -21222.837|-19.544 -21221.336|-51.309 -21221.314|-51.309 -21222.815
107 CREEKSIDE MR SW,-99.935 -21224.160|-67.191 -21224.183|-67.185 -21217.978|-67.185 -21216.477|-99.928 -21216.455|-99.935 -21217.956
124 CREEKSIDE ST SW,-106.876 -21216.455|-139.550 -21216.432|-139.550 -21217.933|-139.557 -21224.138|-106.883 -21224.160|-106.876 -21217.956
21499 SHERIFF KING ST SW,-12.603 -21223.226|17.540 -21223.249|17.547 -21215.943|-12.596 -21215.921
106 CREEKSIDE MR SW,-51.309 -21221.314|-19.544 -21221.336|-19.544 -21215.098|-19.544 -21213.597|-51.309 -21213.586|-51.309 -21215.076
103 CREEKSIDE MR SW,-99.928 -21216.455|-67.185 -21216.477|-67.185 -21210.884|-67.185 -21209.383|-99.928 -21209.360|-99.928 -21210.861
120 CREEKSIDE ST SW,-106.876 -21216.455|-106.876 -21210.861|-106.876 -21209.360|-139.543 -21209.338|-139.543 -21210.839|-139.550 -21216.432
21495 SHERIFF KING ST SW,-12.596 -21215.921|17.547 -21215.943|17.554 -21208.626|-12.589 -21208.615
102 CREEKSIDE MR SW,-51.309 -21213.586|-19.544 -21213.597|-19.537 -21207.359|-19.537 -21205.869|-51.302 -21205.847|-51.302 -21207.348
99 CREEKSIDE MR SW,-99.928 -21209.360|-67.185 -21209.383|-67.178 -21203.178|-67.178 -21201.677|-99.921 -21201.655|-99.921 -21203.156
116 CREEKSIDE ST SW,-139.543 -21209.338|-106.876 -21209.360|-106.869 -21203.156|-106.869 -21201.655|-139.543 -21201.632|-139.543 -21203.133
21491 SHERIFF KING ST SW,-12.589 -21208.615|17.554 -21208.626|17.554 -21201.321|-12.589 -21201.299
98 CREEKSIDE MR SW,-51.302 -21205.847|-19.537 -21205.869|-19.530 -21199.631|-19.530 -21198.130|-51.295 -21198.107|-51.295 -21199.609
21487 SHERIFF KING ST SW,-12.589 -21201.299|17.554 -21201.321|17.561 -21194.015|-12.582 -21193.993
95 CREEKSIDE MR SW,-99.921 -21201.655|-67.178 -21201.677|-67.171 -21195.472|-67.171 -21193.971|-99.914 -21193.949|-99.921 -21195.450
112 CREEKSIDE ST SW,-139.543 -21201.632|-106.869 -21201.655|-106.862 -21195.450|-106.862 -21193.949|-139.536 -21193.926|-139.536 -21195.428
94 CREEKSIDE MR SW,-51.295 -21198.107|-19.530 -21198.130|-19.530 -21191.892|-19.530 -21190.390|-51.288 -21190.368|-51.295 -21191.869
21483 SHERIFF KING ST SW,-12.582 -21193.993|17.561 -21194.015|17.568 -21186.699|-12.575 -21186.677
91 CREEKSIDE MR SW,-99.914 -21193.949|-67.171 -21193.971|-67.171 -21187.766|-67.171 -21186.265|-99.914 -21186.243|-99.914 -21187.744
108 CREEKSIDE ST SW,-139.536 -21193.926|-106.862 -21193.949|-106.862 -21187.744|-106.862 -21186.243|-139.529 -21186.221|-139.529 -21187.722
90 CREEKSIDE MR SW,-51.288 -21190.368|-19.530 -21190.390|-19.523 -21184.152|-19.523 -21182.651|-51.288 -21182.629|-51.288 -21184.130
21479 SHERIFF KING ST SW,-12.575 -21186.677|17.568 -21186.699|17.568 -21179.393|-12.575 -21179.371
87 CREEKSIDE MR SW,-99.907 -21179.149|-99.907 -21180.650|-99.914 -21186.243|-67.171 -21186.265|-67.164 -21180.672|-67.164 -21179.171
104 CREEKSIDE ST SW,-139.529 -21186.221|-106.862 -21186.243|-106.855 -21180.639|-106.855 -21179.138|-139.529 -21179.126|-139.529 -21180.616
86 CREEKSIDE MR SW,-51.288 -21182.629|-19.523 -21182.651|-19.516 -21176.413|-19.516 -21174.912|-51.281 -21174.890|-51.281 -21176.391
21475 SHERIFF KING ST SW,-12.575 -21179.371|17.568 -21179.393|17.575 -21172.077|-12.568 -21172.066
83 CREEKSIDE MR SW,-99.907 -21179.149|-67.164 -21179.171|-67.157 -21172.966|-67.157 -21171.465|-99.900 -21171.443|-99.907 -21172.944
100 CREEKSIDE ST SW,-139.529 -21179.126|-106.855 -21179.138|-106.848 -21172.933|-106.848 -21171.432|-139.522 -21171.421|-139.522 -21172.911
82 CREEKSIDE MR SW,-51.281 -21174.890|-19.516 -21174.912|-19.516 -21168.674|-19.509 -21167.173|-51.274 -21167.151|-51.274 -21168.652
21471 SHERIFF KING ST SW,-12.568 -21172.066|17.575 -21172.077|17.582 -21164.771|-12.561 -21164.749
79 CREEKSIDE MR SW,-99.900 -21171.443|-67.157 -21171.465|-67.157 -21165.260|-67.157 -21163.759|-99.900 -21163.737|-99.900 -21165.238
96 CREEKSIDE ST SW,-139.522 -21171.421|-106.848 -21171.432|-106.848 -21165.227|-106.848 -21163.726|-139.515 -21163.715|-139.515 -21165.205
78 CREEKSIDE MR SW,-51.274 -21167.151|-19.509 -21167.173|-19.509 -21160.935|-19.509 -21159.445|-47.898 -21159.423|-49.785 -21159.423|-51.274 -21159.423|-51.274 -21160.924
21467 SHERIFF KING ST SW,17.582 -21164.771|17.582 -21157.466|-12.561 -21157.443|-12.561 -21164.749
75 CREEKSIDE MR SW,-99.900 -21163.737|-67.157 -21163.759|-67.150 -21157.543|-67.150 -21156.053|-99.893 -21156.031|-99.893 -21157.532
92 CREEKSIDE ST SW,-139.515 -21163.715|-106.848 -21163.726|-106.841 -21157.521|-106.841 -21156.020|-139.515 -21156.009|-139.515 -21157.499
74 CREEKSIDE MR SW,-51.274 -21159.423|-49.785 -21159.423|-47.898 -21159.423|-19.509 -21159.445|-19.502 -21153.218|-19.502 -21151.717|-51.267 -21151.706|-51.267 -21153.196
21463 SHERIFF KING ST SW,17.582 -21157.466|17.589 -21150.149|-12.554 -21150.127|-12.561 -21157.443
71 CREEKSIDE MR SW,-99.893 -21156.031|-67.150 -21156.053|-67.143 -21150.449|-67.143 -21148.959|-99.886 -21148.937|-99.893 -21150.427
88 CREEKSIDE ST SW,-139.515 -21156.009|-106.841 -21156.020|-106.834 -21150.427|-106.834 -21148.926|-139.508 -21148.904|-139.508 -21150.405
70 CREEKSIDE MR SW,-51.267 -21151.706|-19.502 -21151.717|-19.495 -21145.512|-19.495 -21144.011|-50.813 -21144.000|-51.037 -21145.490|-51.211 -21147.347|-51.267 -21149.193
21459 SHERIFF KING ST SW,-12.554 -21150.127|17.589 -21150.149|17.596 -21142.844|-12.547 -21142.821
67 CREEKSIDE MR SW,-99.886 -21148.937|-67.143 -21148.959|-67.143 -21142.743|-67.143 -21141.253|-99.886 -21141.231|-99.886 -21142.721
84 CREEKSIDE ST SW,-139.508 -21148.904|-106.834 -21148.926|-106.834 -21142.721|-106.834 -21141.220|-139.501 -21141.198|-139.508 -21142.699
66 CREEKSIDE MR SW,-19.495 -21144.011|-19.495 -21137.806|-19.495 -21136.305|-48.932 -21136.294|-49.191 -21137.784|-49.736 -21139.763|-50.351 -21141.854|-50.813 -21144.000
21455 SHERIFF KING ST SW,-12.547 -21142.821|17.596 -21142.844|17.596 -21135.527|-12.547 -21135.516
63 CREEKSIDE MR SW,-99.886 -21141.231|-67.143 -21141.253|-67.136 -21138.362|-71.602 -21133.859|-99.879 -21133.837
80 CREEKSIDE ST SW,-139.501 -21141.198|-106.834 -21141.220|-106.828 -21133.837|-135.034 -21133.814|-139.501 -21138.307
21451 SHERIFF KING ST SW,-12.547 -21135.516|17.596 -21135.527|17.603 -21128.221|-12.540 -21128.199
62 CREEKSIDE MR SW,-49.177 -21130.012|-48.925 -21131.491|-48.772 -21133.892|-48.932 -21136.294|-19.495 -21136.305|-19.488 -21125.175|-19.481 -21123.640
21447 SHERIFF KING ST SW,-12.540 -21128.199|17.603 -21128.221|17.610 -21120.905|-12.533 -21120.894
21443 SHERIFF KING ST SW,-12.533 -21120.894|17.610 -21120.905|17.610 -21113.599|-12.533 -21113.577
58 CREEKSIDE MR SW,-49.177 -21130.012|-19.481 -21123.640|-19.474 -21108.440|-19.474 -21106.716|-51.155 -21124.763|-50.477 -21126.098|-49.715 -21128.010
21439 SHERIFF KING ST SW,-12.533 -21113.577|17.610 -21113.599|17.617 -21106.294|-12.526 -21106.272
21435 SHERIFF KING ST SW,-12.526 -21106.272|17.617 -21106.294|17.624 -21098.977|-12.519 -21098.955
21431 SHERIFF KING ST SW,-12.519 -21098.955|17.624 -21098.977|17.624 -21091.672|-12.519 -21091.649
54 CREEKSIDE MR SW,-22.047 -21085.245|-54.602 -21120.349|-53.560 -21121.416|-52.260 -21123.017|-51.155 -21124.763|-19.474 -21106.716|-19.461 -21087.858|-20.998 -21086.312
50 CREEKSIDE MR SW,-54.602 -21120.349|-22.047 -21085.245|-22.438 -21084.855|-42.194 -21084.844|-43.843 -21084.844|-59.208 -21117.191|-57.894 -21117.880|-56.181 -21119.026
46 CREEKSIDE MR SW,-59.208 -21117.191|-43.843 -21084.844|-58.705 -21084.833|-60.201 -21084.833|-64.549 -21115.556|-63.081 -21115.834|-61.110 -21116.401
42 CREEKSIDE MR SW,-64.549 -21115.556|-60.201 -21084.833|-69.771 -21084.833|-71.260 -21084.833|-71.274 -21115.857|-69.792 -21115.567|-67.171 -21115.378
38 CREEKSIDE MR SW,-78.922 -21117.669|-77.433 -21117.458|-75.182 -21116.980|-72.973 -21116.335|-71.274 -21115.857|-71.260 -21084.833|-77.412 -21084.822|-78.901 -21084.822
34 CREEKSIDE MR SW,-86.555 -21117.858|-85.066 -21117.858|-82.298 -21117.869|-78.922 -21117.669|-78.901 -21084.822|-85.045 -21084.822|-86.534 -21084.822
30 CREEKSIDE MR SW,-93.588 -21117.858|-92.099 -21117.858|-86.555 -21117.858|-86.534 -21084.822|-92.085 -21084.811|-93.567 -21084.811
26 CREEKSIDE MR SW,-101.221 -21117.858|-99.732 -21117.858|-93.588 -21117.858|-93.567 -21084.811|-99.711 -21084.811|-101.200 -21084.811
22 CREEKSIDE MR SW,-108.261 -21117.847|-106.772 -21117.847|-101.221 -21117.858|-101.200 -21084.811|-106.751 -21084.811|-108.240 -21084.800
18 CREEKSIDE MR SW,-115.887 -21117.847|-114.398 -21117.847|-108.261 -21117.847|-108.240 -21084.800|-114.377 -21084.800|-115.866 -21084.800
14 CREEKSIDE MR SW,-122.927 -21117.836|-121.438 -21117.836|-115.887 -21117.847|-115.866 -21084.800|-121.417 -21084.800|-122.906 -21084.800
10 CREEKSIDE MR SW,-130.560 -21117.836|-129.064 -21117.836|-122.927 -21117.836|-122.906 -21084.800|-129.043 -21084.789|-130.539 -21084.789
6 CREEKSIDE MR SW,-135.027 -21117.836|-130.560 -21117.836|-130.539 -21084.789|-136.691 -21084.789|-139.473 -21084.789|-139.487 -21113.332|-136.712 -21116.134
21427 SHERIFF KING ST SW,17.631 -21084.355|-12.512 -21084.344|-12.512 -21084.866|-12.519 -21091.649|17.624 -21091.672
21423 SHERIFF KING ST SW,-12.512 -21084.344|17.631 -21084.355|17.638 -21077.049|-12.505 -21077.027
21419 SHERIFF KING ST SW,-12.505 -21077.027|17.638 -21077.049|17.638 -21069.744|-12.505 -21069.722
21415 SHERIFF KING ST SW,-12.505 -21069.722|17.638 -21069.744|17.645 -21062.427|-12.498 -21062.405
21411 SHERIFF KING ST SW,17.652 -21055.122|-12.491 -21055.100|-12.498 -21062.405|17.645 -21062.427
21407 SHERIFF KING ST SW,-12.491 -21055.100|17.652 -21055.122|17.652 -21052.342|17.512 -21050.885|17.093 -21049.473|16.408 -21048.183|15.478 -21047.049|14.352 -21046.115|13.066 -21045.415|11.668 -21044.992|10.214 -21044.847|-12.484 -21044.825|-12.491 -21047.627
20 CREEKSIDE RI SW,-514.820 -20828.429|-514.624 -20821.112|-545.012 -20821.101|-545.214 -20828.429
268 CREEKSIDE TC SW,-683.710 -20832.232|-655.161 -20832.232|-655.140 -20832.232|-652.770 -20832.232|-651.686 -20819.422|-682.598 -20819.411|-682.584 -20831.164
16 CREEKSIDE RI SW,-545.012 -20821.101|-514.624 -20821.112|-514.400 -20813.762|-544.788 -20813.751
264 CREEKSIDE TC SW,-682.598 -20819.411|-651.686 -20819.422|-650.610 -20808.214|-650.456 -20806.623|-682.605 -20806.623
12 CREEKSIDE RI SW,-544.788 -20813.751|-514.400 -20813.762|-514.177 -20806.412|-544.571 -20806.412
8 CREEKSIDE RI SW,-544.571 -20806.412|-514.177 -20806.412|-513.974 -20799.674|-513.890 -20796.872|-534.966 -20796.860|-539.811 -20796.860|-544.417 -20801.364
59 CREEKSIDE PH SW,-574.693 -20796.860|-574.686 -20829.819|-563.522 -20829.830|-561.139 -20829.830|-561.090 -20828.028|-560.398 -20804.700|-560.300 -20801.353|-564.627 -20796.860
63 CREEKSIDE PH SW,-586.185 -20829.819|-574.686 -20829.819|-574.693 -20796.860|-586.192 -20796.849
67 CREEKSIDE PH SW,-597.685 -20829.819|-586.185 -20829.819|-586.192 -20796.849|-597.685 -20796.849
71 CREEKSIDE PH SW,-597.685 -20829.819|-597.685 -20796.849|-609.177 -20796.849|-609.177 -20829.819|-600.949 -20829.819
75 CREEKSIDE PH SW,-620.676 -20829.819|-609.177 -20829.819|-609.177 -20796.849|-620.676 -20796.849
79 CREEKSIDE PH SW,-636.643 -20829.819|-634.252 -20829.819|-620.676 -20829.819|-620.676 -20796.849|-629.547 -20796.838|-632.022 -20799.240|-634.175 -20801.331|-634.434 -20805.600|-634.811 -20809.848
260 CREEKSIDE TC SW,-682.605 -20806.623|-650.456 -20806.623|-650.016 -20800.241|-649.862 -20793.836|-682.619 -20793.825
252 CREEKSIDE TC SW,-683.025 -20783.840|-650.176 -20783.851|-650.512 -20779.681|-650.966 -20775.522|-651.539 -20771.375|-652.232 -20767.249|-684.451 -20773.209|-683.612 -20778.513
248 CREEKSIDE TC SW,-684.451 -20773.209|-652.232 -20767.249|-653.734 -20760.033|-655.601 -20752.916|-687.051 -20762.134|-685.611 -20767.638
44 CREEKSIDE PH SW,-536.700 -20780.882|-526.396 -20780.882|-524.613 -20780.882|-524.599 -20749.714|-524.599 -20747.924|-526.389 -20747.912|-534.875 -20747.912|-536.693 -20747.912
48 CREEKSIDE PH SW,-547.598 -20780.871|-536.700 -20780.882|-536.693 -20747.912|-543.956 -20747.912|-547.591 -20747.912
52 CREEKSIDE PH SW,-553.037 -20747.912|-557.888 -20747.912|-557.895 -20780.871|-547.598 -20780.871|-547.591 -20747.912
56 CREEKSIDE PH SW,-568.793 -20780.871|-557.895 -20780.871|-557.888 -20747.912|-562.117 -20747.912|-568.786 -20747.901
60 CREEKSIDE PH SW,-579.090 -20780.871|-568.793 -20780.871|-568.786 -20747.901|-571.198 -20747.901|-579.083 -20747.901
64 CREEKSIDE PH SW,-589.359 -20747.901|-589.981 -20747.901|-589.988 -20780.871|-579.090 -20780.871|-579.083 -20747.901|-580.279 -20747.901
68 CREEKSIDE PH SW,-600.285 -20780.860|-589.988 -20780.871|-589.981 -20747.901|-598.440 -20747.901|-600.278 -20747.901
72 CREEKSIDE PH SW,-611.183 -20780.860|-600.285 -20780.860|-600.278 -20747.901|-607.520 -20747.901|-611.176 -20747.890
76 CREEKSIDE PH SW,-611.176 -20747.890|-616.601 -20747.890|-625.025 -20747.890|-620.103 -20780.860|-611.183 -20780.860
80 CREEKSIDE PH SW,-630.002 -20780.860|-620.103 -20780.860|-625.025 -20747.890|-626.681 -20747.890|-640.522 -20747.890|-640.005 -20749.692|-638.516 -20755.385|-637.244 -20761.122|-636.174 -20766.916|-635.315 -20772.742|-634.881 -20776.378
244 CREEKSIDE TC SW,-687.051 -20762.134|-655.601 -20752.916|-657.831 -20745.889|-660.403 -20738.995|-690.763 -20751.382|-688.771 -20756.708
240 CREEKSIDE TC SW,-690.763 -20751.382|-660.403 -20738.995|-663.053 -20732.823|-665.814 -20726.785|-695.572 -20740.585|-692.811 -20746.623
236 CREEKSIDE TC SW,-700.634 -20729.510|-695.572 -20740.585|-665.814 -20726.785|-670.882 -20715.722
45 CREEKSIDE PS SW,-524.592 -20714.954|-526.382 -20714.954|-534.868 -20714.954|-534.875 -20747.912|-526.389 -20747.912|-524.599 -20747.924|-524.599 -20747.312|-524.592 -20717.356
49 CREEKSIDE PS SW,-536.693 -20747.912|-534.875 -20747.912|-534.868 -20714.954|-543.949 -20714.954|-543.956 -20747.912
53 CREEKSIDE PS SW,-547.591 -20747.912|-543.956 -20747.912|-543.949 -20714.954|-553.030 -20714.943|-553.037 -20747.912
57 CREEKSIDE PS SW,-553.030 -20714.943|-562.110 -20714.943|-562.117 -20747.912|-557.888 -20747.912|-553.037 -20747.912
61 CREEKSIDE PS SW,-568.786 -20747.901|-562.117 -20747.912|-562.110 -20714.943|-571.191 -20714.943|-571.198 -20747.901
65 CREEKSIDE PS SW,-579.083 -20747.901|-571.198 -20747.901|-571.191 -20714.943|-580.272 -20714.943|-580.279 -20747.901
69 CREEKSIDE PS SW,-580.279 -20747.901|-580.272 -20714.943|-589.352 -20714.932|-589.359 -20747.901
73 CREEKSIDE PS SW,-589.981 -20747.901|-589.359 -20747.901|-589.352 -20714.932|-598.433 -20714.932|-598.440 -20747.901
77 CREEKSIDE PS SW,-600.278 -20747.901|-598.440 -20747.901|-598.433 -20714.932|-607.513 -20714.932|-607.520 -20747.901
81 CREEKSIDE PS SW,-611.176 -20747.890|-607.520 -20747.901|-607.513 -20714.932|-616.594 -20714.932|-616.601 -20747.890
85 CREEKSIDE PS SW,-625.025 -20747.890|-616.601 -20747.890|-616.594 -20714.932|-631.358 -20714.921|-626.681 -20747.890
93 CREEKSIDE PS SW,-640.522 -20747.890|-626.681 -20747.890|-631.358 -20714.921|-649.296 -20714.921|-651.896 -20719.002|-650.715 -20721.593|-648.631 -20726.141|-646.373 -20731.322|-644.297 -20736.571|-642.403 -20741.897|-640.697 -20747.290
232 CREEKSIDE TC SW,-705.702 -20718.435|-700.634 -20729.510|-670.882 -20715.722|-675.943 -20704.647
228 CREEKSIDE TC SW,-710.763 -20707.360|-705.702 -20718.435|-675.943 -20704.647|-681.011 -20693.572
224 CREEKSIDE TC SW,-715.831 -20696.285|-710.763 -20707.360|-681.011 -20693.572|-686.072 -20682.497
220 CREEKSIDE TC SW,-690.686 -20672.411|-691.099 -20671.499|-720.983 -20685.010|-720.445 -20686.210|-715.831 -20696.285|-686.072 -20682.497
58 CREEKSIDE PS SW,-555.693 -20664.227|-564.774 -20664.227|-564.760 -20698.964|-560.139 -20698.964|-555.672 -20694.461|-555.672 -20691.070|-555.693 -20666.029
62 CREEKSIDE PS SW,-567.157 -20664.227|-573.861 -20664.227|-573.840 -20698.953|-564.760 -20698.964|-564.774 -20664.227
66 CREEKSIDE PS SW,-575.050 -20664.227|-582.942 -20664.227|-582.921 -20698.953|-573.840 -20698.953|-573.861 -20664.227
70 CREEKSIDE PS SW,-590.834 -20664.227|-592.023 -20664.227|-592.002 -20698.953|-582.921 -20698.953|-582.942 -20664.227
74 CREEKSIDE PS SW,-601.082 -20698.953|-592.002 -20698.953|-592.023 -20664.227|-598.726 -20664.227|-601.110 -20664.227
78 CREEKSIDE PS SW,-601.082 -20698.953|-601.110 -20664.227|-606.619 -20664.227|-610.191 -20664.227|-610.163 -20698.942
82 CREEKSIDE PS SW,-619.243 -20698.942|-610.163 -20698.942|-610.191 -20664.227|-615.699 -20664.227|-619.271 -20664.227
86 CREEKSIDE PS SW,-628.331 -20698.942|-619.243 -20698.942|-619.271 -20664.227|-624.787 -20664.227|-628.359 -20664.227
90 CREEKSIDE PS SW,-637.412 -20698.942|-628.331 -20698.942|-628.359 -20664.227|-633.868 -20664.227|-637.440 -20664.216
94 CREEKSIDE PS SW,-637.440 -20664.216|-642.948 -20664.216|-646.527 -20664.216|-646.492 -20698.931|-637.412 -20698.942
98 CREEKSIDE PS SW,-655.573 -20698.931|-646.492 -20698.931|-646.527 -20664.216|-652.036 -20664.216|-655.608 -20664.216
102 CREEKSIDE PS SW,-656.608 -20698.931|-655.573 -20698.931|-655.608 -20664.216|-661.116 -20664.216|-669.624 -20664.216|-676.992 -20664.216|-676.265 -20665.728|-676.139 -20665.995|-664.793 -20690.803|-662.948 -20694.850
216 CREEKSIDE TC SW,-691.099 -20671.499|-693.266 -20666.351|-695.153 -20661.091|-697.390 -20661.825|-697.418 -20661.837|-726.296 -20671.321|-723.821 -20678.238|-720.983 -20685.010
35 CREEKSTONE GR SW,379.374 -21377.821|379.395 -21344.651|377.906 -21345.174|376.529 -21345.496|375.131 -21345.696|373.719 -21345.752|372.307 -21345.674|366.309 -21377.821|377.885 -21377.821
39 CREEKSTONE GR SW,366.309 -21377.821|372.307 -21345.674|370.832 -21345.452|369.371 -21345.074|367.959 -21344.551|366.603 -21343.884|365.323 -21343.083|353.181 -21377.821|364.792 -21377.821
7 CREEKSTONE GR SW,444.644 -21377.821|444.644 -21376.019|444.658 -21347.331|440.198 -21342.839|435.235 -21342.828|432.698 -21342.828|432.677 -21377.821|441.268 -21377.821|442.260 -21377.821
11 CREEKSTONE GR SW,432.677 -21377.821|432.698 -21342.828|431.209 -21342.828|423.813 -21342.828|423.792 -21377.821|431.188 -21377.821
15 CREEKSTONE GR SW,414.907 -21377.821|422.303 -21377.821|423.792 -21377.821|423.813 -21342.828|422.324 -21342.828|414.928 -21342.828
19 CREEKSTONE GR SW,414.907 -21377.821|414.928 -21342.828|413.439 -21342.828|412.076 -21342.828|406.043 -21342.616|406.022 -21377.821|413.418 -21377.821
31 CREEKSTONE GR SW,388.252 -21377.821|388.280 -21341.671|386.791 -21341.960|383.485 -21342.905|380.311 -21344.240|379.395 -21344.651|379.374 -21377.821|386.763 -21377.821
23 CREEKSTONE GR SW,406.022 -21377.821|406.043 -21342.616|404.554 -21342.505|401.212 -21342.149|397.885 -21341.660|397.158 -21341.549|397.137 -21377.821|404.533 -21377.821
27 CREEKSTONE GR SW,397.137 -21377.821|397.158 -21341.549|395.669 -21341.382|393.816 -21341.271|391.964 -21341.293|390.119 -21341.427|388.280 -21341.671|388.252 -21377.821|395.648 -21377.821
43 CREEKSTONE GR SW,353.181 -21377.821|365.323 -21343.083|364.079 -21342.116|362.345 -21340.348|360.926 -21338.302|359.864 -21336.056|359.186 -21333.665|343.751 -21377.821|351.601 -21377.821
47 CREEKSTONE GR SW,343.751 -21377.821|359.186 -21333.665|359.137 -21333.409|358.577 -21330.896|357.767 -21328.372|356.739 -21325.926|355.502 -21323.591|354.055 -21321.367|335.348 -21374.885|335.432 -21376.019|335.565 -21377.821|342.171 -21377.821
51 CREEKSTONE GR SW,350.839 -21317.609|347.253 -21313.839|332.797 -21355.226|334.160 -21358.740|335.076 -21371.149|335.348 -21374.885|354.055 -21321.367|352.971 -21319.955
55 CREEKSTONE GR SW,330.685 -21349.788|331.965 -21353.080|332.797 -21355.226|347.253 -21313.839|347.211 -21313.795|346.113 -21312.594|343.031 -21309.380|339.822 -21306.300|326.799 -21343.561
63 CREEKSTONE GR SW,332.042 -21299.740|320.207 -21333.621|320.864 -21334.065|325.785 -21341.949|326.799 -21343.561|339.822 -21306.300|338.627 -21305.210|335.390 -21302.408
67 CREEKSTONE GR SW,312.056 -21328.128|318.928 -21332.753|320.207 -21333.621|332.042 -21299.740|330.797 -21298.806|327.414 -21296.381|323.947 -21294.091
8 CREEKSTONE GR SW,440.205 -21326.849|444.679 -21322.345|444.693 -21293.657|444.693 -21291.856|432.656 -21291.856|432.418 -21291.856|432.397 -21326.838|435.242 -21326.838
12 CREEKSTONE GR SW,432.397 -21326.838|432.418 -21291.856|431.167 -21291.856|430.929 -21291.856|423.764 -21291.856|422.918 -21291.856|422.897 -21326.838|430.908 -21326.838
16 CREEKSTONE GR SW,422.897 -21326.838|422.918 -21291.856|422.275 -21291.856|421.429 -21291.856|414.865 -21291.856|413.418 -21291.856|413.397 -21326.838|421.408 -21326.838
20 CREEKSTONE GR SW,413.397 -21326.838|413.418 -21291.856|413.376 -21291.856|412.069 -21291.856|411.929 -21291.856|408.657 -21291.700|405.414 -21291.244|399.136 -21325.648|402.303 -21326.159|405.491 -21326.526|408.699 -21326.760|411.908 -21326.838|412.062 -21326.838
71 CREEKSTONE GR SW,307.184 -21324.847|310.777 -21327.271|312.056 -21328.128|323.947 -21294.091|322.653 -21293.279|319.144 -21291.211|315.558 -21289.265|303.870 -21322.735
28 CREEKSTONE GR SW,387.155 -21322.323|392.355 -21324.047|397.675 -21325.359|399.136 -21325.648|405.414 -21291.244|403.953 -21290.944|402.904 -21290.688|401.457 -21290.288|399.269 -21289.543|397.137 -21288.665
75 CREEKSTONE GR SW,303.870 -21322.735|315.558 -21289.265|314.223 -21288.587|310.588 -21286.852|306.897 -21285.240|295.342 -21318.320|298.998 -21320.044|302.556 -21321.967
36 CREEKSTONE GR SW,393.823 -21286.974|392.432 -21286.140|390.559 -21284.862|388.762 -21283.472|378.416 -21318.365|382.038 -21320.177|385.756 -21321.790|387.155 -21322.323|397.137 -21288.665|395.774 -21288.020
79 CREEKSTONE GR SW,295.342 -21318.320|306.897 -21285.240|305.513 -21284.684|301.766 -21283.272|297.970 -21281.993|286.429 -21315.007|288.267 -21315.607|291.140 -21316.608|293.972 -21317.731
83 CREEKSTONE GR SW,277.390 -21312.049|285.010 -21314.540|286.429 -21315.007|297.970 -21281.993|296.544 -21281.548|291.203 -21280.091|288.771 -21279.480
87 CREEKSTONE GR SW,268.351 -21309.102|275.971 -21311.593|277.390 -21312.049|288.771 -21279.480|287.324 -21279.113|279.550 -21277.056
40 CREEKSTONE GR SW,370.580 -21313.472|373.775 -21315.640|377.074 -21317.631|378.416 -21318.365|388.762 -21283.472|387.525 -21282.404|385.176 -21280.080|384.792 -21279.658|383.862 -21278.624|381.632 -21276.233
91 CREEKSTONE GR SW,279.550 -21277.056|278.110 -21276.667|270.379 -21274.476|259.313 -21306.144|266.932 -21308.635|268.351 -21309.102
95 CREEKSTONE GR SW,259.313 -21306.144|270.379 -21274.476|268.946 -21274.054|261.277 -21271.718|250.274 -21303.198|257.894 -21305.688
48 CREEKSTONE GR SW,363.121 -21307.323|366.141 -21310.014|369.301 -21312.538|370.580 -21313.472|381.632 -21276.233|380.444 -21274.988|376.767 -21271.318|375.432 -21270.039|374.453 -21269.128
99 CREEKSTONE GR SW,261.277 -21271.718|259.851 -21271.263|252.231 -21268.783|241.319 -21299.995|247.149 -21302.175|248.855 -21302.731|250.274 -21303.198
103 CREEKSTONE GR SW,230.162 -21295.814|239.921 -21299.473|241.319 -21299.995|252.231 -21268.783|250.819 -21268.305|240.984 -21264.858
52 CREEKSTONE GR SW,358.997 -21303.087|361.912 -21306.156|363.121 -21307.323|374.453 -21269.128|373.230 -21268.005|368.217 -21263.623|367.085 -21262.678|356.047 -21299.906
117 CREEKSTONE LI SW,423.764 -21291.856|423.785 -21258.475|422.296 -21258.887|420.457 -21259.220|418.605 -21259.365|416.738 -21259.320|414.886 -21259.087|414.865 -21291.856|421.429 -21291.856|422.275 -21291.856|422.918 -21291.856
113 CREEKSTONE LI SW,423.785 -21258.475|423.764 -21291.856|430.929 -21291.856|431.167 -21291.856|432.418 -21291.856|432.656 -21291.856|432.677 -21256.885|431.188 -21256.952|429.349 -21257.141|427.525 -21257.452|425.728 -21257.875|423.959 -21258.408
109 CREEKSTONE LI SW,444.693 -21291.856|444.693 -21291.255|444.714 -21261.377|440.247 -21256.885|435.284 -21256.874|433.285 -21256.874|432.677 -21256.885|432.656 -21291.856
56 CREEKSTONE GR SW,356.047 -21299.906|367.085 -21262.678|366.861 -21262.489|365.834 -21261.655|359.535 -21256.829|348.826 -21292.957|351.888 -21295.770|354.859 -21298.683
121 CREEKSTONE LI SW,414.865 -21291.856|414.886 -21259.087|413.397 -21258.753|411.845 -21258.264|410.342 -21257.641|408.902 -21256.885|407.532 -21256.007|402.904 -21290.688|403.953 -21290.944|405.414 -21291.244|408.657 -21291.700|411.929 -21291.856|412.069 -21291.856|413.376 -21291.856|413.418 -21291.856
60 CREEKSTONE GR SW,348.826 -21292.957|359.535 -21256.829|358.256 -21255.907|358.165 -21255.840|351.818 -21251.537|341.367 -21286.808|344.520 -21289.287|347.595 -21291.867
155 CREEKSTONE GR SW,93.904 -21288.876|98.504 -21287.908|103.076 -21286.808|104.565 -21286.407|104.585 -21249.846|103.097 -21250.358|98.539 -21251.781|93.939 -21253.038|93.932 -21255.506
64 CREEKSTONE GR SW,333.691 -21281.392|336.928 -21283.572|340.095 -21285.851|341.367 -21286.808|351.818 -21251.537|350.755 -21250.858|350.510 -21250.703|349.371 -21249.991|343.946 -21246.789
151 CREEKSTONE GR SW,104.565 -21286.407|112.548 -21284.050|114.037 -21283.561|114.065 -21246.155|112.576 -21246.755|111.995 -21246.989|108.318 -21248.479|104.585 -21249.846
125 CREEKSTONE LI SW,397.137 -21288.665|399.269 -21289.543|401.457 -21290.288|402.904 -21290.688|407.532 -21256.007|406.176 -21254.939|404.882 -21253.716|403.715 -21252.371|402.680 -21250.925|401.793 -21249.379|400.660 -21247.367|399.367 -21245.443|393.823 -21286.974|395.774 -21288.020
99 CREEKSTONE CM SW,259.376 -21254.316|259.942 -21254.505|272.217 -21258.353|284.583 -21261.878|288.421 -21262.901|293.985 -21259.687|295.887 -21251.792|261.934 -21244.387|260.753 -21249.379
147 CREEKSTONE GR SW,114.037 -21283.561|122.020 -21280.647|123.509 -21280.058|123.537 -21242.874|122.048 -21243.330|118.028 -21244.665|114.065 -21246.155
68 CREEKSTONE GR SW,333.691 -21281.392|343.946 -21246.789|342.618 -21246.044|341.877 -21245.632|340.479 -21244.876|335.935 -21242.541|325.813 -21276.655|329.127 -21278.557|332.384 -21280.547
143 CREEKSTONE GR SW,123.509 -21280.058|125.396 -21279.280|128.423 -21278.079|131.492 -21277.011|132.981 -21276.544|133.009 -21240.528|131.520 -21240.840|127.507 -21241.785|123.537 -21242.874
123 CREEKSTONE GR SW,172.309 -21275.343|180.956 -21277.389|184.864 -21244.987|185.158 -21242.574|180.733 -21241.418|176.266 -21240.439|175.008 -21240.195|173.540 -21239.928|169.338 -21274.710|170.799 -21275.010
139 CREEKSTONE GR SW,142.187 -21274.387|142.208 -21239.072|137.595 -21239.694|133.009 -21240.528|132.981 -21276.544|137.553 -21275.321
72 CREEKSTONE GR SW,325.813 -21276.655|335.935 -21242.541|334.572 -21241.874|332.915 -21241.095|331.503 -21240.439|327.763 -21238.782|317.746 -21272.564|321.136 -21274.198|324.478 -21275.922
127 CREEKSTONE GR SW,169.338 -21274.710|173.540 -21239.928|169.059 -21239.250|164.557 -21238.771|163.075 -21238.649|160.237 -21273.509|161.719 -21273.631|165.542 -21274.076
135 CREEKSTONE GR SW,151.387 -21273.397|151.408 -21238.393|146.801 -21238.638|142.208 -21239.072|142.187 -21274.387|146.773 -21273.753
131 CREEKSTONE GR SW,160.237 -21273.509|163.075 -21238.649|157.993 -21238.382|152.904 -21238.360|151.408 -21238.393|151.387 -21273.397|152.876 -21273.342|156.560 -21273.342
129 CREEKSTONE LI SW,388.762 -21283.472|390.559 -21284.862|392.432 -21286.140|393.823 -21286.974|399.367 -21245.443|398.081 -21243.809|396.711 -21242.296|395.243 -21240.884|390.901 -21237.126|385.176 -21280.080|387.525 -21282.404
95 CREEKSTONE CM SW,261.934 -21244.387|295.887 -21251.792|296.866 -21246.855|297.690 -21241.896|297.907 -21240.406|263.500 -21235.524|263.283 -21237.014|262.409 -21242.063|262.109 -21243.531
76 CREEKSTONE GR SW,317.746 -21272.564|327.763 -21238.782|326.379 -21238.204|324.443 -21237.415|323.017 -21236.848|318.851 -21235.291|314.635 -21233.857|314.468 -21235.691|313.720 -21241.996|312.755 -21248.267|311.553 -21254.505|310.133 -21260.688|309.218 -21264.213|312.154 -21270.139|316.376 -21271.941
104 CREEKSTONE GV SW,230.834 -21243.886|244.185 -21249.012|257.677 -21253.749|259.376 -21254.316|260.564 -21250.102|261.606 -21245.854|261.934 -21244.387|262.109 -21243.531|262.409 -21242.063|228.897 -21232.033|228.645 -21233.523|227.786 -21237.848|229.442 -21241.129
133 CREEKSTONE LI SW,382.247 -21230.220|376.767 -21271.318|380.444 -21274.988|381.632 -21276.233|383.862 -21278.624|384.792 -21279.658|385.176 -21280.080|390.901 -21237.126|389.552 -21235.992
91 CREEKSTONE CM SW,263.500 -21235.524|297.907 -21240.406|298.480 -21235.780|298.928 -21231.143|299.040 -21229.642|264.381 -21227.152|264.269 -21228.642|264.255 -21228.786|264.122 -21230.276
100 CREEKSTONE GV SW,262.409 -21242.063|263.283 -21237.014|263.500 -21235.524|264.122 -21230.276|264.255 -21228.786|229.715 -21224.883|229.589 -21226.384|228.897 -21232.033
137 CREEKSTONE LI SW,374.453 -21269.128|375.432 -21270.039|376.767 -21271.318|382.247 -21230.220|380.877 -21229.209|373.502 -21224.016|368.217 -21263.623|373.230 -21268.005
87 CREEKSTONE CM SW,264.381 -21227.152|299.040 -21229.642|299.298 -21224.994|299.424 -21220.335|299.438 -21218.834|264.695 -21218.734|264.681 -21220.235
141 CREEKSTONE LI SW,368.217 -21263.623|373.502 -21224.016|372.118 -21223.104|364.659 -21218.434|359.535 -21256.829|365.834 -21261.655|366.861 -21262.489|367.085 -21262.678
96 CREEKSTONE GV SW,264.695 -21218.467|264.695 -21217.088|229.946 -21217.066|229.946 -21218.445|229.946 -21218.567|229.890 -21221.725|229.715 -21224.883|264.255 -21228.786|264.269 -21228.642|264.381 -21227.152|264.681 -21220.235|264.695 -21218.734|264.695 -21218.589
97 CREEKSTONE GV SW,207.863 -21233.990|212.882 -21231.455|213.399 -21228.219|213.770 -21224.972|213.993 -21221.703|214.070 -21218.434|214.070 -21217.878|214.077 -21216.377|179.335 -21216.354|179.328 -21217.856|179.328 -21224.739|179.922 -21224.861|186.346 -21226.329|192.686 -21228.141|198.929 -21230.276|205.046 -21232.733
145 CREEKSTONE LI SW,359.535 -21256.829|364.659 -21218.434|363.261 -21217.611|355.753 -21213.441|350.755 -21250.858|351.818 -21251.537|358.165 -21255.840|358.256 -21255.907
83 CREEKSTONE CM SW,264.702 -21209.794|264.695 -21211.295|264.695 -21217.088|264.695 -21218.467|264.695 -21218.589|264.695 -21218.734|299.438 -21218.834|299.438 -21218.501|299.445 -21211.317|299.445 -21209.816
149 CREEKSTONE LI SW,350.755 -21250.858|355.753 -21213.441|354.348 -21212.707|346.771 -21209.004|341.877 -21245.632|342.618 -21246.044|343.946 -21246.789|349.371 -21249.991|350.510 -21250.703
92 CREEKSTONE GV SW,264.702 -21208.204|229.953 -21208.182|229.953 -21209.683|229.946 -21217.066|264.695 -21217.088|264.695 -21211.295|264.702 -21209.794|264.702 -21209.705
93 CREEKSTONE GV SW,214.077 -21216.377|214.077 -21209.027|214.077 -21207.526|179.335 -21207.503|179.335 -21209.004|179.335 -21210.962|179.335 -21212.463|179.335 -21216.354
110 CREEKSTONE LI SW,440.261 -21240.884|444.728 -21236.392|444.749 -21207.704|444.749 -21205.902|432.544 -21205.902|432.516 -21240.884|435.291 -21240.884
153 CREEKSTONE LI SW,341.877 -21245.632|346.771 -21209.004|345.352 -21208.348|337.718 -21205.090|332.915 -21241.095|334.572 -21241.874|335.935 -21242.541|340.479 -21244.876
157 CREEKSTONE LI SW,332.915 -21241.095|337.718 -21205.090|336.285 -21204.512|329.183 -21201.877|324.443 -21237.415|326.379 -21238.204|327.763 -21238.782|331.503 -21240.439
79 CREEKSTONE CM SW,264.702 -21209.794|299.445 -21209.816|299.452 -21202.366|299.452 -21200.865|264.709 -21200.843|264.702 -21202.344|264.702 -21208.204|264.702 -21209.705
88 CREEKSTONE GV SW,229.953 -21208.182|264.702 -21208.204|264.702 -21202.344|264.709 -21200.843|264.709 -21200.821|264.709 -21199.319|229.960 -21199.297|229.960 -21200.798
161 CREEKSTONE LI SW,324.443 -21237.415|329.183 -21201.877|327.742 -21201.377|319.634 -21198.808|317.264 -21200.620|315.327 -21202.099|315.320 -21218.501|315.160 -21225.884|314.691 -21233.245|314.635 -21233.857|318.851 -21235.291|323.017 -21236.848
89 CREEKSTONE GV SW,214.077 -21207.526|214.084 -21200.176|214.084 -21198.674|179.342 -21198.641|179.342 -21200.142|179.342 -21201.388|179.342 -21202.889|179.335 -21207.503
114 CREEKSTONE LI SW,432.516 -21240.884|432.544 -21205.902|432.285 -21205.902|431.055 -21204.768|423.051 -21197.740|423.016 -21240.884|431.027 -21240.884
75 CREEKSTONE CM SW,264.709 -21200.843|299.452 -21200.865|299.459 -21193.404|299.459 -21191.914|264.709 -21191.880|264.709 -21191.936|264.709 -21193.382|264.709 -21199.319|264.709 -21200.821
118 CREEKSTONE LI SW,423.016 -21240.884|423.051 -21197.740|421.562 -21196.506|414.159 -21190.613|414.124 -21236.814|414.984 -21237.671|421.527 -21240.439|422.575 -21240.884
84 CREEKSTONE GV SW,229.967 -21190.413|229.967 -21191.914|229.960 -21199.297|264.709 -21199.319|264.709 -21193.382|264.709 -21191.936|264.709 -21191.880|264.716 -21190.435
85 CREEKSTONE GV SW,214.084 -21198.674|214.091 -21191.313|214.091 -21189.812|179.349 -21189.790|179.349 -21191.291|179.349 -21191.836|179.349 -21193.337|179.342 -21198.641
122 CREEKSTONE LI SW,414.124 -21236.814|414.159 -21190.613|412.670 -21189.490|405.267 -21184.130|405.239 -21228.441|412.635 -21235.347
71 CREEKSTONE CM SW,264.716 -21190.435|264.709 -21191.880|299.459 -21191.914|299.459 -21184.453|299.466 -21182.952|264.716 -21182.929|264.716 -21183.052|264.716 -21184.430
80 CREEKSTONE GV SW,229.967 -21190.413|264.716 -21190.435|264.716 -21184.430|264.716 -21183.052|264.716 -21182.929|264.723 -21181.550|229.974 -21181.528|229.974 -21183.029
81 CREEKSTONE GV SW,214.091 -21189.812|214.098 -21182.462|214.098 -21180.961|179.356 -21180.939|179.356 -21182.284|179.356 -21182.440|179.356 -21183.785|179.349 -21189.790
126 CREEKSTONE LI SW,405.239 -21228.441|405.267 -21184.130|403.778 -21183.096|396.382 -21178.215|396.347 -21220.969|403.750 -21227.129
67 CREEKSTONE CM SW,264.716 -21182.929|299.466 -21182.952|299.466 -21175.501|299.473 -21174.000|264.723 -21173.978|264.723 -21174.167|264.723 -21175.479|264.723 -21181.550
130 CREEKSTONE LI SW,396.347 -21220.969|396.382 -21178.215|394.893 -21177.281|387.490 -21172.844|387.462 -21214.275|394.858 -21219.802
76 CREEKSTONE GV SW,229.974 -21181.528|264.723 -21181.550|264.723 -21175.479|264.723 -21174.167|264.723 -21173.978|264.730 -21172.666|229.988 -21172.633|229.988 -21174.134
77 CREEKSTONE GV SW,214.098 -21180.961|214.105 -21173.600|214.105 -21172.110|179.363 -21172.077|179.363 -21173.344|179.363 -21173.578|179.363 -21174.845|179.356 -21180.939
66 CREEKSTONE CM SW,350.077 -21192.970|350.098 -21172.177|350.098 -21170.676|315.355 -21170.653|315.355 -21172.154|315.348 -21176.602|319.668 -21182.218|326.953 -21184.330|334.160 -21186.688|341.276 -21189.312|348.295 -21192.192
134 CREEKSTONE LI SW,387.462 -21214.275|387.490 -21172.844|386.001 -21171.988|378.598 -21167.962|378.570 -21208.259|385.973 -21213.219
63 CREEKSTONE CM SW,264.723 -21173.978|299.473 -21174.000|299.480 -21166.539|299.480 -21165.038|264.737 -21165.016|264.737 -21165.272|264.737 -21166.517|264.730 -21172.666
72 CREEKSTONE GV SW,229.995 -21163.748|229.995 -21165.249|229.988 -21172.633|264.730 -21172.666|264.737 -21166.517|264.737 -21165.272|264.737 -21165.016|264.737 -21163.782
138 CREEKSTONE LI SW,378.570 -21208.259|378.598 -21167.962|377.109 -21167.184|369.706 -21163.537|369.678 -21202.878|377.081 -21207.325
73 CREEKSTONE GV SW,214.105 -21172.110|214.112 -21164.749|214.112 -21163.248|179.370 -21163.226|179.370 -21164.404|179.370 -21164.727|179.370 -21165.905|179.363 -21172.077
62 CREEKSTONE CM SW,315.362 -21161.124|315.362 -21162.625|315.355 -21170.653|350.098 -21170.676|350.105 -21162.647|350.105 -21161.146
142 CREEKSTONE LI SW,369.678 -21202.878|369.706 -21163.537|368.217 -21162.836|360.814 -21159.545|360.786 -21198.063|368.189 -21202.033
59 CREEKSTONE CM SW,264.737 -21165.016|299.480 -21165.038|299.487 -21157.588|299.487 -21156.087|264.744 -21156.065|264.744 -21156.387|264.744 -21157.566|264.737 -21163.782
146 CREEKSTONE LI SW,350.077 -21192.970|350.671 -21193.237|359.298 -21197.318|360.786 -21198.063|360.814 -21159.545|359.325 -21158.911|350.112 -21155.286|350.105 -21161.146|350.105 -21162.647|350.098 -21170.676|350.098 -21172.177
68 CREEKSTONE GV SW,229.995 -21163.748|264.737 -21163.782|264.744 -21157.566|264.744 -21156.387|264.744 -21156.065|264.744 -21154.897|230.002 -21154.864|229.995 -21156.365
69 CREEKSTONE GV SW,214.119 -21154.397|179.377 -21154.374|179.377 -21155.453|179.377 -21155.876|179.377 -21156.954|179.370 -21163.226|214.112 -21163.248|214.112 -21155.898
58 CREEKSTONE CM SW,315.362 -21161.124|350.105 -21161.146|350.112 -21155.286|350.112 -21153.107|350.112 -21151.606|315.369 -21151.583|315.369 -21153.085
55 CREEKSTONE CM SW,264.744 -21156.065|299.487 -21156.087|299.494 -21148.637|299.494 -21147.136|264.751 -21147.102|264.751 -21147.503|264.744 -21148.603|264.744 -21154.897
64 CREEKSTONE GV SW,264.751 -21147.102|264.751 -21146.013|230.009 -21145.979|230.002 -21147.480|230.002 -21153.051|230.002 -21154.864|264.744 -21154.897|264.744 -21148.603|264.751 -21147.503
65 CREEKSTONE GV SW,179.377 -21154.374|214.119 -21154.397|214.119 -21147.036|214.119 -21145.546|179.384 -21145.512|179.384 -21146.513|179.384 -21147.013|179.384 -21148.014
54 CREEKSTONE CM SW,315.369 -21151.583|350.112 -21151.606|350.119 -21144.189|350.119 -21142.688|315.376 -21142.654|315.376 -21144.156
51 CREEKSTONE CM SW,264.751 -21147.102|299.494 -21147.136|299.501 -21139.674|299.501 -21138.173|264.758 -21138.151|264.751 -21139.652|264.751 -21146.013
60 CREEKSTONE GV SW,264.751 -21146.013|264.751 -21139.652|264.758 -21138.151|264.751 -21137.128|262.962 -21137.117|230.009 -21137.095|230.009 -21139.552|230.009 -21145.979
61 CREEKSTONE GV SW,214.119 -21145.546|214.126 -21139.541|209.659 -21135.038|206.290 -21135.038|179.985 -21135.027|179.391 -21135.015|179.384 -21145.512
50 CREEKSTONE CM SW,315.376 -21142.654|350.119 -21142.688|350.126 -21135.260|350.126 -21133.759|315.383 -21133.737|315.376 -21135.238
47 CREEKSTONE CM SW,264.758 -21138.151|299.501 -21138.173|299.501 -21130.723|299.508 -21129.222|264.758 -21129.200|264.751 -21130.701|264.751 -21135.627|264.751 -21137.128
46 CREEKSTONE CM SW,350.133 -21124.229|315.390 -21124.196|315.383 -21125.697|315.383 -21133.737|350.126 -21133.759|350.133 -21125.719
43 CREEKSTONE CM SW,264.758 -21129.200|299.508 -21129.222|299.508 -21121.772|299.515 -21120.271|264.765 -21120.238|264.758 -21121.739|264.758 -21126.742|264.758 -21128.244
42 CREEKSTONE CM SW,315.390 -21124.196|350.133 -21124.229|350.140 -21116.802|350.140 -21115.301|315.397 -21115.278|315.390 -21116.768
39 CREEKSTONE CM SW,264.765 -21120.238|299.515 -21120.271|299.515 -21112.810|299.515 -21111.309|264.772 -21111.286|264.765 -21112.788|264.765 -21117.858|264.765 -21119.348
38 CREEKSTONE CM SW,350.140 -21115.301|350.147 -21107.873|350.147 -21106.372|315.397 -21106.349|315.397 -21107.850|315.397 -21115.278
35 CREEKSTONE CM SW,264.772 -21111.286|299.515 -21111.309|299.522 -21103.859|299.522 -21102.357|264.779 -21102.335|264.772 -21103.836|264.772 -21108.974|264.772 -21110.464
34 CREEKSTONE CM SW,315.397 -21106.349|350.147 -21106.372|350.154 -21098.944|350.154 -21097.443|315.404 -21097.420|315.404 -21098.922
31 CREEKSTONE CM SW,264.779 -21102.335|299.522 -21102.357|299.529 -21094.896|299.529 -21093.395|264.779 -21093.373|264.779 -21094.874|264.779 -21100.089|264.779 -21101.579
30 CREEKSTONE CM SW,315.404 -21097.420|350.154 -21097.443|350.154 -21089.414|350.161 -21087.913|317.795 -21087.880|315.411 -21087.880|315.411 -21089.381
27 CREEKSTONE CM SW,264.779 -21093.373|299.529 -21093.395|299.536 -21084.133|297.159 -21084.121|265.387 -21084.110|264.786 -21084.110|264.786 -21091.205|264.786 -21092.695
26 CREEKSTONE CM SW,315.411 -21087.880|317.795 -21087.880|350.161 -21087.913|350.161 -21080.485|350.168 -21078.984|315.418 -21078.962|315.418 -21080.463|315.411 -21084.144
22 CREEKSTONE CM SW,315.418 -21078.962|350.168 -21078.984|350.168 -21071.556|350.175 -21070.055|315.425 -21070.033|315.425 -21071.534
18 CREEKSTONE CM SW,315.425 -21070.033|350.175 -21070.055|350.175 -21062.627|350.175 -21061.137|315.432 -21061.104|315.432 -21062.605
14 CREEKSTONE CM SW,315.432 -21061.104|350.175 -21061.137|350.182 -21053.710|350.182 -21052.209|315.439 -21052.186|315.439 -21053.687
10 CREEKSTONE CM SW,315.439 -21052.186|350.182 -21052.209|350.189 -21043.191|348.406 -21043.191|323.290 -21043.168|319.920 -21043.168|315.446 -21047.672
123 CREEKSIDE RI SW,-585.319 -21039.632|-562.621 -21034.673|-559.153 -21033.917|-555.323 -21028.491|-556.098 -21021.964|-587.094 -21025.911
124 CREEKSIDE RI SW,-539.713 -21025.255|-534.659 -21028.858|-521.901 -21026.545|-509.101 -21024.454|-510.451 -21014.024|-540.601 -21017.783
119 CREEKSIDE RI SW,-587.094 -21025.911|-556.098 -21021.964|-556.812 -21015.937|-557.364 -21011.166|-588.387 -21014.725
120 CREEKSIDE RI SW,-540.601 -21017.783|-510.451 -21014.024|-511.373 -21006.196|-541.551 -21009.665|-541.048 -21014.046
111 CREEKSIDE RI SW,-588.387 -21014.725|-557.364 -21011.166|-558.524 -21000.347|-589.548 -21003.539
116 CREEKSIDE RI SW,-541.551 -21009.665|-511.373 -21006.196|-512.163 -20998.957|-542.376 -21002.171
112 CREEKSIDE RI SW,-542.376 -21002.171|-512.163 -20998.957|-512.897 -20991.707|-543.131 -20994.665
107 CREEKSIDE RI SW,-589.548 -21003.539|-558.524 -21000.347|-559.559 -20989.528|-590.576 -20992.330
108 CREEKSIDE RI SW,-543.131 -20994.665|-512.897 -20991.707|-513.568 -20984.457|-543.823 -20987.159
103 CREEKSIDE RI SW,-590.576 -20992.330|-559.559 -20989.528|-560.454 -20978.686|-591.463 -20981.110
104 CREEKSIDE RI SW,-543.823 -20987.159|-513.568 -20984.457|-514.177 -20977.208|-544.452 -20979.643
100 CREEKSIDE RI SW,-544.452 -20979.643|-514.177 -20977.208|-514.722 -20969.947|-545.019 -20972.126
95 CREEKSIDE RI SW,-591.463 -20981.110|-560.454 -20978.686|-561.222 -20967.845|-592.218 -20969.880
96 CREEKSIDE RI SW,-545.522 -20964.598|-545.019 -20972.126|-514.722 -20969.947|-515.204 -20962.685
91 CREEKSIDE RI SW,-592.218 -20969.880|-561.222 -20967.845|-561.866 -20956.992|-592.840 -20958.649|-592.631 -20962.652
92 CREEKSIDE RI SW,-545.522 -20964.598|-515.204 -20962.685|-515.624 -20955.413|-545.955 -20957.070
88 CREEKSIDE RI SW,-545.955 -20957.070|-515.624 -20955.413|-515.987 -20948.141|-546.333 -20949.542
87 CREEKSIDE RI SW,-592.840 -20958.649|-561.866 -20956.992|-562.369 -20946.129|-593.323 -20947.407
84 CREEKSIDE RI SW,-515.987 -20948.141|-516.078 -20946.040|-516.309 -20940.257|-546.661 -20941.381|-546.333 -20949.542
79 CREEKSIDE RI SW,-593.323 -20947.407|-562.369 -20946.129|-562.746 -20935.254|-593.672 -20936.154
80 CREEKSIDE RI SW,-516.309 -20940.257|-516.553 -20932.385|-546.920 -20933.208|-546.661 -20941.381
76 CREEKSIDE RI SW,-547.095 -20925.669|-546.920 -20933.208|-516.553 -20932.385|-516.721 -20925.102
304 CREEKSIDE TC SW,-661.536 -20962.719|-640.012 -20962.697|-639.956 -20924.234|-642.060 -20924.112|-644.137 -20923.745|-646.150 -20923.133|-648.093 -20922.311|-666.464 -20959.594
308 CREEKSIDE TC SW,-628.422 -20921.966|-631.281 -20922.477|-634.077 -20923.267|-636.978 -20923.990|-639.956 -20924.234|-640.012 -20962.697|-628.422 -20962.685
75 CREEKSIDE RI SW,-593.672 -20936.154|-562.746 -20935.254|-562.963 -20926.236|-564.585 -20924.535|-567.269 -20921.744|-592.134 -20921.732|-593.917 -20921.732|-593.896 -20924.134|-593.889 -20924.535
320 CREEKSIDE TC SW,-593.917 -20921.732|-594.518 -20921.732|-605.332 -20921.732|-605.332 -20962.663|-593.232 -20962.652|-592.631 -20962.652|-592.840 -20958.649|-593.323 -20947.407|-593.672 -20936.154|-593.889 -20924.535|-593.896 -20924.134
316 CREEKSIDE TC SW,-616.881 -20962.674|-605.332 -20962.663|-605.332 -20921.732|-616.874 -20921.732
312 CREEKSIDE TC SW,-628.422 -20962.685|-616.881 -20962.674|-616.874 -20921.732|-624.752 -20921.732|-628.422 -20921.966
72 CREEKSIDE RI SW,-547.095 -20925.669|-516.721 -20925.102|-516.826 -20917.818|-547.200 -20918.130
300 CREEKSIDE TC SW,-686.792 -20941.703|-683.409 -20948.853|-666.464 -20959.594|-648.093 -20922.311|-649.925 -20921.254|-651.623 -20919.998|-653.168 -20918.563|-654.538 -20916.951
68 CREEKSIDE RI SW,-547.200 -20918.130|-516.826 -20917.818|-516.868 -20910.535|-547.242 -20910.591
296 CREEKSIDE TC SW,-698.418 -20917.207|-686.792 -20941.703|-654.538 -20916.951|-655.713 -20915.194|-656.684 -20913.315|-657.439 -20911.336|-657.957 -20909.279
64 CREEKSIDE RI SW,-547.242 -20910.591|-516.868 -20910.535|-516.847 -20903.263|-547.221 -20903.041
292 CREEKSIDE TC SW,-698.418 -20917.207|-657.957 -20909.279|-658.264 -20906.855|-658.243 -20904.408|-657.908 -20901.984|-657.265 -20899.627|-656.817 -20898.237|-707.414 -20898.237
60 CREEKSIDE RI SW,-547.221 -20903.041|-516.847 -20903.263|-516.763 -20895.757|-547.144 -20895.757
59 CREEKSIDE RI SW,-601.942 -20905.743|-601.348 -20905.743|-569.723 -20905.743|-567.339 -20905.743|-563.082 -20901.250|-563.005 -20894.723|-601.802 -20894.723
291 CREEKSIDE TC SW,-635.461 -20905.743|-632.099 -20905.743|-603.732 -20905.743|-601.942 -20905.743|-601.802 -20894.723|-601.774 -20892.877|-639.774 -20892.877|-639.893 -20901.239
56 CREEKSIDE RI SW,-547.144 -20895.757|-516.763 -20895.757|-516.616 -20888.418|-546.997 -20888.418
288 CREEKSIDE TC SW,-713.503 -20885.394|-707.414 -20898.237|-656.817 -20898.237|-656.321 -20896.335|-655.957 -20894.401|-655.727 -20892.444|-655.622 -20890.476|-655.503 -20885.394
55 CREEKSIDE RI SW,-601.802 -20894.723|-563.005 -20894.723|-562.760 -20883.715|-601.655 -20883.715|-601.774 -20892.877
52 CREEKSIDE RI SW,-546.794 -20881.068|-546.843 -20882.547|-546.997 -20888.418|-516.616 -20888.418|-516.476 -20883.470|-516.407 -20881.068
287 CREEKSIDE TC SW,-639.774 -20892.877|-601.774 -20892.877|-601.655 -20883.715|-601.606 -20880.012|-639.460 -20880.012
48 CREEKSIDE RI SW,-516.183 -20873.730|-546.577 -20873.718|-546.794 -20881.068|-516.407 -20881.068
47 CREEKSIDE RI SW,-601.655 -20883.715|-562.760 -20883.715|-562.711 -20882.058|-562.432 -20872.695|-601.509 -20872.695|-601.606 -20880.012
284 CREEKSIDE TC SW,-713.503 -20885.394|-655.503 -20885.394|-655.077 -20871.950|-710.798 -20871.950|-713.908 -20884.538
283 CREEKSIDE TC SW,-601.439 -20867.158|-638.978 -20867.147|-639.460 -20880.012|-601.606 -20880.012|-601.509 -20872.695
44 CREEKSIDE RI SW,-546.577 -20873.718|-516.183 -20873.730|-515.945 -20865.768|-546.333 -20865.768
43 CREEKSIDE RI SW,-601.509 -20872.695|-562.432 -20872.695|-562.096 -20861.687|-601.369 -20861.687|-601.439 -20867.158
280 CREEKSIDE TC SW,-654.755 -20864.256|-654.475 -20858.507|-707.477 -20858.507|-710.798 -20871.950|-655.077 -20871.950
40 CREEKSIDE RI SW,-546.333 -20865.768|-515.945 -20865.768|-515.707 -20857.818|-546.095 -20857.806|-546.207 -20861.465
279 CREEKSIDE TC SW,-638.978 -20867.147|-601.439 -20867.158|-601.369 -20861.687|-601.271 -20854.293|-638.334 -20854.293
35 CREEKSIDE RI SW,-601.369 -20861.687|-562.096 -20861.687|-562.089 -20861.465|-561.768 -20850.679|-601.222 -20850.679|-601.271 -20854.293
36 CREEKSIDE RI SW,-546.095 -20857.806|-515.707 -20857.818|-515.484 -20850.468|-545.878 -20850.468
276 CREEKSIDE TC SW,-707.477 -20858.507|-654.475 -20858.507|-653.686 -20845.075|-697.481 -20845.064|-706.156 -20853.158
32 CREEKSIDE RI SW,-545.878 -20850.468|-515.484 -20850.468|-515.267 -20843.118|-545.655 -20843.118
275 CREEKSIDE TC SW,-638.334 -20854.293|-601.271 -20854.293|-601.222 -20850.679|-601.103 -20841.427|-637.524 -20841.427
31 CREEKSIDE RI SW,-601.222 -20850.679|-561.768 -20850.679|-561.453 -20840.249|-601.082 -20840.249|-601.103 -20841.427
28 CREEKSIDE RI SW,-545.522 -20838.770|-545.655 -20843.118|-515.267 -20843.118|-515.043 -20835.779|-545.431 -20835.779
272 CREEKSIDE TC SW,-697.481 -20845.064|-653.686 -20845.075|-652.770 -20832.232|-655.161 -20832.232|-683.710 -20832.232
27 CREEKSIDE RI SW,-601.082 -20840.249|-561.453 -20840.249|-561.160 -20830.430|-561.139 -20829.830|-563.522 -20829.830|-574.686 -20829.819|-586.185 -20829.819|-597.685 -20829.819|-600.949 -20829.819|-600.956 -20830.419
271 CREEKSIDE TC SW,-636.643 -20829.819|-636.692 -20830.419|-636.838 -20832.232|-637.524 -20841.427|-601.103 -20841.427|-601.082 -20840.249|-600.956 -20830.419|-600.949 -20829.819|-609.177 -20829.819|-620.676 -20829.819|-634.252 -20829.819
24 CREEKSIDE RI SW,-545.431 -20835.779|-515.043 -20835.779|-514.820 -20828.429|-545.214 -20828.429|-545.256 -20829.830
212 CREEKSIDE TC SW,-726.296 -20671.321|-697.418 -20661.837|-697.390 -20661.825|-695.153 -20661.091|-696.733 -20655.732|-698.033 -20650.294|-730.077 -20657.133|-728.372 -20664.283
208 CREEKSIDE TC SW,-698.033 -20650.294|-699.117 -20644.279|-699.606 -20641.766|-700.312 -20639.308|-732.342 -20642.611|-731.399 -20649.905|-730.077 -20657.133
127 CREEKSIDE TC SW,-555.693 -20633.993|-560.160 -20629.501|-567.157 -20629.501|-567.157 -20664.227|-564.774 -20664.227|-555.693 -20664.227
131 CREEKSIDE TC SW,-567.157 -20629.501|-575.050 -20629.501|-575.050 -20664.227|-573.861 -20664.227|-567.157 -20664.227
135 CREEKSIDE TC SW,-575.050 -20629.501|-582.942 -20629.501|-582.942 -20664.227|-575.050 -20664.227
139 CREEKSIDE TC SW,-582.942 -20629.501|-590.834 -20629.501|-590.834 -20664.227|-582.942 -20664.227
143 CREEKSIDE TC SW,-592.023 -20664.227|-590.834 -20664.227|-590.834 -20629.501|-598.726 -20629.501|-598.726 -20664.227
147 CREEKSIDE TC SW,-601.110 -20664.227|-598.726 -20664.227|-598.726 -20629.501|-606.619 -20629.501|-606.619 -20664.227
151 CREEKSIDE TC SW,-610.191 -20664.227|-606.619 -20664.227|-606.619 -20629.501|-615.699 -20629.490|-615.699 -20664.227
155 CREEKSIDE TC SW,-624.780 -20629.490|-624.787 -20664.227|-619.271 -20664.227|-615.699 -20664.227|-615.699 -20629.490
163 CREEKSIDE TC SW,-628.359 -20664.227|-624.787 -20664.227|-624.780 -20629.490|-633.868 -20629.490|-633.868 -20664.227
167 CREEKSIDE TC SW,-637.440 -20664.216|-633.868 -20664.227|-633.868 -20629.490|-642.948 -20629.490|-642.948 -20664.216
171 CREEKSIDE TC SW,-642.948 -20664.216|-642.948 -20629.490|-652.036 -20629.490|-652.036 -20664.216|-646.527 -20664.216
175 CREEKSIDE TC SW,-655.608 -20664.216|-652.036 -20664.216|-652.036 -20629.490|-661.116 -20629.490|-661.116 -20664.216
179 CREEKSIDE TC SW,-669.624 -20664.216|-661.116 -20664.216|-661.116 -20629.490|-672.469 -20629.490
183 CREEKSIDE TC SW,-676.992 -20664.216|-669.624 -20664.216|-672.469 -20629.490|-679.942 -20629.490|-682.242 -20631.892|-684.248 -20633.982|-683.724 -20639.609|-682.850 -20645.191|-681.626 -20650.706|-680.054 -20656.132|-678.732 -20659.902|-677.250 -20663.616
204 CREEKSIDE TC SW,-700.312 -20639.308|-701.235 -20636.895|-701.962 -20634.927|-702.458 -20632.892|-702.731 -20630.813|-702.759 -20628.723|-733.055 -20627.444|-733.055 -20628.511|-732.881 -20635.572|-732.342 -20642.611
200 CREEKSIDE TC SW,-732.077 -20605.772|-733.055 -20606.751|-733.055 -20627.444|-702.759 -20628.723|-702.577 -20626.799|-702.199 -20624.909|-701.633 -20623.074|-700.871 -20621.295
196 CREEKSIDE TC SW,-696.160 -20615.279|-716.768 -20590.360|-732.077 -20605.772|-700.871 -20621.295|-699.935 -20619.616|-698.830 -20618.048|-697.565 -20616.591
120 CREEKSIDE TC SW,-549.856 -20613.511|-539.804 -20613.511|-539.804 -20582.332|-539.804 -20580.531|-549.856 -20580.531
124 CREEKSIDE TC SW,-558.937 -20580.531|-558.937 -20613.511|-555.686 -20613.511|-549.856 -20613.511|-549.856 -20580.531
128 CREEKSIDE TC SW,-558.937 -20580.531|-566.808 -20580.531|-566.815 -20613.511|-558.937 -20613.511
132 CREEKSIDE TC SW,-566.808 -20580.531|-574.686 -20580.531|-574.686 -20613.511|-566.815 -20613.511
136 CREEKSIDE TC SW,-574.686 -20580.531|-582.557 -20580.531|-582.557 -20613.511|-574.686 -20613.511
140 CREEKSIDE TC SW,-582.557 -20580.531|-590.429 -20580.531|-590.429 -20613.511|-583.767 -20613.511|-582.557 -20613.511
144 CREEKSIDE TC SW,-598.300 -20613.511|-590.429 -20613.511|-590.429 -20580.531|-598.300 -20580.531
148 CREEKSIDE TC SW,-606.171 -20613.511|-598.300 -20613.511|-598.300 -20580.531|-606.171 -20580.531
152 CREEKSIDE TC SW,-614.043 -20613.511|-606.171 -20613.511|-606.171 -20580.531|-614.043 -20580.531
156 CREEKSIDE TC SW,-614.043 -20580.531|-621.914 -20580.531|-621.914 -20613.511|-614.043 -20613.511
160 CREEKSIDE TC SW,-629.792 -20613.511|-621.914 -20613.511|-621.914 -20580.531|-629.785 -20580.531
164 CREEKSIDE TC SW,-637.663 -20613.500|-629.792 -20613.511|-629.785 -20580.531|-637.663 -20580.531
168 CREEKSIDE TC SW,-646.744 -20613.500|-637.663 -20613.500|-637.663 -20580.531|-646.744 -20580.531
172 CREEKSIDE TC SW,-646.744 -20613.500|-646.744 -20580.531|-655.825 -20580.531|-655.832 -20613.500
176 CREEKSIDE TC SW,-664.912 -20613.500|-655.832 -20613.500|-655.825 -20580.531|-664.912 -20580.520
180 CREEKSIDE TC SW,-669.232 -20613.500|-664.912 -20613.500|-664.912 -20580.520|-673.993 -20580.520|-673.993 -20613.111|-671.623 -20613.411
184 CREEKSIDE TC SW,-678.558 -20611.966|-676.300 -20612.633|-673.993 -20613.111|-673.993 -20580.520|-683.080 -20580.520|-683.080 -20611.054|-680.788 -20611.365
188 CREEKSIDE TC SW,-683.080 -20611.054|-683.080 -20580.520|-698.222 -20580.520|-689.428 -20611.710|-687.869 -20611.332|-686.282 -20611.098|-684.681 -20611.009
192 CREEKSIDE TC SW,-689.428 -20611.710|-698.222 -20580.520|-706.995 -20580.520|-708.784 -20582.321|-716.768 -20590.360|-696.160 -20615.279|-694.622 -20614.134|-692.979 -20613.144|-691.238 -20612.333
148 CREEKVIEW PA SW,719.866 -21825.113|724.529 -21825.124|729.003 -21820.643|729.066 -21796.058|729.073 -21791.855|727.787 -21791.855|719.943 -21791.833
140 CREEKVIEW PA SW,705.179 -21825.080|712.519 -21825.102|712.596 -21791.822|705.249 -21791.799
136 CREEKVIEW PA SW,697.909 -21791.788|697.832 -21825.069|705.179 -21825.080|705.249 -21791.799
124 CREEKVIEW PA SW,677.008 -21825.013|684.355 -21825.036|684.432 -21791.755|677.085 -21791.733
120 CREEKVIEW PA SW,677.085 -21791.733|669.738 -21791.722|669.668 -21825.002|677.008 -21825.013
111 CREEKVIEW AV SW,658.322 -21784.694|664.530 -21784.716|666.019 -21784.716|666.089 -21751.436|664.600 -21751.436|658.399 -21751.424
106 CREEKVIEW AV SW,649.395 -21735.412|655.218 -21735.424|656.707 -21735.424|656.784 -21701.943|655.295 -21701.943|649.472 -21701.932
102 CREEKVIEW AV SW,642.076 -21735.390|647.906 -21735.401|649.395 -21735.412|649.472 -21701.932|647.983 -21701.932|642.153 -21701.909
74 CREEKVIEW AV SW,600.686 -21701.820|593.374 -21701.809|593.297 -21735.279|600.609 -21735.301
70 CREEKVIEW AV SW,593.374 -21701.809|586.055 -21701.787|585.985 -21735.268|593.297 -21735.279
66 CREEKVIEW AV SW,586.055 -21701.787|579.351 -21701.776|579.274 -21735.246|585.985 -21735.268
62 CREEKVIEW AV SW,579.351 -21701.776|572.640 -21701.754|572.563 -21735.234|579.274 -21735.246
58 CREEKVIEW AV SW,572.640 -21701.754|565.929 -21701.743|565.852 -21735.223|572.563 -21735.234
54 CREEKVIEW AV SW,565.929 -21701.743|559.218 -21701.731|559.141 -21735.201|565.852 -21735.223
42 CREEKVIEW AV SW,544.559 -21701.687|537.226 -21701.676|537.149 -21735.157|544.482 -21735.168
38 CREEKVIEW AV SW,537.226 -21701.676|529.893 -21701.654|529.823 -21735.134|537.149 -21735.157
87 CREEKVIEW CM SW,627.893 -21661.412|627.816 -21694.882|634.016 -21694.904|635.505 -21694.904|635.582 -21661.423|634.093 -21661.423
83 CREEKVIEW CM SW,627.893 -21661.412|620.196 -21661.390|620.119 -21694.871|627.816 -21694.882
71 CREEKVIEW CM SW,604.817 -21661.357|597.121 -21661.334|597.044 -21694.815|604.740 -21694.837
104 CREEKVIEW CM SW,666.620 -21611.775|658.951 -21611.764|658.874 -21645.489|666.543 -21645.511
96 CREEKVIEW CM SW,651.276 -21611.741|643.607 -21611.719|643.530 -21645.456|651.199 -21645.467
80 CREEKVIEW CM SW,620.588 -21611.675|612.912 -21611.652|612.835 -21645.378|620.511 -21645.400
76 CREEKVIEW CM SW,612.912 -21611.652|605.243 -21611.641|605.167 -21645.367|612.835 -21645.378
72 CREEKVIEW CM SW,605.236 -21611.641|597.568 -21611.619|597.491 -21645.345|605.167 -21645.367|605.243 -21611.641
1333 CREEKVIEW DR SW,706.661 -21604.870|723.641 -21604.914|726.507 -21604.914|722.243 -21587.801|721.125 -21582.886|719.573 -21578.094|718.601 -21576.148|717.259 -21574.424|715.595 -21573.012|713.687 -21571.978|711.687 -21571.355|709.611 -21571.144|706.738 -21571.144
1285 CREEKVIEW DR SW,622.118 -21570.955|614.429 -21570.933|614.352 -21604.658|622.042 -21604.681
198 CREEKSIDE MR SW,-51.463 -21413.014|-19.705 -21413.036|-19.698 -21406.809|-19.698 -21405.308|-51.456 -21405.286|-51.456 -21406.787
194 CREEKSIDE MR SW,-51.456 -21405.286|-19.698 -21405.308|-19.691 -21399.070|-19.691 -21397.569|-51.456 -21397.547|-51.456 -21399.048
195 CREEKSIDE MR SW,-103.878 -21405.808|-94.783 -21407.076|-85.660 -21408.088|-76.510 -21408.844|-67.345 -21409.367|-67.338 -21398.436|-67.338 -21396.935|-105.653 -21396.913|-105.856 -21398.414|-106.408 -21402.384
190 CREEKSIDE MR SW,-51.456 -21397.547|-19.691 -21397.569|-19.684 -21391.331|-19.684 -21389.841|-51.449 -21389.819|-51.449 -21391.320
191 CREEKSIDE MR SW,-105.653 -21396.913|-67.338 -21396.935|-67.331 -21390.697|-67.331 -21389.196|-104.584 -21389.174|-104.793 -21390.675
208 CREEKSIDE ST SW,-116.593 -21403.618|-113.259 -21401.205|-112.720 -21397.313|-112.511 -21395.812|-157.739 -21383.269|-158.319 -21384.670|-160.899 -21390.908|-155.873 -21393.021|-150.763 -21394.934|-145.590 -21396.646|-140.347 -21398.169|-128.519 -21401.105
186 CREEKSIDE MR SW,-51.449 -21389.819|-19.684 -21389.841|-19.684 -21383.603|-19.684 -21382.102|-51.442 -21382.079|-51.442 -21383.581
187 CREEKSIDE MR SW,-104.584 -21389.174|-67.331 -21389.196|-67.331 -21382.958|-67.331 -21381.468|-103.514 -21381.446|-103.724 -21382.936
204 CREEKSIDE ST SW,-111.532 -21388.695|-155.006 -21376.642|-155.495 -21377.832|-155.579 -21378.032|-157.739 -21383.269|-112.511 -21395.812|-111.735 -21390.197
182 CREEKSIDE MR SW,-51.442 -21382.079|-19.684 -21382.102|-19.677 -21375.864|-19.677 -21374.362|-51.442 -21374.351|-51.442 -21375.841
183 CREEKSIDE MR SW,-103.514 -21381.446|-67.331 -21381.468|-67.324 -21375.230|-67.324 -21373.729|-102.444 -21373.706|-102.654 -21375.208
200 CREEKSIDE ST SW,-110.546 -21381.579|-152.426 -21369.959|-152.951 -21371.371|-155.006 -21376.642|-111.532 -21388.695|-110.756 -21383.069
178 CREEKSIDE MR SW,-51.435 -21366.612|-51.435 -21368.113|-51.442 -21374.351|-19.677 -21374.362|-19.670 -21368.136|-19.670 -21366.634
179 CREEKSIDE MR SW,-102.444 -21373.706|-67.324 -21373.729|-67.317 -21367.491|-67.317 -21365.989|-101.375 -21365.967|-101.585 -21367.468
196 CREEKSIDE ST SW,-109.477 -21373.851|-149.889 -21362.643|-150.364 -21364.066|-152.426 -21369.959|-110.546 -21381.579|-109.687 -21375.352
209 CREEKSIDE ST SW,-171.329 -21374.518|-204.317 -21360.697|-204.890 -21362.075|-207.609 -21368.658|-200.703 -21373.584|-193.621 -21378.232|-186.365 -21382.624|-178.955 -21386.727|-176.830 -21387.839|-176.599 -21387.283|-171.902 -21375.908
174 CREEKSIDE MR SW,-51.435 -21366.612|-19.670 -21366.634|-19.670 -21360.396|-19.670 -21358.895|-51.428 -21358.873|-51.428 -21360.374
175 CREEKSIDE MR SW,-101.375 -21365.967|-67.317 -21365.989|-67.317 -21359.763|-67.310 -21358.261|-100.305 -21358.239|-100.515 -21359.740
192 CREEKSIDE ST SW,-108.414 -21366.123|-147.638 -21355.248|-148.050 -21356.682|-149.889 -21362.643|-109.477 -21373.851|-108.617 -21367.624
201 CREEKSIDE ST SW,-171.329 -21374.518|-170.154 -21371.683|-168.162 -21366.657|-167.631 -21365.256|-201.094 -21352.635|-201.625 -21354.036|-203.142 -21357.861|-204.317 -21360.697
170 CREEKSIDE MR SW,-51.428 -21358.873|-19.670 -21358.895|-19.663 -21352.657|-19.663 -21351.167|-51.428 -21351.145|-51.428 -21352.646
171 CREEKSIDE MR SW,-67.310 -21358.261|-67.310 -21352.023|-67.310 -21350.522|-100.054 -21350.500|-100.054 -21352.001|-100.054 -21356.416|-100.305 -21358.239
188 CREEKSIDE ST SW,-107.226 -21357.516|-145.695 -21347.920|-146.058 -21349.377|-147.638 -21355.248|-108.414 -21366.123|-107.429 -21359.018
197 CREEKSIDE ST SW,-167.631 -21365.256|-164.688 -21356.749|-164.240 -21355.315|-198.333 -21344.562|-198.787 -21345.986|-201.094 -21352.635
166 CREEKSIDE MR SW,-19.656 -21343.428|-51.421 -21343.406|-51.421 -21344.907|-51.428 -21351.145|-19.663 -21351.167|-19.656 -21344.929
167 CREEKSIDE MR SW,-100.054 -21350.500|-67.310 -21350.522|-67.303 -21344.284|-67.303 -21342.794|-100.047 -21342.772|-100.047 -21344.273
184 CREEKSIDE ST SW,-107.002 -21355.926|-107.002 -21349.944|-106.995 -21348.410|-144.031 -21340.593|-144.338 -21342.060|-145.695 -21347.920|-107.226 -21357.516
189 CREEKSIDE ST SW,-164.240 -21355.315|-161.759 -21346.653|-161.388 -21345.196|-196.019 -21336.334|-196.396 -21337.790|-198.333 -21344.562
162 CREEKSIDE MR SW,-51.421 -21343.406|-19.656 -21343.428|-19.656 -21337.190|-19.656 -21335.689|-51.414 -21335.678|-51.421 -21337.179
163 CREEKSIDE MR SW,-100.047 -21342.772|-67.303 -21342.794|-67.303 -21336.556|-67.296 -21335.055|-100.040 -21335.033|-100.047 -21336.534
180 CREEKSIDE ST SW,-106.995 -21348.410|-106.995 -21340.915|-106.995 -21339.392|-142.633 -21333.209|-142.891 -21334.688|-144.031 -21340.593
158 CREEKSIDE MR SW,-51.414 -21335.678|-19.656 -21335.689|-19.649 -21329.462|-19.649 -21327.961|-51.414 -21327.939|-51.414 -21329.440
185 CREEKSIDE ST SW,-196.019 -21336.334|-161.388 -21345.196|-159.389 -21336.412|-159.095 -21334.944|-194.160 -21328.005|-194.453 -21329.473
159 CREEKSIDE MR SW,-100.040 -21335.033|-67.296 -21335.055|-67.296 -21328.817|-67.296 -21327.316|-100.040 -21327.294|-100.040 -21328.795
176 CREEKSIDE ST SW,-106.995 -21339.392|-106.988 -21331.986|-106.988 -21330.474|-141.500 -21325.781|-141.703 -21327.260|-142.633 -21333.209
154 CREEKSIDE MR SW,-51.414 -21327.939|-19.649 -21327.961|-19.642 -21321.723|-19.642 -21320.222|-51.407 -21320.199|-51.407 -21321.701
155 CREEKSIDE MR SW,-100.040 -21327.294|-67.296 -21327.316|-67.289 -21321.089|-67.289 -21319.588|-100.033 -21319.566|-100.033 -21321.067
177 CREEKSIDE ST SW,-159.095 -21334.944|-157.578 -21326.059|-157.362 -21324.569|-192.747 -21319.577|-192.964 -21321.067|-194.160 -21328.005
172 CREEKSIDE ST SW,-106.988 -21330.474|-106.981 -21323.157|-106.981 -21321.645|-140.633 -21318.309|-140.780 -21319.799|-141.500 -21325.781
150 CREEKSIDE MR SW,-51.407 -21320.199|-19.642 -21320.222|-19.642 -21313.995|-19.642 -21312.494|-51.400 -21312.471|-51.407 -21313.973
151 CREEKSIDE MR SW,-67.282 -21311.849|-100.026 -21311.826|-100.026 -21313.328|-100.033 -21319.566|-67.289 -21319.588|-67.282 -21313.350
173 CREEKSIDE ST SW,-192.747 -21319.577|-157.362 -21324.569|-156.327 -21315.618|-156.201 -21314.128|-191.804 -21311.093|-191.937 -21312.583
168 CREEKSIDE ST SW,-106.981 -21321.645|-106.974 -21314.384|-106.974 -21312.883|-140.032 -21310.815|-140.130 -21312.316|-140.633 -21318.309
146 CREEKSIDE MR SW,-51.400 -21304.732|-51.400 -21306.233|-51.400 -21312.471|-19.642 -21312.494|-19.635 -21306.256|-19.635 -21304.754
147 CREEKSIDE MR SW,-100.026 -21311.826|-67.282 -21311.849|-67.282 -21305.611|-67.282 -21304.121|-100.026 -21304.098|-100.026 -21305.588
164 CREEKSIDE ST SW,-106.974 -21312.883|-106.974 -21305.655|-106.974 -21304.154|-139.704 -21303.309|-139.753 -21304.810|-140.032 -21310.815
165 CREEKSIDE ST SW,-191.804 -21311.093|-156.201 -21314.128|-155.656 -21305.121|-155.600 -21303.631|-191.321 -21302.564|-191.370 -21304.065
142 CREEKSIDE MR SW,-51.400 -21304.732|-19.635 -21304.754|-19.628 -21298.516|-19.628 -21297.015|-51.393 -21297.004|-51.393 -21298.505
143 CREEKSIDE MR SW,-100.026 -21304.098|-67.282 -21304.121|-67.275 -21297.883|-67.275 -21296.381|-100.019 -21296.359|-100.019 -21297.860
160 CREEKSIDE ST SW,-106.974 -21304.154|-106.967 -21297.249|-106.967 -21295.748|-139.634 -21295.725|-139.641 -21297.227|-139.641 -21298.072|-139.704 -21303.309
161 CREEKSIDE ST SW,-191.321 -21302.564|-155.600 -21303.631|-155.516 -21298.061|-155.516 -21295.303|-155.516 -21293.802|-191.251 -21293.835|-191.251 -21295.336|-191.251 -21298.038
138 CREEKSIDE MR SW,-51.393 -21297.004|-19.628 -21297.015|-19.628 -21290.788|-19.628 -21289.287|-51.386 -21289.265|-51.386 -21290.766
139 CREEKSIDE MR SW,-100.012 -21288.620|-100.012 -21290.121|-100.019 -21296.359|-67.275 -21296.381|-67.268 -21290.143|-67.268 -21288.642
156 CREEKSIDE ST SW,-139.634 -21295.725|-106.967 -21295.748|-106.960 -21289.510|-106.960 -21288.008|-139.634 -21287.986|-139.634 -21289.487
153 CREEKSIDE ST SW,-191.251 -21293.835|-155.516 -21293.802|-155.509 -21286.341|-155.509 -21284.851|-191.245 -21284.884|-191.245 -21286.385
134 CREEKSIDE MR SW,-51.386 -21289.265|-19.628 -21289.287|-19.621 -21283.049|-19.621 -21281.548|-51.386 -21281.526|-51.386 -21283.027
135 CREEKSIDE MR SW,-67.261 -21280.914|-100.012 -21280.892|-100.012 -21282.393|-100.012 -21288.620|-67.268 -21288.642|-67.268 -21282.415
152 CREEKSIDE ST SW,-139.634 -21287.986|-106.960 -21288.008|-106.960 -21281.770|-106.953 -21280.269|-139.627 -21280.258|-139.627 -21281.748
149 CREEKSIDE ST SW,-191.245 -21284.884|-155.509 -21284.851|-155.509 -21277.389|-155.502 -21275.888|-191.238 -21275.933|-191.238 -21277.423
130 CREEKSIDE MR SW,-51.386 -21281.526|-19.621 -21281.548|-19.614 -21275.321|-19.614 -21273.820|-51.379 -21273.798|-51.379 -21275.299
131 CREEKSIDE MR SW,-67.261 -21280.914|-67.261 -21274.676|-67.261 -21273.175|-100.005 -21273.153|-100.005 -21274.654|-100.012 -21280.892
148 CREEKSIDE ST SW,-139.627 -21280.258|-106.953 -21280.269|-106.953 -21274.042|-106.953 -21272.541|-139.620 -21272.519|-139.620 -21274.020
145 CREEKSIDE ST SW,-191.238 -21275.933|-155.502 -21275.888|-155.502 -21268.438|-155.502 -21266.937|-191.231 -21266.970|-191.238 -21268.472
126 CREEKSIDE MR SW,-51.379 -21273.798|-19.614 -21273.820|-19.607 -21266.970|-19.607 -21265.469|-51.372 -21265.447|-51.372 -21266.948
127 CREEKSIDE MR SW,-100.005 -21273.153|-67.261 -21273.175|-67.254 -21266.937|-67.254 -21265.436|-99.998 -21265.414|-99.998 -21266.915
144 CREEKSIDE ST SW,-139.620 -21272.519|-106.953 -21272.541|-106.946 -21266.303|-106.946 -21264.802|-139.620 -21264.780|-139.620 -21266.281
141 CREEKSIDE ST SW,-191.231 -21266.970|-155.502 -21266.937|-155.495 -21261.733|-155.495 -21258.909|-155.495 -21257.107|-157.879 -21257.107|-191.231 -21257.141
122 CREEKSIDE MR SW,-51.372 -21265.447|-19.607 -21265.469|-19.607 -21258.331|-19.600 -21256.829|-46.898 -21256.807|-51.372 -21261.299
123 CREEKSIDE MR SW,-67.254 -21265.436|-67.254 -21261.288|-71.714 -21256.796|-99.991 -21256.774|-99.998 -21265.414
140 CREEKSIDE ST SW,-139.620 -21264.780|-106.946 -21264.802|-106.939 -21256.774|-135.146 -21256.752|-139.613 -21261.244
67 CREEKSIDE VW SW,-575.581 -21242.685|-544.215 -21240.550|-541.831 -21240.384|-542.537 -21233.779|-542.949 -21227.152|-576.315 -21228.475|-576.685 -21237.237
63 CREEKSIDE VW SW,-542.893 -21213.597|-575.735 -21214.909|-576.315 -21228.475|-542.949 -21227.152|-543.075 -21220.891|-542.935 -21214.631
365 CREEKSIDE DR SW,-456.652 -21221.547|-455.163 -21221.447|-451.081 -21216.677|-451.353 -21212.930|-484.041 -21215.154|-483.523 -21221.881|-483.391 -21223.371
62 CREEKSIDE VW SW,-527.193 -21221.859|-522.635 -21226.051|-490.339 -21223.849|-491.276 -21210.928|-526.990 -21213.363|-527.074 -21215.320
361 CREEKSIDE DR SW,-451.353 -21212.930|-451.787 -21205.591|-484.474 -21207.826|-484.041 -21215.154
59 CREEKSIDE VW SW,-575.155 -21201.343|-575.735 -21214.909|-542.893 -21213.597|-542.313 -21200.031
58 CREEKSIDE VW SW,-491.276 -21210.928|-491.779 -21199.342|-526.494 -21201.710|-526.990 -21213.363
357 CREEKSIDE DR SW,-451.787 -21205.591|-452.059 -21198.852|-453.548 -21198.952|-484.761 -21201.076|-484.474 -21207.826
353 CREEKSIDE DR SW,-452.059 -21198.852|-452.213 -21192.103|-484.935 -21194.327|-484.907 -21195.650|-484.761 -21201.076|-453.548 -21198.952
54 CREEKSIDE VW SW,-491.779 -21199.342|-491.870 -21195.806|-492.066 -21186.499|-525.942 -21188.800|-526.494 -21201.710
51 CREEKSIDE VW SW,-574.581 -21187.777|-575.155 -21201.343|-542.313 -21200.031|-541.733 -21186.465
349 CREEKSIDE DR SW,-452.213 -21192.103|-452.241 -21184.742|-485.096 -21186.977|-484.935 -21194.327
345 CREEKSIDE DR SW,-452.241 -21184.742|-452.213 -21181.840|-452.178 -21177.370|-485.250 -21179.627|-485.096 -21186.977
50 CREEKSIDE VW SW,-492.066 -21186.499|-492.310 -21174.890|-525.445 -21177.147|-525.487 -21178.181|-525.942 -21188.800
47 CREEKSIDE VW SW,-574.581 -21187.777|-541.733 -21186.465|-541.356 -21177.503|-541.195 -21172.911|-574.001 -21174.212
341 CREEKSIDE DR SW,-452.178 -21177.370|-452.199 -21170.609|-485.397 -21172.877|-485.250 -21179.627
337 CREEKSIDE DR SW,-452.199 -21170.609|-452.311 -21163.859|-485.537 -21166.117|-485.397 -21172.877
46 CREEKSIDE VW SW,-492.310 -21174.890|-492.555 -21163.292|-525.208 -21165.505|-525.270 -21171.332|-525.445 -21177.147
43 CREEKSIDE VW SW,-541.195 -21172.911|-541.097 -21166.139|-541.160 -21159.367|-573.421 -21160.646|-574.001 -21174.212
333 CREEKSIDE DR SW,-452.311 -21163.859|-452.542 -21156.509|-485.690 -21158.767|-485.537 -21166.117
42 CREEKSIDE VW SW,-492.555 -21163.292|-492.716 -21155.709|-492.863 -21150.438|-525.473 -21152.651|-525.277 -21159.078|-525.208 -21165.505
329 CREEKSIDE DR SW,-452.542 -21156.509|-452.884 -21149.171|-485.872 -21151.417|-485.760 -21155.553|-485.690 -21158.767
39 CREEKSIDE VW SW,-573.421 -21160.646|-541.160 -21159.367|-541.377 -21152.595|-541.761 -21145.846|-572.841 -21147.080
325 CREEKSIDE DR SW,-485.872 -21151.417|-452.884 -21149.171|-453.290 -21142.443|-486.145 -21144.678
38 CREEKSIDE VW SW,-492.863 -21150.438|-493.450 -21138.863|-526.186 -21141.087|-525.774 -21146.869|-525.473 -21152.651
321 CREEKSIDE DR SW,-486.536 -21137.940|-486.145 -21144.678|-453.290 -21142.443|-453.793 -21135.716
35 CREEKSIDE VW SW,-572.841 -21147.080|-541.761 -21145.846|-542.306 -21139.085|-543.012 -21132.347|-572.260 -21133.514
317 CREEKSIDE DR SW,-453.793 -21135.716|-454.450 -21128.399|-487.102 -21130.623|-486.536 -21137.940
34 CREEKSIDE VW SW,-493.450 -21138.863|-494.387 -21127.298|-527.340 -21129.545|-527.298 -21129.889|-526.186 -21141.087
313 CREEKSIDE DR SW,-454.450 -21128.399|-455.212 -21121.083|-487.802 -21123.307|-487.102 -21130.623
31 CREEKSIDE VW SW,-572.260 -21133.514|-543.012 -21132.347|-543.082 -21131.791|-544.970 -21115.857|-546.445 -21116.057|-547.332 -21116.179|-571.666 -21119.515
30 CREEKSIDE VW SW,-494.387 -21127.298|-495.841 -21114.533|-528.857 -21116.779|-527.340 -21129.545
309 CREEKSIDE DR SW,-456.016 -21114.378|-488.570 -21116.590|-487.802 -21123.307|-455.212 -21121.083
305 CREEKSIDE DR SW,-456.016 -21114.378|-456.904 -21107.673|-489.458 -21109.896|-488.570 -21116.590
26 CREEKSIDE VW SW,-495.841 -21114.533|-497.539 -21103.025|-530.220 -21105.249|-528.857 -21116.779
301 CREEKSIDE DR SW,-456.904 -21107.673|-457.987 -21100.389|-490.563 -21102.602|-489.458 -21109.896
297 CREEKSIDE DR SW,-457.987 -21100.389|-459.176 -21093.106|-491.779 -21095.330|-491.269 -21098.377|-490.563 -21102.602
22 CREEKSIDE VW SW,-497.539 -21103.025|-498.112 -21099.578|-499.413 -21091.538|-531.590 -21093.718|-530.220 -21105.249
293 CREEKSIDE DR SW,-459.176 -21093.106|-460.364 -21086.423|-492.821 -21088.636|-491.779 -21095.330
289 CREEKSIDE DR SW,-492.863 -21088.336|-492.821 -21088.636|-460.364 -21086.423|-461.650 -21079.752|-493.785 -21081.942
18 CREEKSIDE VW SW,-499.413 -21091.538|-499.734 -21089.348|-501.454 -21077.472|-533.065 -21081.275|-531.590 -21093.718
285 CREEKSIDE DR SW,-461.650 -21079.752|-462.384 -21076.182|-463.139 -21072.490|-494.841 -21074.648|-493.785 -21081.942
14 CREEKSIDE VW SW,-501.454 -21077.472|-503.118 -21065.997|-534.428 -21069.766|-533.065 -21081.275
281 CREEKSIDE DR SW,-463.139 -21072.490|-464.579 -21065.229|-468.095 -21065.463|-495.903 -21067.364|-494.841 -21074.648
277 CREEKSIDE DR SW,-464.579 -21065.229|-465.586 -21059.937|-465.956 -21057.957|-496.959 -21060.070|-496.672 -21062.049|-495.903 -21067.364|-468.095 -21065.463
10 CREEKSIDE VW SW,-503.118 -21065.997|-504.984 -21053.143|-518.196 -21055.311|-531.366 -21057.735|-535.253 -21062.850|-534.428 -21069.766
273 CREEKSIDE DR SW,-465.956 -21057.957|-466.320 -21055.978|-466.893 -21052.787|-472.108 -21048.817|-483.789 -21050.185|-495.449 -21051.730|-498.112 -21052.120|-497.826 -21054.099|-497.246 -21058.080|-496.959 -21060.070
