ADDRESS,POINTS
130 310 8 ST SW,-612.609 294.082|-649.282 295.727|-652.392 292.870|-653.930 258.355|-614.273 256.576
150 310 8 ST SW,-612.609 294.082|-649.282 295.727|-652.392 292.870|-653.930 258.355|-614.273 256.576
160 310 8 ST SW,-612.609 294.082|-649.282 295.727|-652.392 292.870|-653.930 258.355|-614.273 256.576
170 310 8 ST SW,-612.609 294.082|-649.282 295.727|-652.392 292.870|-653.930 258.355|-614.273 256.576
180 310 8 ST SW,-612.609 294.082|-649.282 295.727|-652.392 292.870|-653.930 258.355|-614.273 256.576
210 310 8 ST SW,-612.609 294.082|-649.282 295.727|-652.392 292.870|-653.930 258.355|-614.273 256.576
220 310 8 ST SW,-612.609 294.082|-649.282 295.727|-652.392 292.870|-653.930 258.355|-614.273 256.576
230 310 8 ST SW,-612.609 294.082|-649.282 295.727|-652.392 292.870|-653.930 258.355|-614.273 256.576
240 310 8 ST SW,-612.609 294.082|-649.282 295.727|-652.392 292.870|-653.930 258.355|-614.273 256.576
250 310 8 ST SW,-612.609 294.082|-649.282 295.727|-652.392 292.870|-653.930 258.355|-614.273 256.576
260 310 8 ST SW,-612.609 294.082|-649.282 295.727|-652.392 292.870|-653.930 258.355|-614.273 256.576
270 310 8 ST SW,-612.609 294.082|-649.282 295.727|-652.392 292.870|-653.930 258.355|-614.273 256.576
280 310 8 ST SW,-612.609 294.082|-649.282 295.727|-652.392 292.870|-653.930 258.355|-614.273 256.576
310 310 8 ST SW,-612.609 294.082|-649.282 295.727|-652.392 292.870|-653.930 258.355|-614.273 256.576
320 310 8 ST SW,-612.609 294.082|-649.282 295.727|-652.392 292.870|-653.930 258.355|-614.273 256.576
330 310 8 ST SW,-612.609 294.082|-649.282 295.727|-652.392 292.870|-653.930 258.355|-614.273 256.576
340 310 8 ST SW,-612.609 294.082|-649.282 295.727|-652.392 292.870|-653.930 258.355|-614.273 256.576
350 310 8 ST SW,-612.609 294.082|-649.282 295.727|-652.392 292.870|-653.930 258.355|-614.273 256.576
360 310 8 ST SW,-612.609 294.082|-649.282 295.727|-652.392 292.870|-653.930 258.355|-614.273 256.576
370 310 8 ST SW,-612.609 294.082|-649.282 295.727|-652.392 292.870|-653.930 258.355|-614.273 256.576
380 310 8 ST SW,-612.609 294.082|-649.282 295.727|-652.392 292.870|-653.930 258.355|-614.273 256.576
410 310 8 ST SW,-612.609 294.082|-649.282 295.727|-652.392 292.870|-653.930 258.355|-614.273 256.576
420 310 8 ST SW,-612.609 294.082|-649.282 295.727|-652.392 292.870|-653.930 258.355|-614.273 256.576
430 310 8 ST SW,-612.609 294.082|-649.282 295.727|-652.392 292.870|-653.930 258.355|-614.273 256.576
440 310 8 ST SW,-612.609 294.082|-649.282 295.727|-652.392 292.870|-653.930 258.355|-614.273 256.576
450 310 8 ST SW,-612.609 294.082|-649.282 295.727|-652.392 292.870|-653.930 258.355|-614.273 256.576
460 310 8 ST SW,-612.609 294.082|-649.282 295.727|-652.392 292.870|-653.930 258.355|-614.273 256.576
470 310 8 ST SW,-612.609 294.082|-649.282 295.727|-652.392 292.870|-653.930 258.355|-614.273 256.576
480 310 8 ST SW,-612.609 294.082|-649.282 295.727|-652.392 292.870|-653.930 258.355|-614.273 256.576
510 310 8 ST SW,-612.609 294.082|-649.282 295.727|-652.392 292.870|-653.930 258.355|-614.273 256.576
520 310 8 ST SW,-612.609 294.082|-649.282 295.727|-652.392 292.870|-653.930 258.355|-614.273 256.576
530 310 8 ST SW,-612.609 294.082|-649.282 295.727|-652.392 292.870|-653.930 258.355|-614.273 256.576
540 310 8 ST SW,-612.609 294.082|-649.282 295.727|-652.392 292.870|-653.930 258.355|-614.273 256.576
550 310 8 ST SW,-612.609 294.082|-649.282 295.727|-652.392 292.870|-653.930 258.355|-614.273 256.576
560 310 8 ST SW,-612.609 294.082|-649.282 295.727|-652.392 292.870|-653.930 258.355|-614.273 256.576
570 310 8 ST SW,-612.609 294.082|-649.282 295.727|-652.392 292.870|-653.930 258.355|-614.273 256.576
580 310 8 ST SW,-612.609 294.082|-649.282 295.727|-652.392 292.870|-653.930 258.355|-614.273 256.576
610 310 8 ST SW,-612.609 294.082|-649.282 295.727|-652.392 292.870|-653.930 258.355|-614.273 256.576
620 310 8 ST SW,-612.609 294.082|-649.282 295.727|-652.392 292.870|-653.930 258.355|-614.273 256.576
630 310 8 ST SW,-612.609 294.082|-649.282 295.727|-652.392 292.870|-653.930 258.355|-614.273 256.576
640 310 8 ST SW,-612.609 294.082|-649.282 295.727|-652.392 292.870|-653.930 258.355|-614.273 256.576
650 310 8 ST SW,-612.609 294.082|-649.282 295.727|-652.392 292.870|-653.930 258.355|-614.273 256.576
660 310 8 ST SW,-612.609 294.082|-649.282 295.727|-652.392 292.870|-653.930 258.355|-614.273 256.576
670 310 8 ST SW,-612.609 294.082|-649.282 295.727|-652.392 292.870|-653.930 258.355|-614.273 256.576
680 310 8 ST SW,-612.609 294.082|-649.282 295.727|-652.392 292.870|-653.930 258.355|-614.273 256.576
710 310 8 ST SW,-612.609 294.082|-649.282 295.727|-652.392 292.870|-653.930 258.355|-614.273 256.576
720 310 8 ST SW,-612.609 294.082|-649.282 295.727|-652.392 292.870|-653.930 258.355|-614.273 256.576
730 310 8 ST SW,-612.609 294.082|-649.282 295.727|-652.392 292.870|-653.930 258.355|-614.273 256.576
740 310 8 ST SW,-612.609 294.082|-649.282 295.727|-652.392 292.870|-653.930 258.355|-614.273 256.576
750 310 8 ST SW,-612.609 294.082|-649.282 295.727|-652.392 292.870|-653.930 258.355|-614.273 256.576
760 310 8 ST SW,-612.609 294.082|-649.282 295.727|-652.392 292.870|-653.930 258.355|-614.273 256.576
770 310 8 ST SW,-612.609 294.082|-649.282 295.727|-652.392 292.870|-653.930 258.355|-614.273 256.576
780 310 8 ST SW,-612.609 294.082|-649.282 295.727|-652.392 292.870|-653.930 258.355|-614.273 256.576
301 7 ST SW,-534.498 252.995|-526.899 252.662|-519.308 252.317|-511.709 251.972|-504.110 251.639|-502.363 291.235|-509.961 291.580|-517.560 291.925|-525.152 292.269|-532.750 292.614
1 821 3 AV SW,-563.138 293.982|-612.512 296.206|-612.609 294.082|-614.273 256.576|-564.886 254.363
2 821 3 AV SW,-563.138 293.982|-612.512 296.206|-612.609 294.082|-614.273 256.576|-564.886 254.363
3 821 3 AV SW,-563.138 293.982|-612.512 296.206|-612.609 294.082|-614.273 256.576|-564.886 254.363
4 821 3 AV SW,-563.138 293.982|-612.512 296.206|-612.609 294.082|-614.273 256.576|-564.886 254.363
5 821 3 AV SW,-563.138 293.982|-612.512 296.206|-612.609 294.082|-614.273 256.576|-564.886 254.363
6 821 3 AV SW,-563.138 293.982|-612.512 296.206|-612.609 294.082|-614.273 256.576|-564.886 254.363
7 821 3 AV SW,-563.138 293.982|-612.512 296.206|-612.609 294.082|-614.273 256.576|-564.886 254.363
8 821 3 AV SW,-563.138 293.982|-612.512 296.206|-612.609 294.082|-614.273 256.576|-564.886 254.363
9 821 3 AV SW,-563.138 293.982|-612.512 296.206|-612.609 294.082|-614.273 256.576|-564.886 254.363
10 821 3 AV SW,-563.138 293.982|-612.512 296.206|-612.609 294.082|-614.273 256.576|-564.886 254.363
11 821 3 AV SW,-563.138 293.982|-612.512 296.206|-612.609 294.082|-614.273 256.576|-564.886 254.363
12 821 3 AV SW,-563.138 293.982|-612.512 296.206|-612.609 294.082|-614.273 256.576|-564.886 254.363
13 821 3 AV SW,-563.138 293.982|-612.512 296.206|-612.609 294.082|-614.273 256.576|-564.886 254.363
14 821 3 AV SW,-563.138 293.982|-612.512 296.206|-612.609 294.082|-614.273 256.576|-564.886 254.363
15 821 3 AV SW,-563.138 293.982|-612.512 296.206|-612.609 294.082|-614.273 256.576|-564.886 254.363
16 821 3 AV SW,-563.138 293.982|-612.512 296.206|-612.609 294.082|-614.273 256.576|-564.886 254.363
17 821 3 AV SW,-563.138 293.982|-612.512 296.206|-612.609 294.082|-614.273 256.576|-564.886 254.363
18 821 3 AV SW,-563.138 293.982|-612.512 296.206|-612.609 294.082|-614.273 256.576|-564.886 254.363
19 821 3 AV SW,-563.138 293.982|-612.512 296.206|-612.609 294.082|-614.273 256.576|-564.886 254.363
20 821 3 AV SW,-563.138 293.982|-612.512 296.206|-612.609 294.082|-614.273 256.576|-564.886 254.363
21 821 3 AV SW,-563.138 293.982|-612.512 296.206|-612.609 294.082|-614.273 256.576|-564.886 254.363
22 821 3 AV SW,-563.138 293.982|-612.512 296.206|-612.609 294.082|-614.273 256.576|-564.886 254.363
23 821 3 AV SW,-563.138 293.982|-612.512 296.206|-612.609 294.082|-614.273 256.576|-564.886 254.363
24 821 3 AV SW,-563.138 293.982|-612.512 296.206|-612.609 294.082|-614.273 256.576|-564.886 254.363
25 821 3 AV SW,-563.138 293.982|-612.512 296.206|-612.609 294.082|-614.273 256.576|-564.886 254.363
26 821 3 AV SW,-563.138 293.982|-612.512 296.206|-612.609 294.082|-614.273 256.576|-564.886 254.363
27 821 3 AV SW,-563.138 293.982|-612.512 296.206|-612.609 294.082|-614.273 256.576|-564.886 254.363
28 821 3 AV SW,-563.138 293.982|-612.512 296.206|-612.609 294.082|-614.273 256.576|-564.886 254.363
29 821 3 AV SW,-563.138 293.982|-612.512 296.206|-612.609 294.082|-614.273 256.576|-564.886 254.363
30 821 3 AV SW,-563.138 293.982|-612.512 296.206|-612.609 294.082|-614.273 256.576|-564.886 254.363
31 821 3 AV SW,-563.138 293.982|-612.512 296.206|-612.609 294.082|-614.273 256.576|-564.886 254.363
32 821 3 AV SW,-563.138 293.982|-612.512 296.206|-612.609 294.082|-614.273 256.576|-564.886 254.363
33 821 3 AV SW,-563.138 293.982|-612.512 296.206|-612.609 294.082|-614.273 256.576|-564.886 254.363
34 821 3 AV SW,-563.138 293.982|-612.512 296.206|-612.609 294.082|-614.273 256.576|-564.886 254.363
35 821 3 AV SW,-563.138 293.982|-612.512 296.206|-612.609 294.082|-614.273 256.576|-564.886 254.363
36 821 3 AV SW,-563.138 293.982|-612.512 296.206|-612.609 294.082|-614.273 256.576|-564.886 254.363
1 711 3 AV SW,-368.446 283.085|-406.439 284.786|-408.096 247.335|-370.110 245.623
2 711 3 AV SW,-368.446 283.085|-406.439 284.786|-408.096 247.335|-370.110 245.623
3 711 3 AV SW,-368.446 283.085|-406.439 284.786|-408.096 247.335|-370.110 245.623
4 711 3 AV SW,-368.446 283.085|-406.439 284.786|-408.096 247.335|-370.110 245.623
5 711 3 AV SW,-368.446 283.085|-406.439 284.786|-408.096 247.335|-370.110 245.623
6 711 3 AV SW,-368.446 283.085|-406.439 284.786|-408.096 247.335|-370.110 245.623
7 711 3 AV SW,-368.446 283.085|-406.439 284.786|-408.096 247.335|-370.110 245.623
8 711 3 AV SW,-368.446 283.085|-406.439 284.786|-408.096 247.335|-370.110 245.623
9 711 3 AV SW,-368.446 283.085|-406.439 284.786|-408.096 247.335|-370.110 245.623
10 711 3 AV SW,-368.446 283.085|-406.439 284.786|-408.096 247.335|-370.110 245.623
11 711 3 AV SW,-368.446 283.085|-406.439 284.786|-408.096 247.335|-370.110 245.623
12 711 3 AV SW,-368.446 283.085|-406.439 284.786|-408.096 247.335|-370.110 245.623
13 711 3 AV SW,-368.446 283.085|-406.439 284.786|-408.096 247.335|-370.110 245.623
14 711 3 AV SW,-368.446 283.085|-406.439 284.786|-408.096 247.335|-370.110 245.623
15 711 3 AV SW,-368.446 283.085|-406.439 284.786|-408.096 247.335|-370.110 245.623
16 711 3 AV SW,-368.446 283.085|-406.439 284.786|-408.096 247.335|-370.110 245.623
17 711 3 AV SW,-368.446 283.085|-406.439 284.786|-408.096 247.335|-370.110 245.623
18 711 3 AV SW,-368.446 283.085|-406.439 284.786|-408.096 247.335|-370.110 245.623
19 711 3 AV SW,-368.446 283.085|-406.439 284.786|-408.096 247.335|-370.110 245.623
20 711 3 AV SW,-368.446 283.085|-406.439 284.786|-408.096 247.335|-370.110 245.623
744 4 AV SW,-469.144 243.988|-476.743 244.333|-482.216 244.578|-483.859 207.127|-478.392 206.883|-470.794 206.538
606 4 ST SW,67.774 -90.942|69.479 -53.436|61.895 -53.091|54.303 -52.746|46.718 -52.402|39.134 -52.057|31.542 -51.723|23.957 -51.379|16.366 -51.034|4.090 -50.478|4.090 -88.062|14.835 -88.551|22.398 -88.885|29.962 -89.229|37.526 -89.574|45.090 -89.908|52.646 -90.252|60.210 -90.597
104 777 3 AV SW,-406.439 284.786|-477.288 287.977|-480.434 285.108|-481.950 250.660|-408.096 247.335
105 777 3 AV SW,-406.439 284.786|-477.288 287.977|-480.434 285.108|-481.950 250.660|-408.096 247.335
106 777 3 AV SW,-406.439 284.786|-477.288 287.977|-480.434 285.108|-481.950 250.660|-408.096 247.335
108 777 3 AV SW,-406.439 284.786|-477.288 287.977|-480.434 285.108|-481.950 250.660|-408.096 247.335
109 777 3 AV SW,-406.439 284.786|-477.288 287.977|-480.434 285.108|-481.950 250.660|-408.096 247.335
110 777 3 AV SW,-406.439 284.786|-477.288 287.977|-480.434 285.108|-481.950 250.660|-408.096 247.335
111 777 3 AV SW,-406.439 284.786|-477.288 287.977|-480.434 285.108|-481.950 250.660|-408.096 247.335
112 777 3 AV SW,-406.439 284.786|-477.288 287.977|-480.434 285.108|-481.950 250.660|-408.096 247.335
114 777 3 AV SW,-406.439 284.786|-477.288 287.977|-480.434 285.108|-481.950 250.660|-408.096 247.335
101 777 3 AV SW,-406.439 284.786|-477.288 287.977|-480.434 285.108|-481.950 250.660|-408.096 247.335
102 777 3 AV SW,-406.439 284.786|-477.288 287.977|-480.434 285.108|-481.950 250.660|-408.096 247.335
103 777 3 AV SW,-406.439 284.786|-477.288 287.977|-480.434 285.108|-481.950 250.660|-408.096 247.335
204 777 3 AV SW,-406.439 284.786|-477.288 287.977|-480.434 285.108|-481.950 250.660|-408.096 247.335
205 777 3 AV SW,-406.439 284.786|-477.288 287.977|-480.434 285.108|-481.950 250.660|-408.096 247.335
206 777 3 AV SW,-406.439 284.786|-477.288 287.977|-480.434 285.108|-481.950 250.660|-408.096 247.335
207 777 3 AV SW,-406.439 284.786|-477.288 287.977|-480.434 285.108|-481.950 250.660|-408.096 247.335
208 777 3 AV SW,-406.439 284.786|-477.288 287.977|-480.434 285.108|-481.950 250.660|-408.096 247.335
209 777 3 AV SW,-406.439 284.786|-477.288 287.977|-480.434 285.108|-481.950 250.660|-408.096 247.335
210 777 3 AV SW,-406.439 284.786|-477.288 287.977|-480.434 285.108|-481.950 250.660|-408.096 247.335
211 777 3 AV SW,-406.439 284.786|-477.288 287.977|-480.434 285.108|-481.950 250.660|-408.096 247.335
212 777 3 AV SW,-406.439 284.786|-477.288 287.977|-480.434 285.108|-481.950 250.660|-408.096 247.335
214 777 3 AV SW,-406.439 284.786|-477.288 287.977|-480.434 285.108|-481.950 250.660|-408.096 247.335
215 777 3 AV SW,-406.439 284.786|-477.288 287.977|-480.434 285.108|-481.950 250.660|-408.096 247.335
201 777 3 AV SW,-406.439 284.786|-477.288 287.977|-480.434 285.108|-481.950 250.660|-408.096 247.335
202 777 3 AV SW,-406.439 284.786|-477.288 287.977|-480.434 285.108|-481.950 250.660|-408.096 247.335
203 777 3 AV SW,-406.439 284.786|-477.288 287.977|-480.434 285.108|-481.950 250.660|-408.096 247.335
304 777 3 AV SW,-406.439 284.786|-477.288 287.977|-480.434 285.108|-481.950 250.660|-408.096 247.335
305 777 3 AV SW,-406.439 284.786|-477.288 287.977|-480.434 285.108|-481.950 250.660|-408.096 247.335
306 777 3 AV SW,-406.439 284.786|-477.288 287.977|-480.434 285.108|-481.950 250.660|-408.096 247.335
307 777 3 AV SW,-406.439 284.786|-477.288 287.977|-480.434 285.108|-481.950 250.660|-408.096 247.335
308 777 3 AV SW,-406.439 284.786|-477.288 287.977|-480.434 285.108|-481.950 250.660|-408.096 247.335
309 777 3 AV SW,-406.439 284.786|-477.288 287.977|-480.434 285.108|-481.950 250.660|-408.096 247.335
310 777 3 AV SW,-406.439 284.786|-477.288 287.977|-480.434 285.108|-481.950 250.660|-408.096 247.335
311 777 3 AV SW,-406.439 284.786|-477.288 287.977|-480.434 285.108|-481.950 250.660|-408.096 247.335
312 777 3 AV SW,-406.439 284.786|-477.288 287.977|-480.434 285.108|-481.950 250.660|-408.096 247.335
314 777 3 AV SW,-406.439 284.786|-477.288 287.977|-480.434 285.108|-481.950 250.660|-408.096 247.335
315 777 3 AV SW,-406.439 284.786|-477.288 287.977|-480.434 285.108|-481.950 250.660|-408.096 247.335
301 777 3 AV SW,-406.439 284.786|-477.288 287.977|-480.434 285.108|-481.950 250.660|-408.096 247.335
302 777 3 AV SW,-406.439 284.786|-477.288 287.977|-480.434 285.108|-481.950 250.660|-408.096 247.335
303 777 3 AV SW,-406.439 284.786|-477.288 287.977|-480.434 285.108|-481.950 250.660|-408.096 247.335
404 777 3 AV SW,-406.439 284.786|-477.288 287.977|-480.434 285.108|-481.950 250.660|-408.096 247.335
405 777 3 AV SW,-406.439 284.786|-477.288 287.977|-480.434 285.108|-481.950 250.660|-408.096 247.335
406 777 3 AV SW,-406.439 284.786|-477.288 287.977|-480.434 285.108|-481.950 250.660|-408.096 247.335
407 777 3 AV SW,-406.439 284.786|-477.288 287.977|-480.434 285.108|-481.950 250.660|-408.096 247.335
408 777 3 AV SW,-406.439 284.786|-477.288 287.977|-480.434 285.108|-481.950 250.660|-408.096 247.335
409 777 3 AV SW,-406.439 284.786|-477.288 287.977|-480.434 285.108|-481.950 250.660|-408.096 247.335
410 777 3 AV SW,-406.439 284.786|-477.288 287.977|-480.434 285.108|-481.950 250.660|-408.096 247.335
411 777 3 AV SW,-406.439 284.786|-477.288 287.977|-480.434 285.108|-481.950 250.660|-408.096 247.335
412 777 3 AV SW,-406.439 284.786|-477.288 287.977|-480.434 285.108|-481.950 250.660|-408.096 247.335
414 777 3 AV SW,-406.439 284.786|-477.288 287.977|-480.434 285.108|-481.950 250.660|-408.096 247.335
415 777 3 AV SW,-406.439 284.786|-477.288 287.977|-480.434 285.108|-481.950 250.660|-408.096 247.335
401 777 3 AV SW,-406.439 284.786|-477.288 287.977|-480.434 285.108|-481.950 250.660|-408.096 247.335
402 777 3 AV SW,-406.439 284.786|-477.288 287.977|-480.434 285.108|-481.950 250.660|-408.096 247.335
403 777 3 AV SW,-406.439 284.786|-477.288 287.977|-480.434 285.108|-481.950 250.660|-408.096 247.335
504 777 3 AV SW,-406.439 284.786|-477.288 287.977|-480.434 285.108|-481.950 250.660|-408.096 247.335
505 777 3 AV SW,-406.439 284.786|-477.288 287.977|-480.434 285.108|-481.950 250.660|-408.096 247.335
506 777 3 AV SW,-406.439 284.786|-477.288 287.977|-480.434 285.108|-481.950 250.660|-408.096 247.335
507 777 3 AV SW,-406.439 284.786|-477.288 287.977|-480.434 285.108|-481.950 250.660|-408.096 247.335
508 777 3 AV SW,-406.439 284.786|-477.288 287.977|-480.434 285.108|-481.950 250.660|-408.096 247.335
509 777 3 AV SW,-406.439 284.786|-477.288 287.977|-480.434 285.108|-481.950 250.660|-408.096 247.335
510 777 3 AV SW,-406.439 284.786|-477.288 287.977|-480.434 285.108|-481.950 250.660|-408.096 247.335
511 777 3 AV SW,-406.439 284.786|-477.288 287.977|-480.434 285.108|-481.950 250.660|-408.096 247.335
512 777 3 AV SW,-406.439 284.786|-477.288 287.977|-480.434 285.108|-481.950 250.660|-408.096 247.335
514 777 3 AV SW,-406.439 284.786|-477.288 287.977|-480.434 285.108|-481.950 250.660|-408.096 247.335
515 777 3 AV SW,-406.439 284.786|-477.288 287.977|-480.434 285.108|-481.950 250.660|-408.096 247.335
501 777 3 AV SW,-406.439 284.786|-477.288 287.977|-480.434 285.108|-481.950 250.660|-408.096 247.335
502 777 3 AV SW,-406.439 284.786|-477.288 287.977|-480.434 285.108|-481.950 250.660|-408.096 247.335
503 777 3 AV SW,-406.439 284.786|-477.288 287.977|-480.434 285.108|-481.950 250.660|-408.096 247.335
69V 777 3 AV SW,-406.439 284.786|-477.288 287.977|-480.434 285.108|-481.950 250.660|-408.096 247.335
70V 777 3 AV SW,-406.439 284.786|-477.288 287.977|-480.434 285.108|-481.950 250.660|-408.096 247.335
71V 777 3 AV SW,-406.439 284.786|-477.288 287.977|-480.434 285.108|-481.950 250.660|-408.096 247.335
72V 777 3 AV SW,-406.439 284.786|-477.288 287.977|-480.434 285.108|-481.950 250.660|-408.096 247.335
73V 777 3 AV SW,-406.439 284.786|-477.288 287.977|-480.434 285.108|-481.950 250.660|-408.096 247.335
74V 777 3 AV SW,-406.439 284.786|-477.288 287.977|-480.434 285.108|-481.950 250.660|-408.096 247.335
75V 777 3 AV SW,-406.439 284.786|-477.288 287.977|-480.434 285.108|-481.950 250.660|-408.096 247.335
76V 777 3 AV SW,-406.439 284.786|-477.288 287.977|-480.434 285.108|-481.950 250.660|-408.096 247.335
77V 777 3 AV SW,-406.439 284.786|-477.288 287.977|-480.434 285.108|-481.950 250.660|-408.096 247.335
78V 777 3 AV SW,-406.439 284.786|-477.288 287.977|-480.434 285.108|-481.950 250.660|-408.096 247.335
79V 777 3 AV SW,-406.439 284.786|-477.288 287.977|-480.434 285.108|-481.950 250.660|-408.096 247.335
80V 777 3 AV SW,-406.439 284.786|-477.288 287.977|-480.434 285.108|-481.950 250.660|-408.096 247.335
81V 777 3 AV SW,-406.439 284.786|-477.288 287.977|-480.434 285.108|-481.950 250.660|-408.096 247.335
82V 777 3 AV SW,-406.439 284.786|-477.288 287.977|-480.434 285.108|-481.950 250.660|-408.096 247.335
83V 777 3 AV SW,-406.439 284.786|-477.288 287.977|-480.434 285.108|-481.950 250.660|-408.096 247.335
84V 777 3 AV SW,-406.439 284.786|-477.288 287.977|-480.434 285.108|-481.950 250.660|-408.096 247.335
85V 777 3 AV SW,-406.439 284.786|-477.288 287.977|-480.434 285.108|-481.950 250.660|-408.096 247.335
86V 777 3 AV SW,-406.439 284.786|-477.288 287.977|-480.434 285.108|-481.950 250.660|-408.096 247.335
87V 777 3 AV SW,-406.439 284.786|-477.288 287.977|-480.434 285.108|-481.950 250.660|-408.096 247.335
88V 777 3 AV SW,-406.439 284.786|-477.288 287.977|-480.434 285.108|-481.950 250.660|-408.096 247.335
89V 777 3 AV SW,-406.439 284.786|-477.288 287.977|-480.434 285.108|-481.950 250.660|-408.096 247.335
90V 777 3 AV SW,-406.439 284.786|-477.288 287.977|-480.434 285.108|-481.950 250.660|-408.096 247.335
91V 777 3 AV SW,-406.439 284.786|-477.288 287.977|-480.434 285.108|-481.950 250.660|-408.096 247.335
92V 777 3 AV SW,-406.439 284.786|-477.288 287.977|-480.434 285.108|-481.950 250.660|-408.096 247.335
93V 777 3 AV SW,-406.439 284.786|-477.288 287.977|-480.434 285.108|-481.950 250.660|-408.096 247.335
94V 777 3 AV SW,-406.439 284.786|-477.288 287.977|-480.434 285.108|-481.950 250.660|-408.096 247.335
95V 777 3 AV SW,-406.439 284.786|-477.288 287.977|-480.434 285.108|-481.950 250.660|-408.096 247.335
96V 777 3 AV SW,-406.439 284.786|-477.288 287.977|-480.434 285.108|-481.950 250.660|-408.096 247.335
97V 777 3 AV SW,-406.439 284.786|-477.288 287.977|-480.434 285.108|-481.950 250.660|-408.096 247.335
98V 777 3 AV SW,-406.439 284.786|-477.288 287.977|-480.434 285.108|-481.950 250.660|-408.096 247.335
99V 777 3 AV SW,-406.439 284.786|-477.288 287.977|-480.434 285.108|-481.950 250.660|-408.096 247.335
100V 777 3 AV SW,-406.439 284.786|-477.288 287.977|-480.434 285.108|-481.950 250.660|-408.096 247.335
101V 777 3 AV SW,-406.439 284.786|-477.288 287.977|-480.434 285.108|-481.950 250.660|-408.096 247.335
102V 777 3 AV SW,-406.439 284.786|-477.288 287.977|-480.434 285.108|-481.950 250.660|-408.096 247.335
103V 777 3 AV SW,-406.439 284.786|-477.288 287.977|-480.434 285.108|-481.950 250.660|-408.096 247.335
104V 777 3 AV SW,-406.439 284.786|-477.288 287.977|-480.434 285.108|-481.950 250.660|-408.096 247.335
105V 777 3 AV SW,-406.439 284.786|-477.288 287.977|-480.434 285.108|-481.950 250.660|-408.096 247.335
106V 777 3 AV SW,-406.439 284.786|-477.288 287.977|-480.434 285.108|-481.950 250.660|-408.096 247.335
107V 777 3 AV SW,-406.439 284.786|-477.288 287.977|-480.434 285.108|-481.950 250.660|-408.096 247.335
108V 777 3 AV SW,-406.439 284.786|-477.288 287.977|-480.434 285.108|-481.950 250.660|-408.096 247.335
109V 777 3 AV SW,-406.439 284.786|-477.288 287.977|-480.434 285.108|-481.950 250.660|-408.096 247.335
110V 777 3 AV SW,-406.439 284.786|-477.288 287.977|-480.434 285.108|-481.950 250.660|-408.096 247.335
111V 777 3 AV SW,-406.439 284.786|-477.288 287.977|-480.434 285.108|-481.950 250.660|-408.096 247.335
112V 777 3 AV SW,-406.439 284.786|-477.288 287.977|-480.434 285.108|-481.950 250.660|-408.096 247.335
113V 777 3 AV SW,-406.439 284.786|-477.288 287.977|-480.434 285.108|-481.950 250.660|-408.096 247.335
114V 777 3 AV SW,-406.439 284.786|-477.288 287.977|-480.434 285.108|-481.950 250.660|-408.096 247.335
115V 777 3 AV SW,-406.439 284.786|-477.288 287.977|-480.434 285.108|-481.950 250.660|-408.096 247.335
116V 777 3 AV SW,-406.439 284.786|-477.288 287.977|-480.434 285.108|-481.950 250.660|-408.096 247.335
117V 777 3 AV SW,-406.439 284.786|-477.288 287.977|-480.434 285.108|-481.950 250.660|-408.096 247.335
118V 777 3 AV SW,-406.439 284.786|-477.288 287.977|-480.434 285.108|-481.950 250.660|-408.096 247.335
119V 777 3 AV SW,-406.439 284.786|-477.288 287.977|-480.434 285.108|-481.950 250.660|-408.096 247.335
120V 777 3 AV SW,-406.439 284.786|-477.288 287.977|-480.434 285.108|-481.950 250.660|-408.096 247.335
121V 777 3 AV SW,-406.439 284.786|-477.288 287.977|-480.434 285.108|-481.950 250.660|-408.096 247.335
122V 777 3 AV SW,-406.439 284.786|-477.288 287.977|-480.434 285.108|-481.950 250.660|-408.096 247.335
123V 777 3 AV SW,-406.439 284.786|-477.288 287.977|-480.434 285.108|-481.950 250.660|-408.096 247.335
124V 777 3 AV SW,-406.439 284.786|-477.288 287.977|-480.434 285.108|-481.950 250.660|-408.096 247.335
125V 777 3 AV SW,-406.439 284.786|-477.288 287.977|-480.434 285.108|-481.950 250.660|-408.096 247.335
126V 777 3 AV SW,-406.439 284.786|-477.288 287.977|-480.434 285.108|-481.950 250.660|-408.096 247.335
127V 777 3 AV SW,-406.439 284.786|-477.288 287.977|-480.434 285.108|-481.950 250.660|-408.096 247.335
128V 777 3 AV SW,-406.439 284.786|-477.288 287.977|-480.434 285.108|-481.950 250.660|-408.096 247.335
129V 777 3 AV SW,-406.439 284.786|-477.288 287.977|-480.434 285.108|-481.950 250.660|-408.096 247.335
130V 777 3 AV SW,-406.439 284.786|-477.288 287.977|-480.434 285.108|-481.950 250.660|-408.096 247.335
131V 777 3 AV SW,-406.439 284.786|-477.288 287.977|-480.434 285.108|-481.950 250.660|-408.096 247.335
132V 777 3 AV SW,-406.439 284.786|-477.288 287.977|-480.434 285.108|-481.950 250.660|-408.096 247.335
133V 777 3 AV SW,-406.439 284.786|-477.288 287.977|-480.434 285.108|-481.950 250.660|-408.096 247.335
134V 777 3 AV SW,-406.439 284.786|-477.288 287.977|-480.434 285.108|-481.950 250.660|-408.096 247.335
135V 777 3 AV SW,-406.439 284.786|-477.288 287.977|-480.434 285.108|-481.950 250.660|-408.096 247.335
136V 777 3 AV SW,-406.439 284.786|-477.288 287.977|-480.434 285.108|-481.950 250.660|-408.096 247.335
137V 777 3 AV SW,-406.439 284.786|-477.288 287.977|-480.434 285.108|-481.950 250.660|-408.096 247.335
138V 777 3 AV SW,-406.439 284.786|-477.288 287.977|-480.434 285.108|-481.950 250.660|-408.096 247.335
139V 777 3 AV SW,-406.439 284.786|-477.288 287.977|-480.434 285.108|-481.950 250.660|-408.096 247.335
140V 777 3 AV SW,-406.439 284.786|-477.288 287.977|-480.434 285.108|-481.950 250.660|-408.096 247.335
141V 777 3 AV SW,-406.439 284.786|-477.288 287.977|-480.434 285.108|-481.950 250.660|-408.096 247.335
142V 777 3 AV SW,-406.439 284.786|-477.288 287.977|-480.434 285.108|-481.950 250.660|-408.096 247.335
143V 777 3 AV SW,-406.439 284.786|-477.288 287.977|-480.434 285.108|-481.950 250.660|-408.096 247.335
144V 777 3 AV SW,-406.439 284.786|-477.288 287.977|-480.434 285.108|-481.950 250.660|-408.096 247.335
145V 777 3 AV SW,-406.439 284.786|-477.288 287.977|-480.434 285.108|-481.950 250.660|-408.096 247.335
146V 777 3 AV SW,-406.439 284.786|-477.288 287.977|-480.434 285.108|-481.950 250.660|-408.096 247.335
147V 777 3 AV SW,-406.439 284.786|-477.288 287.977|-480.434 285.108|-481.950 250.660|-408.096 247.335
301 7 ST SW,-532.750 292.614|-540.349 292.959|-547.941 293.292|-555.539 293.637|-563.138 293.982|-564.886 254.363|-557.294 254.018|-549.695 253.685|-542.097 253.340|-534.498 252.995
610 8 AV SW,-179.144 -191.384|-186.750 -191.040|-194.341 -190.695|-201.940 -190.361|-209.539 -190.017|-217.137 -189.672|-224.736 -189.327|-232.335 -188.982|-239.926 -188.638|-241.548 -226.088|-241.639 -228.279|-234.040 -228.623|-226.442 -228.968|-218.836 -229.313|-211.237 -229.669|-203.639 -230.013|-196.033 -230.358|-188.434 -230.703|-180.829 -231.047
125 9 AV SE,668.738 -395.182|666.221 -451.447|666.704 -451.469|677.273 -451.947|720.118 -453.893|739.845 -454.783|742.320 -400.308|741.229 -399.497|740.020 -398.874|738.727 -398.474|737.377 -398.296
655 CENTRE ST SW,556.058 -134.864|558.757 -134.986|558.666 -136.954|564.510 -137.221|564.615 -134.853|567.334 -134.975|567.292 -135.887|568.257 -135.931|568.299 -135.020|582.140 -135.631|582.329 -131.306|582.392 -130.027|568.467 -129.527|568.376 -131.550|548.082 -130.638|547.873 -135.509|556.010 -135.876
808 4 AV SW,-580.355 248.937|-582.012 211.464|-574.414 211.119|-566.815 210.786|-559.216 210.441|-551.618 210.107|-544.019 209.763|-536.420 209.429|-528.822 209.095|-521.223 208.751|-513.624 208.417|-513.002 208.384|-506.026 208.072|-504.830 235.304|-504.376 245.545|-511.975 245.890|-519.573 246.235|-527.172 246.568|-534.771 246.913|-542.369 247.258|-549.961 247.591|-557.559 247.936|-565.158 248.269|-572.757 248.614
101 816 4 AV SW,-580.355 248.937|-582.012 211.464|-574.414 211.119|-566.815 210.786|-559.216 210.441|-551.618 210.107|-544.019 209.763|-536.420 209.429|-528.822 209.095|-521.223 208.751|-513.624 208.417|-513.002 208.384|-506.026 208.072|-504.830 235.304|-504.376 245.545|-511.975 245.890|-519.573 246.235|-527.172 246.568|-534.771 246.913|-542.369 247.258|-549.961 247.591|-557.559 247.936|-565.158 248.269|-572.757 248.614
103 816 4 AV SW,-580.355 248.937|-582.012 211.464|-574.414 211.119|-566.815 210.786|-559.216 210.441|-551.618 210.107|-544.019 209.763|-536.420 209.429|-528.822 209.095|-521.223 208.751|-513.624 208.417|-513.002 208.384|-506.026 208.072|-504.830 235.304|-504.376 245.545|-511.975 245.890|-519.573 246.235|-527.172 246.568|-534.771 246.913|-542.369 247.258|-549.961 247.591|-557.559 247.936|-565.158 248.269|-572.757 248.614
104 816 4 AV SW,-580.355 248.937|-582.012 211.464|-574.414 211.119|-566.815 210.786|-559.216 210.441|-551.618 210.107|-544.019 209.763|-536.420 209.429|-528.822 209.095|-521.223 208.751|-513.624 208.417|-513.002 208.384|-506.026 208.072|-504.830 235.304|-504.376 245.545|-511.975 245.890|-519.573 246.235|-527.172 246.568|-534.771 246.913|-542.369 247.258|-549.961 247.591|-557.559 247.936|-565.158 248.269|-572.757 248.614
106 816 4 AV SW,-580.355 248.937|-582.012 211.464|-574.414 211.119|-566.815 210.786|-559.216 210.441|-551.618 210.107|-544.019 209.763|-536.420 209.429|-528.822 209.095|-521.223 208.751|-513.624 208.417|-513.002 208.384|-506.026 208.072|-504.830 235.304|-504.376 245.545|-511.975 245.890|-519.573 246.235|-527.172 246.568|-534.771 246.913|-542.369 247.258|-549.961 247.591|-557.559 247.936|-565.158 248.269|-572.757 248.614
108 816 4 AV SW,-580.355 248.937|-582.012 211.464|-574.414 211.119|-566.815 210.786|-559.216 210.441|-551.618 210.107|-544.019 209.763|-536.420 209.429|-528.822 209.095|-521.223 208.751|-513.624 208.417|-513.002 208.384|-506.026 208.072|-504.830 235.304|-504.376 245.545|-511.975 245.890|-519.573 246.235|-527.172 246.568|-534.771 246.913|-542.369 247.258|-549.961 247.591|-557.559 247.936|-565.158 248.269|-572.757 248.614
109 816 4 AV SW,-580.355 248.937|-582.012 211.464|-574.414 211.119|-566.815 210.786|-559.216 210.441|-551.618 210.107|-544.019 209.763|-536.420 209.429|-528.822 209.095|-521.223 208.751|-513.624 208.417|-513.002 208.384|-506.026 208.072|-504.830 235.304|-504.376 245.545|-511.975 245.890|-519.573 246.235|-527.172 246.568|-534.771 246.913|-542.369 247.258|-549.961 247.591|-557.559 247.936|-565.158 248.269|-572.757 248.614
107 816 4 AV SW,-580.355 248.937|-582.012 211.464|-574.414 211.119|-566.815 210.786|-559.216 210.441|-551.618 210.107|-544.019 209.763|-536.420 209.429|-528.822 209.095|-521.223 208.751|-513.624 208.417|-513.002 208.384|-506.026 208.072|-504.830 235.304|-504.376 245.545|-511.975 245.890|-519.573 246.235|-527.172 246.568|-534.771 246.913|-542.369 247.258|-549.961 247.591|-557.559 247.936|-565.158 248.269|-572.757 248.614
105 816 4 AV SW,-580.355 248.937|-582.012 211.464|-574.414 211.119|-566.815 210.786|-559.216 210.441|-551.618 210.107|-544.019 209.763|-536.420 209.429|-528.822 209.095|-521.223 208.751|-513.624 208.417|-513.002 208.384|-506.026 208.072|-504.830 235.304|-504.376 245.545|-511.975 245.890|-519.573 246.235|-527.172 246.568|-534.771 246.913|-542.369 247.258|-549.961 247.591|-557.559 247.936|-565.158 248.269|-572.757 248.614
102 816 4 AV SW,-580.355 248.937|-582.012 211.464|-574.414 211.119|-566.815 210.786|-559.216 210.441|-551.618 210.107|-544.019 209.763|-536.420 209.429|-528.822 209.095|-521.223 208.751|-513.624 208.417|-513.002 208.384|-506.026 208.072|-504.830 235.304|-504.376 245.545|-511.975 245.890|-519.573 246.235|-527.172 246.568|-534.771 246.913|-542.369 247.258|-549.961 247.591|-557.559 247.936|-565.158 248.269|-572.757 248.614
201 816 4 AV SW,-580.355 248.937|-582.012 211.464|-574.414 211.119|-566.815 210.786|-559.216 210.441|-551.618 210.107|-544.019 209.763|-536.420 209.429|-528.822 209.095|-521.223 208.751|-513.624 208.417|-513.002 208.384|-506.026 208.072|-504.830 235.304|-504.376 245.545|-511.975 245.890|-519.573 246.235|-527.172 246.568|-534.771 246.913|-542.369 247.258|-549.961 247.591|-557.559 247.936|-565.158 248.269|-572.757 248.614
203 816 4 AV SW,-580.355 248.937|-582.012 211.464|-574.414 211.119|-566.815 210.786|-559.216 210.441|-551.618 210.107|-544.019 209.763|-536.420 209.429|-528.822 209.095|-521.223 208.751|-513.624 208.417|-513.002 208.384|-506.026 208.072|-504.830 235.304|-504.376 245.545|-511.975 245.890|-519.573 246.235|-527.172 246.568|-534.771 246.913|-542.369 247.258|-549.961 247.591|-557.559 247.936|-565.158 248.269|-572.757 248.614
205 816 4 AV SW,-580.355 248.937|-582.012 211.464|-574.414 211.119|-566.815 210.786|-559.216 210.441|-551.618 210.107|-544.019 209.763|-536.420 209.429|-528.822 209.095|-521.223 208.751|-513.624 208.417|-513.002 208.384|-506.026 208.072|-504.830 235.304|-504.376 245.545|-511.975 245.890|-519.573 246.235|-527.172 246.568|-534.771 246.913|-542.369 247.258|-549.961 247.591|-557.559 247.936|-565.158 248.269|-572.757 248.614
207 816 4 AV SW,-580.355 248.937|-582.012 211.464|-574.414 211.119|-566.815 210.786|-559.216 210.441|-551.618 210.107|-544.019 209.763|-536.420 209.429|-528.822 209.095|-521.223 208.751|-513.624 208.417|-513.002 208.384|-506.026 208.072|-504.830 235.304|-504.376 245.545|-511.975 245.890|-519.573 246.235|-527.172 246.568|-534.771 246.913|-542.369 247.258|-549.961 247.591|-557.559 247.936|-565.158 248.269|-572.757 248.614
209 816 4 AV SW,-580.355 248.937|-582.012 211.464|-574.414 211.119|-566.815 210.786|-559.216 210.441|-551.618 210.107|-544.019 209.763|-536.420 209.429|-528.822 209.095|-521.223 208.751|-513.624 208.417|-513.002 208.384|-506.026 208.072|-504.830 235.304|-504.376 245.545|-511.975 245.890|-519.573 246.235|-527.172 246.568|-534.771 246.913|-542.369 247.258|-549.961 247.591|-557.559 247.936|-565.158 248.269|-572.757 248.614
211 816 4 AV SW,-580.355 248.937|-582.012 211.464|-574.414 211.119|-566.815 210.786|-559.216 210.441|-551.618 210.107|-544.019 209.763|-536.420 209.429|-528.822 209.095|-521.223 208.751|-513.624 208.417|-513.002 208.384|-506.026 208.072|-504.830 235.304|-504.376 245.545|-511.975 245.890|-519.573 246.235|-527.172 246.568|-534.771 246.913|-542.369 247.258|-549.961 247.591|-557.559 247.936|-565.158 248.269|-572.757 248.614
212 816 4 AV SW,-580.355 248.937|-582.012 211.464|-574.414 211.119|-566.815 210.786|-559.216 210.441|-551.618 210.107|-544.019 209.763|-536.420 209.429|-528.822 209.095|-521.223 208.751|-513.624 208.417|-513.002 208.384|-506.026 208.072|-504.830 235.304|-504.376 245.545|-511.975 245.890|-519.573 246.235|-527.172 246.568|-534.771 246.913|-542.369 247.258|-549.961 247.591|-557.559 247.936|-565.158 248.269|-572.757 248.614
210 816 4 AV SW,-580.355 248.937|-582.012 211.464|-574.414 211.119|-566.815 210.786|-559.216 210.441|-551.618 210.107|-544.019 209.763|-536.420 209.429|-528.822 209.095|-521.223 208.751|-513.624 208.417|-513.002 208.384|-506.026 208.072|-504.830 235.304|-504.376 245.545|-511.975 245.890|-519.573 246.235|-527.172 246.568|-534.771 246.913|-542.369 247.258|-549.961 247.591|-557.559 247.936|-565.158 248.269|-572.757 248.614
208 816 4 AV SW,-580.355 248.937|-582.012 211.464|-574.414 211.119|-566.815 210.786|-559.216 210.441|-551.618 210.107|-544.019 209.763|-536.420 209.429|-528.822 209.095|-521.223 208.751|-513.624 208.417|-513.002 208.384|-506.026 208.072|-504.830 235.304|-504.376 245.545|-511.975 245.890|-519.573 246.235|-527.172 246.568|-534.771 246.913|-542.369 247.258|-549.961 247.591|-557.559 247.936|-565.158 248.269|-572.757 248.614
206 816 4 AV SW,-580.355 248.937|-582.012 211.464|-574.414 211.119|-566.815 210.786|-559.216 210.441|-551.618 210.107|-544.019 209.763|-536.420 209.429|-528.822 209.095|-521.223 208.751|-513.624 208.417|-513.002 208.384|-506.026 208.072|-504.830 235.304|-504.376 245.545|-511.975 245.890|-519.573 246.235|-527.172 246.568|-534.771 246.913|-542.369 247.258|-549.961 247.591|-557.559 247.936|-565.158 248.269|-572.757 248.614
204 816 4 AV SW,-580.355 248.937|-582.012 211.464|-574.414 211.119|-566.815 210.786|-559.216 210.441|-551.618 210.107|-544.019 209.763|-536.420 209.429|-528.822 209.095|-521.223 208.751|-513.624 208.417|-513.002 208.384|-506.026 208.072|-504.830 235.304|-504.376 245.545|-511.975 245.890|-519.573 246.235|-527.172 246.568|-534.771 246.913|-542.369 247.258|-549.961 247.591|-557.559 247.936|-565.158 248.269|-572.757 248.614
202 816 4 AV SW,-580.355 248.937|-582.012 211.464|-574.414 211.119|-566.815 210.786|-559.216 210.441|-551.618 210.107|-544.019 209.763|-536.420 209.429|-528.822 209.095|-521.223 208.751|-513.624 208.417|-513.002 208.384|-506.026 208.072|-504.830 235.304|-504.376 245.545|-511.975 245.890|-519.573 246.235|-527.172 246.568|-534.771 246.913|-542.369 247.258|-549.961 247.591|-557.559 247.936|-565.158 248.269|-572.757 248.614
301 816 4 AV SW,-580.355 248.937|-582.012 211.464|-574.414 211.119|-566.815 210.786|-559.216 210.441|-551.618 210.107|-544.019 209.763|-536.420 209.429|-528.822 209.095|-521.223 208.751|-513.624 208.417|-513.002 208.384|-506.026 208.072|-504.830 235.304|-504.376 245.545|-511.975 245.890|-519.573 246.235|-527.172 246.568|-534.771 246.913|-542.369 247.258|-549.961 247.591|-557.559 247.936|-565.158 248.269|-572.757 248.614
303 816 4 AV SW,-580.355 248.937|-582.012 211.464|-574.414 211.119|-566.815 210.786|-559.216 210.441|-551.618 210.107|-544.019 209.763|-536.420 209.429|-528.822 209.095|-521.223 208.751|-513.624 208.417|-513.002 208.384|-506.026 208.072|-504.830 235.304|-504.376 245.545|-511.975 245.890|-519.573 246.235|-527.172 246.568|-534.771 246.913|-542.369 247.258|-549.961 247.591|-557.559 247.936|-565.158 248.269|-572.757 248.614
305 816 4 AV SW,-580.355 248.937|-582.012 211.464|-574.414 211.119|-566.815 210.786|-559.216 210.441|-551.618 210.107|-544.019 209.763|-536.420 209.429|-528.822 209.095|-521.223 208.751|-513.624 208.417|-513.002 208.384|-506.026 208.072|-504.830 235.304|-504.376 245.545|-511.975 245.890|-519.573 246.235|-527.172 246.568|-534.771 246.913|-542.369 247.258|-549.961 247.591|-557.559 247.936|-565.158 248.269|-572.757 248.614
307 816 4 AV SW,-580.355 248.937|-582.012 211.464|-574.414 211.119|-566.815 210.786|-559.216 210.441|-551.618 210.107|-544.019 209.763|-536.420 209.429|-528.822 209.095|-521.223 208.751|-513.624 208.417|-513.002 208.384|-506.026 208.072|-504.830 235.304|-504.376 245.545|-511.975 245.890|-519.573 246.235|-527.172 246.568|-534.771 246.913|-542.369 247.258|-549.961 247.591|-557.559 247.936|-565.158 248.269|-572.757 248.614
309 816 4 AV SW,-580.355 248.937|-582.012 211.464|-574.414 211.119|-566.815 210.786|-559.216 210.441|-551.618 210.107|-544.019 209.763|-536.420 209.429|-528.822 209.095|-521.223 208.751|-513.624 208.417|-513.002 208.384|-506.026 208.072|-504.830 235.304|-504.376 245.545|-511.975 245.890|-519.573 246.235|-527.172 246.568|-534.771 246.913|-542.369 247.258|-549.961 247.591|-557.559 247.936|-565.158 248.269|-572.757 248.614
311 816 4 AV SW,-580.355 248.937|-582.012 211.464|-574.414 211.119|-566.815 210.786|-559.216 210.441|-551.618 210.107|-544.019 209.763|-536.420 209.429|-528.822 209.095|-521.223 208.751|-513.624 208.417|-513.002 208.384|-506.026 208.072|-504.830 235.304|-504.376 245.545|-511.975 245.890|-519.573 246.235|-527.172 246.568|-534.771 246.913|-542.369 247.258|-549.961 247.591|-557.559 247.936|-565.158 248.269|-572.757 248.614
312 816 4 AV SW,-580.355 248.937|-582.012 211.464|-574.414 211.119|-566.815 210.786|-559.216 210.441|-551.618 210.107|-544.019 209.763|-536.420 209.429|-528.822 209.095|-521.223 208.751|-513.624 208.417|-513.002 208.384|-506.026 208.072|-504.830 235.304|-504.376 245.545|-511.975 245.890|-519.573 246.235|-527.172 246.568|-534.771 246.913|-542.369 247.258|-549.961 247.591|-557.559 247.936|-565.158 248.269|-572.757 248.614
310 816 4 AV SW,-580.355 248.937|-582.012 211.464|-574.414 211.119|-566.815 210.786|-559.216 210.441|-551.618 210.107|-544.019 209.763|-536.420 209.429|-528.822 209.095|-521.223 208.751|-513.624 208.417|-513.002 208.384|-506.026 208.072|-504.830 235.304|-504.376 245.545|-511.975 245.890|-519.573 246.235|-527.172 246.568|-534.771 246.913|-542.369 247.258|-549.961 247.591|-557.559 247.936|-565.158 248.269|-572.757 248.614
308 816 4 AV SW,-580.355 248.937|-582.012 211.464|-574.414 211.119|-566.815 210.786|-559.216 210.441|-551.618 210.107|-544.019 209.763|-536.420 209.429|-528.822 209.095|-521.223 208.751|-513.624 208.417|-513.002 208.384|-506.026 208.072|-504.830 235.304|-504.376 245.545|-511.975 245.890|-519.573 246.235|-527.172 246.568|-534.771 246.913|-542.369 247.258|-549.961 247.591|-557.559 247.936|-565.158 248.269|-572.757 248.614
306 816 4 AV SW,-580.355 248.937|-582.012 211.464|-574.414 211.119|-566.815 210.786|-559.216 210.441|-551.618 210.107|-544.019 209.763|-536.420 209.429|-528.822 209.095|-521.223 208.751|-513.624 208.417|-513.002 208.384|-506.026 208.072|-504.830 235.304|-504.376 245.545|-511.975 245.890|-519.573 246.235|-527.172 246.568|-534.771 246.913|-542.369 247.258|-549.961 247.591|-557.559 247.936|-565.158 248.269|-572.757 248.614
304 816 4 AV SW,-580.355 248.937|-582.012 211.464|-574.414 211.119|-566.815 210.786|-559.216 210.441|-551.618 210.107|-544.019 209.763|-536.420 209.429|-528.822 209.095|-521.223 208.751|-513.624 208.417|-513.002 208.384|-506.026 208.072|-504.830 235.304|-504.376 245.545|-511.975 245.890|-519.573 246.235|-527.172 246.568|-534.771 246.913|-542.369 247.258|-549.961 247.591|-557.559 247.936|-565.158 248.269|-572.757 248.614
302 816 4 AV SW,-580.355 248.937|-582.012 211.464|-574.414 211.119|-566.815 210.786|-559.216 210.441|-551.618 210.107|-544.019 209.763|-536.420 209.429|-528.822 209.095|-521.223 208.751|-513.624 208.417|-513.002 208.384|-506.026 208.072|-504.830 235.304|-504.376 245.545|-511.975 245.890|-519.573 246.235|-527.172 246.568|-534.771 246.913|-542.369 247.258|-549.961 247.591|-557.559 247.936|-565.158 248.269|-572.757 248.614
401 816 4 AV SW,-580.355 248.937|-582.012 211.464|-574.414 211.119|-566.815 210.786|-559.216 210.441|-551.618 210.107|-544.019 209.763|-536.420 209.429|-528.822 209.095|-521.223 208.751|-513.624 208.417|-513.002 208.384|-506.026 208.072|-504.830 235.304|-504.376 245.545|-511.975 245.890|-519.573 246.235|-527.172 246.568|-534.771 246.913|-542.369 247.258|-549.961 247.591|-557.559 247.936|-565.158 248.269|-572.757 248.614
403 816 4 AV SW,-580.355 248.937|-582.012 211.464|-574.414 211.119|-566.815 210.786|-559.216 210.441|-551.618 210.107|-544.019 209.763|-536.420 209.429|-528.822 209.095|-521.223 208.751|-513.624 208.417|-513.002 208.384|-506.026 208.072|-504.830 235.304|-504.376 245.545|-511.975 245.890|-519.573 246.235|-527.172 246.568|-534.771 246.913|-542.369 247.258|-549.961 247.591|-557.559 247.936|-565.158 248.269|-572.757 248.614
405 816 4 AV SW,-580.355 248.937|-582.012 211.464|-574.414 211.119|-566.815 210.786|-559.216 210.441|-551.618 210.107|-544.019 209.763|-536.420 209.429|-528.822 209.095|-521.223 208.751|-513.624 208.417|-513.002 208.384|-506.026 208.072|-504.830 235.304|-504.376 245.545|-511.975 245.890|-519.573 246.235|-527.172 246.568|-534.771 246.913|-542.369 247.258|-549.961 247.591|-557.559 247.936|-565.158 248.269|-572.757 248.614
407 816 4 AV SW,-580.355 248.937|-582.012 211.464|-574.414 211.119|-566.815 210.786|-559.216 210.441|-551.618 210.107|-544.019 209.763|-536.420 209.429|-528.822 209.095|-521.223 208.751|-513.624 208.417|-513.002 208.384|-506.026 208.072|-504.830 235.304|-504.376 245.545|-511.975 245.890|-519.573 246.235|-527.172 246.568|-534.771 246.913|-542.369 247.258|-549.961 247.591|-557.559 247.936|-565.158 248.269|-572.757 248.614
409 816 4 AV SW,-580.355 248.937|-582.012 211.464|-574.414 211.119|-566.815 210.786|-559.216 210.441|-551.618 210.107|-544.019 209.763|-536.420 209.429|-528.822 209.095|-521.223 208.751|-513.624 208.417|-513.002 208.384|-506.026 208.072|-504.830 235.304|-504.376 245.545|-511.975 245.890|-519.573 246.235|-527.172 246.568|-534.771 246.913|-542.369 247.258|-549.961 247.591|-557.559 247.936|-565.158 248.269|-572.757 248.614
411 816 4 AV SW,-580.355 248.937|-582.012 211.464|-574.414 211.119|-566.815 210.786|-559.216 210.441|-551.618 210.107|-544.019 209.763|-536.420 209.429|-528.822 209.095|-521.223 208.751|-513.624 208.417|-513.002 208.384|-506.026 208.072|-504.830 235.304|-504.376 245.545|-511.975 245.890|-519.573 246.235|-527.172 246.568|-534.771 246.913|-542.369 247.258|-549.961 247.591|-557.559 247.936|-565.158 248.269|-572.757 248.614
412 816 4 AV SW,-580.355 248.937|-582.012 211.464|-574.414 211.119|-566.815 210.786|-559.216 210.441|-551.618 210.107|-544.019 209.763|-536.420 209.429|-528.822 209.095|-521.223 208.751|-513.624 208.417|-513.002 208.384|-506.026 208.072|-504.830 235.304|-504.376 245.545|-511.975 245.890|-519.573 246.235|-527.172 246.568|-534.771 246.913|-542.369 247.258|-549.961 247.591|-557.559 247.936|-565.158 248.269|-572.757 248.614
410 816 4 AV SW,-580.355 248.937|-582.012 211.464|-574.414 211.119|-566.815 210.786|-559.216 210.441|-551.618 210.107|-544.019 209.763|-536.420 209.429|-528.822 209.095|-521.223 208.751|-513.624 208.417|-513.002 208.384|-506.026 208.072|-504.830 235.304|-504.376 245.545|-511.975 245.890|-519.573 246.235|-527.172 246.568|-534.771 246.913|-542.369 247.258|-549.961 247.591|-557.559 247.936|-565.158 248.269|-572.757 248.614
408 816 4 AV SW,-580.355 248.937|-582.012 211.464|-574.414 211.119|-566.815 210.786|-559.216 210.441|-551.618 210.107|-544.019 209.763|-536.420 209.429|-528.822 209.095|-521.223 208.751|-513.624 208.417|-513.002 208.384|-506.026 208.072|-504.830 235.304|-504.376 245.545|-511.975 245.890|-519.573 246.235|-527.172 246.568|-534.771 246.913|-542.369 247.258|-549.961 247.591|-557.559 247.936|-565.158 248.269|-572.757 248.614
406 816 4 AV SW,-580.355 248.937|-582.012 211.464|-574.414 211.119|-566.815 210.786|-559.216 210.441|-551.618 210.107|-544.019 209.763|-536.420 209.429|-528.822 209.095|-521.223 208.751|-513.624 208.417|-513.002 208.384|-506.026 208.072|-504.830 235.304|-504.376 245.545|-511.975 245.890|-519.573 246.235|-527.172 246.568|-534.771 246.913|-542.369 247.258|-549.961 247.591|-557.559 247.936|-565.158 248.269|-572.757 248.614
404 816 4 AV SW,-580.355 248.937|-582.012 211.464|-574.414 211.119|-566.815 210.786|-559.216 210.441|-551.618 210.107|-544.019 209.763|-536.420 209.429|-528.822 209.095|-521.223 208.751|-513.624 208.417|-513.002 208.384|-506.026 208.072|-504.830 235.304|-504.376 245.545|-511.975 245.890|-519.573 246.235|-527.172 246.568|-534.771 246.913|-542.369 247.258|-549.961 247.591|-557.559 247.936|-565.158 248.269|-572.757 248.614
402 816 4 AV SW,-580.355 248.937|-582.012 211.464|-574.414 211.119|-566.815 210.786|-559.216 210.441|-551.618 210.107|-544.019 209.763|-536.420 209.429|-528.822 209.095|-521.223 208.751|-513.624 208.417|-513.002 208.384|-506.026 208.072|-504.830 235.304|-504.376 245.545|-511.975 245.890|-519.573 246.235|-527.172 246.568|-534.771 246.913|-542.369 247.258|-549.961 247.591|-557.559 247.936|-565.158 248.269|-572.757 248.614
501 816 4 AV SW,-580.355 248.937|-582.012 211.464|-574.414 211.119|-566.815 210.786|-559.216 210.441|-551.618 210.107|-544.019 209.763|-536.420 209.429|-528.822 209.095|-521.223 208.751|-513.624 208.417|-513.002 208.384|-506.026 208.072|-504.830 235.304|-504.376 245.545|-511.975 245.890|-519.573 246.235|-527.172 246.568|-534.771 246.913|-542.369 247.258|-549.961 247.591|-557.559 247.936|-565.158 248.269|-572.757 248.614
503 816 4 AV SW,-580.355 248.937|-582.012 211.464|-574.414 211.119|-566.815 210.786|-559.216 210.441|-551.618 210.107|-544.019 209.763|-536.420 209.429|-528.822 209.095|-521.223 208.751|-513.624 208.417|-513.002 208.384|-506.026 208.072|-504.830 235.304|-504.376 245.545|-511.975 245.890|-519.573 246.235|-527.172 246.568|-534.771 246.913|-542.369 247.258|-549.961 247.591|-557.559 247.936|-565.158 248.269|-572.757 248.614
505 816 4 AV SW,-580.355 248.937|-582.012 211.464|-574.414 211.119|-566.815 210.786|-559.216 210.441|-551.618 210.107|-544.019 209.763|-536.420 209.429|-528.822 209.095|-521.223 208.751|-513.624 208.417|-513.002 208.384|-506.026 208.072|-504.830 235.304|-504.376 245.545|-511.975 245.890|-519.573 246.235|-527.172 246.568|-534.771 246.913|-542.369 247.258|-549.961 247.591|-557.559 247.936|-565.158 248.269|-572.757 248.614
507 816 4 AV SW,-580.355 248.937|-582.012 211.464|-574.414 211.119|-566.815 210.786|-559.216 210.441|-551.618 210.107|-544.019 209.763|-536.420 209.429|-528.822 209.095|-521.223 208.751|-513.624 208.417|-513.002 208.384|-506.026 208.072|-504.830 235.304|-504.376 245.545|-511.975 245.890|-519.573 246.235|-527.172 246.568|-534.771 246.913|-542.369 247.258|-549.961 247.591|-557.559 247.936|-565.158 248.269|-572.757 248.614
509 816 4 AV SW,-580.355 248.937|-582.012 211.464|-574.414 211.119|-566.815 210.786|-559.216 210.441|-551.618 210.107|-544.019 209.763|-536.420 209.429|-528.822 209.095|-521.223 208.751|-513.624 208.417|-513.002 208.384|-506.026 208.072|-504.830 235.304|-504.376 245.545|-511.975 245.890|-519.573 246.235|-527.172 246.568|-534.771 246.913|-542.369 247.258|-549.961 247.591|-557.559 247.936|-565.158 248.269|-572.757 248.614
511 816 4 AV SW,-580.355 248.937|-582.012 211.464|-574.414 211.119|-566.815 210.786|-559.216 210.441|-551.618 210.107|-544.019 209.763|-536.420 209.429|-528.822 209.095|-521.223 208.751|-513.624 208.417|-513.002 208.384|-506.026 208.072|-504.830 235.304|-504.376 245.545|-511.975 245.890|-519.573 246.235|-527.172 246.568|-534.771 246.913|-542.369 247.258|-549.961 247.591|-557.559 247.936|-565.158 248.269|-572.757 248.614
512 816 4 AV SW,-580.355 248.937|-582.012 211.464|-574.414 211.119|-566.815 210.786|-559.216 210.441|-551.618 210.107|-544.019 209.763|-536.420 209.429|-528.822 209.095|-521.223 208.751|-513.624 208.417|-513.002 208.384|-506.026 208.072|-504.830 235.304|-504.376 245.545|-511.975 245.890|-519.573 246.235|-527.172 246.568|-534.771 246.913|-542.369 247.258|-549.961 247.591|-557.559 247.936|-565.158 248.269|-572.757 248.614
510 816 4 AV SW,-580.355 248.937|-582.012 211.464|-574.414 211.119|-566.815 210.786|-559.216 210.441|-551.618 210.107|-544.019 209.763|-536.420 209.429|-528.822 209.095|-521.223 208.751|-513.624 208.417|-513.002 208.384|-506.026 208.072|-504.830 235.304|-504.376 245.545|-511.975 245.890|-519.573 246.235|-527.172 246.568|-534.771 246.913|-542.369 247.258|-549.961 247.591|-557.559 247.936|-565.158 248.269|-572.757 248.614
508 816 4 AV SW,-580.355 248.937|-582.012 211.464|-574.414 211.119|-566.815 210.786|-559.216 210.441|-551.618 210.107|-544.019 209.763|-536.420 209.429|-528.822 209.095|-521.223 208.751|-513.624 208.417|-513.002 208.384|-506.026 208.072|-504.830 235.304|-504.376 245.545|-511.975 245.890|-519.573 246.235|-527.172 246.568|-534.771 246.913|-542.369 247.258|-549.961 247.591|-557.559 247.936|-565.158 248.269|-572.757 248.614
506 816 4 AV SW,-580.355 248.937|-582.012 211.464|-574.414 211.119|-566.815 210.786|-559.216 210.441|-551.618 210.107|-544.019 209.763|-536.420 209.429|-528.822 209.095|-521.223 208.751|-513.624 208.417|-513.002 208.384|-506.026 208.072|-504.830 235.304|-504.376 245.545|-511.975 245.890|-519.573 246.235|-527.172 246.568|-534.771 246.913|-542.369 247.258|-549.961 247.591|-557.559 247.936|-565.158 248.269|-572.757 248.614
504 816 4 AV SW,-580.355 248.937|-582.012 211.464|-574.414 211.119|-566.815 210.786|-559.216 210.441|-551.618 210.107|-544.019 209.763|-536.420 209.429|-528.822 209.095|-521.223 208.751|-513.624 208.417|-513.002 208.384|-506.026 208.072|-504.830 235.304|-504.376 245.545|-511.975 245.890|-519.573 246.235|-527.172 246.568|-534.771 246.913|-542.369 247.258|-549.961 247.591|-557.559 247.936|-565.158 248.269|-572.757 248.614
502 816 4 AV SW,-580.355 248.937|-582.012 211.464|-574.414 211.119|-566.815 210.786|-559.216 210.441|-551.618 210.107|-544.019 209.763|-536.420 209.429|-528.822 209.095|-521.223 208.751|-513.624 208.417|-513.002 208.384|-506.026 208.072|-504.830 235.304|-504.376 245.545|-511.975 245.890|-519.573 246.235|-527.172 246.568|-534.771 246.913|-542.369 247.258|-549.961 247.591|-557.559 247.936|-565.158 248.269|-572.757 248.614
601 816 4 AV SW,-580.355 248.937|-582.012 211.464|-574.414 211.119|-566.815 210.786|-559.216 210.441|-551.618 210.107|-544.019 209.763|-536.420 209.429|-528.822 209.095|-521.223 208.751|-513.624 208.417|-513.002 208.384|-506.026 208.072|-504.830 235.304|-504.376 245.545|-511.975 245.890|-519.573 246.235|-527.172 246.568|-534.771 246.913|-542.369 247.258|-549.961 247.591|-557.559 247.936|-565.158 248.269|-572.757 248.614
603 816 4 AV SW,-580.355 248.937|-582.012 211.464|-574.414 211.119|-566.815 210.786|-559.216 210.441|-551.618 210.107|-544.019 209.763|-536.420 209.429|-528.822 209.095|-521.223 208.751|-513.624 208.417|-513.002 208.384|-506.026 208.072|-504.830 235.304|-504.376 245.545|-511.975 245.890|-519.573 246.235|-527.172 246.568|-534.771 246.913|-542.369 247.258|-549.961 247.591|-557.559 247.936|-565.158 248.269|-572.757 248.614
605 816 4 AV SW,-580.355 248.937|-582.012 211.464|-574.414 211.119|-566.815 210.786|-559.216 210.441|-551.618 210.107|-544.019 209.763|-536.420 209.429|-528.822 209.095|-521.223 208.751|-513.624 208.417|-513.002 208.384|-506.026 208.072|-504.830 235.304|-504.376 245.545|-511.975 245.890|-519.573 246.235|-527.172 246.568|-534.771 246.913|-542.369 247.258|-549.961 247.591|-557.559 247.936|-565.158 248.269|-572.757 248.614
607 816 4 AV SW,-580.355 248.937|-582.012 211.464|-574.414 211.119|-566.815 210.786|-559.216 210.441|-551.618 210.107|-544.019 209.763|-536.420 209.429|-528.822 209.095|-521.223 208.751|-513.624 208.417|-513.002 208.384|-506.026 208.072|-504.830 235.304|-504.376 245.545|-511.975 245.890|-519.573 246.235|-527.172 246.568|-534.771 246.913|-542.369 247.258|-549.961 247.591|-557.559 247.936|-565.158 248.269|-572.757 248.614
609 816 4 AV SW,-580.355 248.937|-582.012 211.464|-574.414 211.119|-566.815 210.786|-559.216 210.441|-551.618 210.107|-544.019 209.763|-536.420 209.429|-528.822 209.095|-521.223 208.751|-513.624 208.417|-513.002 208.384|-506.026 208.072|-504.830 235.304|-504.376 245.545|-511.975 245.890|-519.573 246.235|-527.172 246.568|-534.771 246.913|-542.369 247.258|-549.961 247.591|-557.559 247.936|-565.158 248.269|-572.757 248.614
611 816 4 AV SW,-580.355 248.937|-582.012 211.464|-574.414 211.119|-566.815 210.786|-559.216 210.441|-551.618 210.107|-544.019 209.763|-536.420 209.429|-528.822 209.095|-521.223 208.751|-513.624 208.417|-513.002 208.384|-506.026 208.072|-504.830 235.304|-504.376 245.545|-511.975 245.890|-519.573 246.235|-527.172 246.568|-534.771 246.913|-542.369 247.258|-549.961 247.591|-557.559 247.936|-565.158 248.269|-572.757 248.614
612 816 4 AV SW,-580.355 248.937|-582.012 211.464|-574.414 211.119|-566.815 210.786|-559.216 210.441|-551.618 210.107|-544.019 209.763|-536.420 209.429|-528.822 209.095|-521.223 208.751|-513.624 208.417|-513.002 208.384|-506.026 208.072|-504.830 235.304|-504.376 245.545|-511.975 245.890|-519.573 246.235|-527.172 246.568|-534.771 246.913|-542.369 247.258|-549.961 247.591|-557.559 247.936|-565.158 248.269|-572.757 248.614
610 816 4 AV SW,-580.355 248.937|-582.012 211.464|-574.414 211.119|-566.815 210.786|-559.216 210.441|-551.618 210.107|-544.019 209.763|-536.420 209.429|-528.822 209.095|-521.223 208.751|-513.624 208.417|-513.002 208.384|-506.026 208.072|-504.830 235.304|-504.376 245.545|-511.975 245.890|-519.573 246.235|-527.172 246.568|-534.771 246.913|-542.369 247.258|-549.961 247.591|-557.559 247.936|-565.158 248.269|-572.757 248.614
608 816 4 AV SW,-580.355 248.937|-582.012 211.464|-574.414 211.119|-566.815 210.786|-559.216 210.441|-551.618 210.107|-544.019 209.763|-536.420 209.429|-528.822 209.095|-521.223 208.751|-513.624 208.417|-513.002 208.384|-506.026 208.072|-504.830 235.304|-504.376 245.545|-511.975 245.890|-519.573 246.235|-527.172 246.568|-534.771 246.913|-542.369 247.258|-549.961 247.591|-557.559 247.936|-565.158 248.269|-572.757 248.614
606 816 4 AV SW,-580.355 248.937|-582.012 211.464|-574.414 211.119|-566.815 210.786|-559.216 210.441|-551.618 210.107|-544.019 209.763|-536.420 209.429|-528.822 209.095|-521.223 208.751|-513.624 208.417|-513.002 208.384|-506.026 208.072|-504.830 235.304|-504.376 245.545|-511.975 245.890|-519.573 246.235|-527.172 246.568|-534.771 246.913|-542.369 247.258|-549.961 247.591|-557.559 247.936|-565.158 248.269|-572.757 248.614
604 816 4 AV SW,-580.355 248.937|-582.012 211.464|-574.414 211.119|-566.815 210.786|-559.216 210.441|-551.618 210.107|-544.019 209.763|-536.420 209.429|-528.822 209.095|-521.223 208.751|-513.624 208.417|-513.002 208.384|-506.026 208.072|-504.830 235.304|-504.376 245.545|-511.975 245.890|-519.573 246.235|-527.172 246.568|-534.771 246.913|-542.369 247.258|-549.961 247.591|-557.559 247.936|-565.158 248.269|-572.757 248.614
602 816 4 AV SW,-580.355 248.937|-582.012 211.464|-574.414 211.119|-566.815 210.786|-559.216 210.441|-551.618 210.107|-544.019 209.763|-536.420 209.429|-528.822 209.095|-521.223 208.751|-513.624 208.417|-513.002 208.384|-506.026 208.072|-504.830 235.304|-504.376 245.545|-511.975 245.890|-519.573 246.235|-527.172 246.568|-534.771 246.913|-542.369 247.258|-549.961 247.591|-557.559 247.936|-565.158 248.269|-572.757 248.614
701 816 4 AV SW,-580.355 248.937|-582.012 211.464|-574.414 211.119|-566.815 210.786|-559.216 210.441|-551.618 210.107|-544.019 209.763|-536.420 209.429|-528.822 209.095|-521.223 208.751|-513.624 208.417|-513.002 208.384|-506.026 208.072|-504.830 235.304|-504.376 245.545|-511.975 245.890|-519.573 246.235|-527.172 246.568|-534.771 246.913|-542.369 247.258|-549.961 247.591|-557.559 247.936|-565.158 248.269|-572.757 248.614
703 816 4 AV SW,-580.355 248.937|-582.012 211.464|-574.414 211.119|-566.815 210.786|-559.216 210.441|-551.618 210.107|-544.019 209.763|-536.420 209.429|-528.822 209.095|-521.223 208.751|-513.624 208.417|-513.002 208.384|-506.026 208.072|-504.830 235.304|-504.376 245.545|-511.975 245.890|-519.573 246.235|-527.172 246.568|-534.771 246.913|-542.369 247.258|-549.961 247.591|-557.559 247.936|-565.158 248.269|-572.757 248.614
705 816 4 AV SW,-580.355 248.937|-582.012 211.464|-574.414 211.119|-566.815 210.786|-559.216 210.441|-551.618 210.107|-544.019 209.763|-536.420 209.429|-528.822 209.095|-521.223 208.751|-513.624 208.417|-513.002 208.384|-506.026 208.072|-504.830 235.304|-504.376 245.545|-511.975 245.890|-519.573 246.235|-527.172 246.568|-534.771 246.913|-542.369 247.258|-549.961 247.591|-557.559 247.936|-565.158 248.269|-572.757 248.614
707 816 4 AV SW,-580.355 248.937|-582.012 211.464|-574.414 211.119|-566.815 210.786|-559.216 210.441|-551.618 210.107|-544.019 209.763|-536.420 209.429|-528.822 209.095|-521.223 208.751|-513.624 208.417|-513.002 208.384|-506.026 208.072|-504.830 235.304|-504.376 245.545|-511.975 245.890|-519.573 246.235|-527.172 246.568|-534.771 246.913|-542.369 247.258|-549.961 247.591|-557.559 247.936|-565.158 248.269|-572.757 248.614
709 816 4 AV SW,-580.355 248.937|-582.012 211.464|-574.414 211.119|-566.815 210.786|-559.216 210.441|-551.618 210.107|-544.019 209.763|-536.420 209.429|-528.822 209.095|-521.223 208.751|-513.624 208.417|-513.002 208.384|-506.026 208.072|-504.830 235.304|-504.376 245.545|-511.975 245.890|-519.573 246.235|-527.172 246.568|-534.771 246.913|-542.369 247.258|-549.961 247.591|-557.559 247.936|-565.158 248.269|-572.757 248.614
711 816 4 AV SW,-580.355 248.937|-582.012 211.464|-574.414 211.119|-566.815 210.786|-559.216 210.441|-551.618 210.107|-544.019 209.763|-536.420 209.429|-528.822 209.095|-521.223 208.751|-513.624 208.417|-513.002 208.384|-506.026 208.072|-504.830 235.304|-504.376 245.545|-511.975 245.890|-519.573 246.235|-527.172 246.568|-534.771 246.913|-542.369 247.258|-549.961 247.591|-557.559 247.936|-565.158 248.269|-572.757 248.614
712 816 4 AV SW,-580.355 248.937|-582.012 211.464|-574.414 211.119|-566.815 210.786|-559.216 210.441|-551.618 210.107|-544.019 209.763|-536.420 209.429|-528.822 209.095|-521.223 208.751|-513.624 208.417|-513.002 208.384|-506.026 208.072|-504.830 235.304|-504.376 245.545|-511.975 245.890|-519.573 246.235|-527.172 246.568|-534.771 246.913|-542.369 247.258|-549.961 247.591|-557.559 247.936|-565.158 248.269|-572.757 248.614
710 816 4 AV SW,-580.355 248.937|-582.012 211.464|-574.414 211.119|-566.815 210.786|-559.216 210.441|-551.618 210.107|-544.019 209.763|-536.420 209.429|-528.822 209.095|-521.223 208.751|-513.624 208.417|-513.002 208.384|-506.026 208.072|-504.830 235.304|-504.376 245.545|-511.975 245.890|-519.573 246.235|-527.172 246.568|-534.771 246.913|-542.369 247.258|-549.961 247.591|-557.559 247.936|-565.158 248.269|-572.757 248.614
708 816 4 AV SW,-580.355 248.937|-582.012 211.464|-574.414 211.119|-566.815 210.786|-559.216 210.441|-551.618 210.107|-544.019 209.763|-536.420 209.429|-528.822 209.095|-521.223 208.751|-513.624 208.417|-513.002 208.384|-506.026 208.072|-504.830 235.304|-504.376 245.545|-511.975 245.890|-519.573 246.235|-527.172 246.568|-534.771 246.913|-542.369 247.258|-549.961 247.591|-557.559 247.936|-565.158 248.269|-572.757 248.614
706 816 4 AV SW,-580.355 248.937|-582.012 211.464|-574.414 211.119|-566.815 210.786|-559.216 210.441|-551.618 210.107|-544.019 209.763|-536.420 209.429|-528.822 209.095|-521.223 208.751|-513.624 208.417|-513.002 208.384|-506.026 208.072|-504.830 235.304|-504.376 245.545|-511.975 245.890|-519.573 246.235|-527.172 246.568|-534.771 246.913|-542.369 247.258|-549.961 247.591|-557.559 247.936|-565.158 248.269|-572.757 248.614
704 816 4 AV SW,-580.355 248.937|-582.012 211.464|-574.414 211.119|-566.815 210.786|-559.216 210.441|-551.618 210.107|-544.019 209.763|-536.420 209.429|-528.822 209.095|-521.223 208.751|-513.624 208.417|-513.002 208.384|-506.026 208.072|-504.830 235.304|-504.376 245.545|-511.975 245.890|-519.573 246.235|-527.172 246.568|-534.771 246.913|-542.369 247.258|-549.961 247.591|-557.559 247.936|-565.158 248.269|-572.757 248.614
702 816 4 AV SW,-580.355 248.937|-582.012 211.464|-574.414 211.119|-566.815 210.786|-559.216 210.441|-551.618 210.107|-544.019 209.763|-536.420 209.429|-528.822 209.095|-521.223 208.751|-513.624 208.417|-513.002 208.384|-506.026 208.072|-504.830 235.304|-504.376 245.545|-511.975 245.890|-519.573 246.235|-527.172 246.568|-534.771 246.913|-542.369 247.258|-549.961 247.591|-557.559 247.936|-565.158 248.269|-572.757 248.614
801 816 4 AV SW,-580.355 248.937|-582.012 211.464|-574.414 211.119|-566.815 210.786|-559.216 210.441|-551.618 210.107|-544.019 209.763|-536.420 209.429|-528.822 209.095|-521.223 208.751|-513.624 208.417|-513.002 208.384|-506.026 208.072|-504.830 235.304|-504.376 245.545|-511.975 245.890|-519.573 246.235|-527.172 246.568|-534.771 246.913|-542.369 247.258|-549.961 247.591|-557.559 247.936|-565.158 248.269|-572.757 248.614
803 816 4 AV SW,-580.355 248.937|-582.012 211.464|-574.414 211.119|-566.815 210.786|-559.216 210.441|-551.618 210.107|-544.019 209.763|-536.420 209.429|-528.822 209.095|-521.223 208.751|-513.624 208.417|-513.002 208.384|-506.026 208.072|-504.830 235.304|-504.376 245.545|-511.975 245.890|-519.573 246.235|-527.172 246.568|-534.771 246.913|-542.369 247.258|-549.961 247.591|-557.559 247.936|-565.158 248.269|-572.757 248.614
805 816 4 AV SW,-580.355 248.937|-582.012 211.464|-574.414 211.119|-566.815 210.786|-559.216 210.441|-551.618 210.107|-544.019 209.763|-536.420 209.429|-528.822 209.095|-521.223 208.751|-513.624 208.417|-513.002 208.384|-506.026 208.072|-504.830 235.304|-504.376 245.545|-511.975 245.890|-519.573 246.235|-527.172 246.568|-534.771 246.913|-542.369 247.258|-549.961 247.591|-557.559 247.936|-565.158 248.269|-572.757 248.614
807 816 4 AV SW,-580.355 248.937|-582.012 211.464|-574.414 211.119|-566.815 210.786|-559.216 210.441|-551.618 210.107|-544.019 209.763|-536.420 209.429|-528.822 209.095|-521.223 208.751|-513.624 208.417|-513.002 208.384|-506.026 208.072|-504.830 235.304|-504.376 245.545|-511.975 245.890|-519.573 246.235|-527.172 246.568|-534.771 246.913|-542.369 247.258|-549.961 247.591|-557.559 247.936|-565.158 248.269|-572.757 248.614
809 816 4 AV SW,-580.355 248.937|-582.012 211.464|-574.414 211.119|-566.815 210.786|-559.216 210.441|-551.618 210.107|-544.019 209.763|-536.420 209.429|-528.822 209.095|-521.223 208.751|-513.624 208.417|-513.002 208.384|-506.026 208.072|-504.830 235.304|-504.376 245.545|-511.975 245.890|-519.573 246.235|-527.172 246.568|-534.771 246.913|-542.369 247.258|-549.961 247.591|-557.559 247.936|-565.158 248.269|-572.757 248.614
811 816 4 AV SW,-580.355 248.937|-582.012 211.464|-574.414 211.119|-566.815 210.786|-559.216 210.441|-551.618 210.107|-544.019 209.763|-536.420 209.429|-528.822 209.095|-521.223 208.751|-513.624 208.417|-513.002 208.384|-506.026 208.072|-504.830 235.304|-504.376 245.545|-511.975 245.890|-519.573 246.235|-527.172 246.568|-534.771 246.913|-542.369 247.258|-549.961 247.591|-557.559 247.936|-565.158 248.269|-572.757 248.614
812 816 4 AV SW,-580.355 248.937|-582.012 211.464|-574.414 211.119|-566.815 210.786|-559.216 210.441|-551.618 210.107|-544.019 209.763|-536.420 209.429|-528.822 209.095|-521.223 208.751|-513.624 208.417|-513.002 208.384|-506.026 208.072|-504.830 235.304|-504.376 245.545|-511.975 245.890|-519.573 246.235|-527.172 246.568|-534.771 246.913|-542.369 247.258|-549.961 247.591|-557.559 247.936|-565.158 248.269|-572.757 248.614
810 816 4 AV SW,-580.355 248.937|-582.012 211.464|-574.414 211.119|-566.815 210.786|-559.216 210.441|-551.618 210.107|-544.019 209.763|-536.420 209.429|-528.822 209.095|-521.223 208.751|-513.624 208.417|-513.002 208.384|-506.026 208.072|-504.830 235.304|-504.376 245.545|-511.975 245.890|-519.573 246.235|-527.172 246.568|-534.771 246.913|-542.369 247.258|-549.961 247.591|-557.559 247.936|-565.158 248.269|-572.757 248.614
808 816 4 AV SW,-580.355 248.937|-582.012 211.464|-574.414 211.119|-566.815 210.786|-559.216 210.441|-551.618 210.107|-544.019 209.763|-536.420 209.429|-528.822 209.095|-521.223 208.751|-513.624 208.417|-513.002 208.384|-506.026 208.072|-504.830 235.304|-504.376 245.545|-511.975 245.890|-519.573 246.235|-527.172 246.568|-534.771 246.913|-542.369 247.258|-549.961 247.591|-557.559 247.936|-565.158 248.269|-572.757 248.614
806 816 4 AV SW,-580.355 248.937|-582.012 211.464|-574.414 211.119|-566.815 210.786|-559.216 210.441|-551.618 210.107|-544.019 209.763|-536.420 209.429|-528.822 209.095|-521.223 208.751|-513.624 208.417|-513.002 208.384|-506.026 208.072|-504.830 235.304|-504.376 245.545|-511.975 245.890|-519.573 246.235|-527.172 246.568|-534.771 246.913|-542.369 247.258|-549.961 247.591|-557.559 247.936|-565.158 248.269|-572.757 248.614
804 816 4 AV SW,-580.355 248.937|-582.012 211.464|-574.414 211.119|-566.815 210.786|-559.216 210.441|-551.618 210.107|-544.019 209.763|-536.420 209.429|-528.822 209.095|-521.223 208.751|-513.624 208.417|-513.002 208.384|-506.026 208.072|-504.830 235.304|-504.376 245.545|-511.975 245.890|-519.573 246.235|-527.172 246.568|-534.771 246.913|-542.369 247.258|-549.961 247.591|-557.559 247.936|-565.158 248.269|-572.757 248.614
802 816 4 AV SW,-580.355 248.937|-582.012 211.464|-574.414 211.119|-566.815 210.786|-559.216 210.441|-551.618 210.107|-544.019 209.763|-536.420 209.429|-528.822 209.095|-521.223 208.751|-513.624 208.417|-513.002 208.384|-506.026 208.072|-504.830 235.304|-504.376 245.545|-511.975 245.890|-519.573 246.235|-527.172 246.568|-534.771 246.913|-542.369 247.258|-549.961 247.591|-557.559 247.936|-565.158 248.269|-572.757 248.614
158S 701 3 AV SW,-370.110 245.623|-332.117 243.911|-330.362 283.507|-368.355 285.208|-368.446 283.085
159S 701 3 AV SW,-370.110 245.623|-332.117 243.911|-330.362 283.507|-368.355 285.208|-368.446 283.085
160S 701 3 AV SW,-370.110 245.623|-332.117 243.911|-330.362 283.507|-368.355 285.208|-368.446 283.085
161S 701 3 AV SW,-370.110 245.623|-332.117 243.911|-330.362 283.507|-368.355 285.208|-368.446 283.085
162S 701 3 AV SW,-370.110 245.623|-332.117 243.911|-330.362 283.507|-368.355 285.208|-368.446 283.085
163S 701 3 AV SW,-370.110 245.623|-332.117 243.911|-330.362 283.507|-368.355 285.208|-368.446 283.085
164S 701 3 AV SW,-370.110 245.623|-332.117 243.911|-330.362 283.507|-368.355 285.208|-368.446 283.085
165S 701 3 AV SW,-370.110 245.623|-332.117 243.911|-330.362 283.507|-368.355 285.208|-368.446 283.085
166S 701 3 AV SW,-370.110 245.623|-332.117 243.911|-330.362 283.507|-368.355 285.208|-368.446 283.085
167S 701 3 AV SW,-370.110 245.623|-332.117 243.911|-330.362 283.507|-368.355 285.208|-368.446 283.085
168S 701 3 AV SW,-370.110 245.623|-332.117 243.911|-330.362 283.507|-368.355 285.208|-368.446 283.085
169S 701 3 AV SW,-370.110 245.623|-332.117 243.911|-330.362 283.507|-368.355 285.208|-368.446 283.085
170S 701 3 AV SW,-370.110 245.623|-332.117 243.911|-330.362 283.507|-368.355 285.208|-368.446 283.085
171S 701 3 AV SW,-370.110 245.623|-332.117 243.911|-330.362 283.507|-368.355 285.208|-368.446 283.085
101 701 3 AV SW,-370.110 245.623|-332.117 243.911|-330.362 283.507|-368.355 285.208|-368.446 283.085
102 701 3 AV SW,-370.110 245.623|-332.117 243.911|-330.362 283.507|-368.355 285.208|-368.446 283.085
103 701 3 AV SW,-370.110 245.623|-332.117 243.911|-330.362 283.507|-368.355 285.208|-368.446 283.085
104 701 3 AV SW,-370.110 245.623|-332.117 243.911|-330.362 283.507|-368.355 285.208|-368.446 283.085
201 701 3 AV SW,-370.110 245.623|-332.117 243.911|-330.362 283.507|-368.355 285.208|-368.446 283.085
202 701 3 AV SW,-370.110 245.623|-332.117 243.911|-330.362 283.507|-368.355 285.208|-368.446 283.085
203 701 3 AV SW,-370.110 245.623|-332.117 243.911|-330.362 283.507|-368.355 285.208|-368.446 283.085
204 701 3 AV SW,-370.110 245.623|-332.117 243.911|-330.362 283.507|-368.355 285.208|-368.446 283.085
205 701 3 AV SW,-370.110 245.623|-332.117 243.911|-330.362 283.507|-368.355 285.208|-368.446 283.085
206 701 3 AV SW,-370.110 245.623|-332.117 243.911|-330.362 283.507|-368.355 285.208|-368.446 283.085
301 701 3 AV SW,-370.110 245.623|-332.117 243.911|-330.362 283.507|-368.355 285.208|-368.446 283.085
302 701 3 AV SW,-370.110 245.623|-332.117 243.911|-330.362 283.507|-368.355 285.208|-368.446 283.085
303 701 3 AV SW,-370.110 245.623|-332.117 243.911|-330.362 283.507|-368.355 285.208|-368.446 283.085
304 701 3 AV SW,-370.110 245.623|-332.117 243.911|-330.362 283.507|-368.355 285.208|-368.446 283.085
305 701 3 AV SW,-370.110 245.623|-332.117 243.911|-330.362 283.507|-368.355 285.208|-368.446 283.085
401 701 3 AV SW,-370.110 245.623|-332.117 243.911|-330.362 283.507|-368.355 285.208|-368.446 283.085
402 701 3 AV SW,-370.110 245.623|-332.117 243.911|-330.362 283.507|-368.355 285.208|-368.446 283.085
403 701 3 AV SW,-370.110 245.623|-332.117 243.911|-330.362 283.507|-368.355 285.208|-368.446 283.085
404 701 3 AV SW,-370.110 245.623|-332.117 243.911|-330.362 283.507|-368.355 285.208|-368.446 283.085
405 701 3 AV SW,-370.110 245.623|-332.117 243.911|-330.362 283.507|-368.355 285.208|-368.446 283.085
501 701 3 AV SW,-370.110 245.623|-332.117 243.911|-330.362 283.507|-368.355 285.208|-368.446 283.085
502 701 3 AV SW,-370.110 245.623|-332.117 243.911|-330.362 283.507|-368.355 285.208|-368.446 283.085
503 701 3 AV SW,-370.110 245.623|-332.117 243.911|-330.362 283.507|-368.355 285.208|-368.446 283.085
504 701 3 AV SW,-370.110 245.623|-332.117 243.911|-330.362 283.507|-368.355 285.208|-368.446 283.085
601 701 3 AV SW,-370.110 245.623|-332.117 243.911|-330.362 283.507|-368.355 285.208|-368.446 283.085
602 701 3 AV SW,-370.110 245.623|-332.117 243.911|-330.362 283.507|-368.355 285.208|-368.446 283.085
603 701 3 AV SW,-370.110 245.623|-332.117 243.911|-330.362 283.507|-368.355 285.208|-368.446 283.085
604 701 3 AV SW,-370.110 245.623|-332.117 243.911|-330.362 283.507|-368.355 285.208|-368.446 283.085
701 701 3 AV SW,-370.110 245.623|-332.117 243.911|-330.362 283.507|-368.355 285.208|-368.446 283.085
702 701 3 AV SW,-370.110 245.623|-332.117 243.911|-330.362 283.507|-368.355 285.208|-368.446 283.085
703 701 3 AV SW,-370.110 245.623|-332.117 243.911|-330.362 283.507|-368.355 285.208|-368.446 283.085
704 701 3 AV SW,-370.110 245.623|-332.117 243.911|-330.362 283.507|-368.355 285.208|-368.446 283.085
801 701 3 AV SW,-370.110 245.623|-332.117 243.911|-330.362 283.507|-368.355 285.208|-368.446 283.085
802 701 3 AV SW,-370.110 245.623|-332.117 243.911|-330.362 283.507|-368.355 285.208|-368.446 283.085
803 701 3 AV SW,-370.110 245.623|-332.117 243.911|-330.362 283.507|-368.355 285.208|-368.446 283.085
901 701 3 AV SW,-370.110 245.623|-332.117 243.911|-330.362 283.507|-368.355 285.208|-368.446 283.085
902 701 3 AV SW,-370.110 245.623|-332.117 243.911|-330.362 283.507|-368.355 285.208|-368.446 283.085
903 701 3 AV SW,-370.110 245.623|-332.117 243.911|-330.362 283.507|-368.355 285.208|-368.446 283.085
1001 701 3 AV SW,-370.110 245.623|-332.117 243.911|-330.362 283.507|-368.355 285.208|-368.446 283.085
1101 701 3 AV SW,-370.110 245.623|-332.117 243.911|-330.362 283.507|-368.355 285.208|-368.446 283.085
41V 701 3 AV SW,-370.110 245.623|-332.117 243.911|-330.362 283.507|-368.355 285.208|-368.446 283.085
42V 701 3 AV SW,-370.110 245.623|-332.117 243.911|-330.362 283.507|-368.355 285.208|-368.446 283.085
43V 701 3 AV SW,-370.110 245.623|-332.117 243.911|-330.362 283.507|-368.355 285.208|-368.446 283.085
44V 701 3 AV SW,-370.110 245.623|-332.117 243.911|-330.362 283.507|-368.355 285.208|-368.446 283.085
45V 701 3 AV SW,-370.110 245.623|-332.117 243.911|-330.362 283.507|-368.355 285.208|-368.446 283.085
46V 701 3 AV SW,-370.110 245.623|-332.117 243.911|-330.362 283.507|-368.355 285.208|-368.446 283.085
47V 701 3 AV SW,-370.110 245.623|-332.117 243.911|-330.362 283.507|-368.355 285.208|-368.446 283.085
48V 701 3 AV SW,-370.110 245.623|-332.117 243.911|-330.362 283.507|-368.355 285.208|-368.446 283.085
49V 701 3 AV SW,-370.110 245.623|-332.117 243.911|-330.362 283.507|-368.355 285.208|-368.446 283.085
50V 701 3 AV SW,-370.110 245.623|-332.117 243.911|-330.362 283.507|-368.355 285.208|-368.446 283.085
51V 701 3 AV SW,-370.110 245.623|-332.117 243.911|-330.362 283.507|-368.355 285.208|-368.446 283.085
52V 701 3 AV SW,-370.110 245.623|-332.117 243.911|-330.362 283.507|-368.355 285.208|-368.446 283.085
53V 701 3 AV SW,-370.110 245.623|-332.117 243.911|-330.362 283.507|-368.355 285.208|-368.446 283.085
54V 701 3 AV SW,-370.110 245.623|-332.117 243.911|-330.362 283.507|-368.355 285.208|-368.446 283.085
55V 701 3 AV SW,-370.110 245.623|-332.117 243.911|-330.362 283.507|-368.355 285.208|-368.446 283.085
56V 701 3 AV SW,-370.110 245.623|-332.117 243.911|-330.362 283.507|-368.355 285.208|-368.446 283.085
57V 701 3 AV SW,-370.110 245.623|-332.117 243.911|-330.362 283.507|-368.355 285.208|-368.446 283.085
58V 701 3 AV SW,-370.110 245.623|-332.117 243.911|-330.362 283.507|-368.355 285.208|-368.446 283.085
59V 701 3 AV SW,-370.110 245.623|-332.117 243.911|-330.362 283.507|-368.355 285.208|-368.446 283.085
60V 701 3 AV SW,-370.110 245.623|-332.117 243.911|-330.362 283.507|-368.355 285.208|-368.446 283.085
61V 701 3 AV SW,-370.110 245.623|-332.117 243.911|-330.362 283.507|-368.355 285.208|-368.446 283.085
62V 701 3 AV SW,-370.110 245.623|-332.117 243.911|-330.362 283.507|-368.355 285.208|-368.446 283.085
63V 701 3 AV SW,-370.110 245.623|-332.117 243.911|-330.362 283.507|-368.355 285.208|-368.446 283.085
64V 701 3 AV SW,-370.110 245.623|-332.117 243.911|-330.362 283.507|-368.355 285.208|-368.446 283.085
65V 701 3 AV SW,-370.110 245.623|-332.117 243.911|-330.362 283.507|-368.355 285.208|-368.446 283.085
66V 701 3 AV SW,-370.110 245.623|-332.117 243.911|-330.362 283.507|-368.355 285.208|-368.446 283.085
67V 701 3 AV SW,-370.110 245.623|-332.117 243.911|-330.362 283.507|-368.355 285.208|-368.446 283.085
68V 701 3 AV SW,-370.110 245.623|-332.117 243.911|-330.362 283.507|-368.355 285.208|-368.446 283.085
69V 701 3 AV SW,-370.110 245.623|-332.117 243.911|-330.362 283.507|-368.355 285.208|-368.446 283.085
70V 701 3 AV SW,-370.110 245.623|-332.117 243.911|-330.362 283.507|-368.355 285.208|-368.446 283.085
71V 701 3 AV SW,-370.110 245.623|-332.117 243.911|-330.362 283.507|-368.355 285.208|-368.446 283.085
72V 701 3 AV SW,-370.110 245.623|-332.117 243.911|-330.362 283.507|-368.355 285.208|-368.446 283.085
73V 701 3 AV SW,-370.110 245.623|-332.117 243.911|-330.362 283.507|-368.355 285.208|-368.446 283.085
74V 701 3 AV SW,-370.110 245.623|-332.117 243.911|-330.362 283.507|-368.355 285.208|-368.446 283.085
75V 701 3 AV SW,-370.110 245.623|-332.117 243.911|-330.362 283.507|-368.355 285.208|-368.446 283.085
76V 701 3 AV SW,-370.110 245.623|-332.117 243.911|-330.362 283.507|-368.355 285.208|-368.446 283.085
77V 701 3 AV SW,-370.110 245.623|-332.117 243.911|-330.362 283.507|-368.355 285.208|-368.446 283.085
78V 701 3 AV SW,-370.110 245.623|-332.117 243.911|-330.362 283.507|-368.355 285.208|-368.446 283.085
79V 701 3 AV SW,-370.110 245.623|-332.117 243.911|-330.362 283.507|-368.355 285.208|-368.446 283.085
80V 701 3 AV SW,-370.110 245.623|-332.117 243.911|-330.362 283.507|-368.355 285.208|-368.446 283.085
81V 701 3 AV SW,-370.110 245.623|-332.117 243.911|-330.362 283.507|-368.355 285.208|-368.446 283.085
82V 701 3 AV SW,-370.110 245.623|-332.117 243.911|-330.362 283.507|-368.355 285.208|-368.446 283.085
83V 701 3 AV SW,-370.110 245.623|-332.117 243.911|-330.362 283.507|-368.355 285.208|-368.446 283.085
84V 701 3 AV SW,-370.110 245.623|-332.117 243.911|-330.362 283.507|-368.355 285.208|-368.446 283.085
85V 701 3 AV SW,-370.110 245.623|-332.117 243.911|-330.362 283.507|-368.355 285.208|-368.446 283.085
86V 701 3 AV SW,-370.110 245.623|-332.117 243.911|-330.362 283.507|-368.355 285.208|-368.446 283.085
87V 701 3 AV SW,-370.110 245.623|-332.117 243.911|-330.362 283.507|-368.355 285.208|-368.446 283.085
88V 701 3 AV SW,-370.110 245.623|-332.117 243.911|-330.362 283.507|-368.355 285.208|-368.446 283.085
89V 701 3 AV SW,-370.110 245.623|-332.117 243.911|-330.362 283.507|-368.355 285.208|-368.446 283.085
90V 701 3 AV SW,-370.110 245.623|-332.117 243.911|-330.362 283.507|-368.355 285.208|-368.446 283.085
91V 701 3 AV SW,-370.110 245.623|-332.117 243.911|-330.362 283.507|-368.355 285.208|-368.446 283.085
92V 701 3 AV SW,-370.110 245.623|-332.117 243.911|-330.362 283.507|-368.355 285.208|-368.446 283.085
93V 701 3 AV SW,-370.110 245.623|-332.117 243.911|-330.362 283.507|-368.355 285.208|-368.446 283.085
94V 701 3 AV SW,-370.110 245.623|-332.117 243.911|-330.362 283.507|-368.355 285.208|-368.446 283.085
95V 701 3 AV SW,-370.110 245.623|-332.117 243.911|-330.362 283.507|-368.355 285.208|-368.446 283.085
96V 701 3 AV SW,-370.110 245.623|-332.117 243.911|-330.362 283.507|-368.355 285.208|-368.446 283.085
97V 701 3 AV SW,-370.110 245.623|-332.117 243.911|-330.362 283.507|-368.355 285.208|-368.446 283.085
98V 701 3 AV SW,-370.110 245.623|-332.117 243.911|-330.362 283.507|-368.355 285.208|-368.446 283.085
99V 701 3 AV SW,-370.110 245.623|-332.117 243.911|-330.362 283.507|-368.355 285.208|-368.446 283.085
100V 701 3 AV SW,-370.110 245.623|-332.117 243.911|-330.362 283.507|-368.355 285.208|-368.446 283.085
101V 701 3 AV SW,-370.110 245.623|-332.117 243.911|-330.362 283.507|-368.355 285.208|-368.446 283.085
102V 701 3 AV SW,-370.110 245.623|-332.117 243.911|-330.362 283.507|-368.355 285.208|-368.446 283.085
103V 701 3 AV SW,-370.110 245.623|-332.117 243.911|-330.362 283.507|-368.355 285.208|-368.446 283.085
104V 701 3 AV SW,-370.110 245.623|-332.117 243.911|-330.362 283.507|-368.355 285.208|-368.446 283.085
105V 701 3 AV SW,-370.110 245.623|-332.117 243.911|-330.362 283.507|-368.355 285.208|-368.446 283.085
106V 701 3 AV SW,-370.110 245.623|-332.117 243.911|-330.362 283.507|-368.355 285.208|-368.446 283.085
107V 701 3 AV SW,-370.110 245.623|-332.117 243.911|-330.362 283.507|-368.355 285.208|-368.446 283.085
108V 701 3 AV SW,-370.110 245.623|-332.117 243.911|-330.362 283.507|-368.355 285.208|-368.446 283.085
109V 701 3 AV SW,-370.110 245.623|-332.117 243.911|-330.362 283.507|-368.355 285.208|-368.446 283.085
110V 701 3 AV SW,-370.110 245.623|-332.117 243.911|-330.362 283.507|-368.355 285.208|-368.446 283.085
111V 701 3 AV SW,-370.110 245.623|-332.117 243.911|-330.362 283.507|-368.355 285.208|-368.446 283.085
112V 701 3 AV SW,-370.110 245.623|-332.117 243.911|-330.362 283.507|-368.355 285.208|-368.446 283.085
113V 701 3 AV SW,-370.110 245.623|-332.117 243.911|-330.362 283.507|-368.355 285.208|-368.446 283.085
114V 701 3 AV SW,-370.110 245.623|-332.117 243.911|-330.362 283.507|-368.355 285.208|-368.446 283.085
115V 701 3 AV SW,-370.110 245.623|-332.117 243.911|-330.362 283.507|-368.355 285.208|-368.446 283.085
116V 701 3 AV SW,-370.110 245.623|-332.117 243.911|-330.362 283.507|-368.355 285.208|-368.446 283.085
117V 701 3 AV SW,-370.110 245.623|-332.117 243.911|-330.362 283.507|-368.355 285.208|-368.446 283.085
118V 701 3 AV SW,-370.110 245.623|-332.117 243.911|-330.362 283.507|-368.355 285.208|-368.446 283.085
119V 701 3 AV SW,-370.110 245.623|-332.117 243.911|-330.362 283.507|-368.355 285.208|-368.446 283.085
120V 701 3 AV SW,-370.110 245.623|-332.117 243.911|-330.362 283.507|-368.355 285.208|-368.446 283.085
121V 701 3 AV SW,-370.110 245.623|-332.117 243.911|-330.362 283.507|-368.355 285.208|-368.446 283.085
122V 701 3 AV SW,-370.110 245.623|-332.117 243.911|-330.362 283.507|-368.355 285.208|-368.446 283.085
123V 701 3 AV SW,-370.110 245.623|-332.117 243.911|-330.362 283.507|-368.355 285.208|-368.446 283.085
124V 701 3 AV SW,-370.110 245.623|-332.117 243.911|-330.362 283.507|-368.355 285.208|-368.446 283.085
125V 701 3 AV SW,-370.110 245.623|-332.117 243.911|-330.362 283.507|-368.355 285.208|-368.446 283.085
126V 701 3 AV SW,-370.110 245.623|-332.117 243.911|-330.362 283.507|-368.355 285.208|-368.446 283.085
127V 701 3 AV SW,-370.110 245.623|-332.117 243.911|-330.362 283.507|-368.355 285.208|-368.446 283.085
128S 701 3 AV SW,-370.110 245.623|-332.117 243.911|-330.362 283.507|-368.355 285.208|-368.446 283.085
129S 701 3 AV SW,-370.110 245.623|-332.117 243.911|-330.362 283.507|-368.355 285.208|-368.446 283.085
130S 701 3 AV SW,-370.110 245.623|-332.117 243.911|-330.362 283.507|-368.355 285.208|-368.446 283.085
131S 701 3 AV SW,-370.110 245.623|-332.117 243.911|-330.362 283.507|-368.355 285.208|-368.446 283.085
132S 701 3 AV SW,-370.110 245.623|-332.117 243.911|-330.362 283.507|-368.355 285.208|-368.446 283.085
133S 701 3 AV SW,-370.110 245.623|-332.117 243.911|-330.362 283.507|-368.355 285.208|-368.446 283.085
134S 701 3 AV SW,-370.110 245.623|-332.117 243.911|-330.362 283.507|-368.355 285.208|-368.446 283.085
135S 701 3 AV SW,-370.110 245.623|-332.117 243.911|-330.362 283.507|-368.355 285.208|-368.446 283.085
136S 701 3 AV SW,-370.110 245.623|-332.117 243.911|-330.362 283.507|-368.355 285.208|-368.446 283.085
137S 701 3 AV SW,-370.110 245.623|-332.117 243.911|-330.362 283.507|-368.355 285.208|-368.446 283.085
138S 701 3 AV SW,-370.110 245.623|-332.117 243.911|-330.362 283.507|-368.355 285.208|-368.446 283.085
139S 701 3 AV SW,-370.110 245.623|-332.117 243.911|-330.362 283.507|-368.355 285.208|-368.446 283.085
140S 701 3 AV SW,-370.110 245.623|-332.117 243.911|-330.362 283.507|-368.355 285.208|-368.446 283.085
141S 701 3 AV SW,-370.110 245.623|-332.117 243.911|-330.362 283.507|-368.355 285.208|-368.446 283.085
142S 701 3 AV SW,-370.110 245.623|-332.117 243.911|-330.362 283.507|-368.355 285.208|-368.446 283.085
143S 701 3 AV SW,-370.110 245.623|-332.117 243.911|-330.362 283.507|-368.355 285.208|-368.446 283.085
144S 701 3 AV SW,-370.110 245.623|-332.117 243.911|-330.362 283.507|-368.355 285.208|-368.446 283.085
145S 701 3 AV SW,-370.110 245.623|-332.117 243.911|-330.362 283.507|-368.355 285.208|-368.446 283.085
146S 701 3 AV SW,-370.110 245.623|-332.117 243.911|-330.362 283.507|-368.355 285.208|-368.446 283.085
147S 701 3 AV SW,-370.110 245.623|-332.117 243.911|-330.362 283.507|-368.355 285.208|-368.446 283.085
148S 701 3 AV SW,-370.110 245.623|-332.117 243.911|-330.362 283.507|-368.355 285.208|-368.446 283.085
149S 701 3 AV SW,-370.110 245.623|-332.117 243.911|-330.362 283.507|-368.355 285.208|-368.446 283.085
150S 701 3 AV SW,-370.110 245.623|-332.117 243.911|-330.362 283.507|-368.355 285.208|-368.446 283.085
151S 701 3 AV SW,-370.110 245.623|-332.117 243.911|-330.362 283.507|-368.355 285.208|-368.446 283.085
152S 701 3 AV SW,-370.110 245.623|-332.117 243.911|-330.362 283.507|-368.355 285.208|-368.446 283.085
153S 701 3 AV SW,-370.110 245.623|-332.117 243.911|-330.362 283.507|-368.355 285.208|-368.446 283.085
154S 701 3 AV SW,-370.110 245.623|-332.117 243.911|-330.362 283.507|-368.355 285.208|-368.446 283.085
155S 701 3 AV SW,-370.110 245.623|-332.117 243.911|-330.362 283.507|-368.355 285.208|-368.446 283.085
156S 701 3 AV SW,-370.110 245.623|-332.117 243.911|-330.362 283.507|-368.355 285.208|-368.446 283.085
157S 701 3 AV SW,-370.110 245.623|-332.117 243.911|-330.362 283.507|-368.355 285.208|-368.446 283.085
872 4 AV SW,-580.355 248.937|-617.468 250.604|-617.685 244.567|-617.880 244.578|-618.454 229.122|-612.071 228.877|-612.204 225.385|-612.316 223.184|-616.196 223.384|-616.510 217.368|-614.420 217.268|-614.644 212.921|-582.012 211.464
226V 888 4 AV SW,-612.204 225.385|-629.373 226.142|-629.051 233.336|-633.085 233.514|-632.973 236.005|-641.229 236.372|-641.585 228.321|-655.244 228.933|-655.741 217.757|-652.889 214.622|-614.644 212.921|-614.420 217.268|-616.510 217.368|-616.196 223.384|-612.316 223.184
227V 888 4 AV SW,-612.204 225.385|-629.373 226.142|-629.051 233.336|-633.085 233.514|-632.973 236.005|-641.229 236.372|-641.585 228.321|-655.244 228.933|-655.741 217.757|-652.889 214.622|-614.644 212.921|-614.420 217.268|-616.510 217.368|-616.196 223.384|-612.316 223.184
228V 888 4 AV SW,-612.204 225.385|-629.373 226.142|-629.051 233.336|-633.085 233.514|-632.973 236.005|-641.229 236.372|-641.585 228.321|-655.244 228.933|-655.741 217.757|-652.889 214.622|-614.644 212.921|-614.420 217.268|-616.510 217.368|-616.196 223.384|-612.316 223.184
229V 888 4 AV SW,-612.204 225.385|-629.373 226.142|-629.051 233.336|-633.085 233.514|-632.973 236.005|-641.229 236.372|-641.585 228.321|-655.244 228.933|-655.741 217.757|-652.889 214.622|-614.644 212.921|-614.420 217.268|-616.510 217.368|-616.196 223.384|-612.316 223.184
230V 888 4 AV SW,-612.204 225.385|-629.373 226.142|-629.051 233.336|-633.085 233.514|-632.973 236.005|-641.229 236.372|-641.585 228.321|-655.244 228.933|-655.741 217.757|-652.889 214.622|-614.644 212.921|-614.420 217.268|-616.510 217.368|-616.196 223.384|-612.316 223.184
231V 888 4 AV SW,-612.204 225.385|-629.373 226.142|-629.051 233.336|-633.085 233.514|-632.973 236.005|-641.229 236.372|-641.585 228.321|-655.244 228.933|-655.741 217.757|-652.889 214.622|-614.644 212.921|-614.420 217.268|-616.510 217.368|-616.196 223.384|-612.316 223.184
232V 888 4 AV SW,-612.204 225.385|-629.373 226.142|-629.051 233.336|-633.085 233.514|-632.973 236.005|-641.229 236.372|-641.585 228.321|-655.244 228.933|-655.741 217.757|-652.889 214.622|-614.644 212.921|-614.420 217.268|-616.510 217.368|-616.196 223.384|-612.316 223.184
233V 888 4 AV SW,-612.204 225.385|-629.373 226.142|-629.051 233.336|-633.085 233.514|-632.973 236.005|-641.229 236.372|-641.585 228.321|-655.244 228.933|-655.741 217.757|-652.889 214.622|-614.644 212.921|-614.420 217.268|-616.510 217.368|-616.196 223.384|-612.316 223.184
234V 888 4 AV SW,-612.204 225.385|-629.373 226.142|-629.051 233.336|-633.085 233.514|-632.973 236.005|-641.229 236.372|-641.585 228.321|-655.244 228.933|-655.741 217.757|-652.889 214.622|-614.644 212.921|-614.420 217.268|-616.510 217.368|-616.196 223.384|-612.316 223.184
235V 888 4 AV SW,-612.204 225.385|-629.373 226.142|-629.051 233.336|-633.085 233.514|-632.973 236.005|-641.229 236.372|-641.585 228.321|-655.244 228.933|-655.741 217.757|-652.889 214.622|-614.644 212.921|-614.420 217.268|-616.510 217.368|-616.196 223.384|-612.316 223.184
236V 888 4 AV SW,-612.204 225.385|-629.373 226.142|-629.051 233.336|-633.085 233.514|-632.973 236.005|-641.229 236.372|-641.585 228.321|-655.244 228.933|-655.741 217.757|-652.889 214.622|-614.644 212.921|-614.420 217.268|-616.510 217.368|-616.196 223.384|-612.316 223.184
237V 888 4 AV SW,-612.204 225.385|-629.373 226.142|-629.051 233.336|-633.085 233.514|-632.973 236.005|-641.229 236.372|-641.585 228.321|-655.244 228.933|-655.741 217.757|-652.889 214.622|-614.644 212.921|-614.420 217.268|-616.510 217.368|-616.196 223.384|-612.316 223.184
238V 888 4 AV SW,-612.204 225.385|-629.373 226.142|-629.051 233.336|-633.085 233.514|-632.973 236.005|-641.229 236.372|-641.585 228.321|-655.244 228.933|-655.741 217.757|-652.889 214.622|-614.644 212.921|-614.420 217.268|-616.510 217.368|-616.196 223.384|-612.316 223.184
239V 888 4 AV SW,-612.204 225.385|-629.373 226.142|-629.051 233.336|-633.085 233.514|-632.973 236.005|-641.229 236.372|-641.585 228.321|-655.244 228.933|-655.741 217.757|-652.889 214.622|-614.644 212.921|-614.420 217.268|-616.510 217.368|-616.196 223.384|-612.316 223.184
241V 888 4 AV SW,-612.204 225.385|-629.373 226.142|-629.051 233.336|-633.085 233.514|-632.973 236.005|-641.229 236.372|-641.585 228.321|-655.244 228.933|-655.741 217.757|-652.889 214.622|-614.644 212.921|-614.420 217.268|-616.510 217.368|-616.196 223.384|-612.316 223.184
242V 888 4 AV SW,-612.204 225.385|-629.373 226.142|-629.051 233.336|-633.085 233.514|-632.973 236.005|-641.229 236.372|-641.585 228.321|-655.244 228.933|-655.741 217.757|-652.889 214.622|-614.644 212.921|-614.420 217.268|-616.510 217.368|-616.196 223.384|-612.316 223.184
243V 888 4 AV SW,-612.204 225.385|-629.373 226.142|-629.051 233.336|-633.085 233.514|-632.973 236.005|-641.229 236.372|-641.585 228.321|-655.244 228.933|-655.741 217.757|-652.889 214.622|-614.644 212.921|-614.420 217.268|-616.510 217.368|-616.196 223.384|-612.316 223.184
244V 888 4 AV SW,-612.204 225.385|-629.373 226.142|-629.051 233.336|-633.085 233.514|-632.973 236.005|-641.229 236.372|-641.585 228.321|-655.244 228.933|-655.741 217.757|-652.889 214.622|-614.644 212.921|-614.420 217.268|-616.510 217.368|-616.196 223.384|-612.316 223.184
245V 888 4 AV SW,-612.204 225.385|-629.373 226.142|-629.051 233.336|-633.085 233.514|-632.973 236.005|-641.229 236.372|-641.585 228.321|-655.244 228.933|-655.741 217.757|-652.889 214.622|-614.644 212.921|-614.420 217.268|-616.510 217.368|-616.196 223.384|-612.316 223.184
246V 888 4 AV SW,-612.204 225.385|-629.373 226.142|-629.051 233.336|-633.085 233.514|-632.973 236.005|-641.229 236.372|-641.585 228.321|-655.244 228.933|-655.741 217.757|-652.889 214.622|-614.644 212.921|-614.420 217.268|-616.510 217.368|-616.196 223.384|-612.316 223.184
247V 888 4 AV SW,-612.204 225.385|-629.373 226.142|-629.051 233.336|-633.085 233.514|-632.973 236.005|-641.229 236.372|-641.585 228.321|-655.244 228.933|-655.741 217.757|-652.889 214.622|-614.644 212.921|-614.420 217.268|-616.510 217.368|-616.196 223.384|-612.316 223.184
248V 888 4 AV SW,-612.204 225.385|-629.373 226.142|-629.051 233.336|-633.085 233.514|-632.973 236.005|-641.229 236.372|-641.585 228.321|-655.244 228.933|-655.741 217.757|-652.889 214.622|-614.644 212.921|-614.420 217.268|-616.510 217.368|-616.196 223.384|-612.316 223.184
249V 888 4 AV SW,-612.204 225.385|-629.373 226.142|-629.051 233.336|-633.085 233.514|-632.973 236.005|-641.229 236.372|-641.585 228.321|-655.244 228.933|-655.741 217.757|-652.889 214.622|-614.644 212.921|-614.420 217.268|-616.510 217.368|-616.196 223.384|-612.316 223.184
250V 888 4 AV SW,-612.204 225.385|-629.373 226.142|-629.051 233.336|-633.085 233.514|-632.973 236.005|-641.229 236.372|-641.585 228.321|-655.244 228.933|-655.741 217.757|-652.889 214.622|-614.644 212.921|-614.420 217.268|-616.510 217.368|-616.196 223.384|-612.316 223.184
251V 888 4 AV SW,-612.204 225.385|-629.373 226.142|-629.051 233.336|-633.085 233.514|-632.973 236.005|-641.229 236.372|-641.585 228.321|-655.244 228.933|-655.741 217.757|-652.889 214.622|-614.644 212.921|-614.420 217.268|-616.510 217.368|-616.196 223.384|-612.316 223.184
252V 888 4 AV SW,-612.204 225.385|-629.373 226.142|-629.051 233.336|-633.085 233.514|-632.973 236.005|-641.229 236.372|-641.585 228.321|-655.244 228.933|-655.741 217.757|-652.889 214.622|-614.644 212.921|-614.420 217.268|-616.510 217.368|-616.196 223.384|-612.316 223.184
253V 888 4 AV SW,-612.204 225.385|-629.373 226.142|-629.051 233.336|-633.085 233.514|-632.973 236.005|-641.229 236.372|-641.585 228.321|-655.244 228.933|-655.741 217.757|-652.889 214.622|-614.644 212.921|-614.420 217.268|-616.510 217.368|-616.196 223.384|-612.316 223.184
254V 888 4 AV SW,-612.204 225.385|-629.373 226.142|-629.051 233.336|-633.085 233.514|-632.973 236.005|-641.229 236.372|-641.585 228.321|-655.244 228.933|-655.741 217.757|-652.889 214.622|-614.644 212.921|-614.420 217.268|-616.510 217.368|-616.196 223.384|-612.316 223.184
255V 888 4 AV SW,-612.204 225.385|-629.373 226.142|-629.051 233.336|-633.085 233.514|-632.973 236.005|-641.229 236.372|-641.585 228.321|-655.244 228.933|-655.741 217.757|-652.889 214.622|-614.644 212.921|-614.420 217.268|-616.510 217.368|-616.196 223.384|-612.316 223.184
256V 888 4 AV SW,-612.204 225.385|-629.373 226.142|-629.051 233.336|-633.085 233.514|-632.973 236.005|-641.229 236.372|-641.585 228.321|-655.244 228.933|-655.741 217.757|-652.889 214.622|-614.644 212.921|-614.420 217.268|-616.510 217.368|-616.196 223.384|-612.316 223.184
257V 888 4 AV SW,-612.204 225.385|-629.373 226.142|-629.051 233.336|-633.085 233.514|-632.973 236.005|-641.229 236.372|-641.585 228.321|-655.244 228.933|-655.741 217.757|-652.889 214.622|-614.644 212.921|-614.420 217.268|-616.510 217.368|-616.196 223.384|-612.316 223.184
258V 888 4 AV SW,-612.204 225.385|-629.373 226.142|-629.051 233.336|-633.085 233.514|-632.973 236.005|-641.229 236.372|-641.585 228.321|-655.244 228.933|-655.741 217.757|-652.889 214.622|-614.644 212.921|-614.420 217.268|-616.510 217.368|-616.196 223.384|-612.316 223.184
259V 888 4 AV SW,-612.204 225.385|-629.373 226.142|-629.051 233.336|-633.085 233.514|-632.973 236.005|-641.229 236.372|-641.585 228.321|-655.244 228.933|-655.741 217.757|-652.889 214.622|-614.644 212.921|-614.420 217.268|-616.510 217.368|-616.196 223.384|-612.316 223.184
260V 888 4 AV SW,-612.204 225.385|-629.373 226.142|-629.051 233.336|-633.085 233.514|-632.973 236.005|-641.229 236.372|-641.585 228.321|-655.244 228.933|-655.741 217.757|-652.889 214.622|-614.644 212.921|-614.420 217.268|-616.510 217.368|-616.196 223.384|-612.316 223.184
261V 888 4 AV SW,-612.204 225.385|-629.373 226.142|-629.051 233.336|-633.085 233.514|-632.973 236.005|-641.229 236.372|-641.585 228.321|-655.244 228.933|-655.741 217.757|-652.889 214.622|-614.644 212.921|-614.420 217.268|-616.510 217.368|-616.196 223.384|-612.316 223.184
262V 888 4 AV SW,-612.204 225.385|-629.373 226.142|-629.051 233.336|-633.085 233.514|-632.973 236.005|-641.229 236.372|-641.585 228.321|-655.244 228.933|-655.741 217.757|-652.889 214.622|-614.644 212.921|-614.420 217.268|-616.510 217.368|-616.196 223.384|-612.316 223.184
263V 888 4 AV SW,-612.204 225.385|-629.373 226.142|-629.051 233.336|-633.085 233.514|-632.973 236.005|-641.229 236.372|-641.585 228.321|-655.244 228.933|-655.741 217.757|-652.889 214.622|-614.644 212.921|-614.420 217.268|-616.510 217.368|-616.196 223.384|-612.316 223.184
264V 888 4 AV SW,-612.204 225.385|-629.373 226.142|-629.051 233.336|-633.085 233.514|-632.973 236.005|-641.229 236.372|-641.585 228.321|-655.244 228.933|-655.741 217.757|-652.889 214.622|-614.644 212.921|-614.420 217.268|-616.510 217.368|-616.196 223.384|-612.316 223.184
265V 888 4 AV SW,-612.204 225.385|-629.373 226.142|-629.051 233.336|-633.085 233.514|-632.973 236.005|-641.229 236.372|-641.585 228.321|-655.244 228.933|-655.741 217.757|-652.889 214.622|-614.644 212.921|-614.420 217.268|-616.510 217.368|-616.196 223.384|-612.316 223.184
266V 888 4 AV SW,-612.204 225.385|-629.373 226.142|-629.051 233.336|-633.085 233.514|-632.973 236.005|-641.229 236.372|-641.585 228.321|-655.244 228.933|-655.741 217.757|-652.889 214.622|-614.644 212.921|-614.420 217.268|-616.510 217.368|-616.196 223.384|-612.316 223.184
267V 888 4 AV SW,-612.204 225.385|-629.373 226.142|-629.051 233.336|-633.085 233.514|-632.973 236.005|-641.229 236.372|-641.585 228.321|-655.244 228.933|-655.741 217.757|-652.889 214.622|-614.644 212.921|-614.420 217.268|-616.510 217.368|-616.196 223.384|-612.316 223.184
268V 888 4 AV SW,-612.204 225.385|-629.373 226.142|-629.051 233.336|-633.085 233.514|-632.973 236.005|-641.229 236.372|-641.585 228.321|-655.244 228.933|-655.741 217.757|-652.889 214.622|-614.644 212.921|-614.420 217.268|-616.510 217.368|-616.196 223.384|-612.316 223.184
269V 888 4 AV SW,-612.204 225.385|-629.373 226.142|-629.051 233.336|-633.085 233.514|-632.973 236.005|-641.229 236.372|-641.585 228.321|-655.244 228.933|-655.741 217.757|-652.889 214.622|-614.644 212.921|-614.420 217.268|-616.510 217.368|-616.196 223.384|-612.316 223.184
270V 888 4 AV SW,-612.204 225.385|-629.373 226.142|-629.051 233.336|-633.085 233.514|-632.973 236.005|-641.229 236.372|-641.585 228.321|-655.244 228.933|-655.741 217.757|-652.889 214.622|-614.644 212.921|-614.420 217.268|-616.510 217.368|-616.196 223.384|-612.316 223.184
271V 888 4 AV SW,-612.204 225.385|-629.373 226.142|-629.051 233.336|-633.085 233.514|-632.973 236.005|-641.229 236.372|-641.585 228.321|-655.244 228.933|-655.741 217.757|-652.889 214.622|-614.644 212.921|-614.420 217.268|-616.510 217.368|-616.196 223.384|-612.316 223.184
272V 888 4 AV SW,-612.204 225.385|-629.373 226.142|-629.051 233.336|-633.085 233.514|-632.973 236.005|-641.229 236.372|-641.585 228.321|-655.244 228.933|-655.741 217.757|-652.889 214.622|-614.644 212.921|-614.420 217.268|-616.510 217.368|-616.196 223.384|-612.316 223.184
273V 888 4 AV SW,-612.204 225.385|-629.373 226.142|-629.051 233.336|-633.085 233.514|-632.973 236.005|-641.229 236.372|-641.585 228.321|-655.244 228.933|-655.741 217.757|-652.889 214.622|-614.644 212.921|-614.420 217.268|-616.510 217.368|-616.196 223.384|-612.316 223.184
274V 888 4 AV SW,-612.204 225.385|-629.373 226.142|-629.051 233.336|-633.085 233.514|-632.973 236.005|-641.229 236.372|-641.585 228.321|-655.244 228.933|-655.741 217.757|-652.889 214.622|-614.644 212.921|-614.420 217.268|-616.510 217.368|-616.196 223.384|-612.316 223.184
275V 888 4 AV SW,-612.204 225.385|-629.373 226.142|-629.051 233.336|-633.085 233.514|-632.973 236.005|-641.229 236.372|-641.585 228.321|-655.244 228.933|-655.741 217.757|-652.889 214.622|-614.644 212.921|-614.420 217.268|-616.510 217.368|-616.196 223.384|-612.316 223.184
276V 888 4 AV SW,-612.204 225.385|-629.373 226.142|-629.051 233.336|-633.085 233.514|-632.973 236.005|-641.229 236.372|-641.585 228.321|-655.244 228.933|-655.741 217.757|-652.889 214.622|-614.644 212.921|-614.420 217.268|-616.510 217.368|-616.196 223.384|-612.316 223.184
277V 888 4 AV SW,-612.204 225.385|-629.373 226.142|-629.051 233.336|-633.085 233.514|-632.973 236.005|-641.229 236.372|-641.585 228.321|-655.244 228.933|-655.741 217.757|-652.889 214.622|-614.644 212.921|-614.420 217.268|-616.510 217.368|-616.196 223.384|-612.316 223.184
279V 888 4 AV SW,-612.204 225.385|-629.373 226.142|-629.051 233.336|-633.085 233.514|-632.973 236.005|-641.229 236.372|-641.585 228.321|-655.244 228.933|-655.741 217.757|-652.889 214.622|-614.644 212.921|-614.420 217.268|-616.510 217.368|-616.196 223.384|-612.316 223.184
280V 888 4 AV SW,-612.204 225.385|-629.373 226.142|-629.051 233.336|-633.085 233.514|-632.973 236.005|-641.229 236.372|-641.585 228.321|-655.244 228.933|-655.741 217.757|-652.889 214.622|-614.644 212.921|-614.420 217.268|-616.510 217.368|-616.196 223.384|-612.316 223.184
281V 888 4 AV SW,-612.204 225.385|-629.373 226.142|-629.051 233.336|-633.085 233.514|-632.973 236.005|-641.229 236.372|-641.585 228.321|-655.244 228.933|-655.741 217.757|-652.889 214.622|-614.644 212.921|-614.420 217.268|-616.510 217.368|-616.196 223.384|-612.316 223.184
282V 888 4 AV SW,-612.204 225.385|-629.373 226.142|-629.051 233.336|-633.085 233.514|-632.973 236.005|-641.229 236.372|-641.585 228.321|-655.244 228.933|-655.741 217.757|-652.889 214.622|-614.644 212.921|-614.420 217.268|-616.510 217.368|-616.196 223.384|-612.316 223.184
304V 888 4 AV SW,-612.204 225.385|-629.373 226.142|-629.051 233.336|-633.085 233.514|-632.973 236.005|-641.229 236.372|-641.585 228.321|-655.244 228.933|-655.741 217.757|-652.889 214.622|-614.644 212.921|-614.420 217.268|-616.510 217.368|-616.196 223.384|-612.316 223.184
283V 888 4 AV SW,-612.204 225.385|-629.373 226.142|-629.051 233.336|-633.085 233.514|-632.973 236.005|-641.229 236.372|-641.585 228.321|-655.244 228.933|-655.741 217.757|-652.889 214.622|-614.644 212.921|-614.420 217.268|-616.510 217.368|-616.196 223.384|-612.316 223.184
284V 888 4 AV SW,-612.204 225.385|-629.373 226.142|-629.051 233.336|-633.085 233.514|-632.973 236.005|-641.229 236.372|-641.585 228.321|-655.244 228.933|-655.741 217.757|-652.889 214.622|-614.644 212.921|-614.420 217.268|-616.510 217.368|-616.196 223.384|-612.316 223.184
285V 888 4 AV SW,-612.204 225.385|-629.373 226.142|-629.051 233.336|-633.085 233.514|-632.973 236.005|-641.229 236.372|-641.585 228.321|-655.244 228.933|-655.741 217.757|-652.889 214.622|-614.644 212.921|-614.420 217.268|-616.510 217.368|-616.196 223.384|-612.316 223.184
286V 888 4 AV SW,-612.204 225.385|-629.373 226.142|-629.051 233.336|-633.085 233.514|-632.973 236.005|-641.229 236.372|-641.585 228.321|-655.244 228.933|-655.741 217.757|-652.889 214.622|-614.644 212.921|-614.420 217.268|-616.510 217.368|-616.196 223.384|-612.316 223.184
287V 888 4 AV SW,-612.204 225.385|-629.373 226.142|-629.051 233.336|-633.085 233.514|-632.973 236.005|-641.229 236.372|-641.585 228.321|-655.244 228.933|-655.741 217.757|-652.889 214.622|-614.644 212.921|-614.420 217.268|-616.510 217.368|-616.196 223.384|-612.316 223.184
288V 888 4 AV SW,-612.204 225.385|-629.373 226.142|-629.051 233.336|-633.085 233.514|-632.973 236.005|-641.229 236.372|-641.585 228.321|-655.244 228.933|-655.741 217.757|-652.889 214.622|-614.644 212.921|-614.420 217.268|-616.510 217.368|-616.196 223.384|-612.316 223.184
290V 888 4 AV SW,-612.204 225.385|-629.373 226.142|-629.051 233.336|-633.085 233.514|-632.973 236.005|-641.229 236.372|-641.585 228.321|-655.244 228.933|-655.741 217.757|-652.889 214.622|-614.644 212.921|-614.420 217.268|-616.510 217.368|-616.196 223.384|-612.316 223.184
291V 888 4 AV SW,-612.204 225.385|-629.373 226.142|-629.051 233.336|-633.085 233.514|-632.973 236.005|-641.229 236.372|-641.585 228.321|-655.244 228.933|-655.741 217.757|-652.889 214.622|-614.644 212.921|-614.420 217.268|-616.510 217.368|-616.196 223.384|-612.316 223.184
292V 888 4 AV SW,-612.204 225.385|-629.373 226.142|-629.051 233.336|-633.085 233.514|-632.973 236.005|-641.229 236.372|-641.585 228.321|-655.244 228.933|-655.741 217.757|-652.889 214.622|-614.644 212.921|-614.420 217.268|-616.510 217.368|-616.196 223.384|-612.316 223.184
293V 888 4 AV SW,-612.204 225.385|-629.373 226.142|-629.051 233.336|-633.085 233.514|-632.973 236.005|-641.229 236.372|-641.585 228.321|-655.244 228.933|-655.741 217.757|-652.889 214.622|-614.644 212.921|-614.420 217.268|-616.510 217.368|-616.196 223.384|-612.316 223.184
294V 888 4 AV SW,-612.204 225.385|-629.373 226.142|-629.051 233.336|-633.085 233.514|-632.973 236.005|-641.229 236.372|-641.585 228.321|-655.244 228.933|-655.741 217.757|-652.889 214.622|-614.644 212.921|-614.420 217.268|-616.510 217.368|-616.196 223.384|-612.316 223.184
295V 888 4 AV SW,-612.204 225.385|-629.373 226.142|-629.051 233.336|-633.085 233.514|-632.973 236.005|-641.229 236.372|-641.585 228.321|-655.244 228.933|-655.741 217.757|-652.889 214.622|-614.644 212.921|-614.420 217.268|-616.510 217.368|-616.196 223.384|-612.316 223.184
296V 888 4 AV SW,-612.204 225.385|-629.373 226.142|-629.051 233.336|-633.085 233.514|-632.973 236.005|-641.229 236.372|-641.585 228.321|-655.244 228.933|-655.741 217.757|-652.889 214.622|-614.644 212.921|-614.420 217.268|-616.510 217.368|-616.196 223.384|-612.316 223.184
297V 888 4 AV SW,-612.204 225.385|-629.373 226.142|-629.051 233.336|-633.085 233.514|-632.973 236.005|-641.229 236.372|-641.585 228.321|-655.244 228.933|-655.741 217.757|-652.889 214.622|-614.644 212.921|-614.420 217.268|-616.510 217.368|-616.196 223.384|-612.316 223.184
298V 888 4 AV SW,-612.204 225.385|-629.373 226.142|-629.051 233.336|-633.085 233.514|-632.973 236.005|-641.229 236.372|-641.585 228.321|-655.244 228.933|-655.741 217.757|-652.889 214.622|-614.644 212.921|-614.420 217.268|-616.510 217.368|-616.196 223.384|-612.316 223.184
299V 888 4 AV SW,-612.204 225.385|-629.373 226.142|-629.051 233.336|-633.085 233.514|-632.973 236.005|-641.229 236.372|-641.585 228.321|-655.244 228.933|-655.741 217.757|-652.889 214.622|-614.644 212.921|-614.420 217.268|-616.510 217.368|-616.196 223.384|-612.316 223.184
300V 888 4 AV SW,-612.204 225.385|-629.373 226.142|-629.051 233.336|-633.085 233.514|-632.973 236.005|-641.229 236.372|-641.585 228.321|-655.244 228.933|-655.741 217.757|-652.889 214.622|-614.644 212.921|-614.420 217.268|-616.510 217.368|-616.196 223.384|-612.316 223.184
301V 888 4 AV SW,-612.204 225.385|-629.373 226.142|-629.051 233.336|-633.085 233.514|-632.973 236.005|-641.229 236.372|-641.585 228.321|-655.244 228.933|-655.741 217.757|-652.889 214.622|-614.644 212.921|-614.420 217.268|-616.510 217.368|-616.196 223.384|-612.316 223.184
302V 888 4 AV SW,-612.204 225.385|-629.373 226.142|-629.051 233.336|-633.085 233.514|-632.973 236.005|-641.229 236.372|-641.585 228.321|-655.244 228.933|-655.741 217.757|-652.889 214.622|-614.644 212.921|-614.420 217.268|-616.510 217.368|-616.196 223.384|-612.316 223.184
303V 888 4 AV SW,-612.204 225.385|-629.373 226.142|-629.051 233.336|-633.085 233.514|-632.973 236.005|-641.229 236.372|-641.585 228.321|-655.244 228.933|-655.741 217.757|-652.889 214.622|-614.644 212.921|-614.420 217.268|-616.510 217.368|-616.196 223.384|-612.316 223.184
305V 888 4 AV SW,-612.204 225.385|-629.373 226.142|-629.051 233.336|-633.085 233.514|-632.973 236.005|-641.229 236.372|-641.585 228.321|-655.244 228.933|-655.741 217.757|-652.889 214.622|-614.644 212.921|-614.420 217.268|-616.510 217.368|-616.196 223.384|-612.316 223.184
306V 888 4 AV SW,-612.204 225.385|-629.373 226.142|-629.051 233.336|-633.085 233.514|-632.973 236.005|-641.229 236.372|-641.585 228.321|-655.244 228.933|-655.741 217.757|-652.889 214.622|-614.644 212.921|-614.420 217.268|-616.510 217.368|-616.196 223.384|-612.316 223.184
307V 888 4 AV SW,-612.204 225.385|-629.373 226.142|-629.051 233.336|-633.085 233.514|-632.973 236.005|-641.229 236.372|-641.585 228.321|-655.244 228.933|-655.741 217.757|-652.889 214.622|-614.644 212.921|-614.420 217.268|-616.510 217.368|-616.196 223.384|-612.316 223.184
308V 888 4 AV SW,-612.204 225.385|-629.373 226.142|-629.051 233.336|-633.085 233.514|-632.973 236.005|-641.229 236.372|-641.585 228.321|-655.244 228.933|-655.741 217.757|-652.889 214.622|-614.644 212.921|-614.420 217.268|-616.510 217.368|-616.196 223.384|-612.316 223.184
309V 888 4 AV SW,-612.204 225.385|-629.373 226.142|-629.051 233.336|-633.085 233.514|-632.973 236.005|-641.229 236.372|-641.585 228.321|-655.244 228.933|-655.741 217.757|-652.889 214.622|-614.644 212.921|-614.420 217.268|-616.510 217.368|-616.196 223.384|-612.316 223.184
310V 888 4 AV SW,-612.204 225.385|-629.373 226.142|-629.051 233.336|-633.085 233.514|-632.973 236.005|-641.229 236.372|-641.585 228.321|-655.244 228.933|-655.741 217.757|-652.889 214.622|-614.644 212.921|-614.420 217.268|-616.510 217.368|-616.196 223.384|-612.316 223.184
303 888 4 AV SW,-612.204 225.385|-629.373 226.142|-629.051 233.336|-633.085 233.514|-632.973 236.005|-641.229 236.372|-641.585 228.321|-655.244 228.933|-655.741 217.757|-652.889 214.622|-614.644 212.921|-614.420 217.268|-616.510 217.368|-616.196 223.384|-612.316 223.184
701 888 4 AV SW,-612.204 225.385|-629.373 226.142|-629.051 233.336|-633.085 233.514|-632.973 236.005|-641.229 236.372|-641.585 228.321|-655.244 228.933|-655.741 217.757|-652.889 214.622|-614.644 212.921|-614.420 217.268|-616.510 217.368|-616.196 223.384|-612.316 223.184
702 888 4 AV SW,-612.204 225.385|-629.373 226.142|-629.051 233.336|-633.085 233.514|-632.973 236.005|-641.229 236.372|-641.585 228.321|-655.244 228.933|-655.741 217.757|-652.889 214.622|-614.644 212.921|-614.420 217.268|-616.510 217.368|-616.196 223.384|-612.316 223.184
703 888 4 AV SW,-612.204 225.385|-629.373 226.142|-629.051 233.336|-633.085 233.514|-632.973 236.005|-641.229 236.372|-641.585 228.321|-655.244 228.933|-655.741 217.757|-652.889 214.622|-614.644 212.921|-614.420 217.268|-616.510 217.368|-616.196 223.384|-612.316 223.184
704 888 4 AV SW,-612.204 225.385|-629.373 226.142|-629.051 233.336|-633.085 233.514|-632.973 236.005|-641.229 236.372|-641.585 228.321|-655.244 228.933|-655.741 217.757|-652.889 214.622|-614.644 212.921|-614.420 217.268|-616.510 217.368|-616.196 223.384|-612.316 223.184
705 888 4 AV SW,-612.204 225.385|-629.373 226.142|-629.051 233.336|-633.085 233.514|-632.973 236.005|-641.229 236.372|-641.585 228.321|-655.244 228.933|-655.741 217.757|-652.889 214.622|-614.644 212.921|-614.420 217.268|-616.510 217.368|-616.196 223.384|-612.316 223.184
706 888 4 AV SW,-612.204 225.385|-629.373 226.142|-629.051 233.336|-633.085 233.514|-632.973 236.005|-641.229 236.372|-641.585 228.321|-655.244 228.933|-655.741 217.757|-652.889 214.622|-614.644 212.921|-614.420 217.268|-616.510 217.368|-616.196 223.384|-612.316 223.184
707 888 4 AV SW,-612.204 225.385|-629.373 226.142|-629.051 233.336|-633.085 233.514|-632.973 236.005|-641.229 236.372|-641.585 228.321|-655.244 228.933|-655.741 217.757|-652.889 214.622|-614.644 212.921|-614.420 217.268|-616.510 217.368|-616.196 223.384|-612.316 223.184
708 888 4 AV SW,-612.204 225.385|-629.373 226.142|-629.051 233.336|-633.085 233.514|-632.973 236.005|-641.229 236.372|-641.585 228.321|-655.244 228.933|-655.741 217.757|-652.889 214.622|-614.644 212.921|-614.420 217.268|-616.510 217.368|-616.196 223.384|-612.316 223.184
801 888 4 AV SW,-612.204 225.385|-629.373 226.142|-629.051 233.336|-633.085 233.514|-632.973 236.005|-641.229 236.372|-641.585 228.321|-655.244 228.933|-655.741 217.757|-652.889 214.622|-614.644 212.921|-614.420 217.268|-616.510 217.368|-616.196 223.384|-612.316 223.184
802 888 4 AV SW,-612.204 225.385|-629.373 226.142|-629.051 233.336|-633.085 233.514|-632.973 236.005|-641.229 236.372|-641.585 228.321|-655.244 228.933|-655.741 217.757|-652.889 214.622|-614.644 212.921|-614.420 217.268|-616.510 217.368|-616.196 223.384|-612.316 223.184
803 888 4 AV SW,-612.204 225.385|-629.373 226.142|-629.051 233.336|-633.085 233.514|-632.973 236.005|-641.229 236.372|-641.585 228.321|-655.244 228.933|-655.741 217.757|-652.889 214.622|-614.644 212.921|-614.420 217.268|-616.510 217.368|-616.196 223.384|-612.316 223.184
804 888 4 AV SW,-612.204 225.385|-629.373 226.142|-629.051 233.336|-633.085 233.514|-632.973 236.005|-641.229 236.372|-641.585 228.321|-655.244 228.933|-655.741 217.757|-652.889 214.622|-614.644 212.921|-614.420 217.268|-616.510 217.368|-616.196 223.384|-612.316 223.184
805 888 4 AV SW,-612.204 225.385|-629.373 226.142|-629.051 233.336|-633.085 233.514|-632.973 236.005|-641.229 236.372|-641.585 228.321|-655.244 228.933|-655.741 217.757|-652.889 214.622|-614.644 212.921|-614.420 217.268|-616.510 217.368|-616.196 223.384|-612.316 223.184
806 888 4 AV SW,-612.204 225.385|-629.373 226.142|-629.051 233.336|-633.085 233.514|-632.973 236.005|-641.229 236.372|-641.585 228.321|-655.244 228.933|-655.741 217.757|-652.889 214.622|-614.644 212.921|-614.420 217.268|-616.510 217.368|-616.196 223.384|-612.316 223.184
807 888 4 AV SW,-612.204 225.385|-629.373 226.142|-629.051 233.336|-633.085 233.514|-632.973 236.005|-641.229 236.372|-641.585 228.321|-655.244 228.933|-655.741 217.757|-652.889 214.622|-614.644 212.921|-614.420 217.268|-616.510 217.368|-616.196 223.384|-612.316 223.184
808 888 4 AV SW,-612.204 225.385|-629.373 226.142|-629.051 233.336|-633.085 233.514|-632.973 236.005|-641.229 236.372|-641.585 228.321|-655.244 228.933|-655.741 217.757|-652.889 214.622|-614.644 212.921|-614.420 217.268|-616.510 217.368|-616.196 223.384|-612.316 223.184
901 888 4 AV SW,-612.204 225.385|-629.373 226.142|-629.051 233.336|-633.085 233.514|-632.973 236.005|-641.229 236.372|-641.585 228.321|-655.244 228.933|-655.741 217.757|-652.889 214.622|-614.644 212.921|-614.420 217.268|-616.510 217.368|-616.196 223.384|-612.316 223.184
902 888 4 AV SW,-612.204 225.385|-629.373 226.142|-629.051 233.336|-633.085 233.514|-632.973 236.005|-641.229 236.372|-641.585 228.321|-655.244 228.933|-655.741 217.757|-652.889 214.622|-614.644 212.921|-614.420 217.268|-616.510 217.368|-616.196 223.384|-612.316 223.184
903 888 4 AV SW,-612.204 225.385|-629.373 226.142|-629.051 233.336|-633.085 233.514|-632.973 236.005|-641.229 236.372|-641.585 228.321|-655.244 228.933|-655.741 217.757|-652.889 214.622|-614.644 212.921|-614.420 217.268|-616.510 217.368|-616.196 223.384|-612.316 223.184
904 888 4 AV SW,-612.204 225.385|-629.373 226.142|-629.051 233.336|-633.085 233.514|-632.973 236.005|-641.229 236.372|-641.585 228.321|-655.244 228.933|-655.741 217.757|-652.889 214.622|-614.644 212.921|-614.420 217.268|-616.510 217.368|-616.196 223.384|-612.316 223.184
905 888 4 AV SW,-612.204 225.385|-629.373 226.142|-629.051 233.336|-633.085 233.514|-632.973 236.005|-641.229 236.372|-641.585 228.321|-655.244 228.933|-655.741 217.757|-652.889 214.622|-614.644 212.921|-614.420 217.268|-616.510 217.368|-616.196 223.384|-612.316 223.184
906 888 4 AV SW,-612.204 225.385|-629.373 226.142|-629.051 233.336|-633.085 233.514|-632.973 236.005|-641.229 236.372|-641.585 228.321|-655.244 228.933|-655.741 217.757|-652.889 214.622|-614.644 212.921|-614.420 217.268|-616.510 217.368|-616.196 223.384|-612.316 223.184
907 888 4 AV SW,-612.204 225.385|-629.373 226.142|-629.051 233.336|-633.085 233.514|-632.973 236.005|-641.229 236.372|-641.585 228.321|-655.244 228.933|-655.741 217.757|-652.889 214.622|-614.644 212.921|-614.420 217.268|-616.510 217.368|-616.196 223.384|-612.316 223.184
908 888 4 AV SW,-612.204 225.385|-629.373 226.142|-629.051 233.336|-633.085 233.514|-632.973 236.005|-641.229 236.372|-641.585 228.321|-655.244 228.933|-655.741 217.757|-652.889 214.622|-614.644 212.921|-614.420 217.268|-616.510 217.368|-616.196 223.384|-612.316 223.184
1001 888 4 AV SW,-612.204 225.385|-629.373 226.142|-629.051 233.336|-633.085 233.514|-632.973 236.005|-641.229 236.372|-641.585 228.321|-655.244 228.933|-655.741 217.757|-652.889 214.622|-614.644 212.921|-614.420 217.268|-616.510 217.368|-616.196 223.384|-612.316 223.184
1002 888 4 AV SW,-612.204 225.385|-629.373 226.142|-629.051 233.336|-633.085 233.514|-632.973 236.005|-641.229 236.372|-641.585 228.321|-655.244 228.933|-655.741 217.757|-652.889 214.622|-614.644 212.921|-614.420 217.268|-616.510 217.368|-616.196 223.384|-612.316 223.184
1003 888 4 AV SW,-612.204 225.385|-629.373 226.142|-629.051 233.336|-633.085 233.514|-632.973 236.005|-641.229 236.372|-641.585 228.321|-655.244 228.933|-655.741 217.757|-652.889 214.622|-614.644 212.921|-614.420 217.268|-616.510 217.368|-616.196 223.384|-612.316 223.184
1004 888 4 AV SW,-612.204 225.385|-629.373 226.142|-629.051 233.336|-633.085 233.514|-632.973 236.005|-641.229 236.372|-641.585 228.321|-655.244 228.933|-655.741 217.757|-652.889 214.622|-614.644 212.921|-614.420 217.268|-616.510 217.368|-616.196 223.384|-612.316 223.184
1005 888 4 AV SW,-612.204 225.385|-629.373 226.142|-629.051 233.336|-633.085 233.514|-632.973 236.005|-641.229 236.372|-641.585 228.321|-655.244 228.933|-655.741 217.757|-652.889 214.622|-614.644 212.921|-614.420 217.268|-616.510 217.368|-616.196 223.384|-612.316 223.184
1006 888 4 AV SW,-612.204 225.385|-629.373 226.142|-629.051 233.336|-633.085 233.514|-632.973 236.005|-641.229 236.372|-641.585 228.321|-655.244 228.933|-655.741 217.757|-652.889 214.622|-614.644 212.921|-614.420 217.268|-616.510 217.368|-616.196 223.384|-612.316 223.184
1007 888 4 AV SW,-612.204 225.385|-629.373 226.142|-629.051 233.336|-633.085 233.514|-632.973 236.005|-641.229 236.372|-641.585 228.321|-655.244 228.933|-655.741 217.757|-652.889 214.622|-614.644 212.921|-614.420 217.268|-616.510 217.368|-616.196 223.384|-612.316 223.184
1008 888 4 AV SW,-612.204 225.385|-629.373 226.142|-629.051 233.336|-633.085 233.514|-632.973 236.005|-641.229 236.372|-641.585 228.321|-655.244 228.933|-655.741 217.757|-652.889 214.622|-614.644 212.921|-614.420 217.268|-616.510 217.368|-616.196 223.384|-612.316 223.184
1101 888 4 AV SW,-612.204 225.385|-629.373 226.142|-629.051 233.336|-633.085 233.514|-632.973 236.005|-641.229 236.372|-641.585 228.321|-655.244 228.933|-655.741 217.757|-652.889 214.622|-614.644 212.921|-614.420 217.268|-616.510 217.368|-616.196 223.384|-612.316 223.184
1102 888 4 AV SW,-612.204 225.385|-629.373 226.142|-629.051 233.336|-633.085 233.514|-632.973 236.005|-641.229 236.372|-641.585 228.321|-655.244 228.933|-655.741 217.757|-652.889 214.622|-614.644 212.921|-614.420 217.268|-616.510 217.368|-616.196 223.384|-612.316 223.184
1103 888 4 AV SW,-612.204 225.385|-629.373 226.142|-629.051 233.336|-633.085 233.514|-632.973 236.005|-641.229 236.372|-641.585 228.321|-655.244 228.933|-655.741 217.757|-652.889 214.622|-614.644 212.921|-614.420 217.268|-616.510 217.368|-616.196 223.384|-612.316 223.184
1104 888 4 AV SW,-612.204 225.385|-629.373 226.142|-629.051 233.336|-633.085 233.514|-632.973 236.005|-641.229 236.372|-641.585 228.321|-655.244 228.933|-655.741 217.757|-652.889 214.622|-614.644 212.921|-614.420 217.268|-616.510 217.368|-616.196 223.384|-612.316 223.184
1105 888 4 AV SW,-612.204 225.385|-629.373 226.142|-629.051 233.336|-633.085 233.514|-632.973 236.005|-641.229 236.372|-641.585 228.321|-655.244 228.933|-655.741 217.757|-652.889 214.622|-614.644 212.921|-614.420 217.268|-616.510 217.368|-616.196 223.384|-612.316 223.184
1106 888 4 AV SW,-612.204 225.385|-629.373 226.142|-629.051 233.336|-633.085 233.514|-632.973 236.005|-641.229 236.372|-641.585 228.321|-655.244 228.933|-655.741 217.757|-652.889 214.622|-614.644 212.921|-614.420 217.268|-616.510 217.368|-616.196 223.384|-612.316 223.184
1107 888 4 AV SW,-612.204 225.385|-629.373 226.142|-629.051 233.336|-633.085 233.514|-632.973 236.005|-641.229 236.372|-641.585 228.321|-655.244 228.933|-655.741 217.757|-652.889 214.622|-614.644 212.921|-614.420 217.268|-616.510 217.368|-616.196 223.384|-612.316 223.184
1108 888 4 AV SW,-612.204 225.385|-629.373 226.142|-629.051 233.336|-633.085 233.514|-632.973 236.005|-641.229 236.372|-641.585 228.321|-655.244 228.933|-655.741 217.757|-652.889 214.622|-614.644 212.921|-614.420 217.268|-616.510 217.368|-616.196 223.384|-612.316 223.184
1201 888 4 AV SW,-612.204 225.385|-629.373 226.142|-629.051 233.336|-633.085 233.514|-632.973 236.005|-641.229 236.372|-641.585 228.321|-655.244 228.933|-655.741 217.757|-652.889 214.622|-614.644 212.921|-614.420 217.268|-616.510 217.368|-616.196 223.384|-612.316 223.184
1202 888 4 AV SW,-612.204 225.385|-629.373 226.142|-629.051 233.336|-633.085 233.514|-632.973 236.005|-641.229 236.372|-641.585 228.321|-655.244 228.933|-655.741 217.757|-652.889 214.622|-614.644 212.921|-614.420 217.268|-616.510 217.368|-616.196 223.384|-612.316 223.184
1203 888 4 AV SW,-612.204 225.385|-629.373 226.142|-629.051 233.336|-633.085 233.514|-632.973 236.005|-641.229 236.372|-641.585 228.321|-655.244 228.933|-655.741 217.757|-652.889 214.622|-614.644 212.921|-614.420 217.268|-616.510 217.368|-616.196 223.384|-612.316 223.184
1204 888 4 AV SW,-612.204 225.385|-629.373 226.142|-629.051 233.336|-633.085 233.514|-632.973 236.005|-641.229 236.372|-641.585 228.321|-655.244 228.933|-655.741 217.757|-652.889 214.622|-614.644 212.921|-614.420 217.268|-616.510 217.368|-616.196 223.384|-612.316 223.184
1205 888 4 AV SW,-612.204 225.385|-629.373 226.142|-629.051 233.336|-633.085 233.514|-632.973 236.005|-641.229 236.372|-641.585 228.321|-655.244 228.933|-655.741 217.757|-652.889 214.622|-614.644 212.921|-614.420 217.268|-616.510 217.368|-616.196 223.384|-612.316 223.184
1206 888 4 AV SW,-612.204 225.385|-629.373 226.142|-629.051 233.336|-633.085 233.514|-632.973 236.005|-641.229 236.372|-641.585 228.321|-655.244 228.933|-655.741 217.757|-652.889 214.622|-614.644 212.921|-614.420 217.268|-616.510 217.368|-616.196 223.384|-612.316 223.184
1207 888 4 AV SW,-612.204 225.385|-629.373 226.142|-629.051 233.336|-633.085 233.514|-632.973 236.005|-641.229 236.372|-641.585 228.321|-655.244 228.933|-655.741 217.757|-652.889 214.622|-614.644 212.921|-614.420 217.268|-616.510 217.368|-616.196 223.384|-612.316 223.184
1208 888 4 AV SW,-612.204 225.385|-629.373 226.142|-629.051 233.336|-633.085 233.514|-632.973 236.005|-641.229 236.372|-641.585 228.321|-655.244 228.933|-655.741 217.757|-652.889 214.622|-614.644 212.921|-614.420 217.268|-616.510 217.368|-616.196 223.384|-612.316 223.184
1401 888 4 AV SW,-612.204 225.385|-629.373 226.142|-629.051 233.336|-633.085 233.514|-632.973 236.005|-641.229 236.372|-641.585 228.321|-655.244 228.933|-655.741 217.757|-652.889 214.622|-614.644 212.921|-614.420 217.268|-616.510 217.368|-616.196 223.384|-612.316 223.184
1402 888 4 AV SW,-612.204 225.385|-629.373 226.142|-629.051 233.336|-633.085 233.514|-632.973 236.005|-641.229 236.372|-641.585 228.321|-655.244 228.933|-655.741 217.757|-652.889 214.622|-614.644 212.921|-614.420 217.268|-616.510 217.368|-616.196 223.384|-612.316 223.184
1403 888 4 AV SW,-612.204 225.385|-629.373 226.142|-629.051 233.336|-633.085 233.514|-632.973 236.005|-641.229 236.372|-641.585 228.321|-655.244 228.933|-655.741 217.757|-652.889 214.622|-614.644 212.921|-614.420 217.268|-616.510 217.368|-616.196 223.384|-612.316 223.184
1404 888 4 AV SW,-612.204 225.385|-629.373 226.142|-629.051 233.336|-633.085 233.514|-632.973 236.005|-641.229 236.372|-641.585 228.321|-655.244 228.933|-655.741 217.757|-652.889 214.622|-614.644 212.921|-614.420 217.268|-616.510 217.368|-616.196 223.384|-612.316 223.184
1405 888 4 AV SW,-612.204 225.385|-629.373 226.142|-629.051 233.336|-633.085 233.514|-632.973 236.005|-641.229 236.372|-641.585 228.321|-655.244 228.933|-655.741 217.757|-652.889 214.622|-614.644 212.921|-614.420 217.268|-616.510 217.368|-616.196 223.384|-612.316 223.184
1406 888 4 AV SW,-612.204 225.385|-629.373 226.142|-629.051 233.336|-633.085 233.514|-632.973 236.005|-641.229 236.372|-641.585 228.321|-655.244 228.933|-655.741 217.757|-652.889 214.622|-614.644 212.921|-614.420 217.268|-616.510 217.368|-616.196 223.384|-612.316 223.184
1407 888 4 AV SW,-612.204 225.385|-629.373 226.142|-629.051 233.336|-633.085 233.514|-632.973 236.005|-641.229 236.372|-641.585 228.321|-655.244 228.933|-655.741 217.757|-652.889 214.622|-614.644 212.921|-614.420 217.268|-616.510 217.368|-616.196 223.384|-612.316 223.184
1408 888 4 AV SW,-612.204 225.385|-629.373 226.142|-629.051 233.336|-633.085 233.514|-632.973 236.005|-641.229 236.372|-641.585 228.321|-655.244 228.933|-655.741 217.757|-652.889 214.622|-614.644 212.921|-614.420 217.268|-616.510 217.368|-616.196 223.384|-612.316 223.184
1409 888 4 AV SW,-612.204 225.385|-629.373 226.142|-629.051 233.336|-633.085 233.514|-632.973 236.005|-641.229 236.372|-641.585 228.321|-655.244 228.933|-655.741 217.757|-652.889 214.622|-614.644 212.921|-614.420 217.268|-616.510 217.368|-616.196 223.384|-612.316 223.184
1501 888 4 AV SW,-612.204 225.385|-629.373 226.142|-629.051 233.336|-633.085 233.514|-632.973 236.005|-641.229 236.372|-641.585 228.321|-655.244 228.933|-655.741 217.757|-652.889 214.622|-614.644 212.921|-614.420 217.268|-616.510 217.368|-616.196 223.384|-612.316 223.184
1502 888 4 AV SW,-612.204 225.385|-629.373 226.142|-629.051 233.336|-633.085 233.514|-632.973 236.005|-641.229 236.372|-641.585 228.321|-655.244 228.933|-655.741 217.757|-652.889 214.622|-614.644 212.921|-614.420 217.268|-616.510 217.368|-616.196 223.384|-612.316 223.184
1503 888 4 AV SW,-612.204 225.385|-629.373 226.142|-629.051 233.336|-633.085 233.514|-632.973 236.005|-641.229 236.372|-641.585 228.321|-655.244 228.933|-655.741 217.757|-652.889 214.622|-614.644 212.921|-614.420 217.268|-616.510 217.368|-616.196 223.384|-612.316 223.184
1504 888 4 AV SW,-612.204 225.385|-629.373 226.142|-629.051 233.336|-633.085 233.514|-632.973 236.005|-641.229 236.372|-641.585 228.321|-655.244 228.933|-655.741 217.757|-652.889 214.622|-614.644 212.921|-614.420 217.268|-616.510 217.368|-616.196 223.384|-612.316 223.184
1505 888 4 AV SW,-612.204 225.385|-629.373 226.142|-629.051 233.336|-633.085 233.514|-632.973 236.005|-641.229 236.372|-641.585 228.321|-655.244 228.933|-655.741 217.757|-652.889 214.622|-614.644 212.921|-614.420 217.268|-616.510 217.368|-616.196 223.384|-612.316 223.184
1506 888 4 AV SW,-612.204 225.385|-629.373 226.142|-629.051 233.336|-633.085 233.514|-632.973 236.005|-641.229 236.372|-641.585 228.321|-655.244 228.933|-655.741 217.757|-652.889 214.622|-614.644 212.921|-614.420 217.268|-616.510 217.368|-616.196 223.384|-612.316 223.184
1507 888 4 AV SW,-612.204 225.385|-629.373 226.142|-629.051 233.336|-633.085 233.514|-632.973 236.005|-641.229 236.372|-641.585 228.321|-655.244 228.933|-655.741 217.757|-652.889 214.622|-614.644 212.921|-614.420 217.268|-616.510 217.368|-616.196 223.384|-612.316 223.184
1508 888 4 AV SW,-612.204 225.385|-629.373 226.142|-629.051 233.336|-633.085 233.514|-632.973 236.005|-641.229 236.372|-641.585 228.321|-655.244 228.933|-655.741 217.757|-652.889 214.622|-614.644 212.921|-614.420 217.268|-616.510 217.368|-616.196 223.384|-612.316 223.184
1509 888 4 AV SW,-612.204 225.385|-629.373 226.142|-629.051 233.336|-633.085 233.514|-632.973 236.005|-641.229 236.372|-641.585 228.321|-655.244 228.933|-655.741 217.757|-652.889 214.622|-614.644 212.921|-614.420 217.268|-616.510 217.368|-616.196 223.384|-612.316 223.184
1601 888 4 AV SW,-612.204 225.385|-629.373 226.142|-629.051 233.336|-633.085 233.514|-632.973 236.005|-641.229 236.372|-641.585 228.321|-655.244 228.933|-655.741 217.757|-652.889 214.622|-614.644 212.921|-614.420 217.268|-616.510 217.368|-616.196 223.384|-612.316 223.184
1602 888 4 AV SW,-612.204 225.385|-629.373 226.142|-629.051 233.336|-633.085 233.514|-632.973 236.005|-641.229 236.372|-641.585 228.321|-655.244 228.933|-655.741 217.757|-652.889 214.622|-614.644 212.921|-614.420 217.268|-616.510 217.368|-616.196 223.384|-612.316 223.184
1603 888 4 AV SW,-612.204 225.385|-629.373 226.142|-629.051 233.336|-633.085 233.514|-632.973 236.005|-641.229 236.372|-641.585 228.321|-655.244 228.933|-655.741 217.757|-652.889 214.622|-614.644 212.921|-614.420 217.268|-616.510 217.368|-616.196 223.384|-612.316 223.184
1604 888 4 AV SW,-612.204 225.385|-629.373 226.142|-629.051 233.336|-633.085 233.514|-632.973 236.005|-641.229 236.372|-641.585 228.321|-655.244 228.933|-655.741 217.757|-652.889 214.622|-614.644 212.921|-614.420 217.268|-616.510 217.368|-616.196 223.384|-612.316 223.184
1605 888 4 AV SW,-612.204 225.385|-629.373 226.142|-629.051 233.336|-633.085 233.514|-632.973 236.005|-641.229 236.372|-641.585 228.321|-655.244 228.933|-655.741 217.757|-652.889 214.622|-614.644 212.921|-614.420 217.268|-616.510 217.368|-616.196 223.384|-612.316 223.184
1606 888 4 AV SW,-612.204 225.385|-629.373 226.142|-629.051 233.336|-633.085 233.514|-632.973 236.005|-641.229 236.372|-641.585 228.321|-655.244 228.933|-655.741 217.757|-652.889 214.622|-614.644 212.921|-614.420 217.268|-616.510 217.368|-616.196 223.384|-612.316 223.184
1607 888 4 AV SW,-612.204 225.385|-629.373 226.142|-629.051 233.336|-633.085 233.514|-632.973 236.005|-641.229 236.372|-641.585 228.321|-655.244 228.933|-655.741 217.757|-652.889 214.622|-614.644 212.921|-614.420 217.268|-616.510 217.368|-616.196 223.384|-612.316 223.184
1608 888 4 AV SW,-612.204 225.385|-629.373 226.142|-629.051 233.336|-633.085 233.514|-632.973 236.005|-641.229 236.372|-641.585 228.321|-655.244 228.933|-655.741 217.757|-652.889 214.622|-614.644 212.921|-614.420 217.268|-616.510 217.368|-616.196 223.384|-612.316 223.184
1609 888 4 AV SW,-612.204 225.385|-629.373 226.142|-629.051 233.336|-633.085 233.514|-632.973 236.005|-641.229 236.372|-641.585 228.321|-655.244 228.933|-655.741 217.757|-652.889 214.622|-614.644 212.921|-614.420 217.268|-616.510 217.368|-616.196 223.384|-612.316 223.184
1701 888 4 AV SW,-612.204 225.385|-629.373 226.142|-629.051 233.336|-633.085 233.514|-632.973 236.005|-641.229 236.372|-641.585 228.321|-655.244 228.933|-655.741 217.757|-652.889 214.622|-614.644 212.921|-614.420 217.268|-616.510 217.368|-616.196 223.384|-612.316 223.184
1702 888 4 AV SW,-612.204 225.385|-629.373 226.142|-629.051 233.336|-633.085 233.514|-632.973 236.005|-641.229 236.372|-641.585 228.321|-655.244 228.933|-655.741 217.757|-652.889 214.622|-614.644 212.921|-614.420 217.268|-616.510 217.368|-616.196 223.384|-612.316 223.184
1703 888 4 AV SW,-612.204 225.385|-629.373 226.142|-629.051 233.336|-633.085 233.514|-632.973 236.005|-641.229 236.372|-641.585 228.321|-655.244 228.933|-655.741 217.757|-652.889 214.622|-614.644 212.921|-614.420 217.268|-616.510 217.368|-616.196 223.384|-612.316 223.184
1704 888 4 AV SW,-612.204 225.385|-629.373 226.142|-629.051 233.336|-633.085 233.514|-632.973 236.005|-641.229 236.372|-641.585 228.321|-655.244 228.933|-655.741 217.757|-652.889 214.622|-614.644 212.921|-614.420 217.268|-616.510 217.368|-616.196 223.384|-612.316 223.184
1705 888 4 AV SW,-612.204 225.385|-629.373 226.142|-629.051 233.336|-633.085 233.514|-632.973 236.005|-641.229 236.372|-641.585 228.321|-655.244 228.933|-655.741 217.757|-652.889 214.622|-614.644 212.921|-614.420 217.268|-616.510 217.368|-616.196 223.384|-612.316 223.184
1706 888 4 AV SW,-612.204 225.385|-629.373 226.142|-629.051 233.336|-633.085 233.514|-632.973 236.005|-641.229 236.372|-641.585 228.321|-655.244 228.933|-655.741 217.757|-652.889 214.622|-614.644 212.921|-614.420 217.268|-616.510 217.368|-616.196 223.384|-612.316 223.184
1707 888 4 AV SW,-612.204 225.385|-629.373 226.142|-629.051 233.336|-633.085 233.514|-632.973 236.005|-641.229 236.372|-641.585 228.321|-655.244 228.933|-655.741 217.757|-652.889 214.622|-614.644 212.921|-614.420 217.268|-616.510 217.368|-616.196 223.384|-612.316 223.184
1708 888 4 AV SW,-612.204 225.385|-629.373 226.142|-629.051 233.336|-633.085 233.514|-632.973 236.005|-641.229 236.372|-641.585 228.321|-655.244 228.933|-655.741 217.757|-652.889 214.622|-614.644 212.921|-614.420 217.268|-616.510 217.368|-616.196 223.384|-612.316 223.184
1709 888 4 AV SW,-612.204 225.385|-629.373 226.142|-629.051 233.336|-633.085 233.514|-632.973 236.005|-641.229 236.372|-641.585 228.321|-655.244 228.933|-655.741 217.757|-652.889 214.622|-614.644 212.921|-614.420 217.268|-616.510 217.368|-616.196 223.384|-612.316 223.184
1801 888 4 AV SW,-612.204 225.385|-629.373 226.142|-629.051 233.336|-633.085 233.514|-632.973 236.005|-641.229 236.372|-641.585 228.321|-655.244 228.933|-655.741 217.757|-652.889 214.622|-614.644 212.921|-614.420 217.268|-616.510 217.368|-616.196 223.384|-612.316 223.184
1802 888 4 AV SW,-612.204 225.385|-629.373 226.142|-629.051 233.336|-633.085 233.514|-632.973 236.005|-641.229 236.372|-641.585 228.321|-655.244 228.933|-655.741 217.757|-652.889 214.622|-614.644 212.921|-614.420 217.268|-616.510 217.368|-616.196 223.384|-612.316 223.184
1803 888 4 AV SW,-612.204 225.385|-629.373 226.142|-629.051 233.336|-633.085 233.514|-632.973 236.005|-641.229 236.372|-641.585 228.321|-655.244 228.933|-655.741 217.757|-652.889 214.622|-614.644 212.921|-614.420 217.268|-616.510 217.368|-616.196 223.384|-612.316 223.184
1804 888 4 AV SW,-612.204 225.385|-629.373 226.142|-629.051 233.336|-633.085 233.514|-632.973 236.005|-641.229 236.372|-641.585 228.321|-655.244 228.933|-655.741 217.757|-652.889 214.622|-614.644 212.921|-614.420 217.268|-616.510 217.368|-616.196 223.384|-612.316 223.184
1805 888 4 AV SW,-612.204 225.385|-629.373 226.142|-629.051 233.336|-633.085 233.514|-632.973 236.005|-641.229 236.372|-641.585 228.321|-655.244 228.933|-655.741 217.757|-652.889 214.622|-614.644 212.921|-614.420 217.268|-616.510 217.368|-616.196 223.384|-612.316 223.184
1806 888 4 AV SW,-612.204 225.385|-629.373 226.142|-629.051 233.336|-633.085 233.514|-632.973 236.005|-641.229 236.372|-641.585 228.321|-655.244 228.933|-655.741 217.757|-652.889 214.622|-614.644 212.921|-614.420 217.268|-616.510 217.368|-616.196 223.384|-612.316 223.184
1807 888 4 AV SW,-612.204 225.385|-629.373 226.142|-629.051 233.336|-633.085 233.514|-632.973 236.005|-641.229 236.372|-641.585 228.321|-655.244 228.933|-655.741 217.757|-652.889 214.622|-614.644 212.921|-614.420 217.268|-616.510 217.368|-616.196 223.384|-612.316 223.184
1808 888 4 AV SW,-612.204 225.385|-629.373 226.142|-629.051 233.336|-633.085 233.514|-632.973 236.005|-641.229 236.372|-641.585 228.321|-655.244 228.933|-655.741 217.757|-652.889 214.622|-614.644 212.921|-614.420 217.268|-616.510 217.368|-616.196 223.384|-612.316 223.184
1901 888 4 AV SW,-612.204 225.385|-629.373 226.142|-629.051 233.336|-633.085 233.514|-632.973 236.005|-641.229 236.372|-641.585 228.321|-655.244 228.933|-655.741 217.757|-652.889 214.622|-614.644 212.921|-614.420 217.268|-616.510 217.368|-616.196 223.384|-612.316 223.184
1902 888 4 AV SW,-612.204 225.385|-629.373 226.142|-629.051 233.336|-633.085 233.514|-632.973 236.005|-641.229 236.372|-641.585 228.321|-655.244 228.933|-655.741 217.757|-652.889 214.622|-614.644 212.921|-614.420 217.268|-616.510 217.368|-616.196 223.384|-612.316 223.184
1903 888 4 AV SW,-612.204 225.385|-629.373 226.142|-629.051 233.336|-633.085 233.514|-632.973 236.005|-641.229 236.372|-641.585 228.321|-655.244 228.933|-655.741 217.757|-652.889 214.622|-614.644 212.921|-614.420 217.268|-616.510 217.368|-616.196 223.384|-612.316 223.184
1904 888 4 AV SW,-612.204 225.385|-629.373 226.142|-629.051 233.336|-633.085 233.514|-632.973 236.005|-641.229 236.372|-641.585 228.321|-655.244 228.933|-655.741 217.757|-652.889 214.622|-614.644 212.921|-614.420 217.268|-616.510 217.368|-616.196 223.384|-612.316 223.184
1905 888 4 AV SW,-612.204 225.385|-629.373 226.142|-629.051 233.336|-633.085 233.514|-632.973 236.005|-641.229 236.372|-641.585 228.321|-655.244 228.933|-655.741 217.757|-652.889 214.622|-614.644 212.921|-614.420 217.268|-616.510 217.368|-616.196 223.384|-612.316 223.184
1906 888 4 AV SW,-612.204 225.385|-629.373 226.142|-629.051 233.336|-633.085 233.514|-632.973 236.005|-641.229 236.372|-641.585 228.321|-655.244 228.933|-655.741 217.757|-652.889 214.622|-614.644 212.921|-614.420 217.268|-616.510 217.368|-616.196 223.384|-612.316 223.184
1907 888 4 AV SW,-612.204 225.385|-629.373 226.142|-629.051 233.336|-633.085 233.514|-632.973 236.005|-641.229 236.372|-641.585 228.321|-655.244 228.933|-655.741 217.757|-652.889 214.622|-614.644 212.921|-614.420 217.268|-616.510 217.368|-616.196 223.384|-612.316 223.184
1908 888 4 AV SW,-612.204 225.385|-629.373 226.142|-629.051 233.336|-633.085 233.514|-632.973 236.005|-641.229 236.372|-641.585 228.321|-655.244 228.933|-655.741 217.757|-652.889 214.622|-614.644 212.921|-614.420 217.268|-616.510 217.368|-616.196 223.384|-612.316 223.184
2001 888 4 AV SW,-612.204 225.385|-629.373 226.142|-629.051 233.336|-633.085 233.514|-632.973 236.005|-641.229 236.372|-641.585 228.321|-655.244 228.933|-655.741 217.757|-652.889 214.622|-614.644 212.921|-614.420 217.268|-616.510 217.368|-616.196 223.384|-612.316 223.184
2002 888 4 AV SW,-612.204 225.385|-629.373 226.142|-629.051 233.336|-633.085 233.514|-632.973 236.005|-641.229 236.372|-641.585 228.321|-655.244 228.933|-655.741 217.757|-652.889 214.622|-614.644 212.921|-614.420 217.268|-616.510 217.368|-616.196 223.384|-612.316 223.184
2003 888 4 AV SW,-612.204 225.385|-629.373 226.142|-629.051 233.336|-633.085 233.514|-632.973 236.005|-641.229 236.372|-641.585 228.321|-655.244 228.933|-655.741 217.757|-652.889 214.622|-614.644 212.921|-614.420 217.268|-616.510 217.368|-616.196 223.384|-612.316 223.184
2004 888 4 AV SW,-612.204 225.385|-629.373 226.142|-629.051 233.336|-633.085 233.514|-632.973 236.005|-641.229 236.372|-641.585 228.321|-655.244 228.933|-655.741 217.757|-652.889 214.622|-614.644 212.921|-614.420 217.268|-616.510 217.368|-616.196 223.384|-612.316 223.184
2005 888 4 AV SW,-612.204 225.385|-629.373 226.142|-629.051 233.336|-633.085 233.514|-632.973 236.005|-641.229 236.372|-641.585 228.321|-655.244 228.933|-655.741 217.757|-652.889 214.622|-614.644 212.921|-614.420 217.268|-616.510 217.368|-616.196 223.384|-612.316 223.184
2006 888 4 AV SW,-612.204 225.385|-629.373 226.142|-629.051 233.336|-633.085 233.514|-632.973 236.005|-641.229 236.372|-641.585 228.321|-655.244 228.933|-655.741 217.757|-652.889 214.622|-614.644 212.921|-614.420 217.268|-616.510 217.368|-616.196 223.384|-612.316 223.184
2007 888 4 AV SW,-612.204 225.385|-629.373 226.142|-629.051 233.336|-633.085 233.514|-632.973 236.005|-641.229 236.372|-641.585 228.321|-655.244 228.933|-655.741 217.757|-652.889 214.622|-614.644 212.921|-614.420 217.268|-616.510 217.368|-616.196 223.384|-612.316 223.184
2008 888 4 AV SW,-612.204 225.385|-629.373 226.142|-629.051 233.336|-633.085 233.514|-632.973 236.005|-641.229 236.372|-641.585 228.321|-655.244 228.933|-655.741 217.757|-652.889 214.622|-614.644 212.921|-614.420 217.268|-616.510 217.368|-616.196 223.384|-612.316 223.184
2101 888 4 AV SW,-612.204 225.385|-629.373 226.142|-629.051 233.336|-633.085 233.514|-632.973 236.005|-641.229 236.372|-641.585 228.321|-655.244 228.933|-655.741 217.757|-652.889 214.622|-614.644 212.921|-614.420 217.268|-616.510 217.368|-616.196 223.384|-612.316 223.184
2102 888 4 AV SW,-612.204 225.385|-629.373 226.142|-629.051 233.336|-633.085 233.514|-632.973 236.005|-641.229 236.372|-641.585 228.321|-655.244 228.933|-655.741 217.757|-652.889 214.622|-614.644 212.921|-614.420 217.268|-616.510 217.368|-616.196 223.384|-612.316 223.184
2104 888 4 AV SW,-612.204 225.385|-629.373 226.142|-629.051 233.336|-633.085 233.514|-632.973 236.005|-641.229 236.372|-641.585 228.321|-655.244 228.933|-655.741 217.757|-652.889 214.622|-614.644 212.921|-614.420 217.268|-616.510 217.368|-616.196 223.384|-612.316 223.184
2105 888 4 AV SW,-612.204 225.385|-629.373 226.142|-629.051 233.336|-633.085 233.514|-632.973 236.005|-641.229 236.372|-641.585 228.321|-655.244 228.933|-655.741 217.757|-652.889 214.622|-614.644 212.921|-614.420 217.268|-616.510 217.368|-616.196 223.384|-612.316 223.184
2106 888 4 AV SW,-612.204 225.385|-629.373 226.142|-629.051 233.336|-633.085 233.514|-632.973 236.005|-641.229 236.372|-641.585 228.321|-655.244 228.933|-655.741 217.757|-652.889 214.622|-614.644 212.921|-614.420 217.268|-616.510 217.368|-616.196 223.384|-612.316 223.184
2107 888 4 AV SW,-612.204 225.385|-629.373 226.142|-629.051 233.336|-633.085 233.514|-632.973 236.005|-641.229 236.372|-641.585 228.321|-655.244 228.933|-655.741 217.757|-652.889 214.622|-614.644 212.921|-614.420 217.268|-616.510 217.368|-616.196 223.384|-612.316 223.184
141V 888 4 AV SW,-612.204 225.385|-629.373 226.142|-629.051 233.336|-633.085 233.514|-632.973 236.005|-641.229 236.372|-641.585 228.321|-655.244 228.933|-655.741 217.757|-652.889 214.622|-614.644 212.921|-614.420 217.268|-616.510 217.368|-616.196 223.384|-612.316 223.184
142V 888 4 AV SW,-612.204 225.385|-629.373 226.142|-629.051 233.336|-633.085 233.514|-632.973 236.005|-641.229 236.372|-641.585 228.321|-655.244 228.933|-655.741 217.757|-652.889 214.622|-614.644 212.921|-614.420 217.268|-616.510 217.368|-616.196 223.384|-612.316 223.184
143V 888 4 AV SW,-612.204 225.385|-629.373 226.142|-629.051 233.336|-633.085 233.514|-632.973 236.005|-641.229 236.372|-641.585 228.321|-655.244 228.933|-655.741 217.757|-652.889 214.622|-614.644 212.921|-614.420 217.268|-616.510 217.368|-616.196 223.384|-612.316 223.184
144V 888 4 AV SW,-612.204 225.385|-629.373 226.142|-629.051 233.336|-633.085 233.514|-632.973 236.005|-641.229 236.372|-641.585 228.321|-655.244 228.933|-655.741 217.757|-652.889 214.622|-614.644 212.921|-614.420 217.268|-616.510 217.368|-616.196 223.384|-612.316 223.184
145V 888 4 AV SW,-612.204 225.385|-629.373 226.142|-629.051 233.336|-633.085 233.514|-632.973 236.005|-641.229 236.372|-641.585 228.321|-655.244 228.933|-655.741 217.757|-652.889 214.622|-614.644 212.921|-614.420 217.268|-616.510 217.368|-616.196 223.384|-612.316 223.184
146V 888 4 AV SW,-612.204 225.385|-629.373 226.142|-629.051 233.336|-633.085 233.514|-632.973 236.005|-641.229 236.372|-641.585 228.321|-655.244 228.933|-655.741 217.757|-652.889 214.622|-614.644 212.921|-614.420 217.268|-616.510 217.368|-616.196 223.384|-612.316 223.184
147V 888 4 AV SW,-612.204 225.385|-629.373 226.142|-629.051 233.336|-633.085 233.514|-632.973 236.005|-641.229 236.372|-641.585 228.321|-655.244 228.933|-655.741 217.757|-652.889 214.622|-614.644 212.921|-614.420 217.268|-616.510 217.368|-616.196 223.384|-612.316 223.184
148V 888 4 AV SW,-612.204 225.385|-629.373 226.142|-629.051 233.336|-633.085 233.514|-632.973 236.005|-641.229 236.372|-641.585 228.321|-655.244 228.933|-655.741 217.757|-652.889 214.622|-614.644 212.921|-614.420 217.268|-616.510 217.368|-616.196 223.384|-612.316 223.184
149V 888 4 AV SW,-612.204 225.385|-629.373 226.142|-629.051 233.336|-633.085 233.514|-632.973 236.005|-641.229 236.372|-641.585 228.321|-655.244 228.933|-655.741 217.757|-652.889 214.622|-614.644 212.921|-614.420 217.268|-616.510 217.368|-616.196 223.384|-612.316 223.184
150V 888 4 AV SW,-612.204 225.385|-629.373 226.142|-629.051 233.336|-633.085 233.514|-632.973 236.005|-641.229 236.372|-641.585 228.321|-655.244 228.933|-655.741 217.757|-652.889 214.622|-614.644 212.921|-614.420 217.268|-616.510 217.368|-616.196 223.384|-612.316 223.184
153V 888 4 AV SW,-612.204 225.385|-629.373 226.142|-629.051 233.336|-633.085 233.514|-632.973 236.005|-641.229 236.372|-641.585 228.321|-655.244 228.933|-655.741 217.757|-652.889 214.622|-614.644 212.921|-614.420 217.268|-616.510 217.368|-616.196 223.384|-612.316 223.184
154V 888 4 AV SW,-612.204 225.385|-629.373 226.142|-629.051 233.336|-633.085 233.514|-632.973 236.005|-641.229 236.372|-641.585 228.321|-655.244 228.933|-655.741 217.757|-652.889 214.622|-614.644 212.921|-614.420 217.268|-616.510 217.368|-616.196 223.384|-612.316 223.184
155V 888 4 AV SW,-612.204 225.385|-629.373 226.142|-629.051 233.336|-633.085 233.514|-632.973 236.005|-641.229 236.372|-641.585 228.321|-655.244 228.933|-655.741 217.757|-652.889 214.622|-614.644 212.921|-614.420 217.268|-616.510 217.368|-616.196 223.384|-612.316 223.184
156V 888 4 AV SW,-612.204 225.385|-629.373 226.142|-629.051 233.336|-633.085 233.514|-632.973 236.005|-641.229 236.372|-641.585 228.321|-655.244 228.933|-655.741 217.757|-652.889 214.622|-614.644 212.921|-614.420 217.268|-616.510 217.368|-616.196 223.384|-612.316 223.184
157V 888 4 AV SW,-612.204 225.385|-629.373 226.142|-629.051 233.336|-633.085 233.514|-632.973 236.005|-641.229 236.372|-641.585 228.321|-655.244 228.933|-655.741 217.757|-652.889 214.622|-614.644 212.921|-614.420 217.268|-616.510 217.368|-616.196 223.384|-612.316 223.184
158V 888 4 AV SW,-612.204 225.385|-629.373 226.142|-629.051 233.336|-633.085 233.514|-632.973 236.005|-641.229 236.372|-641.585 228.321|-655.244 228.933|-655.741 217.757|-652.889 214.622|-614.644 212.921|-614.420 217.268|-616.510 217.368|-616.196 223.384|-612.316 223.184
159V 888 4 AV SW,-612.204 225.385|-629.373 226.142|-629.051 233.336|-633.085 233.514|-632.973 236.005|-641.229 236.372|-641.585 228.321|-655.244 228.933|-655.741 217.757|-652.889 214.622|-614.644 212.921|-614.420 217.268|-616.510 217.368|-616.196 223.384|-612.316 223.184
160V 888 4 AV SW,-612.204 225.385|-629.373 226.142|-629.051 233.336|-633.085 233.514|-632.973 236.005|-641.229 236.372|-641.585 228.321|-655.244 228.933|-655.741 217.757|-652.889 214.622|-614.644 212.921|-614.420 217.268|-616.510 217.368|-616.196 223.384|-612.316 223.184
161V 888 4 AV SW,-612.204 225.385|-629.373 226.142|-629.051 233.336|-633.085 233.514|-632.973 236.005|-641.229 236.372|-641.585 228.321|-655.244 228.933|-655.741 217.757|-652.889 214.622|-614.644 212.921|-614.420 217.268|-616.510 217.368|-616.196 223.384|-612.316 223.184
162V 888 4 AV SW,-612.204 225.385|-629.373 226.142|-629.051 233.336|-633.085 233.514|-632.973 236.005|-641.229 236.372|-641.585 228.321|-655.244 228.933|-655.741 217.757|-652.889 214.622|-614.644 212.921|-614.420 217.268|-616.510 217.368|-616.196 223.384|-612.316 223.184
163V 888 4 AV SW,-612.204 225.385|-629.373 226.142|-629.051 233.336|-633.085 233.514|-632.973 236.005|-641.229 236.372|-641.585 228.321|-655.244 228.933|-655.741 217.757|-652.889 214.622|-614.644 212.921|-614.420 217.268|-616.510 217.368|-616.196 223.384|-612.316 223.184
165V 888 4 AV SW,-612.204 225.385|-629.373 226.142|-629.051 233.336|-633.085 233.514|-632.973 236.005|-641.229 236.372|-641.585 228.321|-655.244 228.933|-655.741 217.757|-652.889 214.622|-614.644 212.921|-614.420 217.268|-616.510 217.368|-616.196 223.384|-612.316 223.184
166V 888 4 AV SW,-612.204 225.385|-629.373 226.142|-629.051 233.336|-633.085 233.514|-632.973 236.005|-641.229 236.372|-641.585 228.321|-655.244 228.933|-655.741 217.757|-652.889 214.622|-614.644 212.921|-614.420 217.268|-616.510 217.368|-616.196 223.384|-612.316 223.184
167V 888 4 AV SW,-612.204 225.385|-629.373 226.142|-629.051 233.336|-633.085 233.514|-632.973 236.005|-641.229 236.372|-641.585 228.321|-655.244 228.933|-655.741 217.757|-652.889 214.622|-614.644 212.921|-614.420 217.268|-616.510 217.368|-616.196 223.384|-612.316 223.184
172V 888 4 AV SW,-612.204 225.385|-629.373 226.142|-629.051 233.336|-633.085 233.514|-632.973 236.005|-641.229 236.372|-641.585 228.321|-655.244 228.933|-655.741 217.757|-652.889 214.622|-614.644 212.921|-614.420 217.268|-616.510 217.368|-616.196 223.384|-612.316 223.184
174V 888 4 AV SW,-612.204 225.385|-629.373 226.142|-629.051 233.336|-633.085 233.514|-632.973 236.005|-641.229 236.372|-641.585 228.321|-655.244 228.933|-655.741 217.757|-652.889 214.622|-614.644 212.921|-614.420 217.268|-616.510 217.368|-616.196 223.384|-612.316 223.184
180V 888 4 AV SW,-612.204 225.385|-629.373 226.142|-629.051 233.336|-633.085 233.514|-632.973 236.005|-641.229 236.372|-641.585 228.321|-655.244 228.933|-655.741 217.757|-652.889 214.622|-614.644 212.921|-614.420 217.268|-616.510 217.368|-616.196 223.384|-612.316 223.184
184V 888 4 AV SW,-612.204 225.385|-629.373 226.142|-629.051 233.336|-633.085 233.514|-632.973 236.005|-641.229 236.372|-641.585 228.321|-655.244 228.933|-655.741 217.757|-652.889 214.622|-614.644 212.921|-614.420 217.268|-616.510 217.368|-616.196 223.384|-612.316 223.184
185V 888 4 AV SW,-612.204 225.385|-629.373 226.142|-629.051 233.336|-633.085 233.514|-632.973 236.005|-641.229 236.372|-641.585 228.321|-655.244 228.933|-655.741 217.757|-652.889 214.622|-614.644 212.921|-614.420 217.268|-616.510 217.368|-616.196 223.384|-612.316 223.184
186V 888 4 AV SW,-612.204 225.385|-629.373 226.142|-629.051 233.336|-633.085 233.514|-632.973 236.005|-641.229 236.372|-641.585 228.321|-655.244 228.933|-655.741 217.757|-652.889 214.622|-614.644 212.921|-614.420 217.268|-616.510 217.368|-616.196 223.384|-612.316 223.184
189V 888 4 AV SW,-612.204 225.385|-629.373 226.142|-629.051 233.336|-633.085 233.514|-632.973 236.005|-641.229 236.372|-641.585 228.321|-655.244 228.933|-655.741 217.757|-652.889 214.622|-614.644 212.921|-614.420 217.268|-616.510 217.368|-616.196 223.384|-612.316 223.184
190V 888 4 AV SW,-612.204 225.385|-629.373 226.142|-629.051 233.336|-633.085 233.514|-632.973 236.005|-641.229 236.372|-641.585 228.321|-655.244 228.933|-655.741 217.757|-652.889 214.622|-614.644 212.921|-614.420 217.268|-616.510 217.368|-616.196 223.384|-612.316 223.184
191V 888 4 AV SW,-612.204 225.385|-629.373 226.142|-629.051 233.336|-633.085 233.514|-632.973 236.005|-641.229 236.372|-641.585 228.321|-655.244 228.933|-655.741 217.757|-652.889 214.622|-614.644 212.921|-614.420 217.268|-616.510 217.368|-616.196 223.384|-612.316 223.184
192V 888 4 AV SW,-612.204 225.385|-629.373 226.142|-629.051 233.336|-633.085 233.514|-632.973 236.005|-641.229 236.372|-641.585 228.321|-655.244 228.933|-655.741 217.757|-652.889 214.622|-614.644 212.921|-614.420 217.268|-616.510 217.368|-616.196 223.384|-612.316 223.184
193V 888 4 AV SW,-612.204 225.385|-629.373 226.142|-629.051 233.336|-633.085 233.514|-632.973 236.005|-641.229 236.372|-641.585 228.321|-655.244 228.933|-655.741 217.757|-652.889 214.622|-614.644 212.921|-614.420 217.268|-616.510 217.368|-616.196 223.384|-612.316 223.184
194V 888 4 AV SW,-612.204 225.385|-629.373 226.142|-629.051 233.336|-633.085 233.514|-632.973 236.005|-641.229 236.372|-641.585 228.321|-655.244 228.933|-655.741 217.757|-652.889 214.622|-614.644 212.921|-614.420 217.268|-616.510 217.368|-616.196 223.384|-612.316 223.184
195V 888 4 AV SW,-612.204 225.385|-629.373 226.142|-629.051 233.336|-633.085 233.514|-632.973 236.005|-641.229 236.372|-641.585 228.321|-655.244 228.933|-655.741 217.757|-652.889 214.622|-614.644 212.921|-614.420 217.268|-616.510 217.368|-616.196 223.384|-612.316 223.184
196V 888 4 AV SW,-612.204 225.385|-629.373 226.142|-629.051 233.336|-633.085 233.514|-632.973 236.005|-641.229 236.372|-641.585 228.321|-655.244 228.933|-655.741 217.757|-652.889 214.622|-614.644 212.921|-614.420 217.268|-616.510 217.368|-616.196 223.384|-612.316 223.184
197V 888 4 AV SW,-612.204 225.385|-629.373 226.142|-629.051 233.336|-633.085 233.514|-632.973 236.005|-641.229 236.372|-641.585 228.321|-655.244 228.933|-655.741 217.757|-652.889 214.622|-614.644 212.921|-614.420 217.268|-616.510 217.368|-616.196 223.384|-612.316 223.184
198V 888 4 AV SW,-612.204 225.385|-629.373 226.142|-629.051 233.336|-633.085 233.514|-632.973 236.005|-641.229 236.372|-641.585 228.321|-655.244 228.933|-655.741 217.757|-652.889 214.622|-614.644 212.921|-614.420 217.268|-616.510 217.368|-616.196 223.384|-612.316 223.184
199V 888 4 AV SW,-612.204 225.385|-629.373 226.142|-629.051 233.336|-633.085 233.514|-632.973 236.005|-641.229 236.372|-641.585 228.321|-655.244 228.933|-655.741 217.757|-652.889 214.622|-614.644 212.921|-614.420 217.268|-616.510 217.368|-616.196 223.384|-612.316 223.184
200V 888 4 AV SW,-612.204 225.385|-629.373 226.142|-629.051 233.336|-633.085 233.514|-632.973 236.005|-641.229 236.372|-641.585 228.321|-655.244 228.933|-655.741 217.757|-652.889 214.622|-614.644 212.921|-614.420 217.268|-616.510 217.368|-616.196 223.384|-612.316 223.184
201V 888 4 AV SW,-612.204 225.385|-629.373 226.142|-629.051 233.336|-633.085 233.514|-632.973 236.005|-641.229 236.372|-641.585 228.321|-655.244 228.933|-655.741 217.757|-652.889 214.622|-614.644 212.921|-614.420 217.268|-616.510 217.368|-616.196 223.384|-612.316 223.184
202V 888 4 AV SW,-612.204 225.385|-629.373 226.142|-629.051 233.336|-633.085 233.514|-632.973 236.005|-641.229 236.372|-641.585 228.321|-655.244 228.933|-655.741 217.757|-652.889 214.622|-614.644 212.921|-614.420 217.268|-616.510 217.368|-616.196 223.384|-612.316 223.184
203V 888 4 AV SW,-612.204 225.385|-629.373 226.142|-629.051 233.336|-633.085 233.514|-632.973 236.005|-641.229 236.372|-641.585 228.321|-655.244 228.933|-655.741 217.757|-652.889 214.622|-614.644 212.921|-614.420 217.268|-616.510 217.368|-616.196 223.384|-612.316 223.184
204V 888 4 AV SW,-612.204 225.385|-629.373 226.142|-629.051 233.336|-633.085 233.514|-632.973 236.005|-641.229 236.372|-641.585 228.321|-655.244 228.933|-655.741 217.757|-652.889 214.622|-614.644 212.921|-614.420 217.268|-616.510 217.368|-616.196 223.384|-612.316 223.184
205V 888 4 AV SW,-612.204 225.385|-629.373 226.142|-629.051 233.336|-633.085 233.514|-632.973 236.005|-641.229 236.372|-641.585 228.321|-655.244 228.933|-655.741 217.757|-652.889 214.622|-614.644 212.921|-614.420 217.268|-616.510 217.368|-616.196 223.384|-612.316 223.184
206V 888 4 AV SW,-612.204 225.385|-629.373 226.142|-629.051 233.336|-633.085 233.514|-632.973 236.005|-641.229 236.372|-641.585 228.321|-655.244 228.933|-655.741 217.757|-652.889 214.622|-614.644 212.921|-614.420 217.268|-616.510 217.368|-616.196 223.384|-612.316 223.184
207V 888 4 AV SW,-612.204 225.385|-629.373 226.142|-629.051 233.336|-633.085 233.514|-632.973 236.005|-641.229 236.372|-641.585 228.321|-655.244 228.933|-655.741 217.757|-652.889 214.622|-614.644 212.921|-614.420 217.268|-616.510 217.368|-616.196 223.384|-612.316 223.184
208V 888 4 AV SW,-612.204 225.385|-629.373 226.142|-629.051 233.336|-633.085 233.514|-632.973 236.005|-641.229 236.372|-641.585 228.321|-655.244 228.933|-655.741 217.757|-652.889 214.622|-614.644 212.921|-614.420 217.268|-616.510 217.368|-616.196 223.384|-612.316 223.184
209V 888 4 AV SW,-612.204 225.385|-629.373 226.142|-629.051 233.336|-633.085 233.514|-632.973 236.005|-641.229 236.372|-641.585 228.321|-655.244 228.933|-655.741 217.757|-652.889 214.622|-614.644 212.921|-614.420 217.268|-616.510 217.368|-616.196 223.384|-612.316 223.184
210V 888 4 AV SW,-612.204 225.385|-629.373 226.142|-629.051 233.336|-633.085 233.514|-632.973 236.005|-641.229 236.372|-641.585 228.321|-655.244 228.933|-655.741 217.757|-652.889 214.622|-614.644 212.921|-614.420 217.268|-616.510 217.368|-616.196 223.384|-612.316 223.184
211V 888 4 AV SW,-612.204 225.385|-629.373 226.142|-629.051 233.336|-633.085 233.514|-632.973 236.005|-641.229 236.372|-641.585 228.321|-655.244 228.933|-655.741 217.757|-652.889 214.622|-614.644 212.921|-614.420 217.268|-616.510 217.368|-616.196 223.384|-612.316 223.184
212V 888 4 AV SW,-612.204 225.385|-629.373 226.142|-629.051 233.336|-633.085 233.514|-632.973 236.005|-641.229 236.372|-641.585 228.321|-655.244 228.933|-655.741 217.757|-652.889 214.622|-614.644 212.921|-614.420 217.268|-616.510 217.368|-616.196 223.384|-612.316 223.184
213V 888 4 AV SW,-612.204 225.385|-629.373 226.142|-629.051 233.336|-633.085 233.514|-632.973 236.005|-641.229 236.372|-641.585 228.321|-655.244 228.933|-655.741 217.757|-652.889 214.622|-614.644 212.921|-614.420 217.268|-616.510 217.368|-616.196 223.384|-612.316 223.184
214V 888 4 AV SW,-612.204 225.385|-629.373 226.142|-629.051 233.336|-633.085 233.514|-632.973 236.005|-641.229 236.372|-641.585 228.321|-655.244 228.933|-655.741 217.757|-652.889 214.622|-614.644 212.921|-614.420 217.268|-616.510 217.368|-616.196 223.384|-612.316 223.184
215V 888 4 AV SW,-612.204 225.385|-629.373 226.142|-629.051 233.336|-633.085 233.514|-632.973 236.005|-641.229 236.372|-641.585 228.321|-655.244 228.933|-655.741 217.757|-652.889 214.622|-614.644 212.921|-614.420 217.268|-616.510 217.368|-616.196 223.384|-612.316 223.184
216V 888 4 AV SW,-612.204 225.385|-629.373 226.142|-629.051 233.336|-633.085 233.514|-632.973 236.005|-641.229 236.372|-641.585 228.321|-655.244 228.933|-655.741 217.757|-652.889 214.622|-614.644 212.921|-614.420 217.268|-616.510 217.368|-616.196 223.384|-612.316 223.184
217V 888 4 AV SW,-612.204 225.385|-629.373 226.142|-629.051 233.336|-633.085 233.514|-632.973 236.005|-641.229 236.372|-641.585 228.321|-655.244 228.933|-655.741 217.757|-652.889 214.622|-614.644 212.921|-614.420 217.268|-616.510 217.368|-616.196 223.384|-612.316 223.184
218V 888 4 AV SW,-612.204 225.385|-629.373 226.142|-629.051 233.336|-633.085 233.514|-632.973 236.005|-641.229 236.372|-641.585 228.321|-655.244 228.933|-655.741 217.757|-652.889 214.622|-614.644 212.921|-614.420 217.268|-616.510 217.368|-616.196 223.384|-612.316 223.184
219V 888 4 AV SW,-612.204 225.385|-629.373 226.142|-629.051 233.336|-633.085 233.514|-632.973 236.005|-641.229 236.372|-641.585 228.321|-655.244 228.933|-655.741 217.757|-652.889 214.622|-614.644 212.921|-614.420 217.268|-616.510 217.368|-616.196 223.384|-612.316 223.184
220V 888 4 AV SW,-612.204 225.385|-629.373 226.142|-629.051 233.336|-633.085 233.514|-632.973 236.005|-641.229 236.372|-641.585 228.321|-655.244 228.933|-655.741 217.757|-652.889 214.622|-614.644 212.921|-614.420 217.268|-616.510 217.368|-616.196 223.384|-612.316 223.184
221V 888 4 AV SW,-612.204 225.385|-629.373 226.142|-629.051 233.336|-633.085 233.514|-632.973 236.005|-641.229 236.372|-641.585 228.321|-655.244 228.933|-655.741 217.757|-652.889 214.622|-614.644 212.921|-614.420 217.268|-616.510 217.368|-616.196 223.384|-612.316 223.184
222V 888 4 AV SW,-612.204 225.385|-629.373 226.142|-629.051 233.336|-633.085 233.514|-632.973 236.005|-641.229 236.372|-641.585 228.321|-655.244 228.933|-655.741 217.757|-652.889 214.622|-614.644 212.921|-614.420 217.268|-616.510 217.368|-616.196 223.384|-612.316 223.184
223V 888 4 AV SW,-612.204 225.385|-629.373 226.142|-629.051 233.336|-633.085 233.514|-632.973 236.005|-641.229 236.372|-641.585 228.321|-655.244 228.933|-655.741 217.757|-652.889 214.622|-614.644 212.921|-614.420 217.268|-616.510 217.368|-616.196 223.384|-612.316 223.184
224V 888 4 AV SW,-612.204 225.385|-629.373 226.142|-629.051 233.336|-633.085 233.514|-632.973 236.005|-641.229 236.372|-641.585 228.321|-655.244 228.933|-655.741 217.757|-652.889 214.622|-614.644 212.921|-614.420 217.268|-616.510 217.368|-616.196 223.384|-612.316 223.184
225V 888 4 AV SW,-612.204 225.385|-629.373 226.142|-629.051 233.336|-633.085 233.514|-632.973 236.005|-641.229 236.372|-641.585 228.321|-655.244 228.933|-655.741 217.757|-652.889 214.622|-614.644 212.921|-614.420 217.268|-616.510 217.368|-616.196 223.384|-612.316 223.184
