ADDRESS,POINTS
4416 RICHARDSON RD SW,-4546.221 -3825.546|-4529.842 -3811.835|-4411.955 -3671.685|-4411.941 -3671.652|-4411.116 -3670.440|-4410.536 -3669.083|-4410.228 -3667.649|-4410.207 -3666.181|-4410.473 -3664.736|-4411.018 -3663.379|-4411.815 -3662.145|-4412.836 -3661.088|-4451.800 -3628.097|-4458.134 -3628.653|-4596.566 -3793.244|-4596.028 -3799.582|-4565.431 -3825.490|-4563.299 -3827.002|-4560.943 -3828.103|-4558.426 -3828.793|-4555.833 -3829.026|-4553.239 -3828.804|-4550.723 -3828.137|-4548.360 -3827.036
4414 RICHARDSON RD SW,-4546.221 -3825.546|-4529.842 -3811.835|-4411.955 -3671.685|-4411.941 -3671.652|-4411.116 -3670.440|-4410.536 -3669.083|-4410.228 -3667.649|-4410.207 -3666.181|-4410.473 -3664.736|-4411.018 -3663.379|-4411.815 -3662.145|-4412.836 -3661.088|-4451.800 -3628.097|-4458.134 -3628.653|-4596.566 -3793.244|-4596.028 -3799.582|-4565.431 -3825.490|-4563.299 -3827.002|-4560.943 -3828.103|-4558.426 -3828.793|-4555.833 -3829.026|-4553.239 -3828.804|-4550.723 -3828.137|-4548.360 -3827.036
4420 RICHARDSON RD SW,-4546.221 -3825.546|-4529.842 -3811.835|-4411.955 -3671.685|-4411.941 -3671.652|-4411.116 -3670.440|-4410.536 -3669.083|-4410.228 -3667.649|-4410.207 -3666.181|-4410.473 -3664.736|-4411.018 -3663.379|-4411.815 -3662.145|-4412.836 -3661.088|-4451.800 -3628.097|-4458.134 -3628.653|-4596.566 -3793.244|-4596.028 -3799.582|-4565.431 -3825.490|-4563.299 -3827.002|-4560.943 -3828.103|-4558.426 -3828.793|-4555.833 -3829.026|-4553.239 -3828.804|-4550.723 -3828.137|-4548.360 -3827.036
4418 RICHARDSON RD SW,-4546.221 -3825.546|-4529.842 -3811.835|-4411.955 -3671.685|-4411.941 -3671.652|-4411.116 -3670.440|-4410.536 -3669.083|-4410.228 -3667.649|-4410.207 -3666.181|-4410.473 -3664.736|-4411.018 -3663.379|-4411.815 -3662.145|-4412.836 -3661.088|-4451.800 -3628.097|-4458.134 -3628.653|-4596.566 -3793.244|-4596.028 -3799.582|-4565.431 -3825.490|-4563.299 -3827.002|-4560.943 -3828.103|-4558.426 -3828.793|-4555.833 -3829.026|-4553.239 -3828.804|-4550.723 -3828.137|-4548.360 -3827.036
4422 RICHARDSON RD SW,-4546.221 -3825.546|-4529.842 -3811.835|-4411.955 -3671.685|-4411.941 -3671.652|-4411.116 -3670.440|-4410.536 -3669.083|-4410.228 -3667.649|-4410.207 -3666.181|-4410.473 -3664.736|-4411.018 -3663.379|-4411.815 -3662.145|-4412.836 -3661.088|-4451.800 -3628.097|-4458.134 -3628.653|-4596.566 -3793.244|-4596.028 -3799.582|-4565.431 -3825.490|-4563.299 -3827.002|-4560.943 -3828.103|-4558.426 -3828.793|-4555.833 -3829.026|-4553.239 -3828.804|-4550.723 -3828.137|-4548.360 -3827.036
4424 RICHARDSON RD SW,-4546.221 -3825.546|-4529.842 -3811.835|-4411.955 -3671.685|-4411.941 -3671.652|-4411.116 -3670.440|-4410.536 -3669.083|-4410.228 -3667.649|-4410.207 -3666.181|-4410.473 -3664.736|-4411.018 -3663.379|-4411.815 -3662.145|-4412.836 -3661.088|-4451.800 -3628.097|-4458.134 -3628.653|-4596.566 -3793.244|-4596.028 -3799.582|-4565.431 -3825.490|-4563.299 -3827.002|-4560.943 -3828.103|-4558.426 -3828.793|-4555.833 -3829.026|-4553.239 -3828.804|-4550.723 -3828.137|-4548.360 -3827.036
4428 RICHARDSON RD SW,-4546.221 -3825.546|-4529.842 -3811.835|-4411.955 -3671.685|-4411.941 -3671.652|-4411.116 -3670.440|-4410.536 -3669.083|-4410.228 -3667.649|-4410.207 -3666.181|-4410.473 -3664.736|-4411.018 -3663.379|-4411.815 -3662.145|-4412.836 -3661.088|-4451.800 -3628.097|-4458.134 -3628.653|-4596.566 -3793.244|-4596.028 -3799.582|-4565.431 -3825.490|-4563.299 -3827.002|-4560.943 -3828.103|-4558.426 -3828.793|-4555.833 -3829.026|-4553.239 -3828.804|-4550.723 -3828.137|-4548.360 -3827.036
4426 RICHARDSON RD SW,-4546.221 -3825.546|-4529.842 -3811.835|-4411.955 -3671.685|-4411.941 -3671.652|-4411.116 -3670.440|-4410.536 -3669.083|-4410.228 -3667.649|-4410.207 -3666.181|-4410.473 -3664.736|-4411.018 -3663.379|-4411.815 -3662.145|-4412.836 -3661.088|-4451.800 -3628.097|-4458.134 -3628.653|-4596.566 -3793.244|-4596.028 -3799.582|-4565.431 -3825.490|-4563.299 -3827.002|-4560.943 -3828.103|-4558.426 -3828.793|-4555.833 -3829.026|-4553.239 -3828.804|-4550.723 -3828.137|-4548.360 -3827.036
4430 RICHARDSON RD SW,-4546.221 -3825.546|-4529.842 -3811.835|-4411.955 -3671.685|-4411.941 -3671.652|-4411.116 -3670.440|-4410.536 -3669.083|-4410.228 -3667.649|-4410.207 -3666.181|-4410.473 -3664.736|-4411.018 -3663.379|-4411.815 -3662.145|-4412.836 -3661.088|-4451.800 -3628.097|-4458.134 -3628.653|-4596.566 -3793.244|-4596.028 -3799.582|-4565.431 -3825.490|-4563.299 -3827.002|-4560.943 -3828.103|-4558.426 -3828.793|-4555.833 -3829.026|-4553.239 -3828.804|-4550.723 -3828.137|-4548.360 -3827.036
4432 RICHARDSON RD SW,-4546.221 -3825.546|-4529.842 -3811.835|-4411.955 -3671.685|-4411.941 -3671.652|-4411.116 -3670.440|-4410.536 -3669.083|-4410.228 -3667.649|-4410.207 -3666.181|-4410.473 -3664.736|-4411.018 -3663.379|-4411.815 -3662.145|-4412.836 -3661.088|-4451.800 -3628.097|-4458.134 -3628.653|-4596.566 -3793.244|-4596.028 -3799.582|-4565.431 -3825.490|-4563.299 -3827.002|-4560.943 -3828.103|-4558.426 -3828.793|-4555.833 -3829.026|-4553.239 -3828.804|-4550.723 -3828.137|-4548.360 -3827.036
4436 RICHARDSON RD SW,-4546.221 -3825.546|-4529.842 -3811.835|-4411.955 -3671.685|-4411.941 -3671.652|-4411.116 -3670.440|-4410.536 -3669.083|-4410.228 -3667.649|-4410.207 -3666.181|-4410.473 -3664.736|-4411.018 -3663.379|-4411.815 -3662.145|-4412.836 -3661.088|-4451.800 -3628.097|-4458.134 -3628.653|-4596.566 -3793.244|-4596.028 -3799.582|-4565.431 -3825.490|-4563.299 -3827.002|-4560.943 -3828.103|-4558.426 -3828.793|-4555.833 -3829.026|-4553.239 -3828.804|-4550.723 -3828.137|-4548.360 -3827.036
4434 RICHARDSON RD SW,-4546.221 -3825.546|-4529.842 -3811.835|-4411.955 -3671.685|-4411.941 -3671.652|-4411.116 -3670.440|-4410.536 -3669.083|-4410.228 -3667.649|-4410.207 -3666.181|-4410.473 -3664.736|-4411.018 -3663.379|-4411.815 -3662.145|-4412.836 -3661.088|-4451.800 -3628.097|-4458.134 -3628.653|-4596.566 -3793.244|-4596.028 -3799.582|-4565.431 -3825.490|-4563.299 -3827.002|-4560.943 -3828.103|-4558.426 -3828.793|-4555.833 -3829.026|-4553.239 -3828.804|-4550.723 -3828.137|-4548.360 -3827.036
4440 RICHARDSON RD SW,-4546.221 -3825.546|-4529.842 -3811.835|-4411.955 -3671.685|-4411.941 -3671.652|-4411.116 -3670.440|-4410.536 -3669.083|-4410.228 -3667.649|-4410.207 -3666.181|-4410.473 -3664.736|-4411.018 -3663.379|-4411.815 -3662.145|-4412.836 -3661.088|-4451.800 -3628.097|-4458.134 -3628.653|-4596.566 -3793.244|-4596.028 -3799.582|-4565.431 -3825.490|-4563.299 -3827.002|-4560.943 -3828.103|-4558.426 -3828.793|-4555.833 -3829.026|-4553.239 -3828.804|-4550.723 -3828.137|-4548.360 -3827.036
4438 RICHARDSON RD SW,-4546.221 -3825.546|-4529.842 -3811.835|-4411.955 -3671.685|-4411.941 -3671.652|-4411.116 -3670.440|-4410.536 -3669.083|-4410.228 -3667.649|-4410.207 -3666.181|-4410.473 -3664.736|-4411.018 -3663.379|-4411.815 -3662.145|-4412.836 -3661.088|-4451.800 -3628.097|-4458.134 -3628.653|-4596.566 -3793.244|-4596.028 -3799.582|-4565.431 -3825.490|-4563.299 -3827.002|-4560.943 -3828.103|-4558.426 -3828.793|-4555.833 -3829.026|-4553.239 -3828.804|-4550.723 -3828.137|-4548.360 -3827.036
4448 RICHARDSON RD SW,-4546.221 -3825.546|-4529.842 -3811.835|-4411.955 -3671.685|-4411.941 -3671.652|-4411.116 -3670.440|-4410.536 -3669.083|-4410.228 -3667.649|-4410.207 -3666.181|-4410.473 -3664.736|-4411.018 -3663.379|-4411.815 -3662.145|-4412.836 -3661.088|-4451.800 -3628.097|-4458.134 -3628.653|-4596.566 -3793.244|-4596.028 -3799.582|-4565.431 -3825.490|-4563.299 -3827.002|-4560.943 -3828.103|-4558.426 -3828.793|-4555.833 -3829.026|-4553.239 -3828.804|-4550.723 -3828.137|-4548.360 -3827.036
4450 RICHARDSON RD SW,-4546.221 -3825.546|-4529.842 -3811.835|-4411.955 -3671.685|-4411.941 -3671.652|-4411.116 -3670.440|-4410.536 -3669.083|-4410.228 -3667.649|-4410.207 -3666.181|-4410.473 -3664.736|-4411.018 -3663.379|-4411.815 -3662.145|-4412.836 -3661.088|-4451.800 -3628.097|-4458.134 -3628.653|-4596.566 -3793.244|-4596.028 -3799.582|-4565.431 -3825.490|-4563.299 -3827.002|-4560.943 -3828.103|-4558.426 -3828.793|-4555.833 -3829.026|-4553.239 -3828.804|-4550.723 -3828.137|-4548.360 -3827.036
4452 RICHARDSON RD SW,-4546.221 -3825.546|-4529.842 -3811.835|-4411.955 -3671.685|-4411.941 -3671.652|-4411.116 -3670.440|-4410.536 -3669.083|-4410.228 -3667.649|-4410.207 -3666.181|-4410.473 -3664.736|-4411.018 -3663.379|-4411.815 -3662.145|-4412.836 -3661.088|-4451.800 -3628.097|-4458.134 -3628.653|-4596.566 -3793.244|-4596.028 -3799.582|-4565.431 -3825.490|-4563.299 -3827.002|-4560.943 -3828.103|-4558.426 -3828.793|-4555.833 -3829.026|-4553.239 -3828.804|-4550.723 -3828.137|-4548.360 -3827.036
4454 RICHARDSON RD SW,-4546.221 -3825.546|-4529.842 -3811.835|-4411.955 -3671.685|-4411.941 -3671.652|-4411.116 -3670.440|-4410.536 -3669.083|-4410.228 -3667.649|-4410.207 -3666.181|-4410.473 -3664.736|-4411.018 -3663.379|-4411.815 -3662.145|-4412.836 -3661.088|-4451.800 -3628.097|-4458.134 -3628.653|-4596.566 -3793.244|-4596.028 -3799.582|-4565.431 -3825.490|-4563.299 -3827.002|-4560.943 -3828.103|-4558.426 -3828.793|-4555.833 -3829.026|-4553.239 -3828.804|-4550.723 -3828.137|-4548.360 -3827.036
4458 RICHARDSON RD SW,-4546.221 -3825.546|-4529.842 -3811.835|-4411.955 -3671.685|-4411.941 -3671.652|-4411.116 -3670.440|-4410.536 -3669.083|-4410.228 -3667.649|-4410.207 -3666.181|-4410.473 -3664.736|-4411.018 -3663.379|-4411.815 -3662.145|-4412.836 -3661.088|-4451.800 -3628.097|-4458.134 -3628.653|-4596.566 -3793.244|-4596.028 -3799.582|-4565.431 -3825.490|-4563.299 -3827.002|-4560.943 -3828.103|-4558.426 -3828.793|-4555.833 -3829.026|-4553.239 -3828.804|-4550.723 -3828.137|-4548.360 -3827.036
4456 RICHARDSON RD SW,-4546.221 -3825.546|-4529.842 -3811.835|-4411.955 -3671.685|-4411.941 -3671.652|-4411.116 -3670.440|-4410.536 -3669.083|-4410.228 -3667.649|-4410.207 -3666.181|-4410.473 -3664.736|-4411.018 -3663.379|-4411.815 -3662.145|-4412.836 -3661.088|-4451.800 -3628.097|-4458.134 -3628.653|-4596.566 -3793.244|-4596.028 -3799.582|-4565.431 -3825.490|-4563.299 -3827.002|-4560.943 -3828.103|-4558.426 -3828.793|-4555.833 -3829.026|-4553.239 -3828.804|-4550.723 -3828.137|-4548.360 -3827.036
4460 RICHARDSON RD SW,-4546.221 -3825.546|-4529.842 -3811.835|-4411.955 -3671.685|-4411.941 -3671.652|-4411.116 -3670.440|-4410.536 -3669.083|-4410.228 -3667.649|-4410.207 -3666.181|-4410.473 -3664.736|-4411.018 -3663.379|-4411.815 -3662.145|-4412.836 -3661.088|-4451.800 -3628.097|-4458.134 -3628.653|-4596.566 -3793.244|-4596.028 -3799.582|-4565.431 -3825.490|-4563.299 -3827.002|-4560.943 -3828.103|-4558.426 -3828.793|-4555.833 -3829.026|-4553.239 -3828.804|-4550.723 -3828.137|-4548.360 -3827.036
4462 RICHARDSON RD SW,-4546.221 -3825.546|-4529.842 -3811.835|-4411.955 -3671.685|-4411.941 -3671.652|-4411.116 -3670.440|-4410.536 -3669.083|-4410.228 -3667.649|-4410.207 -3666.181|-4410.473 -3664.736|-4411.018 -3663.379|-4411.815 -3662.145|-4412.836 -3661.088|-4451.800 -3628.097|-4458.134 -3628.653|-4596.566 -3793.244|-4596.028 -3799.582|-4565.431 -3825.490|-4563.299 -3827.002|-4560.943 -3828.103|-4558.426 -3828.793|-4555.833 -3829.026|-4553.239 -3828.804|-4550.723 -3828.137|-4548.360 -3827.036
4466 RICHARDSON RD SW,-4546.221 -3825.546|-4529.842 -3811.835|-4411.955 -3671.685|-4411.941 -3671.652|-4411.116 -3670.440|-4410.536 -3669.083|-4410.228 -3667.649|-4410.207 -3666.181|-4410.473 -3664.736|-4411.018 -3663.379|-4411.815 -3662.145|-4412.836 -3661.088|-4451.800 -3628.097|-4458.134 -3628.653|-4596.566 -3793.244|-4596.028 -3799.582|-4565.431 -3825.490|-4563.299 -3827.002|-4560.943 -3828.103|-4558.426 -3828.793|-4555.833 -3829.026|-4553.239 -3828.804|-4550.723 -3828.137|-4548.360 -3827.036
4464 RICHARDSON RD SW,-4546.221 -3825.546|-4529.842 -3811.835|-4411.955 -3671.685|-4411.941 -3671.652|-4411.116 -3670.440|-4410.536 -3669.083|-4410.228 -3667.649|-4410.207 -3666.181|-4410.473 -3664.736|-4411.018 -3663.379|-4411.815 -3662.145|-4412.836 -3661.088|-4451.800 -3628.097|-4458.134 -3628.653|-4596.566 -3793.244|-4596.028 -3799.582|-4565.431 -3825.490|-4563.299 -3827.002|-4560.943 -3828.103|-4558.426 -3828.793|-4555.833 -3829.026|-4553.239 -3828.804|-4550.723 -3828.137|-4548.360 -3827.036
4468 RICHARDSON RD SW,-4546.221 -3825.546|-4529.842 -3811.835|-4411.955 -3671.685|-4411.941 -3671.652|-4411.116 -3670.440|-4410.536 -3669.083|-4410.228 -3667.649|-4410.207 -3666.181|-4410.473 -3664.736|-4411.018 -3663.379|-4411.815 -3662.145|-4412.836 -3661.088|-4451.800 -3628.097|-4458.134 -3628.653|-4596.566 -3793.244|-4596.028 -3799.582|-4565.431 -3825.490|-4563.299 -3827.002|-4560.943 -3828.103|-4558.426 -3828.793|-4555.833 -3829.026|-4553.239 -3828.804|-4550.723 -3828.137|-4548.360 -3827.036
4470 RICHARDSON RD SW,-4546.221 -3825.546|-4529.842 -3811.835|-4411.955 -3671.685|-4411.941 -3671.652|-4411.116 -3670.440|-4410.536 -3669.083|-4410.228 -3667.649|-4410.207 -3666.181|-4410.473 -3664.736|-4411.018 -3663.379|-4411.815 -3662.145|-4412.836 -3661.088|-4451.800 -3628.097|-4458.134 -3628.653|-4596.566 -3793.244|-4596.028 -3799.582|-4565.431 -3825.490|-4563.299 -3827.002|-4560.943 -3828.103|-4558.426 -3828.793|-4555.833 -3829.026|-4553.239 -3828.804|-4550.723 -3828.137|-4548.360 -3827.036
4478 RICHARDSON RD SW,-4546.221 -3825.546|-4529.842 -3811.835|-4411.955 -3671.685|-4411.941 -3671.652|-4411.116 -3670.440|-4410.536 -3669.083|-4410.228 -3667.649|-4410.207 -3666.181|-4410.473 -3664.736|-4411.018 -3663.379|-4411.815 -3662.145|-4412.836 -3661.088|-4451.800 -3628.097|-4458.134 -3628.653|-4596.566 -3793.244|-4596.028 -3799.582|-4565.431 -3825.490|-4563.299 -3827.002|-4560.943 -3828.103|-4558.426 -3828.793|-4555.833 -3829.026|-4553.239 -3828.804|-4550.723 -3828.137|-4548.360 -3827.036
4480 RICHARDSON RD SW,-4546.221 -3825.546|-4529.842 -3811.835|-4411.955 -3671.685|-4411.941 -3671.652|-4411.116 -3670.440|-4410.536 -3669.083|-4410.228 -3667.649|-4410.207 -3666.181|-4410.473 -3664.736|-4411.018 -3663.379|-4411.815 -3662.145|-4412.836 -3661.088|-4451.800 -3628.097|-4458.134 -3628.653|-4596.566 -3793.244|-4596.028 -3799.582|-4565.431 -3825.490|-4563.299 -3827.002|-4560.943 -3828.103|-4558.426 -3828.793|-4555.833 -3829.026|-4553.239 -3828.804|-4550.723 -3828.137|-4548.360 -3827.036
4482 RICHARDSON RD SW,-4546.221 -3825.546|-4529.842 -3811.835|-4411.955 -3671.685|-4411.941 -3671.652|-4411.116 -3670.440|-4410.536 -3669.083|-4410.228 -3667.649|-4410.207 -3666.181|-4410.473 -3664.736|-4411.018 -3663.379|-4411.815 -3662.145|-4412.836 -3661.088|-4451.800 -3628.097|-4458.134 -3628.653|-4596.566 -3793.244|-4596.028 -3799.582|-4565.431 -3825.490|-4563.299 -3827.002|-4560.943 -3828.103|-4558.426 -3828.793|-4555.833 -3829.026|-4553.239 -3828.804|-4550.723 -3828.137|-4548.360 -3827.036
4484 RICHARDSON RD SW,-4546.221 -3825.546|-4529.842 -3811.835|-4411.955 -3671.685|-4411.941 -3671.652|-4411.116 -3670.440|-4410.536 -3669.083|-4410.228 -3667.649|-4410.207 -3666.181|-4410.473 -3664.736|-4411.018 -3663.379|-4411.815 -3662.145|-4412.836 -3661.088|-4451.800 -3628.097|-4458.134 -3628.653|-4596.566 -3793.244|-4596.028 -3799.582|-4565.431 -3825.490|-4563.299 -3827.002|-4560.943 -3828.103|-4558.426 -3828.793|-4555.833 -3829.026|-4553.239 -3828.804|-4550.723 -3828.137|-4548.360 -3827.036
4488 RICHARDSON RD SW,-4546.221 -3825.546|-4529.842 -3811.835|-4411.955 -3671.685|-4411.941 -3671.652|-4411.116 -3670.440|-4410.536 -3669.083|-4410.228 -3667.649|-4410.207 -3666.181|-4410.473 -3664.736|-4411.018 -3663.379|-4411.815 -3662.145|-4412.836 -3661.088|-4451.800 -3628.097|-4458.134 -3628.653|-4596.566 -3793.244|-4596.028 -3799.582|-4565.431 -3825.490|-4563.299 -3827.002|-4560.943 -3828.103|-4558.426 -3828.793|-4555.833 -3829.026|-4553.239 -3828.804|-4550.723 -3828.137|-4548.360 -3827.036
4486 RICHARDSON RD SW,-4546.221 -3825.546|-4529.842 -3811.835|-4411.955 -3671.685|-4411.941 -3671.652|-4411.116 -3670.440|-4410.536 -3669.083|-4410.228 -3667.649|-4410.207 -3666.181|-4410.473 -3664.736|-4411.018 -3663.379|-4411.815 -3662.145|-4412.836 -3661.088|-4451.800 -3628.097|-4458.134 -3628.653|-4596.566 -3793.244|-4596.028 -3799.582|-4565.431 -3825.490|-4563.299 -3827.002|-4560.943 -3828.103|-4558.426 -3828.793|-4555.833 -3829.026|-4553.239 -3828.804|-4550.723 -3828.137|-4548.360 -3827.036
4516 RICHARDSON RD SW,-4546.221 -3825.546|-4529.842 -3811.835|-4411.955 -3671.685|-4411.941 -3671.652|-4411.116 -3670.440|-4410.536 -3669.083|-4410.228 -3667.649|-4410.207 -3666.181|-4410.473 -3664.736|-4411.018 -3663.379|-4411.815 -3662.145|-4412.836 -3661.088|-4451.800 -3628.097|-4458.134 -3628.653|-4596.566 -3793.244|-4596.028 -3799.582|-4565.431 -3825.490|-4563.299 -3827.002|-4560.943 -3828.103|-4558.426 -3828.793|-4555.833 -3829.026|-4553.239 -3828.804|-4550.723 -3828.137|-4548.360 -3827.036
4514 RICHARDSON RD SW,-4546.221 -3825.546|-4529.842 -3811.835|-4411.955 -3671.685|-4411.941 -3671.652|-4411.116 -3670.440|-4410.536 -3669.083|-4410.228 -3667.649|-4410.207 -3666.181|-4410.473 -3664.736|-4411.018 -3663.379|-4411.815 -3662.145|-4412.836 -3661.088|-4451.800 -3628.097|-4458.134 -3628.653|-4596.566 -3793.244|-4596.028 -3799.582|-4565.431 -3825.490|-4563.299 -3827.002|-4560.943 -3828.103|-4558.426 -3828.793|-4555.833 -3829.026|-4553.239 -3828.804|-4550.723 -3828.137|-4548.360 -3827.036
4518 RICHARDSON RD SW,-4546.221 -3825.546|-4529.842 -3811.835|-4411.955 -3671.685|-4411.941 -3671.652|-4411.116 -3670.440|-4410.536 -3669.083|-4410.228 -3667.649|-4410.207 -3666.181|-4410.473 -3664.736|-4411.018 -3663.379|-4411.815 -3662.145|-4412.836 -3661.088|-4451.800 -3628.097|-4458.134 -3628.653|-4596.566 -3793.244|-4596.028 -3799.582|-4565.431 -3825.490|-4563.299 -3827.002|-4560.943 -3828.103|-4558.426 -3828.793|-4555.833 -3829.026|-4553.239 -3828.804|-4550.723 -3828.137|-4548.360 -3827.036
4520 RICHARDSON RD SW,-4546.221 -3825.546|-4529.842 -3811.835|-4411.955 -3671.685|-4411.941 -3671.652|-4411.116 -3670.440|-4410.536 -3669.083|-4410.228 -3667.649|-4410.207 -3666.181|-4410.473 -3664.736|-4411.018 -3663.379|-4411.815 -3662.145|-4412.836 -3661.088|-4451.800 -3628.097|-4458.134 -3628.653|-4596.566 -3793.244|-4596.028 -3799.582|-4565.431 -3825.490|-4563.299 -3827.002|-4560.943 -3828.103|-4558.426 -3828.793|-4555.833 -3829.026|-4553.239 -3828.804|-4550.723 -3828.137|-4548.360 -3827.036
4524 RICHARDSON RD SW,-4546.221 -3825.546|-4529.842 -3811.835|-4411.955 -3671.685|-4411.941 -3671.652|-4411.116 -3670.440|-4410.536 -3669.083|-4410.228 -3667.649|-4410.207 -3666.181|-4410.473 -3664.736|-4411.018 -3663.379|-4411.815 -3662.145|-4412.836 -3661.088|-4451.800 -3628.097|-4458.134 -3628.653|-4596.566 -3793.244|-4596.028 -3799.582|-4565.431 -3825.490|-4563.299 -3827.002|-4560.943 -3828.103|-4558.426 -3828.793|-4555.833 -3829.026|-4553.239 -3828.804|-4550.723 -3828.137|-4548.360 -3827.036
4522 RICHARDSON RD SW,-4546.221 -3825.546|-4529.842 -3811.835|-4411.955 -3671.685|-4411.941 -3671.652|-4411.116 -3670.440|-4410.536 -3669.083|-4410.228 -3667.649|-4410.207 -3666.181|-4410.473 -3664.736|-4411.018 -3663.379|-4411.815 -3662.145|-4412.836 -3661.088|-4451.800 -3628.097|-4458.134 -3628.653|-4596.566 -3793.244|-4596.028 -3799.582|-4565.431 -3825.490|-4563.299 -3827.002|-4560.943 -3828.103|-4558.426 -3828.793|-4555.833 -3829.026|-4553.239 -3828.804|-4550.723 -3828.137|-4548.360 -3827.036
4526 RICHARDSON RD SW,-4546.221 -3825.546|-4529.842 -3811.835|-4411.955 -3671.685|-4411.941 -3671.652|-4411.116 -3670.440|-4410.536 -3669.083|-4410.228 -3667.649|-4410.207 -3666.181|-4410.473 -3664.736|-4411.018 -3663.379|-4411.815 -3662.145|-4412.836 -3661.088|-4451.800 -3628.097|-4458.134 -3628.653|-4596.566 -3793.244|-4596.028 -3799.582|-4565.431 -3825.490|-4563.299 -3827.002|-4560.943 -3828.103|-4558.426 -3828.793|-4555.833 -3829.026|-4553.239 -3828.804|-4550.723 -3828.137|-4548.360 -3827.036
4528 RICHARDSON RD SW,-4546.221 -3825.546|-4529.842 -3811.835|-4411.955 -3671.685|-4411.941 -3671.652|-4411.116 -3670.440|-4410.536 -3669.083|-4410.228 -3667.649|-4410.207 -3666.181|-4410.473 -3664.736|-4411.018 -3663.379|-4411.815 -3662.145|-4412.836 -3661.088|-4451.800 -3628.097|-4458.134 -3628.653|-4596.566 -3793.244|-4596.028 -3799.582|-4565.431 -3825.490|-4563.299 -3827.002|-4560.943 -3828.103|-4558.426 -3828.793|-4555.833 -3829.026|-4553.239 -3828.804|-4550.723 -3828.137|-4548.360 -3827.036
4532 RICHARDSON RD SW,-4546.221 -3825.546|-4529.842 -3811.835|-4411.955 -3671.685|-4411.941 -3671.652|-4411.116 -3670.440|-4410.536 -3669.083|-4410.228 -3667.649|-4410.207 -3666.181|-4410.473 -3664.736|-4411.018 -3663.379|-4411.815 -3662.145|-4412.836 -3661.088|-4451.800 -3628.097|-4458.134 -3628.653|-4596.566 -3793.244|-4596.028 -3799.582|-4565.431 -3825.490|-4563.299 -3827.002|-4560.943 -3828.103|-4558.426 -3828.793|-4555.833 -3829.026|-4553.239 -3828.804|-4550.723 -3828.137|-4548.360 -3827.036
4530 RICHARDSON RD SW,-4546.221 -3825.546|-4529.842 -3811.835|-4411.955 -3671.685|-4411.941 -3671.652|-4411.116 -3670.440|-4410.536 -3669.083|-4410.228 -3667.649|-4410.207 -3666.181|-4410.473 -3664.736|-4411.018 -3663.379|-4411.815 -3662.145|-4412.836 -3661.088|-4451.800 -3628.097|-4458.134 -3628.653|-4596.566 -3793.244|-4596.028 -3799.582|-4565.431 -3825.490|-4563.299 -3827.002|-4560.943 -3828.103|-4558.426 -3828.793|-4555.833 -3829.026|-4553.239 -3828.804|-4550.723 -3828.137|-4548.360 -3827.036
4536 RICHARDSON RD SW,-4546.221 -3825.546|-4529.842 -3811.835|-4411.955 -3671.685|-4411.941 -3671.652|-4411.116 -3670.440|-4410.536 -3669.083|-4410.228 -3667.649|-4410.207 -3666.181|-4410.473 -3664.736|-4411.018 -3663.379|-4411.815 -3662.145|-4412.836 -3661.088|-4451.800 -3628.097|-4458.134 -3628.653|-4596.566 -3793.244|-4596.028 -3799.582|-4565.431 -3825.490|-4563.299 -3827.002|-4560.943 -3828.103|-4558.426 -3828.793|-4555.833 -3829.026|-4553.239 -3828.804|-4550.723 -3828.137|-4548.360 -3827.036
4534 RICHARDSON RD SW,-4546.221 -3825.546|-4529.842 -3811.835|-4411.955 -3671.685|-4411.941 -3671.652|-4411.116 -3670.440|-4410.536 -3669.083|-4410.228 -3667.649|-4410.207 -3666.181|-4410.473 -3664.736|-4411.018 -3663.379|-4411.815 -3662.145|-4412.836 -3661.088|-4451.800 -3628.097|-4458.134 -3628.653|-4596.566 -3793.244|-4596.028 -3799.582|-4565.431 -3825.490|-4563.299 -3827.002|-4560.943 -3828.103|-4558.426 -3828.793|-4555.833 -3829.026|-4553.239 -3828.804|-4550.723 -3828.137|-4548.360 -3827.036
4538 RICHARDSON RD SW,-4546.221 -3825.546|-4529.842 -3811.835|-4411.955 -3671.685|-4411.941 -3671.652|-4411.116 -3670.440|-4410.536 -3669.083|-4410.228 -3667.649|-4410.207 -3666.181|-4410.473 -3664.736|-4411.018 -3663.379|-4411.815 -3662.145|-4412.836 -3661.088|-4451.800 -3628.097|-4458.134 -3628.653|-4596.566 -3793.244|-4596.028 -3799.582|-4565.431 -3825.490|-4563.299 -3827.002|-4560.943 -3828.103|-4558.426 -3828.793|-4555.833 -3829.026|-4553.239 -3828.804|-4550.723 -3828.137|-4548.360 -3827.036
4540 RICHARDSON RD SW,-4546.221 -3825.546|-4529.842 -3811.835|-4411.955 -3671.685|-4411.941 -3671.652|-4411.116 -3670.440|-4410.536 -3669.083|-4410.228 -3667.649|-4410.207 -3666.181|-4410.473 -3664.736|-4411.018 -3663.379|-4411.815 -3662.145|-4412.836 -3661.088|-4451.800 -3628.097|-4458.134 -3628.653|-4596.566 -3793.244|-4596.028 -3799.582|-4565.431 -3825.490|-4563.299 -3827.002|-4560.943 -3828.103|-4558.426 -3828.793|-4555.833 -3829.026|-4553.239 -3828.804|-4550.723 -3828.137|-4548.360 -3827.036
4542 RICHARDSON RD SW,-4546.221 -3825.546|-4529.842 -3811.835|-4411.955 -3671.685|-4411.941 -3671.652|-4411.116 -3670.440|-4410.536 -3669.083|-4410.228 -3667.649|-4410.207 -3666.181|-4410.473 -3664.736|-4411.018 -3663.379|-4411.815 -3662.145|-4412.836 -3661.088|-4451.800 -3628.097|-4458.134 -3628.653|-4596.566 -3793.244|-4596.028 -3799.582|-4565.431 -3825.490|-4563.299 -3827.002|-4560.943 -3828.103|-4558.426 -3828.793|-4555.833 -3829.026|-4553.239 -3828.804|-4550.723 -3828.137|-4548.360 -3827.036
4544 RICHARDSON RD SW,-4546.221 -3825.546|-4529.842 -3811.835|-4411.955 -3671.685|-4411.941 -3671.652|-4411.116 -3670.440|-4410.536 -3669.083|-4410.228 -3667.649|-4410.207 -3666.181|-4410.473 -3664.736|-4411.018 -3663.379|-4411.815 -3662.145|-4412.836 -3661.088|-4451.800 -3628.097|-4458.134 -3628.653|-4596.566 -3793.244|-4596.028 -3799.582|-4565.431 -3825.490|-4563.299 -3827.002|-4560.943 -3828.103|-4558.426 -3828.793|-4555.833 -3829.026|-4553.239 -3828.804|-4550.723 -3828.137|-4548.360 -3827.036
4548 RICHARDSON RD SW,-4546.221 -3825.546|-4529.842 -3811.835|-4411.955 -3671.685|-4411.941 -3671.652|-4411.116 -3670.440|-4410.536 -3669.083|-4410.228 -3667.649|-4410.207 -3666.181|-4410.473 -3664.736|-4411.018 -3663.379|-4411.815 -3662.145|-4412.836 -3661.088|-4451.800 -3628.097|-4458.134 -3628.653|-4596.566 -3793.244|-4596.028 -3799.582|-4565.431 -3825.490|-4563.299 -3827.002|-4560.943 -3828.103|-4558.426 -3828.793|-4555.833 -3829.026|-4553.239 -3828.804|-4550.723 -3828.137|-4548.360 -3827.036
4546 RICHARDSON RD SW,-4546.221 -3825.546|-4529.842 -3811.835|-4411.955 -3671.685|-4411.941 -3671.652|-4411.116 -3670.440|-4410.536 -3669.083|-4410.228 -3667.649|-4410.207 -3666.181|-4410.473 -3664.736|-4411.018 -3663.379|-4411.815 -3662.145|-4412.836 -3661.088|-4451.800 -3628.097|-4458.134 -3628.653|-4596.566 -3793.244|-4596.028 -3799.582|-4565.431 -3825.490|-4563.299 -3827.002|-4560.943 -3828.103|-4558.426 -3828.793|-4555.833 -3829.026|-4553.239 -3828.804|-4550.723 -3828.137|-4548.360 -3827.036
4550 RICHARDSON RD SW,-4546.221 -3825.546|-4529.842 -3811.835|-4411.955 -3671.685|-4411.941 -3671.652|-4411.116 -3670.440|-4410.536 -3669.083|-4410.228 -3667.649|-4410.207 -3666.181|-4410.473 -3664.736|-4411.018 -3663.379|-4411.815 -3662.145|-4412.836 -3661.088|-4451.800 -3628.097|-4458.134 -3628.653|-4596.566 -3793.244|-4596.028 -3799.582|-4565.431 -3825.490|-4563.299 -3827.002|-4560.943 -3828.103|-4558.426 -3828.793|-4555.833 -3829.026|-4553.239 -3828.804|-4550.723 -3828.137|-4548.360 -3827.036
4552 RICHARDSON RD SW,-4546.221 -3825.546|-4529.842 -3811.835|-4411.955 -3671.685|-4411.941 -3671.652|-4411.116 -3670.440|-4410.536 -3669.083|-4410.228 -3667.649|-4410.207 -3666.181|-4410.473 -3664.736|-4411.018 -3663.379|-4411.815 -3662.145|-4412.836 -3661.088|-4451.800 -3628.097|-4458.134 -3628.653|-4596.566 -3793.244|-4596.028 -3799.582|-4565.431 -3825.490|-4563.299 -3827.002|-4560.943 -3828.103|-4558.426 -3828.793|-4555.833 -3829.026|-4553.239 -3828.804|-4550.723 -3828.137|-4548.360 -3827.036
4556 RICHARDSON RD SW,-4546.221 -3825.546|-4529.842 -3811.835|-4411.955 -3671.685|-4411.941 -3671.652|-4411.116 -3670.440|-4410.536 -3669.083|-4410.228 -3667.649|-4410.207 -3666.181|-4410.473 -3664.736|-4411.018 -3663.379|-4411.815 -3662.145|-4412.836 -3661.088|-4451.800 -3628.097|-4458.134 -3628.653|-4596.566 -3793.244|-4596.028 -3799.582|-4565.431 -3825.490|-4563.299 -3827.002|-4560.943 -3828.103|-4558.426 -3828.793|-4555.833 -3829.026|-4553.239 -3828.804|-4550.723 -3828.137|-4548.360 -3827.036
4554 RICHARDSON RD SW,-4546.221 -3825.546|-4529.842 -3811.835|-4411.955 -3671.685|-4411.941 -3671.652|-4411.116 -3670.440|-4410.536 -3669.083|-4410.228 -3667.649|-4410.207 -3666.181|-4410.473 -3664.736|-4411.018 -3663.379|-4411.815 -3662.145|-4412.836 -3661.088|-4451.800 -3628.097|-4458.134 -3628.653|-4596.566 -3793.244|-4596.028 -3799.582|-4565.431 -3825.490|-4563.299 -3827.002|-4560.943 -3828.103|-4558.426 -3828.793|-4555.833 -3829.026|-4553.239 -3828.804|-4550.723 -3828.137|-4548.360 -3827.036
4558 RICHARDSON RD SW,-4546.221 -3825.546|-4529.842 -3811.835|-4411.955 -3671.685|-4411.941 -3671.652|-4411.116 -3670.440|-4410.536 -3669.083|-4410.228 -3667.649|-4410.207 -3666.181|-4410.473 -3664.736|-4411.018 -3663.379|-4411.815 -3662.145|-4412.836 -3661.088|-4451.800 -3628.097|-4458.134 -3628.653|-4596.566 -3793.244|-4596.028 -3799.582|-4565.431 -3825.490|-4563.299 -3827.002|-4560.943 -3828.103|-4558.426 -3828.793|-4555.833 -3829.026|-4553.239 -3828.804|-4550.723 -3828.137|-4548.360 -3827.036
4560 RICHARDSON RD SW,-4546.221 -3825.546|-4529.842 -3811.835|-4411.955 -3671.685|-4411.941 -3671.652|-4411.116 -3670.440|-4410.536 -3669.083|-4410.228 -3667.649|-4410.207 -3666.181|-4410.473 -3664.736|-4411.018 -3663.379|-4411.815 -3662.145|-4412.836 -3661.088|-4451.800 -3628.097|-4458.134 -3628.653|-4596.566 -3793.244|-4596.028 -3799.582|-4565.431 -3825.490|-4563.299 -3827.002|-4560.943 -3828.103|-4558.426 -3828.793|-4555.833 -3829.026|-4553.239 -3828.804|-4550.723 -3828.137|-4548.360 -3827.036
4562 RICHARDSON RD SW,-4546.221 -3825.546|-4529.842 -3811.835|-4411.955 -3671.685|-4411.941 -3671.652|-4411.116 -3670.440|-4410.536 -3669.083|-4410.228 -3667.649|-4410.207 -3666.181|-4410.473 -3664.736|-4411.018 -3663.379|-4411.815 -3662.145|-4412.836 -3661.088|-4451.800 -3628.097|-4458.134 -3628.653|-4596.566 -3793.244|-4596.028 -3799.582|-4565.431 -3825.490|-4563.299 -3827.002|-4560.943 -3828.103|-4558.426 -3828.793|-4555.833 -3829.026|-4553.239 -3828.804|-4550.723 -3828.137|-4548.360 -3827.036
4564 RICHARDSON RD SW,-4546.221 -3825.546|-4529.842 -3811.835|-4411.955 -3671.685|-4411.941 -3671.652|-4411.116 -3670.440|-4410.536 -3669.083|-4410.228 -3667.649|-4410.207 -3666.181|-4410.473 -3664.736|-4411.018 -3663.379|-4411.815 -3662.145|-4412.836 -3661.088|-4451.800 -3628.097|-4458.134 -3628.653|-4596.566 -3793.244|-4596.028 -3799.582|-4565.431 -3825.490|-4563.299 -3827.002|-4560.943 -3828.103|-4558.426 -3828.793|-4555.833 -3829.026|-4553.239 -3828.804|-4550.723 -3828.137|-4548.360 -3827.036
4405 RICHARDSON WY SW,-4546.221 -3825.546|-4529.842 -3811.835|-4411.955 -3671.685|-4411.941 -3671.652|-4411.116 -3670.440|-4410.536 -3669.083|-4410.228 -3667.649|-4410.207 -3666.181|-4410.473 -3664.736|-4411.018 -3663.379|-4411.815 -3662.145|-4412.836 -3661.088|-4451.800 -3628.097|-4458.134 -3628.653|-4596.566 -3793.244|-4596.028 -3799.582|-4565.431 -3825.490|-4563.299 -3827.002|-4560.943 -3828.103|-4558.426 -3828.793|-4555.833 -3829.026|-4553.239 -3828.804|-4550.723 -3828.137|-4548.360 -3827.036
4407 RICHARDSON WY SW,-4546.221 -3825.546|-4529.842 -3811.835|-4411.955 -3671.685|-4411.941 -3671.652|-4411.116 -3670.440|-4410.536 -3669.083|-4410.228 -3667.649|-4410.207 -3666.181|-4410.473 -3664.736|-4411.018 -3663.379|-4411.815 -3662.145|-4412.836 -3661.088|-4451.800 -3628.097|-4458.134 -3628.653|-4596.566 -3793.244|-4596.028 -3799.582|-4565.431 -3825.490|-4563.299 -3827.002|-4560.943 -3828.103|-4558.426 -3828.793|-4555.833 -3829.026|-4553.239 -3828.804|-4550.723 -3828.137|-4548.360 -3827.036
4411 RICHARDSON WY SW,-4546.221 -3825.546|-4529.842 -3811.835|-4411.955 -3671.685|-4411.941 -3671.652|-4411.116 -3670.440|-4410.536 -3669.083|-4410.228 -3667.649|-4410.207 -3666.181|-4410.473 -3664.736|-4411.018 -3663.379|-4411.815 -3662.145|-4412.836 -3661.088|-4451.800 -3628.097|-4458.134 -3628.653|-4596.566 -3793.244|-4596.028 -3799.582|-4565.431 -3825.490|-4563.299 -3827.002|-4560.943 -3828.103|-4558.426 -3828.793|-4555.833 -3829.026|-4553.239 -3828.804|-4550.723 -3828.137|-4548.360 -3827.036
4409 RICHARDSON WY SW,-4546.221 -3825.546|-4529.842 -3811.835|-4411.955 -3671.685|-4411.941 -3671.652|-4411.116 -3670.440|-4410.536 -3669.083|-4410.228 -3667.649|-4410.207 -3666.181|-4410.473 -3664.736|-4411.018 -3663.379|-4411.815 -3662.145|-4412.836 -3661.088|-4451.800 -3628.097|-4458.134 -3628.653|-4596.566 -3793.244|-4596.028 -3799.582|-4565.431 -3825.490|-4563.299 -3827.002|-4560.943 -3828.103|-4558.426 -3828.793|-4555.833 -3829.026|-4553.239 -3828.804|-4550.723 -3828.137|-4548.360 -3827.036
4415 RICHARDSON WY SW,-4546.221 -3825.546|-4529.842 -3811.835|-4411.955 -3671.685|-4411.941 -3671.652|-4411.116 -3670.440|-4410.536 -3669.083|-4410.228 -3667.649|-4410.207 -3666.181|-4410.473 -3664.736|-4411.018 -3663.379|-4411.815 -3662.145|-4412.836 -3661.088|-4451.800 -3628.097|-4458.134 -3628.653|-4596.566 -3793.244|-4596.028 -3799.582|-4565.431 -3825.490|-4563.299 -3827.002|-4560.943 -3828.103|-4558.426 -3828.793|-4555.833 -3829.026|-4553.239 -3828.804|-4550.723 -3828.137|-4548.360 -3827.036
4413 RICHARDSON WY SW,-4546.221 -3825.546|-4529.842 -3811.835|-4411.955 -3671.685|-4411.941 -3671.652|-4411.116 -3670.440|-4410.536 -3669.083|-4410.228 -3667.649|-4410.207 -3666.181|-4410.473 -3664.736|-4411.018 -3663.379|-4411.815 -3662.145|-4412.836 -3661.088|-4451.800 -3628.097|-4458.134 -3628.653|-4596.566 -3793.244|-4596.028 -3799.582|-4565.431 -3825.490|-4563.299 -3827.002|-4560.943 -3828.103|-4558.426 -3828.793|-4555.833 -3829.026|-4553.239 -3828.804|-4550.723 -3828.137|-4548.360 -3827.036
4419 RICHARDSON WY SW,-4546.221 -3825.546|-4529.842 -3811.835|-4411.955 -3671.685|-4411.941 -3671.652|-4411.116 -3670.440|-4410.536 -3669.083|-4410.228 -3667.649|-4410.207 -3666.181|-4410.473 -3664.736|-4411.018 -3663.379|-4411.815 -3662.145|-4412.836 -3661.088|-4451.800 -3628.097|-4458.134 -3628.653|-4596.566 -3793.244|-4596.028 -3799.582|-4565.431 -3825.490|-4563.299 -3827.002|-4560.943 -3828.103|-4558.426 -3828.793|-4555.833 -3829.026|-4553.239 -3828.804|-4550.723 -3828.137|-4548.360 -3827.036
4417 RICHARDSON WY SW,-4546.221 -3825.546|-4529.842 -3811.835|-4411.955 -3671.685|-4411.941 -3671.652|-4411.116 -3670.440|-4410.536 -3669.083|-4410.228 -3667.649|-4410.207 -3666.181|-4410.473 -3664.736|-4411.018 -3663.379|-4411.815 -3662.145|-4412.836 -3661.088|-4451.800 -3628.097|-4458.134 -3628.653|-4596.566 -3793.244|-4596.028 -3799.582|-4565.431 -3825.490|-4563.299 -3827.002|-4560.943 -3828.103|-4558.426 -3828.793|-4555.833 -3829.026|-4553.239 -3828.804|-4550.723 -3828.137|-4548.360 -3827.036
4421 RICHARDSON WY SW,-4546.221 -3825.546|-4529.842 -3811.835|-4411.955 -3671.685|-4411.941 -3671.652|-4411.116 -3670.440|-4410.536 -3669.083|-4410.228 -3667.649|-4410.207 -3666.181|-4410.473 -3664.736|-4411.018 -3663.379|-4411.815 -3662.145|-4412.836 -3661.088|-4451.800 -3628.097|-4458.134 -3628.653|-4596.566 -3793.244|-4596.028 -3799.582|-4565.431 -3825.490|-4563.299 -3827.002|-4560.943 -3828.103|-4558.426 -3828.793|-4555.833 -3829.026|-4553.239 -3828.804|-4550.723 -3828.137|-4548.360 -3827.036
4423 RICHARDSON WY SW,-4546.221 -3825.546|-4529.842 -3811.835|-4411.955 -3671.685|-4411.941 -3671.652|-4411.116 -3670.440|-4410.536 -3669.083|-4410.228 -3667.649|-4410.207 -3666.181|-4410.473 -3664.736|-4411.018 -3663.379|-4411.815 -3662.145|-4412.836 -3661.088|-4451.800 -3628.097|-4458.134 -3628.653|-4596.566 -3793.244|-4596.028 -3799.582|-4565.431 -3825.490|-4563.299 -3827.002|-4560.943 -3828.103|-4558.426 -3828.793|-4555.833 -3829.026|-4553.239 -3828.804|-4550.723 -3828.137|-4548.360 -3827.036
4425 RICHARDSON WY SW,-4546.221 -3825.546|-4529.842 -3811.835|-4411.955 -3671.685|-4411.941 -3671.652|-4411.116 -3670.440|-4410.536 -3669.083|-4410.228 -3667.649|-4410.207 -3666.181|-4410.473 -3664.736|-4411.018 -3663.379|-4411.815 -3662.145|-4412.836 -3661.088|-4451.800 -3628.097|-4458.134 -3628.653|-4596.566 -3793.244|-4596.028 -3799.582|-4565.431 -3825.490|-4563.299 -3827.002|-4560.943 -3828.103|-4558.426 -3828.793|-4555.833 -3829.026|-4553.239 -3828.804|-4550.723 -3828.137|-4548.360 -3827.036
4427 RICHARDSON WY SW,-4546.221 -3825.546|-4529.842 -3811.835|-4411.955 -3671.685|-4411.941 -3671.652|-4411.116 -3670.440|-4410.536 -3669.083|-4410.228 -3667.649|-4410.207 -3666.181|-4410.473 -3664.736|-4411.018 -3663.379|-4411.815 -3662.145|-4412.836 -3661.088|-4451.800 -3628.097|-4458.134 -3628.653|-4596.566 -3793.244|-4596.028 -3799.582|-4565.431 -3825.490|-4563.299 -3827.002|-4560.943 -3828.103|-4558.426 -3828.793|-4555.833 -3829.026|-4553.239 -3828.804|-4550.723 -3828.137|-4548.360 -3827.036
4429 RICHARDSON WY SW,-4546.221 -3825.546|-4529.842 -3811.835|-4411.955 -3671.685|-4411.941 -3671.652|-4411.116 -3670.440|-4410.536 -3669.083|-4410.228 -3667.649|-4410.207 -3666.181|-4410.473 -3664.736|-4411.018 -3663.379|-4411.815 -3662.145|-4412.836 -3661.088|-4451.800 -3628.097|-4458.134 -3628.653|-4596.566 -3793.244|-4596.028 -3799.582|-4565.431 -3825.490|-4563.299 -3827.002|-4560.943 -3828.103|-4558.426 -3828.793|-4555.833 -3829.026|-4553.239 -3828.804|-4550.723 -3828.137|-4548.360 -3827.036
4431 RICHARDSON WY SW,-4546.221 -3825.546|-4529.842 -3811.835|-4411.955 -3671.685|-4411.941 -3671.652|-4411.116 -3670.440|-4410.536 -3669.083|-4410.228 -3667.649|-4410.207 -3666.181|-4410.473 -3664.736|-4411.018 -3663.379|-4411.815 -3662.145|-4412.836 -3661.088|-4451.800 -3628.097|-4458.134 -3628.653|-4596.566 -3793.244|-4596.028 -3799.582|-4565.431 -3825.490|-4563.299 -3827.002|-4560.943 -3828.103|-4558.426 -3828.793|-4555.833 -3829.026|-4553.239 -3828.804|-4550.723 -3828.137|-4548.360 -3827.036
4435 RICHARDSON WY SW,-4546.221 -3825.546|-4529.842 -3811.835|-4411.955 -3671.685|-4411.941 -3671.652|-4411.116 -3670.440|-4410.536 -3669.083|-4410.228 -3667.649|-4410.207 -3666.181|-4410.473 -3664.736|-4411.018 -3663.379|-4411.815 -3662.145|-4412.836 -3661.088|-4451.800 -3628.097|-4458.134 -3628.653|-4596.566 -3793.244|-4596.028 -3799.582|-4565.431 -3825.490|-4563.299 -3827.002|-4560.943 -3828.103|-4558.426 -3828.793|-4555.833 -3829.026|-4553.239 -3828.804|-4550.723 -3828.137|-4548.360 -3827.036
4433 RICHARDSON WY SW,-4546.221 -3825.546|-4529.842 -3811.835|-4411.955 -3671.685|-4411.941 -3671.652|-4411.116 -3670.440|-4410.536 -3669.083|-4410.228 -3667.649|-4410.207 -3666.181|-4410.473 -3664.736|-4411.018 -3663.379|-4411.815 -3662.145|-4412.836 -3661.088|-4451.800 -3628.097|-4458.134 -3628.653|-4596.566 -3793.244|-4596.028 -3799.582|-4565.431 -3825.490|-4563.299 -3827.002|-4560.943 -3828.103|-4558.426 -3828.793|-4555.833 -3829.026|-4553.239 -3828.804|-4550.723 -3828.137|-4548.360 -3827.036
4439 RICHARDSON WY SW,-4546.221 -3825.546|-4529.842 -3811.835|-4411.955 -3671.685|-4411.941 -3671.652|-4411.116 -3670.440|-4410.536 -3669.083|-4410.228 -3667.649|-4410.207 -3666.181|-4410.473 -3664.736|-4411.018 -3663.379|-4411.815 -3662.145|-4412.836 -3661.088|-4451.800 -3628.097|-4458.134 -3628.653|-4596.566 -3793.244|-4596.028 -3799.582|-4565.431 -3825.490|-4563.299 -3827.002|-4560.943 -3828.103|-4558.426 -3828.793|-4555.833 -3829.026|-4553.239 -3828.804|-4550.723 -3828.137|-4548.360 -3827.036
4437 RICHARDSON WY SW,-4546.221 -3825.546|-4529.842 -3811.835|-4411.955 -3671.685|-4411.941 -3671.652|-4411.116 -3670.440|-4410.536 -3669.083|-4410.228 -3667.649|-4410.207 -3666.181|-4410.473 -3664.736|-4411.018 -3663.379|-4411.815 -3662.145|-4412.836 -3661.088|-4451.800 -3628.097|-4458.134 -3628.653|-4596.566 -3793.244|-4596.028 -3799.582|-4565.431 -3825.490|-4563.299 -3827.002|-4560.943 -3828.103|-4558.426 -3828.793|-4555.833 -3829.026|-4553.239 -3828.804|-4550.723 -3828.137|-4548.360 -3827.036
4443 RICHARDSON WY SW,-4546.221 -3825.546|-4529.842 -3811.835|-4411.955 -3671.685|-4411.941 -3671.652|-4411.116 -3670.440|-4410.536 -3669.083|-4410.228 -3667.649|-4410.207 -3666.181|-4410.473 -3664.736|-4411.018 -3663.379|-4411.815 -3662.145|-4412.836 -3661.088|-4451.800 -3628.097|-4458.134 -3628.653|-4596.566 -3793.244|-4596.028 -3799.582|-4565.431 -3825.490|-4563.299 -3827.002|-4560.943 -3828.103|-4558.426 -3828.793|-4555.833 -3829.026|-4553.239 -3828.804|-4550.723 -3828.137|-4548.360 -3827.036
4441 RICHARDSON WY SW,-4546.221 -3825.546|-4529.842 -3811.835|-4411.955 -3671.685|-4411.941 -3671.652|-4411.116 -3670.440|-4410.536 -3669.083|-4410.228 -3667.649|-4410.207 -3666.181|-4410.473 -3664.736|-4411.018 -3663.379|-4411.815 -3662.145|-4412.836 -3661.088|-4451.800 -3628.097|-4458.134 -3628.653|-4596.566 -3793.244|-4596.028 -3799.582|-4565.431 -3825.490|-4563.299 -3827.002|-4560.943 -3828.103|-4558.426 -3828.793|-4555.833 -3829.026|-4553.239 -3828.804|-4550.723 -3828.137|-4548.360 -3827.036
4445 RICHARDSON WY SW,-4546.221 -3825.546|-4529.842 -3811.835|-4411.955 -3671.685|-4411.941 -3671.652|-4411.116 -3670.440|-4410.536 -3669.083|-4410.228 -3667.649|-4410.207 -3666.181|-4410.473 -3664.736|-4411.018 -3663.379|-4411.815 -3662.145|-4412.836 -3661.088|-4451.800 -3628.097|-4458.134 -3628.653|-4596.566 -3793.244|-4596.028 -3799.582|-4565.431 -3825.490|-4563.299 -3827.002|-4560.943 -3828.103|-4558.426 -3828.793|-4555.833 -3829.026|-4553.239 -3828.804|-4550.723 -3828.137|-4548.360 -3827.036
4447 RICHARDSON WY SW,-4546.221 -3825.546|-4529.842 -3811.835|-4411.955 -3671.685|-4411.941 -3671.652|-4411.116 -3670.440|-4410.536 -3669.083|-4410.228 -3667.649|-4410.207 -3666.181|-4410.473 -3664.736|-4411.018 -3663.379|-4411.815 -3662.145|-4412.836 -3661.088|-4451.800 -3628.097|-4458.134 -3628.653|-4596.566 -3793.244|-4596.028 -3799.582|-4565.431 -3825.490|-4563.299 -3827.002|-4560.943 -3828.103|-4558.426 -3828.793|-4555.833 -3829.026|-4553.239 -3828.804|-4550.723 -3828.137|-4548.360 -3827.036
4449 RICHARDSON WY SW,-4546.221 -3825.546|-4529.842 -3811.835|-4411.955 -3671.685|-4411.941 -3671.652|-4411.116 -3670.440|-4410.536 -3669.083|-4410.228 -3667.649|-4410.207 -3666.181|-4410.473 -3664.736|-4411.018 -3663.379|-4411.815 -3662.145|-4412.836 -3661.088|-4451.800 -3628.097|-4458.134 -3628.653|-4596.566 -3793.244|-4596.028 -3799.582|-4565.431 -3825.490|-4563.299 -3827.002|-4560.943 -3828.103|-4558.426 -3828.793|-4555.833 -3829.026|-4553.239 -3828.804|-4550.723 -3828.137|-4548.360 -3827.036
4451 RICHARDSON WY SW,-4546.221 -3825.546|-4529.842 -3811.835|-4411.955 -3671.685|-4411.941 -3671.652|-4411.116 -3670.440|-4410.536 -3669.083|-4410.228 -3667.649|-4410.207 -3666.181|-4410.473 -3664.736|-4411.018 -3663.379|-4411.815 -3662.145|-4412.836 -3661.088|-4451.800 -3628.097|-4458.134 -3628.653|-4596.566 -3793.244|-4596.028 -3799.582|-4565.431 -3825.490|-4563.299 -3827.002|-4560.943 -3828.103|-4558.426 -3828.793|-4555.833 -3829.026|-4553.239 -3828.804|-4550.723 -3828.137|-4548.360 -3827.036
4453 RICHARDSON WY SW,-4546.221 -3825.546|-4529.842 -3811.835|-4411.955 -3671.685|-4411.941 -3671.652|-4411.116 -3670.440|-4410.536 -3669.083|-4410.228 -3667.649|-4410.207 -3666.181|-4410.473 -3664.736|-4411.018 -3663.379|-4411.815 -3662.145|-4412.836 -3661.088|-4451.800 -3628.097|-4458.134 -3628.653|-4596.566 -3793.244|-4596.028 -3799.582|-4565.431 -3825.490|-4563.299 -3827.002|-4560.943 -3828.103|-4558.426 -3828.793|-4555.833 -3829.026|-4553.239 -3828.804|-4550.723 -3828.137|-4548.360 -3827.036
4455 RICHARDSON WY SW,-4546.221 -3825.546|-4529.842 -3811.835|-4411.955 -3671.685|-4411.941 -3671.652|-4411.116 -3670.440|-4410.536 -3669.083|-4410.228 -3667.649|-4410.207 -3666.181|-4410.473 -3664.736|-4411.018 -3663.379|-4411.815 -3662.145|-4412.836 -3661.088|-4451.800 -3628.097|-4458.134 -3628.653|-4596.566 -3793.244|-4596.028 -3799.582|-4565.431 -3825.490|-4563.299 -3827.002|-4560.943 -3828.103|-4558.426 -3828.793|-4555.833 -3829.026|-4553.239 -3828.804|-4550.723 -3828.137|-4548.360 -3827.036
4457 RICHARDSON WY SW,-4546.221 -3825.546|-4529.842 -3811.835|-4411.955 -3671.685|-4411.941 -3671.652|-4411.116 -3670.440|-4410.536 -3669.083|-4410.228 -3667.649|-4410.207 -3666.181|-4410.473 -3664.736|-4411.018 -3663.379|-4411.815 -3662.145|-4412.836 -3661.088|-4451.800 -3628.097|-4458.134 -3628.653|-4596.566 -3793.244|-4596.028 -3799.582|-4565.431 -3825.490|-4563.299 -3827.002|-4560.943 -3828.103|-4558.426 -3828.793|-4555.833 -3829.026|-4553.239 -3828.804|-4550.723 -3828.137|-4548.360 -3827.036
4459 RICHARDSON WY SW,-4546.221 -3825.546|-4529.842 -3811.835|-4411.955 -3671.685|-4411.941 -3671.652|-4411.116 -3670.440|-4410.536 -3669.083|-4410.228 -3667.649|-4410.207 -3666.181|-4410.473 -3664.736|-4411.018 -3663.379|-4411.815 -3662.145|-4412.836 -3661.088|-4451.800 -3628.097|-4458.134 -3628.653|-4596.566 -3793.244|-4596.028 -3799.582|-4565.431 -3825.490|-4563.299 -3827.002|-4560.943 -3828.103|-4558.426 -3828.793|-4555.833 -3829.026|-4553.239 -3828.804|-4550.723 -3828.137|-4548.360 -3827.036
4463 RICHARDSON WY SW,-4546.221 -3825.546|-4529.842 -3811.835|-4411.955 -3671.685|-4411.941 -3671.652|-4411.116 -3670.440|-4410.536 -3669.083|-4410.228 -3667.649|-4410.207 -3666.181|-4410.473 -3664.736|-4411.018 -3663.379|-4411.815 -3662.145|-4412.836 -3661.088|-4451.800 -3628.097|-4458.134 -3628.653|-4596.566 -3793.244|-4596.028 -3799.582|-4565.431 -3825.490|-4563.299 -3827.002|-4560.943 -3828.103|-4558.426 -3828.793|-4555.833 -3829.026|-4553.239 -3828.804|-4550.723 -3828.137|-4548.360 -3827.036
4461 RICHARDSON WY SW,-4546.221 -3825.546|-4529.842 -3811.835|-4411.955 -3671.685|-4411.941 -3671.652|-4411.116 -3670.440|-4410.536 -3669.083|-4410.228 -3667.649|-4410.207 -3666.181|-4410.473 -3664.736|-4411.018 -3663.379|-4411.815 -3662.145|-4412.836 -3661.088|-4451.800 -3628.097|-4458.134 -3628.653|-4596.566 -3793.244|-4596.028 -3799.582|-4565.431 -3825.490|-4563.299 -3827.002|-4560.943 -3828.103|-4558.426 -3828.793|-4555.833 -3829.026|-4553.239 -3828.804|-4550.723 -3828.137|-4548.360 -3827.036
4467 RICHARDSON WY SW,-4546.221 -3825.546|-4529.842 -3811.835|-4411.955 -3671.685|-4411.941 -3671.652|-4411.116 -3670.440|-4410.536 -3669.083|-4410.228 -3667.649|-4410.207 -3666.181|-4410.473 -3664.736|-4411.018 -3663.379|-4411.815 -3662.145|-4412.836 -3661.088|-4451.800 -3628.097|-4458.134 -3628.653|-4596.566 -3793.244|-4596.028 -3799.582|-4565.431 -3825.490|-4563.299 -3827.002|-4560.943 -3828.103|-4558.426 -3828.793|-4555.833 -3829.026|-4553.239 -3828.804|-4550.723 -3828.137|-4548.360 -3827.036
4469 RICHARDSON WY SW,-4546.221 -3825.546|-4529.842 -3811.835|-4411.955 -3671.685|-4411.941 -3671.652|-4411.116 -3670.440|-4410.536 -3669.083|-4410.228 -3667.649|-4410.207 -3666.181|-4410.473 -3664.736|-4411.018 -3663.379|-4411.815 -3662.145|-4412.836 -3661.088|-4451.800 -3628.097|-4458.134 -3628.653|-4596.566 -3793.244|-4596.028 -3799.582|-4565.431 -3825.490|-4563.299 -3827.002|-4560.943 -3828.103|-4558.426 -3828.793|-4555.833 -3829.026|-4553.239 -3828.804|-4550.723 -3828.137|-4548.360 -3827.036
4473 RICHARDSON WY SW,-4546.221 -3825.546|-4529.842 -3811.835|-4411.955 -3671.685|-4411.941 -3671.652|-4411.116 -3670.440|-4410.536 -3669.083|-4410.228 -3667.649|-4410.207 -3666.181|-4410.473 -3664.736|-4411.018 -3663.379|-4411.815 -3662.145|-4412.836 -3661.088|-4451.800 -3628.097|-4458.134 -3628.653|-4596.566 -3793.244|-4596.028 -3799.582|-4565.431 -3825.490|-4563.299 -3827.002|-4560.943 -3828.103|-4558.426 -3828.793|-4555.833 -3829.026|-4553.239 -3828.804|-4550.723 -3828.137|-4548.360 -3827.036
4471 RICHARDSON WY SW,-4546.221 -3825.546|-4529.842 -3811.835|-4411.955 -3671.685|-4411.941 -3671.652|-4411.116 -3670.440|-4410.536 -3669.083|-4410.228 -3667.649|-4410.207 -3666.181|-4410.473 -3664.736|-4411.018 -3663.379|-4411.815 -3662.145|-4412.836 -3661.088|-4451.800 -3628.097|-4458.134 -3628.653|-4596.566 -3793.244|-4596.028 -3799.582|-4565.431 -3825.490|-4563.299 -3827.002|-4560.943 -3828.103|-4558.426 -3828.793|-4555.833 -3829.026|-4553.239 -3828.804|-4550.723 -3828.137|-4548.360 -3827.036
4477 RICHARDSON WY SW,-4546.221 -3825.546|-4529.842 -3811.835|-4411.955 -3671.685|-4411.941 -3671.652|-4411.116 -3670.440|-4410.536 -3669.083|-4410.228 -3667.649|-4410.207 -3666.181|-4410.473 -3664.736|-4411.018 -3663.379|-4411.815 -3662.145|-4412.836 -3661.088|-4451.800 -3628.097|-4458.134 -3628.653|-4596.566 -3793.244|-4596.028 -3799.582|-4565.431 -3825.490|-4563.299 -3827.002|-4560.943 -3828.103|-4558.426 -3828.793|-4555.833 -3829.026|-4553.239 -3828.804|-4550.723 -3828.137|-4548.360 -3827.036
4475 RICHARDSON WY SW,-4546.221 -3825.546|-4529.842 -3811.835|-4411.955 -3671.685|-4411.941 -3671.652|-4411.116 -3670.440|-4410.536 -3669.083|-4410.228 -3667.649|-4410.207 -3666.181|-4410.473 -3664.736|-4411.018 -3663.379|-4411.815 -3662.145|-4412.836 -3661.088|-4451.800 -3628.097|-4458.134 -3628.653|-4596.566 -3793.244|-4596.028 -3799.582|-4565.431 -3825.490|-4563.299 -3827.002|-4560.943 -3828.103|-4558.426 -3828.793|-4555.833 -3829.026|-4553.239 -3828.804|-4550.723 -3828.137|-4548.360 -3827.036
4481 RICHARDSON WY SW,-4546.221 -3825.546|-4529.842 -3811.835|-4411.955 -3671.685|-4411.941 -3671.652|-4411.116 -3670.440|-4410.536 -3669.083|-4410.228 -3667.649|-4410.207 -3666.181|-4410.473 -3664.736|-4411.018 -3663.379|-4411.815 -3662.145|-4412.836 -3661.088|-4451.800 -3628.097|-4458.134 -3628.653|-4596.566 -3793.244|-4596.028 -3799.582|-4565.431 -3825.490|-4563.299 -3827.002|-4560.943 -3828.103|-4558.426 -3828.793|-4555.833 -3829.026|-4553.239 -3828.804|-4550.723 -3828.137|-4548.360 -3827.036
4479 RICHARDSON WY SW,-4546.221 -3825.546|-4529.842 -3811.835|-4411.955 -3671.685|-4411.941 -3671.652|-4411.116 -3670.440|-4410.536 -3669.083|-4410.228 -3667.649|-4410.207 -3666.181|-4410.473 -3664.736|-4411.018 -3663.379|-4411.815 -3662.145|-4412.836 -3661.088|-4451.800 -3628.097|-4458.134 -3628.653|-4596.566 -3793.244|-4596.028 -3799.582|-4565.431 -3825.490|-4563.299 -3827.002|-4560.943 -3828.103|-4558.426 -3828.793|-4555.833 -3829.026|-4553.239 -3828.804|-4550.723 -3828.137|-4548.360 -3827.036
4485 RICHARDSON WY SW,-4546.221 -3825.546|-4529.842 -3811.835|-4411.955 -3671.685|-4411.941 -3671.652|-4411.116 -3670.440|-4410.536 -3669.083|-4410.228 -3667.649|-4410.207 -3666.181|-4410.473 -3664.736|-4411.018 -3663.379|-4411.815 -3662.145|-4412.836 -3661.088|-4451.800 -3628.097|-4458.134 -3628.653|-4596.566 -3793.244|-4596.028 -3799.582|-4565.431 -3825.490|-4563.299 -3827.002|-4560.943 -3828.103|-4558.426 -3828.793|-4555.833 -3829.026|-4553.239 -3828.804|-4550.723 -3828.137|-4548.360 -3827.036
4483 RICHARDSON WY SW,-4546.221 -3825.546|-4529.842 -3811.835|-4411.955 -3671.685|-4411.941 -3671.652|-4411.116 -3670.440|-4410.536 -3669.083|-4410.228 -3667.649|-4410.207 -3666.181|-4410.473 -3664.736|-4411.018 -3663.379|-4411.815 -3662.145|-4412.836 -3661.088|-4451.800 -3628.097|-4458.134 -3628.653|-4596.566 -3793.244|-4596.028 -3799.582|-4565.431 -3825.490|-4563.299 -3827.002|-4560.943 -3828.103|-4558.426 -3828.793|-4555.833 -3829.026|-4553.239 -3828.804|-4550.723 -3828.137|-4548.360 -3827.036
4495 RICHARDSON WY SW,-4546.221 -3825.546|-4529.842 -3811.835|-4411.955 -3671.685|-4411.941 -3671.652|-4411.116 -3670.440|-4410.536 -3669.083|-4410.228 -3667.649|-4410.207 -3666.181|-4410.473 -3664.736|-4411.018 -3663.379|-4411.815 -3662.145|-4412.836 -3661.088|-4451.800 -3628.097|-4458.134 -3628.653|-4596.566 -3793.244|-4596.028 -3799.582|-4565.431 -3825.490|-4563.299 -3827.002|-4560.943 -3828.103|-4558.426 -3828.793|-4555.833 -3829.026|-4553.239 -3828.804|-4550.723 -3828.137|-4548.360 -3827.036
4489 RICHARDSON WY SW,-4546.221 -3825.546|-4529.842 -3811.835|-4411.955 -3671.685|-4411.941 -3671.652|-4411.116 -3670.440|-4410.536 -3669.083|-4410.228 -3667.649|-4410.207 -3666.181|-4410.473 -3664.736|-4411.018 -3663.379|-4411.815 -3662.145|-4412.836 -3661.088|-4451.800 -3628.097|-4458.134 -3628.653|-4596.566 -3793.244|-4596.028 -3799.582|-4565.431 -3825.490|-4563.299 -3827.002|-4560.943 -3828.103|-4558.426 -3828.793|-4555.833 -3829.026|-4553.239 -3828.804|-4550.723 -3828.137|-4548.360 -3827.036
4493 RICHARDSON WY SW,-4546.221 -3825.546|-4529.842 -3811.835|-4411.955 -3671.685|-4411.941 -3671.652|-4411.116 -3670.440|-4410.536 -3669.083|-4410.228 -3667.649|-4410.207 -3666.181|-4410.473 -3664.736|-4411.018 -3663.379|-4411.815 -3662.145|-4412.836 -3661.088|-4451.800 -3628.097|-4458.134 -3628.653|-4596.566 -3793.244|-4596.028 -3799.582|-4565.431 -3825.490|-4563.299 -3827.002|-4560.943 -3828.103|-4558.426 -3828.793|-4555.833 -3829.026|-4553.239 -3828.804|-4550.723 -3828.137|-4548.360 -3827.036
4497 RICHARDSON WY SW,-4546.221 -3825.546|-4529.842 -3811.835|-4411.955 -3671.685|-4411.941 -3671.652|-4411.116 -3670.440|-4410.536 -3669.083|-4410.228 -3667.649|-4410.207 -3666.181|-4410.473 -3664.736|-4411.018 -3663.379|-4411.815 -3662.145|-4412.836 -3661.088|-4451.800 -3628.097|-4458.134 -3628.653|-4596.566 -3793.244|-4596.028 -3799.582|-4565.431 -3825.490|-4563.299 -3827.002|-4560.943 -3828.103|-4558.426 -3828.793|-4555.833 -3829.026|-4553.239 -3828.804|-4550.723 -3828.137|-4548.360 -3827.036
4511 RICHARDSON WY SW,-4546.221 -3825.546|-4529.842 -3811.835|-4411.955 -3671.685|-4411.941 -3671.652|-4411.116 -3670.440|-4410.536 -3669.083|-4410.228 -3667.649|-4410.207 -3666.181|-4410.473 -3664.736|-4411.018 -3663.379|-4411.815 -3662.145|-4412.836 -3661.088|-4451.800 -3628.097|-4458.134 -3628.653|-4596.566 -3793.244|-4596.028 -3799.582|-4565.431 -3825.490|-4563.299 -3827.002|-4560.943 -3828.103|-4558.426 -3828.793|-4555.833 -3829.026|-4553.239 -3828.804|-4550.723 -3828.137|-4548.360 -3827.036
4501 RICHARDSON WY SW,-4546.221 -3825.546|-4529.842 -3811.835|-4411.955 -3671.685|-4411.941 -3671.652|-4411.116 -3670.440|-4410.536 -3669.083|-4410.228 -3667.649|-4410.207 -3666.181|-4410.473 -3664.736|-4411.018 -3663.379|-4411.815 -3662.145|-4412.836 -3661.088|-4451.800 -3628.097|-4458.134 -3628.653|-4596.566 -3793.244|-4596.028 -3799.582|-4565.431 -3825.490|-4563.299 -3827.002|-4560.943 -3828.103|-4558.426 -3828.793|-4555.833 -3829.026|-4553.239 -3828.804|-4550.723 -3828.137|-4548.360 -3827.036
4505 RICHARDSON WY SW,-4546.221 -3825.546|-4529.842 -3811.835|-4411.955 -3671.685|-4411.941 -3671.652|-4411.116 -3670.440|-4410.536 -3669.083|-4410.228 -3667.649|-4410.207 -3666.181|-4410.473 -3664.736|-4411.018 -3663.379|-4411.815 -3662.145|-4412.836 -3661.088|-4451.800 -3628.097|-4458.134 -3628.653|-4596.566 -3793.244|-4596.028 -3799.582|-4565.431 -3825.490|-4563.299 -3827.002|-4560.943 -3828.103|-4558.426 -3828.793|-4555.833 -3829.026|-4553.239 -3828.804|-4550.723 -3828.137|-4548.360 -3827.036
4509 RICHARDSON WY SW,-4546.221 -3825.546|-4529.842 -3811.835|-4411.955 -3671.685|-4411.941 -3671.652|-4411.116 -3670.440|-4410.536 -3669.083|-4410.228 -3667.649|-4410.207 -3666.181|-4410.473 -3664.736|-4411.018 -3663.379|-4411.815 -3662.145|-4412.836 -3661.088|-4451.800 -3628.097|-4458.134 -3628.653|-4596.566 -3793.244|-4596.028 -3799.582|-4565.431 -3825.490|-4563.299 -3827.002|-4560.943 -3828.103|-4558.426 -3828.793|-4555.833 -3829.026|-4553.239 -3828.804|-4550.723 -3828.137|-4548.360 -3827.036
4513 RICHARDSON WY SW,-4546.221 -3825.546|-4529.842 -3811.835|-4411.955 -3671.685|-4411.941 -3671.652|-4411.116 -3670.440|-4410.536 -3669.083|-4410.228 -3667.649|-4410.207 -3666.181|-4410.473 -3664.736|-4411.018 -3663.379|-4411.815 -3662.145|-4412.836 -3661.088|-4451.800 -3628.097|-4458.134 -3628.653|-4596.566 -3793.244|-4596.028 -3799.582|-4565.431 -3825.490|-4563.299 -3827.002|-4560.943 -3828.103|-4558.426 -3828.793|-4555.833 -3829.026|-4553.239 -3828.804|-4550.723 -3828.137|-4548.360 -3827.036
4515 RICHARDSON WY SW,-4546.221 -3825.546|-4529.842 -3811.835|-4411.955 -3671.685|-4411.941 -3671.652|-4411.116 -3670.440|-4410.536 -3669.083|-4410.228 -3667.649|-4410.207 -3666.181|-4410.473 -3664.736|-4411.018 -3663.379|-4411.815 -3662.145|-4412.836 -3661.088|-4451.800 -3628.097|-4458.134 -3628.653|-4596.566 -3793.244|-4596.028 -3799.582|-4565.431 -3825.490|-4563.299 -3827.002|-4560.943 -3828.103|-4558.426 -3828.793|-4555.833 -3829.026|-4553.239 -3828.804|-4550.723 -3828.137|-4548.360 -3827.036
4517 RICHARDSON WY SW,-4546.221 -3825.546|-4529.842 -3811.835|-4411.955 -3671.685|-4411.941 -3671.652|-4411.116 -3670.440|-4410.536 -3669.083|-4410.228 -3667.649|-4410.207 -3666.181|-4410.473 -3664.736|-4411.018 -3663.379|-4411.815 -3662.145|-4412.836 -3661.088|-4451.800 -3628.097|-4458.134 -3628.653|-4596.566 -3793.244|-4596.028 -3799.582|-4565.431 -3825.490|-4563.299 -3827.002|-4560.943 -3828.103|-4558.426 -3828.793|-4555.833 -3829.026|-4553.239 -3828.804|-4550.723 -3828.137|-4548.360 -3827.036
4519 RICHARDSON WY SW,-4546.221 -3825.546|-4529.842 -3811.835|-4411.955 -3671.685|-4411.941 -3671.652|-4411.116 -3670.440|-4410.536 -3669.083|-4410.228 -3667.649|-4410.207 -3666.181|-4410.473 -3664.736|-4411.018 -3663.379|-4411.815 -3662.145|-4412.836 -3661.088|-4451.800 -3628.097|-4458.134 -3628.653|-4596.566 -3793.244|-4596.028 -3799.582|-4565.431 -3825.490|-4563.299 -3827.002|-4560.943 -3828.103|-4558.426 -3828.793|-4555.833 -3829.026|-4553.239 -3828.804|-4550.723 -3828.137|-4548.360 -3827.036
4521 RICHARDSON WY SW,-4546.221 -3825.546|-4529.842 -3811.835|-4411.955 -3671.685|-4411.941 -3671.652|-4411.116 -3670.440|-4410.536 -3669.083|-4410.228 -3667.649|-4410.207 -3666.181|-4410.473 -3664.736|-4411.018 -3663.379|-4411.815 -3662.145|-4412.836 -3661.088|-4451.800 -3628.097|-4458.134 -3628.653|-4596.566 -3793.244|-4596.028 -3799.582|-4565.431 -3825.490|-4563.299 -3827.002|-4560.943 -3828.103|-4558.426 -3828.793|-4555.833 -3829.026|-4553.239 -3828.804|-4550.723 -3828.137|-4548.360 -3827.036
4523 RICHARDSON WY SW,-4546.221 -3825.546|-4529.842 -3811.835|-4411.955 -3671.685|-4411.941 -3671.652|-4411.116 -3670.440|-4410.536 -3669.083|-4410.228 -3667.649|-4410.207 -3666.181|-4410.473 -3664.736|-4411.018 -3663.379|-4411.815 -3662.145|-4412.836 -3661.088|-4451.800 -3628.097|-4458.134 -3628.653|-4596.566 -3793.244|-4596.028 -3799.582|-4565.431 -3825.490|-4563.299 -3827.002|-4560.943 -3828.103|-4558.426 -3828.793|-4555.833 -3829.026|-4553.239 -3828.804|-4550.723 -3828.137|-4548.360 -3827.036
109 25 RICHARD PL SW,-4195.872 -4540.863|-4195.921 -4514.143|-4196.012 -4464.294|-4196.033 -4454.142|-4232.244 -4454.209|-4288.692 -4454.320|-4293.173 -4454.320|-4293.117 -4482.163|-4293.082 -4498.131|-4293.068 -4507.382|-4292.998 -4541.485|-4290.320 -4541.897|-4287.301 -4542.108|-4284.351 -4542.798|-4283.491 -4543.220|-4281.988 -4543.943|-4279.303 -4544.654|-4277.269 -4545.533|-4275.151 -4546.211|-4272.984 -4546.667|-4270.782 -4546.912|-4201.835 -4546.867
108 25 RICHARD PL SW,-4195.872 -4540.863|-4195.921 -4514.143|-4196.012 -4464.294|-4196.033 -4454.142|-4232.244 -4454.209|-4288.692 -4454.320|-4293.173 -4454.320|-4293.117 -4482.163|-4293.082 -4498.131|-4293.068 -4507.382|-4292.998 -4541.485|-4290.320 -4541.897|-4287.301 -4542.108|-4284.351 -4542.798|-4283.491 -4543.220|-4281.988 -4543.943|-4279.303 -4544.654|-4277.269 -4545.533|-4275.151 -4546.211|-4272.984 -4546.667|-4270.782 -4546.912|-4201.835 -4546.867
107 25 RICHARD PL SW,-4195.872 -4540.863|-4195.921 -4514.143|-4196.012 -4464.294|-4196.033 -4454.142|-4232.244 -4454.209|-4288.692 -4454.320|-4293.173 -4454.320|-4293.117 -4482.163|-4293.082 -4498.131|-4293.068 -4507.382|-4292.998 -4541.485|-4290.320 -4541.897|-4287.301 -4542.108|-4284.351 -4542.798|-4283.491 -4543.220|-4281.988 -4543.943|-4279.303 -4544.654|-4277.269 -4545.533|-4275.151 -4546.211|-4272.984 -4546.667|-4270.782 -4546.912|-4201.835 -4546.867
106 25 RICHARD PL SW,-4195.872 -4540.863|-4195.921 -4514.143|-4196.012 -4464.294|-4196.033 -4454.142|-4232.244 -4454.209|-4288.692 -4454.320|-4293.173 -4454.320|-4293.117 -4482.163|-4293.082 -4498.131|-4293.068 -4507.382|-4292.998 -4541.485|-4290.320 -4541.897|-4287.301 -4542.108|-4284.351 -4542.798|-4283.491 -4543.220|-4281.988 -4543.943|-4279.303 -4544.654|-4277.269 -4545.533|-4275.151 -4546.211|-4272.984 -4546.667|-4270.782 -4546.912|-4201.835 -4546.867
105 25 RICHARD PL SW,-4195.872 -4540.863|-4195.921 -4514.143|-4196.012 -4464.294|-4196.033 -4454.142|-4232.244 -4454.209|-4288.692 -4454.320|-4293.173 -4454.320|-4293.117 -4482.163|-4293.082 -4498.131|-4293.068 -4507.382|-4292.998 -4541.485|-4290.320 -4541.897|-4287.301 -4542.108|-4284.351 -4542.798|-4283.491 -4543.220|-4281.988 -4543.943|-4279.303 -4544.654|-4277.269 -4545.533|-4275.151 -4546.211|-4272.984 -4546.667|-4270.782 -4546.912|-4201.835 -4546.867
104 25 RICHARD PL SW,-4195.872 -4540.863|-4195.921 -4514.143|-4196.012 -4464.294|-4196.033 -4454.142|-4232.244 -4454.209|-4288.692 -4454.320|-4293.173 -4454.320|-4293.117 -4482.163|-4293.082 -4498.131|-4293.068 -4507.382|-4292.998 -4541.485|-4290.320 -4541.897|-4287.301 -4542.108|-4284.351 -4542.798|-4283.491 -4543.220|-4281.988 -4543.943|-4279.303 -4544.654|-4277.269 -4545.533|-4275.151 -4546.211|-4272.984 -4546.667|-4270.782 -4546.912|-4201.835 -4546.867
103 25 RICHARD PL SW,-4195.872 -4540.863|-4195.921 -4514.143|-4196.012 -4464.294|-4196.033 -4454.142|-4232.244 -4454.209|-4288.692 -4454.320|-4293.173 -4454.320|-4293.117 -4482.163|-4293.082 -4498.131|-4293.068 -4507.382|-4292.998 -4541.485|-4290.320 -4541.897|-4287.301 -4542.108|-4284.351 -4542.798|-4283.491 -4543.220|-4281.988 -4543.943|-4279.303 -4544.654|-4277.269 -4545.533|-4275.151 -4546.211|-4272.984 -4546.667|-4270.782 -4546.912|-4201.835 -4546.867
102 25 RICHARD PL SW,-4195.872 -4540.863|-4195.921 -4514.143|-4196.012 -4464.294|-4196.033 -4454.142|-4232.244 -4454.209|-4288.692 -4454.320|-4293.173 -4454.320|-4293.117 -4482.163|-4293.082 -4498.131|-4293.068 -4507.382|-4292.998 -4541.485|-4290.320 -4541.897|-4287.301 -4542.108|-4284.351 -4542.798|-4283.491 -4543.220|-4281.988 -4543.943|-4279.303 -4544.654|-4277.269 -4545.533|-4275.151 -4546.211|-4272.984 -4546.667|-4270.782 -4546.912|-4201.835 -4546.867
101 25 RICHARD PL SW,-4195.872 -4540.863|-4195.921 -4514.143|-4196.012 -4464.294|-4196.033 -4454.142|-4232.244 -4454.209|-4288.692 -4454.320|-4293.173 -4454.320|-4293.117 -4482.163|-4293.082 -4498.131|-4293.068 -4507.382|-4292.998 -4541.485|-4290.320 -4541.897|-4287.301 -4542.108|-4284.351 -4542.798|-4283.491 -4543.220|-4281.988 -4543.943|-4279.303 -4544.654|-4277.269 -4545.533|-4275.151 -4546.211|-4272.984 -4546.667|-4270.782 -4546.912|-4201.835 -4546.867
120 25 RICHARD PL SW,-4195.872 -4540.863|-4195.921 -4514.143|-4196.012 -4464.294|-4196.033 -4454.142|-4232.244 -4454.209|-4288.692 -4454.320|-4293.173 -4454.320|-4293.117 -4482.163|-4293.082 -4498.131|-4293.068 -4507.382|-4292.998 -4541.485|-4290.320 -4541.897|-4287.301 -4542.108|-4284.351 -4542.798|-4283.491 -4543.220|-4281.988 -4543.943|-4279.303 -4544.654|-4277.269 -4545.533|-4275.151 -4546.211|-4272.984 -4546.667|-4270.782 -4546.912|-4201.835 -4546.867
119 25 RICHARD PL SW,-4195.872 -4540.863|-4195.921 -4514.143|-4196.012 -4464.294|-4196.033 -4454.142|-4232.244 -4454.209|-4288.692 -4454.320|-4293.173 -4454.320|-4293.117 -4482.163|-4293.082 -4498.131|-4293.068 -4507.382|-4292.998 -4541.485|-4290.320 -4541.897|-4287.301 -4542.108|-4284.351 -4542.798|-4283.491 -4543.220|-4281.988 -4543.943|-4279.303 -4544.654|-4277.269 -4545.533|-4275.151 -4546.211|-4272.984 -4546.667|-4270.782 -4546.912|-4201.835 -4546.867
118 25 RICHARD PL SW,-4195.872 -4540.863|-4195.921 -4514.143|-4196.012 -4464.294|-4196.033 -4454.142|-4232.244 -4454.209|-4288.692 -4454.320|-4293.173 -4454.320|-4293.117 -4482.163|-4293.082 -4498.131|-4293.068 -4507.382|-4292.998 -4541.485|-4290.320 -4541.897|-4287.301 -4542.108|-4284.351 -4542.798|-4283.491 -4543.220|-4281.988 -4543.943|-4279.303 -4544.654|-4277.269 -4545.533|-4275.151 -4546.211|-4272.984 -4546.667|-4270.782 -4546.912|-4201.835 -4546.867
117 25 RICHARD PL SW,-4195.872 -4540.863|-4195.921 -4514.143|-4196.012 -4464.294|-4196.033 -4454.142|-4232.244 -4454.209|-4288.692 -4454.320|-4293.173 -4454.320|-4293.117 -4482.163|-4293.082 -4498.131|-4293.068 -4507.382|-4292.998 -4541.485|-4290.320 -4541.897|-4287.301 -4542.108|-4284.351 -4542.798|-4283.491 -4543.220|-4281.988 -4543.943|-4279.303 -4544.654|-4277.269 -4545.533|-4275.151 -4546.211|-4272.984 -4546.667|-4270.782 -4546.912|-4201.835 -4546.867
137 30 RICHARD CO SW,-4195.872 -4540.863|-4195.921 -4514.143|-4196.012 -4464.294|-4196.033 -4454.142|-4232.244 -4454.209|-4288.692 -4454.320|-4293.173 -4454.320|-4293.117 -4482.163|-4293.082 -4498.131|-4293.068 -4507.382|-4292.998 -4541.485|-4290.320 -4541.897|-4287.301 -4542.108|-4284.351 -4542.798|-4283.491 -4543.220|-4281.988 -4543.943|-4279.303 -4544.654|-4277.269 -4545.533|-4275.151 -4546.211|-4272.984 -4546.667|-4270.782 -4546.912|-4201.835 -4546.867
138 30 RICHARD CO SW,-4195.872 -4540.863|-4195.921 -4514.143|-4196.012 -4464.294|-4196.033 -4454.142|-4232.244 -4454.209|-4288.692 -4454.320|-4293.173 -4454.320|-4293.117 -4482.163|-4293.082 -4498.131|-4293.068 -4507.382|-4292.998 -4541.485|-4290.320 -4541.897|-4287.301 -4542.108|-4284.351 -4542.798|-4283.491 -4543.220|-4281.988 -4543.943|-4279.303 -4544.654|-4277.269 -4545.533|-4275.151 -4546.211|-4272.984 -4546.667|-4270.782 -4546.912|-4201.835 -4546.867
139 30 RICHARD CO SW,-4195.872 -4540.863|-4195.921 -4514.143|-4196.012 -4464.294|-4196.033 -4454.142|-4232.244 -4454.209|-4288.692 -4454.320|-4293.173 -4454.320|-4293.117 -4482.163|-4293.082 -4498.131|-4293.068 -4507.382|-4292.998 -4541.485|-4290.320 -4541.897|-4287.301 -4542.108|-4284.351 -4542.798|-4283.491 -4543.220|-4281.988 -4543.943|-4279.303 -4544.654|-4277.269 -4545.533|-4275.151 -4546.211|-4272.984 -4546.667|-4270.782 -4546.912|-4201.835 -4546.867
140 30 RICHARD CO SW,-4195.872 -4540.863|-4195.921 -4514.143|-4196.012 -4464.294|-4196.033 -4454.142|-4232.244 -4454.209|-4288.692 -4454.320|-4293.173 -4454.320|-4293.117 -4482.163|-4293.082 -4498.131|-4293.068 -4507.382|-4292.998 -4541.485|-4290.320 -4541.897|-4287.301 -4542.108|-4284.351 -4542.798|-4283.491 -4543.220|-4281.988 -4543.943|-4279.303 -4544.654|-4277.269 -4545.533|-4275.151 -4546.211|-4272.984 -4546.667|-4270.782 -4546.912|-4201.835 -4546.867
121 30 RICHARD CO SW,-4195.872 -4540.863|-4195.921 -4514.143|-4196.012 -4464.294|-4196.033 -4454.142|-4232.244 -4454.209|-4288.692 -4454.320|-4293.173 -4454.320|-4293.117 -4482.163|-4293.082 -4498.131|-4293.068 -4507.382|-4292.998 -4541.485|-4290.320 -4541.897|-4287.301 -4542.108|-4284.351 -4542.798|-4283.491 -4543.220|-4281.988 -4543.943|-4279.303 -4544.654|-4277.269 -4545.533|-4275.151 -4546.211|-4272.984 -4546.667|-4270.782 -4546.912|-4201.835 -4546.867
122 30 RICHARD CO SW,-4195.872 -4540.863|-4195.921 -4514.143|-4196.012 -4464.294|-4196.033 -4454.142|-4232.244 -4454.209|-4288.692 -4454.320|-4293.173 -4454.320|-4293.117 -4482.163|-4293.082 -4498.131|-4293.068 -4507.382|-4292.998 -4541.485|-4290.320 -4541.897|-4287.301 -4542.108|-4284.351 -4542.798|-4283.491 -4543.220|-4281.988 -4543.943|-4279.303 -4544.654|-4277.269 -4545.533|-4275.151 -4546.211|-4272.984 -4546.667|-4270.782 -4546.912|-4201.835 -4546.867
123 30 RICHARD CO SW,-4195.872 -4540.863|-4195.921 -4514.143|-4196.012 -4464.294|-4196.033 -4454.142|-4232.244 -4454.209|-4288.692 -4454.320|-4293.173 -4454.320|-4293.117 -4482.163|-4293.082 -4498.131|-4293.068 -4507.382|-4292.998 -4541.485|-4290.320 -4541.897|-4287.301 -4542.108|-4284.351 -4542.798|-4283.491 -4543.220|-4281.988 -4543.943|-4279.303 -4544.654|-4277.269 -4545.533|-4275.151 -4546.211|-4272.984 -4546.667|-4270.782 -4546.912|-4201.835 -4546.867
124 30 RICHARD CO SW,-4195.872 -4540.863|-4195.921 -4514.143|-4196.012 -4464.294|-4196.033 -4454.142|-4232.244 -4454.209|-4288.692 -4454.320|-4293.173 -4454.320|-4293.117 -4482.163|-4293.082 -4498.131|-4293.068 -4507.382|-4292.998 -4541.485|-4290.320 -4541.897|-4287.301 -4542.108|-4284.351 -4542.798|-4283.491 -4543.220|-4281.988 -4543.943|-4279.303 -4544.654|-4277.269 -4545.533|-4275.151 -4546.211|-4272.984 -4546.667|-4270.782 -4546.912|-4201.835 -4546.867
125 30 RICHARD CO SW,-4195.872 -4540.863|-4195.921 -4514.143|-4196.012 -4464.294|-4196.033 -4454.142|-4232.244 -4454.209|-4288.692 -4454.320|-4293.173 -4454.320|-4293.117 -4482.163|-4293.082 -4498.131|-4293.068 -4507.382|-4292.998 -4541.485|-4290.320 -4541.897|-4287.301 -4542.108|-4284.351 -4542.798|-4283.491 -4543.220|-4281.988 -4543.943|-4279.303 -4544.654|-4277.269 -4545.533|-4275.151 -4546.211|-4272.984 -4546.667|-4270.782 -4546.912|-4201.835 -4546.867
126 30 RICHARD CO SW,-4195.872 -4540.863|-4195.921 -4514.143|-4196.012 -4464.294|-4196.033 -4454.142|-4232.244 -4454.209|-4288.692 -4454.320|-4293.173 -4454.320|-4293.117 -4482.163|-4293.082 -4498.131|-4293.068 -4507.382|-4292.998 -4541.485|-4290.320 -4541.897|-4287.301 -4542.108|-4284.351 -4542.798|-4283.491 -4543.220|-4281.988 -4543.943|-4279.303 -4544.654|-4277.269 -4545.533|-4275.151 -4546.211|-4272.984 -4546.667|-4270.782 -4546.912|-4201.835 -4546.867
127 30 RICHARD CO SW,-4195.872 -4540.863|-4195.921 -4514.143|-4196.012 -4464.294|-4196.033 -4454.142|-4232.244 -4454.209|-4288.692 -4454.320|-4293.173 -4454.320|-4293.117 -4482.163|-4293.082 -4498.131|-4293.068 -4507.382|-4292.998 -4541.485|-4290.320 -4541.897|-4287.301 -4542.108|-4284.351 -4542.798|-4283.491 -4543.220|-4281.988 -4543.943|-4279.303 -4544.654|-4277.269 -4545.533|-4275.151 -4546.211|-4272.984 -4546.667|-4270.782 -4546.912|-4201.835 -4546.867
128 30 RICHARD CO SW,-4195.872 -4540.863|-4195.921 -4514.143|-4196.012 -4464.294|-4196.033 -4454.142|-4232.244 -4454.209|-4288.692 -4454.320|-4293.173 -4454.320|-4293.117 -4482.163|-4293.082 -4498.131|-4293.068 -4507.382|-4292.998 -4541.485|-4290.320 -4541.897|-4287.301 -4542.108|-4284.351 -4542.798|-4283.491 -4543.220|-4281.988 -4543.943|-4279.303 -4544.654|-4277.269 -4545.533|-4275.151 -4546.211|-4272.984 -4546.667|-4270.782 -4546.912|-4201.835 -4546.867
129 30 RICHARD CO SW,-4195.872 -4540.863|-4195.921 -4514.143|-4196.012 -4464.294|-4196.033 -4454.142|-4232.244 -4454.209|-4288.692 -4454.320|-4293.173 -4454.320|-4293.117 -4482.163|-4293.082 -4498.131|-4293.068 -4507.382|-4292.998 -4541.485|-4290.320 -4541.897|-4287.301 -4542.108|-4284.351 -4542.798|-4283.491 -4543.220|-4281.988 -4543.943|-4279.303 -4544.654|-4277.269 -4545.533|-4275.151 -4546.211|-4272.984 -4546.667|-4270.782 -4546.912|-4201.835 -4546.867
130 30 RICHARD CO SW,-4195.872 -4540.863|-4195.921 -4514.143|-4196.012 -4464.294|-4196.033 -4454.142|-4232.244 -4454.209|-4288.692 -4454.320|-4293.173 -4454.320|-4293.117 -4482.163|-4293.082 -4498.131|-4293.068 -4507.382|-4292.998 -4541.485|-4290.320 -4541.897|-4287.301 -4542.108|-4284.351 -4542.798|-4283.491 -4543.220|-4281.988 -4543.943|-4279.303 -4544.654|-4277.269 -4545.533|-4275.151 -4546.211|-4272.984 -4546.667|-4270.782 -4546.912|-4201.835 -4546.867
131 30 RICHARD CO SW,-4195.872 -4540.863|-4195.921 -4514.143|-4196.012 -4464.294|-4196.033 -4454.142|-4232.244 -4454.209|-4288.692 -4454.320|-4293.173 -4454.320|-4293.117 -4482.163|-4293.082 -4498.131|-4293.068 -4507.382|-4292.998 -4541.485|-4290.320 -4541.897|-4287.301 -4542.108|-4284.351 -4542.798|-4283.491 -4543.220|-4281.988 -4543.943|-4279.303 -4544.654|-4277.269 -4545.533|-4275.151 -4546.211|-4272.984 -4546.667|-4270.782 -4546.912|-4201.835 -4546.867
132 30 RICHARD CO SW,-4195.872 -4540.863|-4195.921 -4514.143|-4196.012 -4464.294|-4196.033 -4454.142|-4232.244 -4454.209|-4288.692 -4454.320|-4293.173 -4454.320|-4293.117 -4482.163|-4293.082 -4498.131|-4293.068 -4507.382|-4292.998 -4541.485|-4290.320 -4541.897|-4287.301 -4542.108|-4284.351 -4542.798|-4283.491 -4543.220|-4281.988 -4543.943|-4279.303 -4544.654|-4277.269 -4545.533|-4275.151 -4546.211|-4272.984 -4546.667|-4270.782 -4546.912|-4201.835 -4546.867
133 30 RICHARD CO SW,-4195.872 -4540.863|-4195.921 -4514.143|-4196.012 -4464.294|-4196.033 -4454.142|-4232.244 -4454.209|-4288.692 -4454.320|-4293.173 -4454.320|-4293.117 -4482.163|-4293.082 -4498.131|-4293.068 -4507.382|-4292.998 -4541.485|-4290.320 -4541.897|-4287.301 -4542.108|-4284.351 -4542.798|-4283.491 -4543.220|-4281.988 -4543.943|-4279.303 -4544.654|-4277.269 -4545.533|-4275.151 -4546.211|-4272.984 -4546.667|-4270.782 -4546.912|-4201.835 -4546.867
134 30 RICHARD CO SW,-4195.872 -4540.863|-4195.921 -4514.143|-4196.012 -4464.294|-4196.033 -4454.142|-4232.244 -4454.209|-4288.692 -4454.320|-4293.173 -4454.320|-4293.117 -4482.163|-4293.082 -4498.131|-4293.068 -4507.382|-4292.998 -4541.485|-4290.320 -4541.897|-4287.301 -4542.108|-4284.351 -4542.798|-4283.491 -4543.220|-4281.988 -4543.943|-4279.303 -4544.654|-4277.269 -4545.533|-4275.151 -4546.211|-4272.984 -4546.667|-4270.782 -4546.912|-4201.835 -4546.867
135 30 RICHARD CO SW,-4195.872 -4540.863|-4195.921 -4514.143|-4196.012 -4464.294|-4196.033 -4454.142|-4232.244 -4454.209|-4288.692 -4454.320|-4293.173 -4454.320|-4293.117 -4482.163|-4293.082 -4498.131|-4293.068 -4507.382|-4292.998 -4541.485|-4290.320 -4541.897|-4287.301 -4542.108|-4284.351 -4542.798|-4283.491 -4543.220|-4281.988 -4543.943|-4279.303 -4544.654|-4277.269 -4545.533|-4275.151 -4546.211|-4272.984 -4546.667|-4270.782 -4546.912|-4201.835 -4546.867
136 30 RICHARD CO SW,-4195.872 -4540.863|-4195.921 -4514.143|-4196.012 -4464.294|-4196.033 -4454.142|-4232.244 -4454.209|-4288.692 -4454.320|-4293.173 -4454.320|-4293.117 -4482.163|-4293.082 -4498.131|-4293.068 -4507.382|-4292.998 -4541.485|-4290.320 -4541.897|-4287.301 -4542.108|-4284.351 -4542.798|-4283.491 -4543.220|-4281.988 -4543.943|-4279.303 -4544.654|-4277.269 -4545.533|-4275.151 -4546.211|-4272.984 -4546.667|-4270.782 -4546.912|-4201.835 -4546.867
116 25 RICHARD PL SW,-4195.872 -4540.863|-4195.921 -4514.143|-4196.012 -4464.294|-4196.033 -4454.142|-4232.244 -4454.209|-4288.692 -4454.320|-4293.173 -4454.320|-4293.117 -4482.163|-4293.082 -4498.131|-4293.068 -4507.382|-4292.998 -4541.485|-4290.320 -4541.897|-4287.301 -4542.108|-4284.351 -4542.798|-4283.491 -4543.220|-4281.988 -4543.943|-4279.303 -4544.654|-4277.269 -4545.533|-4275.151 -4546.211|-4272.984 -4546.667|-4270.782 -4546.912|-4201.835 -4546.867
115 25 RICHARD PL SW,-4195.872 -4540.863|-4195.921 -4514.143|-4196.012 -4464.294|-4196.033 -4454.142|-4232.244 -4454.209|-4288.692 -4454.320|-4293.173 -4454.320|-4293.117 -4482.163|-4293.082 -4498.131|-4293.068 -4507.382|-4292.998 -4541.485|-4290.320 -4541.897|-4287.301 -4542.108|-4284.351 -4542.798|-4283.491 -4543.220|-4281.988 -4543.943|-4279.303 -4544.654|-4277.269 -4545.533|-4275.151 -4546.211|-4272.984 -4546.667|-4270.782 -4546.912|-4201.835 -4546.867
114 25 RICHARD PL SW,-4195.872 -4540.863|-4195.921 -4514.143|-4196.012 -4464.294|-4196.033 -4454.142|-4232.244 -4454.209|-4288.692 -4454.320|-4293.173 -4454.320|-4293.117 -4482.163|-4293.082 -4498.131|-4293.068 -4507.382|-4292.998 -4541.485|-4290.320 -4541.897|-4287.301 -4542.108|-4284.351 -4542.798|-4283.491 -4543.220|-4281.988 -4543.943|-4279.303 -4544.654|-4277.269 -4545.533|-4275.151 -4546.211|-4272.984 -4546.667|-4270.782 -4546.912|-4201.835 -4546.867
113 25 RICHARD PL SW,-4195.872 -4540.863|-4195.921 -4514.143|-4196.012 -4464.294|-4196.033 -4454.142|-4232.244 -4454.209|-4288.692 -4454.320|-4293.173 -4454.320|-4293.117 -4482.163|-4293.082 -4498.131|-4293.068 -4507.382|-4292.998 -4541.485|-4290.320 -4541.897|-4287.301 -4542.108|-4284.351 -4542.798|-4283.491 -4543.220|-4281.988 -4543.943|-4279.303 -4544.654|-4277.269 -4545.533|-4275.151 -4546.211|-4272.984 -4546.667|-4270.782 -4546.912|-4201.835 -4546.867
112 25 RICHARD PL SW,-4195.872 -4540.863|-4195.921 -4514.143|-4196.012 -4464.294|-4196.033 -4454.142|-4232.244 -4454.209|-4288.692 -4454.320|-4293.173 -4454.320|-4293.117 -4482.163|-4293.082 -4498.131|-4293.068 -4507.382|-4292.998 -4541.485|-4290.320 -4541.897|-4287.301 -4542.108|-4284.351 -4542.798|-4283.491 -4543.220|-4281.988 -4543.943|-4279.303 -4544.654|-4277.269 -4545.533|-4275.151 -4546.211|-4272.984 -4546.667|-4270.782 -4546.912|-4201.835 -4546.867
111 25 RICHARD PL SW,-4195.872 -4540.863|-4195.921 -4514.143|-4196.012 -4464.294|-4196.033 -4454.142|-4232.244 -4454.209|-4288.692 -4454.320|-4293.173 -4454.320|-4293.117 -4482.163|-4293.082 -4498.131|-4293.068 -4507.382|-4292.998 -4541.485|-4290.320 -4541.897|-4287.301 -4542.108|-4284.351 -4542.798|-4283.491 -4543.220|-4281.988 -4543.943|-4279.303 -4544.654|-4277.269 -4545.533|-4275.151 -4546.211|-4272.984 -4546.667|-4270.782 -4546.912|-4201.835 -4546.867
110 25 RICHARD PL SW,-4195.872 -4540.863|-4195.921 -4514.143|-4196.012 -4464.294|-4196.033 -4454.142|-4232.244 -4454.209|-4288.692 -4454.320|-4293.173 -4454.320|-4293.117 -4482.163|-4293.082 -4498.131|-4293.068 -4507.382|-4292.998 -4541.485|-4290.320 -4541.897|-4287.301 -4542.108|-4284.351 -4542.798|-4283.491 -4543.220|-4281.988 -4543.943|-4279.303 -4544.654|-4277.269 -4545.533|-4275.151 -4546.211|-4272.984 -4546.667|-4270.782 -4546.912|-4201.835 -4546.867
209 25 RICHARD PL SW,-4195.872 -4540.863|-4195.921 -4514.143|-4196.012 -4464.294|-4196.033 -4454.142|-4232.244 -4454.209|-4288.692 -4454.320|-4293.173 -4454.320|-4293.117 -4482.163|-4293.082 -4498.131|-4293.068 -4507.382|-4292.998 -4541.485|-4290.320 -4541.897|-4287.301 -4542.108|-4284.351 -4542.798|-4283.491 -4543.220|-4281.988 -4543.943|-4279.303 -4544.654|-4277.269 -4545.533|-4275.151 -4546.211|-4272.984 -4546.667|-4270.782 -4546.912|-4201.835 -4546.867
208 25 RICHARD PL SW,-4195.872 -4540.863|-4195.921 -4514.143|-4196.012 -4464.294|-4196.033 -4454.142|-4232.244 -4454.209|-4288.692 -4454.320|-4293.173 -4454.320|-4293.117 -4482.163|-4293.082 -4498.131|-4293.068 -4507.382|-4292.998 -4541.485|-4290.320 -4541.897|-4287.301 -4542.108|-4284.351 -4542.798|-4283.491 -4543.220|-4281.988 -4543.943|-4279.303 -4544.654|-4277.269 -4545.533|-4275.151 -4546.211|-4272.984 -4546.667|-4270.782 -4546.912|-4201.835 -4546.867
207 25 RICHARD PL SW,-4195.872 -4540.863|-4195.921 -4514.143|-4196.012 -4464.294|-4196.033 -4454.142|-4232.244 -4454.209|-4288.692 -4454.320|-4293.173 -4454.320|-4293.117 -4482.163|-4293.082 -4498.131|-4293.068 -4507.382|-4292.998 -4541.485|-4290.320 -4541.897|-4287.301 -4542.108|-4284.351 -4542.798|-4283.491 -4543.220|-4281.988 -4543.943|-4279.303 -4544.654|-4277.269 -4545.533|-4275.151 -4546.211|-4272.984 -4546.667|-4270.782 -4546.912|-4201.835 -4546.867
206 25 RICHARD PL SW,-4195.872 -4540.863|-4195.921 -4514.143|-4196.012 -4464.294|-4196.033 -4454.142|-4232.244 -4454.209|-4288.692 -4454.320|-4293.173 -4454.320|-4293.117 -4482.163|-4293.082 -4498.131|-4293.068 -4507.382|-4292.998 -4541.485|-4290.320 -4541.897|-4287.301 -4542.108|-4284.351 -4542.798|-4283.491 -4543.220|-4281.988 -4543.943|-4279.303 -4544.654|-4277.269 -4545.533|-4275.151 -4546.211|-4272.984 -4546.667|-4270.782 -4546.912|-4201.835 -4546.867
205 25 RICHARD PL SW,-4195.872 -4540.863|-4195.921 -4514.143|-4196.012 -4464.294|-4196.033 -4454.142|-4232.244 -4454.209|-4288.692 -4454.320|-4293.173 -4454.320|-4293.117 -4482.163|-4293.082 -4498.131|-4293.068 -4507.382|-4292.998 -4541.485|-4290.320 -4541.897|-4287.301 -4542.108|-4284.351 -4542.798|-4283.491 -4543.220|-4281.988 -4543.943|-4279.303 -4544.654|-4277.269 -4545.533|-4275.151 -4546.211|-4272.984 -4546.667|-4270.782 -4546.912|-4201.835 -4546.867
204 25 RICHARD PL SW,-4195.872 -4540.863|-4195.921 -4514.143|-4196.012 -4464.294|-4196.033 -4454.142|-4232.244 -4454.209|-4288.692 -4454.320|-4293.173 -4454.320|-4293.117 -4482.163|-4293.082 -4498.131|-4293.068 -4507.382|-4292.998 -4541.485|-4290.320 -4541.897|-4287.301 -4542.108|-4284.351 -4542.798|-4283.491 -4543.220|-4281.988 -4543.943|-4279.303 -4544.654|-4277.269 -4545.533|-4275.151 -4546.211|-4272.984 -4546.667|-4270.782 -4546.912|-4201.835 -4546.867
203 25 RICHARD PL SW,-4195.872 -4540.863|-4195.921 -4514.143|-4196.012 -4464.294|-4196.033 -4454.142|-4232.244 -4454.209|-4288.692 -4454.320|-4293.173 -4454.320|-4293.117 -4482.163|-4293.082 -4498.131|-4293.068 -4507.382|-4292.998 -4541.485|-4290.320 -4541.897|-4287.301 -4542.108|-4284.351 -4542.798|-4283.491 -4543.220|-4281.988 -4543.943|-4279.303 -4544.654|-4277.269 -4545.533|-4275.151 -4546.211|-4272.984 -4546.667|-4270.782 -4546.912|-4201.835 -4546.867
202 25 RICHARD PL SW,-4195.872 -4540.863|-4195.921 -4514.143|-4196.012 -4464.294|-4196.033 -4454.142|-4232.244 -4454.209|-4288.692 -4454.320|-4293.173 -4454.320|-4293.117 -4482.163|-4293.082 -4498.131|-4293.068 -4507.382|-4292.998 -4541.485|-4290.320 -4541.897|-4287.301 -4542.108|-4284.351 -4542.798|-4283.491 -4543.220|-4281.988 -4543.943|-4279.303 -4544.654|-4277.269 -4545.533|-4275.151 -4546.211|-4272.984 -4546.667|-4270.782 -4546.912|-4201.835 -4546.867
201 25 RICHARD PL SW,-4195.872 -4540.863|-4195.921 -4514.143|-4196.012 -4464.294|-4196.033 -4454.142|-4232.244 -4454.209|-4288.692 -4454.320|-4293.173 -4454.320|-4293.117 -4482.163|-4293.082 -4498.131|-4293.068 -4507.382|-4292.998 -4541.485|-4290.320 -4541.897|-4287.301 -4542.108|-4284.351 -4542.798|-4283.491 -4543.220|-4281.988 -4543.943|-4279.303 -4544.654|-4277.269 -4545.533|-4275.151 -4546.211|-4272.984 -4546.667|-4270.782 -4546.912|-4201.835 -4546.867
220 25 RICHARD PL SW,-4195.872 -4540.863|-4195.921 -4514.143|-4196.012 -4464.294|-4196.033 -4454.142|-4232.244 -4454.209|-4288.692 -4454.320|-4293.173 -4454.320|-4293.117 -4482.163|-4293.082 -4498.131|-4293.068 -4507.382|-4292.998 -4541.485|-4290.320 -4541.897|-4287.301 -4542.108|-4284.351 -4542.798|-4283.491 -4543.220|-4281.988 -4543.943|-4279.303 -4544.654|-4277.269 -4545.533|-4275.151 -4546.211|-4272.984 -4546.667|-4270.782 -4546.912|-4201.835 -4546.867
219 25 RICHARD PL SW,-4195.872 -4540.863|-4195.921 -4514.143|-4196.012 -4464.294|-4196.033 -4454.142|-4232.244 -4454.209|-4288.692 -4454.320|-4293.173 -4454.320|-4293.117 -4482.163|-4293.082 -4498.131|-4293.068 -4507.382|-4292.998 -4541.485|-4290.320 -4541.897|-4287.301 -4542.108|-4284.351 -4542.798|-4283.491 -4543.220|-4281.988 -4543.943|-4279.303 -4544.654|-4277.269 -4545.533|-4275.151 -4546.211|-4272.984 -4546.667|-4270.782 -4546.912|-4201.835 -4546.867
218 25 RICHARD PL SW,-4195.872 -4540.863|-4195.921 -4514.143|-4196.012 -4464.294|-4196.033 -4454.142|-4232.244 -4454.209|-4288.692 -4454.320|-4293.173 -4454.320|-4293.117 -4482.163|-4293.082 -4498.131|-4293.068 -4507.382|-4292.998 -4541.485|-4290.320 -4541.897|-4287.301 -4542.108|-4284.351 -4542.798|-4283.491 -4543.220|-4281.988 -4543.943|-4279.303 -4544.654|-4277.269 -4545.533|-4275.151 -4546.211|-4272.984 -4546.667|-4270.782 -4546.912|-4201.835 -4546.867
217 25 RICHARD PL SW,-4195.872 -4540.863|-4195.921 -4514.143|-4196.012 -4464.294|-4196.033 -4454.142|-4232.244 -4454.209|-4288.692 -4454.320|-4293.173 -4454.320|-4293.117 -4482.163|-4293.082 -4498.131|-4293.068 -4507.382|-4292.998 -4541.485|-4290.320 -4541.897|-4287.301 -4542.108|-4284.351 -4542.798|-4283.491 -4543.220|-4281.988 -4543.943|-4279.303 -4544.654|-4277.269 -4545.533|-4275.151 -4546.211|-4272.984 -4546.667|-4270.782 -4546.912|-4201.835 -4546.867
237 30 RICHARD CO SW,-4195.872 -4540.863|-4195.921 -4514.143|-4196.012 -4464.294|-4196.033 -4454.142|-4232.244 -4454.209|-4288.692 -4454.320|-4293.173 -4454.320|-4293.117 -4482.163|-4293.082 -4498.131|-4293.068 -4507.382|-4292.998 -4541.485|-4290.320 -4541.897|-4287.301 -4542.108|-4284.351 -4542.798|-4283.491 -4543.220|-4281.988 -4543.943|-4279.303 -4544.654|-4277.269 -4545.533|-4275.151 -4546.211|-4272.984 -4546.667|-4270.782 -4546.912|-4201.835 -4546.867
238 30 RICHARD CO SW,-4195.872 -4540.863|-4195.921 -4514.143|-4196.012 -4464.294|-4196.033 -4454.142|-4232.244 -4454.209|-4288.692 -4454.320|-4293.173 -4454.320|-4293.117 -4482.163|-4293.082 -4498.131|-4293.068 -4507.382|-4292.998 -4541.485|-4290.320 -4541.897|-4287.301 -4542.108|-4284.351 -4542.798|-4283.491 -4543.220|-4281.988 -4543.943|-4279.303 -4544.654|-4277.269 -4545.533|-4275.151 -4546.211|-4272.984 -4546.667|-4270.782 -4546.912|-4201.835 -4546.867
239 30 RICHARD CO SW,-4195.872 -4540.863|-4195.921 -4514.143|-4196.012 -4464.294|-4196.033 -4454.142|-4232.244 -4454.209|-4288.692 -4454.320|-4293.173 -4454.320|-4293.117 -4482.163|-4293.082 -4498.131|-4293.068 -4507.382|-4292.998 -4541.485|-4290.320 -4541.897|-4287.301 -4542.108|-4284.351 -4542.798|-4283.491 -4543.220|-4281.988 -4543.943|-4279.303 -4544.654|-4277.269 -4545.533|-4275.151 -4546.211|-4272.984 -4546.667|-4270.782 -4546.912|-4201.835 -4546.867
240 30 RICHARD CO SW,-4195.872 -4540.863|-4195.921 -4514.143|-4196.012 -4464.294|-4196.033 -4454.142|-4232.244 -4454.209|-4288.692 -4454.320|-4293.173 -4454.320|-4293.117 -4482.163|-4293.082 -4498.131|-4293.068 -4507.382|-4292.998 -4541.485|-4290.320 -4541.897|-4287.301 -4542.108|-4284.351 -4542.798|-4283.491 -4543.220|-4281.988 -4543.943|-4279.303 -4544.654|-4277.269 -4545.533|-4275.151 -4546.211|-4272.984 -4546.667|-4270.782 -4546.912|-4201.835 -4546.867
221 30 RICHARD CO SW,-4195.872 -4540.863|-4195.921 -4514.143|-4196.012 -4464.294|-4196.033 -4454.142|-4232.244 -4454.209|-4288.692 -4454.320|-4293.173 -4454.320|-4293.117 -4482.163|-4293.082 -4498.131|-4293.068 -4507.382|-4292.998 -4541.485|-4290.320 -4541.897|-4287.301 -4542.108|-4284.351 -4542.798|-4283.491 -4543.220|-4281.988 -4543.943|-4279.303 -4544.654|-4277.269 -4545.533|-4275.151 -4546.211|-4272.984 -4546.667|-4270.782 -4546.912|-4201.835 -4546.867
222 30 RICHARD CO SW,-4195.872 -4540.863|-4195.921 -4514.143|-4196.012 -4464.294|-4196.033 -4454.142|-4232.244 -4454.209|-4288.692 -4454.320|-4293.173 -4454.320|-4293.117 -4482.163|-4293.082 -4498.131|-4293.068 -4507.382|-4292.998 -4541.485|-4290.320 -4541.897|-4287.301 -4542.108|-4284.351 -4542.798|-4283.491 -4543.220|-4281.988 -4543.943|-4279.303 -4544.654|-4277.269 -4545.533|-4275.151 -4546.211|-4272.984 -4546.667|-4270.782 -4546.912|-4201.835 -4546.867
223 30 RICHARD CO SW,-4195.872 -4540.863|-4195.921 -4514.143|-4196.012 -4464.294|-4196.033 -4454.142|-4232.244 -4454.209|-4288.692 -4454.320|-4293.173 -4454.320|-4293.117 -4482.163|-4293.082 -4498.131|-4293.068 -4507.382|-4292.998 -4541.485|-4290.320 -4541.897|-4287.301 -4542.108|-4284.351 -4542.798|-4283.491 -4543.220|-4281.988 -4543.943|-4279.303 -4544.654|-4277.269 -4545.533|-4275.151 -4546.211|-4272.984 -4546.667|-4270.782 -4546.912|-4201.835 -4546.867
224 30 RICHARD CO SW,-4195.872 -4540.863|-4195.921 -4514.143|-4196.012 -4464.294|-4196.033 -4454.142|-4232.244 -4454.209|-4288.692 -4454.320|-4293.173 -4454.320|-4293.117 -4482.163|-4293.082 -4498.131|-4293.068 -4507.382|-4292.998 -4541.485|-4290.320 -4541.897|-4287.301 -4542.108|-4284.351 -4542.798|-4283.491 -4543.220|-4281.988 -4543.943|-4279.303 -4544.654|-4277.269 -4545.533|-4275.151 -4546.211|-4272.984 -4546.667|-4270.782 -4546.912|-4201.835 -4546.867
225 30 RICHARD CO SW,-4195.872 -4540.863|-4195.921 -4514.143|-4196.012 -4464.294|-4196.033 -4454.142|-4232.244 -4454.209|-4288.692 -4454.320|-4293.173 -4454.320|-4293.117 -4482.163|-4293.082 -4498.131|-4293.068 -4507.382|-4292.998 -4541.485|-4290.320 -4541.897|-4287.301 -4542.108|-4284.351 -4542.798|-4283.491 -4543.220|-4281.988 -4543.943|-4279.303 -4544.654|-4277.269 -4545.533|-4275.151 -4546.211|-4272.984 -4546.667|-4270.782 -4546.912|-4201.835 -4546.867
226 30 RICHARD CO SW,-4195.872 -4540.863|-4195.921 -4514.143|-4196.012 -4464.294|-4196.033 -4454.142|-4232.244 -4454.209|-4288.692 -4454.320|-4293.173 -4454.320|-4293.117 -4482.163|-4293.082 -4498.131|-4293.068 -4507.382|-4292.998 -4541.485|-4290.320 -4541.897|-4287.301 -4542.108|-4284.351 -4542.798|-4283.491 -4543.220|-4281.988 -4543.943|-4279.303 -4544.654|-4277.269 -4545.533|-4275.151 -4546.211|-4272.984 -4546.667|-4270.782 -4546.912|-4201.835 -4546.867
227 30 RICHARD CO SW,-4195.872 -4540.863|-4195.921 -4514.143|-4196.012 -4464.294|-4196.033 -4454.142|-4232.244 -4454.209|-4288.692 -4454.320|-4293.173 -4454.320|-4293.117 -4482.163|-4293.082 -4498.131|-4293.068 -4507.382|-4292.998 -4541.485|-4290.320 -4541.897|-4287.301 -4542.108|-4284.351 -4542.798|-4283.491 -4543.220|-4281.988 -4543.943|-4279.303 -4544.654|-4277.269 -4545.533|-4275.151 -4546.211|-4272.984 -4546.667|-4270.782 -4546.912|-4201.835 -4546.867
228 30 RICHARD CO SW,-4195.872 -4540.863|-4195.921 -4514.143|-4196.012 -4464.294|-4196.033 -4454.142|-4232.244 -4454.209|-4288.692 -4454.320|-4293.173 -4454.320|-4293.117 -4482.163|-4293.082 -4498.131|-4293.068 -4507.382|-4292.998 -4541.485|-4290.320 -4541.897|-4287.301 -4542.108|-4284.351 -4542.798|-4283.491 -4543.220|-4281.988 -4543.943|-4279.303 -4544.654|-4277.269 -4545.533|-4275.151 -4546.211|-4272.984 -4546.667|-4270.782 -4546.912|-4201.835 -4546.867
229 30 RICHARD CO SW,-4195.872 -4540.863|-4195.921 -4514.143|-4196.012 -4464.294|-4196.033 -4454.142|-4232.244 -4454.209|-4288.692 -4454.320|-4293.173 -4454.320|-4293.117 -4482.163|-4293.082 -4498.131|-4293.068 -4507.382|-4292.998 -4541.485|-4290.320 -4541.897|-4287.301 -4542.108|-4284.351 -4542.798|-4283.491 -4543.220|-4281.988 -4543.943|-4279.303 -4544.654|-4277.269 -4545.533|-4275.151 -4546.211|-4272.984 -4546.667|-4270.782 -4546.912|-4201.835 -4546.867
230 30 RICHARD CO SW,-4195.872 -4540.863|-4195.921 -4514.143|-4196.012 -4464.294|-4196.033 -4454.142|-4232.244 -4454.209|-4288.692 -4454.320|-4293.173 -4454.320|-4293.117 -4482.163|-4293.082 -4498.131|-4293.068 -4507.382|-4292.998 -4541.485|-4290.320 -4541.897|-4287.301 -4542.108|-4284.351 -4542.798|-4283.491 -4543.220|-4281.988 -4543.943|-4279.303 -4544.654|-4277.269 -4545.533|-4275.151 -4546.211|-4272.984 -4546.667|-4270.782 -4546.912|-4201.835 -4546.867
231 30 RICHARD CO SW,-4195.872 -4540.863|-4195.921 -4514.143|-4196.012 -4464.294|-4196.033 -4454.142|-4232.244 -4454.209|-4288.692 -4454.320|-4293.173 -4454.320|-4293.117 -4482.163|-4293.082 -4498.131|-4293.068 -4507.382|-4292.998 -4541.485|-4290.320 -4541.897|-4287.301 -4542.108|-4284.351 -4542.798|-4283.491 -4543.220|-4281.988 -4543.943|-4279.303 -4544.654|-4277.269 -4545.533|-4275.151 -4546.211|-4272.984 -4546.667|-4270.782 -4546.912|-4201.835 -4546.867
232 30 RICHARD CO SW,-4195.872 -4540.863|-4195.921 -4514.143|-4196.012 -4464.294|-4196.033 -4454.142|-4232.244 -4454.209|-4288.692 -4454.320|-4293.173 -4454.320|-4293.117 -4482.163|-4293.082 -4498.131|-4293.068 -4507.382|-4292.998 -4541.485|-4290.320 -4541.897|-4287.301 -4542.108|-4284.351 -4542.798|-4283.491 -4543.220|-4281.988 -4543.943|-4279.303 -4544.654|-4277.269 -4545.533|-4275.151 -4546.211|-4272.984 -4546.667|-4270.782 -4546.912|-4201.835 -4546.867
233 30 RICHARD CO SW,-4195.872 -4540.863|-4195.921 -4514.143|-4196.012 -4464.294|-4196.033 -4454.142|-4232.244 -4454.209|-4288.692 -4454.320|-4293.173 -4454.320|-4293.117 -4482.163|-4293.082 -4498.131|-4293.068 -4507.382|-4292.998 -4541.485|-4290.320 -4541.897|-4287.301 -4542.108|-4284.351 -4542.798|-4283.491 -4543.220|-4281.988 -4543.943|-4279.303 -4544.654|-4277.269 -4545.533|-4275.151 -4546.211|-4272.984 -4546.667|-4270.782 -4546.912|-4201.835 -4546.867
234 30 RICHARD CO SW,-4195.872 -4540.863|-4195.921 -4514.143|-4196.012 -4464.294|-4196.033 -4454.142|-4232.244 -4454.209|-4288.692 -4454.320|-4293.173 -4454.320|-4293.117 -4482.163|-4293.082 -4498.131|-4293.068 -4507.382|-4292.998 -4541.485|-4290.320 -4541.897|-4287.301 -4542.108|-4284.351 -4542.798|-4283.491 -4543.220|-4281.988 -4543.943|-4279.303 -4544.654|-4277.269 -4545.533|-4275.151 -4546.211|-4272.984 -4546.667|-4270.782 -4546.912|-4201.835 -4546.867
235 30 RICHARD CO SW,-4195.872 -4540.863|-4195.921 -4514.143|-4196.012 -4464.294|-4196.033 -4454.142|-4232.244 -4454.209|-4288.692 -4454.320|-4293.173 -4454.320|-4293.117 -4482.163|-4293.082 -4498.131|-4293.068 -4507.382|-4292.998 -4541.485|-4290.320 -4541.897|-4287.301 -4542.108|-4284.351 -4542.798|-4283.491 -4543.220|-4281.988 -4543.943|-4279.303 -4544.654|-4277.269 -4545.533|-4275.151 -4546.211|-4272.984 -4546.667|-4270.782 -4546.912|-4201.835 -4546.867
236 30 RICHARD CO SW,-4195.872 -4540.863|-4195.921 -4514.143|-4196.012 -4464.294|-4196.033 -4454.142|-4232.244 -4454.209|-4288.692 -4454.320|-4293.173 -4454.320|-4293.117 -4482.163|-4293.082 -4498.131|-4293.068 -4507.382|-4292.998 -4541.485|-4290.320 -4541.897|-4287.301 -4542.108|-4284.351 -4542.798|-4283.491 -4543.220|-4281.988 -4543.943|-4279.303 -4544.654|-4277.269 -4545.533|-4275.151 -4546.211|-4272.984 -4546.667|-4270.782 -4546.912|-4201.835 -4546.867
216 25 RICHARD PL SW,-4195.872 -4540.863|-4195.921 -4514.143|-4196.012 -4464.294|-4196.033 -4454.142|-4232.244 -4454.209|-4288.692 -4454.320|-4293.173 -4454.320|-4293.117 -4482.163|-4293.082 -4498.131|-4293.068 -4507.382|-4292.998 -4541.485|-4290.320 -4541.897|-4287.301 -4542.108|-4284.351 -4542.798|-4283.491 -4543.220|-4281.988 -4543.943|-4279.303 -4544.654|-4277.269 -4545.533|-4275.151 -4546.211|-4272.984 -4546.667|-4270.782 -4546.912|-4201.835 -4546.867
215 25 RICHARD PL SW,-4195.872 -4540.863|-4195.921 -4514.143|-4196.012 -4464.294|-4196.033 -4454.142|-4232.244 -4454.209|-4288.692 -4454.320|-4293.173 -4454.320|-4293.117 -4482.163|-4293.082 -4498.131|-4293.068 -4507.382|-4292.998 -4541.485|-4290.320 -4541.897|-4287.301 -4542.108|-4284.351 -4542.798|-4283.491 -4543.220|-4281.988 -4543.943|-4279.303 -4544.654|-4277.269 -4545.533|-4275.151 -4546.211|-4272.984 -4546.667|-4270.782 -4546.912|-4201.835 -4546.867
214 25 RICHARD PL SW,-4195.872 -4540.863|-4195.921 -4514.143|-4196.012 -4464.294|-4196.033 -4454.142|-4232.244 -4454.209|-4288.692 -4454.320|-4293.173 -4454.320|-4293.117 -4482.163|-4293.082 -4498.131|-4293.068 -4507.382|-4292.998 -4541.485|-4290.320 -4541.897|-4287.301 -4542.108|-4284.351 -4542.798|-4283.491 -4543.220|-4281.988 -4543.943|-4279.303 -4544.654|-4277.269 -4545.533|-4275.151 -4546.211|-4272.984 -4546.667|-4270.782 -4546.912|-4201.835 -4546.867
213 25 RICHARD PL SW,-4195.872 -4540.863|-4195.921 -4514.143|-4196.012 -4464.294|-4196.033 -4454.142|-4232.244 -4454.209|-4288.692 -4454.320|-4293.173 -4454.320|-4293.117 -4482.163|-4293.082 -4498.131|-4293.068 -4507.382|-4292.998 -4541.485|-4290.320 -4541.897|-4287.301 -4542.108|-4284.351 -4542.798|-4283.491 -4543.220|-4281.988 -4543.943|-4279.303 -4544.654|-4277.269 -4545.533|-4275.151 -4546.211|-4272.984 -4546.667|-4270.782 -4546.912|-4201.835 -4546.867
212 25 RICHARD PL SW,-4195.872 -4540.863|-4195.921 -4514.143|-4196.012 -4464.294|-4196.033 -4454.142|-4232.244 -4454.209|-4288.692 -4454.320|-4293.173 -4454.320|-4293.117 -4482.163|-4293.082 -4498.131|-4293.068 -4507.382|-4292.998 -4541.485|-4290.320 -4541.897|-4287.301 -4542.108|-4284.351 -4542.798|-4283.491 -4543.220|-4281.988 -4543.943|-4279.303 -4544.654|-4277.269 -4545.533|-4275.151 -4546.211|-4272.984 -4546.667|-4270.782 -4546.912|-4201.835 -4546.867
211 25 RICHARD PL SW,-4195.872 -4540.863|-4195.921 -4514.143|-4196.012 -4464.294|-4196.033 -4454.142|-4232.244 -4454.209|-4288.692 -4454.320|-4293.173 -4454.320|-4293.117 -4482.163|-4293.082 -4498.131|-4293.068 -4507.382|-4292.998 -4541.485|-4290.320 -4541.897|-4287.301 -4542.108|-4284.351 -4542.798|-4283.491 -4543.220|-4281.988 -4543.943|-4279.303 -4544.654|-4277.269 -4545.533|-4275.151 -4546.211|-4272.984 -4546.667|-4270.782 -4546.912|-4201.835 -4546.867
210 25 RICHARD PL SW,-4195.872 -4540.863|-4195.921 -4514.143|-4196.012 -4464.294|-4196.033 -4454.142|-4232.244 -4454.209|-4288.692 -4454.320|-4293.173 -4454.320|-4293.117 -4482.163|-4293.082 -4498.131|-4293.068 -4507.382|-4292.998 -4541.485|-4290.320 -4541.897|-4287.301 -4542.108|-4284.351 -4542.798|-4283.491 -4543.220|-4281.988 -4543.943|-4279.303 -4544.654|-4277.269 -4545.533|-4275.151 -4546.211|-4272.984 -4546.667|-4270.782 -4546.912|-4201.835 -4546.867
309 25 RICHARD PL SW,-4195.872 -4540.863|-4195.921 -4514.143|-4196.012 -4464.294|-4196.033 -4454.142|-4232.244 -4454.209|-4288.692 -4454.320|-4293.173 -4454.320|-4293.117 -4482.163|-4293.082 -4498.131|-4293.068 -4507.382|-4292.998 -4541.485|-4290.320 -4541.897|-4287.301 -4542.108|-4284.351 -4542.798|-4283.491 -4543.220|-4281.988 -4543.943|-4279.303 -4544.654|-4277.269 -4545.533|-4275.151 -4546.211|-4272.984 -4546.667|-4270.782 -4546.912|-4201.835 -4546.867
308 25 RICHARD PL SW,-4195.872 -4540.863|-4195.921 -4514.143|-4196.012 -4464.294|-4196.033 -4454.142|-4232.244 -4454.209|-4288.692 -4454.320|-4293.173 -4454.320|-4293.117 -4482.163|-4293.082 -4498.131|-4293.068 -4507.382|-4292.998 -4541.485|-4290.320 -4541.897|-4287.301 -4542.108|-4284.351 -4542.798|-4283.491 -4543.220|-4281.988 -4543.943|-4279.303 -4544.654|-4277.269 -4545.533|-4275.151 -4546.211|-4272.984 -4546.667|-4270.782 -4546.912|-4201.835 -4546.867
307 25 RICHARD PL SW,-4195.872 -4540.863|-4195.921 -4514.143|-4196.012 -4464.294|-4196.033 -4454.142|-4232.244 -4454.209|-4288.692 -4454.320|-4293.173 -4454.320|-4293.117 -4482.163|-4293.082 -4498.131|-4293.068 -4507.382|-4292.998 -4541.485|-4290.320 -4541.897|-4287.301 -4542.108|-4284.351 -4542.798|-4283.491 -4543.220|-4281.988 -4543.943|-4279.303 -4544.654|-4277.269 -4545.533|-4275.151 -4546.211|-4272.984 -4546.667|-4270.782 -4546.912|-4201.835 -4546.867
306 25 RICHARD PL SW,-4195.872 -4540.863|-4195.921 -4514.143|-4196.012 -4464.294|-4196.033 -4454.142|-4232.244 -4454.209|-4288.692 -4454.320|-4293.173 -4454.320|-4293.117 -4482.163|-4293.082 -4498.131|-4293.068 -4507.382|-4292.998 -4541.485|-4290.320 -4541.897|-4287.301 -4542.108|-4284.351 -4542.798|-4283.491 -4543.220|-4281.988 -4543.943|-4279.303 -4544.654|-4277.269 -4545.533|-4275.151 -4546.211|-4272.984 -4546.667|-4270.782 -4546.912|-4201.835 -4546.867
305 25 RICHARD PL SW,-4195.872 -4540.863|-4195.921 -4514.143|-4196.012 -4464.294|-4196.033 -4454.142|-4232.244 -4454.209|-4288.692 -4454.320|-4293.173 -4454.320|-4293.117 -4482.163|-4293.082 -4498.131|-4293.068 -4507.382|-4292.998 -4541.485|-4290.320 -4541.897|-4287.301 -4542.108|-4284.351 -4542.798|-4283.491 -4543.220|-4281.988 -4543.943|-4279.303 -4544.654|-4277.269 -4545.533|-4275.151 -4546.211|-4272.984 -4546.667|-4270.782 -4546.912|-4201.835 -4546.867
304 25 RICHARD PL SW,-4195.872 -4540.863|-4195.921 -4514.143|-4196.012 -4464.294|-4196.033 -4454.142|-4232.244 -4454.209|-4288.692 -4454.320|-4293.173 -4454.320|-4293.117 -4482.163|-4293.082 -4498.131|-4293.068 -4507.382|-4292.998 -4541.485|-4290.320 -4541.897|-4287.301 -4542.108|-4284.351 -4542.798|-4283.491 -4543.220|-4281.988 -4543.943|-4279.303 -4544.654|-4277.269 -4545.533|-4275.151 -4546.211|-4272.984 -4546.667|-4270.782 -4546.912|-4201.835 -4546.867
303 25 RICHARD PL SW,-4195.872 -4540.863|-4195.921 -4514.143|-4196.012 -4464.294|-4196.033 -4454.142|-4232.244 -4454.209|-4288.692 -4454.320|-4293.173 -4454.320|-4293.117 -4482.163|-4293.082 -4498.131|-4293.068 -4507.382|-4292.998 -4541.485|-4290.320 -4541.897|-4287.301 -4542.108|-4284.351 -4542.798|-4283.491 -4543.220|-4281.988 -4543.943|-4279.303 -4544.654|-4277.269 -4545.533|-4275.151 -4546.211|-4272.984 -4546.667|-4270.782 -4546.912|-4201.835 -4546.867
302 25 RICHARD PL SW,-4195.872 -4540.863|-4195.921 -4514.143|-4196.012 -4464.294|-4196.033 -4454.142|-4232.244 -4454.209|-4288.692 -4454.320|-4293.173 -4454.320|-4293.117 -4482.163|-4293.082 -4498.131|-4293.068 -4507.382|-4292.998 -4541.485|-4290.320 -4541.897|-4287.301 -4542.108|-4284.351 -4542.798|-4283.491 -4543.220|-4281.988 -4543.943|-4279.303 -4544.654|-4277.269 -4545.533|-4275.151 -4546.211|-4272.984 -4546.667|-4270.782 -4546.912|-4201.835 -4546.867
301 25 RICHARD PL SW,-4195.872 -4540.863|-4195.921 -4514.143|-4196.012 -4464.294|-4196.033 -4454.142|-4232.244 -4454.209|-4288.692 -4454.320|-4293.173 -4454.320|-4293.117 -4482.163|-4293.082 -4498.131|-4293.068 -4507.382|-4292.998 -4541.485|-4290.320 -4541.897|-4287.301 -4542.108|-4284.351 -4542.798|-4283.491 -4543.220|-4281.988 -4543.943|-4279.303 -4544.654|-4277.269 -4545.533|-4275.151 -4546.211|-4272.984 -4546.667|-4270.782 -4546.912|-4201.835 -4546.867
320 25 RICHARD PL SW,-4195.872 -4540.863|-4195.921 -4514.143|-4196.012 -4464.294|-4196.033 -4454.142|-4232.244 -4454.209|-4288.692 -4454.320|-4293.173 -4454.320|-4293.117 -4482.163|-4293.082 -4498.131|-4293.068 -4507.382|-4292.998 -4541.485|-4290.320 -4541.897|-4287.301 -4542.108|-4284.351 -4542.798|-4283.491 -4543.220|-4281.988 -4543.943|-4279.303 -4544.654|-4277.269 -4545.533|-4275.151 -4546.211|-4272.984 -4546.667|-4270.782 -4546.912|-4201.835 -4546.867
319 25 RICHARD PL SW,-4195.872 -4540.863|-4195.921 -4514.143|-4196.012 -4464.294|-4196.033 -4454.142|-4232.244 -4454.209|-4288.692 -4454.320|-4293.173 -4454.320|-4293.117 -4482.163|-4293.082 -4498.131|-4293.068 -4507.382|-4292.998 -4541.485|-4290.320 -4541.897|-4287.301 -4542.108|-4284.351 -4542.798|-4283.491 -4543.220|-4281.988 -4543.943|-4279.303 -4544.654|-4277.269 -4545.533|-4275.151 -4546.211|-4272.984 -4546.667|-4270.782 -4546.912|-4201.835 -4546.867
318 25 RICHARD PL SW,-4195.872 -4540.863|-4195.921 -4514.143|-4196.012 -4464.294|-4196.033 -4454.142|-4232.244 -4454.209|-4288.692 -4454.320|-4293.173 -4454.320|-4293.117 -4482.163|-4293.082 -4498.131|-4293.068 -4507.382|-4292.998 -4541.485|-4290.320 -4541.897|-4287.301 -4542.108|-4284.351 -4542.798|-4283.491 -4543.220|-4281.988 -4543.943|-4279.303 -4544.654|-4277.269 -4545.533|-4275.151 -4546.211|-4272.984 -4546.667|-4270.782 -4546.912|-4201.835 -4546.867
317 25 RICHARD PL SW,-4195.872 -4540.863|-4195.921 -4514.143|-4196.012 -4464.294|-4196.033 -4454.142|-4232.244 -4454.209|-4288.692 -4454.320|-4293.173 -4454.320|-4293.117 -4482.163|-4293.082 -4498.131|-4293.068 -4507.382|-4292.998 -4541.485|-4290.320 -4541.897|-4287.301 -4542.108|-4284.351 -4542.798|-4283.491 -4543.220|-4281.988 -4543.943|-4279.303 -4544.654|-4277.269 -4545.533|-4275.151 -4546.211|-4272.984 -4546.667|-4270.782 -4546.912|-4201.835 -4546.867
337 30 RICHARD CO SW,-4195.872 -4540.863|-4195.921 -4514.143|-4196.012 -4464.294|-4196.033 -4454.142|-4232.244 -4454.209|-4288.692 -4454.320|-4293.173 -4454.320|-4293.117 -4482.163|-4293.082 -4498.131|-4293.068 -4507.382|-4292.998 -4541.485|-4290.320 -4541.897|-4287.301 -4542.108|-4284.351 -4542.798|-4283.491 -4543.220|-4281.988 -4543.943|-4279.303 -4544.654|-4277.269 -4545.533|-4275.151 -4546.211|-4272.984 -4546.667|-4270.782 -4546.912|-4201.835 -4546.867
338 30 RICHARD CO SW,-4195.872 -4540.863|-4195.921 -4514.143|-4196.012 -4464.294|-4196.033 -4454.142|-4232.244 -4454.209|-4288.692 -4454.320|-4293.173 -4454.320|-4293.117 -4482.163|-4293.082 -4498.131|-4293.068 -4507.382|-4292.998 -4541.485|-4290.320 -4541.897|-4287.301 -4542.108|-4284.351 -4542.798|-4283.491 -4543.220|-4281.988 -4543.943|-4279.303 -4544.654|-4277.269 -4545.533|-4275.151 -4546.211|-4272.984 -4546.667|-4270.782 -4546.912|-4201.835 -4546.867
339 30 RICHARD CO SW,-4195.872 -4540.863|-4195.921 -4514.143|-4196.012 -4464.294|-4196.033 -4454.142|-4232.244 -4454.209|-4288.692 -4454.320|-4293.173 -4454.320|-4293.117 -4482.163|-4293.082 -4498.131|-4293.068 -4507.382|-4292.998 -4541.485|-4290.320 -4541.897|-4287.301 -4542.108|-4284.351 -4542.798|-4283.491 -4543.220|-4281.988 -4543.943|-4279.303 -4544.654|-4277.269 -4545.533|-4275.151 -4546.211|-4272.984 -4546.667|-4270.782 -4546.912|-4201.835 -4546.867
340 30 RICHARD CO SW,-4195.872 -4540.863|-4195.921 -4514.143|-4196.012 -4464.294|-4196.033 -4454.142|-4232.244 -4454.209|-4288.692 -4454.320|-4293.173 -4454.320|-4293.117 -4482.163|-4293.082 -4498.131|-4293.068 -4507.382|-4292.998 -4541.485|-4290.320 -4541.897|-4287.301 -4542.108|-4284.351 -4542.798|-4283.491 -4543.220|-4281.988 -4543.943|-4279.303 -4544.654|-4277.269 -4545.533|-4275.151 -4546.211|-4272.984 -4546.667|-4270.782 -4546.912|-4201.835 -4546.867
321 30 RICHARD CO SW,-4195.872 -4540.863|-4195.921 -4514.143|-4196.012 -4464.294|-4196.033 -4454.142|-4232.244 -4454.209|-4288.692 -4454.320|-4293.173 -4454.320|-4293.117 -4482.163|-4293.082 -4498.131|-4293.068 -4507.382|-4292.998 -4541.485|-4290.320 -4541.897|-4287.301 -4542.108|-4284.351 -4542.798|-4283.491 -4543.220|-4281.988 -4543.943|-4279.303 -4544.654|-4277.269 -4545.533|-4275.151 -4546.211|-4272.984 -4546.667|-4270.782 -4546.912|-4201.835 -4546.867
322 30 RICHARD CO SW,-4195.872 -4540.863|-4195.921 -4514.143|-4196.012 -4464.294|-4196.033 -4454.142|-4232.244 -4454.209|-4288.692 -4454.320|-4293.173 -4454.320|-4293.117 -4482.163|-4293.082 -4498.131|-4293.068 -4507.382|-4292.998 -4541.485|-4290.320 -4541.897|-4287.301 -4542.108|-4284.351 -4542.798|-4283.491 -4543.220|-4281.988 -4543.943|-4279.303 -4544.654|-4277.269 -4545.533|-4275.151 -4546.211|-4272.984 -4546.667|-4270.782 -4546.912|-4201.835 -4546.867
323 30 RICHARD CO SW,-4195.872 -4540.863|-4195.921 -4514.143|-4196.012 -4464.294|-4196.033 -4454.142|-4232.244 -4454.209|-4288.692 -4454.320|-4293.173 -4454.320|-4293.117 -4482.163|-4293.082 -4498.131|-4293.068 -4507.382|-4292.998 -4541.485|-4290.320 -4541.897|-4287.301 -4542.108|-4284.351 -4542.798|-4283.491 -4543.220|-4281.988 -4543.943|-4279.303 -4544.654|-4277.269 -4545.533|-4275.151 -4546.211|-4272.984 -4546.667|-4270.782 -4546.912|-4201.835 -4546.867
324 30 RICHARD CO SW,-4195.872 -4540.863|-4195.921 -4514.143|-4196.012 -4464.294|-4196.033 -4454.142|-4232.244 -4454.209|-4288.692 -4454.320|-4293.173 -4454.320|-4293.117 -4482.163|-4293.082 -4498.131|-4293.068 -4507.382|-4292.998 -4541.485|-4290.320 -4541.897|-4287.301 -4542.108|-4284.351 -4542.798|-4283.491 -4543.220|-4281.988 -4543.943|-4279.303 -4544.654|-4277.269 -4545.533|-4275.151 -4546.211|-4272.984 -4546.667|-4270.782 -4546.912|-4201.835 -4546.867
325 30 RICHARD CO SW,-4195.872 -4540.863|-4195.921 -4514.143|-4196.012 -4464.294|-4196.033 -4454.142|-4232.244 -4454.209|-4288.692 -4454.320|-4293.173 -4454.320|-4293.117 -4482.163|-4293.082 -4498.131|-4293.068 -4507.382|-4292.998 -4541.485|-4290.320 -4541.897|-4287.301 -4542.108|-4284.351 -4542.798|-4283.491 -4543.220|-4281.988 -4543.943|-4279.303 -4544.654|-4277.269 -4545.533|-4275.151 -4546.211|-4272.984 -4546.667|-4270.782 -4546.912|-4201.835 -4546.867
326 30 RICHARD CO SW,-4195.872 -4540.863|-4195.921 -4514.143|-4196.012 -4464.294|-4196.033 -4454.142|-4232.244 -4454.209|-4288.692 -4454.320|-4293.173 -4454.320|-4293.117 -4482.163|-4293.082 -4498.131|-4293.068 -4507.382|-4292.998 -4541.485|-4290.320 -4541.897|-4287.301 -4542.108|-4284.351 -4542.798|-4283.491 -4543.220|-4281.988 -4543.943|-4279.303 -4544.654|-4277.269 -4545.533|-4275.151 -4546.211|-4272.984 -4546.667|-4270.782 -4546.912|-4201.835 -4546.867
327 30 RICHARD CO SW,-4195.872 -4540.863|-4195.921 -4514.143|-4196.012 -4464.294|-4196.033 -4454.142|-4232.244 -4454.209|-4288.692 -4454.320|-4293.173 -4454.320|-4293.117 -4482.163|-4293.082 -4498.131|-4293.068 -4507.382|-4292.998 -4541.485|-4290.320 -4541.897|-4287.301 -4542.108|-4284.351 -4542.798|-4283.491 -4543.220|-4281.988 -4543.943|-4279.303 -4544.654|-4277.269 -4545.533|-4275.151 -4546.211|-4272.984 -4546.667|-4270.782 -4546.912|-4201.835 -4546.867
328 30 RICHARD CO SW,-4195.872 -4540.863|-4195.921 -4514.143|-4196.012 -4464.294|-4196.033 -4454.142|-4232.244 -4454.209|-4288.692 -4454.320|-4293.173 -4454.320|-4293.117 -4482.163|-4293.082 -4498.131|-4293.068 -4507.382|-4292.998 -4541.485|-4290.320 -4541.897|-4287.301 -4542.108|-4284.351 -4542.798|-4283.491 -4543.220|-4281.988 -4543.943|-4279.303 -4544.654|-4277.269 -4545.533|-4275.151 -4546.211|-4272.984 -4546.667|-4270.782 -4546.912|-4201.835 -4546.867
329 30 RICHARD CO SW,-4195.872 -4540.863|-4195.921 -4514.143|-4196.012 -4464.294|-4196.033 -4454.142|-4232.244 -4454.209|-4288.692 -4454.320|-4293.173 -4454.320|-4293.117 -4482.163|-4293.082 -4498.131|-4293.068 -4507.382|-4292.998 -4541.485|-4290.320 -4541.897|-4287.301 -4542.108|-4284.351 -4542.798|-4283.491 -4543.220|-4281.988 -4543.943|-4279.303 -4544.654|-4277.269 -4545.533|-4275.151 -4546.211|-4272.984 -4546.667|-4270.782 -4546.912|-4201.835 -4546.867
330 30 RICHARD CO SW,-4195.872 -4540.863|-4195.921 -4514.143|-4196.012 -4464.294|-4196.033 -4454.142|-4232.244 -4454.209|-4288.692 -4454.320|-4293.173 -4454.320|-4293.117 -4482.163|-4293.082 -4498.131|-4293.068 -4507.382|-4292.998 -4541.485|-4290.320 -4541.897|-4287.301 -4542.108|-4284.351 -4542.798|-4283.491 -4543.220|-4281.988 -4543.943|-4279.303 -4544.654|-4277.269 -4545.533|-4275.151 -4546.211|-4272.984 -4546.667|-4270.782 -4546.912|-4201.835 -4546.867
331 30 RICHARD CO SW,-4195.872 -4540.863|-4195.921 -4514.143|-4196.012 -4464.294|-4196.033 -4454.142|-4232.244 -4454.209|-4288.692 -4454.320|-4293.173 -4454.320|-4293.117 -4482.163|-4293.082 -4498.131|-4293.068 -4507.382|-4292.998 -4541.485|-4290.320 -4541.897|-4287.301 -4542.108|-4284.351 -4542.798|-4283.491 -4543.220|-4281.988 -4543.943|-4279.303 -4544.654|-4277.269 -4545.533|-4275.151 -4546.211|-4272.984 -4546.667|-4270.782 -4546.912|-4201.835 -4546.867
332 30 RICHARD CO SW,-4195.872 -4540.863|-4195.921 -4514.143|-4196.012 -4464.294|-4196.033 -4454.142|-4232.244 -4454.209|-4288.692 -4454.320|-4293.173 -4454.320|-4293.117 -4482.163|-4293.082 -4498.131|-4293.068 -4507.382|-4292.998 -4541.485|-4290.320 -4541.897|-4287.301 -4542.108|-4284.351 -4542.798|-4283.491 -4543.220|-4281.988 -4543.943|-4279.303 -4544.654|-4277.269 -4545.533|-4275.151 -4546.211|-4272.984 -4546.667|-4270.782 -4546.912|-4201.835 -4546.867
333 30 RICHARD CO SW,-4195.872 -4540.863|-4195.921 -4514.143|-4196.012 -4464.294|-4196.033 -4454.142|-4232.244 -4454.209|-4288.692 -4454.320|-4293.173 -4454.320|-4293.117 -4482.163|-4293.082 -4498.131|-4293.068 -4507.382|-4292.998 -4541.485|-4290.320 -4541.897|-4287.301 -4542.108|-4284.351 -4542.798|-4283.491 -4543.220|-4281.988 -4543.943|-4279.303 -4544.654|-4277.269 -4545.533|-4275.151 -4546.211|-4272.984 -4546.667|-4270.782 -4546.912|-4201.835 -4546.867
334 30 RICHARD CO SW,-4195.872 -4540.863|-4195.921 -4514.143|-4196.012 -4464.294|-4196.033 -4454.142|-4232.244 -4454.209|-4288.692 -4454.320|-4293.173 -4454.320|-4293.117 -4482.163|-4293.082 -4498.131|-4293.068 -4507.382|-4292.998 -4541.485|-4290.320 -4541.897|-4287.301 -4542.108|-4284.351 -4542.798|-4283.491 -4543.220|-4281.988 -4543.943|-4279.303 -4544.654|-4277.269 -4545.533|-4275.151 -4546.211|-4272.984 -4546.667|-4270.782 -4546.912|-4201.835 -4546.867
335 30 RICHARD CO SW,-4195.872 -4540.863|-4195.921 -4514.143|-4196.012 -4464.294|-4196.033 -4454.142|-4232.244 -4454.209|-4288.692 -4454.320|-4293.173 -4454.320|-4293.117 -4482.163|-4293.082 -4498.131|-4293.068 -4507.382|-4292.998 -4541.485|-4290.320 -4541.897|-4287.301 -4542.108|-4284.351 -4542.798|-4283.491 -4543.220|-4281.988 -4543.943|-4279.303 -4544.654|-4277.269 -4545.533|-4275.151 -4546.211|-4272.984 -4546.667|-4270.782 -4546.912|-4201.835 -4546.867
336 30 RICHARD CO SW,-4195.872 -4540.863|-4195.921 -4514.143|-4196.012 -4464.294|-4196.033 -4454.142|-4232.244 -4454.209|-4288.692 -4454.320|-4293.173 -4454.320|-4293.117 -4482.163|-4293.082 -4498.131|-4293.068 -4507.382|-4292.998 -4541.485|-4290.320 -4541.897|-4287.301 -4542.108|-4284.351 -4542.798|-4283.491 -4543.220|-4281.988 -4543.943|-4279.303 -4544.654|-4277.269 -4545.533|-4275.151 -4546.211|-4272.984 -4546.667|-4270.782 -4546.912|-4201.835 -4546.867
316 25 RICHARD PL SW,-4195.872 -4540.863|-4195.921 -4514.143|-4196.012 -4464.294|-4196.033 -4454.142|-4232.244 -4454.209|-4288.692 -4454.320|-4293.173 -4454.320|-4293.117 -4482.163|-4293.082 -4498.131|-4293.068 -4507.382|-4292.998 -4541.485|-4290.320 -4541.897|-4287.301 -4542.108|-4284.351 -4542.798|-4283.491 -4543.220|-4281.988 -4543.943|-4279.303 -4544.654|-4277.269 -4545.533|-4275.151 -4546.211|-4272.984 -4546.667|-4270.782 -4546.912|-4201.835 -4546.867
315 25 RICHARD PL SW,-4195.872 -4540.863|-4195.921 -4514.143|-4196.012 -4464.294|-4196.033 -4454.142|-4232.244 -4454.209|-4288.692 -4454.320|-4293.173 -4454.320|-4293.117 -4482.163|-4293.082 -4498.131|-4293.068 -4507.382|-4292.998 -4541.485|-4290.320 -4541.897|-4287.301 -4542.108|-4284.351 -4542.798|-4283.491 -4543.220|-4281.988 -4543.943|-4279.303 -4544.654|-4277.269 -4545.533|-4275.151 -4546.211|-4272.984 -4546.667|-4270.782 -4546.912|-4201.835 -4546.867
314 25 RICHARD PL SW,-4195.872 -4540.863|-4195.921 -4514.143|-4196.012 -4464.294|-4196.033 -4454.142|-4232.244 -4454.209|-4288.692 -4454.320|-4293.173 -4454.320|-4293.117 -4482.163|-4293.082 -4498.131|-4293.068 -4507.382|-4292.998 -4541.485|-4290.320 -4541.897|-4287.301 -4542.108|-4284.351 -4542.798|-4283.491 -4543.220|-4281.988 -4543.943|-4279.303 -4544.654|-4277.269 -4545.533|-4275.151 -4546.211|-4272.984 -4546.667|-4270.782 -4546.912|-4201.835 -4546.867
313 25 RICHARD PL SW,-4195.872 -4540.863|-4195.921 -4514.143|-4196.012 -4464.294|-4196.033 -4454.142|-4232.244 -4454.209|-4288.692 -4454.320|-4293.173 -4454.320|-4293.117 -4482.163|-4293.082 -4498.131|-4293.068 -4507.382|-4292.998 -4541.485|-4290.320 -4541.897|-4287.301 -4542.108|-4284.351 -4542.798|-4283.491 -4543.220|-4281.988 -4543.943|-4279.303 -4544.654|-4277.269 -4545.533|-4275.151 -4546.211|-4272.984 -4546.667|-4270.782 -4546.912|-4201.835 -4546.867
312 25 RICHARD PL SW,-4195.872 -4540.863|-4195.921 -4514.143|-4196.012 -4464.294|-4196.033 -4454.142|-4232.244 -4454.209|-4288.692 -4454.320|-4293.173 -4454.320|-4293.117 -4482.163|-4293.082 -4498.131|-4293.068 -4507.382|-4292.998 -4541.485|-4290.320 -4541.897|-4287.301 -4542.108|-4284.351 -4542.798|-4283.491 -4543.220|-4281.988 -4543.943|-4279.303 -4544.654|-4277.269 -4545.533|-4275.151 -4546.211|-4272.984 -4546.667|-4270.782 -4546.912|-4201.835 -4546.867
311 25 RICHARD PL SW,-4195.872 -4540.863|-4195.921 -4514.143|-4196.012 -4464.294|-4196.033 -4454.142|-4232.244 -4454.209|-4288.692 -4454.320|-4293.173 -4454.320|-4293.117 -4482.163|-4293.082 -4498.131|-4293.068 -4507.382|-4292.998 -4541.485|-4290.320 -4541.897|-4287.301 -4542.108|-4284.351 -4542.798|-4283.491 -4543.220|-4281.988 -4543.943|-4279.303 -4544.654|-4277.269 -4545.533|-4275.151 -4546.211|-4272.984 -4546.667|-4270.782 -4546.912|-4201.835 -4546.867
310 25 RICHARD PL SW,-4195.872 -4540.863|-4195.921 -4514.143|-4196.012 -4464.294|-4196.033 -4454.142|-4232.244 -4454.209|-4288.692 -4454.320|-4293.173 -4454.320|-4293.117 -4482.163|-4293.082 -4498.131|-4293.068 -4507.382|-4292.998 -4541.485|-4290.320 -4541.897|-4287.301 -4542.108|-4284.351 -4542.798|-4283.491 -4543.220|-4281.988 -4543.943|-4279.303 -4544.654|-4277.269 -4545.533|-4275.151 -4546.211|-4272.984 -4546.667|-4270.782 -4546.912|-4201.835 -4546.867
121V 25 RICHARD PL SW,-4195.872 -4540.863|-4195.921 -4514.143|-4196.012 -4464.294|-4196.033 -4454.142|-4232.244 -4454.209|-4288.692 -4454.320|-4293.173 -4454.320|-4293.117 -4482.163|-4293.082 -4498.131|-4293.068 -4507.382|-4292.998 -4541.485|-4290.320 -4541.897|-4287.301 -4542.108|-4284.351 -4542.798|-4283.491 -4543.220|-4281.988 -4543.943|-4279.303 -4544.654|-4277.269 -4545.533|-4275.151 -4546.211|-4272.984 -4546.667|-4270.782 -4546.912|-4201.835 -4546.867
122V 25 RICHARD PL SW,-4195.872 -4540.863|-4195.921 -4514.143|-4196.012 -4464.294|-4196.033 -4454.142|-4232.244 -4454.209|-4288.692 -4454.320|-4293.173 -4454.320|-4293.117 -4482.163|-4293.082 -4498.131|-4293.068 -4507.382|-4292.998 -4541.485|-4290.320 -4541.897|-4287.301 -4542.108|-4284.351 -4542.798|-4283.491 -4543.220|-4281.988 -4543.943|-4279.303 -4544.654|-4277.269 -4545.533|-4275.151 -4546.211|-4272.984 -4546.667|-4270.782 -4546.912|-4201.835 -4546.867
123V 25 RICHARD PL SW,-4195.872 -4540.863|-4195.921 -4514.143|-4196.012 -4464.294|-4196.033 -4454.142|-4232.244 -4454.209|-4288.692 -4454.320|-4293.173 -4454.320|-4293.117 -4482.163|-4293.082 -4498.131|-4293.068 -4507.382|-4292.998 -4541.485|-4290.320 -4541.897|-4287.301 -4542.108|-4284.351 -4542.798|-4283.491 -4543.220|-4281.988 -4543.943|-4279.303 -4544.654|-4277.269 -4545.533|-4275.151 -4546.211|-4272.984 -4546.667|-4270.782 -4546.912|-4201.835 -4546.867
124V 25 RICHARD PL SW,-4195.872 -4540.863|-4195.921 -4514.143|-4196.012 -4464.294|-4196.033 -4454.142|-4232.244 -4454.209|-4288.692 -4454.320|-4293.173 -4454.320|-4293.117 -4482.163|-4293.082 -4498.131|-4293.068 -4507.382|-4292.998 -4541.485|-4290.320 -4541.897|-4287.301 -4542.108|-4284.351 -4542.798|-4283.491 -4543.220|-4281.988 -4543.943|-4279.303 -4544.654|-4277.269 -4545.533|-4275.151 -4546.211|-4272.984 -4546.667|-4270.782 -4546.912|-4201.835 -4546.867
125V 25 RICHARD PL SW,-4195.872 -4540.863|-4195.921 -4514.143|-4196.012 -4464.294|-4196.033 -4454.142|-4232.244 -4454.209|-4288.692 -4454.320|-4293.173 -4454.320|-4293.117 -4482.163|-4293.082 -4498.131|-4293.068 -4507.382|-4292.998 -4541.485|-4290.320 -4541.897|-4287.301 -4542.108|-4284.351 -4542.798|-4283.491 -4543.220|-4281.988 -4543.943|-4279.303 -4544.654|-4277.269 -4545.533|-4275.151 -4546.211|-4272.984 -4546.667|-4270.782 -4546.912|-4201.835 -4546.867
126V 25 RICHARD PL SW,-4195.872 -4540.863|-4195.921 -4514.143|-4196.012 -4464.294|-4196.033 -4454.142|-4232.244 -4454.209|-4288.692 -4454.320|-4293.173 -4454.320|-4293.117 -4482.163|-4293.082 -4498.131|-4293.068 -4507.382|-4292.998 -4541.485|-4290.320 -4541.897|-4287.301 -4542.108|-4284.351 -4542.798|-4283.491 -4543.220|-4281.988 -4543.943|-4279.303 -4544.654|-4277.269 -4545.533|-4275.151 -4546.211|-4272.984 -4546.667|-4270.782 -4546.912|-4201.835 -4546.867
127V 25 RICHARD PL SW,-4195.872 -4540.863|-4195.921 -4514.143|-4196.012 -4464.294|-4196.033 -4454.142|-4232.244 -4454.209|-4288.692 -4454.320|-4293.173 -4454.320|-4293.117 -4482.163|-4293.082 -4498.131|-4293.068 -4507.382|-4292.998 -4541.485|-4290.320 -4541.897|-4287.301 -4542.108|-4284.351 -4542.798|-4283.491 -4543.220|-4281.988 -4543.943|-4279.303 -4544.654|-4277.269 -4545.533|-4275.151 -4546.211|-4272.984 -4546.667|-4270.782 -4546.912|-4201.835 -4546.867
128V 25 RICHARD PL SW,-4195.872 -4540.863|-4195.921 -4514.143|-4196.012 -4464.294|-4196.033 -4454.142|-4232.244 -4454.209|-4288.692 -4454.320|-4293.173 -4454.320|-4293.117 -4482.163|-4293.082 -4498.131|-4293.068 -4507.382|-4292.998 -4541.485|-4290.320 -4541.897|-4287.301 -4542.108|-4284.351 -4542.798|-4283.491 -4543.220|-4281.988 -4543.943|-4279.303 -4544.654|-4277.269 -4545.533|-4275.151 -4546.211|-4272.984 -4546.667|-4270.782 -4546.912|-4201.835 -4546.867
129V 30 RICHARD CO SW,-4195.872 -4540.863|-4195.921 -4514.143|-4196.012 -4464.294|-4196.033 -4454.142|-4232.244 -4454.209|-4288.692 -4454.320|-4293.173 -4454.320|-4293.117 -4482.163|-4293.082 -4498.131|-4293.068 -4507.382|-4292.998 -4541.485|-4290.320 -4541.897|-4287.301 -4542.108|-4284.351 -4542.798|-4283.491 -4543.220|-4281.988 -4543.943|-4279.303 -4544.654|-4277.269 -4545.533|-4275.151 -4546.211|-4272.984 -4546.667|-4270.782 -4546.912|-4201.835 -4546.867
130V 30 RICHARD CO SW,-4195.872 -4540.863|-4195.921 -4514.143|-4196.012 -4464.294|-4196.033 -4454.142|-4232.244 -4454.209|-4288.692 -4454.320|-4293.173 -4454.320|-4293.117 -4482.163|-4293.082 -4498.131|-4293.068 -4507.382|-4292.998 -4541.485|-4290.320 -4541.897|-4287.301 -4542.108|-4284.351 -4542.798|-4283.491 -4543.220|-4281.988 -4543.943|-4279.303 -4544.654|-4277.269 -4545.533|-4275.151 -4546.211|-4272.984 -4546.667|-4270.782 -4546.912|-4201.835 -4546.867
131V 30 RICHARD CO SW,-4195.872 -4540.863|-4195.921 -4514.143|-4196.012 -4464.294|-4196.033 -4454.142|-4232.244 -4454.209|-4288.692 -4454.320|-4293.173 -4454.320|-4293.117 -4482.163|-4293.082 -4498.131|-4293.068 -4507.382|-4292.998 -4541.485|-4290.320 -4541.897|-4287.301 -4542.108|-4284.351 -4542.798|-4283.491 -4543.220|-4281.988 -4543.943|-4279.303 -4544.654|-4277.269 -4545.533|-4275.151 -4546.211|-4272.984 -4546.667|-4270.782 -4546.912|-4201.835 -4546.867
132V 30 RICHARD CO SW,-4195.872 -4540.863|-4195.921 -4514.143|-4196.012 -4464.294|-4196.033 -4454.142|-4232.244 -4454.209|-4288.692 -4454.320|-4293.173 -4454.320|-4293.117 -4482.163|-4293.082 -4498.131|-4293.068 -4507.382|-4292.998 -4541.485|-4290.320 -4541.897|-4287.301 -4542.108|-4284.351 -4542.798|-4283.491 -4543.220|-4281.988 -4543.943|-4279.303 -4544.654|-4277.269 -4545.533|-4275.151 -4546.211|-4272.984 -4546.667|-4270.782 -4546.912|-4201.835 -4546.867
133V 30 RICHARD CO SW,-4195.872 -4540.863|-4195.921 -4514.143|-4196.012 -4464.294|-4196.033 -4454.142|-4232.244 -4454.209|-4288.692 -4454.320|-4293.173 -4454.320|-4293.117 -4482.163|-4293.082 -4498.131|-4293.068 -4507.382|-4292.998 -4541.485|-4290.320 -4541.897|-4287.301 -4542.108|-4284.351 -4542.798|-4283.491 -4543.220|-4281.988 -4543.943|-4279.303 -4544.654|-4277.269 -4545.533|-4275.151 -4546.211|-4272.984 -4546.667|-4270.782 -4546.912|-4201.835 -4546.867
134V 30 RICHARD CO SW,-4195.872 -4540.863|-4195.921 -4514.143|-4196.012 -4464.294|-4196.033 -4454.142|-4232.244 -4454.209|-4288.692 -4454.320|-4293.173 -4454.320|-4293.117 -4482.163|-4293.082 -4498.131|-4293.068 -4507.382|-4292.998 -4541.485|-4290.320 -4541.897|-4287.301 -4542.108|-4284.351 -4542.798|-4283.491 -4543.220|-4281.988 -4543.943|-4279.303 -4544.654|-4277.269 -4545.533|-4275.151 -4546.211|-4272.984 -4546.667|-4270.782 -4546.912|-4201.835 -4546.867
135V 30 RICHARD CO SW,-4195.872 -4540.863|-4195.921 -4514.143|-4196.012 -4464.294|-4196.033 -4454.142|-4232.244 -4454.209|-4288.692 -4454.320|-4293.173 -4454.320|-4293.117 -4482.163|-4293.082 -4498.131|-4293.068 -4507.382|-4292.998 -4541.485|-4290.320 -4541.897|-4287.301 -4542.108|-4284.351 -4542.798|-4283.491 -4543.220|-4281.988 -4543.943|-4279.303 -4544.654|-4277.269 -4545.533|-4275.151 -4546.211|-4272.984 -4546.667|-4270.782 -4546.912|-4201.835 -4546.867
136V 30 RICHARD CO SW,-4195.872 -4540.863|-4195.921 -4514.143|-4196.012 -4464.294|-4196.033 -4454.142|-4232.244 -4454.209|-4288.692 -4454.320|-4293.173 -4454.320|-4293.117 -4482.163|-4293.082 -4498.131|-4293.068 -4507.382|-4292.998 -4541.485|-4290.320 -4541.897|-4287.301 -4542.108|-4284.351 -4542.798|-4283.491 -4543.220|-4281.988 -4543.943|-4279.303 -4544.654|-4277.269 -4545.533|-4275.151 -4546.211|-4272.984 -4546.667|-4270.782 -4546.912|-4201.835 -4546.867
137V 30 RICHARD CO SW,-4195.872 -4540.863|-4195.921 -4514.143|-4196.012 -4464.294|-4196.033 -4454.142|-4232.244 -4454.209|-4288.692 -4454.320|-4293.173 -4454.320|-4293.117 -4482.163|-4293.082 -4498.131|-4293.068 -4507.382|-4292.998 -4541.485|-4290.320 -4541.897|-4287.301 -4542.108|-4284.351 -4542.798|-4283.491 -4543.220|-4281.988 -4543.943|-4279.303 -4544.654|-4277.269 -4545.533|-4275.151 -4546.211|-4272.984 -4546.667|-4270.782 -4546.912|-4201.835 -4546.867
138V 30 RICHARD CO SW,-4195.872 -4540.863|-4195.921 -4514.143|-4196.012 -4464.294|-4196.033 -4454.142|-4232.244 -4454.209|-4288.692 -4454.320|-4293.173 -4454.320|-4293.117 -4482.163|-4293.082 -4498.131|-4293.068 -4507.382|-4292.998 -4541.485|-4290.320 -4541.897|-4287.301 -4542.108|-4284.351 -4542.798|-4283.491 -4543.220|-4281.988 -4543.943|-4279.303 -4544.654|-4277.269 -4545.533|-4275.151 -4546.211|-4272.984 -4546.667|-4270.782 -4546.912|-4201.835 -4546.867
139V 30 RICHARD CO SW,-4195.872 -4540.863|-4195.921 -4514.143|-4196.012 -4464.294|-4196.033 -4454.142|-4232.244 -4454.209|-4288.692 -4454.320|-4293.173 -4454.320|-4293.117 -4482.163|-4293.082 -4498.131|-4293.068 -4507.382|-4292.998 -4541.485|-4290.320 -4541.897|-4287.301 -4542.108|-4284.351 -4542.798|-4283.491 -4543.220|-4281.988 -4543.943|-4279.303 -4544.654|-4277.269 -4545.533|-4275.151 -4546.211|-4272.984 -4546.667|-4270.782 -4546.912|-4201.835 -4546.867
140V 30 RICHARD CO SW,-4195.872 -4540.863|-4195.921 -4514.143|-4196.012 -4464.294|-4196.033 -4454.142|-4232.244 -4454.209|-4288.692 -4454.320|-4293.173 -4454.320|-4293.117 -4482.163|-4293.082 -4498.131|-4293.068 -4507.382|-4292.998 -4541.485|-4290.320 -4541.897|-4287.301 -4542.108|-4284.351 -4542.798|-4283.491 -4543.220|-4281.988 -4543.943|-4279.303 -4544.654|-4277.269 -4545.533|-4275.151 -4546.211|-4272.984 -4546.667|-4270.782 -4546.912|-4201.835 -4546.867
141V 30 RICHARD CO SW,-4195.872 -4540.863|-4195.921 -4514.143|-4196.012 -4464.294|-4196.033 -4454.142|-4232.244 -4454.209|-4288.692 -4454.320|-4293.173 -4454.320|-4293.117 -4482.163|-4293.082 -4498.131|-4293.068 -4507.382|-4292.998 -4541.485|-4290.320 -4541.897|-4287.301 -4542.108|-4284.351 -4542.798|-4283.491 -4543.220|-4281.988 -4543.943|-4279.303 -4544.654|-4277.269 -4545.533|-4275.151 -4546.211|-4272.984 -4546.667|-4270.782 -4546.912|-4201.835 -4546.867
142V 30 RICHARD CO SW,-4195.872 -4540.863|-4195.921 -4514.143|-4196.012 -4464.294|-4196.033 -4454.142|-4232.244 -4454.209|-4288.692 -4454.320|-4293.173 -4454.320|-4293.117 -4482.163|-4293.082 -4498.131|-4293.068 -4507.382|-4292.998 -4541.485|-4290.320 -4541.897|-4287.301 -4542.108|-4284.351 -4542.798|-4283.491 -4543.220|-4281.988 -4543.943|-4279.303 -4544.654|-4277.269 -4545.533|-4275.151 -4546.211|-4272.984 -4546.667|-4270.782 -4546.912|-4201.835 -4546.867
143V 30 RICHARD CO SW,-4195.872 -4540.863|-4195.921 -4514.143|-4196.012 -4464.294|-4196.033 -4454.142|-4232.244 -4454.209|-4288.692 -4454.320|-4293.173 -4454.320|-4293.117 -4482.163|-4293.082 -4498.131|-4293.068 -4507.382|-4292.998 -4541.485|-4290.320 -4541.897|-4287.301 -4542.108|-4284.351 -4542.798|-4283.491 -4543.220|-4281.988 -4543.943|-4279.303 -4544.654|-4277.269 -4545.533|-4275.151 -4546.211|-4272.984 -4546.667|-4270.782 -4546.912|-4201.835 -4546.867
144V 30 RICHARD CO SW,-4195.872 -4540.863|-4195.921 -4514.143|-4196.012 -4464.294|-4196.033 -4454.142|-4232.244 -4454.209|-4288.692 -4454.320|-4293.173 -4454.320|-4293.117 -4482.163|-4293.082 -4498.131|-4293.068 -4507.382|-4292.998 -4541.485|-4290.320 -4541.897|-4287.301 -4542.108|-4284.351 -4542.798|-4283.491 -4543.220|-4281.988 -4543.943|-4279.303 -4544.654|-4277.269 -4545.533|-4275.151 -4546.211|-4272.984 -4546.667|-4270.782 -4546.912|-4201.835 -4546.867
145V 30 RICHARD CO SW,-4195.872 -4540.863|-4195.921 -4514.143|-4196.012 -4464.294|-4196.033 -4454.142|-4232.244 -4454.209|-4288.692 -4454.320|-4293.173 -4454.320|-4293.117 -4482.163|-4293.082 -4498.131|-4293.068 -4507.382|-4292.998 -4541.485|-4290.320 -4541.897|-4287.301 -4542.108|-4284.351 -4542.798|-4283.491 -4543.220|-4281.988 -4543.943|-4279.303 -4544.654|-4277.269 -4545.533|-4275.151 -4546.211|-4272.984 -4546.667|-4270.782 -4546.912|-4201.835 -4546.867
146V 30 RICHARD CO SW,-4195.872 -4540.863|-4195.921 -4514.143|-4196.012 -4464.294|-4196.033 -4454.142|-4232.244 -4454.209|-4288.692 -4454.320|-4293.173 -4454.320|-4293.117 -4482.163|-4293.082 -4498.131|-4293.068 -4507.382|-4292.998 -4541.485|-4290.320 -4541.897|-4287.301 -4542.108|-4284.351 -4542.798|-4283.491 -4543.220|-4281.988 -4543.943|-4279.303 -4544.654|-4277.269 -4545.533|-4275.151 -4546.211|-4272.984 -4546.667|-4270.782 -4546.912|-4201.835 -4546.867
147V 30 RICHARD CO SW,-4195.872 -4540.863|-4195.921 -4514.143|-4196.012 -4464.294|-4196.033 -4454.142|-4232.244 -4454.209|-4288.692 -4454.320|-4293.173 -4454.320|-4293.117 -4482.163|-4293.082 -4498.131|-4293.068 -4507.382|-4292.998 -4541.485|-4290.320 -4541.897|-4287.301 -4542.108|-4284.351 -4542.798|-4283.491 -4543.220|-4281.988 -4543.943|-4279.303 -4544.654|-4277.269 -4545.533|-4275.151 -4546.211|-4272.984 -4546.667|-4270.782 -4546.912|-4201.835 -4546.867
148V 30 RICHARD CO SW,-4195.872 -4540.863|-4195.921 -4514.143|-4196.012 -4464.294|-4196.033 -4454.142|-4232.244 -4454.209|-4288.692 -4454.320|-4293.173 -4454.320|-4293.117 -4482.163|-4293.082 -4498.131|-4293.068 -4507.382|-4292.998 -4541.485|-4290.320 -4541.897|-4287.301 -4542.108|-4284.351 -4542.798|-4283.491 -4543.220|-4281.988 -4543.943|-4279.303 -4544.654|-4277.269 -4545.533|-4275.151 -4546.211|-4272.984 -4546.667|-4270.782 -4546.912|-4201.835 -4546.867
149V 30 RICHARD CO SW,-4195.872 -4540.863|-4195.921 -4514.143|-4196.012 -4464.294|-4196.033 -4454.142|-4232.244 -4454.209|-4288.692 -4454.320|-4293.173 -4454.320|-4293.117 -4482.163|-4293.082 -4498.131|-4293.068 -4507.382|-4292.998 -4541.485|-4290.320 -4541.897|-4287.301 -4542.108|-4284.351 -4542.798|-4283.491 -4543.220|-4281.988 -4543.943|-4279.303 -4544.654|-4277.269 -4545.533|-4275.151 -4546.211|-4272.984 -4546.667|-4270.782 -4546.912|-4201.835 -4546.867
150V 30 RICHARD CO SW,-4195.872 -4540.863|-4195.921 -4514.143|-4196.012 -4464.294|-4196.033 -4454.142|-4232.244 -4454.209|-4288.692 -4454.320|-4293.173 -4454.320|-4293.117 -4482.163|-4293.082 -4498.131|-4293.068 -4507.382|-4292.998 -4541.485|-4290.320 -4541.897|-4287.301 -4542.108|-4284.351 -4542.798|-4283.491 -4543.220|-4281.988 -4543.943|-4279.303 -4544.654|-4277.269 -4545.533|-4275.151 -4546.211|-4272.984 -4546.667|-4270.782 -4546.912|-4201.835 -4546.867
151V 30 RICHARD CO SW,-4195.872 -4540.863|-4195.921 -4514.143|-4196.012 -4464.294|-4196.033 -4454.142|-4232.244 -4454.209|-4288.692 -4454.320|-4293.173 -4454.320|-4293.117 -4482.163|-4293.082 -4498.131|-4293.068 -4507.382|-4292.998 -4541.485|-4290.320 -4541.897|-4287.301 -4542.108|-4284.351 -4542.798|-4283.491 -4543.220|-4281.988 -4543.943|-4279.303 -4544.654|-4277.269 -4545.533|-4275.151 -4546.211|-4272.984 -4546.667|-4270.782 -4546.912|-4201.835 -4546.867
152V 30 RICHARD CO SW,-4195.872 -4540.863|-4195.921 -4514.143|-4196.012 -4464.294|-4196.033 -4454.142|-4232.244 -4454.209|-4288.692 -4454.320|-4293.173 -4454.320|-4293.117 -4482.163|-4293.082 -4498.131|-4293.068 -4507.382|-4292.998 -4541.485|-4290.320 -4541.897|-4287.301 -4542.108|-4284.351 -4542.798|-4283.491 -4543.220|-4281.988 -4543.943|-4279.303 -4544.654|-4277.269 -4545.533|-4275.151 -4546.211|-4272.984 -4546.667|-4270.782 -4546.912|-4201.835 -4546.867
153V 30 RICHARD CO SW,-4195.872 -4540.863|-4195.921 -4514.143|-4196.012 -4464.294|-4196.033 -4454.142|-4232.244 -4454.209|-4288.692 -4454.320|-4293.173 -4454.320|-4293.117 -4482.163|-4293.082 -4498.131|-4293.068 -4507.382|-4292.998 -4541.485|-4290.320 -4541.897|-4287.301 -4542.108|-4284.351 -4542.798|-4283.491 -4543.220|-4281.988 -4543.943|-4279.303 -4544.654|-4277.269 -4545.533|-4275.151 -4546.211|-4272.984 -4546.667|-4270.782 -4546.912|-4201.835 -4546.867
154V 25 RICHARD PL SW,-4195.872 -4540.863|-4195.921 -4514.143|-4196.012 -4464.294|-4196.033 -4454.142|-4232.244 -4454.209|-4288.692 -4454.320|-4293.173 -4454.320|-4293.117 -4482.163|-4293.082 -4498.131|-4293.068 -4507.382|-4292.998 -4541.485|-4290.320 -4541.897|-4287.301 -4542.108|-4284.351 -4542.798|-4283.491 -4543.220|-4281.988 -4543.943|-4279.303 -4544.654|-4277.269 -4545.533|-4275.151 -4546.211|-4272.984 -4546.667|-4270.782 -4546.912|-4201.835 -4546.867
155V 25 RICHARD PL SW,-4195.872 -4540.863|-4195.921 -4514.143|-4196.012 -4464.294|-4196.033 -4454.142|-4232.244 -4454.209|-4288.692 -4454.320|-4293.173 -4454.320|-4293.117 -4482.163|-4293.082 -4498.131|-4293.068 -4507.382|-4292.998 -4541.485|-4290.320 -4541.897|-4287.301 -4542.108|-4284.351 -4542.798|-4283.491 -4543.220|-4281.988 -4543.943|-4279.303 -4544.654|-4277.269 -4545.533|-4275.151 -4546.211|-4272.984 -4546.667|-4270.782 -4546.912|-4201.835 -4546.867
156V 25 RICHARD PL SW,-4195.872 -4540.863|-4195.921 -4514.143|-4196.012 -4464.294|-4196.033 -4454.142|-4232.244 -4454.209|-4288.692 -4454.320|-4293.173 -4454.320|-4293.117 -4482.163|-4293.082 -4498.131|-4293.068 -4507.382|-4292.998 -4541.485|-4290.320 -4541.897|-4287.301 -4542.108|-4284.351 -4542.798|-4283.491 -4543.220|-4281.988 -4543.943|-4279.303 -4544.654|-4277.269 -4545.533|-4275.151 -4546.211|-4272.984 -4546.667|-4270.782 -4546.912|-4201.835 -4546.867
157V 25 RICHARD PL SW,-4195.872 -4540.863|-4195.921 -4514.143|-4196.012 -4464.294|-4196.033 -4454.142|-4232.244 -4454.209|-4288.692 -4454.320|-4293.173 -4454.320|-4293.117 -4482.163|-4293.082 -4498.131|-4293.068 -4507.382|-4292.998 -4541.485|-4290.320 -4541.897|-4287.301 -4542.108|-4284.351 -4542.798|-4283.491 -4543.220|-4281.988 -4543.943|-4279.303 -4544.654|-4277.269 -4545.533|-4275.151 -4546.211|-4272.984 -4546.667|-4270.782 -4546.912|-4201.835 -4546.867
158V 25 RICHARD PL SW,-4195.872 -4540.863|-4195.921 -4514.143|-4196.012 -4464.294|-4196.033 -4454.142|-4232.244 -4454.209|-4288.692 -4454.320|-4293.173 -4454.320|-4293.117 -4482.163|-4293.082 -4498.131|-4293.068 -4507.382|-4292.998 -4541.485|-4290.320 -4541.897|-4287.301 -4542.108|-4284.351 -4542.798|-4283.491 -4543.220|-4281.988 -4543.943|-4279.303 -4544.654|-4277.269 -4545.533|-4275.151 -4546.211|-4272.984 -4546.667|-4270.782 -4546.912|-4201.835 -4546.867
159V 25 RICHARD PL SW,-4195.872 -4540.863|-4195.921 -4514.143|-4196.012 -4464.294|-4196.033 -4454.142|-4232.244 -4454.209|-4288.692 -4454.320|-4293.173 -4454.320|-4293.117 -4482.163|-4293.082 -4498.131|-4293.068 -4507.382|-4292.998 -4541.485|-4290.320 -4541.897|-4287.301 -4542.108|-4284.351 -4542.798|-4283.491 -4543.220|-4281.988 -4543.943|-4279.303 -4544.654|-4277.269 -4545.533|-4275.151 -4546.211|-4272.984 -4546.667|-4270.782 -4546.912|-4201.835 -4546.867
160V 25 RICHARD PL SW,-4195.872 -4540.863|-4195.921 -4514.143|-4196.012 -4464.294|-4196.033 -4454.142|-4232.244 -4454.209|-4288.692 -4454.320|-4293.173 -4454.320|-4293.117 -4482.163|-4293.082 -4498.131|-4293.068 -4507.382|-4292.998 -4541.485|-4290.320 -4541.897|-4287.301 -4542.108|-4284.351 -4542.798|-4283.491 -4543.220|-4281.988 -4543.943|-4279.303 -4544.654|-4277.269 -4545.533|-4275.151 -4546.211|-4272.984 -4546.667|-4270.782 -4546.912|-4201.835 -4546.867
161V 25 RICHARD PL SW,-4195.872 -4540.863|-4195.921 -4514.143|-4196.012 -4464.294|-4196.033 -4454.142|-4232.244 -4454.209|-4288.692 -4454.320|-4293.173 -4454.320|-4293.117 -4482.163|-4293.082 -4498.131|-4293.068 -4507.382|-4292.998 -4541.485|-4290.320 -4541.897|-4287.301 -4542.108|-4284.351 -4542.798|-4283.491 -4543.220|-4281.988 -4543.943|-4279.303 -4544.654|-4277.269 -4545.533|-4275.151 -4546.211|-4272.984 -4546.667|-4270.782 -4546.912|-4201.835 -4546.867
162V 25 RICHARD PL SW,-4195.872 -4540.863|-4195.921 -4514.143|-4196.012 -4464.294|-4196.033 -4454.142|-4232.244 -4454.209|-4288.692 -4454.320|-4293.173 -4454.320|-4293.117 -4482.163|-4293.082 -4498.131|-4293.068 -4507.382|-4292.998 -4541.485|-4290.320 -4541.897|-4287.301 -4542.108|-4284.351 -4542.798|-4283.491 -4543.220|-4281.988 -4543.943|-4279.303 -4544.654|-4277.269 -4545.533|-4275.151 -4546.211|-4272.984 -4546.667|-4270.782 -4546.912|-4201.835 -4546.867
163V 25 RICHARD PL SW,-4195.872 -4540.863|-4195.921 -4514.143|-4196.012 -4464.294|-4196.033 -4454.142|-4232.244 -4454.209|-4288.692 -4454.320|-4293.173 -4454.320|-4293.117 -4482.163|-4293.082 -4498.131|-4293.068 -4507.382|-4292.998 -4541.485|-4290.320 -4541.897|-4287.301 -4542.108|-4284.351 -4542.798|-4283.491 -4543.220|-4281.988 -4543.943|-4279.303 -4544.654|-4277.269 -4545.533|-4275.151 -4546.211|-4272.984 -4546.667|-4270.782 -4546.912|-4201.835 -4546.867
164V 25 RICHARD PL SW,-4195.872 -4540.863|-4195.921 -4514.143|-4196.012 -4464.294|-4196.033 -4454.142|-4232.244 -4454.209|-4288.692 -4454.320|-4293.173 -4454.320|-4293.117 -4482.163|-4293.082 -4498.131|-4293.068 -4507.382|-4292.998 -4541.485|-4290.320 -4541.897|-4287.301 -4542.108|-4284.351 -4542.798|-4283.491 -4543.220|-4281.988 -4543.943|-4279.303 -4544.654|-4277.269 -4545.533|-4275.151 -4546.211|-4272.984 -4546.667|-4270.782 -4546.912|-4201.835 -4546.867
165V 25 RICHARD PL SW,-4195.872 -4540.863|-4195.921 -4514.143|-4196.012 -4464.294|-4196.033 -4454.142|-4232.244 -4454.209|-4288.692 -4454.320|-4293.173 -4454.320|-4293.117 -4482.163|-4293.082 -4498.131|-4293.068 -4507.382|-4292.998 -4541.485|-4290.320 -4541.897|-4287.301 -4542.108|-4284.351 -4542.798|-4283.491 -4543.220|-4281.988 -4543.943|-4279.303 -4544.654|-4277.269 -4545.533|-4275.151 -4546.211|-4272.984 -4546.667|-4270.782 -4546.912|-4201.835 -4546.867
166V 25 RICHARD PL SW,-4195.872 -4540.863|-4195.921 -4514.143|-4196.012 -4464.294|-4196.033 -4454.142|-4232.244 -4454.209|-4288.692 -4454.320|-4293.173 -4454.320|-4293.117 -4482.163|-4293.082 -4498.131|-4293.068 -4507.382|-4292.998 -4541.485|-4290.320 -4541.897|-4287.301 -4542.108|-4284.351 -4542.798|-4283.491 -4543.220|-4281.988 -4543.943|-4279.303 -4544.654|-4277.269 -4545.533|-4275.151 -4546.211|-4272.984 -4546.667|-4270.782 -4546.912|-4201.835 -4546.867
167V 25 RICHARD PL SW,-4195.872 -4540.863|-4195.921 -4514.143|-4196.012 -4464.294|-4196.033 -4454.142|-4232.244 -4454.209|-4288.692 -4454.320|-4293.173 -4454.320|-4293.117 -4482.163|-4293.082 -4498.131|-4293.068 -4507.382|-4292.998 -4541.485|-4290.320 -4541.897|-4287.301 -4542.108|-4284.351 -4542.798|-4283.491 -4543.220|-4281.988 -4543.943|-4279.303 -4544.654|-4277.269 -4545.533|-4275.151 -4546.211|-4272.984 -4546.667|-4270.782 -4546.912|-4201.835 -4546.867
168V 25 RICHARD PL SW,-4195.872 -4540.863|-4195.921 -4514.143|-4196.012 -4464.294|-4196.033 -4454.142|-4232.244 -4454.209|-4288.692 -4454.320|-4293.173 -4454.320|-4293.117 -4482.163|-4293.082 -4498.131|-4293.068 -4507.382|-4292.998 -4541.485|-4290.320 -4541.897|-4287.301 -4542.108|-4284.351 -4542.798|-4283.491 -4543.220|-4281.988 -4543.943|-4279.303 -4544.654|-4277.269 -4545.533|-4275.151 -4546.211|-4272.984 -4546.667|-4270.782 -4546.912|-4201.835 -4546.867
169V 25 RICHARD PL SW,-4195.872 -4540.863|-4195.921 -4514.143|-4196.012 -4464.294|-4196.033 -4454.142|-4232.244 -4454.209|-4288.692 -4454.320|-4293.173 -4454.320|-4293.117 -4482.163|-4293.082 -4498.131|-4293.068 -4507.382|-4292.998 -4541.485|-4290.320 -4541.897|-4287.301 -4542.108|-4284.351 -4542.798|-4283.491 -4543.220|-4281.988 -4543.943|-4279.303 -4544.654|-4277.269 -4545.533|-4275.151 -4546.211|-4272.984 -4546.667|-4270.782 -4546.912|-4201.835 -4546.867
170V 25 RICHARD PL SW,-4195.872 -4540.863|-4195.921 -4514.143|-4196.012 -4464.294|-4196.033 -4454.142|-4232.244 -4454.209|-4288.692 -4454.320|-4293.173 -4454.320|-4293.117 -4482.163|-4293.082 -4498.131|-4293.068 -4507.382|-4292.998 -4541.485|-4290.320 -4541.897|-4287.301 -4542.108|-4284.351 -4542.798|-4283.491 -4543.220|-4281.988 -4543.943|-4279.303 -4544.654|-4277.269 -4545.533|-4275.151 -4546.211|-4272.984 -4546.667|-4270.782 -4546.912|-4201.835 -4546.867
171V 25 RICHARD PL SW,-4195.872 -4540.863|-4195.921 -4514.143|-4196.012 -4464.294|-4196.033 -4454.142|-4232.244 -4454.209|-4288.692 -4454.320|-4293.173 -4454.320|-4293.117 -4482.163|-4293.082 -4498.131|-4293.068 -4507.382|-4292.998 -4541.485|-4290.320 -4541.897|-4287.301 -4542.108|-4284.351 -4542.798|-4283.491 -4543.220|-4281.988 -4543.943|-4279.303 -4544.654|-4277.269 -4545.533|-4275.151 -4546.211|-4272.984 -4546.667|-4270.782 -4546.912|-4201.835 -4546.867
172V 25 RICHARD PL SW,-4195.872 -4540.863|-4195.921 -4514.143|-4196.012 -4464.294|-4196.033 -4454.142|-4232.244 -4454.209|-4288.692 -4454.320|-4293.173 -4454.320|-4293.117 -4482.163|-4293.082 -4498.131|-4293.068 -4507.382|-4292.998 -4541.485|-4290.320 -4541.897|-4287.301 -4542.108|-4284.351 -4542.798|-4283.491 -4543.220|-4281.988 -4543.943|-4279.303 -4544.654|-4277.269 -4545.533|-4275.151 -4546.211|-4272.984 -4546.667|-4270.782 -4546.912|-4201.835 -4546.867
173V 25 RICHARD PL SW,-4195.872 -4540.863|-4195.921 -4514.143|-4196.012 -4464.294|-4196.033 -4454.142|-4232.244 -4454.209|-4288.692 -4454.320|-4293.173 -4454.320|-4293.117 -4482.163|-4293.082 -4498.131|-4293.068 -4507.382|-4292.998 -4541.485|-4290.320 -4541.897|-4287.301 -4542.108|-4284.351 -4542.798|-4283.491 -4543.220|-4281.988 -4543.943|-4279.303 -4544.654|-4277.269 -4545.533|-4275.151 -4546.211|-4272.984 -4546.667|-4270.782 -4546.912|-4201.835 -4546.867
174V 25 RICHARD PL SW,-4195.872 -4540.863|-4195.921 -4514.143|-4196.012 -4464.294|-4196.033 -4454.142|-4232.244 -4454.209|-4288.692 -4454.320|-4293.173 -4454.320|-4293.117 -4482.163|-4293.082 -4498.131|-4293.068 -4507.382|-4292.998 -4541.485|-4290.320 -4541.897|-4287.301 -4542.108|-4284.351 -4542.798|-4283.491 -4543.220|-4281.988 -4543.943|-4279.303 -4544.654|-4277.269 -4545.533|-4275.151 -4546.211|-4272.984 -4546.667|-4270.782 -4546.912|-4201.835 -4546.867
175V 25 RICHARD PL SW,-4195.872 -4540.863|-4195.921 -4514.143|-4196.012 -4464.294|-4196.033 -4454.142|-4232.244 -4454.209|-4288.692 -4454.320|-4293.173 -4454.320|-4293.117 -4482.163|-4293.082 -4498.131|-4293.068 -4507.382|-4292.998 -4541.485|-4290.320 -4541.897|-4287.301 -4542.108|-4284.351 -4542.798|-4283.491 -4543.220|-4281.988 -4543.943|-4279.303 -4544.654|-4277.269 -4545.533|-4275.151 -4546.211|-4272.984 -4546.667|-4270.782 -4546.912|-4201.835 -4546.867
176V 25 RICHARD PL SW,-4195.872 -4540.863|-4195.921 -4514.143|-4196.012 -4464.294|-4196.033 -4454.142|-4232.244 -4454.209|-4288.692 -4454.320|-4293.173 -4454.320|-4293.117 -4482.163|-4293.082 -4498.131|-4293.068 -4507.382|-4292.998 -4541.485|-4290.320 -4541.897|-4287.301 -4542.108|-4284.351 -4542.798|-4283.491 -4543.220|-4281.988 -4543.943|-4279.303 -4544.654|-4277.269 -4545.533|-4275.151 -4546.211|-4272.984 -4546.667|-4270.782 -4546.912|-4201.835 -4546.867
177V 25 RICHARD PL SW,-4195.872 -4540.863|-4195.921 -4514.143|-4196.012 -4464.294|-4196.033 -4454.142|-4232.244 -4454.209|-4288.692 -4454.320|-4293.173 -4454.320|-4293.117 -4482.163|-4293.082 -4498.131|-4293.068 -4507.382|-4292.998 -4541.485|-4290.320 -4541.897|-4287.301 -4542.108|-4284.351 -4542.798|-4283.491 -4543.220|-4281.988 -4543.943|-4279.303 -4544.654|-4277.269 -4545.533|-4275.151 -4546.211|-4272.984 -4546.667|-4270.782 -4546.912|-4201.835 -4546.867
178V 25 RICHARD PL SW,-4195.872 -4540.863|-4195.921 -4514.143|-4196.012 -4464.294|-4196.033 -4454.142|-4232.244 -4454.209|-4288.692 -4454.320|-4293.173 -4454.320|-4293.117 -4482.163|-4293.082 -4498.131|-4293.068 -4507.382|-4292.998 -4541.485|-4290.320 -4541.897|-4287.301 -4542.108|-4284.351 -4542.798|-4283.491 -4543.220|-4281.988 -4543.943|-4279.303 -4544.654|-4277.269 -4545.533|-4275.151 -4546.211|-4272.984 -4546.667|-4270.782 -4546.912|-4201.835 -4546.867
179V 25 RICHARD PL SW,-4195.872 -4540.863|-4195.921 -4514.143|-4196.012 -4464.294|-4196.033 -4454.142|-4232.244 -4454.209|-4288.692 -4454.320|-4293.173 -4454.320|-4293.117 -4482.163|-4293.082 -4498.131|-4293.068 -4507.382|-4292.998 -4541.485|-4290.320 -4541.897|-4287.301 -4542.108|-4284.351 -4542.798|-4283.491 -4543.220|-4281.988 -4543.943|-4279.303 -4544.654|-4277.269 -4545.533|-4275.151 -4546.211|-4272.984 -4546.667|-4270.782 -4546.912|-4201.835 -4546.867
180V 25 RICHARD PL SW,-4195.872 -4540.863|-4195.921 -4514.143|-4196.012 -4464.294|-4196.033 -4454.142|-4232.244 -4454.209|-4288.692 -4454.320|-4293.173 -4454.320|-4293.117 -4482.163|-4293.082 -4498.131|-4293.068 -4507.382|-4292.998 -4541.485|-4290.320 -4541.897|-4287.301 -4542.108|-4284.351 -4542.798|-4283.491 -4543.220|-4281.988 -4543.943|-4279.303 -4544.654|-4277.269 -4545.533|-4275.151 -4546.211|-4272.984 -4546.667|-4270.782 -4546.912|-4201.835 -4546.867
181V 25 RICHARD PL SW,-4195.872 -4540.863|-4195.921 -4514.143|-4196.012 -4464.294|-4196.033 -4454.142|-4232.244 -4454.209|-4288.692 -4454.320|-4293.173 -4454.320|-4293.117 -4482.163|-4293.082 -4498.131|-4293.068 -4507.382|-4292.998 -4541.485|-4290.320 -4541.897|-4287.301 -4542.108|-4284.351 -4542.798|-4283.491 -4543.220|-4281.988 -4543.943|-4279.303 -4544.654|-4277.269 -4545.533|-4275.151 -4546.211|-4272.984 -4546.667|-4270.782 -4546.912|-4201.835 -4546.867
182V 25 RICHARD PL SW,-4195.872 -4540.863|-4195.921 -4514.143|-4196.012 -4464.294|-4196.033 -4454.142|-4232.244 -4454.209|-4288.692 -4454.320|-4293.173 -4454.320|-4293.117 -4482.163|-4293.082 -4498.131|-4293.068 -4507.382|-4292.998 -4541.485|-4290.320 -4541.897|-4287.301 -4542.108|-4284.351 -4542.798|-4283.491 -4543.220|-4281.988 -4543.943|-4279.303 -4544.654|-4277.269 -4545.533|-4275.151 -4546.211|-4272.984 -4546.667|-4270.782 -4546.912|-4201.835 -4546.867
183V 25 RICHARD PL SW,-4195.872 -4540.863|-4195.921 -4514.143|-4196.012 -4464.294|-4196.033 -4454.142|-4232.244 -4454.209|-4288.692 -4454.320|-4293.173 -4454.320|-4293.117 -4482.163|-4293.082 -4498.131|-4293.068 -4507.382|-4292.998 -4541.485|-4290.320 -4541.897|-4287.301 -4542.108|-4284.351 -4542.798|-4283.491 -4543.220|-4281.988 -4543.943|-4279.303 -4544.654|-4277.269 -4545.533|-4275.151 -4546.211|-4272.984 -4546.667|-4270.782 -4546.912|-4201.835 -4546.867
184V 25 RICHARD PL SW,-4195.872 -4540.863|-4195.921 -4514.143|-4196.012 -4464.294|-4196.033 -4454.142|-4232.244 -4454.209|-4288.692 -4454.320|-4293.173 -4454.320|-4293.117 -4482.163|-4293.082 -4498.131|-4293.068 -4507.382|-4292.998 -4541.485|-4290.320 -4541.897|-4287.301 -4542.108|-4284.351 -4542.798|-4283.491 -4543.220|-4281.988 -4543.943|-4279.303 -4544.654|-4277.269 -4545.533|-4275.151 -4546.211|-4272.984 -4546.667|-4270.782 -4546.912|-4201.835 -4546.867
185V 25 RICHARD PL SW,-4195.872 -4540.863|-4195.921 -4514.143|-4196.012 -4464.294|-4196.033 -4454.142|-4232.244 -4454.209|-4288.692 -4454.320|-4293.173 -4454.320|-4293.117 -4482.163|-4293.082 -4498.131|-4293.068 -4507.382|-4292.998 -4541.485|-4290.320 -4541.897|-4287.301 -4542.108|-4284.351 -4542.798|-4283.491 -4543.220|-4281.988 -4543.943|-4279.303 -4544.654|-4277.269 -4545.533|-4275.151 -4546.211|-4272.984 -4546.667|-4270.782 -4546.912|-4201.835 -4546.867
186V 30 RICHARD CO SW,-4195.872 -4540.863|-4195.921 -4514.143|-4196.012 -4464.294|-4196.033 -4454.142|-4232.244 -4454.209|-4288.692 -4454.320|-4293.173 -4454.320|-4293.117 -4482.163|-4293.082 -4498.131|-4293.068 -4507.382|-4292.998 -4541.485|-4290.320 -4541.897|-4287.301 -4542.108|-4284.351 -4542.798|-4283.491 -4543.220|-4281.988 -4543.943|-4279.303 -4544.654|-4277.269 -4545.533|-4275.151 -4546.211|-4272.984 -4546.667|-4270.782 -4546.912|-4201.835 -4546.867
187V 30 RICHARD CO SW,-4195.872 -4540.863|-4195.921 -4514.143|-4196.012 -4464.294|-4196.033 -4454.142|-4232.244 -4454.209|-4288.692 -4454.320|-4293.173 -4454.320|-4293.117 -4482.163|-4293.082 -4498.131|-4293.068 -4507.382|-4292.998 -4541.485|-4290.320 -4541.897|-4287.301 -4542.108|-4284.351 -4542.798|-4283.491 -4543.220|-4281.988 -4543.943|-4279.303 -4544.654|-4277.269 -4545.533|-4275.151 -4546.211|-4272.984 -4546.667|-4270.782 -4546.912|-4201.835 -4546.867
188V 30 RICHARD CO SW,-4195.872 -4540.863|-4195.921 -4514.143|-4196.012 -4464.294|-4196.033 -4454.142|-4232.244 -4454.209|-4288.692 -4454.320|-4293.173 -4454.320|-4293.117 -4482.163|-4293.082 -4498.131|-4293.068 -4507.382|-4292.998 -4541.485|-4290.320 -4541.897|-4287.301 -4542.108|-4284.351 -4542.798|-4283.491 -4543.220|-4281.988 -4543.943|-4279.303 -4544.654|-4277.269 -4545.533|-4275.151 -4546.211|-4272.984 -4546.667|-4270.782 -4546.912|-4201.835 -4546.867
189V 30 RICHARD CO SW,-4195.872 -4540.863|-4195.921 -4514.143|-4196.012 -4464.294|-4196.033 -4454.142|-4232.244 -4454.209|-4288.692 -4454.320|-4293.173 -4454.320|-4293.117 -4482.163|-4293.082 -4498.131|-4293.068 -4507.382|-4292.998 -4541.485|-4290.320 -4541.897|-4287.301 -4542.108|-4284.351 -4542.798|-4283.491 -4543.220|-4281.988 -4543.943|-4279.303 -4544.654|-4277.269 -4545.533|-4275.151 -4546.211|-4272.984 -4546.667|-4270.782 -4546.912|-4201.835 -4546.867
190V 30 RICHARD CO SW,-4195.872 -4540.863|-4195.921 -4514.143|-4196.012 -4464.294|-4196.033 -4454.142|-4232.244 -4454.209|-4288.692 -4454.320|-4293.173 -4454.320|-4293.117 -4482.163|-4293.082 -4498.131|-4293.068 -4507.382|-4292.998 -4541.485|-4290.320 -4541.897|-4287.301 -4542.108|-4284.351 -4542.798|-4283.491 -4543.220|-4281.988 -4543.943|-4279.303 -4544.654|-4277.269 -4545.533|-4275.151 -4546.211|-4272.984 -4546.667|-4270.782 -4546.912|-4201.835 -4546.867
191V 30 RICHARD CO SW,-4195.872 -4540.863|-4195.921 -4514.143|-4196.012 -4464.294|-4196.033 -4454.142|-4232.244 -4454.209|-4288.692 -4454.320|-4293.173 -4454.320|-4293.117 -4482.163|-4293.082 -4498.131|-4293.068 -4507.382|-4292.998 -4541.485|-4290.320 -4541.897|-4287.301 -4542.108|-4284.351 -4542.798|-4283.491 -4543.220|-4281.988 -4543.943|-4279.303 -4544.654|-4277.269 -4545.533|-4275.151 -4546.211|-4272.984 -4546.667|-4270.782 -4546.912|-4201.835 -4546.867
192V 30 RICHARD CO SW,-4195.872 -4540.863|-4195.921 -4514.143|-4196.012 -4464.294|-4196.033 -4454.142|-4232.244 -4454.209|-4288.692 -4454.320|-4293.173 -4454.320|-4293.117 -4482.163|-4293.082 -4498.131|-4293.068 -4507.382|-4292.998 -4541.485|-4290.320 -4541.897|-4287.301 -4542.108|-4284.351 -4542.798|-4283.491 -4543.220|-4281.988 -4543.943|-4279.303 -4544.654|-4277.269 -4545.533|-4275.151 -4546.211|-4272.984 -4546.667|-4270.782 -4546.912|-4201.835 -4546.867
193V 30 RICHARD CO SW,-4195.872 -4540.863|-4195.921 -4514.143|-4196.012 -4464.294|-4196.033 -4454.142|-4232.244 -4454.209|-4288.692 -4454.320|-4293.173 -4454.320|-4293.117 -4482.163|-4293.082 -4498.131|-4293.068 -4507.382|-4292.998 -4541.485|-4290.320 -4541.897|-4287.301 -4542.108|-4284.351 -4542.798|-4283.491 -4543.220|-4281.988 -4543.943|-4279.303 -4544.654|-4277.269 -4545.533|-4275.151 -4546.211|-4272.984 -4546.667|-4270.782 -4546.912|-4201.835 -4546.867
194V 30 RICHARD CO SW,-4195.872 -4540.863|-4195.921 -4514.143|-4196.012 -4464.294|-4196.033 -4454.142|-4232.244 -4454.209|-4288.692 -4454.320|-4293.173 -4454.320|-4293.117 -4482.163|-4293.082 -4498.131|-4293.068 -4507.382|-4292.998 -4541.485|-4290.320 -4541.897|-4287.301 -4542.108|-4284.351 -4542.798|-4283.491 -4543.220|-4281.988 -4543.943|-4279.303 -4544.654|-4277.269 -4545.533|-4275.151 -4546.211|-4272.984 -4546.667|-4270.782 -4546.912|-4201.835 -4546.867
195V 30 RICHARD CO SW,-4195.872 -4540.863|-4195.921 -4514.143|-4196.012 -4464.294|-4196.033 -4454.142|-4232.244 -4454.209|-4288.692 -4454.320|-4293.173 -4454.320|-4293.117 -4482.163|-4293.082 -4498.131|-4293.068 -4507.382|-4292.998 -4541.485|-4290.320 -4541.897|-4287.301 -4542.108|-4284.351 -4542.798|-4283.491 -4543.220|-4281.988 -4543.943|-4279.303 -4544.654|-4277.269 -4545.533|-4275.151 -4546.211|-4272.984 -4546.667|-4270.782 -4546.912|-4201.835 -4546.867
196V 30 RICHARD CO SW,-4195.872 -4540.863|-4195.921 -4514.143|-4196.012 -4464.294|-4196.033 -4454.142|-4232.244 -4454.209|-4288.692 -4454.320|-4293.173 -4454.320|-4293.117 -4482.163|-4293.082 -4498.131|-4293.068 -4507.382|-4292.998 -4541.485|-4290.320 -4541.897|-4287.301 -4542.108|-4284.351 -4542.798|-4283.491 -4543.220|-4281.988 -4543.943|-4279.303 -4544.654|-4277.269 -4545.533|-4275.151 -4546.211|-4272.984 -4546.667|-4270.782 -4546.912|-4201.835 -4546.867
197V 30 RICHARD CO SW,-4195.872 -4540.863|-4195.921 -4514.143|-4196.012 -4464.294|-4196.033 -4454.142|-4232.244 -4454.209|-4288.692 -4454.320|-4293.173 -4454.320|-4293.117 -4482.163|-4293.082 -4498.131|-4293.068 -4507.382|-4292.998 -4541.485|-4290.320 -4541.897|-4287.301 -4542.108|-4284.351 -4542.798|-4283.491 -4543.220|-4281.988 -4543.943|-4279.303 -4544.654|-4277.269 -4545.533|-4275.151 -4546.211|-4272.984 -4546.667|-4270.782 -4546.912|-4201.835 -4546.867
198V 30 RICHARD CO SW,-4195.872 -4540.863|-4195.921 -4514.143|-4196.012 -4464.294|-4196.033 -4454.142|-4232.244 -4454.209|-4288.692 -4454.320|-4293.173 -4454.320|-4293.117 -4482.163|-4293.082 -4498.131|-4293.068 -4507.382|-4292.998 -4541.485|-4290.320 -4541.897|-4287.301 -4542.108|-4284.351 -4542.798|-4283.491 -4543.220|-4281.988 -4543.943|-4279.303 -4544.654|-4277.269 -4545.533|-4275.151 -4546.211|-4272.984 -4546.667|-4270.782 -4546.912|-4201.835 -4546.867
199V 30 RICHARD CO SW,-4195.872 -4540.863|-4195.921 -4514.143|-4196.012 -4464.294|-4196.033 -4454.142|-4232.244 -4454.209|-4288.692 -4454.320|-4293.173 -4454.320|-4293.117 -4482.163|-4293.082 -4498.131|-4293.068 -4507.382|-4292.998 -4541.485|-4290.320 -4541.897|-4287.301 -4542.108|-4284.351 -4542.798|-4283.491 -4543.220|-4281.988 -4543.943|-4279.303 -4544.654|-4277.269 -4545.533|-4275.151 -4546.211|-4272.984 -4546.667|-4270.782 -4546.912|-4201.835 -4546.867
200V 30 RICHARD CO SW,-4195.872 -4540.863|-4195.921 -4514.143|-4196.012 -4464.294|-4196.033 -4454.142|-4232.244 -4454.209|-4288.692 -4454.320|-4293.173 -4454.320|-4293.117 -4482.163|-4293.082 -4498.131|-4293.068 -4507.382|-4292.998 -4541.485|-4290.320 -4541.897|-4287.301 -4542.108|-4284.351 -4542.798|-4283.491 -4543.220|-4281.988 -4543.943|-4279.303 -4544.654|-4277.269 -4545.533|-4275.151 -4546.211|-4272.984 -4546.667|-4270.782 -4546.912|-4201.835 -4546.867
201V 30 RICHARD CO SW,-4195.872 -4540.863|-4195.921 -4514.143|-4196.012 -4464.294|-4196.033 -4454.142|-4232.244 -4454.209|-4288.692 -4454.320|-4293.173 -4454.320|-4293.117 -4482.163|-4293.082 -4498.131|-4293.068 -4507.382|-4292.998 -4541.485|-4290.320 -4541.897|-4287.301 -4542.108|-4284.351 -4542.798|-4283.491 -4543.220|-4281.988 -4543.943|-4279.303 -4544.654|-4277.269 -4545.533|-4275.151 -4546.211|-4272.984 -4546.667|-4270.782 -4546.912|-4201.835 -4546.867
202V 30 RICHARD CO SW,-4195.872 -4540.863|-4195.921 -4514.143|-4196.012 -4464.294|-4196.033 -4454.142|-4232.244 -4454.209|-4288.692 -4454.320|-4293.173 -4454.320|-4293.117 -4482.163|-4293.082 -4498.131|-4293.068 -4507.382|-4292.998 -4541.485|-4290.320 -4541.897|-4287.301 -4542.108|-4284.351 -4542.798|-4283.491 -4543.220|-4281.988 -4543.943|-4279.303 -4544.654|-4277.269 -4545.533|-4275.151 -4546.211|-4272.984 -4546.667|-4270.782 -4546.912|-4201.835 -4546.867
203V 30 RICHARD CO SW,-4195.872 -4540.863|-4195.921 -4514.143|-4196.012 -4464.294|-4196.033 -4454.142|-4232.244 -4454.209|-4288.692 -4454.320|-4293.173 -4454.320|-4293.117 -4482.163|-4293.082 -4498.131|-4293.068 -4507.382|-4292.998 -4541.485|-4290.320 -4541.897|-4287.301 -4542.108|-4284.351 -4542.798|-4283.491 -4543.220|-4281.988 -4543.943|-4279.303 -4544.654|-4277.269 -4545.533|-4275.151 -4546.211|-4272.984 -4546.667|-4270.782 -4546.912|-4201.835 -4546.867
204V 30 RICHARD CO SW,-4195.872 -4540.863|-4195.921 -4514.143|-4196.012 -4464.294|-4196.033 -4454.142|-4232.244 -4454.209|-4288.692 -4454.320|-4293.173 -4454.320|-4293.117 -4482.163|-4293.082 -4498.131|-4293.068 -4507.382|-4292.998 -4541.485|-4290.320 -4541.897|-4287.301 -4542.108|-4284.351 -4542.798|-4283.491 -4543.220|-4281.988 -4543.943|-4279.303 -4544.654|-4277.269 -4545.533|-4275.151 -4546.211|-4272.984 -4546.667|-4270.782 -4546.912|-4201.835 -4546.867
205V 25 RICHARD PL SW,-4195.872 -4540.863|-4195.921 -4514.143|-4196.012 -4464.294|-4196.033 -4454.142|-4232.244 -4454.209|-4288.692 -4454.320|-4293.173 -4454.320|-4293.117 -4482.163|-4293.082 -4498.131|-4293.068 -4507.382|-4292.998 -4541.485|-4290.320 -4541.897|-4287.301 -4542.108|-4284.351 -4542.798|-4283.491 -4543.220|-4281.988 -4543.943|-4279.303 -4544.654|-4277.269 -4545.533|-4275.151 -4546.211|-4272.984 -4546.667|-4270.782 -4546.912|-4201.835 -4546.867
206V 25 RICHARD PL SW,-4195.872 -4540.863|-4195.921 -4514.143|-4196.012 -4464.294|-4196.033 -4454.142|-4232.244 -4454.209|-4288.692 -4454.320|-4293.173 -4454.320|-4293.117 -4482.163|-4293.082 -4498.131|-4293.068 -4507.382|-4292.998 -4541.485|-4290.320 -4541.897|-4287.301 -4542.108|-4284.351 -4542.798|-4283.491 -4543.220|-4281.988 -4543.943|-4279.303 -4544.654|-4277.269 -4545.533|-4275.151 -4546.211|-4272.984 -4546.667|-4270.782 -4546.912|-4201.835 -4546.867
207V 25 RICHARD PL SW,-4195.872 -4540.863|-4195.921 -4514.143|-4196.012 -4464.294|-4196.033 -4454.142|-4232.244 -4454.209|-4288.692 -4454.320|-4293.173 -4454.320|-4293.117 -4482.163|-4293.082 -4498.131|-4293.068 -4507.382|-4292.998 -4541.485|-4290.320 -4541.897|-4287.301 -4542.108|-4284.351 -4542.798|-4283.491 -4543.220|-4281.988 -4543.943|-4279.303 -4544.654|-4277.269 -4545.533|-4275.151 -4546.211|-4272.984 -4546.667|-4270.782 -4546.912|-4201.835 -4546.867
208V 25 RICHARD PL SW,-4195.872 -4540.863|-4195.921 -4514.143|-4196.012 -4464.294|-4196.033 -4454.142|-4232.244 -4454.209|-4288.692 -4454.320|-4293.173 -4454.320|-4293.117 -4482.163|-4293.082 -4498.131|-4293.068 -4507.382|-4292.998 -4541.485|-4290.320 -4541.897|-4287.301 -4542.108|-4284.351 -4542.798|-4283.491 -4543.220|-4281.988 -4543.943|-4279.303 -4544.654|-4277.269 -4545.533|-4275.151 -4546.211|-4272.984 -4546.667|-4270.782 -4546.912|-4201.835 -4546.867
209V 25 RICHARD PL SW,-4195.872 -4540.863|-4195.921 -4514.143|-4196.012 -4464.294|-4196.033 -4454.142|-4232.244 -4454.209|-4288.692 -4454.320|-4293.173 -4454.320|-4293.117 -4482.163|-4293.082 -4498.131|-4293.068 -4507.382|-4292.998 -4541.485|-4290.320 -4541.897|-4287.301 -4542.108|-4284.351 -4542.798|-4283.491 -4543.220|-4281.988 -4543.943|-4279.303 -4544.654|-4277.269 -4545.533|-4275.151 -4546.211|-4272.984 -4546.667|-4270.782 -4546.912|-4201.835 -4546.867
210V 25 RICHARD PL SW,-4195.872 -4540.863|-4195.921 -4514.143|-4196.012 -4464.294|-4196.033 -4454.142|-4232.244 -4454.209|-4288.692 -4454.320|-4293.173 -4454.320|-4293.117 -4482.163|-4293.082 -4498.131|-4293.068 -4507.382|-4292.998 -4541.485|-4290.320 -4541.897|-4287.301 -4542.108|-4284.351 -4542.798|-4283.491 -4543.220|-4281.988 -4543.943|-4279.303 -4544.654|-4277.269 -4545.533|-4275.151 -4546.211|-4272.984 -4546.667|-4270.782 -4546.912|-4201.835 -4546.867
211V 25 RICHARD PL SW,-4195.872 -4540.863|-4195.921 -4514.143|-4196.012 -4464.294|-4196.033 -4454.142|-4232.244 -4454.209|-4288.692 -4454.320|-4293.173 -4454.320|-4293.117 -4482.163|-4293.082 -4498.131|-4293.068 -4507.382|-4292.998 -4541.485|-4290.320 -4541.897|-4287.301 -4542.108|-4284.351 -4542.798|-4283.491 -4543.220|-4281.988 -4543.943|-4279.303 -4544.654|-4277.269 -4545.533|-4275.151 -4546.211|-4272.984 -4546.667|-4270.782 -4546.912|-4201.835 -4546.867
212V 25 RICHARD PL SW,-4195.872 -4540.863|-4195.921 -4514.143|-4196.012 -4464.294|-4196.033 -4454.142|-4232.244 -4454.209|-4288.692 -4454.320|-4293.173 -4454.320|-4293.117 -4482.163|-4293.082 -4498.131|-4293.068 -4507.382|-4292.998 -4541.485|-4290.320 -4541.897|-4287.301 -4542.108|-4284.351 -4542.798|-4283.491 -4543.220|-4281.988 -4543.943|-4279.303 -4544.654|-4277.269 -4545.533|-4275.151 -4546.211|-4272.984 -4546.667|-4270.782 -4546.912|-4201.835 -4546.867
213V 25 RICHARD PL SW,-4195.872 -4540.863|-4195.921 -4514.143|-4196.012 -4464.294|-4196.033 -4454.142|-4232.244 -4454.209|-4288.692 -4454.320|-4293.173 -4454.320|-4293.117 -4482.163|-4293.082 -4498.131|-4293.068 -4507.382|-4292.998 -4541.485|-4290.320 -4541.897|-4287.301 -4542.108|-4284.351 -4542.798|-4283.491 -4543.220|-4281.988 -4543.943|-4279.303 -4544.654|-4277.269 -4545.533|-4275.151 -4546.211|-4272.984 -4546.667|-4270.782 -4546.912|-4201.835 -4546.867
214V 25 RICHARD PL SW,-4195.872 -4540.863|-4195.921 -4514.143|-4196.012 -4464.294|-4196.033 -4454.142|-4232.244 -4454.209|-4288.692 -4454.320|-4293.173 -4454.320|-4293.117 -4482.163|-4293.082 -4498.131|-4293.068 -4507.382|-4292.998 -4541.485|-4290.320 -4541.897|-4287.301 -4542.108|-4284.351 -4542.798|-4283.491 -4543.220|-4281.988 -4543.943|-4279.303 -4544.654|-4277.269 -4545.533|-4275.151 -4546.211|-4272.984 -4546.667|-4270.782 -4546.912|-4201.835 -4546.867
215V 25 RICHARD PL SW,-4195.872 -4540.863|-4195.921 -4514.143|-4196.012 -4464.294|-4196.033 -4454.142|-4232.244 -4454.209|-4288.692 -4454.320|-4293.173 -4454.320|-4293.117 -4482.163|-4293.082 -4498.131|-4293.068 -4507.382|-4292.998 -4541.485|-4290.320 -4541.897|-4287.301 -4542.108|-4284.351 -4542.798|-4283.491 -4543.220|-4281.988 -4543.943|-4279.303 -4544.654|-4277.269 -4545.533|-4275.151 -4546.211|-4272.984 -4546.667|-4270.782 -4546.912|-4201.835 -4546.867
216V 25 RICHARD PL SW,-4195.872 -4540.863|-4195.921 -4514.143|-4196.012 -4464.294|-4196.033 -4454.142|-4232.244 -4454.209|-4288.692 -4454.320|-4293.173 -4454.320|-4293.117 -4482.163|-4293.082 -4498.131|-4293.068 -4507.382|-4292.998 -4541.485|-4290.320 -4541.897|-4287.301 -4542.108|-4284.351 -4542.798|-4283.491 -4543.220|-4281.988 -4543.943|-4279.303 -4544.654|-4277.269 -4545.533|-4275.151 -4546.211|-4272.984 -4546.667|-4270.782 -4546.912|-4201.835 -4546.867
217V 25 RICHARD PL SW,-4195.872 -4540.863|-4195.921 -4514.143|-4196.012 -4464.294|-4196.033 -4454.142|-4232.244 -4454.209|-4288.692 -4454.320|-4293.173 -4454.320|-4293.117 -4482.163|-4293.082 -4498.131|-4293.068 -4507.382|-4292.998 -4541.485|-4290.320 -4541.897|-4287.301 -4542.108|-4284.351 -4542.798|-4283.491 -4543.220|-4281.988 -4543.943|-4279.303 -4544.654|-4277.269 -4545.533|-4275.151 -4546.211|-4272.984 -4546.667|-4270.782 -4546.912|-4201.835 -4546.867
218V 25 RICHARD PL SW,-4195.872 -4540.863|-4195.921 -4514.143|-4196.012 -4464.294|-4196.033 -4454.142|-4232.244 -4454.209|-4288.692 -4454.320|-4293.173 -4454.320|-4293.117 -4482.163|-4293.082 -4498.131|-4293.068 -4507.382|-4292.998 -4541.485|-4290.320 -4541.897|-4287.301 -4542.108|-4284.351 -4542.798|-4283.491 -4543.220|-4281.988 -4543.943|-4279.303 -4544.654|-4277.269 -4545.533|-4275.151 -4546.211|-4272.984 -4546.667|-4270.782 -4546.912|-4201.835 -4546.867
219V 25 RICHARD PL SW,-4195.872 -4540.863|-4195.921 -4514.143|-4196.012 -4464.294|-4196.033 -4454.142|-4232.244 -4454.209|-4288.692 -4454.320|-4293.173 -4454.320|-4293.117 -4482.163|-4293.082 -4498.131|-4293.068 -4507.382|-4292.998 -4541.485|-4290.320 -4541.897|-4287.301 -4542.108|-4284.351 -4542.798|-4283.491 -4543.220|-4281.988 -4543.943|-4279.303 -4544.654|-4277.269 -4545.533|-4275.151 -4546.211|-4272.984 -4546.667|-4270.782 -4546.912|-4201.835 -4546.867
220V 25 RICHARD PL SW,-4195.872 -4540.863|-4195.921 -4514.143|-4196.012 -4464.294|-4196.033 -4454.142|-4232.244 -4454.209|-4288.692 -4454.320|-4293.173 -4454.320|-4293.117 -4482.163|-4293.082 -4498.131|-4293.068 -4507.382|-4292.998 -4541.485|-4290.320 -4541.897|-4287.301 -4542.108|-4284.351 -4542.798|-4283.491 -4543.220|-4281.988 -4543.943|-4279.303 -4544.654|-4277.269 -4545.533|-4275.151 -4546.211|-4272.984 -4546.667|-4270.782 -4546.912|-4201.835 -4546.867
221V 25 RICHARD PL SW,-4195.872 -4540.863|-4195.921 -4514.143|-4196.012 -4464.294|-4196.033 -4454.142|-4232.244 -4454.209|-4288.692 -4454.320|-4293.173 -4454.320|-4293.117 -4482.163|-4293.082 -4498.131|-4293.068 -4507.382|-4292.998 -4541.485|-4290.320 -4541.897|-4287.301 -4542.108|-4284.351 -4542.798|-4283.491 -4543.220|-4281.988 -4543.943|-4279.303 -4544.654|-4277.269 -4545.533|-4275.151 -4546.211|-4272.984 -4546.667|-4270.782 -4546.912|-4201.835 -4546.867
222V 25 RICHARD PL SW,-4195.872 -4540.863|-4195.921 -4514.143|-4196.012 -4464.294|-4196.033 -4454.142|-4232.244 -4454.209|-4288.692 -4454.320|-4293.173 -4454.320|-4293.117 -4482.163|-4293.082 -4498.131|-4293.068 -4507.382|-4292.998 -4541.485|-4290.320 -4541.897|-4287.301 -4542.108|-4284.351 -4542.798|-4283.491 -4543.220|-4281.988 -4543.943|-4279.303 -4544.654|-4277.269 -4545.533|-4275.151 -4546.211|-4272.984 -4546.667|-4270.782 -4546.912|-4201.835 -4546.867
223V 25 RICHARD PL SW,-4195.872 -4540.863|-4195.921 -4514.143|-4196.012 -4464.294|-4196.033 -4454.142|-4232.244 -4454.209|-4288.692 -4454.320|-4293.173 -4454.320|-4293.117 -4482.163|-4293.082 -4498.131|-4293.068 -4507.382|-4292.998 -4541.485|-4290.320 -4541.897|-4287.301 -4542.108|-4284.351 -4542.798|-4283.491 -4543.220|-4281.988 -4543.943|-4279.303 -4544.654|-4277.269 -4545.533|-4275.151 -4546.211|-4272.984 -4546.667|-4270.782 -4546.912|-4201.835 -4546.867
224V 25 RICHARD PL SW,-4195.872 -4540.863|-4195.921 -4514.143|-4196.012 -4464.294|-4196.033 -4454.142|-4232.244 -4454.209|-4288.692 -4454.320|-4293.173 -4454.320|-4293.117 -4482.163|-4293.082 -4498.131|-4293.068 -4507.382|-4292.998 -4541.485|-4290.320 -4541.897|-4287.301 -4542.108|-4284.351 -4542.798|-4283.491 -4543.220|-4281.988 -4543.943|-4279.303 -4544.654|-4277.269 -4545.533|-4275.151 -4546.211|-4272.984 -4546.667|-4270.782 -4546.912|-4201.835 -4546.867
225V 25 RICHARD PL SW,-4195.872 -4540.863|-4195.921 -4514.143|-4196.012 -4464.294|-4196.033 -4454.142|-4232.244 -4454.209|-4288.692 -4454.320|-4293.173 -4454.320|-4293.117 -4482.163|-4293.082 -4498.131|-4293.068 -4507.382|-4292.998 -4541.485|-4290.320 -4541.897|-4287.301 -4542.108|-4284.351 -4542.798|-4283.491 -4543.220|-4281.988 -4543.943|-4279.303 -4544.654|-4277.269 -4545.533|-4275.151 -4546.211|-4272.984 -4546.667|-4270.782 -4546.912|-4201.835 -4546.867
226V 25 RICHARD PL SW,-4195.872 -4540.863|-4195.921 -4514.143|-4196.012 -4464.294|-4196.033 -4454.142|-4232.244 -4454.209|-4288.692 -4454.320|-4293.173 -4454.320|-4293.117 -4482.163|-4293.082 -4498.131|-4293.068 -4507.382|-4292.998 -4541.485|-4290.320 -4541.897|-4287.301 -4542.108|-4284.351 -4542.798|-4283.491 -4543.220|-4281.988 -4543.943|-4279.303 -4544.654|-4277.269 -4545.533|-4275.151 -4546.211|-4272.984 -4546.667|-4270.782 -4546.912|-4201.835 -4546.867
227V 25 RICHARD PL SW,-4195.872 -4540.863|-4195.921 -4514.143|-4196.012 -4464.294|-4196.033 -4454.142|-4232.244 -4454.209|-4288.692 -4454.320|-4293.173 -4454.320|-4293.117 -4482.163|-4293.082 -4498.131|-4293.068 -4507.382|-4292.998 -4541.485|-4290.320 -4541.897|-4287.301 -4542.108|-4284.351 -4542.798|-4283.491 -4543.220|-4281.988 -4543.943|-4279.303 -4544.654|-4277.269 -4545.533|-4275.151 -4546.211|-4272.984 -4546.667|-4270.782 -4546.912|-4201.835 -4546.867
228V 25 RICHARD PL SW,-4195.872 -4540.863|-4195.921 -4514.143|-4196.012 -4464.294|-4196.033 -4454.142|-4232.244 -4454.209|-4288.692 -4454.320|-4293.173 -4454.320|-4293.117 -4482.163|-4293.082 -4498.131|-4293.068 -4507.382|-4292.998 -4541.485|-4290.320 -4541.897|-4287.301 -4542.108|-4284.351 -4542.798|-4283.491 -4543.220|-4281.988 -4543.943|-4279.303 -4544.654|-4277.269 -4545.533|-4275.151 -4546.211|-4272.984 -4546.667|-4270.782 -4546.912|-4201.835 -4546.867
229V 25 RICHARD PL SW,-4195.872 -4540.863|-4195.921 -4514.143|-4196.012 -4464.294|-4196.033 -4454.142|-4232.244 -4454.209|-4288.692 -4454.320|-4293.173 -4454.320|-4293.117 -4482.163|-4293.082 -4498.131|-4293.068 -4507.382|-4292.998 -4541.485|-4290.320 -4541.897|-4287.301 -4542.108|-4284.351 -4542.798|-4283.491 -4543.220|-4281.988 -4543.943|-4279.303 -4544.654|-4277.269 -4545.533|-4275.151 -4546.211|-4272.984 -4546.667|-4270.782 -4546.912|-4201.835 -4546.867
230V 25 RICHARD PL SW,-4195.872 -4540.863|-4195.921 -4514.143|-4196.012 -4464.294|-4196.033 -4454.142|-4232.244 -4454.209|-4288.692 -4454.320|-4293.173 -4454.320|-4293.117 -4482.163|-4293.082 -4498.131|-4293.068 -4507.382|-4292.998 -4541.485|-4290.320 -4541.897|-4287.301 -4542.108|-4284.351 -4542.798|-4283.491 -4543.220|-4281.988 -4543.943|-4279.303 -4544.654|-4277.269 -4545.533|-4275.151 -4546.211|-4272.984 -4546.667|-4270.782 -4546.912|-4201.835 -4546.867
231V 25 RICHARD PL SW,-4195.872 -4540.863|-4195.921 -4514.143|-4196.012 -4464.294|-4196.033 -4454.142|-4232.244 -4454.209|-4288.692 -4454.320|-4293.173 -4454.320|-4293.117 -4482.163|-4293.082 -4498.131|-4293.068 -4507.382|-4292.998 -4541.485|-4290.320 -4541.897|-4287.301 -4542.108|-4284.351 -4542.798|-4283.491 -4543.220|-4281.988 -4543.943|-4279.303 -4544.654|-4277.269 -4545.533|-4275.151 -4546.211|-4272.984 -4546.667|-4270.782 -4546.912|-4201.835 -4546.867
232V 30 RICHARD CO SW,-4195.872 -4540.863|-4195.921 -4514.143|-4196.012 -4464.294|-4196.033 -4454.142|-4232.244 -4454.209|-4288.692 -4454.320|-4293.173 -4454.320|-4293.117 -4482.163|-4293.082 -4498.131|-4293.068 -4507.382|-4292.998 -4541.485|-4290.320 -4541.897|-4287.301 -4542.108|-4284.351 -4542.798|-4283.491 -4543.220|-4281.988 -4543.943|-4279.303 -4544.654|-4277.269 -4545.533|-4275.151 -4546.211|-4272.984 -4546.667|-4270.782 -4546.912|-4201.835 -4546.867
233V 30 RICHARD CO SW,-4195.872 -4540.863|-4195.921 -4514.143|-4196.012 -4464.294|-4196.033 -4454.142|-4232.244 -4454.209|-4288.692 -4454.320|-4293.173 -4454.320|-4293.117 -4482.163|-4293.082 -4498.131|-4293.068 -4507.382|-4292.998 -4541.485|-4290.320 -4541.897|-4287.301 -4542.108|-4284.351 -4542.798|-4283.491 -4543.220|-4281.988 -4543.943|-4279.303 -4544.654|-4277.269 -4545.533|-4275.151 -4546.211|-4272.984 -4546.667|-4270.782 -4546.912|-4201.835 -4546.867
234V 30 RICHARD CO SW,-4195.872 -4540.863|-4195.921 -4514.143|-4196.012 -4464.294|-4196.033 -4454.142|-4232.244 -4454.209|-4288.692 -4454.320|-4293.173 -4454.320|-4293.117 -4482.163|-4293.082 -4498.131|-4293.068 -4507.382|-4292.998 -4541.485|-4290.320 -4541.897|-4287.301 -4542.108|-4284.351 -4542.798|-4283.491 -4543.220|-4281.988 -4543.943|-4279.303 -4544.654|-4277.269 -4545.533|-4275.151 -4546.211|-4272.984 -4546.667|-4270.782 -4546.912|-4201.835 -4546.867
235V 30 RICHARD CO SW,-4195.872 -4540.863|-4195.921 -4514.143|-4196.012 -4464.294|-4196.033 -4454.142|-4232.244 -4454.209|-4288.692 -4454.320|-4293.173 -4454.320|-4293.117 -4482.163|-4293.082 -4498.131|-4293.068 -4507.382|-4292.998 -4541.485|-4290.320 -4541.897|-4287.301 -4542.108|-4284.351 -4542.798|-4283.491 -4543.220|-4281.988 -4543.943|-4279.303 -4544.654|-4277.269 -4545.533|-4275.151 -4546.211|-4272.984 -4546.667|-4270.782 -4546.912|-4201.835 -4546.867
236V 30 RICHARD CO SW,-4195.872 -4540.863|-4195.921 -4514.143|-4196.012 -4464.294|-4196.033 -4454.142|-4232.244 -4454.209|-4288.692 -4454.320|-4293.173 -4454.320|-4293.117 -4482.163|-4293.082 -4498.131|-4293.068 -4507.382|-4292.998 -4541.485|-4290.320 -4541.897|-4287.301 -4542.108|-4284.351 -4542.798|-4283.491 -4543.220|-4281.988 -4543.943|-4279.303 -4544.654|-4277.269 -4545.533|-4275.151 -4546.211|-4272.984 -4546.667|-4270.782 -4546.912|-4201.835 -4546.867
237V 30 RICHARD CO SW,-4195.872 -4540.863|-4195.921 -4514.143|-4196.012 -4464.294|-4196.033 -4454.142|-4232.244 -4454.209|-4288.692 -4454.320|-4293.173 -4454.320|-4293.117 -4482.163|-4293.082 -4498.131|-4293.068 -4507.382|-4292.998 -4541.485|-4290.320 -4541.897|-4287.301 -4542.108|-4284.351 -4542.798|-4283.491 -4543.220|-4281.988 -4543.943|-4279.303 -4544.654|-4277.269 -4545.533|-4275.151 -4546.211|-4272.984 -4546.667|-4270.782 -4546.912|-4201.835 -4546.867
238V 30 RICHARD CO SW,-4195.872 -4540.863|-4195.921 -4514.143|-4196.012 -4464.294|-4196.033 -4454.142|-4232.244 -4454.209|-4288.692 -4454.320|-4293.173 -4454.320|-4293.117 -4482.163|-4293.082 -4498.131|-4293.068 -4507.382|-4292.998 -4541.485|-4290.320 -4541.897|-4287.301 -4542.108|-4284.351 -4542.798|-4283.491 -4543.220|-4281.988 -4543.943|-4279.303 -4544.654|-4277.269 -4545.533|-4275.151 -4546.211|-4272.984 -4546.667|-4270.782 -4546.912|-4201.835 -4546.867
239V 30 RICHARD CO SW,-4195.872 -4540.863|-4195.921 -4514.143|-4196.012 -4464.294|-4196.033 -4454.142|-4232.244 -4454.209|-4288.692 -4454.320|-4293.173 -4454.320|-4293.117 -4482.163|-4293.082 -4498.131|-4293.068 -4507.382|-4292.998 -4541.485|-4290.320 -4541.897|-4287.301 -4542.108|-4284.351 -4542.798|-4283.491 -4543.220|-4281.988 -4543.943|-4279.303 -4544.654|-4277.269 -4545.533|-4275.151 -4546.211|-4272.984 -4546.667|-4270.782 -4546.912|-4201.835 -4546.867
240V 30 RICHARD CO SW,-4195.872 -4540.863|-4195.921 -4514.143|-4196.012 -4464.294|-4196.033 -4454.142|-4232.244 -4454.209|-4288.692 -4454.320|-4293.173 -4454.320|-4293.117 -4482.163|-4293.082 -4498.131|-4293.068 -4507.382|-4292.998 -4541.485|-4290.320 -4541.897|-4287.301 -4542.108|-4284.351 -4542.798|-4283.491 -4543.220|-4281.988 -4543.943|-4279.303 -4544.654|-4277.269 -4545.533|-4275.151 -4546.211|-4272.984 -4546.667|-4270.782 -4546.912|-4201.835 -4546.867
241V 30 RICHARD CO SW,-4195.872 -4540.863|-4195.921 -4514.143|-4196.012 -4464.294|-4196.033 -4454.142|-4232.244 -4454.209|-4288.692 -4454.320|-4293.173 -4454.320|-4293.117 -4482.163|-4293.082 -4498.131|-4293.068 -4507.382|-4292.998 -4541.485|-4290.320 -4541.897|-4287.301 -4542.108|-4284.351 -4542.798|-4283.491 -4543.220|-4281.988 -4543.943|-4279.303 -4544.654|-4277.269 -4545.533|-4275.151 -4546.211|-4272.984 -4546.667|-4270.782 -4546.912|-4201.835 -4546.867
242V 30 RICHARD CO SW,-4195.872 -4540.863|-4195.921 -4514.143|-4196.012 -4464.294|-4196.033 -4454.142|-4232.244 -4454.209|-4288.692 -4454.320|-4293.173 -4454.320|-4293.117 -4482.163|-4293.082 -4498.131|-4293.068 -4507.382|-4292.998 -4541.485|-4290.320 -4541.897|-4287.301 -4542.108|-4284.351 -4542.798|-4283.491 -4543.220|-4281.988 -4543.943|-4279.303 -4544.654|-4277.269 -4545.533|-4275.151 -4546.211|-4272.984 -4546.667|-4270.782 -4546.912|-4201.835 -4546.867
243V 30 RICHARD CO SW,-4195.872 -4540.863|-4195.921 -4514.143|-4196.012 -4464.294|-4196.033 -4454.142|-4232.244 -4454.209|-4288.692 -4454.320|-4293.173 -4454.320|-4293.117 -4482.163|-4293.082 -4498.131|-4293.068 -4507.382|-4292.998 -4541.485|-4290.320 -4541.897|-4287.301 -4542.108|-4284.351 -4542.798|-4283.491 -4543.220|-4281.988 -4543.943|-4279.303 -4544.654|-4277.269 -4545.533|-4275.151 -4546.211|-4272.984 -4546.667|-4270.782 -4546.912|-4201.835 -4546.867
244V 30 RICHARD CO SW,-4195.872 -4540.863|-4195.921 -4514.143|-4196.012 -4464.294|-4196.033 -4454.142|-4232.244 -4454.209|-4288.692 -4454.320|-4293.173 -4454.320|-4293.117 -4482.163|-4293.082 -4498.131|-4293.068 -4507.382|-4292.998 -4541.485|-4290.320 -4541.897|-4287.301 -4542.108|-4284.351 -4542.798|-4283.491 -4543.220|-4281.988 -4543.943|-4279.303 -4544.654|-4277.269 -4545.533|-4275.151 -4546.211|-4272.984 -4546.667|-4270.782 -4546.912|-4201.835 -4546.867
245V 30 RICHARD CO SW,-4195.872 -4540.863|-4195.921 -4514.143|-4196.012 -4464.294|-4196.033 -4454.142|-4232.244 -4454.209|-4288.692 -4454.320|-4293.173 -4454.320|-4293.117 -4482.163|-4293.082 -4498.131|-4293.068 -4507.382|-4292.998 -4541.485|-4290.320 -4541.897|-4287.301 -4542.108|-4284.351 -4542.798|-4283.491 -4543.220|-4281.988 -4543.943|-4279.303 -4544.654|-4277.269 -4545.533|-4275.151 -4546.211|-4272.984 -4546.667|-4270.782 -4546.912|-4201.835 -4546.867
246V 30 RICHARD CO SW,-4195.872 -4540.863|-4195.921 -4514.143|-4196.012 -4464.294|-4196.033 -4454.142|-4232.244 -4454.209|-4288.692 -4454.320|-4293.173 -4454.320|-4293.117 -4482.163|-4293.082 -4498.131|-4293.068 -4507.382|-4292.998 -4541.485|-4290.320 -4541.897|-4287.301 -4542.108|-4284.351 -4542.798|-4283.491 -4543.220|-4281.988 -4543.943|-4279.303 -4544.654|-4277.269 -4545.533|-4275.151 -4546.211|-4272.984 -4546.667|-4270.782 -4546.912|-4201.835 -4546.867
247V 30 RICHARD CO SW,-4195.872 -4540.863|-4195.921 -4514.143|-4196.012 -4464.294|-4196.033 -4454.142|-4232.244 -4454.209|-4288.692 -4454.320|-4293.173 -4454.320|-4293.117 -4482.163|-4293.082 -4498.131|-4293.068 -4507.382|-4292.998 -4541.485|-4290.320 -4541.897|-4287.301 -4542.108|-4284.351 -4542.798|-4283.491 -4543.220|-4281.988 -4543.943|-4279.303 -4544.654|-4277.269 -4545.533|-4275.151 -4546.211|-4272.984 -4546.667|-4270.782 -4546.912|-4201.835 -4546.867
248V 30 RICHARD CO SW,-4195.872 -4540.863|-4195.921 -4514.143|-4196.012 -4464.294|-4196.033 -4454.142|-4232.244 -4454.209|-4288.692 -4454.320|-4293.173 -4454.320|-4293.117 -4482.163|-4293.082 -4498.131|-4293.068 -4507.382|-4292.998 -4541.485|-4290.320 -4541.897|-4287.301 -4542.108|-4284.351 -4542.798|-4283.491 -4543.220|-4281.988 -4543.943|-4279.303 -4544.654|-4277.269 -4545.533|-4275.151 -4546.211|-4272.984 -4546.667|-4270.782 -4546.912|-4201.835 -4546.867
249V 30 RICHARD CO SW,-4195.872 -4540.863|-4195.921 -4514.143|-4196.012 -4464.294|-4196.033 -4454.142|-4232.244 -4454.209|-4288.692 -4454.320|-4293.173 -4454.320|-4293.117 -4482.163|-4293.082 -4498.131|-4293.068 -4507.382|-4292.998 -4541.485|-4290.320 -4541.897|-4287.301 -4542.108|-4284.351 -4542.798|-4283.491 -4543.220|-4281.988 -4543.943|-4279.303 -4544.654|-4277.269 -4545.533|-4275.151 -4546.211|-4272.984 -4546.667|-4270.782 -4546.912|-4201.835 -4546.867
250V 30 RICHARD CO SW,-4195.872 -4540.863|-4195.921 -4514.143|-4196.012 -4464.294|-4196.033 -4454.142|-4232.244 -4454.209|-4288.692 -4454.320|-4293.173 -4454.320|-4293.117 -4482.163|-4293.082 -4498.131|-4293.068 -4507.382|-4292.998 -4541.485|-4290.320 -4541.897|-4287.301 -4542.108|-4284.351 -4542.798|-4283.491 -4543.220|-4281.988 -4543.943|-4279.303 -4544.654|-4277.269 -4545.533|-4275.151 -4546.211|-4272.984 -4546.667|-4270.782 -4546.912|-4201.835 -4546.867
251V 25 RICHARD PL SW,-4195.872 -4540.863|-4195.921 -4514.143|-4196.012 -4464.294|-4196.033 -4454.142|-4232.244 -4454.209|-4288.692 -4454.320|-4293.173 -4454.320|-4293.117 -4482.163|-4293.082 -4498.131|-4293.068 -4507.382|-4292.998 -4541.485|-4290.320 -4541.897|-4287.301 -4542.108|-4284.351 -4542.798|-4283.491 -4543.220|-4281.988 -4543.943|-4279.303 -4544.654|-4277.269 -4545.533|-4275.151 -4546.211|-4272.984 -4546.667|-4270.782 -4546.912|-4201.835 -4546.867
252V 25 RICHARD PL SW,-4195.872 -4540.863|-4195.921 -4514.143|-4196.012 -4464.294|-4196.033 -4454.142|-4232.244 -4454.209|-4288.692 -4454.320|-4293.173 -4454.320|-4293.117 -4482.163|-4293.082 -4498.131|-4293.068 -4507.382|-4292.998 -4541.485|-4290.320 -4541.897|-4287.301 -4542.108|-4284.351 -4542.798|-4283.491 -4543.220|-4281.988 -4543.943|-4279.303 -4544.654|-4277.269 -4545.533|-4275.151 -4546.211|-4272.984 -4546.667|-4270.782 -4546.912|-4201.835 -4546.867
253V 25 RICHARD PL SW,-4195.872 -4540.863|-4195.921 -4514.143|-4196.012 -4464.294|-4196.033 -4454.142|-4232.244 -4454.209|-4288.692 -4454.320|-4293.173 -4454.320|-4293.117 -4482.163|-4293.082 -4498.131|-4293.068 -4507.382|-4292.998 -4541.485|-4290.320 -4541.897|-4287.301 -4542.108|-4284.351 -4542.798|-4283.491 -4543.220|-4281.988 -4543.943|-4279.303 -4544.654|-4277.269 -4545.533|-4275.151 -4546.211|-4272.984 -4546.667|-4270.782 -4546.912|-4201.835 -4546.867
254V 25 RICHARD PL SW,-4195.872 -4540.863|-4195.921 -4514.143|-4196.012 -4464.294|-4196.033 -4454.142|-4232.244 -4454.209|-4288.692 -4454.320|-4293.173 -4454.320|-4293.117 -4482.163|-4293.082 -4498.131|-4293.068 -4507.382|-4292.998 -4541.485|-4290.320 -4541.897|-4287.301 -4542.108|-4284.351 -4542.798|-4283.491 -4543.220|-4281.988 -4543.943|-4279.303 -4544.654|-4277.269 -4545.533|-4275.151 -4546.211|-4272.984 -4546.667|-4270.782 -4546.912|-4201.835 -4546.867
255V 25 RICHARD PL SW,-4195.872 -4540.863|-4195.921 -4514.143|-4196.012 -4464.294|-4196.033 -4454.142|-4232.244 -4454.209|-4288.692 -4454.320|-4293.173 -4454.320|-4293.117 -4482.163|-4293.082 -4498.131|-4293.068 -4507.382|-4292.998 -4541.485|-4290.320 -4541.897|-4287.301 -4542.108|-4284.351 -4542.798|-4283.491 -4543.220|-4281.988 -4543.943|-4279.303 -4544.654|-4277.269 -4545.533|-4275.151 -4546.211|-4272.984 -4546.667|-4270.782 -4546.912|-4201.835 -4546.867
