ADDRESS,POINTS
111 3500 VARSITY DR NW,-4760.675 4502.109|-4527.591 4501.798|-4523.753 4501.853|-4519.930 4502.054|-4516.106 4502.365|-4512.296 4502.821|-4509.940 4519.578|-4568.730 4613.882|-4818.178 4844.412|-4867.398 4707.108|-4867.426 4603.530|-4817.298 4603.519|-4793.124 4629.772|-4770.161 4629.761|-4770.168 4614.238|-4805.211 4576.176|-4805.225 4543.273
108 3500 VARSITY DR NW,-4760.675 4502.109|-4527.591 4501.798|-4523.753 4501.853|-4519.930 4502.054|-4516.106 4502.365|-4512.296 4502.821|-4509.940 4519.578|-4568.730 4613.882|-4818.178 4844.412|-4867.398 4707.108|-4867.426 4603.530|-4817.298 4603.519|-4793.124 4629.772|-4770.161 4629.761|-4770.168 4614.238|-4805.211 4576.176|-4805.225 4543.273
114 3500 VARSITY DR NW,-4760.675 4502.109|-4527.591 4501.798|-4523.753 4501.853|-4519.930 4502.054|-4516.106 4502.365|-4512.296 4502.821|-4509.940 4519.578|-4568.730 4613.882|-4818.178 4844.412|-4867.398 4707.108|-4867.426 4603.530|-4817.298 4603.519|-4793.124 4629.772|-4770.161 4629.761|-4770.168 4614.238|-4805.211 4576.176|-4805.225 4543.273
105 3500 VARSITY DR NW,-4760.675 4502.109|-4527.591 4501.798|-4523.753 4501.853|-4519.930 4502.054|-4516.106 4502.365|-4512.296 4502.821|-4509.940 4519.578|-4568.730 4613.882|-4818.178 4844.412|-4867.398 4707.108|-4867.426 4603.530|-4817.298 4603.519|-4793.124 4629.772|-4770.161 4629.761|-4770.168 4614.238|-4805.211 4576.176|-4805.225 4543.273
117 3500 VARSITY DR NW,-4760.675 4502.109|-4527.591 4501.798|-4523.753 4501.853|-4519.930 4502.054|-4516.106 4502.365|-4512.296 4502.821|-4509.940 4519.578|-4568.730 4613.882|-4818.178 4844.412|-4867.398 4707.108|-4867.426 4603.530|-4817.298 4603.519|-4793.124 4629.772|-4770.161 4629.761|-4770.168 4614.238|-4805.211 4576.176|-4805.225 4543.273
102 3500 VARSITY DR NW,-4760.675 4502.109|-4527.591 4501.798|-4523.753 4501.853|-4519.930 4502.054|-4516.106 4502.365|-4512.296 4502.821|-4509.940 4519.578|-4568.730 4613.882|-4818.178 4844.412|-4867.398 4707.108|-4867.426 4603.530|-4817.298 4603.519|-4793.124 4629.772|-4770.161 4629.761|-4770.168 4614.238|-4805.211 4576.176|-4805.225 4543.273
109 3500 VARSITY DR NW,-4760.675 4502.109|-4527.591 4501.798|-4523.753 4501.853|-4519.930 4502.054|-4516.106 4502.365|-4512.296 4502.821|-4509.940 4519.578|-4568.730 4613.882|-4818.178 4844.412|-4867.398 4707.108|-4867.426 4603.530|-4817.298 4603.519|-4793.124 4629.772|-4770.161 4629.761|-4770.168 4614.238|-4805.211 4576.176|-4805.225 4543.273
107 3500 VARSITY DR NW,-4760.675 4502.109|-4527.591 4501.798|-4523.753 4501.853|-4519.930 4502.054|-4516.106 4502.365|-4512.296 4502.821|-4509.940 4519.578|-4568.730 4613.882|-4818.178 4844.412|-4867.398 4707.108|-4867.426 4603.530|-4817.298 4603.519|-4793.124 4629.772|-4770.161 4629.761|-4770.168 4614.238|-4805.211 4576.176|-4805.225 4543.273
106 3500 VARSITY DR NW,-4760.675 4502.109|-4527.591 4501.798|-4523.753 4501.853|-4519.930 4502.054|-4516.106 4502.365|-4512.296 4502.821|-4509.940 4519.578|-4568.730 4613.882|-4818.178 4844.412|-4867.398 4707.108|-4867.426 4603.530|-4817.298 4603.519|-4793.124 4629.772|-4770.161 4629.761|-4770.168 4614.238|-4805.211 4576.176|-4805.225 4543.273
104 3500 VARSITY DR NW,-4760.675 4502.109|-4527.591 4501.798|-4523.753 4501.853|-4519.930 4502.054|-4516.106 4502.365|-4512.296 4502.821|-4509.940 4519.578|-4568.730 4613.882|-4818.178 4844.412|-4867.398 4707.108|-4867.426 4603.530|-4817.298 4603.519|-4793.124 4629.772|-4770.161 4629.761|-4770.168 4614.238|-4805.211 4576.176|-4805.225 4543.273
103 3500 VARSITY DR NW,-4760.675 4502.109|-4527.591 4501.798|-4523.753 4501.853|-4519.930 4502.054|-4516.106 4502.365|-4512.296 4502.821|-4509.940 4519.578|-4568.730 4613.882|-4818.178 4844.412|-4867.398 4707.108|-4867.426 4603.530|-4817.298 4603.519|-4793.124 4629.772|-4770.161 4629.761|-4770.168 4614.238|-4805.211 4576.176|-4805.225 4543.273
101 3500 VARSITY DR NW,-4760.675 4502.109|-4527.591 4501.798|-4523.753 4501.853|-4519.930 4502.054|-4516.106 4502.365|-4512.296 4502.821|-4509.940 4519.578|-4568.730 4613.882|-4818.178 4844.412|-4867.398 4707.108|-4867.426 4603.530|-4817.298 4603.519|-4793.124 4629.772|-4770.161 4629.761|-4770.168 4614.238|-4805.211 4576.176|-4805.225 4543.273
118 3500 VARSITY DR NW,-4760.675 4502.109|-4527.591 4501.798|-4523.753 4501.853|-4519.930 4502.054|-4516.106 4502.365|-4512.296 4502.821|-4509.940 4519.578|-4568.730 4613.882|-4818.178 4844.412|-4867.398 4707.108|-4867.426 4603.530|-4817.298 4603.519|-4793.124 4629.772|-4770.161 4629.761|-4770.168 4614.238|-4805.211 4576.176|-4805.225 4543.273
116 3500 VARSITY DR NW,-4760.675 4502.109|-4527.591 4501.798|-4523.753 4501.853|-4519.930 4502.054|-4516.106 4502.365|-4512.296 4502.821|-4509.940 4519.578|-4568.730 4613.882|-4818.178 4844.412|-4867.398 4707.108|-4867.426 4603.530|-4817.298 4603.519|-4793.124 4629.772|-4770.161 4629.761|-4770.168 4614.238|-4805.211 4576.176|-4805.225 4543.273
115 3500 VARSITY DR NW,-4760.675 4502.109|-4527.591 4501.798|-4523.753 4501.853|-4519.930 4502.054|-4516.106 4502.365|-4512.296 4502.821|-4509.940 4519.578|-4568.730 4613.882|-4818.178 4844.412|-4867.398 4707.108|-4867.426 4603.530|-4817.298 4603.519|-4793.124 4629.772|-4770.161 4629.761|-4770.168 4614.238|-4805.211 4576.176|-4805.225 4543.273
113 3500 VARSITY DR NW,-4760.675 4502.109|-4527.591 4501.798|-4523.753 4501.853|-4519.930 4502.054|-4516.106 4502.365|-4512.296 4502.821|-4509.940 4519.578|-4568.730 4613.882|-4818.178 4844.412|-4867.398 4707.108|-4867.426 4603.530|-4817.298 4603.519|-4793.124 4629.772|-4770.161 4629.761|-4770.168 4614.238|-4805.211 4576.176|-4805.225 4543.273
112 3500 VARSITY DR NW,-4760.675 4502.109|-4527.591 4501.798|-4523.753 4501.853|-4519.930 4502.054|-4516.106 4502.365|-4512.296 4502.821|-4509.940 4519.578|-4568.730 4613.882|-4818.178 4844.412|-4867.398 4707.108|-4867.426 4603.530|-4817.298 4603.519|-4793.124 4629.772|-4770.161 4629.761|-4770.168 4614.238|-4805.211 4576.176|-4805.225 4543.273
110 3500 VARSITY DR NW,-4760.675 4502.109|-4527.591 4501.798|-4523.753 4501.853|-4519.930 4502.054|-4516.106 4502.365|-4512.296 4502.821|-4509.940 4519.578|-4568.730 4613.882|-4818.178 4844.412|-4867.398 4707.108|-4867.426 4603.530|-4817.298 4603.519|-4793.124 4629.772|-4770.161 4629.761|-4770.168 4614.238|-4805.211 4576.176|-4805.225 4543.273
208 3500 VARSITY DR NW,-4760.675 4502.109|-4527.591 4501.798|-4523.753 4501.853|-4519.930 4502.054|-4516.106 4502.365|-4512.296 4502.821|-4509.940 4519.578|-4568.730 4613.882|-4818.178 4844.412|-4867.398 4707.108|-4867.426 4603.530|-4817.298 4603.519|-4793.124 4629.772|-4770.161 4629.761|-4770.168 4614.238|-4805.211 4576.176|-4805.225 4543.273
205 3500 VARSITY DR NW,-4760.675 4502.109|-4527.591 4501.798|-4523.753 4501.853|-4519.930 4502.054|-4516.106 4502.365|-4512.296 4502.821|-4509.940 4519.578|-4568.730 4613.882|-4818.178 4844.412|-4867.398 4707.108|-4867.426 4603.530|-4817.298 4603.519|-4793.124 4629.772|-4770.161 4629.761|-4770.168 4614.238|-4805.211 4576.176|-4805.225 4543.273
211 3500 VARSITY DR NW,-4760.675 4502.109|-4527.591 4501.798|-4523.753 4501.853|-4519.930 4502.054|-4516.106 4502.365|-4512.296 4502.821|-4509.940 4519.578|-4568.730 4613.882|-4818.178 4844.412|-4867.398 4707.108|-4867.426 4603.530|-4817.298 4603.519|-4793.124 4629.772|-4770.161 4629.761|-4770.168 4614.238|-4805.211 4576.176|-4805.225 4543.273
202 3500 VARSITY DR NW,-4760.675 4502.109|-4527.591 4501.798|-4523.753 4501.853|-4519.930 4502.054|-4516.106 4502.365|-4512.296 4502.821|-4509.940 4519.578|-4568.730 4613.882|-4818.178 4844.412|-4867.398 4707.108|-4867.426 4603.530|-4817.298 4603.519|-4793.124 4629.772|-4770.161 4629.761|-4770.168 4614.238|-4805.211 4576.176|-4805.225 4543.273
206 3500 VARSITY DR NW,-4760.675 4502.109|-4527.591 4501.798|-4523.753 4501.853|-4519.930 4502.054|-4516.106 4502.365|-4512.296 4502.821|-4509.940 4519.578|-4568.730 4613.882|-4818.178 4844.412|-4867.398 4707.108|-4867.426 4603.530|-4817.298 4603.519|-4793.124 4629.772|-4770.161 4629.761|-4770.168 4614.238|-4805.211 4576.176|-4805.225 4543.273
204 3500 VARSITY DR NW,-4760.675 4502.109|-4527.591 4501.798|-4523.753 4501.853|-4519.930 4502.054|-4516.106 4502.365|-4512.296 4502.821|-4509.940 4519.578|-4568.730 4613.882|-4818.178 4844.412|-4867.398 4707.108|-4867.426 4603.530|-4817.298 4603.519|-4793.124 4629.772|-4770.161 4629.761|-4770.168 4614.238|-4805.211 4576.176|-4805.225 4543.273
203 3500 VARSITY DR NW,-4760.675 4502.109|-4527.591 4501.798|-4523.753 4501.853|-4519.930 4502.054|-4516.106 4502.365|-4512.296 4502.821|-4509.940 4519.578|-4568.730 4613.882|-4818.178 4844.412|-4867.398 4707.108|-4867.426 4603.530|-4817.298 4603.519|-4793.124 4629.772|-4770.161 4629.761|-4770.168 4614.238|-4805.211 4576.176|-4805.225 4543.273
201 3500 VARSITY DR NW,-4760.675 4502.109|-4527.591 4501.798|-4523.753 4501.853|-4519.930 4502.054|-4516.106 4502.365|-4512.296 4502.821|-4509.940 4519.578|-4568.730 4613.882|-4818.178 4844.412|-4867.398 4707.108|-4867.426 4603.530|-4817.298 4603.519|-4793.124 4629.772|-4770.161 4629.761|-4770.168 4614.238|-4805.211 4576.176|-4805.225 4543.273
212 3500 VARSITY DR NW,-4760.675 4502.109|-4527.591 4501.798|-4523.753 4501.853|-4519.930 4502.054|-4516.106 4502.365|-4512.296 4502.821|-4509.940 4519.578|-4568.730 4613.882|-4818.178 4844.412|-4867.398 4707.108|-4867.426 4603.530|-4817.298 4603.519|-4793.124 4629.772|-4770.161 4629.761|-4770.168 4614.238|-4805.211 4576.176|-4805.225 4543.273
210 3500 VARSITY DR NW,-4760.675 4502.109|-4527.591 4501.798|-4523.753 4501.853|-4519.930 4502.054|-4516.106 4502.365|-4512.296 4502.821|-4509.940 4519.578|-4568.730 4613.882|-4818.178 4844.412|-4867.398 4707.108|-4867.426 4603.530|-4817.298 4603.519|-4793.124 4629.772|-4770.161 4629.761|-4770.168 4614.238|-4805.211 4576.176|-4805.225 4543.273
209 3500 VARSITY DR NW,-4760.675 4502.109|-4527.591 4501.798|-4523.753 4501.853|-4519.930 4502.054|-4516.106 4502.365|-4512.296 4502.821|-4509.940 4519.578|-4568.730 4613.882|-4818.178 4844.412|-4867.398 4707.108|-4867.426 4603.530|-4817.298 4603.519|-4793.124 4629.772|-4770.161 4629.761|-4770.168 4614.238|-4805.211 4576.176|-4805.225 4543.273
207 3500 VARSITY DR NW,-4760.675 4502.109|-4527.591 4501.798|-4523.753 4501.853|-4519.930 4502.054|-4516.106 4502.365|-4512.296 4502.821|-4509.940 4519.578|-4568.730 4613.882|-4818.178 4844.412|-4867.398 4707.108|-4867.426 4603.530|-4817.298 4603.519|-4793.124 4629.772|-4770.161 4629.761|-4770.168 4614.238|-4805.211 4576.176|-4805.225 4543.273
311 3500 VARSITY DR NW,-4760.675 4502.109|-4527.591 4501.798|-4523.753 4501.853|-4519.930 4502.054|-4516.106 4502.365|-4512.296 4502.821|-4509.940 4519.578|-4568.730 4613.882|-4818.178 4844.412|-4867.398 4707.108|-4867.426 4603.530|-4817.298 4603.519|-4793.124 4629.772|-4770.161 4629.761|-4770.168 4614.238|-4805.211 4576.176|-4805.225 4543.273
308 3500 VARSITY DR NW,-4760.675 4502.109|-4527.591 4501.798|-4523.753 4501.853|-4519.930 4502.054|-4516.106 4502.365|-4512.296 4502.821|-4509.940 4519.578|-4568.730 4613.882|-4818.178 4844.412|-4867.398 4707.108|-4867.426 4603.530|-4817.298 4603.519|-4793.124 4629.772|-4770.161 4629.761|-4770.168 4614.238|-4805.211 4576.176|-4805.225 4543.273
314 3500 VARSITY DR NW,-4760.675 4502.109|-4527.591 4501.798|-4523.753 4501.853|-4519.930 4502.054|-4516.106 4502.365|-4512.296 4502.821|-4509.940 4519.578|-4568.730 4613.882|-4818.178 4844.412|-4867.398 4707.108|-4867.426 4603.530|-4817.298 4603.519|-4793.124 4629.772|-4770.161 4629.761|-4770.168 4614.238|-4805.211 4576.176|-4805.225 4543.273
305 3500 VARSITY DR NW,-4760.675 4502.109|-4527.591 4501.798|-4523.753 4501.853|-4519.930 4502.054|-4516.106 4502.365|-4512.296 4502.821|-4509.940 4519.578|-4568.730 4613.882|-4818.178 4844.412|-4867.398 4707.108|-4867.426 4603.530|-4817.298 4603.519|-4793.124 4629.772|-4770.161 4629.761|-4770.168 4614.238|-4805.211 4576.176|-4805.225 4543.273
317 3500 VARSITY DR NW,-4760.675 4502.109|-4527.591 4501.798|-4523.753 4501.853|-4519.930 4502.054|-4516.106 4502.365|-4512.296 4502.821|-4509.940 4519.578|-4568.730 4613.882|-4818.178 4844.412|-4867.398 4707.108|-4867.426 4603.530|-4817.298 4603.519|-4793.124 4629.772|-4770.161 4629.761|-4770.168 4614.238|-4805.211 4576.176|-4805.225 4543.273
302 3500 VARSITY DR NW,-4760.675 4502.109|-4527.591 4501.798|-4523.753 4501.853|-4519.930 4502.054|-4516.106 4502.365|-4512.296 4502.821|-4509.940 4519.578|-4568.730 4613.882|-4818.178 4844.412|-4867.398 4707.108|-4867.426 4603.530|-4817.298 4603.519|-4793.124 4629.772|-4770.161 4629.761|-4770.168 4614.238|-4805.211 4576.176|-4805.225 4543.273
309 3500 VARSITY DR NW,-4760.675 4502.109|-4527.591 4501.798|-4523.753 4501.853|-4519.930 4502.054|-4516.106 4502.365|-4512.296 4502.821|-4509.940 4519.578|-4568.730 4613.882|-4818.178 4844.412|-4867.398 4707.108|-4867.426 4603.530|-4817.298 4603.519|-4793.124 4629.772|-4770.161 4629.761|-4770.168 4614.238|-4805.211 4576.176|-4805.225 4543.273
307 3500 VARSITY DR NW,-4760.675 4502.109|-4527.591 4501.798|-4523.753 4501.853|-4519.930 4502.054|-4516.106 4502.365|-4512.296 4502.821|-4509.940 4519.578|-4568.730 4613.882|-4818.178 4844.412|-4867.398 4707.108|-4867.426 4603.530|-4817.298 4603.519|-4793.124 4629.772|-4770.161 4629.761|-4770.168 4614.238|-4805.211 4576.176|-4805.225 4543.273
306 3500 VARSITY DR NW,-4760.675 4502.109|-4527.591 4501.798|-4523.753 4501.853|-4519.930 4502.054|-4516.106 4502.365|-4512.296 4502.821|-4509.940 4519.578|-4568.730 4613.882|-4818.178 4844.412|-4867.398 4707.108|-4867.426 4603.530|-4817.298 4603.519|-4793.124 4629.772|-4770.161 4629.761|-4770.168 4614.238|-4805.211 4576.176|-4805.225 4543.273
304 3500 VARSITY DR NW,-4760.675 4502.109|-4527.591 4501.798|-4523.753 4501.853|-4519.930 4502.054|-4516.106 4502.365|-4512.296 4502.821|-4509.940 4519.578|-4568.730 4613.882|-4818.178 4844.412|-4867.398 4707.108|-4867.426 4603.530|-4817.298 4603.519|-4793.124 4629.772|-4770.161 4629.761|-4770.168 4614.238|-4805.211 4576.176|-4805.225 4543.273
303 3500 VARSITY DR NW,-4760.675 4502.109|-4527.591 4501.798|-4523.753 4501.853|-4519.930 4502.054|-4516.106 4502.365|-4512.296 4502.821|-4509.940 4519.578|-4568.730 4613.882|-4818.178 4844.412|-4867.398 4707.108|-4867.426 4603.530|-4817.298 4603.519|-4793.124 4629.772|-4770.161 4629.761|-4770.168 4614.238|-4805.211 4576.176|-4805.225 4543.273
301 3500 VARSITY DR NW,-4760.675 4502.109|-4527.591 4501.798|-4523.753 4501.853|-4519.930 4502.054|-4516.106 4502.365|-4512.296 4502.821|-4509.940 4519.578|-4568.730 4613.882|-4818.178 4844.412|-4867.398 4707.108|-4867.426 4603.530|-4817.298 4603.519|-4793.124 4629.772|-4770.161 4629.761|-4770.168 4614.238|-4805.211 4576.176|-4805.225 4543.273
318 3500 VARSITY DR NW,-4760.675 4502.109|-4527.591 4501.798|-4523.753 4501.853|-4519.930 4502.054|-4516.106 4502.365|-4512.296 4502.821|-4509.940 4519.578|-4568.730 4613.882|-4818.178 4844.412|-4867.398 4707.108|-4867.426 4603.530|-4817.298 4603.519|-4793.124 4629.772|-4770.161 4629.761|-4770.168 4614.238|-4805.211 4576.176|-4805.225 4543.273
316 3500 VARSITY DR NW,-4760.675 4502.109|-4527.591 4501.798|-4523.753 4501.853|-4519.930 4502.054|-4516.106 4502.365|-4512.296 4502.821|-4509.940 4519.578|-4568.730 4613.882|-4818.178 4844.412|-4867.398 4707.108|-4867.426 4603.530|-4817.298 4603.519|-4793.124 4629.772|-4770.161 4629.761|-4770.168 4614.238|-4805.211 4576.176|-4805.225 4543.273
315 3500 VARSITY DR NW,-4760.675 4502.109|-4527.591 4501.798|-4523.753 4501.853|-4519.930 4502.054|-4516.106 4502.365|-4512.296 4502.821|-4509.940 4519.578|-4568.730 4613.882|-4818.178 4844.412|-4867.398 4707.108|-4867.426 4603.530|-4817.298 4603.519|-4793.124 4629.772|-4770.161 4629.761|-4770.168 4614.238|-4805.211 4576.176|-4805.225 4543.273
313 3500 VARSITY DR NW,-4760.675 4502.109|-4527.591 4501.798|-4523.753 4501.853|-4519.930 4502.054|-4516.106 4502.365|-4512.296 4502.821|-4509.940 4519.578|-4568.730 4613.882|-4818.178 4844.412|-4867.398 4707.108|-4867.426 4603.530|-4817.298 4603.519|-4793.124 4629.772|-4770.161 4629.761|-4770.168 4614.238|-4805.211 4576.176|-4805.225 4543.273
312 3500 VARSITY DR NW,-4760.675 4502.109|-4527.591 4501.798|-4523.753 4501.853|-4519.930 4502.054|-4516.106 4502.365|-4512.296 4502.821|-4509.940 4519.578|-4568.730 4613.882|-4818.178 4844.412|-4867.398 4707.108|-4867.426 4603.530|-4817.298 4603.519|-4793.124 4629.772|-4770.161 4629.761|-4770.168 4614.238|-4805.211 4576.176|-4805.225 4543.273
310 3500 VARSITY DR NW,-4760.675 4502.109|-4527.591 4501.798|-4523.753 4501.853|-4519.930 4502.054|-4516.106 4502.365|-4512.296 4502.821|-4509.940 4519.578|-4568.730 4613.882|-4818.178 4844.412|-4867.398 4707.108|-4867.426 4603.530|-4817.298 4603.519|-4793.124 4629.772|-4770.161 4629.761|-4770.168 4614.238|-4805.211 4576.176|-4805.225 4543.273
411 3500 VARSITY DR NW,-4760.675 4502.109|-4527.591 4501.798|-4523.753 4501.853|-4519.930 4502.054|-4516.106 4502.365|-4512.296 4502.821|-4509.940 4519.578|-4568.730 4613.882|-4818.178 4844.412|-4867.398 4707.108|-4867.426 4603.530|-4817.298 4603.519|-4793.124 4629.772|-4770.161 4629.761|-4770.168 4614.238|-4805.211 4576.176|-4805.225 4543.273
408 3500 VARSITY DR NW,-4760.675 4502.109|-4527.591 4501.798|-4523.753 4501.853|-4519.930 4502.054|-4516.106 4502.365|-4512.296 4502.821|-4509.940 4519.578|-4568.730 4613.882|-4818.178 4844.412|-4867.398 4707.108|-4867.426 4603.530|-4817.298 4603.519|-4793.124 4629.772|-4770.161 4629.761|-4770.168 4614.238|-4805.211 4576.176|-4805.225 4543.273
414 3500 VARSITY DR NW,-4760.675 4502.109|-4527.591 4501.798|-4523.753 4501.853|-4519.930 4502.054|-4516.106 4502.365|-4512.296 4502.821|-4509.940 4519.578|-4568.730 4613.882|-4818.178 4844.412|-4867.398 4707.108|-4867.426 4603.530|-4817.298 4603.519|-4793.124 4629.772|-4770.161 4629.761|-4770.168 4614.238|-4805.211 4576.176|-4805.225 4543.273
405 3500 VARSITY DR NW,-4760.675 4502.109|-4527.591 4501.798|-4523.753 4501.853|-4519.930 4502.054|-4516.106 4502.365|-4512.296 4502.821|-4509.940 4519.578|-4568.730 4613.882|-4818.178 4844.412|-4867.398 4707.108|-4867.426 4603.530|-4817.298 4603.519|-4793.124 4629.772|-4770.161 4629.761|-4770.168 4614.238|-4805.211 4576.176|-4805.225 4543.273
417 3500 VARSITY DR NW,-4760.675 4502.109|-4527.591 4501.798|-4523.753 4501.853|-4519.930 4502.054|-4516.106 4502.365|-4512.296 4502.821|-4509.940 4519.578|-4568.730 4613.882|-4818.178 4844.412|-4867.398 4707.108|-4867.426 4603.530|-4817.298 4603.519|-4793.124 4629.772|-4770.161 4629.761|-4770.168 4614.238|-4805.211 4576.176|-4805.225 4543.273
402 3500 VARSITY DR NW,-4760.675 4502.109|-4527.591 4501.798|-4523.753 4501.853|-4519.930 4502.054|-4516.106 4502.365|-4512.296 4502.821|-4509.940 4519.578|-4568.730 4613.882|-4818.178 4844.412|-4867.398 4707.108|-4867.426 4603.530|-4817.298 4603.519|-4793.124 4629.772|-4770.161 4629.761|-4770.168 4614.238|-4805.211 4576.176|-4805.225 4543.273
409 3500 VARSITY DR NW,-4760.675 4502.109|-4527.591 4501.798|-4523.753 4501.853|-4519.930 4502.054|-4516.106 4502.365|-4512.296 4502.821|-4509.940 4519.578|-4568.730 4613.882|-4818.178 4844.412|-4867.398 4707.108|-4867.426 4603.530|-4817.298 4603.519|-4793.124 4629.772|-4770.161 4629.761|-4770.168 4614.238|-4805.211 4576.176|-4805.225 4543.273
407 3500 VARSITY DR NW,-4760.675 4502.109|-4527.591 4501.798|-4523.753 4501.853|-4519.930 4502.054|-4516.106 4502.365|-4512.296 4502.821|-4509.940 4519.578|-4568.730 4613.882|-4818.178 4844.412|-4867.398 4707.108|-4867.426 4603.530|-4817.298 4603.519|-4793.124 4629.772|-4770.161 4629.761|-4770.168 4614.238|-4805.211 4576.176|-4805.225 4543.273
406 3500 VARSITY DR NW,-4760.675 4502.109|-4527.591 4501.798|-4523.753 4501.853|-4519.930 4502.054|-4516.106 4502.365|-4512.296 4502.821|-4509.940 4519.578|-4568.730 4613.882|-4818.178 4844.412|-4867.398 4707.108|-4867.426 4603.530|-4817.298 4603.519|-4793.124 4629.772|-4770.161 4629.761|-4770.168 4614.238|-4805.211 4576.176|-4805.225 4543.273
404 3500 VARSITY DR NW,-4760.675 4502.109|-4527.591 4501.798|-4523.753 4501.853|-4519.930 4502.054|-4516.106 4502.365|-4512.296 4502.821|-4509.940 4519.578|-4568.730 4613.882|-4818.178 4844.412|-4867.398 4707.108|-4867.426 4603.530|-4817.298 4603.519|-4793.124 4629.772|-4770.161 4629.761|-4770.168 4614.238|-4805.211 4576.176|-4805.225 4543.273
403 3500 VARSITY DR NW,-4760.675 4502.109|-4527.591 4501.798|-4523.753 4501.853|-4519.930 4502.054|-4516.106 4502.365|-4512.296 4502.821|-4509.940 4519.578|-4568.730 4613.882|-4818.178 4844.412|-4867.398 4707.108|-4867.426 4603.530|-4817.298 4603.519|-4793.124 4629.772|-4770.161 4629.761|-4770.168 4614.238|-4805.211 4576.176|-4805.225 4543.273
401 3500 VARSITY DR NW,-4760.675 4502.109|-4527.591 4501.798|-4523.753 4501.853|-4519.930 4502.054|-4516.106 4502.365|-4512.296 4502.821|-4509.940 4519.578|-4568.730 4613.882|-4818.178 4844.412|-4867.398 4707.108|-4867.426 4603.530|-4817.298 4603.519|-4793.124 4629.772|-4770.161 4629.761|-4770.168 4614.238|-4805.211 4576.176|-4805.225 4543.273
418 3500 VARSITY DR NW,-4760.675 4502.109|-4527.591 4501.798|-4523.753 4501.853|-4519.930 4502.054|-4516.106 4502.365|-4512.296 4502.821|-4509.940 4519.578|-4568.730 4613.882|-4818.178 4844.412|-4867.398 4707.108|-4867.426 4603.530|-4817.298 4603.519|-4793.124 4629.772|-4770.161 4629.761|-4770.168 4614.238|-4805.211 4576.176|-4805.225 4543.273
416 3500 VARSITY DR NW,-4760.675 4502.109|-4527.591 4501.798|-4523.753 4501.853|-4519.930 4502.054|-4516.106 4502.365|-4512.296 4502.821|-4509.940 4519.578|-4568.730 4613.882|-4818.178 4844.412|-4867.398 4707.108|-4867.426 4603.530|-4817.298 4603.519|-4793.124 4629.772|-4770.161 4629.761|-4770.168 4614.238|-4805.211 4576.176|-4805.225 4543.273
415 3500 VARSITY DR NW,-4760.675 4502.109|-4527.591 4501.798|-4523.753 4501.853|-4519.930 4502.054|-4516.106 4502.365|-4512.296 4502.821|-4509.940 4519.578|-4568.730 4613.882|-4818.178 4844.412|-4867.398 4707.108|-4867.426 4603.530|-4817.298 4603.519|-4793.124 4629.772|-4770.161 4629.761|-4770.168 4614.238|-4805.211 4576.176|-4805.225 4543.273
413 3500 VARSITY DR NW,-4760.675 4502.109|-4527.591 4501.798|-4523.753 4501.853|-4519.930 4502.054|-4516.106 4502.365|-4512.296 4502.821|-4509.940 4519.578|-4568.730 4613.882|-4818.178 4844.412|-4867.398 4707.108|-4867.426 4603.530|-4817.298 4603.519|-4793.124 4629.772|-4770.161 4629.761|-4770.168 4614.238|-4805.211 4576.176|-4805.225 4543.273
412 3500 VARSITY DR NW,-4760.675 4502.109|-4527.591 4501.798|-4523.753 4501.853|-4519.930 4502.054|-4516.106 4502.365|-4512.296 4502.821|-4509.940 4519.578|-4568.730 4613.882|-4818.178 4844.412|-4867.398 4707.108|-4867.426 4603.530|-4817.298 4603.519|-4793.124 4629.772|-4770.161 4629.761|-4770.168 4614.238|-4805.211 4576.176|-4805.225 4543.273
410 3500 VARSITY DR NW,-4760.675 4502.109|-4527.591 4501.798|-4523.753 4501.853|-4519.930 4502.054|-4516.106 4502.365|-4512.296 4502.821|-4509.940 4519.578|-4568.730 4613.882|-4818.178 4844.412|-4867.398 4707.108|-4867.426 4603.530|-4817.298 4603.519|-4793.124 4629.772|-4770.161 4629.761|-4770.168 4614.238|-4805.211 4576.176|-4805.225 4543.273
511 3500 VARSITY DR NW,-4760.675 4502.109|-4527.591 4501.798|-4523.753 4501.853|-4519.930 4502.054|-4516.106 4502.365|-4512.296 4502.821|-4509.940 4519.578|-4568.730 4613.882|-4818.178 4844.412|-4867.398 4707.108|-4867.426 4603.530|-4817.298 4603.519|-4793.124 4629.772|-4770.161 4629.761|-4770.168 4614.238|-4805.211 4576.176|-4805.225 4543.273
502 3500 VARSITY DR NW,-4760.675 4502.109|-4527.591 4501.798|-4523.753 4501.853|-4519.930 4502.054|-4516.106 4502.365|-4512.296 4502.821|-4509.940 4519.578|-4568.730 4613.882|-4818.178 4844.412|-4867.398 4707.108|-4867.426 4603.530|-4817.298 4603.519|-4793.124 4629.772|-4770.161 4629.761|-4770.168 4614.238|-4805.211 4576.176|-4805.225 4543.273
508 3500 VARSITY DR NW,-4760.675 4502.109|-4527.591 4501.798|-4523.753 4501.853|-4519.930 4502.054|-4516.106 4502.365|-4512.296 4502.821|-4509.940 4519.578|-4568.730 4613.882|-4818.178 4844.412|-4867.398 4707.108|-4867.426 4603.530|-4817.298 4603.519|-4793.124 4629.772|-4770.161 4629.761|-4770.168 4614.238|-4805.211 4576.176|-4805.225 4543.273
505 3500 VARSITY DR NW,-4760.675 4502.109|-4527.591 4501.798|-4523.753 4501.853|-4519.930 4502.054|-4516.106 4502.365|-4512.296 4502.821|-4509.940 4519.578|-4568.730 4613.882|-4818.178 4844.412|-4867.398 4707.108|-4867.426 4603.530|-4817.298 4603.519|-4793.124 4629.772|-4770.161 4629.761|-4770.168 4614.238|-4805.211 4576.176|-4805.225 4543.273
512 3500 VARSITY DR NW,-4760.675 4502.109|-4527.591 4501.798|-4523.753 4501.853|-4519.930 4502.054|-4516.106 4502.365|-4512.296 4502.821|-4509.940 4519.578|-4568.730 4613.882|-4818.178 4844.412|-4867.398 4707.108|-4867.426 4603.530|-4817.298 4603.519|-4793.124 4629.772|-4770.161 4629.761|-4770.168 4614.238|-4805.211 4576.176|-4805.225 4543.273
510 3500 VARSITY DR NW,-4760.675 4502.109|-4527.591 4501.798|-4523.753 4501.853|-4519.930 4502.054|-4516.106 4502.365|-4512.296 4502.821|-4509.940 4519.578|-4568.730 4613.882|-4818.178 4844.412|-4867.398 4707.108|-4867.426 4603.530|-4817.298 4603.519|-4793.124 4629.772|-4770.161 4629.761|-4770.168 4614.238|-4805.211 4576.176|-4805.225 4543.273
509 3500 VARSITY DR NW,-4760.675 4502.109|-4527.591 4501.798|-4523.753 4501.853|-4519.930 4502.054|-4516.106 4502.365|-4512.296 4502.821|-4509.940 4519.578|-4568.730 4613.882|-4818.178 4844.412|-4867.398 4707.108|-4867.426 4603.530|-4817.298 4603.519|-4793.124 4629.772|-4770.161 4629.761|-4770.168 4614.238|-4805.211 4576.176|-4805.225 4543.273
507 3500 VARSITY DR NW,-4760.675 4502.109|-4527.591 4501.798|-4523.753 4501.853|-4519.930 4502.054|-4516.106 4502.365|-4512.296 4502.821|-4509.940 4519.578|-4568.730 4613.882|-4818.178 4844.412|-4867.398 4707.108|-4867.426 4603.530|-4817.298 4603.519|-4793.124 4629.772|-4770.161 4629.761|-4770.168 4614.238|-4805.211 4576.176|-4805.225 4543.273
506 3500 VARSITY DR NW,-4760.675 4502.109|-4527.591 4501.798|-4523.753 4501.853|-4519.930 4502.054|-4516.106 4502.365|-4512.296 4502.821|-4509.940 4519.578|-4568.730 4613.882|-4818.178 4844.412|-4867.398 4707.108|-4867.426 4603.530|-4817.298 4603.519|-4793.124 4629.772|-4770.161 4629.761|-4770.168 4614.238|-4805.211 4576.176|-4805.225 4543.273
504 3500 VARSITY DR NW,-4760.675 4502.109|-4527.591 4501.798|-4523.753 4501.853|-4519.930 4502.054|-4516.106 4502.365|-4512.296 4502.821|-4509.940 4519.578|-4568.730 4613.882|-4818.178 4844.412|-4867.398 4707.108|-4867.426 4603.530|-4817.298 4603.519|-4793.124 4629.772|-4770.161 4629.761|-4770.168 4614.238|-4805.211 4576.176|-4805.225 4543.273
503 3500 VARSITY DR NW,-4760.675 4502.109|-4527.591 4501.798|-4523.753 4501.853|-4519.930 4502.054|-4516.106 4502.365|-4512.296 4502.821|-4509.940 4519.578|-4568.730 4613.882|-4818.178 4844.412|-4867.398 4707.108|-4867.426 4603.530|-4817.298 4603.519|-4793.124 4629.772|-4770.161 4629.761|-4770.168 4614.238|-4805.211 4576.176|-4805.225 4543.273
501 3500 VARSITY DR NW,-4760.675 4502.109|-4527.591 4501.798|-4523.753 4501.853|-4519.930 4502.054|-4516.106 4502.365|-4512.296 4502.821|-4509.940 4519.578|-4568.730 4613.882|-4818.178 4844.412|-4867.398 4707.108|-4867.426 4603.530|-4817.298 4603.519|-4793.124 4629.772|-4770.161 4629.761|-4770.168 4614.238|-4805.211 4576.176|-4805.225 4543.273
602 3500 VARSITY DR NW,-4760.675 4502.109|-4527.591 4501.798|-4523.753 4501.853|-4519.930 4502.054|-4516.106 4502.365|-4512.296 4502.821|-4509.940 4519.578|-4568.730 4613.882|-4818.178 4844.412|-4867.398 4707.108|-4867.426 4603.530|-4817.298 4603.519|-4793.124 4629.772|-4770.161 4629.761|-4770.168 4614.238|-4805.211 4576.176|-4805.225 4543.273
611 3500 VARSITY DR NW,-4760.675 4502.109|-4527.591 4501.798|-4523.753 4501.853|-4519.930 4502.054|-4516.106 4502.365|-4512.296 4502.821|-4509.940 4519.578|-4568.730 4613.882|-4818.178 4844.412|-4867.398 4707.108|-4867.426 4603.530|-4817.298 4603.519|-4793.124 4629.772|-4770.161 4629.761|-4770.168 4614.238|-4805.211 4576.176|-4805.225 4543.273
605 3500 VARSITY DR NW,-4760.675 4502.109|-4527.591 4501.798|-4523.753 4501.853|-4519.930 4502.054|-4516.106 4502.365|-4512.296 4502.821|-4509.940 4519.578|-4568.730 4613.882|-4818.178 4844.412|-4867.398 4707.108|-4867.426 4603.530|-4817.298 4603.519|-4793.124 4629.772|-4770.161 4629.761|-4770.168 4614.238|-4805.211 4576.176|-4805.225 4543.273
608 3500 VARSITY DR NW,-4760.675 4502.109|-4527.591 4501.798|-4523.753 4501.853|-4519.930 4502.054|-4516.106 4502.365|-4512.296 4502.821|-4509.940 4519.578|-4568.730 4613.882|-4818.178 4844.412|-4867.398 4707.108|-4867.426 4603.530|-4817.298 4603.519|-4793.124 4629.772|-4770.161 4629.761|-4770.168 4614.238|-4805.211 4576.176|-4805.225 4543.273
612 3500 VARSITY DR NW,-4760.675 4502.109|-4527.591 4501.798|-4523.753 4501.853|-4519.930 4502.054|-4516.106 4502.365|-4512.296 4502.821|-4509.940 4519.578|-4568.730 4613.882|-4818.178 4844.412|-4867.398 4707.108|-4867.426 4603.530|-4817.298 4603.519|-4793.124 4629.772|-4770.161 4629.761|-4770.168 4614.238|-4805.211 4576.176|-4805.225 4543.273
610 3500 VARSITY DR NW,-4760.675 4502.109|-4527.591 4501.798|-4523.753 4501.853|-4519.930 4502.054|-4516.106 4502.365|-4512.296 4502.821|-4509.940 4519.578|-4568.730 4613.882|-4818.178 4844.412|-4867.398 4707.108|-4867.426 4603.530|-4817.298 4603.519|-4793.124 4629.772|-4770.161 4629.761|-4770.168 4614.238|-4805.211 4576.176|-4805.225 4543.273
609 3500 VARSITY DR NW,-4760.675 4502.109|-4527.591 4501.798|-4523.753 4501.853|-4519.930 4502.054|-4516.106 4502.365|-4512.296 4502.821|-4509.940 4519.578|-4568.730 4613.882|-4818.178 4844.412|-4867.398 4707.108|-4867.426 4603.530|-4817.298 4603.519|-4793.124 4629.772|-4770.161 4629.761|-4770.168 4614.238|-4805.211 4576.176|-4805.225 4543.273
607 3500 VARSITY DR NW,-4760.675 4502.109|-4527.591 4501.798|-4523.753 4501.853|-4519.930 4502.054|-4516.106 4502.365|-4512.296 4502.821|-4509.940 4519.578|-4568.730 4613.882|-4818.178 4844.412|-4867.398 4707.108|-4867.426 4603.530|-4817.298 4603.519|-4793.124 4629.772|-4770.161 4629.761|-4770.168 4614.238|-4805.211 4576.176|-4805.225 4543.273
606 3500 VARSITY DR NW,-4760.675 4502.109|-4527.591 4501.798|-4523.753 4501.853|-4519.930 4502.054|-4516.106 4502.365|-4512.296 4502.821|-4509.940 4519.578|-4568.730 4613.882|-4818.178 4844.412|-4867.398 4707.108|-4867.426 4603.530|-4817.298 4603.519|-4793.124 4629.772|-4770.161 4629.761|-4770.168 4614.238|-4805.211 4576.176|-4805.225 4543.273
604 3500 VARSITY DR NW,-4760.675 4502.109|-4527.591 4501.798|-4523.753 4501.853|-4519.930 4502.054|-4516.106 4502.365|-4512.296 4502.821|-4509.940 4519.578|-4568.730 4613.882|-4818.178 4844.412|-4867.398 4707.108|-4867.426 4603.530|-4817.298 4603.519|-4793.124 4629.772|-4770.161 4629.761|-4770.168 4614.238|-4805.211 4576.176|-4805.225 4543.273
603 3500 VARSITY DR NW,-4760.675 4502.109|-4527.591 4501.798|-4523.753 4501.853|-4519.930 4502.054|-4516.106 4502.365|-4512.296 4502.821|-4509.940 4519.578|-4568.730 4613.882|-4818.178 4844.412|-4867.398 4707.108|-4867.426 4603.530|-4817.298 4603.519|-4793.124 4629.772|-4770.161 4629.761|-4770.168 4614.238|-4805.211 4576.176|-4805.225 4543.273
601 3500 VARSITY DR NW,-4760.675 4502.109|-4527.591 4501.798|-4523.753 4501.853|-4519.930 4502.054|-4516.106 4502.365|-4512.296 4502.821|-4509.940 4519.578|-4568.730 4613.882|-4818.178 4844.412|-4867.398 4707.108|-4867.426 4603.530|-4817.298 4603.519|-4793.124 4629.772|-4770.161 4629.761|-4770.168 4614.238|-4805.211 4576.176|-4805.225 4543.273
702 3500 VARSITY DR NW,-4760.675 4502.109|-4527.591 4501.798|-4523.753 4501.853|-4519.930 4502.054|-4516.106 4502.365|-4512.296 4502.821|-4509.940 4519.578|-4568.730 4613.882|-4818.178 4844.412|-4867.398 4707.108|-4867.426 4603.530|-4817.298 4603.519|-4793.124 4629.772|-4770.161 4629.761|-4770.168 4614.238|-4805.211 4576.176|-4805.225 4543.273
711 3500 VARSITY DR NW,-4760.675 4502.109|-4527.591 4501.798|-4523.753 4501.853|-4519.930 4502.054|-4516.106 4502.365|-4512.296 4502.821|-4509.940 4519.578|-4568.730 4613.882|-4818.178 4844.412|-4867.398 4707.108|-4867.426 4603.530|-4817.298 4603.519|-4793.124 4629.772|-4770.161 4629.761|-4770.168 4614.238|-4805.211 4576.176|-4805.225 4543.273
705 3500 VARSITY DR NW,-4760.675 4502.109|-4527.591 4501.798|-4523.753 4501.853|-4519.930 4502.054|-4516.106 4502.365|-4512.296 4502.821|-4509.940 4519.578|-4568.730 4613.882|-4818.178 4844.412|-4867.398 4707.108|-4867.426 4603.530|-4817.298 4603.519|-4793.124 4629.772|-4770.161 4629.761|-4770.168 4614.238|-4805.211 4576.176|-4805.225 4543.273
708 3500 VARSITY DR NW,-4760.675 4502.109|-4527.591 4501.798|-4523.753 4501.853|-4519.930 4502.054|-4516.106 4502.365|-4512.296 4502.821|-4509.940 4519.578|-4568.730 4613.882|-4818.178 4844.412|-4867.398 4707.108|-4867.426 4603.530|-4817.298 4603.519|-4793.124 4629.772|-4770.161 4629.761|-4770.168 4614.238|-4805.211 4576.176|-4805.225 4543.273
712 3500 VARSITY DR NW,-4760.675 4502.109|-4527.591 4501.798|-4523.753 4501.853|-4519.930 4502.054|-4516.106 4502.365|-4512.296 4502.821|-4509.940 4519.578|-4568.730 4613.882|-4818.178 4844.412|-4867.398 4707.108|-4867.426 4603.530|-4817.298 4603.519|-4793.124 4629.772|-4770.161 4629.761|-4770.168 4614.238|-4805.211 4576.176|-4805.225 4543.273
710 3500 VARSITY DR NW,-4760.675 4502.109|-4527.591 4501.798|-4523.753 4501.853|-4519.930 4502.054|-4516.106 4502.365|-4512.296 4502.821|-4509.940 4519.578|-4568.730 4613.882|-4818.178 4844.412|-4867.398 4707.108|-4867.426 4603.530|-4817.298 4603.519|-4793.124 4629.772|-4770.161 4629.761|-4770.168 4614.238|-4805.211 4576.176|-4805.225 4543.273
709 3500 VARSITY DR NW,-4760.675 4502.109|-4527.591 4501.798|-4523.753 4501.853|-4519.930 4502.054|-4516.106 4502.365|-4512.296 4502.821|-4509.940 4519.578|-4568.730 4613.882|-4818.178 4844.412|-4867.398 4707.108|-4867.426 4603.530|-4817.298 4603.519|-4793.124 4629.772|-4770.161 4629.761|-4770.168 4614.238|-4805.211 4576.176|-4805.225 4543.273
707 3500 VARSITY DR NW,-4760.675 4502.109|-4527.591 4501.798|-4523.753 4501.853|-4519.930 4502.054|-4516.106 4502.365|-4512.296 4502.821|-4509.940 4519.578|-4568.730 4613.882|-4818.178 4844.412|-4867.398 4707.108|-4867.426 4603.530|-4817.298 4603.519|-4793.124 4629.772|-4770.161 4629.761|-4770.168 4614.238|-4805.211 4576.176|-4805.225 4543.273
706 3500 VARSITY DR NW,-4760.675 4502.109|-4527.591 4501.798|-4523.753 4501.853|-4519.930 4502.054|-4516.106 4502.365|-4512.296 4502.821|-4509.940 4519.578|-4568.730 4613.882|-4818.178 4844.412|-4867.398 4707.108|-4867.426 4603.530|-4817.298 4603.519|-4793.124 4629.772|-4770.161 4629.761|-4770.168 4614.238|-4805.211 4576.176|-4805.225 4543.273
704 3500 VARSITY DR NW,-4760.675 4502.109|-4527.591 4501.798|-4523.753 4501.853|-4519.930 4502.054|-4516.106 4502.365|-4512.296 4502.821|-4509.940 4519.578|-4568.730 4613.882|-4818.178 4844.412|-4867.398 4707.108|-4867.426 4603.530|-4817.298 4603.519|-4793.124 4629.772|-4770.161 4629.761|-4770.168 4614.238|-4805.211 4576.176|-4805.225 4543.273
703 3500 VARSITY DR NW,-4760.675 4502.109|-4527.591 4501.798|-4523.753 4501.853|-4519.930 4502.054|-4516.106 4502.365|-4512.296 4502.821|-4509.940 4519.578|-4568.730 4613.882|-4818.178 4844.412|-4867.398 4707.108|-4867.426 4603.530|-4817.298 4603.519|-4793.124 4629.772|-4770.161 4629.761|-4770.168 4614.238|-4805.211 4576.176|-4805.225 4543.273
701 3500 VARSITY DR NW,-4760.675 4502.109|-4527.591 4501.798|-4523.753 4501.853|-4519.930 4502.054|-4516.106 4502.365|-4512.296 4502.821|-4509.940 4519.578|-4568.730 4613.882|-4818.178 4844.412|-4867.398 4707.108|-4867.426 4603.530|-4817.298 4603.519|-4793.124 4629.772|-4770.161 4629.761|-4770.168 4614.238|-4805.211 4576.176|-4805.225 4543.273
811 3500 VARSITY DR NW,-4760.675 4502.109|-4527.591 4501.798|-4523.753 4501.853|-4519.930 4502.054|-4516.106 4502.365|-4512.296 4502.821|-4509.940 4519.578|-4568.730 4613.882|-4818.178 4844.412|-4867.398 4707.108|-4867.426 4603.530|-4817.298 4603.519|-4793.124 4629.772|-4770.161 4629.761|-4770.168 4614.238|-4805.211 4576.176|-4805.225 4543.273
802 3500 VARSITY DR NW,-4760.675 4502.109|-4527.591 4501.798|-4523.753 4501.853|-4519.930 4502.054|-4516.106 4502.365|-4512.296 4502.821|-4509.940 4519.578|-4568.730 4613.882|-4818.178 4844.412|-4867.398 4707.108|-4867.426 4603.530|-4817.298 4603.519|-4793.124 4629.772|-4770.161 4629.761|-4770.168 4614.238|-4805.211 4576.176|-4805.225 4543.273
808 3500 VARSITY DR NW,-4760.675 4502.109|-4527.591 4501.798|-4523.753 4501.853|-4519.930 4502.054|-4516.106 4502.365|-4512.296 4502.821|-4509.940 4519.578|-4568.730 4613.882|-4818.178 4844.412|-4867.398 4707.108|-4867.426 4603.530|-4817.298 4603.519|-4793.124 4629.772|-4770.161 4629.761|-4770.168 4614.238|-4805.211 4576.176|-4805.225 4543.273
805 3500 VARSITY DR NW,-4760.675 4502.109|-4527.591 4501.798|-4523.753 4501.853|-4519.930 4502.054|-4516.106 4502.365|-4512.296 4502.821|-4509.940 4519.578|-4568.730 4613.882|-4818.178 4844.412|-4867.398 4707.108|-4867.426 4603.530|-4817.298 4603.519|-4793.124 4629.772|-4770.161 4629.761|-4770.168 4614.238|-4805.211 4576.176|-4805.225 4543.273
812 3500 VARSITY DR NW,-4760.675 4502.109|-4527.591 4501.798|-4523.753 4501.853|-4519.930 4502.054|-4516.106 4502.365|-4512.296 4502.821|-4509.940 4519.578|-4568.730 4613.882|-4818.178 4844.412|-4867.398 4707.108|-4867.426 4603.530|-4817.298 4603.519|-4793.124 4629.772|-4770.161 4629.761|-4770.168 4614.238|-4805.211 4576.176|-4805.225 4543.273
810 3500 VARSITY DR NW,-4760.675 4502.109|-4527.591 4501.798|-4523.753 4501.853|-4519.930 4502.054|-4516.106 4502.365|-4512.296 4502.821|-4509.940 4519.578|-4568.730 4613.882|-4818.178 4844.412|-4867.398 4707.108|-4867.426 4603.530|-4817.298 4603.519|-4793.124 4629.772|-4770.161 4629.761|-4770.168 4614.238|-4805.211 4576.176|-4805.225 4543.273
809 3500 VARSITY DR NW,-4760.675 4502.109|-4527.591 4501.798|-4523.753 4501.853|-4519.930 4502.054|-4516.106 4502.365|-4512.296 4502.821|-4509.940 4519.578|-4568.730 4613.882|-4818.178 4844.412|-4867.398 4707.108|-4867.426 4603.530|-4817.298 4603.519|-4793.124 4629.772|-4770.161 4629.761|-4770.168 4614.238|-4805.211 4576.176|-4805.225 4543.273
807 3500 VARSITY DR NW,-4760.675 4502.109|-4527.591 4501.798|-4523.753 4501.853|-4519.930 4502.054|-4516.106 4502.365|-4512.296 4502.821|-4509.940 4519.578|-4568.730 4613.882|-4818.178 4844.412|-4867.398 4707.108|-4867.426 4603.530|-4817.298 4603.519|-4793.124 4629.772|-4770.161 4629.761|-4770.168 4614.238|-4805.211 4576.176|-4805.225 4543.273
806 3500 VARSITY DR NW,-4760.675 4502.109|-4527.591 4501.798|-4523.753 4501.853|-4519.930 4502.054|-4516.106 4502.365|-4512.296 4502.821|-4509.940 4519.578|-4568.730 4613.882|-4818.178 4844.412|-4867.398 4707.108|-4867.426 4603.530|-4817.298 4603.519|-4793.124 4629.772|-4770.161 4629.761|-4770.168 4614.238|-4805.211 4576.176|-4805.225 4543.273
804 3500 VARSITY DR NW,-4760.675 4502.109|-4527.591 4501.798|-4523.753 4501.853|-4519.930 4502.054|-4516.106 4502.365|-4512.296 4502.821|-4509.940 4519.578|-4568.730 4613.882|-4818.178 4844.412|-4867.398 4707.108|-4867.426 4603.530|-4817.298 4603.519|-4793.124 4629.772|-4770.161 4629.761|-4770.168 4614.238|-4805.211 4576.176|-4805.225 4543.273
803 3500 VARSITY DR NW,-4760.675 4502.109|-4527.591 4501.798|-4523.753 4501.853|-4519.930 4502.054|-4516.106 4502.365|-4512.296 4502.821|-4509.940 4519.578|-4568.730 4613.882|-4818.178 4844.412|-4867.398 4707.108|-4867.426 4603.530|-4817.298 4603.519|-4793.124 4629.772|-4770.161 4629.761|-4770.168 4614.238|-4805.211 4576.176|-4805.225 4543.273
801 3500 VARSITY DR NW,-4760.675 4502.109|-4527.591 4501.798|-4523.753 4501.853|-4519.930 4502.054|-4516.106 4502.365|-4512.296 4502.821|-4509.940 4519.578|-4568.730 4613.882|-4818.178 4844.412|-4867.398 4707.108|-4867.426 4603.530|-4817.298 4603.519|-4793.124 4629.772|-4770.161 4629.761|-4770.168 4614.238|-4805.211 4576.176|-4805.225 4543.273
903 3500 VARSITY DR NW,-4760.675 4502.109|-4527.591 4501.798|-4523.753 4501.853|-4519.930 4502.054|-4516.106 4502.365|-4512.296 4502.821|-4509.940 4519.578|-4568.730 4613.882|-4818.178 4844.412|-4867.398 4707.108|-4867.426 4603.530|-4817.298 4603.519|-4793.124 4629.772|-4770.161 4629.761|-4770.168 4614.238|-4805.211 4576.176|-4805.225 4543.273
902 3500 VARSITY DR NW,-4760.675 4502.109|-4527.591 4501.798|-4523.753 4501.853|-4519.930 4502.054|-4516.106 4502.365|-4512.296 4502.821|-4509.940 4519.578|-4568.730 4613.882|-4818.178 4844.412|-4867.398 4707.108|-4867.426 4603.530|-4817.298 4603.519|-4793.124 4629.772|-4770.161 4629.761|-4770.168 4614.238|-4805.211 4576.176|-4805.225 4543.273
901 3500 VARSITY DR NW,-4760.675 4502.109|-4527.591 4501.798|-4523.753 4501.853|-4519.930 4502.054|-4516.106 4502.365|-4512.296 4502.821|-4509.940 4519.578|-4568.730 4613.882|-4818.178 4844.412|-4867.398 4707.108|-4867.426 4603.530|-4817.298 4603.519|-4793.124 4629.772|-4770.161 4629.761|-4770.168 4614.238|-4805.211 4576.176|-4805.225 4543.273
906 3500 VARSITY DR NW,-4760.675 4502.109|-4527.591 4501.798|-4523.753 4501.853|-4519.930 4502.054|-4516.106 4502.365|-4512.296 4502.821|-4509.940 4519.578|-4568.730 4613.882|-4818.178 4844.412|-4867.398 4707.108|-4867.426 4603.530|-4817.298 4603.519|-4793.124 4629.772|-4770.161 4629.761|-4770.168 4614.238|-4805.211 4576.176|-4805.225 4543.273
905 3500 VARSITY DR NW,-4760.675 4502.109|-4527.591 4501.798|-4523.753 4501.853|-4519.930 4502.054|-4516.106 4502.365|-4512.296 4502.821|-4509.940 4519.578|-4568.730 4613.882|-4818.178 4844.412|-4867.398 4707.108|-4867.426 4603.530|-4817.298 4603.519|-4793.124 4629.772|-4770.161 4629.761|-4770.168 4614.238|-4805.211 4576.176|-4805.225 4543.273
904 3500 VARSITY DR NW,-4760.675 4502.109|-4527.591 4501.798|-4523.753 4501.853|-4519.930 4502.054|-4516.106 4502.365|-4512.296 4502.821|-4509.940 4519.578|-4568.730 4613.882|-4818.178 4844.412|-4867.398 4707.108|-4867.426 4603.530|-4817.298 4603.519|-4793.124 4629.772|-4770.161 4629.761|-4770.168 4614.238|-4805.211 4576.176|-4805.225 4543.273
1011 3500 VARSITY DR NW,-4760.675 4502.109|-4527.591 4501.798|-4523.753 4501.853|-4519.930 4502.054|-4516.106 4502.365|-4512.296 4502.821|-4509.940 4519.578|-4568.730 4613.882|-4818.178 4844.412|-4867.398 4707.108|-4867.426 4603.530|-4817.298 4603.519|-4793.124 4629.772|-4770.161 4629.761|-4770.168 4614.238|-4805.211 4576.176|-4805.225 4543.273
1008 3500 VARSITY DR NW,-4760.675 4502.109|-4527.591 4501.798|-4523.753 4501.853|-4519.930 4502.054|-4516.106 4502.365|-4512.296 4502.821|-4509.940 4519.578|-4568.730 4613.882|-4818.178 4844.412|-4867.398 4707.108|-4867.426 4603.530|-4817.298 4603.519|-4793.124 4629.772|-4770.161 4629.761|-4770.168 4614.238|-4805.211 4576.176|-4805.225 4543.273
1014 3500 VARSITY DR NW,-4760.675 4502.109|-4527.591 4501.798|-4523.753 4501.853|-4519.930 4502.054|-4516.106 4502.365|-4512.296 4502.821|-4509.940 4519.578|-4568.730 4613.882|-4818.178 4844.412|-4867.398 4707.108|-4867.426 4603.530|-4817.298 4603.519|-4793.124 4629.772|-4770.161 4629.761|-4770.168 4614.238|-4805.211 4576.176|-4805.225 4543.273
1005 3500 VARSITY DR NW,-4760.675 4502.109|-4527.591 4501.798|-4523.753 4501.853|-4519.930 4502.054|-4516.106 4502.365|-4512.296 4502.821|-4509.940 4519.578|-4568.730 4613.882|-4818.178 4844.412|-4867.398 4707.108|-4867.426 4603.530|-4817.298 4603.519|-4793.124 4629.772|-4770.161 4629.761|-4770.168 4614.238|-4805.211 4576.176|-4805.225 4543.273
1017 3500 VARSITY DR NW,-4760.675 4502.109|-4527.591 4501.798|-4523.753 4501.853|-4519.930 4502.054|-4516.106 4502.365|-4512.296 4502.821|-4509.940 4519.578|-4568.730 4613.882|-4818.178 4844.412|-4867.398 4707.108|-4867.426 4603.530|-4817.298 4603.519|-4793.124 4629.772|-4770.161 4629.761|-4770.168 4614.238|-4805.211 4576.176|-4805.225 4543.273
1002 3500 VARSITY DR NW,-4760.675 4502.109|-4527.591 4501.798|-4523.753 4501.853|-4519.930 4502.054|-4516.106 4502.365|-4512.296 4502.821|-4509.940 4519.578|-4568.730 4613.882|-4818.178 4844.412|-4867.398 4707.108|-4867.426 4603.530|-4817.298 4603.519|-4793.124 4629.772|-4770.161 4629.761|-4770.168 4614.238|-4805.211 4576.176|-4805.225 4543.273
1009 3500 VARSITY DR NW,-4760.675 4502.109|-4527.591 4501.798|-4523.753 4501.853|-4519.930 4502.054|-4516.106 4502.365|-4512.296 4502.821|-4509.940 4519.578|-4568.730 4613.882|-4818.178 4844.412|-4867.398 4707.108|-4867.426 4603.530|-4817.298 4603.519|-4793.124 4629.772|-4770.161 4629.761|-4770.168 4614.238|-4805.211 4576.176|-4805.225 4543.273
1007 3500 VARSITY DR NW,-4760.675 4502.109|-4527.591 4501.798|-4523.753 4501.853|-4519.930 4502.054|-4516.106 4502.365|-4512.296 4502.821|-4509.940 4519.578|-4568.730 4613.882|-4818.178 4844.412|-4867.398 4707.108|-4867.426 4603.530|-4817.298 4603.519|-4793.124 4629.772|-4770.161 4629.761|-4770.168 4614.238|-4805.211 4576.176|-4805.225 4543.273
1006 3500 VARSITY DR NW,-4760.675 4502.109|-4527.591 4501.798|-4523.753 4501.853|-4519.930 4502.054|-4516.106 4502.365|-4512.296 4502.821|-4509.940 4519.578|-4568.730 4613.882|-4818.178 4844.412|-4867.398 4707.108|-4867.426 4603.530|-4817.298 4603.519|-4793.124 4629.772|-4770.161 4629.761|-4770.168 4614.238|-4805.211 4576.176|-4805.225 4543.273
1004 3500 VARSITY DR NW,-4760.675 4502.109|-4527.591 4501.798|-4523.753 4501.853|-4519.930 4502.054|-4516.106 4502.365|-4512.296 4502.821|-4509.940 4519.578|-4568.730 4613.882|-4818.178 4844.412|-4867.398 4707.108|-4867.426 4603.530|-4817.298 4603.519|-4793.124 4629.772|-4770.161 4629.761|-4770.168 4614.238|-4805.211 4576.176|-4805.225 4543.273
1003 3500 VARSITY DR NW,-4760.675 4502.109|-4527.591 4501.798|-4523.753 4501.853|-4519.930 4502.054|-4516.106 4502.365|-4512.296 4502.821|-4509.940 4519.578|-4568.730 4613.882|-4818.178 4844.412|-4867.398 4707.108|-4867.426 4603.530|-4817.298 4603.519|-4793.124 4629.772|-4770.161 4629.761|-4770.168 4614.238|-4805.211 4576.176|-4805.225 4543.273
1001 3500 VARSITY DR NW,-4760.675 4502.109|-4527.591 4501.798|-4523.753 4501.853|-4519.930 4502.054|-4516.106 4502.365|-4512.296 4502.821|-4509.940 4519.578|-4568.730 4613.882|-4818.178 4844.412|-4867.398 4707.108|-4867.426 4603.530|-4817.298 4603.519|-4793.124 4629.772|-4770.161 4629.761|-4770.168 4614.238|-4805.211 4576.176|-4805.225 4543.273
1018 3500 VARSITY DR NW,-4760.675 4502.109|-4527.591 4501.798|-4523.753 4501.853|-4519.930 4502.054|-4516.106 4502.365|-4512.296 4502.821|-4509.940 4519.578|-4568.730 4613.882|-4818.178 4844.412|-4867.398 4707.108|-4867.426 4603.530|-4817.298 4603.519|-4793.124 4629.772|-4770.161 4629.761|-4770.168 4614.238|-4805.211 4576.176|-4805.225 4543.273
1016 3500 VARSITY DR NW,-4760.675 4502.109|-4527.591 4501.798|-4523.753 4501.853|-4519.930 4502.054|-4516.106 4502.365|-4512.296 4502.821|-4509.940 4519.578|-4568.730 4613.882|-4818.178 4844.412|-4867.398 4707.108|-4867.426 4603.530|-4817.298 4603.519|-4793.124 4629.772|-4770.161 4629.761|-4770.168 4614.238|-4805.211 4576.176|-4805.225 4543.273
1015 3500 VARSITY DR NW,-4760.675 4502.109|-4527.591 4501.798|-4523.753 4501.853|-4519.930 4502.054|-4516.106 4502.365|-4512.296 4502.821|-4509.940 4519.578|-4568.730 4613.882|-4818.178 4844.412|-4867.398 4707.108|-4867.426 4603.530|-4817.298 4603.519|-4793.124 4629.772|-4770.161 4629.761|-4770.168 4614.238|-4805.211 4576.176|-4805.225 4543.273
1013 3500 VARSITY DR NW,-4760.675 4502.109|-4527.591 4501.798|-4523.753 4501.853|-4519.930 4502.054|-4516.106 4502.365|-4512.296 4502.821|-4509.940 4519.578|-4568.730 4613.882|-4818.178 4844.412|-4867.398 4707.108|-4867.426 4603.530|-4817.298 4603.519|-4793.124 4629.772|-4770.161 4629.761|-4770.168 4614.238|-4805.211 4576.176|-4805.225 4543.273
1012 3500 VARSITY DR NW,-4760.675 4502.109|-4527.591 4501.798|-4523.753 4501.853|-4519.930 4502.054|-4516.106 4502.365|-4512.296 4502.821|-4509.940 4519.578|-4568.730 4613.882|-4818.178 4844.412|-4867.398 4707.108|-4867.426 4603.530|-4817.298 4603.519|-4793.124 4629.772|-4770.161 4629.761|-4770.168 4614.238|-4805.211 4576.176|-4805.225 4543.273
1010 3500 VARSITY DR NW,-4760.675 4502.109|-4527.591 4501.798|-4523.753 4501.853|-4519.930 4502.054|-4516.106 4502.365|-4512.296 4502.821|-4509.940 4519.578|-4568.730 4613.882|-4818.178 4844.412|-4867.398 4707.108|-4867.426 4603.530|-4817.298 4603.519|-4793.124 4629.772|-4770.161 4629.761|-4770.168 4614.238|-4805.211 4576.176|-4805.225 4543.273
1103 3500 VARSITY DR NW,-4760.675 4502.109|-4527.591 4501.798|-4523.753 4501.853|-4519.930 4502.054|-4516.106 4502.365|-4512.296 4502.821|-4509.940 4519.578|-4568.730 4613.882|-4818.178 4844.412|-4867.398 4707.108|-4867.426 4603.530|-4817.298 4603.519|-4793.124 4629.772|-4770.161 4629.761|-4770.168 4614.238|-4805.211 4576.176|-4805.225 4543.273
1102 3500 VARSITY DR NW,-4760.675 4502.109|-4527.591 4501.798|-4523.753 4501.853|-4519.930 4502.054|-4516.106 4502.365|-4512.296 4502.821|-4509.940 4519.578|-4568.730 4613.882|-4818.178 4844.412|-4867.398 4707.108|-4867.426 4603.530|-4817.298 4603.519|-4793.124 4629.772|-4770.161 4629.761|-4770.168 4614.238|-4805.211 4576.176|-4805.225 4543.273
1101 3500 VARSITY DR NW,-4760.675 4502.109|-4527.591 4501.798|-4523.753 4501.853|-4519.930 4502.054|-4516.106 4502.365|-4512.296 4502.821|-4509.940 4519.578|-4568.730 4613.882|-4818.178 4844.412|-4867.398 4707.108|-4867.426 4603.530|-4817.298 4603.519|-4793.124 4629.772|-4770.161 4629.761|-4770.168 4614.238|-4805.211 4576.176|-4805.225 4543.273
1106 3500 VARSITY DR NW,-4760.675 4502.109|-4527.591 4501.798|-4523.753 4501.853|-4519.930 4502.054|-4516.106 4502.365|-4512.296 4502.821|-4509.940 4519.578|-4568.730 4613.882|-4818.178 4844.412|-4867.398 4707.108|-4867.426 4603.530|-4817.298 4603.519|-4793.124 4629.772|-4770.161 4629.761|-4770.168 4614.238|-4805.211 4576.176|-4805.225 4543.273
1105 3500 VARSITY DR NW,-4760.675 4502.109|-4527.591 4501.798|-4523.753 4501.853|-4519.930 4502.054|-4516.106 4502.365|-4512.296 4502.821|-4509.940 4519.578|-4568.730 4613.882|-4818.178 4844.412|-4867.398 4707.108|-4867.426 4603.530|-4817.298 4603.519|-4793.124 4629.772|-4770.161 4629.761|-4770.168 4614.238|-4805.211 4576.176|-4805.225 4543.273
1104 3500 VARSITY DR NW,-4760.675 4502.109|-4527.591 4501.798|-4523.753 4501.853|-4519.930 4502.054|-4516.106 4502.365|-4512.296 4502.821|-4509.940 4519.578|-4568.730 4613.882|-4818.178 4844.412|-4867.398 4707.108|-4867.426 4603.530|-4817.298 4603.519|-4793.124 4629.772|-4770.161 4629.761|-4770.168 4614.238|-4805.211 4576.176|-4805.225 4543.273
1208 3500 VARSITY DR NW,-4760.675 4502.109|-4527.591 4501.798|-4523.753 4501.853|-4519.930 4502.054|-4516.106 4502.365|-4512.296 4502.821|-4509.940 4519.578|-4568.730 4613.882|-4818.178 4844.412|-4867.398 4707.108|-4867.426 4603.530|-4817.298 4603.519|-4793.124 4629.772|-4770.161 4629.761|-4770.168 4614.238|-4805.211 4576.176|-4805.225 4543.273
1205 3500 VARSITY DR NW,-4760.675 4502.109|-4527.591 4501.798|-4523.753 4501.853|-4519.930 4502.054|-4516.106 4502.365|-4512.296 4502.821|-4509.940 4519.578|-4568.730 4613.882|-4818.178 4844.412|-4867.398 4707.108|-4867.426 4603.530|-4817.298 4603.519|-4793.124 4629.772|-4770.161 4629.761|-4770.168 4614.238|-4805.211 4576.176|-4805.225 4543.273
1211 3500 VARSITY DR NW,-4760.675 4502.109|-4527.591 4501.798|-4523.753 4501.853|-4519.930 4502.054|-4516.106 4502.365|-4512.296 4502.821|-4509.940 4519.578|-4568.730 4613.882|-4818.178 4844.412|-4867.398 4707.108|-4867.426 4603.530|-4817.298 4603.519|-4793.124 4629.772|-4770.161 4629.761|-4770.168 4614.238|-4805.211 4576.176|-4805.225 4543.273
1202 3500 VARSITY DR NW,-4760.675 4502.109|-4527.591 4501.798|-4523.753 4501.853|-4519.930 4502.054|-4516.106 4502.365|-4512.296 4502.821|-4509.940 4519.578|-4568.730 4613.882|-4818.178 4844.412|-4867.398 4707.108|-4867.426 4603.530|-4817.298 4603.519|-4793.124 4629.772|-4770.161 4629.761|-4770.168 4614.238|-4805.211 4576.176|-4805.225 4543.273
1206 3500 VARSITY DR NW,-4760.675 4502.109|-4527.591 4501.798|-4523.753 4501.853|-4519.930 4502.054|-4516.106 4502.365|-4512.296 4502.821|-4509.940 4519.578|-4568.730 4613.882|-4818.178 4844.412|-4867.398 4707.108|-4867.426 4603.530|-4817.298 4603.519|-4793.124 4629.772|-4770.161 4629.761|-4770.168 4614.238|-4805.211 4576.176|-4805.225 4543.273
1204 3500 VARSITY DR NW,-4760.675 4502.109|-4527.591 4501.798|-4523.753 4501.853|-4519.930 4502.054|-4516.106 4502.365|-4512.296 4502.821|-4509.940 4519.578|-4568.730 4613.882|-4818.178 4844.412|-4867.398 4707.108|-4867.426 4603.530|-4817.298 4603.519|-4793.124 4629.772|-4770.161 4629.761|-4770.168 4614.238|-4805.211 4576.176|-4805.225 4543.273
1203 3500 VARSITY DR NW,-4760.675 4502.109|-4527.591 4501.798|-4523.753 4501.853|-4519.930 4502.054|-4516.106 4502.365|-4512.296 4502.821|-4509.940 4519.578|-4568.730 4613.882|-4818.178 4844.412|-4867.398 4707.108|-4867.426 4603.530|-4817.298 4603.519|-4793.124 4629.772|-4770.161 4629.761|-4770.168 4614.238|-4805.211 4576.176|-4805.225 4543.273
1201 3500 VARSITY DR NW,-4760.675 4502.109|-4527.591 4501.798|-4523.753 4501.853|-4519.930 4502.054|-4516.106 4502.365|-4512.296 4502.821|-4509.940 4519.578|-4568.730 4613.882|-4818.178 4844.412|-4867.398 4707.108|-4867.426 4603.530|-4817.298 4603.519|-4793.124 4629.772|-4770.161 4629.761|-4770.168 4614.238|-4805.211 4576.176|-4805.225 4543.273
1212 3500 VARSITY DR NW,-4760.675 4502.109|-4527.591 4501.798|-4523.753 4501.853|-4519.930 4502.054|-4516.106 4502.365|-4512.296 4502.821|-4509.940 4519.578|-4568.730 4613.882|-4818.178 4844.412|-4867.398 4707.108|-4867.426 4603.530|-4817.298 4603.519|-4793.124 4629.772|-4770.161 4629.761|-4770.168 4614.238|-4805.211 4576.176|-4805.225 4543.273
1210 3500 VARSITY DR NW,-4760.675 4502.109|-4527.591 4501.798|-4523.753 4501.853|-4519.930 4502.054|-4516.106 4502.365|-4512.296 4502.821|-4509.940 4519.578|-4568.730 4613.882|-4818.178 4844.412|-4867.398 4707.108|-4867.426 4603.530|-4817.298 4603.519|-4793.124 4629.772|-4770.161 4629.761|-4770.168 4614.238|-4805.211 4576.176|-4805.225 4543.273
1209 3500 VARSITY DR NW,-4760.675 4502.109|-4527.591 4501.798|-4523.753 4501.853|-4519.930 4502.054|-4516.106 4502.365|-4512.296 4502.821|-4509.940 4519.578|-4568.730 4613.882|-4818.178 4844.412|-4867.398 4707.108|-4867.426 4603.530|-4817.298 4603.519|-4793.124 4629.772|-4770.161 4629.761|-4770.168 4614.238|-4805.211 4576.176|-4805.225 4543.273
1207 3500 VARSITY DR NW,-4760.675 4502.109|-4527.591 4501.798|-4523.753 4501.853|-4519.930 4502.054|-4516.106 4502.365|-4512.296 4502.821|-4509.940 4519.578|-4568.730 4613.882|-4818.178 4844.412|-4867.398 4707.108|-4867.426 4603.530|-4817.298 4603.519|-4793.124 4629.772|-4770.161 4629.761|-4770.168 4614.238|-4805.211 4576.176|-4805.225 4543.273
1311 3500 VARSITY DR NW,-4760.675 4502.109|-4527.591 4501.798|-4523.753 4501.853|-4519.930 4502.054|-4516.106 4502.365|-4512.296 4502.821|-4509.940 4519.578|-4568.730 4613.882|-4818.178 4844.412|-4867.398 4707.108|-4867.426 4603.530|-4817.298 4603.519|-4793.124 4629.772|-4770.161 4629.761|-4770.168 4614.238|-4805.211 4576.176|-4805.225 4543.273
1302 3500 VARSITY DR NW,-4760.675 4502.109|-4527.591 4501.798|-4523.753 4501.853|-4519.930 4502.054|-4516.106 4502.365|-4512.296 4502.821|-4509.940 4519.578|-4568.730 4613.882|-4818.178 4844.412|-4867.398 4707.108|-4867.426 4603.530|-4817.298 4603.519|-4793.124 4629.772|-4770.161 4629.761|-4770.168 4614.238|-4805.211 4576.176|-4805.225 4543.273
1308 3500 VARSITY DR NW,-4760.675 4502.109|-4527.591 4501.798|-4523.753 4501.853|-4519.930 4502.054|-4516.106 4502.365|-4512.296 4502.821|-4509.940 4519.578|-4568.730 4613.882|-4818.178 4844.412|-4867.398 4707.108|-4867.426 4603.530|-4817.298 4603.519|-4793.124 4629.772|-4770.161 4629.761|-4770.168 4614.238|-4805.211 4576.176|-4805.225 4543.273
1305 3500 VARSITY DR NW,-4760.675 4502.109|-4527.591 4501.798|-4523.753 4501.853|-4519.930 4502.054|-4516.106 4502.365|-4512.296 4502.821|-4509.940 4519.578|-4568.730 4613.882|-4818.178 4844.412|-4867.398 4707.108|-4867.426 4603.530|-4817.298 4603.519|-4793.124 4629.772|-4770.161 4629.761|-4770.168 4614.238|-4805.211 4576.176|-4805.225 4543.273
1312 3500 VARSITY DR NW,-4760.675 4502.109|-4527.591 4501.798|-4523.753 4501.853|-4519.930 4502.054|-4516.106 4502.365|-4512.296 4502.821|-4509.940 4519.578|-4568.730 4613.882|-4818.178 4844.412|-4867.398 4707.108|-4867.426 4603.530|-4817.298 4603.519|-4793.124 4629.772|-4770.161 4629.761|-4770.168 4614.238|-4805.211 4576.176|-4805.225 4543.273
1310 3500 VARSITY DR NW,-4760.675 4502.109|-4527.591 4501.798|-4523.753 4501.853|-4519.930 4502.054|-4516.106 4502.365|-4512.296 4502.821|-4509.940 4519.578|-4568.730 4613.882|-4818.178 4844.412|-4867.398 4707.108|-4867.426 4603.530|-4817.298 4603.519|-4793.124 4629.772|-4770.161 4629.761|-4770.168 4614.238|-4805.211 4576.176|-4805.225 4543.273
1309 3500 VARSITY DR NW,-4760.675 4502.109|-4527.591 4501.798|-4523.753 4501.853|-4519.930 4502.054|-4516.106 4502.365|-4512.296 4502.821|-4509.940 4519.578|-4568.730 4613.882|-4818.178 4844.412|-4867.398 4707.108|-4867.426 4603.530|-4817.298 4603.519|-4793.124 4629.772|-4770.161 4629.761|-4770.168 4614.238|-4805.211 4576.176|-4805.225 4543.273
1307 3500 VARSITY DR NW,-4760.675 4502.109|-4527.591 4501.798|-4523.753 4501.853|-4519.930 4502.054|-4516.106 4502.365|-4512.296 4502.821|-4509.940 4519.578|-4568.730 4613.882|-4818.178 4844.412|-4867.398 4707.108|-4867.426 4603.530|-4817.298 4603.519|-4793.124 4629.772|-4770.161 4629.761|-4770.168 4614.238|-4805.211 4576.176|-4805.225 4543.273
1306 3500 VARSITY DR NW,-4760.675 4502.109|-4527.591 4501.798|-4523.753 4501.853|-4519.930 4502.054|-4516.106 4502.365|-4512.296 4502.821|-4509.940 4519.578|-4568.730 4613.882|-4818.178 4844.412|-4867.398 4707.108|-4867.426 4603.530|-4817.298 4603.519|-4793.124 4629.772|-4770.161 4629.761|-4770.168 4614.238|-4805.211 4576.176|-4805.225 4543.273
1304 3500 VARSITY DR NW,-4760.675 4502.109|-4527.591 4501.798|-4523.753 4501.853|-4519.930 4502.054|-4516.106 4502.365|-4512.296 4502.821|-4509.940 4519.578|-4568.730 4613.882|-4818.178 4844.412|-4867.398 4707.108|-4867.426 4603.530|-4817.298 4603.519|-4793.124 4629.772|-4770.161 4629.761|-4770.168 4614.238|-4805.211 4576.176|-4805.225 4543.273
1303 3500 VARSITY DR NW,-4760.675 4502.109|-4527.591 4501.798|-4523.753 4501.853|-4519.930 4502.054|-4516.106 4502.365|-4512.296 4502.821|-4509.940 4519.578|-4568.730 4613.882|-4818.178 4844.412|-4867.398 4707.108|-4867.426 4603.530|-4817.298 4603.519|-4793.124 4629.772|-4770.161 4629.761|-4770.168 4614.238|-4805.211 4576.176|-4805.225 4543.273
1301 3500 VARSITY DR NW,-4760.675 4502.109|-4527.591 4501.798|-4523.753 4501.853|-4519.930 4502.054|-4516.106 4502.365|-4512.296 4502.821|-4509.940 4519.578|-4568.730 4613.882|-4818.178 4844.412|-4867.398 4707.108|-4867.426 4603.530|-4817.298 4603.519|-4793.124 4629.772|-4770.161 4629.761|-4770.168 4614.238|-4805.211 4576.176|-4805.225 4543.273
1408 3500 VARSITY DR NW,-4760.675 4502.109|-4527.591 4501.798|-4523.753 4501.853|-4519.930 4502.054|-4516.106 4502.365|-4512.296 4502.821|-4509.940 4519.578|-4568.730 4613.882|-4818.178 4844.412|-4867.398 4707.108|-4867.426 4603.530|-4817.298 4603.519|-4793.124 4629.772|-4770.161 4629.761|-4770.168 4614.238|-4805.211 4576.176|-4805.225 4543.273
1405 3500 VARSITY DR NW,-4760.675 4502.109|-4527.591 4501.798|-4523.753 4501.853|-4519.930 4502.054|-4516.106 4502.365|-4512.296 4502.821|-4509.940 4519.578|-4568.730 4613.882|-4818.178 4844.412|-4867.398 4707.108|-4867.426 4603.530|-4817.298 4603.519|-4793.124 4629.772|-4770.161 4629.761|-4770.168 4614.238|-4805.211 4576.176|-4805.225 4543.273
1411 3500 VARSITY DR NW,-4760.675 4502.109|-4527.591 4501.798|-4523.753 4501.853|-4519.930 4502.054|-4516.106 4502.365|-4512.296 4502.821|-4509.940 4519.578|-4568.730 4613.882|-4818.178 4844.412|-4867.398 4707.108|-4867.426 4603.530|-4817.298 4603.519|-4793.124 4629.772|-4770.161 4629.761|-4770.168 4614.238|-4805.211 4576.176|-4805.225 4543.273
1402 3500 VARSITY DR NW,-4760.675 4502.109|-4527.591 4501.798|-4523.753 4501.853|-4519.930 4502.054|-4516.106 4502.365|-4512.296 4502.821|-4509.940 4519.578|-4568.730 4613.882|-4818.178 4844.412|-4867.398 4707.108|-4867.426 4603.530|-4817.298 4603.519|-4793.124 4629.772|-4770.161 4629.761|-4770.168 4614.238|-4805.211 4576.176|-4805.225 4543.273
1406 3500 VARSITY DR NW,-4760.675 4502.109|-4527.591 4501.798|-4523.753 4501.853|-4519.930 4502.054|-4516.106 4502.365|-4512.296 4502.821|-4509.940 4519.578|-4568.730 4613.882|-4818.178 4844.412|-4867.398 4707.108|-4867.426 4603.530|-4817.298 4603.519|-4793.124 4629.772|-4770.161 4629.761|-4770.168 4614.238|-4805.211 4576.176|-4805.225 4543.273
1404 3500 VARSITY DR NW,-4760.675 4502.109|-4527.591 4501.798|-4523.753 4501.853|-4519.930 4502.054|-4516.106 4502.365|-4512.296 4502.821|-4509.940 4519.578|-4568.730 4613.882|-4818.178 4844.412|-4867.398 4707.108|-4867.426 4603.530|-4817.298 4603.519|-4793.124 4629.772|-4770.161 4629.761|-4770.168 4614.238|-4805.211 4576.176|-4805.225 4543.273
1403 3500 VARSITY DR NW,-4760.675 4502.109|-4527.591 4501.798|-4523.753 4501.853|-4519.930 4502.054|-4516.106 4502.365|-4512.296 4502.821|-4509.940 4519.578|-4568.730 4613.882|-4818.178 4844.412|-4867.398 4707.108|-4867.426 4603.530|-4817.298 4603.519|-4793.124 4629.772|-4770.161 4629.761|-4770.168 4614.238|-4805.211 4576.176|-4805.225 4543.273
1401 3500 VARSITY DR NW,-4760.675 4502.109|-4527.591 4501.798|-4523.753 4501.853|-4519.930 4502.054|-4516.106 4502.365|-4512.296 4502.821|-4509.940 4519.578|-4568.730 4613.882|-4818.178 4844.412|-4867.398 4707.108|-4867.426 4603.530|-4817.298 4603.519|-4793.124 4629.772|-4770.161 4629.761|-4770.168 4614.238|-4805.211 4576.176|-4805.225 4543.273
1412 3500 VARSITY DR NW,-4760.675 4502.109|-4527.591 4501.798|-4523.753 4501.853|-4519.930 4502.054|-4516.106 4502.365|-4512.296 4502.821|-4509.940 4519.578|-4568.730 4613.882|-4818.178 4844.412|-4867.398 4707.108|-4867.426 4603.530|-4817.298 4603.519|-4793.124 4629.772|-4770.161 4629.761|-4770.168 4614.238|-4805.211 4576.176|-4805.225 4543.273
1410 3500 VARSITY DR NW,-4760.675 4502.109|-4527.591 4501.798|-4523.753 4501.853|-4519.930 4502.054|-4516.106 4502.365|-4512.296 4502.821|-4509.940 4519.578|-4568.730 4613.882|-4818.178 4844.412|-4867.398 4707.108|-4867.426 4603.530|-4817.298 4603.519|-4793.124 4629.772|-4770.161 4629.761|-4770.168 4614.238|-4805.211 4576.176|-4805.225 4543.273
1409 3500 VARSITY DR NW,-4760.675 4502.109|-4527.591 4501.798|-4523.753 4501.853|-4519.930 4502.054|-4516.106 4502.365|-4512.296 4502.821|-4509.940 4519.578|-4568.730 4613.882|-4818.178 4844.412|-4867.398 4707.108|-4867.426 4603.530|-4817.298 4603.519|-4793.124 4629.772|-4770.161 4629.761|-4770.168 4614.238|-4805.211 4576.176|-4805.225 4543.273
1407 3500 VARSITY DR NW,-4760.675 4502.109|-4527.591 4501.798|-4523.753 4501.853|-4519.930 4502.054|-4516.106 4502.365|-4512.296 4502.821|-4509.940 4519.578|-4568.730 4613.882|-4818.178 4844.412|-4867.398 4707.108|-4867.426 4603.530|-4817.298 4603.519|-4793.124 4629.772|-4770.161 4629.761|-4770.168 4614.238|-4805.211 4576.176|-4805.225 4543.273
1508 3500 VARSITY DR NW,-4760.675 4502.109|-4527.591 4501.798|-4523.753 4501.853|-4519.930 4502.054|-4516.106 4502.365|-4512.296 4502.821|-4509.940 4519.578|-4568.730 4613.882|-4818.178 4844.412|-4867.398 4707.108|-4867.426 4603.530|-4817.298 4603.519|-4793.124 4629.772|-4770.161 4629.761|-4770.168 4614.238|-4805.211 4576.176|-4805.225 4543.273
1505 3500 VARSITY DR NW,-4760.675 4502.109|-4527.591 4501.798|-4523.753 4501.853|-4519.930 4502.054|-4516.106 4502.365|-4512.296 4502.821|-4509.940 4519.578|-4568.730 4613.882|-4818.178 4844.412|-4867.398 4707.108|-4867.426 4603.530|-4817.298 4603.519|-4793.124 4629.772|-4770.161 4629.761|-4770.168 4614.238|-4805.211 4576.176|-4805.225 4543.273
1511 3500 VARSITY DR NW,-4760.675 4502.109|-4527.591 4501.798|-4523.753 4501.853|-4519.930 4502.054|-4516.106 4502.365|-4512.296 4502.821|-4509.940 4519.578|-4568.730 4613.882|-4818.178 4844.412|-4867.398 4707.108|-4867.426 4603.530|-4817.298 4603.519|-4793.124 4629.772|-4770.161 4629.761|-4770.168 4614.238|-4805.211 4576.176|-4805.225 4543.273
1502 3500 VARSITY DR NW,-4760.675 4502.109|-4527.591 4501.798|-4523.753 4501.853|-4519.930 4502.054|-4516.106 4502.365|-4512.296 4502.821|-4509.940 4519.578|-4568.730 4613.882|-4818.178 4844.412|-4867.398 4707.108|-4867.426 4603.530|-4817.298 4603.519|-4793.124 4629.772|-4770.161 4629.761|-4770.168 4614.238|-4805.211 4576.176|-4805.225 4543.273
1506 3500 VARSITY DR NW,-4760.675 4502.109|-4527.591 4501.798|-4523.753 4501.853|-4519.930 4502.054|-4516.106 4502.365|-4512.296 4502.821|-4509.940 4519.578|-4568.730 4613.882|-4818.178 4844.412|-4867.398 4707.108|-4867.426 4603.530|-4817.298 4603.519|-4793.124 4629.772|-4770.161 4629.761|-4770.168 4614.238|-4805.211 4576.176|-4805.225 4543.273
1504 3500 VARSITY DR NW,-4760.675 4502.109|-4527.591 4501.798|-4523.753 4501.853|-4519.930 4502.054|-4516.106 4502.365|-4512.296 4502.821|-4509.940 4519.578|-4568.730 4613.882|-4818.178 4844.412|-4867.398 4707.108|-4867.426 4603.530|-4817.298 4603.519|-4793.124 4629.772|-4770.161 4629.761|-4770.168 4614.238|-4805.211 4576.176|-4805.225 4543.273
1503 3500 VARSITY DR NW,-4760.675 4502.109|-4527.591 4501.798|-4523.753 4501.853|-4519.930 4502.054|-4516.106 4502.365|-4512.296 4502.821|-4509.940 4519.578|-4568.730 4613.882|-4818.178 4844.412|-4867.398 4707.108|-4867.426 4603.530|-4817.298 4603.519|-4793.124 4629.772|-4770.161 4629.761|-4770.168 4614.238|-4805.211 4576.176|-4805.225 4543.273
1501 3500 VARSITY DR NW,-4760.675 4502.109|-4527.591 4501.798|-4523.753 4501.853|-4519.930 4502.054|-4516.106 4502.365|-4512.296 4502.821|-4509.940 4519.578|-4568.730 4613.882|-4818.178 4844.412|-4867.398 4707.108|-4867.426 4603.530|-4817.298 4603.519|-4793.124 4629.772|-4770.161 4629.761|-4770.168 4614.238|-4805.211 4576.176|-4805.225 4543.273
1512 3500 VARSITY DR NW,-4760.675 4502.109|-4527.591 4501.798|-4523.753 4501.853|-4519.930 4502.054|-4516.106 4502.365|-4512.296 4502.821|-4509.940 4519.578|-4568.730 4613.882|-4818.178 4844.412|-4867.398 4707.108|-4867.426 4603.530|-4817.298 4603.519|-4793.124 4629.772|-4770.161 4629.761|-4770.168 4614.238|-4805.211 4576.176|-4805.225 4543.273
1510 3500 VARSITY DR NW,-4760.675 4502.109|-4527.591 4501.798|-4523.753 4501.853|-4519.930 4502.054|-4516.106 4502.365|-4512.296 4502.821|-4509.940 4519.578|-4568.730 4613.882|-4818.178 4844.412|-4867.398 4707.108|-4867.426 4603.530|-4817.298 4603.519|-4793.124 4629.772|-4770.161 4629.761|-4770.168 4614.238|-4805.211 4576.176|-4805.225 4543.273
1509 3500 VARSITY DR NW,-4760.675 4502.109|-4527.591 4501.798|-4523.753 4501.853|-4519.930 4502.054|-4516.106 4502.365|-4512.296 4502.821|-4509.940 4519.578|-4568.730 4613.882|-4818.178 4844.412|-4867.398 4707.108|-4867.426 4603.530|-4817.298 4603.519|-4793.124 4629.772|-4770.161 4629.761|-4770.168 4614.238|-4805.211 4576.176|-4805.225 4543.273
1507 3500 VARSITY DR NW,-4760.675 4502.109|-4527.591 4501.798|-4523.753 4501.853|-4519.930 4502.054|-4516.106 4502.365|-4512.296 4502.821|-4509.940 4519.578|-4568.730 4613.882|-4818.178 4844.412|-4867.398 4707.108|-4867.426 4603.530|-4817.298 4603.519|-4793.124 4629.772|-4770.161 4629.761|-4770.168 4614.238|-4805.211 4576.176|-4805.225 4543.273
1605 3500 VARSITY DR NW,-4760.675 4502.109|-4527.591 4501.798|-4523.753 4501.853|-4519.930 4502.054|-4516.106 4502.365|-4512.296 4502.821|-4509.940 4519.578|-4568.730 4613.882|-4818.178 4844.412|-4867.398 4707.108|-4867.426 4603.530|-4817.298 4603.519|-4793.124 4629.772|-4770.161 4629.761|-4770.168 4614.238|-4805.211 4576.176|-4805.225 4543.273
1608 3500 VARSITY DR NW,-4760.675 4502.109|-4527.591 4501.798|-4523.753 4501.853|-4519.930 4502.054|-4516.106 4502.365|-4512.296 4502.821|-4509.940 4519.578|-4568.730 4613.882|-4818.178 4844.412|-4867.398 4707.108|-4867.426 4603.530|-4817.298 4603.519|-4793.124 4629.772|-4770.161 4629.761|-4770.168 4614.238|-4805.211 4576.176|-4805.225 4543.273
1602 3500 VARSITY DR NW,-4760.675 4502.109|-4527.591 4501.798|-4523.753 4501.853|-4519.930 4502.054|-4516.106 4502.365|-4512.296 4502.821|-4509.940 4519.578|-4568.730 4613.882|-4818.178 4844.412|-4867.398 4707.108|-4867.426 4603.530|-4817.298 4603.519|-4793.124 4629.772|-4770.161 4629.761|-4770.168 4614.238|-4805.211 4576.176|-4805.225 4543.273
1611 3500 VARSITY DR NW,-4760.675 4502.109|-4527.591 4501.798|-4523.753 4501.853|-4519.930 4502.054|-4516.106 4502.365|-4512.296 4502.821|-4509.940 4519.578|-4568.730 4613.882|-4818.178 4844.412|-4867.398 4707.108|-4867.426 4603.530|-4817.298 4603.519|-4793.124 4629.772|-4770.161 4629.761|-4770.168 4614.238|-4805.211 4576.176|-4805.225 4543.273
1606 3500 VARSITY DR NW,-4760.675 4502.109|-4527.591 4501.798|-4523.753 4501.853|-4519.930 4502.054|-4516.106 4502.365|-4512.296 4502.821|-4509.940 4519.578|-4568.730 4613.882|-4818.178 4844.412|-4867.398 4707.108|-4867.426 4603.530|-4817.298 4603.519|-4793.124 4629.772|-4770.161 4629.761|-4770.168 4614.238|-4805.211 4576.176|-4805.225 4543.273
1604 3500 VARSITY DR NW,-4760.675 4502.109|-4527.591 4501.798|-4523.753 4501.853|-4519.930 4502.054|-4516.106 4502.365|-4512.296 4502.821|-4509.940 4519.578|-4568.730 4613.882|-4818.178 4844.412|-4867.398 4707.108|-4867.426 4603.530|-4817.298 4603.519|-4793.124 4629.772|-4770.161 4629.761|-4770.168 4614.238|-4805.211 4576.176|-4805.225 4543.273
1603 3500 VARSITY DR NW,-4760.675 4502.109|-4527.591 4501.798|-4523.753 4501.853|-4519.930 4502.054|-4516.106 4502.365|-4512.296 4502.821|-4509.940 4519.578|-4568.730 4613.882|-4818.178 4844.412|-4867.398 4707.108|-4867.426 4603.530|-4817.298 4603.519|-4793.124 4629.772|-4770.161 4629.761|-4770.168 4614.238|-4805.211 4576.176|-4805.225 4543.273
1601 3500 VARSITY DR NW,-4760.675 4502.109|-4527.591 4501.798|-4523.753 4501.853|-4519.930 4502.054|-4516.106 4502.365|-4512.296 4502.821|-4509.940 4519.578|-4568.730 4613.882|-4818.178 4844.412|-4867.398 4707.108|-4867.426 4603.530|-4817.298 4603.519|-4793.124 4629.772|-4770.161 4629.761|-4770.168 4614.238|-4805.211 4576.176|-4805.225 4543.273
1612 3500 VARSITY DR NW,-4760.675 4502.109|-4527.591 4501.798|-4523.753 4501.853|-4519.930 4502.054|-4516.106 4502.365|-4512.296 4502.821|-4509.940 4519.578|-4568.730 4613.882|-4818.178 4844.412|-4867.398 4707.108|-4867.426 4603.530|-4817.298 4603.519|-4793.124 4629.772|-4770.161 4629.761|-4770.168 4614.238|-4805.211 4576.176|-4805.225 4543.273
1610 3500 VARSITY DR NW,-4760.675 4502.109|-4527.591 4501.798|-4523.753 4501.853|-4519.930 4502.054|-4516.106 4502.365|-4512.296 4502.821|-4509.940 4519.578|-4568.730 4613.882|-4818.178 4844.412|-4867.398 4707.108|-4867.426 4603.530|-4817.298 4603.519|-4793.124 4629.772|-4770.161 4629.761|-4770.168 4614.238|-4805.211 4576.176|-4805.225 4543.273
1609 3500 VARSITY DR NW,-4760.675 4502.109|-4527.591 4501.798|-4523.753 4501.853|-4519.930 4502.054|-4516.106 4502.365|-4512.296 4502.821|-4509.940 4519.578|-4568.730 4613.882|-4818.178 4844.412|-4867.398 4707.108|-4867.426 4603.530|-4817.298 4603.519|-4793.124 4629.772|-4770.161 4629.761|-4770.168 4614.238|-4805.211 4576.176|-4805.225 4543.273
1607 3500 VARSITY DR NW,-4760.675 4502.109|-4527.591 4501.798|-4523.753 4501.853|-4519.930 4502.054|-4516.106 4502.365|-4512.296 4502.821|-4509.940 4519.578|-4568.730 4613.882|-4818.178 4844.412|-4867.398 4707.108|-4867.426 4603.530|-4817.298 4603.519|-4793.124 4629.772|-4770.161 4629.761|-4770.168 4614.238|-4805.211 4576.176|-4805.225 4543.273
1708 3500 VARSITY DR NW,-4760.675 4502.109|-4527.591 4501.798|-4523.753 4501.853|-4519.930 4502.054|-4516.106 4502.365|-4512.296 4502.821|-4509.940 4519.578|-4568.730 4613.882|-4818.178 4844.412|-4867.398 4707.108|-4867.426 4603.530|-4817.298 4603.519|-4793.124 4629.772|-4770.161 4629.761|-4770.168 4614.238|-4805.211 4576.176|-4805.225 4543.273
1705 3500 VARSITY DR NW,-4760.675 4502.109|-4527.591 4501.798|-4523.753 4501.853|-4519.930 4502.054|-4516.106 4502.365|-4512.296 4502.821|-4509.940 4519.578|-4568.730 4613.882|-4818.178 4844.412|-4867.398 4707.108|-4867.426 4603.530|-4817.298 4603.519|-4793.124 4629.772|-4770.161 4629.761|-4770.168 4614.238|-4805.211 4576.176|-4805.225 4543.273
1711 3500 VARSITY DR NW,-4760.675 4502.109|-4527.591 4501.798|-4523.753 4501.853|-4519.930 4502.054|-4516.106 4502.365|-4512.296 4502.821|-4509.940 4519.578|-4568.730 4613.882|-4818.178 4844.412|-4867.398 4707.108|-4867.426 4603.530|-4817.298 4603.519|-4793.124 4629.772|-4770.161 4629.761|-4770.168 4614.238|-4805.211 4576.176|-4805.225 4543.273
1702 3500 VARSITY DR NW,-4760.675 4502.109|-4527.591 4501.798|-4523.753 4501.853|-4519.930 4502.054|-4516.106 4502.365|-4512.296 4502.821|-4509.940 4519.578|-4568.730 4613.882|-4818.178 4844.412|-4867.398 4707.108|-4867.426 4603.530|-4817.298 4603.519|-4793.124 4629.772|-4770.161 4629.761|-4770.168 4614.238|-4805.211 4576.176|-4805.225 4543.273
1706 3500 VARSITY DR NW,-4760.675 4502.109|-4527.591 4501.798|-4523.753 4501.853|-4519.930 4502.054|-4516.106 4502.365|-4512.296 4502.821|-4509.940 4519.578|-4568.730 4613.882|-4818.178 4844.412|-4867.398 4707.108|-4867.426 4603.530|-4817.298 4603.519|-4793.124 4629.772|-4770.161 4629.761|-4770.168 4614.238|-4805.211 4576.176|-4805.225 4543.273
1704 3500 VARSITY DR NW,-4760.675 4502.109|-4527.591 4501.798|-4523.753 4501.853|-4519.930 4502.054|-4516.106 4502.365|-4512.296 4502.821|-4509.940 4519.578|-4568.730 4613.882|-4818.178 4844.412|-4867.398 4707.108|-4867.426 4603.530|-4817.298 4603.519|-4793.124 4629.772|-4770.161 4629.761|-4770.168 4614.238|-4805.211 4576.176|-4805.225 4543.273
1703 3500 VARSITY DR NW,-4760.675 4502.109|-4527.591 4501.798|-4523.753 4501.853|-4519.930 4502.054|-4516.106 4502.365|-4512.296 4502.821|-4509.940 4519.578|-4568.730 4613.882|-4818.178 4844.412|-4867.398 4707.108|-4867.426 4603.530|-4817.298 4603.519|-4793.124 4629.772|-4770.161 4629.761|-4770.168 4614.238|-4805.211 4576.176|-4805.225 4543.273
1701 3500 VARSITY DR NW,-4760.675 4502.109|-4527.591 4501.798|-4523.753 4501.853|-4519.930 4502.054|-4516.106 4502.365|-4512.296 4502.821|-4509.940 4519.578|-4568.730 4613.882|-4818.178 4844.412|-4867.398 4707.108|-4867.426 4603.530|-4817.298 4603.519|-4793.124 4629.772|-4770.161 4629.761|-4770.168 4614.238|-4805.211 4576.176|-4805.225 4543.273
1712 3500 VARSITY DR NW,-4760.675 4502.109|-4527.591 4501.798|-4523.753 4501.853|-4519.930 4502.054|-4516.106 4502.365|-4512.296 4502.821|-4509.940 4519.578|-4568.730 4613.882|-4818.178 4844.412|-4867.398 4707.108|-4867.426 4603.530|-4817.298 4603.519|-4793.124 4629.772|-4770.161 4629.761|-4770.168 4614.238|-4805.211 4576.176|-4805.225 4543.273
1710 3500 VARSITY DR NW,-4760.675 4502.109|-4527.591 4501.798|-4523.753 4501.853|-4519.930 4502.054|-4516.106 4502.365|-4512.296 4502.821|-4509.940 4519.578|-4568.730 4613.882|-4818.178 4844.412|-4867.398 4707.108|-4867.426 4603.530|-4817.298 4603.519|-4793.124 4629.772|-4770.161 4629.761|-4770.168 4614.238|-4805.211 4576.176|-4805.225 4543.273
1709 3500 VARSITY DR NW,-4760.675 4502.109|-4527.591 4501.798|-4523.753 4501.853|-4519.930 4502.054|-4516.106 4502.365|-4512.296 4502.821|-4509.940 4519.578|-4568.730 4613.882|-4818.178 4844.412|-4867.398 4707.108|-4867.426 4603.530|-4817.298 4603.519|-4793.124 4629.772|-4770.161 4629.761|-4770.168 4614.238|-4805.211 4576.176|-4805.225 4543.273
1707 3500 VARSITY DR NW,-4760.675 4502.109|-4527.591 4501.798|-4523.753 4501.853|-4519.930 4502.054|-4516.106 4502.365|-4512.296 4502.821|-4509.940 4519.578|-4568.730 4613.882|-4818.178 4844.412|-4867.398 4707.108|-4867.426 4603.530|-4817.298 4603.519|-4793.124 4629.772|-4770.161 4629.761|-4770.168 4614.238|-4805.211 4576.176|-4805.225 4543.273
1805 3500 VARSITY DR NW,-4760.675 4502.109|-4527.591 4501.798|-4523.753 4501.853|-4519.930 4502.054|-4516.106 4502.365|-4512.296 4502.821|-4509.940 4519.578|-4568.730 4613.882|-4818.178 4844.412|-4867.398 4707.108|-4867.426 4603.530|-4817.298 4603.519|-4793.124 4629.772|-4770.161 4629.761|-4770.168 4614.238|-4805.211 4576.176|-4805.225 4543.273
1808 3500 VARSITY DR NW,-4760.675 4502.109|-4527.591 4501.798|-4523.753 4501.853|-4519.930 4502.054|-4516.106 4502.365|-4512.296 4502.821|-4509.940 4519.578|-4568.730 4613.882|-4818.178 4844.412|-4867.398 4707.108|-4867.426 4603.530|-4817.298 4603.519|-4793.124 4629.772|-4770.161 4629.761|-4770.168 4614.238|-4805.211 4576.176|-4805.225 4543.273
1802 3500 VARSITY DR NW,-4760.675 4502.109|-4527.591 4501.798|-4523.753 4501.853|-4519.930 4502.054|-4516.106 4502.365|-4512.296 4502.821|-4509.940 4519.578|-4568.730 4613.882|-4818.178 4844.412|-4867.398 4707.108|-4867.426 4603.530|-4817.298 4603.519|-4793.124 4629.772|-4770.161 4629.761|-4770.168 4614.238|-4805.211 4576.176|-4805.225 4543.273
1811 3500 VARSITY DR NW,-4760.675 4502.109|-4527.591 4501.798|-4523.753 4501.853|-4519.930 4502.054|-4516.106 4502.365|-4512.296 4502.821|-4509.940 4519.578|-4568.730 4613.882|-4818.178 4844.412|-4867.398 4707.108|-4867.426 4603.530|-4817.298 4603.519|-4793.124 4629.772|-4770.161 4629.761|-4770.168 4614.238|-4805.211 4576.176|-4805.225 4543.273
1806 3500 VARSITY DR NW,-4760.675 4502.109|-4527.591 4501.798|-4523.753 4501.853|-4519.930 4502.054|-4516.106 4502.365|-4512.296 4502.821|-4509.940 4519.578|-4568.730 4613.882|-4818.178 4844.412|-4867.398 4707.108|-4867.426 4603.530|-4817.298 4603.519|-4793.124 4629.772|-4770.161 4629.761|-4770.168 4614.238|-4805.211 4576.176|-4805.225 4543.273
1804 3500 VARSITY DR NW,-4760.675 4502.109|-4527.591 4501.798|-4523.753 4501.853|-4519.930 4502.054|-4516.106 4502.365|-4512.296 4502.821|-4509.940 4519.578|-4568.730 4613.882|-4818.178 4844.412|-4867.398 4707.108|-4867.426 4603.530|-4817.298 4603.519|-4793.124 4629.772|-4770.161 4629.761|-4770.168 4614.238|-4805.211 4576.176|-4805.225 4543.273
1803 3500 VARSITY DR NW,-4760.675 4502.109|-4527.591 4501.798|-4523.753 4501.853|-4519.930 4502.054|-4516.106 4502.365|-4512.296 4502.821|-4509.940 4519.578|-4568.730 4613.882|-4818.178 4844.412|-4867.398 4707.108|-4867.426 4603.530|-4817.298 4603.519|-4793.124 4629.772|-4770.161 4629.761|-4770.168 4614.238|-4805.211 4576.176|-4805.225 4543.273
1801 3500 VARSITY DR NW,-4760.675 4502.109|-4527.591 4501.798|-4523.753 4501.853|-4519.930 4502.054|-4516.106 4502.365|-4512.296 4502.821|-4509.940 4519.578|-4568.730 4613.882|-4818.178 4844.412|-4867.398 4707.108|-4867.426 4603.530|-4817.298 4603.519|-4793.124 4629.772|-4770.161 4629.761|-4770.168 4614.238|-4805.211 4576.176|-4805.225 4543.273
1812 3500 VARSITY DR NW,-4760.675 4502.109|-4527.591 4501.798|-4523.753 4501.853|-4519.930 4502.054|-4516.106 4502.365|-4512.296 4502.821|-4509.940 4519.578|-4568.730 4613.882|-4818.178 4844.412|-4867.398 4707.108|-4867.426 4603.530|-4817.298 4603.519|-4793.124 4629.772|-4770.161 4629.761|-4770.168 4614.238|-4805.211 4576.176|-4805.225 4543.273
1810 3500 VARSITY DR NW,-4760.675 4502.109|-4527.591 4501.798|-4523.753 4501.853|-4519.930 4502.054|-4516.106 4502.365|-4512.296 4502.821|-4509.940 4519.578|-4568.730 4613.882|-4818.178 4844.412|-4867.398 4707.108|-4867.426 4603.530|-4817.298 4603.519|-4793.124 4629.772|-4770.161 4629.761|-4770.168 4614.238|-4805.211 4576.176|-4805.225 4543.273
1809 3500 VARSITY DR NW,-4760.675 4502.109|-4527.591 4501.798|-4523.753 4501.853|-4519.930 4502.054|-4516.106 4502.365|-4512.296 4502.821|-4509.940 4519.578|-4568.730 4613.882|-4818.178 4844.412|-4867.398 4707.108|-4867.426 4603.530|-4817.298 4603.519|-4793.124 4629.772|-4770.161 4629.761|-4770.168 4614.238|-4805.211 4576.176|-4805.225 4543.273
1807 3500 VARSITY DR NW,-4760.675 4502.109|-4527.591 4501.798|-4523.753 4501.853|-4519.930 4502.054|-4516.106 4502.365|-4512.296 4502.821|-4509.940 4519.578|-4568.730 4613.882|-4818.178 4844.412|-4867.398 4707.108|-4867.426 4603.530|-4817.298 4603.519|-4793.124 4629.772|-4770.161 4629.761|-4770.168 4614.238|-4805.211 4576.176|-4805.225 4543.273
1902 3500 VARSITY DR NW,-4760.675 4502.109|-4527.591 4501.798|-4523.753 4501.853|-4519.930 4502.054|-4516.106 4502.365|-4512.296 4502.821|-4509.940 4519.578|-4568.730 4613.882|-4818.178 4844.412|-4867.398 4707.108|-4867.426 4603.530|-4817.298 4603.519|-4793.124 4629.772|-4770.161 4629.761|-4770.168 4614.238|-4805.211 4576.176|-4805.225 4543.273
1911 3500 VARSITY DR NW,-4760.675 4502.109|-4527.591 4501.798|-4523.753 4501.853|-4519.930 4502.054|-4516.106 4502.365|-4512.296 4502.821|-4509.940 4519.578|-4568.730 4613.882|-4818.178 4844.412|-4867.398 4707.108|-4867.426 4603.530|-4817.298 4603.519|-4793.124 4629.772|-4770.161 4629.761|-4770.168 4614.238|-4805.211 4576.176|-4805.225 4543.273
1905 3500 VARSITY DR NW,-4760.675 4502.109|-4527.591 4501.798|-4523.753 4501.853|-4519.930 4502.054|-4516.106 4502.365|-4512.296 4502.821|-4509.940 4519.578|-4568.730 4613.882|-4818.178 4844.412|-4867.398 4707.108|-4867.426 4603.530|-4817.298 4603.519|-4793.124 4629.772|-4770.161 4629.761|-4770.168 4614.238|-4805.211 4576.176|-4805.225 4543.273
1908 3500 VARSITY DR NW,-4760.675 4502.109|-4527.591 4501.798|-4523.753 4501.853|-4519.930 4502.054|-4516.106 4502.365|-4512.296 4502.821|-4509.940 4519.578|-4568.730 4613.882|-4818.178 4844.412|-4867.398 4707.108|-4867.426 4603.530|-4817.298 4603.519|-4793.124 4629.772|-4770.161 4629.761|-4770.168 4614.238|-4805.211 4576.176|-4805.225 4543.273
1912 3500 VARSITY DR NW,-4760.675 4502.109|-4527.591 4501.798|-4523.753 4501.853|-4519.930 4502.054|-4516.106 4502.365|-4512.296 4502.821|-4509.940 4519.578|-4568.730 4613.882|-4818.178 4844.412|-4867.398 4707.108|-4867.426 4603.530|-4817.298 4603.519|-4793.124 4629.772|-4770.161 4629.761|-4770.168 4614.238|-4805.211 4576.176|-4805.225 4543.273
1910 3500 VARSITY DR NW,-4760.675 4502.109|-4527.591 4501.798|-4523.753 4501.853|-4519.930 4502.054|-4516.106 4502.365|-4512.296 4502.821|-4509.940 4519.578|-4568.730 4613.882|-4818.178 4844.412|-4867.398 4707.108|-4867.426 4603.530|-4817.298 4603.519|-4793.124 4629.772|-4770.161 4629.761|-4770.168 4614.238|-4805.211 4576.176|-4805.225 4543.273
1909 3500 VARSITY DR NW,-4760.675 4502.109|-4527.591 4501.798|-4523.753 4501.853|-4519.930 4502.054|-4516.106 4502.365|-4512.296 4502.821|-4509.940 4519.578|-4568.730 4613.882|-4818.178 4844.412|-4867.398 4707.108|-4867.426 4603.530|-4817.298 4603.519|-4793.124 4629.772|-4770.161 4629.761|-4770.168 4614.238|-4805.211 4576.176|-4805.225 4543.273
1907 3500 VARSITY DR NW,-4760.675 4502.109|-4527.591 4501.798|-4523.753 4501.853|-4519.930 4502.054|-4516.106 4502.365|-4512.296 4502.821|-4509.940 4519.578|-4568.730 4613.882|-4818.178 4844.412|-4867.398 4707.108|-4867.426 4603.530|-4817.298 4603.519|-4793.124 4629.772|-4770.161 4629.761|-4770.168 4614.238|-4805.211 4576.176|-4805.225 4543.273
1906 3500 VARSITY DR NW,-4760.675 4502.109|-4527.591 4501.798|-4523.753 4501.853|-4519.930 4502.054|-4516.106 4502.365|-4512.296 4502.821|-4509.940 4519.578|-4568.730 4613.882|-4818.178 4844.412|-4867.398 4707.108|-4867.426 4603.530|-4817.298 4603.519|-4793.124 4629.772|-4770.161 4629.761|-4770.168 4614.238|-4805.211 4576.176|-4805.225 4543.273
1904 3500 VARSITY DR NW,-4760.675 4502.109|-4527.591 4501.798|-4523.753 4501.853|-4519.930 4502.054|-4516.106 4502.365|-4512.296 4502.821|-4509.940 4519.578|-4568.730 4613.882|-4818.178 4844.412|-4867.398 4707.108|-4867.426 4603.530|-4817.298 4603.519|-4793.124 4629.772|-4770.161 4629.761|-4770.168 4614.238|-4805.211 4576.176|-4805.225 4543.273
1903 3500 VARSITY DR NW,-4760.675 4502.109|-4527.591 4501.798|-4523.753 4501.853|-4519.930 4502.054|-4516.106 4502.365|-4512.296 4502.821|-4509.940 4519.578|-4568.730 4613.882|-4818.178 4844.412|-4867.398 4707.108|-4867.426 4603.530|-4817.298 4603.519|-4793.124 4629.772|-4770.161 4629.761|-4770.168 4614.238|-4805.211 4576.176|-4805.225 4543.273
1901 3500 VARSITY DR NW,-4760.675 4502.109|-4527.591 4501.798|-4523.753 4501.853|-4519.930 4502.054|-4516.106 4502.365|-4512.296 4502.821|-4509.940 4519.578|-4568.730 4613.882|-4818.178 4844.412|-4867.398 4707.108|-4867.426 4603.530|-4817.298 4603.519|-4793.124 4629.772|-4770.161 4629.761|-4770.168 4614.238|-4805.211 4576.176|-4805.225 4543.273
2011 3500 VARSITY DR NW,-4760.675 4502.109|-4527.591 4501.798|-4523.753 4501.853|-4519.930 4502.054|-4516.106 4502.365|-4512.296 4502.821|-4509.940 4519.578|-4568.730 4613.882|-4818.178 4844.412|-4867.398 4707.108|-4867.426 4603.530|-4817.298 4603.519|-4793.124 4629.772|-4770.161 4629.761|-4770.168 4614.238|-4805.211 4576.176|-4805.225 4543.273
2008 3500 VARSITY DR NW,-4760.675 4502.109|-4527.591 4501.798|-4523.753 4501.853|-4519.930 4502.054|-4516.106 4502.365|-4512.296 4502.821|-4509.940 4519.578|-4568.730 4613.882|-4818.178 4844.412|-4867.398 4707.108|-4867.426 4603.530|-4817.298 4603.519|-4793.124 4629.772|-4770.161 4629.761|-4770.168 4614.238|-4805.211 4576.176|-4805.225 4543.273
2014 3500 VARSITY DR NW,-4760.675 4502.109|-4527.591 4501.798|-4523.753 4501.853|-4519.930 4502.054|-4516.106 4502.365|-4512.296 4502.821|-4509.940 4519.578|-4568.730 4613.882|-4818.178 4844.412|-4867.398 4707.108|-4867.426 4603.530|-4817.298 4603.519|-4793.124 4629.772|-4770.161 4629.761|-4770.168 4614.238|-4805.211 4576.176|-4805.225 4543.273
2005 3500 VARSITY DR NW,-4760.675 4502.109|-4527.591 4501.798|-4523.753 4501.853|-4519.930 4502.054|-4516.106 4502.365|-4512.296 4502.821|-4509.940 4519.578|-4568.730 4613.882|-4818.178 4844.412|-4867.398 4707.108|-4867.426 4603.530|-4817.298 4603.519|-4793.124 4629.772|-4770.161 4629.761|-4770.168 4614.238|-4805.211 4576.176|-4805.225 4543.273
2017 3500 VARSITY DR NW,-4760.675 4502.109|-4527.591 4501.798|-4523.753 4501.853|-4519.930 4502.054|-4516.106 4502.365|-4512.296 4502.821|-4509.940 4519.578|-4568.730 4613.882|-4818.178 4844.412|-4867.398 4707.108|-4867.426 4603.530|-4817.298 4603.519|-4793.124 4629.772|-4770.161 4629.761|-4770.168 4614.238|-4805.211 4576.176|-4805.225 4543.273
2002 3500 VARSITY DR NW,-4760.675 4502.109|-4527.591 4501.798|-4523.753 4501.853|-4519.930 4502.054|-4516.106 4502.365|-4512.296 4502.821|-4509.940 4519.578|-4568.730 4613.882|-4818.178 4844.412|-4867.398 4707.108|-4867.426 4603.530|-4817.298 4603.519|-4793.124 4629.772|-4770.161 4629.761|-4770.168 4614.238|-4805.211 4576.176|-4805.225 4543.273
2009 3500 VARSITY DR NW,-4760.675 4502.109|-4527.591 4501.798|-4523.753 4501.853|-4519.930 4502.054|-4516.106 4502.365|-4512.296 4502.821|-4509.940 4519.578|-4568.730 4613.882|-4818.178 4844.412|-4867.398 4707.108|-4867.426 4603.530|-4817.298 4603.519|-4793.124 4629.772|-4770.161 4629.761|-4770.168 4614.238|-4805.211 4576.176|-4805.225 4543.273
2007 3500 VARSITY DR NW,-4760.675 4502.109|-4527.591 4501.798|-4523.753 4501.853|-4519.930 4502.054|-4516.106 4502.365|-4512.296 4502.821|-4509.940 4519.578|-4568.730 4613.882|-4818.178 4844.412|-4867.398 4707.108|-4867.426 4603.530|-4817.298 4603.519|-4793.124 4629.772|-4770.161 4629.761|-4770.168 4614.238|-4805.211 4576.176|-4805.225 4543.273
2006 3500 VARSITY DR NW,-4760.675 4502.109|-4527.591 4501.798|-4523.753 4501.853|-4519.930 4502.054|-4516.106 4502.365|-4512.296 4502.821|-4509.940 4519.578|-4568.730 4613.882|-4818.178 4844.412|-4867.398 4707.108|-4867.426 4603.530|-4817.298 4603.519|-4793.124 4629.772|-4770.161 4629.761|-4770.168 4614.238|-4805.211 4576.176|-4805.225 4543.273
2004 3500 VARSITY DR NW,-4760.675 4502.109|-4527.591 4501.798|-4523.753 4501.853|-4519.930 4502.054|-4516.106 4502.365|-4512.296 4502.821|-4509.940 4519.578|-4568.730 4613.882|-4818.178 4844.412|-4867.398 4707.108|-4867.426 4603.530|-4817.298 4603.519|-4793.124 4629.772|-4770.161 4629.761|-4770.168 4614.238|-4805.211 4576.176|-4805.225 4543.273
2003 3500 VARSITY DR NW,-4760.675 4502.109|-4527.591 4501.798|-4523.753 4501.853|-4519.930 4502.054|-4516.106 4502.365|-4512.296 4502.821|-4509.940 4519.578|-4568.730 4613.882|-4818.178 4844.412|-4867.398 4707.108|-4867.426 4603.530|-4817.298 4603.519|-4793.124 4629.772|-4770.161 4629.761|-4770.168 4614.238|-4805.211 4576.176|-4805.225 4543.273
2001 3500 VARSITY DR NW,-4760.675 4502.109|-4527.591 4501.798|-4523.753 4501.853|-4519.930 4502.054|-4516.106 4502.365|-4512.296 4502.821|-4509.940 4519.578|-4568.730 4613.882|-4818.178 4844.412|-4867.398 4707.108|-4867.426 4603.530|-4817.298 4603.519|-4793.124 4629.772|-4770.161 4629.761|-4770.168 4614.238|-4805.211 4576.176|-4805.225 4543.273
2018 3500 VARSITY DR NW,-4760.675 4502.109|-4527.591 4501.798|-4523.753 4501.853|-4519.930 4502.054|-4516.106 4502.365|-4512.296 4502.821|-4509.940 4519.578|-4568.730 4613.882|-4818.178 4844.412|-4867.398 4707.108|-4867.426 4603.530|-4817.298 4603.519|-4793.124 4629.772|-4770.161 4629.761|-4770.168 4614.238|-4805.211 4576.176|-4805.225 4543.273
2016 3500 VARSITY DR NW,-4760.675 4502.109|-4527.591 4501.798|-4523.753 4501.853|-4519.930 4502.054|-4516.106 4502.365|-4512.296 4502.821|-4509.940 4519.578|-4568.730 4613.882|-4818.178 4844.412|-4867.398 4707.108|-4867.426 4603.530|-4817.298 4603.519|-4793.124 4629.772|-4770.161 4629.761|-4770.168 4614.238|-4805.211 4576.176|-4805.225 4543.273
2015 3500 VARSITY DR NW,-4760.675 4502.109|-4527.591 4501.798|-4523.753 4501.853|-4519.930 4502.054|-4516.106 4502.365|-4512.296 4502.821|-4509.940 4519.578|-4568.730 4613.882|-4818.178 4844.412|-4867.398 4707.108|-4867.426 4603.530|-4817.298 4603.519|-4793.124 4629.772|-4770.161 4629.761|-4770.168 4614.238|-4805.211 4576.176|-4805.225 4543.273
2013 3500 VARSITY DR NW,-4760.675 4502.109|-4527.591 4501.798|-4523.753 4501.853|-4519.930 4502.054|-4516.106 4502.365|-4512.296 4502.821|-4509.940 4519.578|-4568.730 4613.882|-4818.178 4844.412|-4867.398 4707.108|-4867.426 4603.530|-4817.298 4603.519|-4793.124 4629.772|-4770.161 4629.761|-4770.168 4614.238|-4805.211 4576.176|-4805.225 4543.273
2012 3500 VARSITY DR NW,-4760.675 4502.109|-4527.591 4501.798|-4523.753 4501.853|-4519.930 4502.054|-4516.106 4502.365|-4512.296 4502.821|-4509.940 4519.578|-4568.730 4613.882|-4818.178 4844.412|-4867.398 4707.108|-4867.426 4603.530|-4817.298 4603.519|-4793.124 4629.772|-4770.161 4629.761|-4770.168 4614.238|-4805.211 4576.176|-4805.225 4543.273
2010 3500 VARSITY DR NW,-4760.675 4502.109|-4527.591 4501.798|-4523.753 4501.853|-4519.930 4502.054|-4516.106 4502.365|-4512.296 4502.821|-4509.940 4519.578|-4568.730 4613.882|-4818.178 4844.412|-4867.398 4707.108|-4867.426 4603.530|-4817.298 4603.519|-4793.124 4629.772|-4770.161 4629.761|-4770.168 4614.238|-4805.211 4576.176|-4805.225 4543.273
2104 3500 VARSITY DR NW,-4760.675 4502.109|-4527.591 4501.798|-4523.753 4501.853|-4519.930 4502.054|-4516.106 4502.365|-4512.296 4502.821|-4509.940 4519.578|-4568.730 4613.882|-4818.178 4844.412|-4867.398 4707.108|-4867.426 4603.530|-4817.298 4603.519|-4793.124 4629.772|-4770.161 4629.761|-4770.168 4614.238|-4805.211 4576.176|-4805.225 4543.273
2103 3500 VARSITY DR NW,-4760.675 4502.109|-4527.591 4501.798|-4523.753 4501.853|-4519.930 4502.054|-4516.106 4502.365|-4512.296 4502.821|-4509.940 4519.578|-4568.730 4613.882|-4818.178 4844.412|-4867.398 4707.108|-4867.426 4603.530|-4817.298 4603.519|-4793.124 4629.772|-4770.161 4629.761|-4770.168 4614.238|-4805.211 4576.176|-4805.225 4543.273
2102 3500 VARSITY DR NW,-4760.675 4502.109|-4527.591 4501.798|-4523.753 4501.853|-4519.930 4502.054|-4516.106 4502.365|-4512.296 4502.821|-4509.940 4519.578|-4568.730 4613.882|-4818.178 4844.412|-4867.398 4707.108|-4867.426 4603.530|-4817.298 4603.519|-4793.124 4629.772|-4770.161 4629.761|-4770.168 4614.238|-4805.211 4576.176|-4805.225 4543.273
2101 3500 VARSITY DR NW,-4760.675 4502.109|-4527.591 4501.798|-4523.753 4501.853|-4519.930 4502.054|-4516.106 4502.365|-4512.296 4502.821|-4509.940 4519.578|-4568.730 4613.882|-4818.178 4844.412|-4867.398 4707.108|-4867.426 4603.530|-4817.298 4603.519|-4793.124 4629.772|-4770.161 4629.761|-4770.168 4614.238|-4805.211 4576.176|-4805.225 4543.273
2109 3500 VARSITY DR NW,-4760.675 4502.109|-4527.591 4501.798|-4523.753 4501.853|-4519.930 4502.054|-4516.106 4502.365|-4512.296 4502.821|-4509.940 4519.578|-4568.730 4613.882|-4818.178 4844.412|-4867.398 4707.108|-4867.426 4603.530|-4817.298 4603.519|-4793.124 4629.772|-4770.161 4629.761|-4770.168 4614.238|-4805.211 4576.176|-4805.225 4543.273
2108 3500 VARSITY DR NW,-4760.675 4502.109|-4527.591 4501.798|-4523.753 4501.853|-4519.930 4502.054|-4516.106 4502.365|-4512.296 4502.821|-4509.940 4519.578|-4568.730 4613.882|-4818.178 4844.412|-4867.398 4707.108|-4867.426 4603.530|-4817.298 4603.519|-4793.124 4629.772|-4770.161 4629.761|-4770.168 4614.238|-4805.211 4576.176|-4805.225 4543.273
2107 3500 VARSITY DR NW,-4760.675 4502.109|-4527.591 4501.798|-4523.753 4501.853|-4519.930 4502.054|-4516.106 4502.365|-4512.296 4502.821|-4509.940 4519.578|-4568.730 4613.882|-4818.178 4844.412|-4867.398 4707.108|-4867.426 4603.530|-4817.298 4603.519|-4793.124 4629.772|-4770.161 4629.761|-4770.168 4614.238|-4805.211 4576.176|-4805.225 4543.273
2106 3500 VARSITY DR NW,-4760.675 4502.109|-4527.591 4501.798|-4523.753 4501.853|-4519.930 4502.054|-4516.106 4502.365|-4512.296 4502.821|-4509.940 4519.578|-4568.730 4613.882|-4818.178 4844.412|-4867.398 4707.108|-4867.426 4603.530|-4817.298 4603.519|-4793.124 4629.772|-4770.161 4629.761|-4770.168 4614.238|-4805.211 4576.176|-4805.225 4543.273
2105 3500 VARSITY DR NW,-4760.675 4502.109|-4527.591 4501.798|-4523.753 4501.853|-4519.930 4502.054|-4516.106 4502.365|-4512.296 4502.821|-4509.940 4519.578|-4568.730 4613.882|-4818.178 4844.412|-4867.398 4707.108|-4867.426 4603.530|-4817.298 4603.519|-4793.124 4629.772|-4770.161 4629.761|-4770.168 4614.238|-4805.211 4576.176|-4805.225 4543.273
2209 3500 VARSITY DR NW,-4760.675 4502.109|-4527.591 4501.798|-4523.753 4501.853|-4519.930 4502.054|-4516.106 4502.365|-4512.296 4502.821|-4509.940 4519.578|-4568.730 4613.882|-4818.178 4844.412|-4867.398 4707.108|-4867.426 4603.530|-4817.298 4603.519|-4793.124 4629.772|-4770.161 4629.761|-4770.168 4614.238|-4805.211 4576.176|-4805.225 4543.273
2208 3500 VARSITY DR NW,-4760.675 4502.109|-4527.591 4501.798|-4523.753 4501.853|-4519.930 4502.054|-4516.106 4502.365|-4512.296 4502.821|-4509.940 4519.578|-4568.730 4613.882|-4818.178 4844.412|-4867.398 4707.108|-4867.426 4603.530|-4817.298 4603.519|-4793.124 4629.772|-4770.161 4629.761|-4770.168 4614.238|-4805.211 4576.176|-4805.225 4543.273
2207 3500 VARSITY DR NW,-4760.675 4502.109|-4527.591 4501.798|-4523.753 4501.853|-4519.930 4502.054|-4516.106 4502.365|-4512.296 4502.821|-4509.940 4519.578|-4568.730 4613.882|-4818.178 4844.412|-4867.398 4707.108|-4867.426 4603.530|-4817.298 4603.519|-4793.124 4629.772|-4770.161 4629.761|-4770.168 4614.238|-4805.211 4576.176|-4805.225 4543.273
2206 3500 VARSITY DR NW,-4760.675 4502.109|-4527.591 4501.798|-4523.753 4501.853|-4519.930 4502.054|-4516.106 4502.365|-4512.296 4502.821|-4509.940 4519.578|-4568.730 4613.882|-4818.178 4844.412|-4867.398 4707.108|-4867.426 4603.530|-4817.298 4603.519|-4793.124 4629.772|-4770.161 4629.761|-4770.168 4614.238|-4805.211 4576.176|-4805.225 4543.273
2205 3500 VARSITY DR NW,-4760.675 4502.109|-4527.591 4501.798|-4523.753 4501.853|-4519.930 4502.054|-4516.106 4502.365|-4512.296 4502.821|-4509.940 4519.578|-4568.730 4613.882|-4818.178 4844.412|-4867.398 4707.108|-4867.426 4603.530|-4817.298 4603.519|-4793.124 4629.772|-4770.161 4629.761|-4770.168 4614.238|-4805.211 4576.176|-4805.225 4543.273
2204 3500 VARSITY DR NW,-4760.675 4502.109|-4527.591 4501.798|-4523.753 4501.853|-4519.930 4502.054|-4516.106 4502.365|-4512.296 4502.821|-4509.940 4519.578|-4568.730 4613.882|-4818.178 4844.412|-4867.398 4707.108|-4867.426 4603.530|-4817.298 4603.519|-4793.124 4629.772|-4770.161 4629.761|-4770.168 4614.238|-4805.211 4576.176|-4805.225 4543.273
2203 3500 VARSITY DR NW,-4760.675 4502.109|-4527.591 4501.798|-4523.753 4501.853|-4519.930 4502.054|-4516.106 4502.365|-4512.296 4502.821|-4509.940 4519.578|-4568.730 4613.882|-4818.178 4844.412|-4867.398 4707.108|-4867.426 4603.530|-4817.298 4603.519|-4793.124 4629.772|-4770.161 4629.761|-4770.168 4614.238|-4805.211 4576.176|-4805.225 4543.273
2202 3500 VARSITY DR NW,-4760.675 4502.109|-4527.591 4501.798|-4523.753 4501.853|-4519.930 4502.054|-4516.106 4502.365|-4512.296 4502.821|-4509.940 4519.578|-4568.730 4613.882|-4818.178 4844.412|-4867.398 4707.108|-4867.426 4603.530|-4817.298 4603.519|-4793.124 4629.772|-4770.161 4629.761|-4770.168 4614.238|-4805.211 4576.176|-4805.225 4543.273
2201 3500 VARSITY DR NW,-4760.675 4502.109|-4527.591 4501.798|-4523.753 4501.853|-4519.930 4502.054|-4516.106 4502.365|-4512.296 4502.821|-4509.940 4519.578|-4568.730 4613.882|-4818.178 4844.412|-4867.398 4707.108|-4867.426 4603.530|-4817.298 4603.519|-4793.124 4629.772|-4770.161 4629.761|-4770.168 4614.238|-4805.211 4576.176|-4805.225 4543.273
2304 3500 VARSITY DR NW,-4760.675 4502.109|-4527.591 4501.798|-4523.753 4501.853|-4519.930 4502.054|-4516.106 4502.365|-4512.296 4502.821|-4509.940 4519.578|-4568.730 4613.882|-4818.178 4844.412|-4867.398 4707.108|-4867.426 4603.530|-4817.298 4603.519|-4793.124 4629.772|-4770.161 4629.761|-4770.168 4614.238|-4805.211 4576.176|-4805.225 4543.273
2303 3500 VARSITY DR NW,-4760.675 4502.109|-4527.591 4501.798|-4523.753 4501.853|-4519.930 4502.054|-4516.106 4502.365|-4512.296 4502.821|-4509.940 4519.578|-4568.730 4613.882|-4818.178 4844.412|-4867.398 4707.108|-4867.426 4603.530|-4817.298 4603.519|-4793.124 4629.772|-4770.161 4629.761|-4770.168 4614.238|-4805.211 4576.176|-4805.225 4543.273
2302 3500 VARSITY DR NW,-4760.675 4502.109|-4527.591 4501.798|-4523.753 4501.853|-4519.930 4502.054|-4516.106 4502.365|-4512.296 4502.821|-4509.940 4519.578|-4568.730 4613.882|-4818.178 4844.412|-4867.398 4707.108|-4867.426 4603.530|-4817.298 4603.519|-4793.124 4629.772|-4770.161 4629.761|-4770.168 4614.238|-4805.211 4576.176|-4805.225 4543.273
2301 3500 VARSITY DR NW,-4760.675 4502.109|-4527.591 4501.798|-4523.753 4501.853|-4519.930 4502.054|-4516.106 4502.365|-4512.296 4502.821|-4509.940 4519.578|-4568.730 4613.882|-4818.178 4844.412|-4867.398 4707.108|-4867.426 4603.530|-4817.298 4603.519|-4793.124 4629.772|-4770.161 4629.761|-4770.168 4614.238|-4805.211 4576.176|-4805.225 4543.273
2309 3500 VARSITY DR NW,-4760.675 4502.109|-4527.591 4501.798|-4523.753 4501.853|-4519.930 4502.054|-4516.106 4502.365|-4512.296 4502.821|-4509.940 4519.578|-4568.730 4613.882|-4818.178 4844.412|-4867.398 4707.108|-4867.426 4603.530|-4817.298 4603.519|-4793.124 4629.772|-4770.161 4629.761|-4770.168 4614.238|-4805.211 4576.176|-4805.225 4543.273
2308 3500 VARSITY DR NW,-4760.675 4502.109|-4527.591 4501.798|-4523.753 4501.853|-4519.930 4502.054|-4516.106 4502.365|-4512.296 4502.821|-4509.940 4519.578|-4568.730 4613.882|-4818.178 4844.412|-4867.398 4707.108|-4867.426 4603.530|-4817.298 4603.519|-4793.124 4629.772|-4770.161 4629.761|-4770.168 4614.238|-4805.211 4576.176|-4805.225 4543.273
2307 3500 VARSITY DR NW,-4760.675 4502.109|-4527.591 4501.798|-4523.753 4501.853|-4519.930 4502.054|-4516.106 4502.365|-4512.296 4502.821|-4509.940 4519.578|-4568.730 4613.882|-4818.178 4844.412|-4867.398 4707.108|-4867.426 4603.530|-4817.298 4603.519|-4793.124 4629.772|-4770.161 4629.761|-4770.168 4614.238|-4805.211 4576.176|-4805.225 4543.273
2306 3500 VARSITY DR NW,-4760.675 4502.109|-4527.591 4501.798|-4523.753 4501.853|-4519.930 4502.054|-4516.106 4502.365|-4512.296 4502.821|-4509.940 4519.578|-4568.730 4613.882|-4818.178 4844.412|-4867.398 4707.108|-4867.426 4603.530|-4817.298 4603.519|-4793.124 4629.772|-4770.161 4629.761|-4770.168 4614.238|-4805.211 4576.176|-4805.225 4543.273
2305 3500 VARSITY DR NW,-4760.675 4502.109|-4527.591 4501.798|-4523.753 4501.853|-4519.930 4502.054|-4516.106 4502.365|-4512.296 4502.821|-4509.940 4519.578|-4568.730 4613.882|-4818.178 4844.412|-4867.398 4707.108|-4867.426 4603.530|-4817.298 4603.519|-4793.124 4629.772|-4770.161 4629.761|-4770.168 4614.238|-4805.211 4576.176|-4805.225 4543.273
2402 3500 VARSITY DR NW,-4760.675 4502.109|-4527.591 4501.798|-4523.753 4501.853|-4519.930 4502.054|-4516.106 4502.365|-4512.296 4502.821|-4509.940 4519.578|-4568.730 4613.882|-4818.178 4844.412|-4867.398 4707.108|-4867.426 4603.530|-4817.298 4603.519|-4793.124 4629.772|-4770.161 4629.761|-4770.168 4614.238|-4805.211 4576.176|-4805.225 4543.273
2417 3500 VARSITY DR NW,-4760.675 4502.109|-4527.591 4501.798|-4523.753 4501.853|-4519.930 4502.054|-4516.106 4502.365|-4512.296 4502.821|-4509.940 4519.578|-4568.730 4613.882|-4818.178 4844.412|-4867.398 4707.108|-4867.426 4603.530|-4817.298 4603.519|-4793.124 4629.772|-4770.161 4629.761|-4770.168 4614.238|-4805.211 4576.176|-4805.225 4543.273
2405 3500 VARSITY DR NW,-4760.675 4502.109|-4527.591 4501.798|-4523.753 4501.853|-4519.930 4502.054|-4516.106 4502.365|-4512.296 4502.821|-4509.940 4519.578|-4568.730 4613.882|-4818.178 4844.412|-4867.398 4707.108|-4867.426 4603.530|-4817.298 4603.519|-4793.124 4629.772|-4770.161 4629.761|-4770.168 4614.238|-4805.211 4576.176|-4805.225 4543.273
2414 3500 VARSITY DR NW,-4760.675 4502.109|-4527.591 4501.798|-4523.753 4501.853|-4519.930 4502.054|-4516.106 4502.365|-4512.296 4502.821|-4509.940 4519.578|-4568.730 4613.882|-4818.178 4844.412|-4867.398 4707.108|-4867.426 4603.530|-4817.298 4603.519|-4793.124 4629.772|-4770.161 4629.761|-4770.168 4614.238|-4805.211 4576.176|-4805.225 4543.273
2408 3500 VARSITY DR NW,-4760.675 4502.109|-4527.591 4501.798|-4523.753 4501.853|-4519.930 4502.054|-4516.106 4502.365|-4512.296 4502.821|-4509.940 4519.578|-4568.730 4613.882|-4818.178 4844.412|-4867.398 4707.108|-4867.426 4603.530|-4817.298 4603.519|-4793.124 4629.772|-4770.161 4629.761|-4770.168 4614.238|-4805.211 4576.176|-4805.225 4543.273
2411 3500 VARSITY DR NW,-4760.675 4502.109|-4527.591 4501.798|-4523.753 4501.853|-4519.930 4502.054|-4516.106 4502.365|-4512.296 4502.821|-4509.940 4519.578|-4568.730 4613.882|-4818.178 4844.412|-4867.398 4707.108|-4867.426 4603.530|-4817.298 4603.519|-4793.124 4629.772|-4770.161 4629.761|-4770.168 4614.238|-4805.211 4576.176|-4805.225 4543.273
2418 3500 VARSITY DR NW,-4760.675 4502.109|-4527.591 4501.798|-4523.753 4501.853|-4519.930 4502.054|-4516.106 4502.365|-4512.296 4502.821|-4509.940 4519.578|-4568.730 4613.882|-4818.178 4844.412|-4867.398 4707.108|-4867.426 4603.530|-4817.298 4603.519|-4793.124 4629.772|-4770.161 4629.761|-4770.168 4614.238|-4805.211 4576.176|-4805.225 4543.273
2416 3500 VARSITY DR NW,-4760.675 4502.109|-4527.591 4501.798|-4523.753 4501.853|-4519.930 4502.054|-4516.106 4502.365|-4512.296 4502.821|-4509.940 4519.578|-4568.730 4613.882|-4818.178 4844.412|-4867.398 4707.108|-4867.426 4603.530|-4817.298 4603.519|-4793.124 4629.772|-4770.161 4629.761|-4770.168 4614.238|-4805.211 4576.176|-4805.225 4543.273
2415 3500 VARSITY DR NW,-4760.675 4502.109|-4527.591 4501.798|-4523.753 4501.853|-4519.930 4502.054|-4516.106 4502.365|-4512.296 4502.821|-4509.940 4519.578|-4568.730 4613.882|-4818.178 4844.412|-4867.398 4707.108|-4867.426 4603.530|-4817.298 4603.519|-4793.124 4629.772|-4770.161 4629.761|-4770.168 4614.238|-4805.211 4576.176|-4805.225 4543.273
2413 3500 VARSITY DR NW,-4760.675 4502.109|-4527.591 4501.798|-4523.753 4501.853|-4519.930 4502.054|-4516.106 4502.365|-4512.296 4502.821|-4509.940 4519.578|-4568.730 4613.882|-4818.178 4844.412|-4867.398 4707.108|-4867.426 4603.530|-4817.298 4603.519|-4793.124 4629.772|-4770.161 4629.761|-4770.168 4614.238|-4805.211 4576.176|-4805.225 4543.273
2412 3500 VARSITY DR NW,-4760.675 4502.109|-4527.591 4501.798|-4523.753 4501.853|-4519.930 4502.054|-4516.106 4502.365|-4512.296 4502.821|-4509.940 4519.578|-4568.730 4613.882|-4818.178 4844.412|-4867.398 4707.108|-4867.426 4603.530|-4817.298 4603.519|-4793.124 4629.772|-4770.161 4629.761|-4770.168 4614.238|-4805.211 4576.176|-4805.225 4543.273
2410 3500 VARSITY DR NW,-4760.675 4502.109|-4527.591 4501.798|-4523.753 4501.853|-4519.930 4502.054|-4516.106 4502.365|-4512.296 4502.821|-4509.940 4519.578|-4568.730 4613.882|-4818.178 4844.412|-4867.398 4707.108|-4867.426 4603.530|-4817.298 4603.519|-4793.124 4629.772|-4770.161 4629.761|-4770.168 4614.238|-4805.211 4576.176|-4805.225 4543.273
2409 3500 VARSITY DR NW,-4760.675 4502.109|-4527.591 4501.798|-4523.753 4501.853|-4519.930 4502.054|-4516.106 4502.365|-4512.296 4502.821|-4509.940 4519.578|-4568.730 4613.882|-4818.178 4844.412|-4867.398 4707.108|-4867.426 4603.530|-4817.298 4603.519|-4793.124 4629.772|-4770.161 4629.761|-4770.168 4614.238|-4805.211 4576.176|-4805.225 4543.273
2407 3500 VARSITY DR NW,-4760.675 4502.109|-4527.591 4501.798|-4523.753 4501.853|-4519.930 4502.054|-4516.106 4502.365|-4512.296 4502.821|-4509.940 4519.578|-4568.730 4613.882|-4818.178 4844.412|-4867.398 4707.108|-4867.426 4603.530|-4817.298 4603.519|-4793.124 4629.772|-4770.161 4629.761|-4770.168 4614.238|-4805.211 4576.176|-4805.225 4543.273
2406 3500 VARSITY DR NW,-4760.675 4502.109|-4527.591 4501.798|-4523.753 4501.853|-4519.930 4502.054|-4516.106 4502.365|-4512.296 4502.821|-4509.940 4519.578|-4568.730 4613.882|-4818.178 4844.412|-4867.398 4707.108|-4867.426 4603.530|-4817.298 4603.519|-4793.124 4629.772|-4770.161 4629.761|-4770.168 4614.238|-4805.211 4576.176|-4805.225 4543.273
2404 3500 VARSITY DR NW,-4760.675 4502.109|-4527.591 4501.798|-4523.753 4501.853|-4519.930 4502.054|-4516.106 4502.365|-4512.296 4502.821|-4509.940 4519.578|-4568.730 4613.882|-4818.178 4844.412|-4867.398 4707.108|-4867.426 4603.530|-4817.298 4603.519|-4793.124 4629.772|-4770.161 4629.761|-4770.168 4614.238|-4805.211 4576.176|-4805.225 4543.273
2403 3500 VARSITY DR NW,-4760.675 4502.109|-4527.591 4501.798|-4523.753 4501.853|-4519.930 4502.054|-4516.106 4502.365|-4512.296 4502.821|-4509.940 4519.578|-4568.730 4613.882|-4818.178 4844.412|-4867.398 4707.108|-4867.426 4603.530|-4817.298 4603.519|-4793.124 4629.772|-4770.161 4629.761|-4770.168 4614.238|-4805.211 4576.176|-4805.225 4543.273
2401 3500 VARSITY DR NW,-4760.675 4502.109|-4527.591 4501.798|-4523.753 4501.853|-4519.930 4502.054|-4516.106 4502.365|-4512.296 4502.821|-4509.940 4519.578|-4568.730 4613.882|-4818.178 4844.412|-4867.398 4707.108|-4867.426 4603.530|-4817.298 4603.519|-4793.124 4629.772|-4770.161 4629.761|-4770.168 4614.238|-4805.211 4576.176|-4805.225 4543.273
287 4037 42 ST NW,-5567.984 4213.202|-5562.406 4230.860|-5561.014 4235.597|-5559.805 4240.390|-5558.777 4245.227|-5557.932 4250.097|-5557.282 4255.001|-5556.806 4259.915|-5556.527 4264.853|-5556.436 4269.790|-5556.359 4354.776|-5556.275 4458.743|-5557.792 4460.266|-5591.835 4460.289|-5594.072 4460.178|-5596.288 4459.844|-5598.462 4459.299|-5600.574 4458.543|-5602.594 4457.587|-5604.516 4456.441|-5606.320 4455.107|-5607.976 4453.595|-5609.479 4451.938|-5610.815 4450.137|-5611.961 4448.213|-5612.919 4446.189|-5613.674 4444.088|-5614.219 4441.908|-5614.547 4439.695|-5614.652 4437.460|-5614.652 4434.592|-5614.806 4428.943|-5615.261 4423.316|-5616.015 4417.723|-5617.071 4412.175|-5618.413 4406.693|-5620.049 4401.289|-5621.978 4395.985|-5624.180 4390.781|-5626.655 4385.710|-5629.402 4380.773|-5632.408 4375.992|-5635.666 4371.377|-5639.161 4366.941|-5642.894 4362.704|-5646.844 4358.668|-5651.003 4354.843|-5654.058 4352.018|-5656.931 4349.005|-5659.608 4345.814|-5662.090 4342.467|-5664.355 4338.975|-5666.396 4335.350|-5668.213 4331.603|-5669.793 4327.755|-5671.128 4323.808|-5672.219 4319.794|-5673.058 4315.724|-5673.645 4311.599|-5673.974 4307.451|-5674.043 4303.293|-5673.855 4299.134|-5673.414 4294.997|-5660.272 4200.371
286 4037 42 ST NW,-5567.984 4213.202|-5562.406 4230.860|-5561.014 4235.597|-5559.805 4240.390|-5558.777 4245.227|-5557.932 4250.097|-5557.282 4255.001|-5556.806 4259.915|-5556.527 4264.853|-5556.436 4269.790|-5556.359 4354.776|-5556.275 4458.743|-5557.792 4460.266|-5591.835 4460.289|-5594.072 4460.178|-5596.288 4459.844|-5598.462 4459.299|-5600.574 4458.543|-5602.594 4457.587|-5604.516 4456.441|-5606.320 4455.107|-5607.976 4453.595|-5609.479 4451.938|-5610.815 4450.137|-5611.961 4448.213|-5612.919 4446.189|-5613.674 4444.088|-5614.219 4441.908|-5614.547 4439.695|-5614.652 4437.460|-5614.652 4434.592|-5614.806 4428.943|-5615.261 4423.316|-5616.015 4417.723|-5617.071 4412.175|-5618.413 4406.693|-5620.049 4401.289|-5621.978 4395.985|-5624.180 4390.781|-5626.655 4385.710|-5629.402 4380.773|-5632.408 4375.992|-5635.666 4371.377|-5639.161 4366.941|-5642.894 4362.704|-5646.844 4358.668|-5651.003 4354.843|-5654.058 4352.018|-5656.931 4349.005|-5659.608 4345.814|-5662.090 4342.467|-5664.355 4338.975|-5666.396 4335.350|-5668.213 4331.603|-5669.793 4327.755|-5671.128 4323.808|-5672.219 4319.794|-5673.058 4315.724|-5673.645 4311.599|-5673.974 4307.451|-5674.043 4303.293|-5673.855 4299.134|-5673.414 4294.997|-5660.272 4200.371
285 4037 42 ST NW,-5567.984 4213.202|-5562.406 4230.860|-5561.014 4235.597|-5559.805 4240.390|-5558.777 4245.227|-5557.932 4250.097|-5557.282 4255.001|-5556.806 4259.915|-5556.527 4264.853|-5556.436 4269.790|-5556.359 4354.776|-5556.275 4458.743|-5557.792 4460.266|-5591.835 4460.289|-5594.072 4460.178|-5596.288 4459.844|-5598.462 4459.299|-5600.574 4458.543|-5602.594 4457.587|-5604.516 4456.441|-5606.320 4455.107|-5607.976 4453.595|-5609.479 4451.938|-5610.815 4450.137|-5611.961 4448.213|-5612.919 4446.189|-5613.674 4444.088|-5614.219 4441.908|-5614.547 4439.695|-5614.652 4437.460|-5614.652 4434.592|-5614.806 4428.943|-5615.261 4423.316|-5616.015 4417.723|-5617.071 4412.175|-5618.413 4406.693|-5620.049 4401.289|-5621.978 4395.985|-5624.180 4390.781|-5626.655 4385.710|-5629.402 4380.773|-5632.408 4375.992|-5635.666 4371.377|-5639.161 4366.941|-5642.894 4362.704|-5646.844 4358.668|-5651.003 4354.843|-5654.058 4352.018|-5656.931 4349.005|-5659.608 4345.814|-5662.090 4342.467|-5664.355 4338.975|-5666.396 4335.350|-5668.213 4331.603|-5669.793 4327.755|-5671.128 4323.808|-5672.219 4319.794|-5673.058 4315.724|-5673.645 4311.599|-5673.974 4307.451|-5674.043 4303.293|-5673.855 4299.134|-5673.414 4294.997|-5660.272 4200.371
284 4037 42 ST NW,-5567.984 4213.202|-5562.406 4230.860|-5561.014 4235.597|-5559.805 4240.390|-5558.777 4245.227|-5557.932 4250.097|-5557.282 4255.001|-5556.806 4259.915|-5556.527 4264.853|-5556.436 4269.790|-5556.359 4354.776|-5556.275 4458.743|-5557.792 4460.266|-5591.835 4460.289|-5594.072 4460.178|-5596.288 4459.844|-5598.462 4459.299|-5600.574 4458.543|-5602.594 4457.587|-5604.516 4456.441|-5606.320 4455.107|-5607.976 4453.595|-5609.479 4451.938|-5610.815 4450.137|-5611.961 4448.213|-5612.919 4446.189|-5613.674 4444.088|-5614.219 4441.908|-5614.547 4439.695|-5614.652 4437.460|-5614.652 4434.592|-5614.806 4428.943|-5615.261 4423.316|-5616.015 4417.723|-5617.071 4412.175|-5618.413 4406.693|-5620.049 4401.289|-5621.978 4395.985|-5624.180 4390.781|-5626.655 4385.710|-5629.402 4380.773|-5632.408 4375.992|-5635.666 4371.377|-5639.161 4366.941|-5642.894 4362.704|-5646.844 4358.668|-5651.003 4354.843|-5654.058 4352.018|-5656.931 4349.005|-5659.608 4345.814|-5662.090 4342.467|-5664.355 4338.975|-5666.396 4335.350|-5668.213 4331.603|-5669.793 4327.755|-5671.128 4323.808|-5672.219 4319.794|-5673.058 4315.724|-5673.645 4311.599|-5673.974 4307.451|-5674.043 4303.293|-5673.855 4299.134|-5673.414 4294.997|-5660.272 4200.371
283 4037 42 ST NW,-5567.984 4213.202|-5562.406 4230.860|-5561.014 4235.597|-5559.805 4240.390|-5558.777 4245.227|-5557.932 4250.097|-5557.282 4255.001|-5556.806 4259.915|-5556.527 4264.853|-5556.436 4269.790|-5556.359 4354.776|-5556.275 4458.743|-5557.792 4460.266|-5591.835 4460.289|-5594.072 4460.178|-5596.288 4459.844|-5598.462 4459.299|-5600.574 4458.543|-5602.594 4457.587|-5604.516 4456.441|-5606.320 4455.107|-5607.976 4453.595|-5609.479 4451.938|-5610.815 4450.137|-5611.961 4448.213|-5612.919 4446.189|-5613.674 4444.088|-5614.219 4441.908|-5614.547 4439.695|-5614.652 4437.460|-5614.652 4434.592|-5614.806 4428.943|-5615.261 4423.316|-5616.015 4417.723|-5617.071 4412.175|-5618.413 4406.693|-5620.049 4401.289|-5621.978 4395.985|-5624.180 4390.781|-5626.655 4385.710|-5629.402 4380.773|-5632.408 4375.992|-5635.666 4371.377|-5639.161 4366.941|-5642.894 4362.704|-5646.844 4358.668|-5651.003 4354.843|-5654.058 4352.018|-5656.931 4349.005|-5659.608 4345.814|-5662.090 4342.467|-5664.355 4338.975|-5666.396 4335.350|-5668.213 4331.603|-5669.793 4327.755|-5671.128 4323.808|-5672.219 4319.794|-5673.058 4315.724|-5673.645 4311.599|-5673.974 4307.451|-5674.043 4303.293|-5673.855 4299.134|-5673.414 4294.997|-5660.272 4200.371
282 4037 42 ST NW,-5567.984 4213.202|-5562.406 4230.860|-5561.014 4235.597|-5559.805 4240.390|-5558.777 4245.227|-5557.932 4250.097|-5557.282 4255.001|-5556.806 4259.915|-5556.527 4264.853|-5556.436 4269.790|-5556.359 4354.776|-5556.275 4458.743|-5557.792 4460.266|-5591.835 4460.289|-5594.072 4460.178|-5596.288 4459.844|-5598.462 4459.299|-5600.574 4458.543|-5602.594 4457.587|-5604.516 4456.441|-5606.320 4455.107|-5607.976 4453.595|-5609.479 4451.938|-5610.815 4450.137|-5611.961 4448.213|-5612.919 4446.189|-5613.674 4444.088|-5614.219 4441.908|-5614.547 4439.695|-5614.652 4437.460|-5614.652 4434.592|-5614.806 4428.943|-5615.261 4423.316|-5616.015 4417.723|-5617.071 4412.175|-5618.413 4406.693|-5620.049 4401.289|-5621.978 4395.985|-5624.180 4390.781|-5626.655 4385.710|-5629.402 4380.773|-5632.408 4375.992|-5635.666 4371.377|-5639.161 4366.941|-5642.894 4362.704|-5646.844 4358.668|-5651.003 4354.843|-5654.058 4352.018|-5656.931 4349.005|-5659.608 4345.814|-5662.090 4342.467|-5664.355 4338.975|-5666.396 4335.350|-5668.213 4331.603|-5669.793 4327.755|-5671.128 4323.808|-5672.219 4319.794|-5673.058 4315.724|-5673.645 4311.599|-5673.974 4307.451|-5674.043 4303.293|-5673.855 4299.134|-5673.414 4294.997|-5660.272 4200.371
201 4037 42 ST NW,-5567.984 4213.202|-5562.406 4230.860|-5561.014 4235.597|-5559.805 4240.390|-5558.777 4245.227|-5557.932 4250.097|-5557.282 4255.001|-5556.806 4259.915|-5556.527 4264.853|-5556.436 4269.790|-5556.359 4354.776|-5556.275 4458.743|-5557.792 4460.266|-5591.835 4460.289|-5594.072 4460.178|-5596.288 4459.844|-5598.462 4459.299|-5600.574 4458.543|-5602.594 4457.587|-5604.516 4456.441|-5606.320 4455.107|-5607.976 4453.595|-5609.479 4451.938|-5610.815 4450.137|-5611.961 4448.213|-5612.919 4446.189|-5613.674 4444.088|-5614.219 4441.908|-5614.547 4439.695|-5614.652 4437.460|-5614.652 4434.592|-5614.806 4428.943|-5615.261 4423.316|-5616.015 4417.723|-5617.071 4412.175|-5618.413 4406.693|-5620.049 4401.289|-5621.978 4395.985|-5624.180 4390.781|-5626.655 4385.710|-5629.402 4380.773|-5632.408 4375.992|-5635.666 4371.377|-5639.161 4366.941|-5642.894 4362.704|-5646.844 4358.668|-5651.003 4354.843|-5654.058 4352.018|-5656.931 4349.005|-5659.608 4345.814|-5662.090 4342.467|-5664.355 4338.975|-5666.396 4335.350|-5668.213 4331.603|-5669.793 4327.755|-5671.128 4323.808|-5672.219 4319.794|-5673.058 4315.724|-5673.645 4311.599|-5673.974 4307.451|-5674.043 4303.293|-5673.855 4299.134|-5673.414 4294.997|-5660.272 4200.371
202 4037 42 ST NW,-5567.984 4213.202|-5562.406 4230.860|-5561.014 4235.597|-5559.805 4240.390|-5558.777 4245.227|-5557.932 4250.097|-5557.282 4255.001|-5556.806 4259.915|-5556.527 4264.853|-5556.436 4269.790|-5556.359 4354.776|-5556.275 4458.743|-5557.792 4460.266|-5591.835 4460.289|-5594.072 4460.178|-5596.288 4459.844|-5598.462 4459.299|-5600.574 4458.543|-5602.594 4457.587|-5604.516 4456.441|-5606.320 4455.107|-5607.976 4453.595|-5609.479 4451.938|-5610.815 4450.137|-5611.961 4448.213|-5612.919 4446.189|-5613.674 4444.088|-5614.219 4441.908|-5614.547 4439.695|-5614.652 4437.460|-5614.652 4434.592|-5614.806 4428.943|-5615.261 4423.316|-5616.015 4417.723|-5617.071 4412.175|-5618.413 4406.693|-5620.049 4401.289|-5621.978 4395.985|-5624.180 4390.781|-5626.655 4385.710|-5629.402 4380.773|-5632.408 4375.992|-5635.666 4371.377|-5639.161 4366.941|-5642.894 4362.704|-5646.844 4358.668|-5651.003 4354.843|-5654.058 4352.018|-5656.931 4349.005|-5659.608 4345.814|-5662.090 4342.467|-5664.355 4338.975|-5666.396 4335.350|-5668.213 4331.603|-5669.793 4327.755|-5671.128 4323.808|-5672.219 4319.794|-5673.058 4315.724|-5673.645 4311.599|-5673.974 4307.451|-5674.043 4303.293|-5673.855 4299.134|-5673.414 4294.997|-5660.272 4200.371
203 4037 42 ST NW,-5567.984 4213.202|-5562.406 4230.860|-5561.014 4235.597|-5559.805 4240.390|-5558.777 4245.227|-5557.932 4250.097|-5557.282 4255.001|-5556.806 4259.915|-5556.527 4264.853|-5556.436 4269.790|-5556.359 4354.776|-5556.275 4458.743|-5557.792 4460.266|-5591.835 4460.289|-5594.072 4460.178|-5596.288 4459.844|-5598.462 4459.299|-5600.574 4458.543|-5602.594 4457.587|-5604.516 4456.441|-5606.320 4455.107|-5607.976 4453.595|-5609.479 4451.938|-5610.815 4450.137|-5611.961 4448.213|-5612.919 4446.189|-5613.674 4444.088|-5614.219 4441.908|-5614.547 4439.695|-5614.652 4437.460|-5614.652 4434.592|-5614.806 4428.943|-5615.261 4423.316|-5616.015 4417.723|-5617.071 4412.175|-5618.413 4406.693|-5620.049 4401.289|-5621.978 4395.985|-5624.180 4390.781|-5626.655 4385.710|-5629.402 4380.773|-5632.408 4375.992|-5635.666 4371.377|-5639.161 4366.941|-5642.894 4362.704|-5646.844 4358.668|-5651.003 4354.843|-5654.058 4352.018|-5656.931 4349.005|-5659.608 4345.814|-5662.090 4342.467|-5664.355 4338.975|-5666.396 4335.350|-5668.213 4331.603|-5669.793 4327.755|-5671.128 4323.808|-5672.219 4319.794|-5673.058 4315.724|-5673.645 4311.599|-5673.974 4307.451|-5674.043 4303.293|-5673.855 4299.134|-5673.414 4294.997|-5660.272 4200.371
204 4037 42 ST NW,-5567.984 4213.202|-5562.406 4230.860|-5561.014 4235.597|-5559.805 4240.390|-5558.777 4245.227|-5557.932 4250.097|-5557.282 4255.001|-5556.806 4259.915|-5556.527 4264.853|-5556.436 4269.790|-5556.359 4354.776|-5556.275 4458.743|-5557.792 4460.266|-5591.835 4460.289|-5594.072 4460.178|-5596.288 4459.844|-5598.462 4459.299|-5600.574 4458.543|-5602.594 4457.587|-5604.516 4456.441|-5606.320 4455.107|-5607.976 4453.595|-5609.479 4451.938|-5610.815 4450.137|-5611.961 4448.213|-5612.919 4446.189|-5613.674 4444.088|-5614.219 4441.908|-5614.547 4439.695|-5614.652 4437.460|-5614.652 4434.592|-5614.806 4428.943|-5615.261 4423.316|-5616.015 4417.723|-5617.071 4412.175|-5618.413 4406.693|-5620.049 4401.289|-5621.978 4395.985|-5624.180 4390.781|-5626.655 4385.710|-5629.402 4380.773|-5632.408 4375.992|-5635.666 4371.377|-5639.161 4366.941|-5642.894 4362.704|-5646.844 4358.668|-5651.003 4354.843|-5654.058 4352.018|-5656.931 4349.005|-5659.608 4345.814|-5662.090 4342.467|-5664.355 4338.975|-5666.396 4335.350|-5668.213 4331.603|-5669.793 4327.755|-5671.128 4323.808|-5672.219 4319.794|-5673.058 4315.724|-5673.645 4311.599|-5673.974 4307.451|-5674.043 4303.293|-5673.855 4299.134|-5673.414 4294.997|-5660.272 4200.371
205 4037 42 ST NW,-5567.984 4213.202|-5562.406 4230.860|-5561.014 4235.597|-5559.805 4240.390|-5558.777 4245.227|-5557.932 4250.097|-5557.282 4255.001|-5556.806 4259.915|-5556.527 4264.853|-5556.436 4269.790|-5556.359 4354.776|-5556.275 4458.743|-5557.792 4460.266|-5591.835 4460.289|-5594.072 4460.178|-5596.288 4459.844|-5598.462 4459.299|-5600.574 4458.543|-5602.594 4457.587|-5604.516 4456.441|-5606.320 4455.107|-5607.976 4453.595|-5609.479 4451.938|-5610.815 4450.137|-5611.961 4448.213|-5612.919 4446.189|-5613.674 4444.088|-5614.219 4441.908|-5614.547 4439.695|-5614.652 4437.460|-5614.652 4434.592|-5614.806 4428.943|-5615.261 4423.316|-5616.015 4417.723|-5617.071 4412.175|-5618.413 4406.693|-5620.049 4401.289|-5621.978 4395.985|-5624.180 4390.781|-5626.655 4385.710|-5629.402 4380.773|-5632.408 4375.992|-5635.666 4371.377|-5639.161 4366.941|-5642.894 4362.704|-5646.844 4358.668|-5651.003 4354.843|-5654.058 4352.018|-5656.931 4349.005|-5659.608 4345.814|-5662.090 4342.467|-5664.355 4338.975|-5666.396 4335.350|-5668.213 4331.603|-5669.793 4327.755|-5671.128 4323.808|-5672.219 4319.794|-5673.058 4315.724|-5673.645 4311.599|-5673.974 4307.451|-5674.043 4303.293|-5673.855 4299.134|-5673.414 4294.997|-5660.272 4200.371
206 4037 42 ST NW,-5567.984 4213.202|-5562.406 4230.860|-5561.014 4235.597|-5559.805 4240.390|-5558.777 4245.227|-5557.932 4250.097|-5557.282 4255.001|-5556.806 4259.915|-5556.527 4264.853|-5556.436 4269.790|-5556.359 4354.776|-5556.275 4458.743|-5557.792 4460.266|-5591.835 4460.289|-5594.072 4460.178|-5596.288 4459.844|-5598.462 4459.299|-5600.574 4458.543|-5602.594 4457.587|-5604.516 4456.441|-5606.320 4455.107|-5607.976 4453.595|-5609.479 4451.938|-5610.815 4450.137|-5611.961 4448.213|-5612.919 4446.189|-5613.674 4444.088|-5614.219 4441.908|-5614.547 4439.695|-5614.652 4437.460|-5614.652 4434.592|-5614.806 4428.943|-5615.261 4423.316|-5616.015 4417.723|-5617.071 4412.175|-5618.413 4406.693|-5620.049 4401.289|-5621.978 4395.985|-5624.180 4390.781|-5626.655 4385.710|-5629.402 4380.773|-5632.408 4375.992|-5635.666 4371.377|-5639.161 4366.941|-5642.894 4362.704|-5646.844 4358.668|-5651.003 4354.843|-5654.058 4352.018|-5656.931 4349.005|-5659.608 4345.814|-5662.090 4342.467|-5664.355 4338.975|-5666.396 4335.350|-5668.213 4331.603|-5669.793 4327.755|-5671.128 4323.808|-5672.219 4319.794|-5673.058 4315.724|-5673.645 4311.599|-5673.974 4307.451|-5674.043 4303.293|-5673.855 4299.134|-5673.414 4294.997|-5660.272 4200.371
281 4037 42 ST NW,-5567.984 4213.202|-5562.406 4230.860|-5561.014 4235.597|-5559.805 4240.390|-5558.777 4245.227|-5557.932 4250.097|-5557.282 4255.001|-5556.806 4259.915|-5556.527 4264.853|-5556.436 4269.790|-5556.359 4354.776|-5556.275 4458.743|-5557.792 4460.266|-5591.835 4460.289|-5594.072 4460.178|-5596.288 4459.844|-5598.462 4459.299|-5600.574 4458.543|-5602.594 4457.587|-5604.516 4456.441|-5606.320 4455.107|-5607.976 4453.595|-5609.479 4451.938|-5610.815 4450.137|-5611.961 4448.213|-5612.919 4446.189|-5613.674 4444.088|-5614.219 4441.908|-5614.547 4439.695|-5614.652 4437.460|-5614.652 4434.592|-5614.806 4428.943|-5615.261 4423.316|-5616.015 4417.723|-5617.071 4412.175|-5618.413 4406.693|-5620.049 4401.289|-5621.978 4395.985|-5624.180 4390.781|-5626.655 4385.710|-5629.402 4380.773|-5632.408 4375.992|-5635.666 4371.377|-5639.161 4366.941|-5642.894 4362.704|-5646.844 4358.668|-5651.003 4354.843|-5654.058 4352.018|-5656.931 4349.005|-5659.608 4345.814|-5662.090 4342.467|-5664.355 4338.975|-5666.396 4335.350|-5668.213 4331.603|-5669.793 4327.755|-5671.128 4323.808|-5672.219 4319.794|-5673.058 4315.724|-5673.645 4311.599|-5673.974 4307.451|-5674.043 4303.293|-5673.855 4299.134|-5673.414 4294.997|-5660.272 4200.371
280 4037 42 ST NW,-5567.984 4213.202|-5562.406 4230.860|-5561.014 4235.597|-5559.805 4240.390|-5558.777 4245.227|-5557.932 4250.097|-5557.282 4255.001|-5556.806 4259.915|-5556.527 4264.853|-5556.436 4269.790|-5556.359 4354.776|-5556.275 4458.743|-5557.792 4460.266|-5591.835 4460.289|-5594.072 4460.178|-5596.288 4459.844|-5598.462 4459.299|-5600.574 4458.543|-5602.594 4457.587|-5604.516 4456.441|-5606.320 4455.107|-5607.976 4453.595|-5609.479 4451.938|-5610.815 4450.137|-5611.961 4448.213|-5612.919 4446.189|-5613.674 4444.088|-5614.219 4441.908|-5614.547 4439.695|-5614.652 4437.460|-5614.652 4434.592|-5614.806 4428.943|-5615.261 4423.316|-5616.015 4417.723|-5617.071 4412.175|-5618.413 4406.693|-5620.049 4401.289|-5621.978 4395.985|-5624.180 4390.781|-5626.655 4385.710|-5629.402 4380.773|-5632.408 4375.992|-5635.666 4371.377|-5639.161 4366.941|-5642.894 4362.704|-5646.844 4358.668|-5651.003 4354.843|-5654.058 4352.018|-5656.931 4349.005|-5659.608 4345.814|-5662.090 4342.467|-5664.355 4338.975|-5666.396 4335.350|-5668.213 4331.603|-5669.793 4327.755|-5671.128 4323.808|-5672.219 4319.794|-5673.058 4315.724|-5673.645 4311.599|-5673.974 4307.451|-5674.043 4303.293|-5673.855 4299.134|-5673.414 4294.997|-5660.272 4200.371
279 4037 42 ST NW,-5567.984 4213.202|-5562.406 4230.860|-5561.014 4235.597|-5559.805 4240.390|-5558.777 4245.227|-5557.932 4250.097|-5557.282 4255.001|-5556.806 4259.915|-5556.527 4264.853|-5556.436 4269.790|-5556.359 4354.776|-5556.275 4458.743|-5557.792 4460.266|-5591.835 4460.289|-5594.072 4460.178|-5596.288 4459.844|-5598.462 4459.299|-5600.574 4458.543|-5602.594 4457.587|-5604.516 4456.441|-5606.320 4455.107|-5607.976 4453.595|-5609.479 4451.938|-5610.815 4450.137|-5611.961 4448.213|-5612.919 4446.189|-5613.674 4444.088|-5614.219 4441.908|-5614.547 4439.695|-5614.652 4437.460|-5614.652 4434.592|-5614.806 4428.943|-5615.261 4423.316|-5616.015 4417.723|-5617.071 4412.175|-5618.413 4406.693|-5620.049 4401.289|-5621.978 4395.985|-5624.180 4390.781|-5626.655 4385.710|-5629.402 4380.773|-5632.408 4375.992|-5635.666 4371.377|-5639.161 4366.941|-5642.894 4362.704|-5646.844 4358.668|-5651.003 4354.843|-5654.058 4352.018|-5656.931 4349.005|-5659.608 4345.814|-5662.090 4342.467|-5664.355 4338.975|-5666.396 4335.350|-5668.213 4331.603|-5669.793 4327.755|-5671.128 4323.808|-5672.219 4319.794|-5673.058 4315.724|-5673.645 4311.599|-5673.974 4307.451|-5674.043 4303.293|-5673.855 4299.134|-5673.414 4294.997|-5660.272 4200.371
278 4037 42 ST NW,-5567.984 4213.202|-5562.406 4230.860|-5561.014 4235.597|-5559.805 4240.390|-5558.777 4245.227|-5557.932 4250.097|-5557.282 4255.001|-5556.806 4259.915|-5556.527 4264.853|-5556.436 4269.790|-5556.359 4354.776|-5556.275 4458.743|-5557.792 4460.266|-5591.835 4460.289|-5594.072 4460.178|-5596.288 4459.844|-5598.462 4459.299|-5600.574 4458.543|-5602.594 4457.587|-5604.516 4456.441|-5606.320 4455.107|-5607.976 4453.595|-5609.479 4451.938|-5610.815 4450.137|-5611.961 4448.213|-5612.919 4446.189|-5613.674 4444.088|-5614.219 4441.908|-5614.547 4439.695|-5614.652 4437.460|-5614.652 4434.592|-5614.806 4428.943|-5615.261 4423.316|-5616.015 4417.723|-5617.071 4412.175|-5618.413 4406.693|-5620.049 4401.289|-5621.978 4395.985|-5624.180 4390.781|-5626.655 4385.710|-5629.402 4380.773|-5632.408 4375.992|-5635.666 4371.377|-5639.161 4366.941|-5642.894 4362.704|-5646.844 4358.668|-5651.003 4354.843|-5654.058 4352.018|-5656.931 4349.005|-5659.608 4345.814|-5662.090 4342.467|-5664.355 4338.975|-5666.396 4335.350|-5668.213 4331.603|-5669.793 4327.755|-5671.128 4323.808|-5672.219 4319.794|-5673.058 4315.724|-5673.645 4311.599|-5673.974 4307.451|-5674.043 4303.293|-5673.855 4299.134|-5673.414 4294.997|-5660.272 4200.371
277 4037 42 ST NW,-5567.984 4213.202|-5562.406 4230.860|-5561.014 4235.597|-5559.805 4240.390|-5558.777 4245.227|-5557.932 4250.097|-5557.282 4255.001|-5556.806 4259.915|-5556.527 4264.853|-5556.436 4269.790|-5556.359 4354.776|-5556.275 4458.743|-5557.792 4460.266|-5591.835 4460.289|-5594.072 4460.178|-5596.288 4459.844|-5598.462 4459.299|-5600.574 4458.543|-5602.594 4457.587|-5604.516 4456.441|-5606.320 4455.107|-5607.976 4453.595|-5609.479 4451.938|-5610.815 4450.137|-5611.961 4448.213|-5612.919 4446.189|-5613.674 4444.088|-5614.219 4441.908|-5614.547 4439.695|-5614.652 4437.460|-5614.652 4434.592|-5614.806 4428.943|-5615.261 4423.316|-5616.015 4417.723|-5617.071 4412.175|-5618.413 4406.693|-5620.049 4401.289|-5621.978 4395.985|-5624.180 4390.781|-5626.655 4385.710|-5629.402 4380.773|-5632.408 4375.992|-5635.666 4371.377|-5639.161 4366.941|-5642.894 4362.704|-5646.844 4358.668|-5651.003 4354.843|-5654.058 4352.018|-5656.931 4349.005|-5659.608 4345.814|-5662.090 4342.467|-5664.355 4338.975|-5666.396 4335.350|-5668.213 4331.603|-5669.793 4327.755|-5671.128 4323.808|-5672.219 4319.794|-5673.058 4315.724|-5673.645 4311.599|-5673.974 4307.451|-5674.043 4303.293|-5673.855 4299.134|-5673.414 4294.997|-5660.272 4200.371
276 4037 42 ST NW,-5567.984 4213.202|-5562.406 4230.860|-5561.014 4235.597|-5559.805 4240.390|-5558.777 4245.227|-5557.932 4250.097|-5557.282 4255.001|-5556.806 4259.915|-5556.527 4264.853|-5556.436 4269.790|-5556.359 4354.776|-5556.275 4458.743|-5557.792 4460.266|-5591.835 4460.289|-5594.072 4460.178|-5596.288 4459.844|-5598.462 4459.299|-5600.574 4458.543|-5602.594 4457.587|-5604.516 4456.441|-5606.320 4455.107|-5607.976 4453.595|-5609.479 4451.938|-5610.815 4450.137|-5611.961 4448.213|-5612.919 4446.189|-5613.674 4444.088|-5614.219 4441.908|-5614.547 4439.695|-5614.652 4437.460|-5614.652 4434.592|-5614.806 4428.943|-5615.261 4423.316|-5616.015 4417.723|-5617.071 4412.175|-5618.413 4406.693|-5620.049 4401.289|-5621.978 4395.985|-5624.180 4390.781|-5626.655 4385.710|-5629.402 4380.773|-5632.408 4375.992|-5635.666 4371.377|-5639.161 4366.941|-5642.894 4362.704|-5646.844 4358.668|-5651.003 4354.843|-5654.058 4352.018|-5656.931 4349.005|-5659.608 4345.814|-5662.090 4342.467|-5664.355 4338.975|-5666.396 4335.350|-5668.213 4331.603|-5669.793 4327.755|-5671.128 4323.808|-5672.219 4319.794|-5673.058 4315.724|-5673.645 4311.599|-5673.974 4307.451|-5674.043 4303.293|-5673.855 4299.134|-5673.414 4294.997|-5660.272 4200.371
207 4037 42 ST NW,-5567.984 4213.202|-5562.406 4230.860|-5561.014 4235.597|-5559.805 4240.390|-5558.777 4245.227|-5557.932 4250.097|-5557.282 4255.001|-5556.806 4259.915|-5556.527 4264.853|-5556.436 4269.790|-5556.359 4354.776|-5556.275 4458.743|-5557.792 4460.266|-5591.835 4460.289|-5594.072 4460.178|-5596.288 4459.844|-5598.462 4459.299|-5600.574 4458.543|-5602.594 4457.587|-5604.516 4456.441|-5606.320 4455.107|-5607.976 4453.595|-5609.479 4451.938|-5610.815 4450.137|-5611.961 4448.213|-5612.919 4446.189|-5613.674 4444.088|-5614.219 4441.908|-5614.547 4439.695|-5614.652 4437.460|-5614.652 4434.592|-5614.806 4428.943|-5615.261 4423.316|-5616.015 4417.723|-5617.071 4412.175|-5618.413 4406.693|-5620.049 4401.289|-5621.978 4395.985|-5624.180 4390.781|-5626.655 4385.710|-5629.402 4380.773|-5632.408 4375.992|-5635.666 4371.377|-5639.161 4366.941|-5642.894 4362.704|-5646.844 4358.668|-5651.003 4354.843|-5654.058 4352.018|-5656.931 4349.005|-5659.608 4345.814|-5662.090 4342.467|-5664.355 4338.975|-5666.396 4335.350|-5668.213 4331.603|-5669.793 4327.755|-5671.128 4323.808|-5672.219 4319.794|-5673.058 4315.724|-5673.645 4311.599|-5673.974 4307.451|-5674.043 4303.293|-5673.855 4299.134|-5673.414 4294.997|-5660.272 4200.371
208 4037 42 ST NW,-5567.984 4213.202|-5562.406 4230.860|-5561.014 4235.597|-5559.805 4240.390|-5558.777 4245.227|-5557.932 4250.097|-5557.282 4255.001|-5556.806 4259.915|-5556.527 4264.853|-5556.436 4269.790|-5556.359 4354.776|-5556.275 4458.743|-5557.792 4460.266|-5591.835 4460.289|-5594.072 4460.178|-5596.288 4459.844|-5598.462 4459.299|-5600.574 4458.543|-5602.594 4457.587|-5604.516 4456.441|-5606.320 4455.107|-5607.976 4453.595|-5609.479 4451.938|-5610.815 4450.137|-5611.961 4448.213|-5612.919 4446.189|-5613.674 4444.088|-5614.219 4441.908|-5614.547 4439.695|-5614.652 4437.460|-5614.652 4434.592|-5614.806 4428.943|-5615.261 4423.316|-5616.015 4417.723|-5617.071 4412.175|-5618.413 4406.693|-5620.049 4401.289|-5621.978 4395.985|-5624.180 4390.781|-5626.655 4385.710|-5629.402 4380.773|-5632.408 4375.992|-5635.666 4371.377|-5639.161 4366.941|-5642.894 4362.704|-5646.844 4358.668|-5651.003 4354.843|-5654.058 4352.018|-5656.931 4349.005|-5659.608 4345.814|-5662.090 4342.467|-5664.355 4338.975|-5666.396 4335.350|-5668.213 4331.603|-5669.793 4327.755|-5671.128 4323.808|-5672.219 4319.794|-5673.058 4315.724|-5673.645 4311.599|-5673.974 4307.451|-5674.043 4303.293|-5673.855 4299.134|-5673.414 4294.997|-5660.272 4200.371
209 4037 42 ST NW,-5567.984 4213.202|-5562.406 4230.860|-5561.014 4235.597|-5559.805 4240.390|-5558.777 4245.227|-5557.932 4250.097|-5557.282 4255.001|-5556.806 4259.915|-5556.527 4264.853|-5556.436 4269.790|-5556.359 4354.776|-5556.275 4458.743|-5557.792 4460.266|-5591.835 4460.289|-5594.072 4460.178|-5596.288 4459.844|-5598.462 4459.299|-5600.574 4458.543|-5602.594 4457.587|-5604.516 4456.441|-5606.320 4455.107|-5607.976 4453.595|-5609.479 4451.938|-5610.815 4450.137|-5611.961 4448.213|-5612.919 4446.189|-5613.674 4444.088|-5614.219 4441.908|-5614.547 4439.695|-5614.652 4437.460|-5614.652 4434.592|-5614.806 4428.943|-5615.261 4423.316|-5616.015 4417.723|-5617.071 4412.175|-5618.413 4406.693|-5620.049 4401.289|-5621.978 4395.985|-5624.180 4390.781|-5626.655 4385.710|-5629.402 4380.773|-5632.408 4375.992|-5635.666 4371.377|-5639.161 4366.941|-5642.894 4362.704|-5646.844 4358.668|-5651.003 4354.843|-5654.058 4352.018|-5656.931 4349.005|-5659.608 4345.814|-5662.090 4342.467|-5664.355 4338.975|-5666.396 4335.350|-5668.213 4331.603|-5669.793 4327.755|-5671.128 4323.808|-5672.219 4319.794|-5673.058 4315.724|-5673.645 4311.599|-5673.974 4307.451|-5674.043 4303.293|-5673.855 4299.134|-5673.414 4294.997|-5660.272 4200.371
210 4037 42 ST NW,-5567.984 4213.202|-5562.406 4230.860|-5561.014 4235.597|-5559.805 4240.390|-5558.777 4245.227|-5557.932 4250.097|-5557.282 4255.001|-5556.806 4259.915|-5556.527 4264.853|-5556.436 4269.790|-5556.359 4354.776|-5556.275 4458.743|-5557.792 4460.266|-5591.835 4460.289|-5594.072 4460.178|-5596.288 4459.844|-5598.462 4459.299|-5600.574 4458.543|-5602.594 4457.587|-5604.516 4456.441|-5606.320 4455.107|-5607.976 4453.595|-5609.479 4451.938|-5610.815 4450.137|-5611.961 4448.213|-5612.919 4446.189|-5613.674 4444.088|-5614.219 4441.908|-5614.547 4439.695|-5614.652 4437.460|-5614.652 4434.592|-5614.806 4428.943|-5615.261 4423.316|-5616.015 4417.723|-5617.071 4412.175|-5618.413 4406.693|-5620.049 4401.289|-5621.978 4395.985|-5624.180 4390.781|-5626.655 4385.710|-5629.402 4380.773|-5632.408 4375.992|-5635.666 4371.377|-5639.161 4366.941|-5642.894 4362.704|-5646.844 4358.668|-5651.003 4354.843|-5654.058 4352.018|-5656.931 4349.005|-5659.608 4345.814|-5662.090 4342.467|-5664.355 4338.975|-5666.396 4335.350|-5668.213 4331.603|-5669.793 4327.755|-5671.128 4323.808|-5672.219 4319.794|-5673.058 4315.724|-5673.645 4311.599|-5673.974 4307.451|-5674.043 4303.293|-5673.855 4299.134|-5673.414 4294.997|-5660.272 4200.371
211 4037 42 ST NW,-5567.984 4213.202|-5562.406 4230.860|-5561.014 4235.597|-5559.805 4240.390|-5558.777 4245.227|-5557.932 4250.097|-5557.282 4255.001|-5556.806 4259.915|-5556.527 4264.853|-5556.436 4269.790|-5556.359 4354.776|-5556.275 4458.743|-5557.792 4460.266|-5591.835 4460.289|-5594.072 4460.178|-5596.288 4459.844|-5598.462 4459.299|-5600.574 4458.543|-5602.594 4457.587|-5604.516 4456.441|-5606.320 4455.107|-5607.976 4453.595|-5609.479 4451.938|-5610.815 4450.137|-5611.961 4448.213|-5612.919 4446.189|-5613.674 4444.088|-5614.219 4441.908|-5614.547 4439.695|-5614.652 4437.460|-5614.652 4434.592|-5614.806 4428.943|-5615.261 4423.316|-5616.015 4417.723|-5617.071 4412.175|-5618.413 4406.693|-5620.049 4401.289|-5621.978 4395.985|-5624.180 4390.781|-5626.655 4385.710|-5629.402 4380.773|-5632.408 4375.992|-5635.666 4371.377|-5639.161 4366.941|-5642.894 4362.704|-5646.844 4358.668|-5651.003 4354.843|-5654.058 4352.018|-5656.931 4349.005|-5659.608 4345.814|-5662.090 4342.467|-5664.355 4338.975|-5666.396 4335.350|-5668.213 4331.603|-5669.793 4327.755|-5671.128 4323.808|-5672.219 4319.794|-5673.058 4315.724|-5673.645 4311.599|-5673.974 4307.451|-5674.043 4303.293|-5673.855 4299.134|-5673.414 4294.997|-5660.272 4200.371
216 4037 42 ST NW,-5567.984 4213.202|-5562.406 4230.860|-5561.014 4235.597|-5559.805 4240.390|-5558.777 4245.227|-5557.932 4250.097|-5557.282 4255.001|-5556.806 4259.915|-5556.527 4264.853|-5556.436 4269.790|-5556.359 4354.776|-5556.275 4458.743|-5557.792 4460.266|-5591.835 4460.289|-5594.072 4460.178|-5596.288 4459.844|-5598.462 4459.299|-5600.574 4458.543|-5602.594 4457.587|-5604.516 4456.441|-5606.320 4455.107|-5607.976 4453.595|-5609.479 4451.938|-5610.815 4450.137|-5611.961 4448.213|-5612.919 4446.189|-5613.674 4444.088|-5614.219 4441.908|-5614.547 4439.695|-5614.652 4437.460|-5614.652 4434.592|-5614.806 4428.943|-5615.261 4423.316|-5616.015 4417.723|-5617.071 4412.175|-5618.413 4406.693|-5620.049 4401.289|-5621.978 4395.985|-5624.180 4390.781|-5626.655 4385.710|-5629.402 4380.773|-5632.408 4375.992|-5635.666 4371.377|-5639.161 4366.941|-5642.894 4362.704|-5646.844 4358.668|-5651.003 4354.843|-5654.058 4352.018|-5656.931 4349.005|-5659.608 4345.814|-5662.090 4342.467|-5664.355 4338.975|-5666.396 4335.350|-5668.213 4331.603|-5669.793 4327.755|-5671.128 4323.808|-5672.219 4319.794|-5673.058 4315.724|-5673.645 4311.599|-5673.974 4307.451|-5674.043 4303.293|-5673.855 4299.134|-5673.414 4294.997|-5660.272 4200.371
215 4037 42 ST NW,-5567.984 4213.202|-5562.406 4230.860|-5561.014 4235.597|-5559.805 4240.390|-5558.777 4245.227|-5557.932 4250.097|-5557.282 4255.001|-5556.806 4259.915|-5556.527 4264.853|-5556.436 4269.790|-5556.359 4354.776|-5556.275 4458.743|-5557.792 4460.266|-5591.835 4460.289|-5594.072 4460.178|-5596.288 4459.844|-5598.462 4459.299|-5600.574 4458.543|-5602.594 4457.587|-5604.516 4456.441|-5606.320 4455.107|-5607.976 4453.595|-5609.479 4451.938|-5610.815 4450.137|-5611.961 4448.213|-5612.919 4446.189|-5613.674 4444.088|-5614.219 4441.908|-5614.547 4439.695|-5614.652 4437.460|-5614.652 4434.592|-5614.806 4428.943|-5615.261 4423.316|-5616.015 4417.723|-5617.071 4412.175|-5618.413 4406.693|-5620.049 4401.289|-5621.978 4395.985|-5624.180 4390.781|-5626.655 4385.710|-5629.402 4380.773|-5632.408 4375.992|-5635.666 4371.377|-5639.161 4366.941|-5642.894 4362.704|-5646.844 4358.668|-5651.003 4354.843|-5654.058 4352.018|-5656.931 4349.005|-5659.608 4345.814|-5662.090 4342.467|-5664.355 4338.975|-5666.396 4335.350|-5668.213 4331.603|-5669.793 4327.755|-5671.128 4323.808|-5672.219 4319.794|-5673.058 4315.724|-5673.645 4311.599|-5673.974 4307.451|-5674.043 4303.293|-5673.855 4299.134|-5673.414 4294.997|-5660.272 4200.371
214 4037 42 ST NW,-5567.984 4213.202|-5562.406 4230.860|-5561.014 4235.597|-5559.805 4240.390|-5558.777 4245.227|-5557.932 4250.097|-5557.282 4255.001|-5556.806 4259.915|-5556.527 4264.853|-5556.436 4269.790|-5556.359 4354.776|-5556.275 4458.743|-5557.792 4460.266|-5591.835 4460.289|-5594.072 4460.178|-5596.288 4459.844|-5598.462 4459.299|-5600.574 4458.543|-5602.594 4457.587|-5604.516 4456.441|-5606.320 4455.107|-5607.976 4453.595|-5609.479 4451.938|-5610.815 4450.137|-5611.961 4448.213|-5612.919 4446.189|-5613.674 4444.088|-5614.219 4441.908|-5614.547 4439.695|-5614.652 4437.460|-5614.652 4434.592|-5614.806 4428.943|-5615.261 4423.316|-5616.015 4417.723|-5617.071 4412.175|-5618.413 4406.693|-5620.049 4401.289|-5621.978 4395.985|-5624.180 4390.781|-5626.655 4385.710|-5629.402 4380.773|-5632.408 4375.992|-5635.666 4371.377|-5639.161 4366.941|-5642.894 4362.704|-5646.844 4358.668|-5651.003 4354.843|-5654.058 4352.018|-5656.931 4349.005|-5659.608 4345.814|-5662.090 4342.467|-5664.355 4338.975|-5666.396 4335.350|-5668.213 4331.603|-5669.793 4327.755|-5671.128 4323.808|-5672.219 4319.794|-5673.058 4315.724|-5673.645 4311.599|-5673.974 4307.451|-5674.043 4303.293|-5673.855 4299.134|-5673.414 4294.997|-5660.272 4200.371
213 4037 42 ST NW,-5567.984 4213.202|-5562.406 4230.860|-5561.014 4235.597|-5559.805 4240.390|-5558.777 4245.227|-5557.932 4250.097|-5557.282 4255.001|-5556.806 4259.915|-5556.527 4264.853|-5556.436 4269.790|-5556.359 4354.776|-5556.275 4458.743|-5557.792 4460.266|-5591.835 4460.289|-5594.072 4460.178|-5596.288 4459.844|-5598.462 4459.299|-5600.574 4458.543|-5602.594 4457.587|-5604.516 4456.441|-5606.320 4455.107|-5607.976 4453.595|-5609.479 4451.938|-5610.815 4450.137|-5611.961 4448.213|-5612.919 4446.189|-5613.674 4444.088|-5614.219 4441.908|-5614.547 4439.695|-5614.652 4437.460|-5614.652 4434.592|-5614.806 4428.943|-5615.261 4423.316|-5616.015 4417.723|-5617.071 4412.175|-5618.413 4406.693|-5620.049 4401.289|-5621.978 4395.985|-5624.180 4390.781|-5626.655 4385.710|-5629.402 4380.773|-5632.408 4375.992|-5635.666 4371.377|-5639.161 4366.941|-5642.894 4362.704|-5646.844 4358.668|-5651.003 4354.843|-5654.058 4352.018|-5656.931 4349.005|-5659.608 4345.814|-5662.090 4342.467|-5664.355 4338.975|-5666.396 4335.350|-5668.213 4331.603|-5669.793 4327.755|-5671.128 4323.808|-5672.219 4319.794|-5673.058 4315.724|-5673.645 4311.599|-5673.974 4307.451|-5674.043 4303.293|-5673.855 4299.134|-5673.414 4294.997|-5660.272 4200.371
212 4037 42 ST NW,-5567.984 4213.202|-5562.406 4230.860|-5561.014 4235.597|-5559.805 4240.390|-5558.777 4245.227|-5557.932 4250.097|-5557.282 4255.001|-5556.806 4259.915|-5556.527 4264.853|-5556.436 4269.790|-5556.359 4354.776|-5556.275 4458.743|-5557.792 4460.266|-5591.835 4460.289|-5594.072 4460.178|-5596.288 4459.844|-5598.462 4459.299|-5600.574 4458.543|-5602.594 4457.587|-5604.516 4456.441|-5606.320 4455.107|-5607.976 4453.595|-5609.479 4451.938|-5610.815 4450.137|-5611.961 4448.213|-5612.919 4446.189|-5613.674 4444.088|-5614.219 4441.908|-5614.547 4439.695|-5614.652 4437.460|-5614.652 4434.592|-5614.806 4428.943|-5615.261 4423.316|-5616.015 4417.723|-5617.071 4412.175|-5618.413 4406.693|-5620.049 4401.289|-5621.978 4395.985|-5624.180 4390.781|-5626.655 4385.710|-5629.402 4380.773|-5632.408 4375.992|-5635.666 4371.377|-5639.161 4366.941|-5642.894 4362.704|-5646.844 4358.668|-5651.003 4354.843|-5654.058 4352.018|-5656.931 4349.005|-5659.608 4345.814|-5662.090 4342.467|-5664.355 4338.975|-5666.396 4335.350|-5668.213 4331.603|-5669.793 4327.755|-5671.128 4323.808|-5672.219 4319.794|-5673.058 4315.724|-5673.645 4311.599|-5673.974 4307.451|-5674.043 4303.293|-5673.855 4299.134|-5673.414 4294.997|-5660.272 4200.371
217 4037 42 ST NW,-5567.984 4213.202|-5562.406 4230.860|-5561.014 4235.597|-5559.805 4240.390|-5558.777 4245.227|-5557.932 4250.097|-5557.282 4255.001|-5556.806 4259.915|-5556.527 4264.853|-5556.436 4269.790|-5556.359 4354.776|-5556.275 4458.743|-5557.792 4460.266|-5591.835 4460.289|-5594.072 4460.178|-5596.288 4459.844|-5598.462 4459.299|-5600.574 4458.543|-5602.594 4457.587|-5604.516 4456.441|-5606.320 4455.107|-5607.976 4453.595|-5609.479 4451.938|-5610.815 4450.137|-5611.961 4448.213|-5612.919 4446.189|-5613.674 4444.088|-5614.219 4441.908|-5614.547 4439.695|-5614.652 4437.460|-5614.652 4434.592|-5614.806 4428.943|-5615.261 4423.316|-5616.015 4417.723|-5617.071 4412.175|-5618.413 4406.693|-5620.049 4401.289|-5621.978 4395.985|-5624.180 4390.781|-5626.655 4385.710|-5629.402 4380.773|-5632.408 4375.992|-5635.666 4371.377|-5639.161 4366.941|-5642.894 4362.704|-5646.844 4358.668|-5651.003 4354.843|-5654.058 4352.018|-5656.931 4349.005|-5659.608 4345.814|-5662.090 4342.467|-5664.355 4338.975|-5666.396 4335.350|-5668.213 4331.603|-5669.793 4327.755|-5671.128 4323.808|-5672.219 4319.794|-5673.058 4315.724|-5673.645 4311.599|-5673.974 4307.451|-5674.043 4303.293|-5673.855 4299.134|-5673.414 4294.997|-5660.272 4200.371
218 4037 42 ST NW,-5567.984 4213.202|-5562.406 4230.860|-5561.014 4235.597|-5559.805 4240.390|-5558.777 4245.227|-5557.932 4250.097|-5557.282 4255.001|-5556.806 4259.915|-5556.527 4264.853|-5556.436 4269.790|-5556.359 4354.776|-5556.275 4458.743|-5557.792 4460.266|-5591.835 4460.289|-5594.072 4460.178|-5596.288 4459.844|-5598.462 4459.299|-5600.574 4458.543|-5602.594 4457.587|-5604.516 4456.441|-5606.320 4455.107|-5607.976 4453.595|-5609.479 4451.938|-5610.815 4450.137|-5611.961 4448.213|-5612.919 4446.189|-5613.674 4444.088|-5614.219 4441.908|-5614.547 4439.695|-5614.652 4437.460|-5614.652 4434.592|-5614.806 4428.943|-5615.261 4423.316|-5616.015 4417.723|-5617.071 4412.175|-5618.413 4406.693|-5620.049 4401.289|-5621.978 4395.985|-5624.180 4390.781|-5626.655 4385.710|-5629.402 4380.773|-5632.408 4375.992|-5635.666 4371.377|-5639.161 4366.941|-5642.894 4362.704|-5646.844 4358.668|-5651.003 4354.843|-5654.058 4352.018|-5656.931 4349.005|-5659.608 4345.814|-5662.090 4342.467|-5664.355 4338.975|-5666.396 4335.350|-5668.213 4331.603|-5669.793 4327.755|-5671.128 4323.808|-5672.219 4319.794|-5673.058 4315.724|-5673.645 4311.599|-5673.974 4307.451|-5674.043 4303.293|-5673.855 4299.134|-5673.414 4294.997|-5660.272 4200.371
219 4037 42 ST NW,-5567.984 4213.202|-5562.406 4230.860|-5561.014 4235.597|-5559.805 4240.390|-5558.777 4245.227|-5557.932 4250.097|-5557.282 4255.001|-5556.806 4259.915|-5556.527 4264.853|-5556.436 4269.790|-5556.359 4354.776|-5556.275 4458.743|-5557.792 4460.266|-5591.835 4460.289|-5594.072 4460.178|-5596.288 4459.844|-5598.462 4459.299|-5600.574 4458.543|-5602.594 4457.587|-5604.516 4456.441|-5606.320 4455.107|-5607.976 4453.595|-5609.479 4451.938|-5610.815 4450.137|-5611.961 4448.213|-5612.919 4446.189|-5613.674 4444.088|-5614.219 4441.908|-5614.547 4439.695|-5614.652 4437.460|-5614.652 4434.592|-5614.806 4428.943|-5615.261 4423.316|-5616.015 4417.723|-5617.071 4412.175|-5618.413 4406.693|-5620.049 4401.289|-5621.978 4395.985|-5624.180 4390.781|-5626.655 4385.710|-5629.402 4380.773|-5632.408 4375.992|-5635.666 4371.377|-5639.161 4366.941|-5642.894 4362.704|-5646.844 4358.668|-5651.003 4354.843|-5654.058 4352.018|-5656.931 4349.005|-5659.608 4345.814|-5662.090 4342.467|-5664.355 4338.975|-5666.396 4335.350|-5668.213 4331.603|-5669.793 4327.755|-5671.128 4323.808|-5672.219 4319.794|-5673.058 4315.724|-5673.645 4311.599|-5673.974 4307.451|-5674.043 4303.293|-5673.855 4299.134|-5673.414 4294.997|-5660.272 4200.371
220 4037 42 ST NW,-5567.984 4213.202|-5562.406 4230.860|-5561.014 4235.597|-5559.805 4240.390|-5558.777 4245.227|-5557.932 4250.097|-5557.282 4255.001|-5556.806 4259.915|-5556.527 4264.853|-5556.436 4269.790|-5556.359 4354.776|-5556.275 4458.743|-5557.792 4460.266|-5591.835 4460.289|-5594.072 4460.178|-5596.288 4459.844|-5598.462 4459.299|-5600.574 4458.543|-5602.594 4457.587|-5604.516 4456.441|-5606.320 4455.107|-5607.976 4453.595|-5609.479 4451.938|-5610.815 4450.137|-5611.961 4448.213|-5612.919 4446.189|-5613.674 4444.088|-5614.219 4441.908|-5614.547 4439.695|-5614.652 4437.460|-5614.652 4434.592|-5614.806 4428.943|-5615.261 4423.316|-5616.015 4417.723|-5617.071 4412.175|-5618.413 4406.693|-5620.049 4401.289|-5621.978 4395.985|-5624.180 4390.781|-5626.655 4385.710|-5629.402 4380.773|-5632.408 4375.992|-5635.666 4371.377|-5639.161 4366.941|-5642.894 4362.704|-5646.844 4358.668|-5651.003 4354.843|-5654.058 4352.018|-5656.931 4349.005|-5659.608 4345.814|-5662.090 4342.467|-5664.355 4338.975|-5666.396 4335.350|-5668.213 4331.603|-5669.793 4327.755|-5671.128 4323.808|-5672.219 4319.794|-5673.058 4315.724|-5673.645 4311.599|-5673.974 4307.451|-5674.043 4303.293|-5673.855 4299.134|-5673.414 4294.997|-5660.272 4200.371
221 4037 42 ST NW,-5567.984 4213.202|-5562.406 4230.860|-5561.014 4235.597|-5559.805 4240.390|-5558.777 4245.227|-5557.932 4250.097|-5557.282 4255.001|-5556.806 4259.915|-5556.527 4264.853|-5556.436 4269.790|-5556.359 4354.776|-5556.275 4458.743|-5557.792 4460.266|-5591.835 4460.289|-5594.072 4460.178|-5596.288 4459.844|-5598.462 4459.299|-5600.574 4458.543|-5602.594 4457.587|-5604.516 4456.441|-5606.320 4455.107|-5607.976 4453.595|-5609.479 4451.938|-5610.815 4450.137|-5611.961 4448.213|-5612.919 4446.189|-5613.674 4444.088|-5614.219 4441.908|-5614.547 4439.695|-5614.652 4437.460|-5614.652 4434.592|-5614.806 4428.943|-5615.261 4423.316|-5616.015 4417.723|-5617.071 4412.175|-5618.413 4406.693|-5620.049 4401.289|-5621.978 4395.985|-5624.180 4390.781|-5626.655 4385.710|-5629.402 4380.773|-5632.408 4375.992|-5635.666 4371.377|-5639.161 4366.941|-5642.894 4362.704|-5646.844 4358.668|-5651.003 4354.843|-5654.058 4352.018|-5656.931 4349.005|-5659.608 4345.814|-5662.090 4342.467|-5664.355 4338.975|-5666.396 4335.350|-5668.213 4331.603|-5669.793 4327.755|-5671.128 4323.808|-5672.219 4319.794|-5673.058 4315.724|-5673.645 4311.599|-5673.974 4307.451|-5674.043 4303.293|-5673.855 4299.134|-5673.414 4294.997|-5660.272 4200.371
222 4037 42 ST NW,-5567.984 4213.202|-5562.406 4230.860|-5561.014 4235.597|-5559.805 4240.390|-5558.777 4245.227|-5557.932 4250.097|-5557.282 4255.001|-5556.806 4259.915|-5556.527 4264.853|-5556.436 4269.790|-5556.359 4354.776|-5556.275 4458.743|-5557.792 4460.266|-5591.835 4460.289|-5594.072 4460.178|-5596.288 4459.844|-5598.462 4459.299|-5600.574 4458.543|-5602.594 4457.587|-5604.516 4456.441|-5606.320 4455.107|-5607.976 4453.595|-5609.479 4451.938|-5610.815 4450.137|-5611.961 4448.213|-5612.919 4446.189|-5613.674 4444.088|-5614.219 4441.908|-5614.547 4439.695|-5614.652 4437.460|-5614.652 4434.592|-5614.806 4428.943|-5615.261 4423.316|-5616.015 4417.723|-5617.071 4412.175|-5618.413 4406.693|-5620.049 4401.289|-5621.978 4395.985|-5624.180 4390.781|-5626.655 4385.710|-5629.402 4380.773|-5632.408 4375.992|-5635.666 4371.377|-5639.161 4366.941|-5642.894 4362.704|-5646.844 4358.668|-5651.003 4354.843|-5654.058 4352.018|-5656.931 4349.005|-5659.608 4345.814|-5662.090 4342.467|-5664.355 4338.975|-5666.396 4335.350|-5668.213 4331.603|-5669.793 4327.755|-5671.128 4323.808|-5672.219 4319.794|-5673.058 4315.724|-5673.645 4311.599|-5673.974 4307.451|-5674.043 4303.293|-5673.855 4299.134|-5673.414 4294.997|-5660.272 4200.371
223 4037 42 ST NW,-5567.984 4213.202|-5562.406 4230.860|-5561.014 4235.597|-5559.805 4240.390|-5558.777 4245.227|-5557.932 4250.097|-5557.282 4255.001|-5556.806 4259.915|-5556.527 4264.853|-5556.436 4269.790|-5556.359 4354.776|-5556.275 4458.743|-5557.792 4460.266|-5591.835 4460.289|-5594.072 4460.178|-5596.288 4459.844|-5598.462 4459.299|-5600.574 4458.543|-5602.594 4457.587|-5604.516 4456.441|-5606.320 4455.107|-5607.976 4453.595|-5609.479 4451.938|-5610.815 4450.137|-5611.961 4448.213|-5612.919 4446.189|-5613.674 4444.088|-5614.219 4441.908|-5614.547 4439.695|-5614.652 4437.460|-5614.652 4434.592|-5614.806 4428.943|-5615.261 4423.316|-5616.015 4417.723|-5617.071 4412.175|-5618.413 4406.693|-5620.049 4401.289|-5621.978 4395.985|-5624.180 4390.781|-5626.655 4385.710|-5629.402 4380.773|-5632.408 4375.992|-5635.666 4371.377|-5639.161 4366.941|-5642.894 4362.704|-5646.844 4358.668|-5651.003 4354.843|-5654.058 4352.018|-5656.931 4349.005|-5659.608 4345.814|-5662.090 4342.467|-5664.355 4338.975|-5666.396 4335.350|-5668.213 4331.603|-5669.793 4327.755|-5671.128 4323.808|-5672.219 4319.794|-5673.058 4315.724|-5673.645 4311.599|-5673.974 4307.451|-5674.043 4303.293|-5673.855 4299.134|-5673.414 4294.997|-5660.272 4200.371
275 4037 42 ST NW,-5567.984 4213.202|-5562.406 4230.860|-5561.014 4235.597|-5559.805 4240.390|-5558.777 4245.227|-5557.932 4250.097|-5557.282 4255.001|-5556.806 4259.915|-5556.527 4264.853|-5556.436 4269.790|-5556.359 4354.776|-5556.275 4458.743|-5557.792 4460.266|-5591.835 4460.289|-5594.072 4460.178|-5596.288 4459.844|-5598.462 4459.299|-5600.574 4458.543|-5602.594 4457.587|-5604.516 4456.441|-5606.320 4455.107|-5607.976 4453.595|-5609.479 4451.938|-5610.815 4450.137|-5611.961 4448.213|-5612.919 4446.189|-5613.674 4444.088|-5614.219 4441.908|-5614.547 4439.695|-5614.652 4437.460|-5614.652 4434.592|-5614.806 4428.943|-5615.261 4423.316|-5616.015 4417.723|-5617.071 4412.175|-5618.413 4406.693|-5620.049 4401.289|-5621.978 4395.985|-5624.180 4390.781|-5626.655 4385.710|-5629.402 4380.773|-5632.408 4375.992|-5635.666 4371.377|-5639.161 4366.941|-5642.894 4362.704|-5646.844 4358.668|-5651.003 4354.843|-5654.058 4352.018|-5656.931 4349.005|-5659.608 4345.814|-5662.090 4342.467|-5664.355 4338.975|-5666.396 4335.350|-5668.213 4331.603|-5669.793 4327.755|-5671.128 4323.808|-5672.219 4319.794|-5673.058 4315.724|-5673.645 4311.599|-5673.974 4307.451|-5674.043 4303.293|-5673.855 4299.134|-5673.414 4294.997|-5660.272 4200.371
274 4037 42 ST NW,-5567.984 4213.202|-5562.406 4230.860|-5561.014 4235.597|-5559.805 4240.390|-5558.777 4245.227|-5557.932 4250.097|-5557.282 4255.001|-5556.806 4259.915|-5556.527 4264.853|-5556.436 4269.790|-5556.359 4354.776|-5556.275 4458.743|-5557.792 4460.266|-5591.835 4460.289|-5594.072 4460.178|-5596.288 4459.844|-5598.462 4459.299|-5600.574 4458.543|-5602.594 4457.587|-5604.516 4456.441|-5606.320 4455.107|-5607.976 4453.595|-5609.479 4451.938|-5610.815 4450.137|-5611.961 4448.213|-5612.919 4446.189|-5613.674 4444.088|-5614.219 4441.908|-5614.547 4439.695|-5614.652 4437.460|-5614.652 4434.592|-5614.806 4428.943|-5615.261 4423.316|-5616.015 4417.723|-5617.071 4412.175|-5618.413 4406.693|-5620.049 4401.289|-5621.978 4395.985|-5624.180 4390.781|-5626.655 4385.710|-5629.402 4380.773|-5632.408 4375.992|-5635.666 4371.377|-5639.161 4366.941|-5642.894 4362.704|-5646.844 4358.668|-5651.003 4354.843|-5654.058 4352.018|-5656.931 4349.005|-5659.608 4345.814|-5662.090 4342.467|-5664.355 4338.975|-5666.396 4335.350|-5668.213 4331.603|-5669.793 4327.755|-5671.128 4323.808|-5672.219 4319.794|-5673.058 4315.724|-5673.645 4311.599|-5673.974 4307.451|-5674.043 4303.293|-5673.855 4299.134|-5673.414 4294.997|-5660.272 4200.371
273 4037 42 ST NW,-5567.984 4213.202|-5562.406 4230.860|-5561.014 4235.597|-5559.805 4240.390|-5558.777 4245.227|-5557.932 4250.097|-5557.282 4255.001|-5556.806 4259.915|-5556.527 4264.853|-5556.436 4269.790|-5556.359 4354.776|-5556.275 4458.743|-5557.792 4460.266|-5591.835 4460.289|-5594.072 4460.178|-5596.288 4459.844|-5598.462 4459.299|-5600.574 4458.543|-5602.594 4457.587|-5604.516 4456.441|-5606.320 4455.107|-5607.976 4453.595|-5609.479 4451.938|-5610.815 4450.137|-5611.961 4448.213|-5612.919 4446.189|-5613.674 4444.088|-5614.219 4441.908|-5614.547 4439.695|-5614.652 4437.460|-5614.652 4434.592|-5614.806 4428.943|-5615.261 4423.316|-5616.015 4417.723|-5617.071 4412.175|-5618.413 4406.693|-5620.049 4401.289|-5621.978 4395.985|-5624.180 4390.781|-5626.655 4385.710|-5629.402 4380.773|-5632.408 4375.992|-5635.666 4371.377|-5639.161 4366.941|-5642.894 4362.704|-5646.844 4358.668|-5651.003 4354.843|-5654.058 4352.018|-5656.931 4349.005|-5659.608 4345.814|-5662.090 4342.467|-5664.355 4338.975|-5666.396 4335.350|-5668.213 4331.603|-5669.793 4327.755|-5671.128 4323.808|-5672.219 4319.794|-5673.058 4315.724|-5673.645 4311.599|-5673.974 4307.451|-5674.043 4303.293|-5673.855 4299.134|-5673.414 4294.997|-5660.272 4200.371
272 4037 42 ST NW,-5567.984 4213.202|-5562.406 4230.860|-5561.014 4235.597|-5559.805 4240.390|-5558.777 4245.227|-5557.932 4250.097|-5557.282 4255.001|-5556.806 4259.915|-5556.527 4264.853|-5556.436 4269.790|-5556.359 4354.776|-5556.275 4458.743|-5557.792 4460.266|-5591.835 4460.289|-5594.072 4460.178|-5596.288 4459.844|-5598.462 4459.299|-5600.574 4458.543|-5602.594 4457.587|-5604.516 4456.441|-5606.320 4455.107|-5607.976 4453.595|-5609.479 4451.938|-5610.815 4450.137|-5611.961 4448.213|-5612.919 4446.189|-5613.674 4444.088|-5614.219 4441.908|-5614.547 4439.695|-5614.652 4437.460|-5614.652 4434.592|-5614.806 4428.943|-5615.261 4423.316|-5616.015 4417.723|-5617.071 4412.175|-5618.413 4406.693|-5620.049 4401.289|-5621.978 4395.985|-5624.180 4390.781|-5626.655 4385.710|-5629.402 4380.773|-5632.408 4375.992|-5635.666 4371.377|-5639.161 4366.941|-5642.894 4362.704|-5646.844 4358.668|-5651.003 4354.843|-5654.058 4352.018|-5656.931 4349.005|-5659.608 4345.814|-5662.090 4342.467|-5664.355 4338.975|-5666.396 4335.350|-5668.213 4331.603|-5669.793 4327.755|-5671.128 4323.808|-5672.219 4319.794|-5673.058 4315.724|-5673.645 4311.599|-5673.974 4307.451|-5674.043 4303.293|-5673.855 4299.134|-5673.414 4294.997|-5660.272 4200.371
271 4037 42 ST NW,-5567.984 4213.202|-5562.406 4230.860|-5561.014 4235.597|-5559.805 4240.390|-5558.777 4245.227|-5557.932 4250.097|-5557.282 4255.001|-5556.806 4259.915|-5556.527 4264.853|-5556.436 4269.790|-5556.359 4354.776|-5556.275 4458.743|-5557.792 4460.266|-5591.835 4460.289|-5594.072 4460.178|-5596.288 4459.844|-5598.462 4459.299|-5600.574 4458.543|-5602.594 4457.587|-5604.516 4456.441|-5606.320 4455.107|-5607.976 4453.595|-5609.479 4451.938|-5610.815 4450.137|-5611.961 4448.213|-5612.919 4446.189|-5613.674 4444.088|-5614.219 4441.908|-5614.547 4439.695|-5614.652 4437.460|-5614.652 4434.592|-5614.806 4428.943|-5615.261 4423.316|-5616.015 4417.723|-5617.071 4412.175|-5618.413 4406.693|-5620.049 4401.289|-5621.978 4395.985|-5624.180 4390.781|-5626.655 4385.710|-5629.402 4380.773|-5632.408 4375.992|-5635.666 4371.377|-5639.161 4366.941|-5642.894 4362.704|-5646.844 4358.668|-5651.003 4354.843|-5654.058 4352.018|-5656.931 4349.005|-5659.608 4345.814|-5662.090 4342.467|-5664.355 4338.975|-5666.396 4335.350|-5668.213 4331.603|-5669.793 4327.755|-5671.128 4323.808|-5672.219 4319.794|-5673.058 4315.724|-5673.645 4311.599|-5673.974 4307.451|-5674.043 4303.293|-5673.855 4299.134|-5673.414 4294.997|-5660.272 4200.371
270 4037 42 ST NW,-5567.984 4213.202|-5562.406 4230.860|-5561.014 4235.597|-5559.805 4240.390|-5558.777 4245.227|-5557.932 4250.097|-5557.282 4255.001|-5556.806 4259.915|-5556.527 4264.853|-5556.436 4269.790|-5556.359 4354.776|-5556.275 4458.743|-5557.792 4460.266|-5591.835 4460.289|-5594.072 4460.178|-5596.288 4459.844|-5598.462 4459.299|-5600.574 4458.543|-5602.594 4457.587|-5604.516 4456.441|-5606.320 4455.107|-5607.976 4453.595|-5609.479 4451.938|-5610.815 4450.137|-5611.961 4448.213|-5612.919 4446.189|-5613.674 4444.088|-5614.219 4441.908|-5614.547 4439.695|-5614.652 4437.460|-5614.652 4434.592|-5614.806 4428.943|-5615.261 4423.316|-5616.015 4417.723|-5617.071 4412.175|-5618.413 4406.693|-5620.049 4401.289|-5621.978 4395.985|-5624.180 4390.781|-5626.655 4385.710|-5629.402 4380.773|-5632.408 4375.992|-5635.666 4371.377|-5639.161 4366.941|-5642.894 4362.704|-5646.844 4358.668|-5651.003 4354.843|-5654.058 4352.018|-5656.931 4349.005|-5659.608 4345.814|-5662.090 4342.467|-5664.355 4338.975|-5666.396 4335.350|-5668.213 4331.603|-5669.793 4327.755|-5671.128 4323.808|-5672.219 4319.794|-5673.058 4315.724|-5673.645 4311.599|-5673.974 4307.451|-5674.043 4303.293|-5673.855 4299.134|-5673.414 4294.997|-5660.272 4200.371
269 4037 42 ST NW,-5567.984 4213.202|-5562.406 4230.860|-5561.014 4235.597|-5559.805 4240.390|-5558.777 4245.227|-5557.932 4250.097|-5557.282 4255.001|-5556.806 4259.915|-5556.527 4264.853|-5556.436 4269.790|-5556.359 4354.776|-5556.275 4458.743|-5557.792 4460.266|-5591.835 4460.289|-5594.072 4460.178|-5596.288 4459.844|-5598.462 4459.299|-5600.574 4458.543|-5602.594 4457.587|-5604.516 4456.441|-5606.320 4455.107|-5607.976 4453.595|-5609.479 4451.938|-5610.815 4450.137|-5611.961 4448.213|-5612.919 4446.189|-5613.674 4444.088|-5614.219 4441.908|-5614.547 4439.695|-5614.652 4437.460|-5614.652 4434.592|-5614.806 4428.943|-5615.261 4423.316|-5616.015 4417.723|-5617.071 4412.175|-5618.413 4406.693|-5620.049 4401.289|-5621.978 4395.985|-5624.180 4390.781|-5626.655 4385.710|-5629.402 4380.773|-5632.408 4375.992|-5635.666 4371.377|-5639.161 4366.941|-5642.894 4362.704|-5646.844 4358.668|-5651.003 4354.843|-5654.058 4352.018|-5656.931 4349.005|-5659.608 4345.814|-5662.090 4342.467|-5664.355 4338.975|-5666.396 4335.350|-5668.213 4331.603|-5669.793 4327.755|-5671.128 4323.808|-5672.219 4319.794|-5673.058 4315.724|-5673.645 4311.599|-5673.974 4307.451|-5674.043 4303.293|-5673.855 4299.134|-5673.414 4294.997|-5660.272 4200.371
268 4037 42 ST NW,-5567.984 4213.202|-5562.406 4230.860|-5561.014 4235.597|-5559.805 4240.390|-5558.777 4245.227|-5557.932 4250.097|-5557.282 4255.001|-5556.806 4259.915|-5556.527 4264.853|-5556.436 4269.790|-5556.359 4354.776|-5556.275 4458.743|-5557.792 4460.266|-5591.835 4460.289|-5594.072 4460.178|-5596.288 4459.844|-5598.462 4459.299|-5600.574 4458.543|-5602.594 4457.587|-5604.516 4456.441|-5606.320 4455.107|-5607.976 4453.595|-5609.479 4451.938|-5610.815 4450.137|-5611.961 4448.213|-5612.919 4446.189|-5613.674 4444.088|-5614.219 4441.908|-5614.547 4439.695|-5614.652 4437.460|-5614.652 4434.592|-5614.806 4428.943|-5615.261 4423.316|-5616.015 4417.723|-5617.071 4412.175|-5618.413 4406.693|-5620.049 4401.289|-5621.978 4395.985|-5624.180 4390.781|-5626.655 4385.710|-5629.402 4380.773|-5632.408 4375.992|-5635.666 4371.377|-5639.161 4366.941|-5642.894 4362.704|-5646.844 4358.668|-5651.003 4354.843|-5654.058 4352.018|-5656.931 4349.005|-5659.608 4345.814|-5662.090 4342.467|-5664.355 4338.975|-5666.396 4335.350|-5668.213 4331.603|-5669.793 4327.755|-5671.128 4323.808|-5672.219 4319.794|-5673.058 4315.724|-5673.645 4311.599|-5673.974 4307.451|-5674.043 4303.293|-5673.855 4299.134|-5673.414 4294.997|-5660.272 4200.371
267 4037 42 ST NW,-5567.984 4213.202|-5562.406 4230.860|-5561.014 4235.597|-5559.805 4240.390|-5558.777 4245.227|-5557.932 4250.097|-5557.282 4255.001|-5556.806 4259.915|-5556.527 4264.853|-5556.436 4269.790|-5556.359 4354.776|-5556.275 4458.743|-5557.792 4460.266|-5591.835 4460.289|-5594.072 4460.178|-5596.288 4459.844|-5598.462 4459.299|-5600.574 4458.543|-5602.594 4457.587|-5604.516 4456.441|-5606.320 4455.107|-5607.976 4453.595|-5609.479 4451.938|-5610.815 4450.137|-5611.961 4448.213|-5612.919 4446.189|-5613.674 4444.088|-5614.219 4441.908|-5614.547 4439.695|-5614.652 4437.460|-5614.652 4434.592|-5614.806 4428.943|-5615.261 4423.316|-5616.015 4417.723|-5617.071 4412.175|-5618.413 4406.693|-5620.049 4401.289|-5621.978 4395.985|-5624.180 4390.781|-5626.655 4385.710|-5629.402 4380.773|-5632.408 4375.992|-5635.666 4371.377|-5639.161 4366.941|-5642.894 4362.704|-5646.844 4358.668|-5651.003 4354.843|-5654.058 4352.018|-5656.931 4349.005|-5659.608 4345.814|-5662.090 4342.467|-5664.355 4338.975|-5666.396 4335.350|-5668.213 4331.603|-5669.793 4327.755|-5671.128 4323.808|-5672.219 4319.794|-5673.058 4315.724|-5673.645 4311.599|-5673.974 4307.451|-5674.043 4303.293|-5673.855 4299.134|-5673.414 4294.997|-5660.272 4200.371
266 4037 42 ST NW,-5567.984 4213.202|-5562.406 4230.860|-5561.014 4235.597|-5559.805 4240.390|-5558.777 4245.227|-5557.932 4250.097|-5557.282 4255.001|-5556.806 4259.915|-5556.527 4264.853|-5556.436 4269.790|-5556.359 4354.776|-5556.275 4458.743|-5557.792 4460.266|-5591.835 4460.289|-5594.072 4460.178|-5596.288 4459.844|-5598.462 4459.299|-5600.574 4458.543|-5602.594 4457.587|-5604.516 4456.441|-5606.320 4455.107|-5607.976 4453.595|-5609.479 4451.938|-5610.815 4450.137|-5611.961 4448.213|-5612.919 4446.189|-5613.674 4444.088|-5614.219 4441.908|-5614.547 4439.695|-5614.652 4437.460|-5614.652 4434.592|-5614.806 4428.943|-5615.261 4423.316|-5616.015 4417.723|-5617.071 4412.175|-5618.413 4406.693|-5620.049 4401.289|-5621.978 4395.985|-5624.180 4390.781|-5626.655 4385.710|-5629.402 4380.773|-5632.408 4375.992|-5635.666 4371.377|-5639.161 4366.941|-5642.894 4362.704|-5646.844 4358.668|-5651.003 4354.843|-5654.058 4352.018|-5656.931 4349.005|-5659.608 4345.814|-5662.090 4342.467|-5664.355 4338.975|-5666.396 4335.350|-5668.213 4331.603|-5669.793 4327.755|-5671.128 4323.808|-5672.219 4319.794|-5673.058 4315.724|-5673.645 4311.599|-5673.974 4307.451|-5674.043 4303.293|-5673.855 4299.134|-5673.414 4294.997|-5660.272 4200.371
224 4037 42 ST NW,-5567.984 4213.202|-5562.406 4230.860|-5561.014 4235.597|-5559.805 4240.390|-5558.777 4245.227|-5557.932 4250.097|-5557.282 4255.001|-5556.806 4259.915|-5556.527 4264.853|-5556.436 4269.790|-5556.359 4354.776|-5556.275 4458.743|-5557.792 4460.266|-5591.835 4460.289|-5594.072 4460.178|-5596.288 4459.844|-5598.462 4459.299|-5600.574 4458.543|-5602.594 4457.587|-5604.516 4456.441|-5606.320 4455.107|-5607.976 4453.595|-5609.479 4451.938|-5610.815 4450.137|-5611.961 4448.213|-5612.919 4446.189|-5613.674 4444.088|-5614.219 4441.908|-5614.547 4439.695|-5614.652 4437.460|-5614.652 4434.592|-5614.806 4428.943|-5615.261 4423.316|-5616.015 4417.723|-5617.071 4412.175|-5618.413 4406.693|-5620.049 4401.289|-5621.978 4395.985|-5624.180 4390.781|-5626.655 4385.710|-5629.402 4380.773|-5632.408 4375.992|-5635.666 4371.377|-5639.161 4366.941|-5642.894 4362.704|-5646.844 4358.668|-5651.003 4354.843|-5654.058 4352.018|-5656.931 4349.005|-5659.608 4345.814|-5662.090 4342.467|-5664.355 4338.975|-5666.396 4335.350|-5668.213 4331.603|-5669.793 4327.755|-5671.128 4323.808|-5672.219 4319.794|-5673.058 4315.724|-5673.645 4311.599|-5673.974 4307.451|-5674.043 4303.293|-5673.855 4299.134|-5673.414 4294.997|-5660.272 4200.371
225 4037 42 ST NW,-5567.984 4213.202|-5562.406 4230.860|-5561.014 4235.597|-5559.805 4240.390|-5558.777 4245.227|-5557.932 4250.097|-5557.282 4255.001|-5556.806 4259.915|-5556.527 4264.853|-5556.436 4269.790|-5556.359 4354.776|-5556.275 4458.743|-5557.792 4460.266|-5591.835 4460.289|-5594.072 4460.178|-5596.288 4459.844|-5598.462 4459.299|-5600.574 4458.543|-5602.594 4457.587|-5604.516 4456.441|-5606.320 4455.107|-5607.976 4453.595|-5609.479 4451.938|-5610.815 4450.137|-5611.961 4448.213|-5612.919 4446.189|-5613.674 4444.088|-5614.219 4441.908|-5614.547 4439.695|-5614.652 4437.460|-5614.652 4434.592|-5614.806 4428.943|-5615.261 4423.316|-5616.015 4417.723|-5617.071 4412.175|-5618.413 4406.693|-5620.049 4401.289|-5621.978 4395.985|-5624.180 4390.781|-5626.655 4385.710|-5629.402 4380.773|-5632.408 4375.992|-5635.666 4371.377|-5639.161 4366.941|-5642.894 4362.704|-5646.844 4358.668|-5651.003 4354.843|-5654.058 4352.018|-5656.931 4349.005|-5659.608 4345.814|-5662.090 4342.467|-5664.355 4338.975|-5666.396 4335.350|-5668.213 4331.603|-5669.793 4327.755|-5671.128 4323.808|-5672.219 4319.794|-5673.058 4315.724|-5673.645 4311.599|-5673.974 4307.451|-5674.043 4303.293|-5673.855 4299.134|-5673.414 4294.997|-5660.272 4200.371
226 4037 42 ST NW,-5567.984 4213.202|-5562.406 4230.860|-5561.014 4235.597|-5559.805 4240.390|-5558.777 4245.227|-5557.932 4250.097|-5557.282 4255.001|-5556.806 4259.915|-5556.527 4264.853|-5556.436 4269.790|-5556.359 4354.776|-5556.275 4458.743|-5557.792 4460.266|-5591.835 4460.289|-5594.072 4460.178|-5596.288 4459.844|-5598.462 4459.299|-5600.574 4458.543|-5602.594 4457.587|-5604.516 4456.441|-5606.320 4455.107|-5607.976 4453.595|-5609.479 4451.938|-5610.815 4450.137|-5611.961 4448.213|-5612.919 4446.189|-5613.674 4444.088|-5614.219 4441.908|-5614.547 4439.695|-5614.652 4437.460|-5614.652 4434.592|-5614.806 4428.943|-5615.261 4423.316|-5616.015 4417.723|-5617.071 4412.175|-5618.413 4406.693|-5620.049 4401.289|-5621.978 4395.985|-5624.180 4390.781|-5626.655 4385.710|-5629.402 4380.773|-5632.408 4375.992|-5635.666 4371.377|-5639.161 4366.941|-5642.894 4362.704|-5646.844 4358.668|-5651.003 4354.843|-5654.058 4352.018|-5656.931 4349.005|-5659.608 4345.814|-5662.090 4342.467|-5664.355 4338.975|-5666.396 4335.350|-5668.213 4331.603|-5669.793 4327.755|-5671.128 4323.808|-5672.219 4319.794|-5673.058 4315.724|-5673.645 4311.599|-5673.974 4307.451|-5674.043 4303.293|-5673.855 4299.134|-5673.414 4294.997|-5660.272 4200.371
227 4037 42 ST NW,-5567.984 4213.202|-5562.406 4230.860|-5561.014 4235.597|-5559.805 4240.390|-5558.777 4245.227|-5557.932 4250.097|-5557.282 4255.001|-5556.806 4259.915|-5556.527 4264.853|-5556.436 4269.790|-5556.359 4354.776|-5556.275 4458.743|-5557.792 4460.266|-5591.835 4460.289|-5594.072 4460.178|-5596.288 4459.844|-5598.462 4459.299|-5600.574 4458.543|-5602.594 4457.587|-5604.516 4456.441|-5606.320 4455.107|-5607.976 4453.595|-5609.479 4451.938|-5610.815 4450.137|-5611.961 4448.213|-5612.919 4446.189|-5613.674 4444.088|-5614.219 4441.908|-5614.547 4439.695|-5614.652 4437.460|-5614.652 4434.592|-5614.806 4428.943|-5615.261 4423.316|-5616.015 4417.723|-5617.071 4412.175|-5618.413 4406.693|-5620.049 4401.289|-5621.978 4395.985|-5624.180 4390.781|-5626.655 4385.710|-5629.402 4380.773|-5632.408 4375.992|-5635.666 4371.377|-5639.161 4366.941|-5642.894 4362.704|-5646.844 4358.668|-5651.003 4354.843|-5654.058 4352.018|-5656.931 4349.005|-5659.608 4345.814|-5662.090 4342.467|-5664.355 4338.975|-5666.396 4335.350|-5668.213 4331.603|-5669.793 4327.755|-5671.128 4323.808|-5672.219 4319.794|-5673.058 4315.724|-5673.645 4311.599|-5673.974 4307.451|-5674.043 4303.293|-5673.855 4299.134|-5673.414 4294.997|-5660.272 4200.371
228 4037 42 ST NW,-5567.984 4213.202|-5562.406 4230.860|-5561.014 4235.597|-5559.805 4240.390|-5558.777 4245.227|-5557.932 4250.097|-5557.282 4255.001|-5556.806 4259.915|-5556.527 4264.853|-5556.436 4269.790|-5556.359 4354.776|-5556.275 4458.743|-5557.792 4460.266|-5591.835 4460.289|-5594.072 4460.178|-5596.288 4459.844|-5598.462 4459.299|-5600.574 4458.543|-5602.594 4457.587|-5604.516 4456.441|-5606.320 4455.107|-5607.976 4453.595|-5609.479 4451.938|-5610.815 4450.137|-5611.961 4448.213|-5612.919 4446.189|-5613.674 4444.088|-5614.219 4441.908|-5614.547 4439.695|-5614.652 4437.460|-5614.652 4434.592|-5614.806 4428.943|-5615.261 4423.316|-5616.015 4417.723|-5617.071 4412.175|-5618.413 4406.693|-5620.049 4401.289|-5621.978 4395.985|-5624.180 4390.781|-5626.655 4385.710|-5629.402 4380.773|-5632.408 4375.992|-5635.666 4371.377|-5639.161 4366.941|-5642.894 4362.704|-5646.844 4358.668|-5651.003 4354.843|-5654.058 4352.018|-5656.931 4349.005|-5659.608 4345.814|-5662.090 4342.467|-5664.355 4338.975|-5666.396 4335.350|-5668.213 4331.603|-5669.793 4327.755|-5671.128 4323.808|-5672.219 4319.794|-5673.058 4315.724|-5673.645 4311.599|-5673.974 4307.451|-5674.043 4303.293|-5673.855 4299.134|-5673.414 4294.997|-5660.272 4200.371
229 4037 42 ST NW,-5567.984 4213.202|-5562.406 4230.860|-5561.014 4235.597|-5559.805 4240.390|-5558.777 4245.227|-5557.932 4250.097|-5557.282 4255.001|-5556.806 4259.915|-5556.527 4264.853|-5556.436 4269.790|-5556.359 4354.776|-5556.275 4458.743|-5557.792 4460.266|-5591.835 4460.289|-5594.072 4460.178|-5596.288 4459.844|-5598.462 4459.299|-5600.574 4458.543|-5602.594 4457.587|-5604.516 4456.441|-5606.320 4455.107|-5607.976 4453.595|-5609.479 4451.938|-5610.815 4450.137|-5611.961 4448.213|-5612.919 4446.189|-5613.674 4444.088|-5614.219 4441.908|-5614.547 4439.695|-5614.652 4437.460|-5614.652 4434.592|-5614.806 4428.943|-5615.261 4423.316|-5616.015 4417.723|-5617.071 4412.175|-5618.413 4406.693|-5620.049 4401.289|-5621.978 4395.985|-5624.180 4390.781|-5626.655 4385.710|-5629.402 4380.773|-5632.408 4375.992|-5635.666 4371.377|-5639.161 4366.941|-5642.894 4362.704|-5646.844 4358.668|-5651.003 4354.843|-5654.058 4352.018|-5656.931 4349.005|-5659.608 4345.814|-5662.090 4342.467|-5664.355 4338.975|-5666.396 4335.350|-5668.213 4331.603|-5669.793 4327.755|-5671.128 4323.808|-5672.219 4319.794|-5673.058 4315.724|-5673.645 4311.599|-5673.974 4307.451|-5674.043 4303.293|-5673.855 4299.134|-5673.414 4294.997|-5660.272 4200.371
230 4037 42 ST NW,-5567.984 4213.202|-5562.406 4230.860|-5561.014 4235.597|-5559.805 4240.390|-5558.777 4245.227|-5557.932 4250.097|-5557.282 4255.001|-5556.806 4259.915|-5556.527 4264.853|-5556.436 4269.790|-5556.359 4354.776|-5556.275 4458.743|-5557.792 4460.266|-5591.835 4460.289|-5594.072 4460.178|-5596.288 4459.844|-5598.462 4459.299|-5600.574 4458.543|-5602.594 4457.587|-5604.516 4456.441|-5606.320 4455.107|-5607.976 4453.595|-5609.479 4451.938|-5610.815 4450.137|-5611.961 4448.213|-5612.919 4446.189|-5613.674 4444.088|-5614.219 4441.908|-5614.547 4439.695|-5614.652 4437.460|-5614.652 4434.592|-5614.806 4428.943|-5615.261 4423.316|-5616.015 4417.723|-5617.071 4412.175|-5618.413 4406.693|-5620.049 4401.289|-5621.978 4395.985|-5624.180 4390.781|-5626.655 4385.710|-5629.402 4380.773|-5632.408 4375.992|-5635.666 4371.377|-5639.161 4366.941|-5642.894 4362.704|-5646.844 4358.668|-5651.003 4354.843|-5654.058 4352.018|-5656.931 4349.005|-5659.608 4345.814|-5662.090 4342.467|-5664.355 4338.975|-5666.396 4335.350|-5668.213 4331.603|-5669.793 4327.755|-5671.128 4323.808|-5672.219 4319.794|-5673.058 4315.724|-5673.645 4311.599|-5673.974 4307.451|-5674.043 4303.293|-5673.855 4299.134|-5673.414 4294.997|-5660.272 4200.371
231 4037 42 ST NW,-5567.984 4213.202|-5562.406 4230.860|-5561.014 4235.597|-5559.805 4240.390|-5558.777 4245.227|-5557.932 4250.097|-5557.282 4255.001|-5556.806 4259.915|-5556.527 4264.853|-5556.436 4269.790|-5556.359 4354.776|-5556.275 4458.743|-5557.792 4460.266|-5591.835 4460.289|-5594.072 4460.178|-5596.288 4459.844|-5598.462 4459.299|-5600.574 4458.543|-5602.594 4457.587|-5604.516 4456.441|-5606.320 4455.107|-5607.976 4453.595|-5609.479 4451.938|-5610.815 4450.137|-5611.961 4448.213|-5612.919 4446.189|-5613.674 4444.088|-5614.219 4441.908|-5614.547 4439.695|-5614.652 4437.460|-5614.652 4434.592|-5614.806 4428.943|-5615.261 4423.316|-5616.015 4417.723|-5617.071 4412.175|-5618.413 4406.693|-5620.049 4401.289|-5621.978 4395.985|-5624.180 4390.781|-5626.655 4385.710|-5629.402 4380.773|-5632.408 4375.992|-5635.666 4371.377|-5639.161 4366.941|-5642.894 4362.704|-5646.844 4358.668|-5651.003 4354.843|-5654.058 4352.018|-5656.931 4349.005|-5659.608 4345.814|-5662.090 4342.467|-5664.355 4338.975|-5666.396 4335.350|-5668.213 4331.603|-5669.793 4327.755|-5671.128 4323.808|-5672.219 4319.794|-5673.058 4315.724|-5673.645 4311.599|-5673.974 4307.451|-5674.043 4303.293|-5673.855 4299.134|-5673.414 4294.997|-5660.272 4200.371
232 4037 42 ST NW,-5567.984 4213.202|-5562.406 4230.860|-5561.014 4235.597|-5559.805 4240.390|-5558.777 4245.227|-5557.932 4250.097|-5557.282 4255.001|-5556.806 4259.915|-5556.527 4264.853|-5556.436 4269.790|-5556.359 4354.776|-5556.275 4458.743|-5557.792 4460.266|-5591.835 4460.289|-5594.072 4460.178|-5596.288 4459.844|-5598.462 4459.299|-5600.574 4458.543|-5602.594 4457.587|-5604.516 4456.441|-5606.320 4455.107|-5607.976 4453.595|-5609.479 4451.938|-5610.815 4450.137|-5611.961 4448.213|-5612.919 4446.189|-5613.674 4444.088|-5614.219 4441.908|-5614.547 4439.695|-5614.652 4437.460|-5614.652 4434.592|-5614.806 4428.943|-5615.261 4423.316|-5616.015 4417.723|-5617.071 4412.175|-5618.413 4406.693|-5620.049 4401.289|-5621.978 4395.985|-5624.180 4390.781|-5626.655 4385.710|-5629.402 4380.773|-5632.408 4375.992|-5635.666 4371.377|-5639.161 4366.941|-5642.894 4362.704|-5646.844 4358.668|-5651.003 4354.843|-5654.058 4352.018|-5656.931 4349.005|-5659.608 4345.814|-5662.090 4342.467|-5664.355 4338.975|-5666.396 4335.350|-5668.213 4331.603|-5669.793 4327.755|-5671.128 4323.808|-5672.219 4319.794|-5673.058 4315.724|-5673.645 4311.599|-5673.974 4307.451|-5674.043 4303.293|-5673.855 4299.134|-5673.414 4294.997|-5660.272 4200.371
233 4037 42 ST NW,-5567.984 4213.202|-5562.406 4230.860|-5561.014 4235.597|-5559.805 4240.390|-5558.777 4245.227|-5557.932 4250.097|-5557.282 4255.001|-5556.806 4259.915|-5556.527 4264.853|-5556.436 4269.790|-5556.359 4354.776|-5556.275 4458.743|-5557.792 4460.266|-5591.835 4460.289|-5594.072 4460.178|-5596.288 4459.844|-5598.462 4459.299|-5600.574 4458.543|-5602.594 4457.587|-5604.516 4456.441|-5606.320 4455.107|-5607.976 4453.595|-5609.479 4451.938|-5610.815 4450.137|-5611.961 4448.213|-5612.919 4446.189|-5613.674 4444.088|-5614.219 4441.908|-5614.547 4439.695|-5614.652 4437.460|-5614.652 4434.592|-5614.806 4428.943|-5615.261 4423.316|-5616.015 4417.723|-5617.071 4412.175|-5618.413 4406.693|-5620.049 4401.289|-5621.978 4395.985|-5624.180 4390.781|-5626.655 4385.710|-5629.402 4380.773|-5632.408 4375.992|-5635.666 4371.377|-5639.161 4366.941|-5642.894 4362.704|-5646.844 4358.668|-5651.003 4354.843|-5654.058 4352.018|-5656.931 4349.005|-5659.608 4345.814|-5662.090 4342.467|-5664.355 4338.975|-5666.396 4335.350|-5668.213 4331.603|-5669.793 4327.755|-5671.128 4323.808|-5672.219 4319.794|-5673.058 4315.724|-5673.645 4311.599|-5673.974 4307.451|-5674.043 4303.293|-5673.855 4299.134|-5673.414 4294.997|-5660.272 4200.371
234 4037 42 ST NW,-5567.984 4213.202|-5562.406 4230.860|-5561.014 4235.597|-5559.805 4240.390|-5558.777 4245.227|-5557.932 4250.097|-5557.282 4255.001|-5556.806 4259.915|-5556.527 4264.853|-5556.436 4269.790|-5556.359 4354.776|-5556.275 4458.743|-5557.792 4460.266|-5591.835 4460.289|-5594.072 4460.178|-5596.288 4459.844|-5598.462 4459.299|-5600.574 4458.543|-5602.594 4457.587|-5604.516 4456.441|-5606.320 4455.107|-5607.976 4453.595|-5609.479 4451.938|-5610.815 4450.137|-5611.961 4448.213|-5612.919 4446.189|-5613.674 4444.088|-5614.219 4441.908|-5614.547 4439.695|-5614.652 4437.460|-5614.652 4434.592|-5614.806 4428.943|-5615.261 4423.316|-5616.015 4417.723|-5617.071 4412.175|-5618.413 4406.693|-5620.049 4401.289|-5621.978 4395.985|-5624.180 4390.781|-5626.655 4385.710|-5629.402 4380.773|-5632.408 4375.992|-5635.666 4371.377|-5639.161 4366.941|-5642.894 4362.704|-5646.844 4358.668|-5651.003 4354.843|-5654.058 4352.018|-5656.931 4349.005|-5659.608 4345.814|-5662.090 4342.467|-5664.355 4338.975|-5666.396 4335.350|-5668.213 4331.603|-5669.793 4327.755|-5671.128 4323.808|-5672.219 4319.794|-5673.058 4315.724|-5673.645 4311.599|-5673.974 4307.451|-5674.043 4303.293|-5673.855 4299.134|-5673.414 4294.997|-5660.272 4200.371
265 4037 42 ST NW,-5567.984 4213.202|-5562.406 4230.860|-5561.014 4235.597|-5559.805 4240.390|-5558.777 4245.227|-5557.932 4250.097|-5557.282 4255.001|-5556.806 4259.915|-5556.527 4264.853|-5556.436 4269.790|-5556.359 4354.776|-5556.275 4458.743|-5557.792 4460.266|-5591.835 4460.289|-5594.072 4460.178|-5596.288 4459.844|-5598.462 4459.299|-5600.574 4458.543|-5602.594 4457.587|-5604.516 4456.441|-5606.320 4455.107|-5607.976 4453.595|-5609.479 4451.938|-5610.815 4450.137|-5611.961 4448.213|-5612.919 4446.189|-5613.674 4444.088|-5614.219 4441.908|-5614.547 4439.695|-5614.652 4437.460|-5614.652 4434.592|-5614.806 4428.943|-5615.261 4423.316|-5616.015 4417.723|-5617.071 4412.175|-5618.413 4406.693|-5620.049 4401.289|-5621.978 4395.985|-5624.180 4390.781|-5626.655 4385.710|-5629.402 4380.773|-5632.408 4375.992|-5635.666 4371.377|-5639.161 4366.941|-5642.894 4362.704|-5646.844 4358.668|-5651.003 4354.843|-5654.058 4352.018|-5656.931 4349.005|-5659.608 4345.814|-5662.090 4342.467|-5664.355 4338.975|-5666.396 4335.350|-5668.213 4331.603|-5669.793 4327.755|-5671.128 4323.808|-5672.219 4319.794|-5673.058 4315.724|-5673.645 4311.599|-5673.974 4307.451|-5674.043 4303.293|-5673.855 4299.134|-5673.414 4294.997|-5660.272 4200.371
264 4037 42 ST NW,-5567.984 4213.202|-5562.406 4230.860|-5561.014 4235.597|-5559.805 4240.390|-5558.777 4245.227|-5557.932 4250.097|-5557.282 4255.001|-5556.806 4259.915|-5556.527 4264.853|-5556.436 4269.790|-5556.359 4354.776|-5556.275 4458.743|-5557.792 4460.266|-5591.835 4460.289|-5594.072 4460.178|-5596.288 4459.844|-5598.462 4459.299|-5600.574 4458.543|-5602.594 4457.587|-5604.516 4456.441|-5606.320 4455.107|-5607.976 4453.595|-5609.479 4451.938|-5610.815 4450.137|-5611.961 4448.213|-5612.919 4446.189|-5613.674 4444.088|-5614.219 4441.908|-5614.547 4439.695|-5614.652 4437.460|-5614.652 4434.592|-5614.806 4428.943|-5615.261 4423.316|-5616.015 4417.723|-5617.071 4412.175|-5618.413 4406.693|-5620.049 4401.289|-5621.978 4395.985|-5624.180 4390.781|-5626.655 4385.710|-5629.402 4380.773|-5632.408 4375.992|-5635.666 4371.377|-5639.161 4366.941|-5642.894 4362.704|-5646.844 4358.668|-5651.003 4354.843|-5654.058 4352.018|-5656.931 4349.005|-5659.608 4345.814|-5662.090 4342.467|-5664.355 4338.975|-5666.396 4335.350|-5668.213 4331.603|-5669.793 4327.755|-5671.128 4323.808|-5672.219 4319.794|-5673.058 4315.724|-5673.645 4311.599|-5673.974 4307.451|-5674.043 4303.293|-5673.855 4299.134|-5673.414 4294.997|-5660.272 4200.371
263 4037 42 ST NW,-5567.984 4213.202|-5562.406 4230.860|-5561.014 4235.597|-5559.805 4240.390|-5558.777 4245.227|-5557.932 4250.097|-5557.282 4255.001|-5556.806 4259.915|-5556.527 4264.853|-5556.436 4269.790|-5556.359 4354.776|-5556.275 4458.743|-5557.792 4460.266|-5591.835 4460.289|-5594.072 4460.178|-5596.288 4459.844|-5598.462 4459.299|-5600.574 4458.543|-5602.594 4457.587|-5604.516 4456.441|-5606.320 4455.107|-5607.976 4453.595|-5609.479 4451.938|-5610.815 4450.137|-5611.961 4448.213|-5612.919 4446.189|-5613.674 4444.088|-5614.219 4441.908|-5614.547 4439.695|-5614.652 4437.460|-5614.652 4434.592|-5614.806 4428.943|-5615.261 4423.316|-5616.015 4417.723|-5617.071 4412.175|-5618.413 4406.693|-5620.049 4401.289|-5621.978 4395.985|-5624.180 4390.781|-5626.655 4385.710|-5629.402 4380.773|-5632.408 4375.992|-5635.666 4371.377|-5639.161 4366.941|-5642.894 4362.704|-5646.844 4358.668|-5651.003 4354.843|-5654.058 4352.018|-5656.931 4349.005|-5659.608 4345.814|-5662.090 4342.467|-5664.355 4338.975|-5666.396 4335.350|-5668.213 4331.603|-5669.793 4327.755|-5671.128 4323.808|-5672.219 4319.794|-5673.058 4315.724|-5673.645 4311.599|-5673.974 4307.451|-5674.043 4303.293|-5673.855 4299.134|-5673.414 4294.997|-5660.272 4200.371
262 4037 42 ST NW,-5567.984 4213.202|-5562.406 4230.860|-5561.014 4235.597|-5559.805 4240.390|-5558.777 4245.227|-5557.932 4250.097|-5557.282 4255.001|-5556.806 4259.915|-5556.527 4264.853|-5556.436 4269.790|-5556.359 4354.776|-5556.275 4458.743|-5557.792 4460.266|-5591.835 4460.289|-5594.072 4460.178|-5596.288 4459.844|-5598.462 4459.299|-5600.574 4458.543|-5602.594 4457.587|-5604.516 4456.441|-5606.320 4455.107|-5607.976 4453.595|-5609.479 4451.938|-5610.815 4450.137|-5611.961 4448.213|-5612.919 4446.189|-5613.674 4444.088|-5614.219 4441.908|-5614.547 4439.695|-5614.652 4437.460|-5614.652 4434.592|-5614.806 4428.943|-5615.261 4423.316|-5616.015 4417.723|-5617.071 4412.175|-5618.413 4406.693|-5620.049 4401.289|-5621.978 4395.985|-5624.180 4390.781|-5626.655 4385.710|-5629.402 4380.773|-5632.408 4375.992|-5635.666 4371.377|-5639.161 4366.941|-5642.894 4362.704|-5646.844 4358.668|-5651.003 4354.843|-5654.058 4352.018|-5656.931 4349.005|-5659.608 4345.814|-5662.090 4342.467|-5664.355 4338.975|-5666.396 4335.350|-5668.213 4331.603|-5669.793 4327.755|-5671.128 4323.808|-5672.219 4319.794|-5673.058 4315.724|-5673.645 4311.599|-5673.974 4307.451|-5674.043 4303.293|-5673.855 4299.134|-5673.414 4294.997|-5660.272 4200.371
261 4037 42 ST NW,-5567.984 4213.202|-5562.406 4230.860|-5561.014 4235.597|-5559.805 4240.390|-5558.777 4245.227|-5557.932 4250.097|-5557.282 4255.001|-5556.806 4259.915|-5556.527 4264.853|-5556.436 4269.790|-5556.359 4354.776|-5556.275 4458.743|-5557.792 4460.266|-5591.835 4460.289|-5594.072 4460.178|-5596.288 4459.844|-5598.462 4459.299|-5600.574 4458.543|-5602.594 4457.587|-5604.516 4456.441|-5606.320 4455.107|-5607.976 4453.595|-5609.479 4451.938|-5610.815 4450.137|-5611.961 4448.213|-5612.919 4446.189|-5613.674 4444.088|-5614.219 4441.908|-5614.547 4439.695|-5614.652 4437.460|-5614.652 4434.592|-5614.806 4428.943|-5615.261 4423.316|-5616.015 4417.723|-5617.071 4412.175|-5618.413 4406.693|-5620.049 4401.289|-5621.978 4395.985|-5624.180 4390.781|-5626.655 4385.710|-5629.402 4380.773|-5632.408 4375.992|-5635.666 4371.377|-5639.161 4366.941|-5642.894 4362.704|-5646.844 4358.668|-5651.003 4354.843|-5654.058 4352.018|-5656.931 4349.005|-5659.608 4345.814|-5662.090 4342.467|-5664.355 4338.975|-5666.396 4335.350|-5668.213 4331.603|-5669.793 4327.755|-5671.128 4323.808|-5672.219 4319.794|-5673.058 4315.724|-5673.645 4311.599|-5673.974 4307.451|-5674.043 4303.293|-5673.855 4299.134|-5673.414 4294.997|-5660.272 4200.371
260 4037 42 ST NW,-5567.984 4213.202|-5562.406 4230.860|-5561.014 4235.597|-5559.805 4240.390|-5558.777 4245.227|-5557.932 4250.097|-5557.282 4255.001|-5556.806 4259.915|-5556.527 4264.853|-5556.436 4269.790|-5556.359 4354.776|-5556.275 4458.743|-5557.792 4460.266|-5591.835 4460.289|-5594.072 4460.178|-5596.288 4459.844|-5598.462 4459.299|-5600.574 4458.543|-5602.594 4457.587|-5604.516 4456.441|-5606.320 4455.107|-5607.976 4453.595|-5609.479 4451.938|-5610.815 4450.137|-5611.961 4448.213|-5612.919 4446.189|-5613.674 4444.088|-5614.219 4441.908|-5614.547 4439.695|-5614.652 4437.460|-5614.652 4434.592|-5614.806 4428.943|-5615.261 4423.316|-5616.015 4417.723|-5617.071 4412.175|-5618.413 4406.693|-5620.049 4401.289|-5621.978 4395.985|-5624.180 4390.781|-5626.655 4385.710|-5629.402 4380.773|-5632.408 4375.992|-5635.666 4371.377|-5639.161 4366.941|-5642.894 4362.704|-5646.844 4358.668|-5651.003 4354.843|-5654.058 4352.018|-5656.931 4349.005|-5659.608 4345.814|-5662.090 4342.467|-5664.355 4338.975|-5666.396 4335.350|-5668.213 4331.603|-5669.793 4327.755|-5671.128 4323.808|-5672.219 4319.794|-5673.058 4315.724|-5673.645 4311.599|-5673.974 4307.451|-5674.043 4303.293|-5673.855 4299.134|-5673.414 4294.997|-5660.272 4200.371
259 4037 42 ST NW,-5567.984 4213.202|-5562.406 4230.860|-5561.014 4235.597|-5559.805 4240.390|-5558.777 4245.227|-5557.932 4250.097|-5557.282 4255.001|-5556.806 4259.915|-5556.527 4264.853|-5556.436 4269.790|-5556.359 4354.776|-5556.275 4458.743|-5557.792 4460.266|-5591.835 4460.289|-5594.072 4460.178|-5596.288 4459.844|-5598.462 4459.299|-5600.574 4458.543|-5602.594 4457.587|-5604.516 4456.441|-5606.320 4455.107|-5607.976 4453.595|-5609.479 4451.938|-5610.815 4450.137|-5611.961 4448.213|-5612.919 4446.189|-5613.674 4444.088|-5614.219 4441.908|-5614.547 4439.695|-5614.652 4437.460|-5614.652 4434.592|-5614.806 4428.943|-5615.261 4423.316|-5616.015 4417.723|-5617.071 4412.175|-5618.413 4406.693|-5620.049 4401.289|-5621.978 4395.985|-5624.180 4390.781|-5626.655 4385.710|-5629.402 4380.773|-5632.408 4375.992|-5635.666 4371.377|-5639.161 4366.941|-5642.894 4362.704|-5646.844 4358.668|-5651.003 4354.843|-5654.058 4352.018|-5656.931 4349.005|-5659.608 4345.814|-5662.090 4342.467|-5664.355 4338.975|-5666.396 4335.350|-5668.213 4331.603|-5669.793 4327.755|-5671.128 4323.808|-5672.219 4319.794|-5673.058 4315.724|-5673.645 4311.599|-5673.974 4307.451|-5674.043 4303.293|-5673.855 4299.134|-5673.414 4294.997|-5660.272 4200.371
258 4037 42 ST NW,-5567.984 4213.202|-5562.406 4230.860|-5561.014 4235.597|-5559.805 4240.390|-5558.777 4245.227|-5557.932 4250.097|-5557.282 4255.001|-5556.806 4259.915|-5556.527 4264.853|-5556.436 4269.790|-5556.359 4354.776|-5556.275 4458.743|-5557.792 4460.266|-5591.835 4460.289|-5594.072 4460.178|-5596.288 4459.844|-5598.462 4459.299|-5600.574 4458.543|-5602.594 4457.587|-5604.516 4456.441|-5606.320 4455.107|-5607.976 4453.595|-5609.479 4451.938|-5610.815 4450.137|-5611.961 4448.213|-5612.919 4446.189|-5613.674 4444.088|-5614.219 4441.908|-5614.547 4439.695|-5614.652 4437.460|-5614.652 4434.592|-5614.806 4428.943|-5615.261 4423.316|-5616.015 4417.723|-5617.071 4412.175|-5618.413 4406.693|-5620.049 4401.289|-5621.978 4395.985|-5624.180 4390.781|-5626.655 4385.710|-5629.402 4380.773|-5632.408 4375.992|-5635.666 4371.377|-5639.161 4366.941|-5642.894 4362.704|-5646.844 4358.668|-5651.003 4354.843|-5654.058 4352.018|-5656.931 4349.005|-5659.608 4345.814|-5662.090 4342.467|-5664.355 4338.975|-5666.396 4335.350|-5668.213 4331.603|-5669.793 4327.755|-5671.128 4323.808|-5672.219 4319.794|-5673.058 4315.724|-5673.645 4311.599|-5673.974 4307.451|-5674.043 4303.293|-5673.855 4299.134|-5673.414 4294.997|-5660.272 4200.371
257 4037 42 ST NW,-5567.984 4213.202|-5562.406 4230.860|-5561.014 4235.597|-5559.805 4240.390|-5558.777 4245.227|-5557.932 4250.097|-5557.282 4255.001|-5556.806 4259.915|-5556.527 4264.853|-5556.436 4269.790|-5556.359 4354.776|-5556.275 4458.743|-5557.792 4460.266|-5591.835 4460.289|-5594.072 4460.178|-5596.288 4459.844|-5598.462 4459.299|-5600.574 4458.543|-5602.594 4457.587|-5604.516 4456.441|-5606.320 4455.107|-5607.976 4453.595|-5609.479 4451.938|-5610.815 4450.137|-5611.961 4448.213|-5612.919 4446.189|-5613.674 4444.088|-5614.219 4441.908|-5614.547 4439.695|-5614.652 4437.460|-5614.652 4434.592|-5614.806 4428.943|-5615.261 4423.316|-5616.015 4417.723|-5617.071 4412.175|-5618.413 4406.693|-5620.049 4401.289|-5621.978 4395.985|-5624.180 4390.781|-5626.655 4385.710|-5629.402 4380.773|-5632.408 4375.992|-5635.666 4371.377|-5639.161 4366.941|-5642.894 4362.704|-5646.844 4358.668|-5651.003 4354.843|-5654.058 4352.018|-5656.931 4349.005|-5659.608 4345.814|-5662.090 4342.467|-5664.355 4338.975|-5666.396 4335.350|-5668.213 4331.603|-5669.793 4327.755|-5671.128 4323.808|-5672.219 4319.794|-5673.058 4315.724|-5673.645 4311.599|-5673.974 4307.451|-5674.043 4303.293|-5673.855 4299.134|-5673.414 4294.997|-5660.272 4200.371
256 4037 42 ST NW,-5567.984 4213.202|-5562.406 4230.860|-5561.014 4235.597|-5559.805 4240.390|-5558.777 4245.227|-5557.932 4250.097|-5557.282 4255.001|-5556.806 4259.915|-5556.527 4264.853|-5556.436 4269.790|-5556.359 4354.776|-5556.275 4458.743|-5557.792 4460.266|-5591.835 4460.289|-5594.072 4460.178|-5596.288 4459.844|-5598.462 4459.299|-5600.574 4458.543|-5602.594 4457.587|-5604.516 4456.441|-5606.320 4455.107|-5607.976 4453.595|-5609.479 4451.938|-5610.815 4450.137|-5611.961 4448.213|-5612.919 4446.189|-5613.674 4444.088|-5614.219 4441.908|-5614.547 4439.695|-5614.652 4437.460|-5614.652 4434.592|-5614.806 4428.943|-5615.261 4423.316|-5616.015 4417.723|-5617.071 4412.175|-5618.413 4406.693|-5620.049 4401.289|-5621.978 4395.985|-5624.180 4390.781|-5626.655 4385.710|-5629.402 4380.773|-5632.408 4375.992|-5635.666 4371.377|-5639.161 4366.941|-5642.894 4362.704|-5646.844 4358.668|-5651.003 4354.843|-5654.058 4352.018|-5656.931 4349.005|-5659.608 4345.814|-5662.090 4342.467|-5664.355 4338.975|-5666.396 4335.350|-5668.213 4331.603|-5669.793 4327.755|-5671.128 4323.808|-5672.219 4319.794|-5673.058 4315.724|-5673.645 4311.599|-5673.974 4307.451|-5674.043 4303.293|-5673.855 4299.134|-5673.414 4294.997|-5660.272 4200.371
255 4037 42 ST NW,-5567.984 4213.202|-5562.406 4230.860|-5561.014 4235.597|-5559.805 4240.390|-5558.777 4245.227|-5557.932 4250.097|-5557.282 4255.001|-5556.806 4259.915|-5556.527 4264.853|-5556.436 4269.790|-5556.359 4354.776|-5556.275 4458.743|-5557.792 4460.266|-5591.835 4460.289|-5594.072 4460.178|-5596.288 4459.844|-5598.462 4459.299|-5600.574 4458.543|-5602.594 4457.587|-5604.516 4456.441|-5606.320 4455.107|-5607.976 4453.595|-5609.479 4451.938|-5610.815 4450.137|-5611.961 4448.213|-5612.919 4446.189|-5613.674 4444.088|-5614.219 4441.908|-5614.547 4439.695|-5614.652 4437.460|-5614.652 4434.592|-5614.806 4428.943|-5615.261 4423.316|-5616.015 4417.723|-5617.071 4412.175|-5618.413 4406.693|-5620.049 4401.289|-5621.978 4395.985|-5624.180 4390.781|-5626.655 4385.710|-5629.402 4380.773|-5632.408 4375.992|-5635.666 4371.377|-5639.161 4366.941|-5642.894 4362.704|-5646.844 4358.668|-5651.003 4354.843|-5654.058 4352.018|-5656.931 4349.005|-5659.608 4345.814|-5662.090 4342.467|-5664.355 4338.975|-5666.396 4335.350|-5668.213 4331.603|-5669.793 4327.755|-5671.128 4323.808|-5672.219 4319.794|-5673.058 4315.724|-5673.645 4311.599|-5673.974 4307.451|-5674.043 4303.293|-5673.855 4299.134|-5673.414 4294.997|-5660.272 4200.371
254 4037 42 ST NW,-5567.984 4213.202|-5562.406 4230.860|-5561.014 4235.597|-5559.805 4240.390|-5558.777 4245.227|-5557.932 4250.097|-5557.282 4255.001|-5556.806 4259.915|-5556.527 4264.853|-5556.436 4269.790|-5556.359 4354.776|-5556.275 4458.743|-5557.792 4460.266|-5591.835 4460.289|-5594.072 4460.178|-5596.288 4459.844|-5598.462 4459.299|-5600.574 4458.543|-5602.594 4457.587|-5604.516 4456.441|-5606.320 4455.107|-5607.976 4453.595|-5609.479 4451.938|-5610.815 4450.137|-5611.961 4448.213|-5612.919 4446.189|-5613.674 4444.088|-5614.219 4441.908|-5614.547 4439.695|-5614.652 4437.460|-5614.652 4434.592|-5614.806 4428.943|-5615.261 4423.316|-5616.015 4417.723|-5617.071 4412.175|-5618.413 4406.693|-5620.049 4401.289|-5621.978 4395.985|-5624.180 4390.781|-5626.655 4385.710|-5629.402 4380.773|-5632.408 4375.992|-5635.666 4371.377|-5639.161 4366.941|-5642.894 4362.704|-5646.844 4358.668|-5651.003 4354.843|-5654.058 4352.018|-5656.931 4349.005|-5659.608 4345.814|-5662.090 4342.467|-5664.355 4338.975|-5666.396 4335.350|-5668.213 4331.603|-5669.793 4327.755|-5671.128 4323.808|-5672.219 4319.794|-5673.058 4315.724|-5673.645 4311.599|-5673.974 4307.451|-5674.043 4303.293|-5673.855 4299.134|-5673.414 4294.997|-5660.272 4200.371
253 4037 42 ST NW,-5567.984 4213.202|-5562.406 4230.860|-5561.014 4235.597|-5559.805 4240.390|-5558.777 4245.227|-5557.932 4250.097|-5557.282 4255.001|-5556.806 4259.915|-5556.527 4264.853|-5556.436 4269.790|-5556.359 4354.776|-5556.275 4458.743|-5557.792 4460.266|-5591.835 4460.289|-5594.072 4460.178|-5596.288 4459.844|-5598.462 4459.299|-5600.574 4458.543|-5602.594 4457.587|-5604.516 4456.441|-5606.320 4455.107|-5607.976 4453.595|-5609.479 4451.938|-5610.815 4450.137|-5611.961 4448.213|-5612.919 4446.189|-5613.674 4444.088|-5614.219 4441.908|-5614.547 4439.695|-5614.652 4437.460|-5614.652 4434.592|-5614.806 4428.943|-5615.261 4423.316|-5616.015 4417.723|-5617.071 4412.175|-5618.413 4406.693|-5620.049 4401.289|-5621.978 4395.985|-5624.180 4390.781|-5626.655 4385.710|-5629.402 4380.773|-5632.408 4375.992|-5635.666 4371.377|-5639.161 4366.941|-5642.894 4362.704|-5646.844 4358.668|-5651.003 4354.843|-5654.058 4352.018|-5656.931 4349.005|-5659.608 4345.814|-5662.090 4342.467|-5664.355 4338.975|-5666.396 4335.350|-5668.213 4331.603|-5669.793 4327.755|-5671.128 4323.808|-5672.219 4319.794|-5673.058 4315.724|-5673.645 4311.599|-5673.974 4307.451|-5674.043 4303.293|-5673.855 4299.134|-5673.414 4294.997|-5660.272 4200.371
252 4037 42 ST NW,-5567.984 4213.202|-5562.406 4230.860|-5561.014 4235.597|-5559.805 4240.390|-5558.777 4245.227|-5557.932 4250.097|-5557.282 4255.001|-5556.806 4259.915|-5556.527 4264.853|-5556.436 4269.790|-5556.359 4354.776|-5556.275 4458.743|-5557.792 4460.266|-5591.835 4460.289|-5594.072 4460.178|-5596.288 4459.844|-5598.462 4459.299|-5600.574 4458.543|-5602.594 4457.587|-5604.516 4456.441|-5606.320 4455.107|-5607.976 4453.595|-5609.479 4451.938|-5610.815 4450.137|-5611.961 4448.213|-5612.919 4446.189|-5613.674 4444.088|-5614.219 4441.908|-5614.547 4439.695|-5614.652 4437.460|-5614.652 4434.592|-5614.806 4428.943|-5615.261 4423.316|-5616.015 4417.723|-5617.071 4412.175|-5618.413 4406.693|-5620.049 4401.289|-5621.978 4395.985|-5624.180 4390.781|-5626.655 4385.710|-5629.402 4380.773|-5632.408 4375.992|-5635.666 4371.377|-5639.161 4366.941|-5642.894 4362.704|-5646.844 4358.668|-5651.003 4354.843|-5654.058 4352.018|-5656.931 4349.005|-5659.608 4345.814|-5662.090 4342.467|-5664.355 4338.975|-5666.396 4335.350|-5668.213 4331.603|-5669.793 4327.755|-5671.128 4323.808|-5672.219 4319.794|-5673.058 4315.724|-5673.645 4311.599|-5673.974 4307.451|-5674.043 4303.293|-5673.855 4299.134|-5673.414 4294.997|-5660.272 4200.371
251 4037 42 ST NW,-5567.984 4213.202|-5562.406 4230.860|-5561.014 4235.597|-5559.805 4240.390|-5558.777 4245.227|-5557.932 4250.097|-5557.282 4255.001|-5556.806 4259.915|-5556.527 4264.853|-5556.436 4269.790|-5556.359 4354.776|-5556.275 4458.743|-5557.792 4460.266|-5591.835 4460.289|-5594.072 4460.178|-5596.288 4459.844|-5598.462 4459.299|-5600.574 4458.543|-5602.594 4457.587|-5604.516 4456.441|-5606.320 4455.107|-5607.976 4453.595|-5609.479 4451.938|-5610.815 4450.137|-5611.961 4448.213|-5612.919 4446.189|-5613.674 4444.088|-5614.219 4441.908|-5614.547 4439.695|-5614.652 4437.460|-5614.652 4434.592|-5614.806 4428.943|-5615.261 4423.316|-5616.015 4417.723|-5617.071 4412.175|-5618.413 4406.693|-5620.049 4401.289|-5621.978 4395.985|-5624.180 4390.781|-5626.655 4385.710|-5629.402 4380.773|-5632.408 4375.992|-5635.666 4371.377|-5639.161 4366.941|-5642.894 4362.704|-5646.844 4358.668|-5651.003 4354.843|-5654.058 4352.018|-5656.931 4349.005|-5659.608 4345.814|-5662.090 4342.467|-5664.355 4338.975|-5666.396 4335.350|-5668.213 4331.603|-5669.793 4327.755|-5671.128 4323.808|-5672.219 4319.794|-5673.058 4315.724|-5673.645 4311.599|-5673.974 4307.451|-5674.043 4303.293|-5673.855 4299.134|-5673.414 4294.997|-5660.272 4200.371
250 4037 42 ST NW,-5567.984 4213.202|-5562.406 4230.860|-5561.014 4235.597|-5559.805 4240.390|-5558.777 4245.227|-5557.932 4250.097|-5557.282 4255.001|-5556.806 4259.915|-5556.527 4264.853|-5556.436 4269.790|-5556.359 4354.776|-5556.275 4458.743|-5557.792 4460.266|-5591.835 4460.289|-5594.072 4460.178|-5596.288 4459.844|-5598.462 4459.299|-5600.574 4458.543|-5602.594 4457.587|-5604.516 4456.441|-5606.320 4455.107|-5607.976 4453.595|-5609.479 4451.938|-5610.815 4450.137|-5611.961 4448.213|-5612.919 4446.189|-5613.674 4444.088|-5614.219 4441.908|-5614.547 4439.695|-5614.652 4437.460|-5614.652 4434.592|-5614.806 4428.943|-5615.261 4423.316|-5616.015 4417.723|-5617.071 4412.175|-5618.413 4406.693|-5620.049 4401.289|-5621.978 4395.985|-5624.180 4390.781|-5626.655 4385.710|-5629.402 4380.773|-5632.408 4375.992|-5635.666 4371.377|-5639.161 4366.941|-5642.894 4362.704|-5646.844 4358.668|-5651.003 4354.843|-5654.058 4352.018|-5656.931 4349.005|-5659.608 4345.814|-5662.090 4342.467|-5664.355 4338.975|-5666.396 4335.350|-5668.213 4331.603|-5669.793 4327.755|-5671.128 4323.808|-5672.219 4319.794|-5673.058 4315.724|-5673.645 4311.599|-5673.974 4307.451|-5674.043 4303.293|-5673.855 4299.134|-5673.414 4294.997|-5660.272 4200.371
249 4037 42 ST NW,-5567.984 4213.202|-5562.406 4230.860|-5561.014 4235.597|-5559.805 4240.390|-5558.777 4245.227|-5557.932 4250.097|-5557.282 4255.001|-5556.806 4259.915|-5556.527 4264.853|-5556.436 4269.790|-5556.359 4354.776|-5556.275 4458.743|-5557.792 4460.266|-5591.835 4460.289|-5594.072 4460.178|-5596.288 4459.844|-5598.462 4459.299|-5600.574 4458.543|-5602.594 4457.587|-5604.516 4456.441|-5606.320 4455.107|-5607.976 4453.595|-5609.479 4451.938|-5610.815 4450.137|-5611.961 4448.213|-5612.919 4446.189|-5613.674 4444.088|-5614.219 4441.908|-5614.547 4439.695|-5614.652 4437.460|-5614.652 4434.592|-5614.806 4428.943|-5615.261 4423.316|-5616.015 4417.723|-5617.071 4412.175|-5618.413 4406.693|-5620.049 4401.289|-5621.978 4395.985|-5624.180 4390.781|-5626.655 4385.710|-5629.402 4380.773|-5632.408 4375.992|-5635.666 4371.377|-5639.161 4366.941|-5642.894 4362.704|-5646.844 4358.668|-5651.003 4354.843|-5654.058 4352.018|-5656.931 4349.005|-5659.608 4345.814|-5662.090 4342.467|-5664.355 4338.975|-5666.396 4335.350|-5668.213 4331.603|-5669.793 4327.755|-5671.128 4323.808|-5672.219 4319.794|-5673.058 4315.724|-5673.645 4311.599|-5673.974 4307.451|-5674.043 4303.293|-5673.855 4299.134|-5673.414 4294.997|-5660.272 4200.371
248 4037 42 ST NW,-5567.984 4213.202|-5562.406 4230.860|-5561.014 4235.597|-5559.805 4240.390|-5558.777 4245.227|-5557.932 4250.097|-5557.282 4255.001|-5556.806 4259.915|-5556.527 4264.853|-5556.436 4269.790|-5556.359 4354.776|-5556.275 4458.743|-5557.792 4460.266|-5591.835 4460.289|-5594.072 4460.178|-5596.288 4459.844|-5598.462 4459.299|-5600.574 4458.543|-5602.594 4457.587|-5604.516 4456.441|-5606.320 4455.107|-5607.976 4453.595|-5609.479 4451.938|-5610.815 4450.137|-5611.961 4448.213|-5612.919 4446.189|-5613.674 4444.088|-5614.219 4441.908|-5614.547 4439.695|-5614.652 4437.460|-5614.652 4434.592|-5614.806 4428.943|-5615.261 4423.316|-5616.015 4417.723|-5617.071 4412.175|-5618.413 4406.693|-5620.049 4401.289|-5621.978 4395.985|-5624.180 4390.781|-5626.655 4385.710|-5629.402 4380.773|-5632.408 4375.992|-5635.666 4371.377|-5639.161 4366.941|-5642.894 4362.704|-5646.844 4358.668|-5651.003 4354.843|-5654.058 4352.018|-5656.931 4349.005|-5659.608 4345.814|-5662.090 4342.467|-5664.355 4338.975|-5666.396 4335.350|-5668.213 4331.603|-5669.793 4327.755|-5671.128 4323.808|-5672.219 4319.794|-5673.058 4315.724|-5673.645 4311.599|-5673.974 4307.451|-5674.043 4303.293|-5673.855 4299.134|-5673.414 4294.997|-5660.272 4200.371
247 4037 42 ST NW,-5567.984 4213.202|-5562.406 4230.860|-5561.014 4235.597|-5559.805 4240.390|-5558.777 4245.227|-5557.932 4250.097|-5557.282 4255.001|-5556.806 4259.915|-5556.527 4264.853|-5556.436 4269.790|-5556.359 4354.776|-5556.275 4458.743|-5557.792 4460.266|-5591.835 4460.289|-5594.072 4460.178|-5596.288 4459.844|-5598.462 4459.299|-5600.574 4458.543|-5602.594 4457.587|-5604.516 4456.441|-5606.320 4455.107|-5607.976 4453.595|-5609.479 4451.938|-5610.815 4450.137|-5611.961 4448.213|-5612.919 4446.189|-5613.674 4444.088|-5614.219 4441.908|-5614.547 4439.695|-5614.652 4437.460|-5614.652 4434.592|-5614.806 4428.943|-5615.261 4423.316|-5616.015 4417.723|-5617.071 4412.175|-5618.413 4406.693|-5620.049 4401.289|-5621.978 4395.985|-5624.180 4390.781|-5626.655 4385.710|-5629.402 4380.773|-5632.408 4375.992|-5635.666 4371.377|-5639.161 4366.941|-5642.894 4362.704|-5646.844 4358.668|-5651.003 4354.843|-5654.058 4352.018|-5656.931 4349.005|-5659.608 4345.814|-5662.090 4342.467|-5664.355 4338.975|-5666.396 4335.350|-5668.213 4331.603|-5669.793 4327.755|-5671.128 4323.808|-5672.219 4319.794|-5673.058 4315.724|-5673.645 4311.599|-5673.974 4307.451|-5674.043 4303.293|-5673.855 4299.134|-5673.414 4294.997|-5660.272 4200.371
246 4037 42 ST NW,-5567.984 4213.202|-5562.406 4230.860|-5561.014 4235.597|-5559.805 4240.390|-5558.777 4245.227|-5557.932 4250.097|-5557.282 4255.001|-5556.806 4259.915|-5556.527 4264.853|-5556.436 4269.790|-5556.359 4354.776|-5556.275 4458.743|-5557.792 4460.266|-5591.835 4460.289|-5594.072 4460.178|-5596.288 4459.844|-5598.462 4459.299|-5600.574 4458.543|-5602.594 4457.587|-5604.516 4456.441|-5606.320 4455.107|-5607.976 4453.595|-5609.479 4451.938|-5610.815 4450.137|-5611.961 4448.213|-5612.919 4446.189|-5613.674 4444.088|-5614.219 4441.908|-5614.547 4439.695|-5614.652 4437.460|-5614.652 4434.592|-5614.806 4428.943|-5615.261 4423.316|-5616.015 4417.723|-5617.071 4412.175|-5618.413 4406.693|-5620.049 4401.289|-5621.978 4395.985|-5624.180 4390.781|-5626.655 4385.710|-5629.402 4380.773|-5632.408 4375.992|-5635.666 4371.377|-5639.161 4366.941|-5642.894 4362.704|-5646.844 4358.668|-5651.003 4354.843|-5654.058 4352.018|-5656.931 4349.005|-5659.608 4345.814|-5662.090 4342.467|-5664.355 4338.975|-5666.396 4335.350|-5668.213 4331.603|-5669.793 4327.755|-5671.128 4323.808|-5672.219 4319.794|-5673.058 4315.724|-5673.645 4311.599|-5673.974 4307.451|-5674.043 4303.293|-5673.855 4299.134|-5673.414 4294.997|-5660.272 4200.371
245 4037 42 ST NW,-5567.984 4213.202|-5562.406 4230.860|-5561.014 4235.597|-5559.805 4240.390|-5558.777 4245.227|-5557.932 4250.097|-5557.282 4255.001|-5556.806 4259.915|-5556.527 4264.853|-5556.436 4269.790|-5556.359 4354.776|-5556.275 4458.743|-5557.792 4460.266|-5591.835 4460.289|-5594.072 4460.178|-5596.288 4459.844|-5598.462 4459.299|-5600.574 4458.543|-5602.594 4457.587|-5604.516 4456.441|-5606.320 4455.107|-5607.976 4453.595|-5609.479 4451.938|-5610.815 4450.137|-5611.961 4448.213|-5612.919 4446.189|-5613.674 4444.088|-5614.219 4441.908|-5614.547 4439.695|-5614.652 4437.460|-5614.652 4434.592|-5614.806 4428.943|-5615.261 4423.316|-5616.015 4417.723|-5617.071 4412.175|-5618.413 4406.693|-5620.049 4401.289|-5621.978 4395.985|-5624.180 4390.781|-5626.655 4385.710|-5629.402 4380.773|-5632.408 4375.992|-5635.666 4371.377|-5639.161 4366.941|-5642.894 4362.704|-5646.844 4358.668|-5651.003 4354.843|-5654.058 4352.018|-5656.931 4349.005|-5659.608 4345.814|-5662.090 4342.467|-5664.355 4338.975|-5666.396 4335.350|-5668.213 4331.603|-5669.793 4327.755|-5671.128 4323.808|-5672.219 4319.794|-5673.058 4315.724|-5673.645 4311.599|-5673.974 4307.451|-5674.043 4303.293|-5673.855 4299.134|-5673.414 4294.997|-5660.272 4200.371
244 4037 42 ST NW,-5567.984 4213.202|-5562.406 4230.860|-5561.014 4235.597|-5559.805 4240.390|-5558.777 4245.227|-5557.932 4250.097|-5557.282 4255.001|-5556.806 4259.915|-5556.527 4264.853|-5556.436 4269.790|-5556.359 4354.776|-5556.275 4458.743|-5557.792 4460.266|-5591.835 4460.289|-5594.072 4460.178|-5596.288 4459.844|-5598.462 4459.299|-5600.574 4458.543|-5602.594 4457.587|-5604.516 4456.441|-5606.320 4455.107|-5607.976 4453.595|-5609.479 4451.938|-5610.815 4450.137|-5611.961 4448.213|-5612.919 4446.189|-5613.674 4444.088|-5614.219 4441.908|-5614.547 4439.695|-5614.652 4437.460|-5614.652 4434.592|-5614.806 4428.943|-5615.261 4423.316|-5616.015 4417.723|-5617.071 4412.175|-5618.413 4406.693|-5620.049 4401.289|-5621.978 4395.985|-5624.180 4390.781|-5626.655 4385.710|-5629.402 4380.773|-5632.408 4375.992|-5635.666 4371.377|-5639.161 4366.941|-5642.894 4362.704|-5646.844 4358.668|-5651.003 4354.843|-5654.058 4352.018|-5656.931 4349.005|-5659.608 4345.814|-5662.090 4342.467|-5664.355 4338.975|-5666.396 4335.350|-5668.213 4331.603|-5669.793 4327.755|-5671.128 4323.808|-5672.219 4319.794|-5673.058 4315.724|-5673.645 4311.599|-5673.974 4307.451|-5674.043 4303.293|-5673.855 4299.134|-5673.414 4294.997|-5660.272 4200.371
243 4037 42 ST NW,-5567.984 4213.202|-5562.406 4230.860|-5561.014 4235.597|-5559.805 4240.390|-5558.777 4245.227|-5557.932 4250.097|-5557.282 4255.001|-5556.806 4259.915|-5556.527 4264.853|-5556.436 4269.790|-5556.359 4354.776|-5556.275 4458.743|-5557.792 4460.266|-5591.835 4460.289|-5594.072 4460.178|-5596.288 4459.844|-5598.462 4459.299|-5600.574 4458.543|-5602.594 4457.587|-5604.516 4456.441|-5606.320 4455.107|-5607.976 4453.595|-5609.479 4451.938|-5610.815 4450.137|-5611.961 4448.213|-5612.919 4446.189|-5613.674 4444.088|-5614.219 4441.908|-5614.547 4439.695|-5614.652 4437.460|-5614.652 4434.592|-5614.806 4428.943|-5615.261 4423.316|-5616.015 4417.723|-5617.071 4412.175|-5618.413 4406.693|-5620.049 4401.289|-5621.978 4395.985|-5624.180 4390.781|-5626.655 4385.710|-5629.402 4380.773|-5632.408 4375.992|-5635.666 4371.377|-5639.161 4366.941|-5642.894 4362.704|-5646.844 4358.668|-5651.003 4354.843|-5654.058 4352.018|-5656.931 4349.005|-5659.608 4345.814|-5662.090 4342.467|-5664.355 4338.975|-5666.396 4335.350|-5668.213 4331.603|-5669.793 4327.755|-5671.128 4323.808|-5672.219 4319.794|-5673.058 4315.724|-5673.645 4311.599|-5673.974 4307.451|-5674.043 4303.293|-5673.855 4299.134|-5673.414 4294.997|-5660.272 4200.371
242 4037 42 ST NW,-5567.984 4213.202|-5562.406 4230.860|-5561.014 4235.597|-5559.805 4240.390|-5558.777 4245.227|-5557.932 4250.097|-5557.282 4255.001|-5556.806 4259.915|-5556.527 4264.853|-5556.436 4269.790|-5556.359 4354.776|-5556.275 4458.743|-5557.792 4460.266|-5591.835 4460.289|-5594.072 4460.178|-5596.288 4459.844|-5598.462 4459.299|-5600.574 4458.543|-5602.594 4457.587|-5604.516 4456.441|-5606.320 4455.107|-5607.976 4453.595|-5609.479 4451.938|-5610.815 4450.137|-5611.961 4448.213|-5612.919 4446.189|-5613.674 4444.088|-5614.219 4441.908|-5614.547 4439.695|-5614.652 4437.460|-5614.652 4434.592|-5614.806 4428.943|-5615.261 4423.316|-5616.015 4417.723|-5617.071 4412.175|-5618.413 4406.693|-5620.049 4401.289|-5621.978 4395.985|-5624.180 4390.781|-5626.655 4385.710|-5629.402 4380.773|-5632.408 4375.992|-5635.666 4371.377|-5639.161 4366.941|-5642.894 4362.704|-5646.844 4358.668|-5651.003 4354.843|-5654.058 4352.018|-5656.931 4349.005|-5659.608 4345.814|-5662.090 4342.467|-5664.355 4338.975|-5666.396 4335.350|-5668.213 4331.603|-5669.793 4327.755|-5671.128 4323.808|-5672.219 4319.794|-5673.058 4315.724|-5673.645 4311.599|-5673.974 4307.451|-5674.043 4303.293|-5673.855 4299.134|-5673.414 4294.997|-5660.272 4200.371
241 4037 42 ST NW,-5567.984 4213.202|-5562.406 4230.860|-5561.014 4235.597|-5559.805 4240.390|-5558.777 4245.227|-5557.932 4250.097|-5557.282 4255.001|-5556.806 4259.915|-5556.527 4264.853|-5556.436 4269.790|-5556.359 4354.776|-5556.275 4458.743|-5557.792 4460.266|-5591.835 4460.289|-5594.072 4460.178|-5596.288 4459.844|-5598.462 4459.299|-5600.574 4458.543|-5602.594 4457.587|-5604.516 4456.441|-5606.320 4455.107|-5607.976 4453.595|-5609.479 4451.938|-5610.815 4450.137|-5611.961 4448.213|-5612.919 4446.189|-5613.674 4444.088|-5614.219 4441.908|-5614.547 4439.695|-5614.652 4437.460|-5614.652 4434.592|-5614.806 4428.943|-5615.261 4423.316|-5616.015 4417.723|-5617.071 4412.175|-5618.413 4406.693|-5620.049 4401.289|-5621.978 4395.985|-5624.180 4390.781|-5626.655 4385.710|-5629.402 4380.773|-5632.408 4375.992|-5635.666 4371.377|-5639.161 4366.941|-5642.894 4362.704|-5646.844 4358.668|-5651.003 4354.843|-5654.058 4352.018|-5656.931 4349.005|-5659.608 4345.814|-5662.090 4342.467|-5664.355 4338.975|-5666.396 4335.350|-5668.213 4331.603|-5669.793 4327.755|-5671.128 4323.808|-5672.219 4319.794|-5673.058 4315.724|-5673.645 4311.599|-5673.974 4307.451|-5674.043 4303.293|-5673.855 4299.134|-5673.414 4294.997|-5660.272 4200.371
235 4037 42 ST NW,-5567.984 4213.202|-5562.406 4230.860|-5561.014 4235.597|-5559.805 4240.390|-5558.777 4245.227|-5557.932 4250.097|-5557.282 4255.001|-5556.806 4259.915|-5556.527 4264.853|-5556.436 4269.790|-5556.359 4354.776|-5556.275 4458.743|-5557.792 4460.266|-5591.835 4460.289|-5594.072 4460.178|-5596.288 4459.844|-5598.462 4459.299|-5600.574 4458.543|-5602.594 4457.587|-5604.516 4456.441|-5606.320 4455.107|-5607.976 4453.595|-5609.479 4451.938|-5610.815 4450.137|-5611.961 4448.213|-5612.919 4446.189|-5613.674 4444.088|-5614.219 4441.908|-5614.547 4439.695|-5614.652 4437.460|-5614.652 4434.592|-5614.806 4428.943|-5615.261 4423.316|-5616.015 4417.723|-5617.071 4412.175|-5618.413 4406.693|-5620.049 4401.289|-5621.978 4395.985|-5624.180 4390.781|-5626.655 4385.710|-5629.402 4380.773|-5632.408 4375.992|-5635.666 4371.377|-5639.161 4366.941|-5642.894 4362.704|-5646.844 4358.668|-5651.003 4354.843|-5654.058 4352.018|-5656.931 4349.005|-5659.608 4345.814|-5662.090 4342.467|-5664.355 4338.975|-5666.396 4335.350|-5668.213 4331.603|-5669.793 4327.755|-5671.128 4323.808|-5672.219 4319.794|-5673.058 4315.724|-5673.645 4311.599|-5673.974 4307.451|-5674.043 4303.293|-5673.855 4299.134|-5673.414 4294.997|-5660.272 4200.371
236 4037 42 ST NW,-5567.984 4213.202|-5562.406 4230.860|-5561.014 4235.597|-5559.805 4240.390|-5558.777 4245.227|-5557.932 4250.097|-5557.282 4255.001|-5556.806 4259.915|-5556.527 4264.853|-5556.436 4269.790|-5556.359 4354.776|-5556.275 4458.743|-5557.792 4460.266|-5591.835 4460.289|-5594.072 4460.178|-5596.288 4459.844|-5598.462 4459.299|-5600.574 4458.543|-5602.594 4457.587|-5604.516 4456.441|-5606.320 4455.107|-5607.976 4453.595|-5609.479 4451.938|-5610.815 4450.137|-5611.961 4448.213|-5612.919 4446.189|-5613.674 4444.088|-5614.219 4441.908|-5614.547 4439.695|-5614.652 4437.460|-5614.652 4434.592|-5614.806 4428.943|-5615.261 4423.316|-5616.015 4417.723|-5617.071 4412.175|-5618.413 4406.693|-5620.049 4401.289|-5621.978 4395.985|-5624.180 4390.781|-5626.655 4385.710|-5629.402 4380.773|-5632.408 4375.992|-5635.666 4371.377|-5639.161 4366.941|-5642.894 4362.704|-5646.844 4358.668|-5651.003 4354.843|-5654.058 4352.018|-5656.931 4349.005|-5659.608 4345.814|-5662.090 4342.467|-5664.355 4338.975|-5666.396 4335.350|-5668.213 4331.603|-5669.793 4327.755|-5671.128 4323.808|-5672.219 4319.794|-5673.058 4315.724|-5673.645 4311.599|-5673.974 4307.451|-5674.043 4303.293|-5673.855 4299.134|-5673.414 4294.997|-5660.272 4200.371
237 4037 42 ST NW,-5567.984 4213.202|-5562.406 4230.860|-5561.014 4235.597|-5559.805 4240.390|-5558.777 4245.227|-5557.932 4250.097|-5557.282 4255.001|-5556.806 4259.915|-5556.527 4264.853|-5556.436 4269.790|-5556.359 4354.776|-5556.275 4458.743|-5557.792 4460.266|-5591.835 4460.289|-5594.072 4460.178|-5596.288 4459.844|-5598.462 4459.299|-5600.574 4458.543|-5602.594 4457.587|-5604.516 4456.441|-5606.320 4455.107|-5607.976 4453.595|-5609.479 4451.938|-5610.815 4450.137|-5611.961 4448.213|-5612.919 4446.189|-5613.674 4444.088|-5614.219 4441.908|-5614.547 4439.695|-5614.652 4437.460|-5614.652 4434.592|-5614.806 4428.943|-5615.261 4423.316|-5616.015 4417.723|-5617.071 4412.175|-5618.413 4406.693|-5620.049 4401.289|-5621.978 4395.985|-5624.180 4390.781|-5626.655 4385.710|-5629.402 4380.773|-5632.408 4375.992|-5635.666 4371.377|-5639.161 4366.941|-5642.894 4362.704|-5646.844 4358.668|-5651.003 4354.843|-5654.058 4352.018|-5656.931 4349.005|-5659.608 4345.814|-5662.090 4342.467|-5664.355 4338.975|-5666.396 4335.350|-5668.213 4331.603|-5669.793 4327.755|-5671.128 4323.808|-5672.219 4319.794|-5673.058 4315.724|-5673.645 4311.599|-5673.974 4307.451|-5674.043 4303.293|-5673.855 4299.134|-5673.414 4294.997|-5660.272 4200.371
238 4037 42 ST NW,-5567.984 4213.202|-5562.406 4230.860|-5561.014 4235.597|-5559.805 4240.390|-5558.777 4245.227|-5557.932 4250.097|-5557.282 4255.001|-5556.806 4259.915|-5556.527 4264.853|-5556.436 4269.790|-5556.359 4354.776|-5556.275 4458.743|-5557.792 4460.266|-5591.835 4460.289|-5594.072 4460.178|-5596.288 4459.844|-5598.462 4459.299|-5600.574 4458.543|-5602.594 4457.587|-5604.516 4456.441|-5606.320 4455.107|-5607.976 4453.595|-5609.479 4451.938|-5610.815 4450.137|-5611.961 4448.213|-5612.919 4446.189|-5613.674 4444.088|-5614.219 4441.908|-5614.547 4439.695|-5614.652 4437.460|-5614.652 4434.592|-5614.806 4428.943|-5615.261 4423.316|-5616.015 4417.723|-5617.071 4412.175|-5618.413 4406.693|-5620.049 4401.289|-5621.978 4395.985|-5624.180 4390.781|-5626.655 4385.710|-5629.402 4380.773|-5632.408 4375.992|-5635.666 4371.377|-5639.161 4366.941|-5642.894 4362.704|-5646.844 4358.668|-5651.003 4354.843|-5654.058 4352.018|-5656.931 4349.005|-5659.608 4345.814|-5662.090 4342.467|-5664.355 4338.975|-5666.396 4335.350|-5668.213 4331.603|-5669.793 4327.755|-5671.128 4323.808|-5672.219 4319.794|-5673.058 4315.724|-5673.645 4311.599|-5673.974 4307.451|-5674.043 4303.293|-5673.855 4299.134|-5673.414 4294.997|-5660.272 4200.371
239 4037 42 ST NW,-5567.984 4213.202|-5562.406 4230.860|-5561.014 4235.597|-5559.805 4240.390|-5558.777 4245.227|-5557.932 4250.097|-5557.282 4255.001|-5556.806 4259.915|-5556.527 4264.853|-5556.436 4269.790|-5556.359 4354.776|-5556.275 4458.743|-5557.792 4460.266|-5591.835 4460.289|-5594.072 4460.178|-5596.288 4459.844|-5598.462 4459.299|-5600.574 4458.543|-5602.594 4457.587|-5604.516 4456.441|-5606.320 4455.107|-5607.976 4453.595|-5609.479 4451.938|-5610.815 4450.137|-5611.961 4448.213|-5612.919 4446.189|-5613.674 4444.088|-5614.219 4441.908|-5614.547 4439.695|-5614.652 4437.460|-5614.652 4434.592|-5614.806 4428.943|-5615.261 4423.316|-5616.015 4417.723|-5617.071 4412.175|-5618.413 4406.693|-5620.049 4401.289|-5621.978 4395.985|-5624.180 4390.781|-5626.655 4385.710|-5629.402 4380.773|-5632.408 4375.992|-5635.666 4371.377|-5639.161 4366.941|-5642.894 4362.704|-5646.844 4358.668|-5651.003 4354.843|-5654.058 4352.018|-5656.931 4349.005|-5659.608 4345.814|-5662.090 4342.467|-5664.355 4338.975|-5666.396 4335.350|-5668.213 4331.603|-5669.793 4327.755|-5671.128 4323.808|-5672.219 4319.794|-5673.058 4315.724|-5673.645 4311.599|-5673.974 4307.451|-5674.043 4303.293|-5673.855 4299.134|-5673.414 4294.997|-5660.272 4200.371
240 4037 42 ST NW,-5567.984 4213.202|-5562.406 4230.860|-5561.014 4235.597|-5559.805 4240.390|-5558.777 4245.227|-5557.932 4250.097|-5557.282 4255.001|-5556.806 4259.915|-5556.527 4264.853|-5556.436 4269.790|-5556.359 4354.776|-5556.275 4458.743|-5557.792 4460.266|-5591.835 4460.289|-5594.072 4460.178|-5596.288 4459.844|-5598.462 4459.299|-5600.574 4458.543|-5602.594 4457.587|-5604.516 4456.441|-5606.320 4455.107|-5607.976 4453.595|-5609.479 4451.938|-5610.815 4450.137|-5611.961 4448.213|-5612.919 4446.189|-5613.674 4444.088|-5614.219 4441.908|-5614.547 4439.695|-5614.652 4437.460|-5614.652 4434.592|-5614.806 4428.943|-5615.261 4423.316|-5616.015 4417.723|-5617.071 4412.175|-5618.413 4406.693|-5620.049 4401.289|-5621.978 4395.985|-5624.180 4390.781|-5626.655 4385.710|-5629.402 4380.773|-5632.408 4375.992|-5635.666 4371.377|-5639.161 4366.941|-5642.894 4362.704|-5646.844 4358.668|-5651.003 4354.843|-5654.058 4352.018|-5656.931 4349.005|-5659.608 4345.814|-5662.090 4342.467|-5664.355 4338.975|-5666.396 4335.350|-5668.213 4331.603|-5669.793 4327.755|-5671.128 4323.808|-5672.219 4319.794|-5673.058 4315.724|-5673.645 4311.599|-5673.974 4307.451|-5674.043 4303.293|-5673.855 4299.134|-5673.414 4294.997|-5660.272 4200.371
103 3737 42 ST NW,-5555.890 4067.359|-5563.936 4082.893|-5566.851 4088.853|-5569.494 4094.936|-5571.864 4101.140|-5573.954 4107.434|-5575.764 4113.828|-5577.274 4120.277|-5578.505 4126.804|-5579.434 4133.376|-5580.154 4141.182|-5580.462 4149.021|-5580.350 4156.860|-5579.826 4164.677|-5578.889 4172.461|-5577.540 4180.189|-5575.785 4187.828|-5573.625 4195.367|-5567.984 4213.202|-5660.272 4200.371|-5640.168 4055.639
102 3737 42 ST NW,-5555.890 4067.359|-5563.936 4082.893|-5566.851 4088.853|-5569.494 4094.936|-5571.864 4101.140|-5573.954 4107.434|-5575.764 4113.828|-5577.274 4120.277|-5578.505 4126.804|-5579.434 4133.376|-5580.154 4141.182|-5580.462 4149.021|-5580.350 4156.860|-5579.826 4164.677|-5578.889 4172.461|-5577.540 4180.189|-5575.785 4187.828|-5573.625 4195.367|-5567.984 4213.202|-5660.272 4200.371|-5640.168 4055.639
101 3737 42 ST NW,-5555.890 4067.359|-5563.936 4082.893|-5566.851 4088.853|-5569.494 4094.936|-5571.864 4101.140|-5573.954 4107.434|-5575.764 4113.828|-5577.274 4120.277|-5578.505 4126.804|-5579.434 4133.376|-5580.154 4141.182|-5580.462 4149.021|-5580.350 4156.860|-5579.826 4164.677|-5578.889 4172.461|-5577.540 4180.189|-5575.785 4187.828|-5573.625 4195.367|-5567.984 4213.202|-5660.272 4200.371|-5640.168 4055.639
106 3737 42 ST NW,-5555.890 4067.359|-5563.936 4082.893|-5566.851 4088.853|-5569.494 4094.936|-5571.864 4101.140|-5573.954 4107.434|-5575.764 4113.828|-5577.274 4120.277|-5578.505 4126.804|-5579.434 4133.376|-5580.154 4141.182|-5580.462 4149.021|-5580.350 4156.860|-5579.826 4164.677|-5578.889 4172.461|-5577.540 4180.189|-5575.785 4187.828|-5573.625 4195.367|-5567.984 4213.202|-5660.272 4200.371|-5640.168 4055.639
105 3737 42 ST NW,-5555.890 4067.359|-5563.936 4082.893|-5566.851 4088.853|-5569.494 4094.936|-5571.864 4101.140|-5573.954 4107.434|-5575.764 4113.828|-5577.274 4120.277|-5578.505 4126.804|-5579.434 4133.376|-5580.154 4141.182|-5580.462 4149.021|-5580.350 4156.860|-5579.826 4164.677|-5578.889 4172.461|-5577.540 4180.189|-5575.785 4187.828|-5573.625 4195.367|-5567.984 4213.202|-5660.272 4200.371|-5640.168 4055.639
203 3737 42 ST NW,-5555.890 4067.359|-5563.936 4082.893|-5566.851 4088.853|-5569.494 4094.936|-5571.864 4101.140|-5573.954 4107.434|-5575.764 4113.828|-5577.274 4120.277|-5578.505 4126.804|-5579.434 4133.376|-5580.154 4141.182|-5580.462 4149.021|-5580.350 4156.860|-5579.826 4164.677|-5578.889 4172.461|-5577.540 4180.189|-5575.785 4187.828|-5573.625 4195.367|-5567.984 4213.202|-5660.272 4200.371|-5640.168 4055.639
202 3737 42 ST NW,-5555.890 4067.359|-5563.936 4082.893|-5566.851 4088.853|-5569.494 4094.936|-5571.864 4101.140|-5573.954 4107.434|-5575.764 4113.828|-5577.274 4120.277|-5578.505 4126.804|-5579.434 4133.376|-5580.154 4141.182|-5580.462 4149.021|-5580.350 4156.860|-5579.826 4164.677|-5578.889 4172.461|-5577.540 4180.189|-5575.785 4187.828|-5573.625 4195.367|-5567.984 4213.202|-5660.272 4200.371|-5640.168 4055.639
201 3737 42 ST NW,-5555.890 4067.359|-5563.936 4082.893|-5566.851 4088.853|-5569.494 4094.936|-5571.864 4101.140|-5573.954 4107.434|-5575.764 4113.828|-5577.274 4120.277|-5578.505 4126.804|-5579.434 4133.376|-5580.154 4141.182|-5580.462 4149.021|-5580.350 4156.860|-5579.826 4164.677|-5578.889 4172.461|-5577.540 4180.189|-5575.785 4187.828|-5573.625 4195.367|-5567.984 4213.202|-5660.272 4200.371|-5640.168 4055.639
206 3737 42 ST NW,-5555.890 4067.359|-5563.936 4082.893|-5566.851 4088.853|-5569.494 4094.936|-5571.864 4101.140|-5573.954 4107.434|-5575.764 4113.828|-5577.274 4120.277|-5578.505 4126.804|-5579.434 4133.376|-5580.154 4141.182|-5580.462 4149.021|-5580.350 4156.860|-5579.826 4164.677|-5578.889 4172.461|-5577.540 4180.189|-5575.785 4187.828|-5573.625 4195.367|-5567.984 4213.202|-5660.272 4200.371|-5640.168 4055.639
205 3737 42 ST NW,-5555.890 4067.359|-5563.936 4082.893|-5566.851 4088.853|-5569.494 4094.936|-5571.864 4101.140|-5573.954 4107.434|-5575.764 4113.828|-5577.274 4120.277|-5578.505 4126.804|-5579.434 4133.376|-5580.154 4141.182|-5580.462 4149.021|-5580.350 4156.860|-5579.826 4164.677|-5578.889 4172.461|-5577.540 4180.189|-5575.785 4187.828|-5573.625 4195.367|-5567.984 4213.202|-5660.272 4200.371|-5640.168 4055.639
204 3737 42 ST NW,-5555.890 4067.359|-5563.936 4082.893|-5566.851 4088.853|-5569.494 4094.936|-5571.864 4101.140|-5573.954 4107.434|-5575.764 4113.828|-5577.274 4120.277|-5578.505 4126.804|-5579.434 4133.376|-5580.154 4141.182|-5580.462 4149.021|-5580.350 4156.860|-5579.826 4164.677|-5578.889 4172.461|-5577.540 4180.189|-5575.785 4187.828|-5573.625 4195.367|-5567.984 4213.202|-5660.272 4200.371|-5640.168 4055.639
303 3737 42 ST NW,-5555.890 4067.359|-5563.936 4082.893|-5566.851 4088.853|-5569.494 4094.936|-5571.864 4101.140|-5573.954 4107.434|-5575.764 4113.828|-5577.274 4120.277|-5578.505 4126.804|-5579.434 4133.376|-5580.154 4141.182|-5580.462 4149.021|-5580.350 4156.860|-5579.826 4164.677|-5578.889 4172.461|-5577.540 4180.189|-5575.785 4187.828|-5573.625 4195.367|-5567.984 4213.202|-5660.272 4200.371|-5640.168 4055.639
302 3737 42 ST NW,-5555.890 4067.359|-5563.936 4082.893|-5566.851 4088.853|-5569.494 4094.936|-5571.864 4101.140|-5573.954 4107.434|-5575.764 4113.828|-5577.274 4120.277|-5578.505 4126.804|-5579.434 4133.376|-5580.154 4141.182|-5580.462 4149.021|-5580.350 4156.860|-5579.826 4164.677|-5578.889 4172.461|-5577.540 4180.189|-5575.785 4187.828|-5573.625 4195.367|-5567.984 4213.202|-5660.272 4200.371|-5640.168 4055.639
301 3737 42 ST NW,-5555.890 4067.359|-5563.936 4082.893|-5566.851 4088.853|-5569.494 4094.936|-5571.864 4101.140|-5573.954 4107.434|-5575.764 4113.828|-5577.274 4120.277|-5578.505 4126.804|-5579.434 4133.376|-5580.154 4141.182|-5580.462 4149.021|-5580.350 4156.860|-5579.826 4164.677|-5578.889 4172.461|-5577.540 4180.189|-5575.785 4187.828|-5573.625 4195.367|-5567.984 4213.202|-5660.272 4200.371|-5640.168 4055.639
306 3737 42 ST NW,-5555.890 4067.359|-5563.936 4082.893|-5566.851 4088.853|-5569.494 4094.936|-5571.864 4101.140|-5573.954 4107.434|-5575.764 4113.828|-5577.274 4120.277|-5578.505 4126.804|-5579.434 4133.376|-5580.154 4141.182|-5580.462 4149.021|-5580.350 4156.860|-5579.826 4164.677|-5578.889 4172.461|-5577.540 4180.189|-5575.785 4187.828|-5573.625 4195.367|-5567.984 4213.202|-5660.272 4200.371|-5640.168 4055.639
305 3737 42 ST NW,-5555.890 4067.359|-5563.936 4082.893|-5566.851 4088.853|-5569.494 4094.936|-5571.864 4101.140|-5573.954 4107.434|-5575.764 4113.828|-5577.274 4120.277|-5578.505 4126.804|-5579.434 4133.376|-5580.154 4141.182|-5580.462 4149.021|-5580.350 4156.860|-5579.826 4164.677|-5578.889 4172.461|-5577.540 4180.189|-5575.785 4187.828|-5573.625 4195.367|-5567.984 4213.202|-5660.272 4200.371|-5640.168 4055.639
304 3737 42 ST NW,-5555.890 4067.359|-5563.936 4082.893|-5566.851 4088.853|-5569.494 4094.936|-5571.864 4101.140|-5573.954 4107.434|-5575.764 4113.828|-5577.274 4120.277|-5578.505 4126.804|-5579.434 4133.376|-5580.154 4141.182|-5580.462 4149.021|-5580.350 4156.860|-5579.826 4164.677|-5578.889 4172.461|-5577.540 4180.189|-5575.785 4187.828|-5573.625 4195.367|-5567.984 4213.202|-5660.272 4200.371|-5640.168 4055.639
403 3737 42 ST NW,-5555.890 4067.359|-5563.936 4082.893|-5566.851 4088.853|-5569.494 4094.936|-5571.864 4101.140|-5573.954 4107.434|-5575.764 4113.828|-5577.274 4120.277|-5578.505 4126.804|-5579.434 4133.376|-5580.154 4141.182|-5580.462 4149.021|-5580.350 4156.860|-5579.826 4164.677|-5578.889 4172.461|-5577.540 4180.189|-5575.785 4187.828|-5573.625 4195.367|-5567.984 4213.202|-5660.272 4200.371|-5640.168 4055.639
402 3737 42 ST NW,-5555.890 4067.359|-5563.936 4082.893|-5566.851 4088.853|-5569.494 4094.936|-5571.864 4101.140|-5573.954 4107.434|-5575.764 4113.828|-5577.274 4120.277|-5578.505 4126.804|-5579.434 4133.376|-5580.154 4141.182|-5580.462 4149.021|-5580.350 4156.860|-5579.826 4164.677|-5578.889 4172.461|-5577.540 4180.189|-5575.785 4187.828|-5573.625 4195.367|-5567.984 4213.202|-5660.272 4200.371|-5640.168 4055.639
401 3737 42 ST NW,-5555.890 4067.359|-5563.936 4082.893|-5566.851 4088.853|-5569.494 4094.936|-5571.864 4101.140|-5573.954 4107.434|-5575.764 4113.828|-5577.274 4120.277|-5578.505 4126.804|-5579.434 4133.376|-5580.154 4141.182|-5580.462 4149.021|-5580.350 4156.860|-5579.826 4164.677|-5578.889 4172.461|-5577.540 4180.189|-5575.785 4187.828|-5573.625 4195.367|-5567.984 4213.202|-5660.272 4200.371|-5640.168 4055.639
406 3737 42 ST NW,-5555.890 4067.359|-5563.936 4082.893|-5566.851 4088.853|-5569.494 4094.936|-5571.864 4101.140|-5573.954 4107.434|-5575.764 4113.828|-5577.274 4120.277|-5578.505 4126.804|-5579.434 4133.376|-5580.154 4141.182|-5580.462 4149.021|-5580.350 4156.860|-5579.826 4164.677|-5578.889 4172.461|-5577.540 4180.189|-5575.785 4187.828|-5573.625 4195.367|-5567.984 4213.202|-5660.272 4200.371|-5640.168 4055.639
405 3737 42 ST NW,-5555.890 4067.359|-5563.936 4082.893|-5566.851 4088.853|-5569.494 4094.936|-5571.864 4101.140|-5573.954 4107.434|-5575.764 4113.828|-5577.274 4120.277|-5578.505 4126.804|-5579.434 4133.376|-5580.154 4141.182|-5580.462 4149.021|-5580.350 4156.860|-5579.826 4164.677|-5578.889 4172.461|-5577.540 4180.189|-5575.785 4187.828|-5573.625 4195.367|-5567.984 4213.202|-5660.272 4200.371|-5640.168 4055.639
404 3737 42 ST NW,-5555.890 4067.359|-5563.936 4082.893|-5566.851 4088.853|-5569.494 4094.936|-5571.864 4101.140|-5573.954 4107.434|-5575.764 4113.828|-5577.274 4120.277|-5578.505 4126.804|-5579.434 4133.376|-5580.154 4141.182|-5580.462 4149.021|-5580.350 4156.860|-5579.826 4164.677|-5578.889 4172.461|-5577.540 4180.189|-5575.785 4187.828|-5573.625 4195.367|-5567.984 4213.202|-5660.272 4200.371|-5640.168 4055.639
103 3727 42 ST NW,-5555.890 4067.359|-5563.936 4082.893|-5566.851 4088.853|-5569.494 4094.936|-5571.864 4101.140|-5573.954 4107.434|-5575.764 4113.828|-5577.274 4120.277|-5578.505 4126.804|-5579.434 4133.376|-5580.154 4141.182|-5580.462 4149.021|-5580.350 4156.860|-5579.826 4164.677|-5578.889 4172.461|-5577.540 4180.189|-5575.785 4187.828|-5573.625 4195.367|-5567.984 4213.202|-5660.272 4200.371|-5640.168 4055.639
102 3727 42 ST NW,-5555.890 4067.359|-5563.936 4082.893|-5566.851 4088.853|-5569.494 4094.936|-5571.864 4101.140|-5573.954 4107.434|-5575.764 4113.828|-5577.274 4120.277|-5578.505 4126.804|-5579.434 4133.376|-5580.154 4141.182|-5580.462 4149.021|-5580.350 4156.860|-5579.826 4164.677|-5578.889 4172.461|-5577.540 4180.189|-5575.785 4187.828|-5573.625 4195.367|-5567.984 4213.202|-5660.272 4200.371|-5640.168 4055.639
101 3727 42 ST NW,-5555.890 4067.359|-5563.936 4082.893|-5566.851 4088.853|-5569.494 4094.936|-5571.864 4101.140|-5573.954 4107.434|-5575.764 4113.828|-5577.274 4120.277|-5578.505 4126.804|-5579.434 4133.376|-5580.154 4141.182|-5580.462 4149.021|-5580.350 4156.860|-5579.826 4164.677|-5578.889 4172.461|-5577.540 4180.189|-5575.785 4187.828|-5573.625 4195.367|-5567.984 4213.202|-5660.272 4200.371|-5640.168 4055.639
106 3727 42 ST NW,-5555.890 4067.359|-5563.936 4082.893|-5566.851 4088.853|-5569.494 4094.936|-5571.864 4101.140|-5573.954 4107.434|-5575.764 4113.828|-5577.274 4120.277|-5578.505 4126.804|-5579.434 4133.376|-5580.154 4141.182|-5580.462 4149.021|-5580.350 4156.860|-5579.826 4164.677|-5578.889 4172.461|-5577.540 4180.189|-5575.785 4187.828|-5573.625 4195.367|-5567.984 4213.202|-5660.272 4200.371|-5640.168 4055.639
105 3727 42 ST NW,-5555.890 4067.359|-5563.936 4082.893|-5566.851 4088.853|-5569.494 4094.936|-5571.864 4101.140|-5573.954 4107.434|-5575.764 4113.828|-5577.274 4120.277|-5578.505 4126.804|-5579.434 4133.376|-5580.154 4141.182|-5580.462 4149.021|-5580.350 4156.860|-5579.826 4164.677|-5578.889 4172.461|-5577.540 4180.189|-5575.785 4187.828|-5573.625 4195.367|-5567.984 4213.202|-5660.272 4200.371|-5640.168 4055.639
203 3727 42 ST NW,-5555.890 4067.359|-5563.936 4082.893|-5566.851 4088.853|-5569.494 4094.936|-5571.864 4101.140|-5573.954 4107.434|-5575.764 4113.828|-5577.274 4120.277|-5578.505 4126.804|-5579.434 4133.376|-5580.154 4141.182|-5580.462 4149.021|-5580.350 4156.860|-5579.826 4164.677|-5578.889 4172.461|-5577.540 4180.189|-5575.785 4187.828|-5573.625 4195.367|-5567.984 4213.202|-5660.272 4200.371|-5640.168 4055.639
202 3727 42 ST NW,-5555.890 4067.359|-5563.936 4082.893|-5566.851 4088.853|-5569.494 4094.936|-5571.864 4101.140|-5573.954 4107.434|-5575.764 4113.828|-5577.274 4120.277|-5578.505 4126.804|-5579.434 4133.376|-5580.154 4141.182|-5580.462 4149.021|-5580.350 4156.860|-5579.826 4164.677|-5578.889 4172.461|-5577.540 4180.189|-5575.785 4187.828|-5573.625 4195.367|-5567.984 4213.202|-5660.272 4200.371|-5640.168 4055.639
201 3727 42 ST NW,-5555.890 4067.359|-5563.936 4082.893|-5566.851 4088.853|-5569.494 4094.936|-5571.864 4101.140|-5573.954 4107.434|-5575.764 4113.828|-5577.274 4120.277|-5578.505 4126.804|-5579.434 4133.376|-5580.154 4141.182|-5580.462 4149.021|-5580.350 4156.860|-5579.826 4164.677|-5578.889 4172.461|-5577.540 4180.189|-5575.785 4187.828|-5573.625 4195.367|-5567.984 4213.202|-5660.272 4200.371|-5640.168 4055.639
206 3727 42 ST NW,-5555.890 4067.359|-5563.936 4082.893|-5566.851 4088.853|-5569.494 4094.936|-5571.864 4101.140|-5573.954 4107.434|-5575.764 4113.828|-5577.274 4120.277|-5578.505 4126.804|-5579.434 4133.376|-5580.154 4141.182|-5580.462 4149.021|-5580.350 4156.860|-5579.826 4164.677|-5578.889 4172.461|-5577.540 4180.189|-5575.785 4187.828|-5573.625 4195.367|-5567.984 4213.202|-5660.272 4200.371|-5640.168 4055.639
205 3727 42 ST NW,-5555.890 4067.359|-5563.936 4082.893|-5566.851 4088.853|-5569.494 4094.936|-5571.864 4101.140|-5573.954 4107.434|-5575.764 4113.828|-5577.274 4120.277|-5578.505 4126.804|-5579.434 4133.376|-5580.154 4141.182|-5580.462 4149.021|-5580.350 4156.860|-5579.826 4164.677|-5578.889 4172.461|-5577.540 4180.189|-5575.785 4187.828|-5573.625 4195.367|-5567.984 4213.202|-5660.272 4200.371|-5640.168 4055.639
204 3727 42 ST NW,-5555.890 4067.359|-5563.936 4082.893|-5566.851 4088.853|-5569.494 4094.936|-5571.864 4101.140|-5573.954 4107.434|-5575.764 4113.828|-5577.274 4120.277|-5578.505 4126.804|-5579.434 4133.376|-5580.154 4141.182|-5580.462 4149.021|-5580.350 4156.860|-5579.826 4164.677|-5578.889 4172.461|-5577.540 4180.189|-5575.785 4187.828|-5573.625 4195.367|-5567.984 4213.202|-5660.272 4200.371|-5640.168 4055.639
303 3727 42 ST NW,-5555.890 4067.359|-5563.936 4082.893|-5566.851 4088.853|-5569.494 4094.936|-5571.864 4101.140|-5573.954 4107.434|-5575.764 4113.828|-5577.274 4120.277|-5578.505 4126.804|-5579.434 4133.376|-5580.154 4141.182|-5580.462 4149.021|-5580.350 4156.860|-5579.826 4164.677|-5578.889 4172.461|-5577.540 4180.189|-5575.785 4187.828|-5573.625 4195.367|-5567.984 4213.202|-5660.272 4200.371|-5640.168 4055.639
302 3727 42 ST NW,-5555.890 4067.359|-5563.936 4082.893|-5566.851 4088.853|-5569.494 4094.936|-5571.864 4101.140|-5573.954 4107.434|-5575.764 4113.828|-5577.274 4120.277|-5578.505 4126.804|-5579.434 4133.376|-5580.154 4141.182|-5580.462 4149.021|-5580.350 4156.860|-5579.826 4164.677|-5578.889 4172.461|-5577.540 4180.189|-5575.785 4187.828|-5573.625 4195.367|-5567.984 4213.202|-5660.272 4200.371|-5640.168 4055.639
301 3727 42 ST NW,-5555.890 4067.359|-5563.936 4082.893|-5566.851 4088.853|-5569.494 4094.936|-5571.864 4101.140|-5573.954 4107.434|-5575.764 4113.828|-5577.274 4120.277|-5578.505 4126.804|-5579.434 4133.376|-5580.154 4141.182|-5580.462 4149.021|-5580.350 4156.860|-5579.826 4164.677|-5578.889 4172.461|-5577.540 4180.189|-5575.785 4187.828|-5573.625 4195.367|-5567.984 4213.202|-5660.272 4200.371|-5640.168 4055.639
306 3727 42 ST NW,-5555.890 4067.359|-5563.936 4082.893|-5566.851 4088.853|-5569.494 4094.936|-5571.864 4101.140|-5573.954 4107.434|-5575.764 4113.828|-5577.274 4120.277|-5578.505 4126.804|-5579.434 4133.376|-5580.154 4141.182|-5580.462 4149.021|-5580.350 4156.860|-5579.826 4164.677|-5578.889 4172.461|-5577.540 4180.189|-5575.785 4187.828|-5573.625 4195.367|-5567.984 4213.202|-5660.272 4200.371|-5640.168 4055.639
305 3727 42 ST NW,-5555.890 4067.359|-5563.936 4082.893|-5566.851 4088.853|-5569.494 4094.936|-5571.864 4101.140|-5573.954 4107.434|-5575.764 4113.828|-5577.274 4120.277|-5578.505 4126.804|-5579.434 4133.376|-5580.154 4141.182|-5580.462 4149.021|-5580.350 4156.860|-5579.826 4164.677|-5578.889 4172.461|-5577.540 4180.189|-5575.785 4187.828|-5573.625 4195.367|-5567.984 4213.202|-5660.272 4200.371|-5640.168 4055.639
304 3727 42 ST NW,-5555.890 4067.359|-5563.936 4082.893|-5566.851 4088.853|-5569.494 4094.936|-5571.864 4101.140|-5573.954 4107.434|-5575.764 4113.828|-5577.274 4120.277|-5578.505 4126.804|-5579.434 4133.376|-5580.154 4141.182|-5580.462 4149.021|-5580.350 4156.860|-5579.826 4164.677|-5578.889 4172.461|-5577.540 4180.189|-5575.785 4187.828|-5573.625 4195.367|-5567.984 4213.202|-5660.272 4200.371|-5640.168 4055.639
403 3727 42 ST NW,-5555.890 4067.359|-5563.936 4082.893|-5566.851 4088.853|-5569.494 4094.936|-5571.864 4101.140|-5573.954 4107.434|-5575.764 4113.828|-5577.274 4120.277|-5578.505 4126.804|-5579.434 4133.376|-5580.154 4141.182|-5580.462 4149.021|-5580.350 4156.860|-5579.826 4164.677|-5578.889 4172.461|-5577.540 4180.189|-5575.785 4187.828|-5573.625 4195.367|-5567.984 4213.202|-5660.272 4200.371|-5640.168 4055.639
402 3727 42 ST NW,-5555.890 4067.359|-5563.936 4082.893|-5566.851 4088.853|-5569.494 4094.936|-5571.864 4101.140|-5573.954 4107.434|-5575.764 4113.828|-5577.274 4120.277|-5578.505 4126.804|-5579.434 4133.376|-5580.154 4141.182|-5580.462 4149.021|-5580.350 4156.860|-5579.826 4164.677|-5578.889 4172.461|-5577.540 4180.189|-5575.785 4187.828|-5573.625 4195.367|-5567.984 4213.202|-5660.272 4200.371|-5640.168 4055.639
401 3727 42 ST NW,-5555.890 4067.359|-5563.936 4082.893|-5566.851 4088.853|-5569.494 4094.936|-5571.864 4101.140|-5573.954 4107.434|-5575.764 4113.828|-5577.274 4120.277|-5578.505 4126.804|-5579.434 4133.376|-5580.154 4141.182|-5580.462 4149.021|-5580.350 4156.860|-5579.826 4164.677|-5578.889 4172.461|-5577.540 4180.189|-5575.785 4187.828|-5573.625 4195.367|-5567.984 4213.202|-5660.272 4200.371|-5640.168 4055.639
406 3727 42 ST NW,-5555.890 4067.359|-5563.936 4082.893|-5566.851 4088.853|-5569.494 4094.936|-5571.864 4101.140|-5573.954 4107.434|-5575.764 4113.828|-5577.274 4120.277|-5578.505 4126.804|-5579.434 4133.376|-5580.154 4141.182|-5580.462 4149.021|-5580.350 4156.860|-5579.826 4164.677|-5578.889 4172.461|-5577.540 4180.189|-5575.785 4187.828|-5573.625 4195.367|-5567.984 4213.202|-5660.272 4200.371|-5640.168 4055.639
405 3727 42 ST NW,-5555.890 4067.359|-5563.936 4082.893|-5566.851 4088.853|-5569.494 4094.936|-5571.864 4101.140|-5573.954 4107.434|-5575.764 4113.828|-5577.274 4120.277|-5578.505 4126.804|-5579.434 4133.376|-5580.154 4141.182|-5580.462 4149.021|-5580.350 4156.860|-5579.826 4164.677|-5578.889 4172.461|-5577.540 4180.189|-5575.785 4187.828|-5573.625 4195.367|-5567.984 4213.202|-5660.272 4200.371|-5640.168 4055.639
404 3727 42 ST NW,-5555.890 4067.359|-5563.936 4082.893|-5566.851 4088.853|-5569.494 4094.936|-5571.864 4101.140|-5573.954 4107.434|-5575.764 4113.828|-5577.274 4120.277|-5578.505 4126.804|-5579.434 4133.376|-5580.154 4141.182|-5580.462 4149.021|-5580.350 4156.860|-5579.826 4164.677|-5578.889 4172.461|-5577.540 4180.189|-5575.785 4187.828|-5573.625 4195.367|-5567.984 4213.202|-5660.272 4200.371|-5640.168 4055.639
104 3717 42 ST NW,-5555.890 4067.359|-5563.936 4082.893|-5566.851 4088.853|-5569.494 4094.936|-5571.864 4101.140|-5573.954 4107.434|-5575.764 4113.828|-5577.274 4120.277|-5578.505 4126.804|-5579.434 4133.376|-5580.154 4141.182|-5580.462 4149.021|-5580.350 4156.860|-5579.826 4164.677|-5578.889 4172.461|-5577.540 4180.189|-5575.785 4187.828|-5573.625 4195.367|-5567.984 4213.202|-5660.272 4200.371|-5640.168 4055.639
103 3717 42 ST NW,-5555.890 4067.359|-5563.936 4082.893|-5566.851 4088.853|-5569.494 4094.936|-5571.864 4101.140|-5573.954 4107.434|-5575.764 4113.828|-5577.274 4120.277|-5578.505 4126.804|-5579.434 4133.376|-5580.154 4141.182|-5580.462 4149.021|-5580.350 4156.860|-5579.826 4164.677|-5578.889 4172.461|-5577.540 4180.189|-5575.785 4187.828|-5573.625 4195.367|-5567.984 4213.202|-5660.272 4200.371|-5640.168 4055.639
102 3717 42 ST NW,-5555.890 4067.359|-5563.936 4082.893|-5566.851 4088.853|-5569.494 4094.936|-5571.864 4101.140|-5573.954 4107.434|-5575.764 4113.828|-5577.274 4120.277|-5578.505 4126.804|-5579.434 4133.376|-5580.154 4141.182|-5580.462 4149.021|-5580.350 4156.860|-5579.826 4164.677|-5578.889 4172.461|-5577.540 4180.189|-5575.785 4187.828|-5573.625 4195.367|-5567.984 4213.202|-5660.272 4200.371|-5640.168 4055.639
101 3717 42 ST NW,-5555.890 4067.359|-5563.936 4082.893|-5566.851 4088.853|-5569.494 4094.936|-5571.864 4101.140|-5573.954 4107.434|-5575.764 4113.828|-5577.274 4120.277|-5578.505 4126.804|-5579.434 4133.376|-5580.154 4141.182|-5580.462 4149.021|-5580.350 4156.860|-5579.826 4164.677|-5578.889 4172.461|-5577.540 4180.189|-5575.785 4187.828|-5573.625 4195.367|-5567.984 4213.202|-5660.272 4200.371|-5640.168 4055.639
108 3717 42 ST NW,-5555.890 4067.359|-5563.936 4082.893|-5566.851 4088.853|-5569.494 4094.936|-5571.864 4101.140|-5573.954 4107.434|-5575.764 4113.828|-5577.274 4120.277|-5578.505 4126.804|-5579.434 4133.376|-5580.154 4141.182|-5580.462 4149.021|-5580.350 4156.860|-5579.826 4164.677|-5578.889 4172.461|-5577.540 4180.189|-5575.785 4187.828|-5573.625 4195.367|-5567.984 4213.202|-5660.272 4200.371|-5640.168 4055.639
107 3717 42 ST NW,-5555.890 4067.359|-5563.936 4082.893|-5566.851 4088.853|-5569.494 4094.936|-5571.864 4101.140|-5573.954 4107.434|-5575.764 4113.828|-5577.274 4120.277|-5578.505 4126.804|-5579.434 4133.376|-5580.154 4141.182|-5580.462 4149.021|-5580.350 4156.860|-5579.826 4164.677|-5578.889 4172.461|-5577.540 4180.189|-5575.785 4187.828|-5573.625 4195.367|-5567.984 4213.202|-5660.272 4200.371|-5640.168 4055.639
106 3717 42 ST NW,-5555.890 4067.359|-5563.936 4082.893|-5566.851 4088.853|-5569.494 4094.936|-5571.864 4101.140|-5573.954 4107.434|-5575.764 4113.828|-5577.274 4120.277|-5578.505 4126.804|-5579.434 4133.376|-5580.154 4141.182|-5580.462 4149.021|-5580.350 4156.860|-5579.826 4164.677|-5578.889 4172.461|-5577.540 4180.189|-5575.785 4187.828|-5573.625 4195.367|-5567.984 4213.202|-5660.272 4200.371|-5640.168 4055.639
204 3717 42 ST NW,-5555.890 4067.359|-5563.936 4082.893|-5566.851 4088.853|-5569.494 4094.936|-5571.864 4101.140|-5573.954 4107.434|-5575.764 4113.828|-5577.274 4120.277|-5578.505 4126.804|-5579.434 4133.376|-5580.154 4141.182|-5580.462 4149.021|-5580.350 4156.860|-5579.826 4164.677|-5578.889 4172.461|-5577.540 4180.189|-5575.785 4187.828|-5573.625 4195.367|-5567.984 4213.202|-5660.272 4200.371|-5640.168 4055.639
203 3717 42 ST NW,-5555.890 4067.359|-5563.936 4082.893|-5566.851 4088.853|-5569.494 4094.936|-5571.864 4101.140|-5573.954 4107.434|-5575.764 4113.828|-5577.274 4120.277|-5578.505 4126.804|-5579.434 4133.376|-5580.154 4141.182|-5580.462 4149.021|-5580.350 4156.860|-5579.826 4164.677|-5578.889 4172.461|-5577.540 4180.189|-5575.785 4187.828|-5573.625 4195.367|-5567.984 4213.202|-5660.272 4200.371|-5640.168 4055.639
202 3717 42 ST NW,-5555.890 4067.359|-5563.936 4082.893|-5566.851 4088.853|-5569.494 4094.936|-5571.864 4101.140|-5573.954 4107.434|-5575.764 4113.828|-5577.274 4120.277|-5578.505 4126.804|-5579.434 4133.376|-5580.154 4141.182|-5580.462 4149.021|-5580.350 4156.860|-5579.826 4164.677|-5578.889 4172.461|-5577.540 4180.189|-5575.785 4187.828|-5573.625 4195.367|-5567.984 4213.202|-5660.272 4200.371|-5640.168 4055.639
201 3717 42 ST NW,-5555.890 4067.359|-5563.936 4082.893|-5566.851 4088.853|-5569.494 4094.936|-5571.864 4101.140|-5573.954 4107.434|-5575.764 4113.828|-5577.274 4120.277|-5578.505 4126.804|-5579.434 4133.376|-5580.154 4141.182|-5580.462 4149.021|-5580.350 4156.860|-5579.826 4164.677|-5578.889 4172.461|-5577.540 4180.189|-5575.785 4187.828|-5573.625 4195.367|-5567.984 4213.202|-5660.272 4200.371|-5640.168 4055.639
208 3717 42 ST NW,-5555.890 4067.359|-5563.936 4082.893|-5566.851 4088.853|-5569.494 4094.936|-5571.864 4101.140|-5573.954 4107.434|-5575.764 4113.828|-5577.274 4120.277|-5578.505 4126.804|-5579.434 4133.376|-5580.154 4141.182|-5580.462 4149.021|-5580.350 4156.860|-5579.826 4164.677|-5578.889 4172.461|-5577.540 4180.189|-5575.785 4187.828|-5573.625 4195.367|-5567.984 4213.202|-5660.272 4200.371|-5640.168 4055.639
207 3717 42 ST NW,-5555.890 4067.359|-5563.936 4082.893|-5566.851 4088.853|-5569.494 4094.936|-5571.864 4101.140|-5573.954 4107.434|-5575.764 4113.828|-5577.274 4120.277|-5578.505 4126.804|-5579.434 4133.376|-5580.154 4141.182|-5580.462 4149.021|-5580.350 4156.860|-5579.826 4164.677|-5578.889 4172.461|-5577.540 4180.189|-5575.785 4187.828|-5573.625 4195.367|-5567.984 4213.202|-5660.272 4200.371|-5640.168 4055.639
206 3717 42 ST NW,-5555.890 4067.359|-5563.936 4082.893|-5566.851 4088.853|-5569.494 4094.936|-5571.864 4101.140|-5573.954 4107.434|-5575.764 4113.828|-5577.274 4120.277|-5578.505 4126.804|-5579.434 4133.376|-5580.154 4141.182|-5580.462 4149.021|-5580.350 4156.860|-5579.826 4164.677|-5578.889 4172.461|-5577.540 4180.189|-5575.785 4187.828|-5573.625 4195.367|-5567.984 4213.202|-5660.272 4200.371|-5640.168 4055.639
205 3717 42 ST NW,-5555.890 4067.359|-5563.936 4082.893|-5566.851 4088.853|-5569.494 4094.936|-5571.864 4101.140|-5573.954 4107.434|-5575.764 4113.828|-5577.274 4120.277|-5578.505 4126.804|-5579.434 4133.376|-5580.154 4141.182|-5580.462 4149.021|-5580.350 4156.860|-5579.826 4164.677|-5578.889 4172.461|-5577.540 4180.189|-5575.785 4187.828|-5573.625 4195.367|-5567.984 4213.202|-5660.272 4200.371|-5640.168 4055.639
304 3717 42 ST NW,-5555.890 4067.359|-5563.936 4082.893|-5566.851 4088.853|-5569.494 4094.936|-5571.864 4101.140|-5573.954 4107.434|-5575.764 4113.828|-5577.274 4120.277|-5578.505 4126.804|-5579.434 4133.376|-5580.154 4141.182|-5580.462 4149.021|-5580.350 4156.860|-5579.826 4164.677|-5578.889 4172.461|-5577.540 4180.189|-5575.785 4187.828|-5573.625 4195.367|-5567.984 4213.202|-5660.272 4200.371|-5640.168 4055.639
303 3717 42 ST NW,-5555.890 4067.359|-5563.936 4082.893|-5566.851 4088.853|-5569.494 4094.936|-5571.864 4101.140|-5573.954 4107.434|-5575.764 4113.828|-5577.274 4120.277|-5578.505 4126.804|-5579.434 4133.376|-5580.154 4141.182|-5580.462 4149.021|-5580.350 4156.860|-5579.826 4164.677|-5578.889 4172.461|-5577.540 4180.189|-5575.785 4187.828|-5573.625 4195.367|-5567.984 4213.202|-5660.272 4200.371|-5640.168 4055.639
302 3717 42 ST NW,-5555.890 4067.359|-5563.936 4082.893|-5566.851 4088.853|-5569.494 4094.936|-5571.864 4101.140|-5573.954 4107.434|-5575.764 4113.828|-5577.274 4120.277|-5578.505 4126.804|-5579.434 4133.376|-5580.154 4141.182|-5580.462 4149.021|-5580.350 4156.860|-5579.826 4164.677|-5578.889 4172.461|-5577.540 4180.189|-5575.785 4187.828|-5573.625 4195.367|-5567.984 4213.202|-5660.272 4200.371|-5640.168 4055.639
301 3717 42 ST NW,-5555.890 4067.359|-5563.936 4082.893|-5566.851 4088.853|-5569.494 4094.936|-5571.864 4101.140|-5573.954 4107.434|-5575.764 4113.828|-5577.274 4120.277|-5578.505 4126.804|-5579.434 4133.376|-5580.154 4141.182|-5580.462 4149.021|-5580.350 4156.860|-5579.826 4164.677|-5578.889 4172.461|-5577.540 4180.189|-5575.785 4187.828|-5573.625 4195.367|-5567.984 4213.202|-5660.272 4200.371|-5640.168 4055.639
308 3717 42 ST NW,-5555.890 4067.359|-5563.936 4082.893|-5566.851 4088.853|-5569.494 4094.936|-5571.864 4101.140|-5573.954 4107.434|-5575.764 4113.828|-5577.274 4120.277|-5578.505 4126.804|-5579.434 4133.376|-5580.154 4141.182|-5580.462 4149.021|-5580.350 4156.860|-5579.826 4164.677|-5578.889 4172.461|-5577.540 4180.189|-5575.785 4187.828|-5573.625 4195.367|-5567.984 4213.202|-5660.272 4200.371|-5640.168 4055.639
307 3717 42 ST NW,-5555.890 4067.359|-5563.936 4082.893|-5566.851 4088.853|-5569.494 4094.936|-5571.864 4101.140|-5573.954 4107.434|-5575.764 4113.828|-5577.274 4120.277|-5578.505 4126.804|-5579.434 4133.376|-5580.154 4141.182|-5580.462 4149.021|-5580.350 4156.860|-5579.826 4164.677|-5578.889 4172.461|-5577.540 4180.189|-5575.785 4187.828|-5573.625 4195.367|-5567.984 4213.202|-5660.272 4200.371|-5640.168 4055.639
306 3717 42 ST NW,-5555.890 4067.359|-5563.936 4082.893|-5566.851 4088.853|-5569.494 4094.936|-5571.864 4101.140|-5573.954 4107.434|-5575.764 4113.828|-5577.274 4120.277|-5578.505 4126.804|-5579.434 4133.376|-5580.154 4141.182|-5580.462 4149.021|-5580.350 4156.860|-5579.826 4164.677|-5578.889 4172.461|-5577.540 4180.189|-5575.785 4187.828|-5573.625 4195.367|-5567.984 4213.202|-5660.272 4200.371|-5640.168 4055.639
305 3717 42 ST NW,-5555.890 4067.359|-5563.936 4082.893|-5566.851 4088.853|-5569.494 4094.936|-5571.864 4101.140|-5573.954 4107.434|-5575.764 4113.828|-5577.274 4120.277|-5578.505 4126.804|-5579.434 4133.376|-5580.154 4141.182|-5580.462 4149.021|-5580.350 4156.860|-5579.826 4164.677|-5578.889 4172.461|-5577.540 4180.189|-5575.785 4187.828|-5573.625 4195.367|-5567.984 4213.202|-5660.272 4200.371|-5640.168 4055.639
404 3717 42 ST NW,-5555.890 4067.359|-5563.936 4082.893|-5566.851 4088.853|-5569.494 4094.936|-5571.864 4101.140|-5573.954 4107.434|-5575.764 4113.828|-5577.274 4120.277|-5578.505 4126.804|-5579.434 4133.376|-5580.154 4141.182|-5580.462 4149.021|-5580.350 4156.860|-5579.826 4164.677|-5578.889 4172.461|-5577.540 4180.189|-5575.785 4187.828|-5573.625 4195.367|-5567.984 4213.202|-5660.272 4200.371|-5640.168 4055.639
403 3717 42 ST NW,-5555.890 4067.359|-5563.936 4082.893|-5566.851 4088.853|-5569.494 4094.936|-5571.864 4101.140|-5573.954 4107.434|-5575.764 4113.828|-5577.274 4120.277|-5578.505 4126.804|-5579.434 4133.376|-5580.154 4141.182|-5580.462 4149.021|-5580.350 4156.860|-5579.826 4164.677|-5578.889 4172.461|-5577.540 4180.189|-5575.785 4187.828|-5573.625 4195.367|-5567.984 4213.202|-5660.272 4200.371|-5640.168 4055.639
402 3717 42 ST NW,-5555.890 4067.359|-5563.936 4082.893|-5566.851 4088.853|-5569.494 4094.936|-5571.864 4101.140|-5573.954 4107.434|-5575.764 4113.828|-5577.274 4120.277|-5578.505 4126.804|-5579.434 4133.376|-5580.154 4141.182|-5580.462 4149.021|-5580.350 4156.860|-5579.826 4164.677|-5578.889 4172.461|-5577.540 4180.189|-5575.785 4187.828|-5573.625 4195.367|-5567.984 4213.202|-5660.272 4200.371|-5640.168 4055.639
401 3717 42 ST NW,-5555.890 4067.359|-5563.936 4082.893|-5566.851 4088.853|-5569.494 4094.936|-5571.864 4101.140|-5573.954 4107.434|-5575.764 4113.828|-5577.274 4120.277|-5578.505 4126.804|-5579.434 4133.376|-5580.154 4141.182|-5580.462 4149.021|-5580.350 4156.860|-5579.826 4164.677|-5578.889 4172.461|-5577.540 4180.189|-5575.785 4187.828|-5573.625 4195.367|-5567.984 4213.202|-5660.272 4200.371|-5640.168 4055.639
408 3717 42 ST NW,-5555.890 4067.359|-5563.936 4082.893|-5566.851 4088.853|-5569.494 4094.936|-5571.864 4101.140|-5573.954 4107.434|-5575.764 4113.828|-5577.274 4120.277|-5578.505 4126.804|-5579.434 4133.376|-5580.154 4141.182|-5580.462 4149.021|-5580.350 4156.860|-5579.826 4164.677|-5578.889 4172.461|-5577.540 4180.189|-5575.785 4187.828|-5573.625 4195.367|-5567.984 4213.202|-5660.272 4200.371|-5640.168 4055.639
407 3717 42 ST NW,-5555.890 4067.359|-5563.936 4082.893|-5566.851 4088.853|-5569.494 4094.936|-5571.864 4101.140|-5573.954 4107.434|-5575.764 4113.828|-5577.274 4120.277|-5578.505 4126.804|-5579.434 4133.376|-5580.154 4141.182|-5580.462 4149.021|-5580.350 4156.860|-5579.826 4164.677|-5578.889 4172.461|-5577.540 4180.189|-5575.785 4187.828|-5573.625 4195.367|-5567.984 4213.202|-5660.272 4200.371|-5640.168 4055.639
406 3717 42 ST NW,-5555.890 4067.359|-5563.936 4082.893|-5566.851 4088.853|-5569.494 4094.936|-5571.864 4101.140|-5573.954 4107.434|-5575.764 4113.828|-5577.274 4120.277|-5578.505 4126.804|-5579.434 4133.376|-5580.154 4141.182|-5580.462 4149.021|-5580.350 4156.860|-5579.826 4164.677|-5578.889 4172.461|-5577.540 4180.189|-5575.785 4187.828|-5573.625 4195.367|-5567.984 4213.202|-5660.272 4200.371|-5640.168 4055.639
405 3717 42 ST NW,-5555.890 4067.359|-5563.936 4082.893|-5566.851 4088.853|-5569.494 4094.936|-5571.864 4101.140|-5573.954 4107.434|-5575.764 4113.828|-5577.274 4120.277|-5578.505 4126.804|-5579.434 4133.376|-5580.154 4141.182|-5580.462 4149.021|-5580.350 4156.860|-5579.826 4164.677|-5578.889 4172.461|-5577.540 4180.189|-5575.785 4187.828|-5573.625 4195.367|-5567.984 4213.202|-5660.272 4200.371|-5640.168 4055.639
104 3747 42 ST NW,-5555.890 4067.359|-5563.936 4082.893|-5566.851 4088.853|-5569.494 4094.936|-5571.864 4101.140|-5573.954 4107.434|-5575.764 4113.828|-5577.274 4120.277|-5578.505 4126.804|-5579.434 4133.376|-5580.154 4141.182|-5580.462 4149.021|-5580.350 4156.860|-5579.826 4164.677|-5578.889 4172.461|-5577.540 4180.189|-5575.785 4187.828|-5573.625 4195.367|-5567.984 4213.202|-5660.272 4200.371|-5640.168 4055.639
103 3747 42 ST NW,-5555.890 4067.359|-5563.936 4082.893|-5566.851 4088.853|-5569.494 4094.936|-5571.864 4101.140|-5573.954 4107.434|-5575.764 4113.828|-5577.274 4120.277|-5578.505 4126.804|-5579.434 4133.376|-5580.154 4141.182|-5580.462 4149.021|-5580.350 4156.860|-5579.826 4164.677|-5578.889 4172.461|-5577.540 4180.189|-5575.785 4187.828|-5573.625 4195.367|-5567.984 4213.202|-5660.272 4200.371|-5640.168 4055.639
102 3747 42 ST NW,-5555.890 4067.359|-5563.936 4082.893|-5566.851 4088.853|-5569.494 4094.936|-5571.864 4101.140|-5573.954 4107.434|-5575.764 4113.828|-5577.274 4120.277|-5578.505 4126.804|-5579.434 4133.376|-5580.154 4141.182|-5580.462 4149.021|-5580.350 4156.860|-5579.826 4164.677|-5578.889 4172.461|-5577.540 4180.189|-5575.785 4187.828|-5573.625 4195.367|-5567.984 4213.202|-5660.272 4200.371|-5640.168 4055.639
101 3747 42 ST NW,-5555.890 4067.359|-5563.936 4082.893|-5566.851 4088.853|-5569.494 4094.936|-5571.864 4101.140|-5573.954 4107.434|-5575.764 4113.828|-5577.274 4120.277|-5578.505 4126.804|-5579.434 4133.376|-5580.154 4141.182|-5580.462 4149.021|-5580.350 4156.860|-5579.826 4164.677|-5578.889 4172.461|-5577.540 4180.189|-5575.785 4187.828|-5573.625 4195.367|-5567.984 4213.202|-5660.272 4200.371|-5640.168 4055.639
108 3747 42 ST NW,-5555.890 4067.359|-5563.936 4082.893|-5566.851 4088.853|-5569.494 4094.936|-5571.864 4101.140|-5573.954 4107.434|-5575.764 4113.828|-5577.274 4120.277|-5578.505 4126.804|-5579.434 4133.376|-5580.154 4141.182|-5580.462 4149.021|-5580.350 4156.860|-5579.826 4164.677|-5578.889 4172.461|-5577.540 4180.189|-5575.785 4187.828|-5573.625 4195.367|-5567.984 4213.202|-5660.272 4200.371|-5640.168 4055.639
107 3747 42 ST NW,-5555.890 4067.359|-5563.936 4082.893|-5566.851 4088.853|-5569.494 4094.936|-5571.864 4101.140|-5573.954 4107.434|-5575.764 4113.828|-5577.274 4120.277|-5578.505 4126.804|-5579.434 4133.376|-5580.154 4141.182|-5580.462 4149.021|-5580.350 4156.860|-5579.826 4164.677|-5578.889 4172.461|-5577.540 4180.189|-5575.785 4187.828|-5573.625 4195.367|-5567.984 4213.202|-5660.272 4200.371|-5640.168 4055.639
106 3747 42 ST NW,-5555.890 4067.359|-5563.936 4082.893|-5566.851 4088.853|-5569.494 4094.936|-5571.864 4101.140|-5573.954 4107.434|-5575.764 4113.828|-5577.274 4120.277|-5578.505 4126.804|-5579.434 4133.376|-5580.154 4141.182|-5580.462 4149.021|-5580.350 4156.860|-5579.826 4164.677|-5578.889 4172.461|-5577.540 4180.189|-5575.785 4187.828|-5573.625 4195.367|-5567.984 4213.202|-5660.272 4200.371|-5640.168 4055.639
204 3747 42 ST NW,-5555.890 4067.359|-5563.936 4082.893|-5566.851 4088.853|-5569.494 4094.936|-5571.864 4101.140|-5573.954 4107.434|-5575.764 4113.828|-5577.274 4120.277|-5578.505 4126.804|-5579.434 4133.376|-5580.154 4141.182|-5580.462 4149.021|-5580.350 4156.860|-5579.826 4164.677|-5578.889 4172.461|-5577.540 4180.189|-5575.785 4187.828|-5573.625 4195.367|-5567.984 4213.202|-5660.272 4200.371|-5640.168 4055.639
203 3747 42 ST NW,-5555.890 4067.359|-5563.936 4082.893|-5566.851 4088.853|-5569.494 4094.936|-5571.864 4101.140|-5573.954 4107.434|-5575.764 4113.828|-5577.274 4120.277|-5578.505 4126.804|-5579.434 4133.376|-5580.154 4141.182|-5580.462 4149.021|-5580.350 4156.860|-5579.826 4164.677|-5578.889 4172.461|-5577.540 4180.189|-5575.785 4187.828|-5573.625 4195.367|-5567.984 4213.202|-5660.272 4200.371|-5640.168 4055.639
202 3747 42 ST NW,-5555.890 4067.359|-5563.936 4082.893|-5566.851 4088.853|-5569.494 4094.936|-5571.864 4101.140|-5573.954 4107.434|-5575.764 4113.828|-5577.274 4120.277|-5578.505 4126.804|-5579.434 4133.376|-5580.154 4141.182|-5580.462 4149.021|-5580.350 4156.860|-5579.826 4164.677|-5578.889 4172.461|-5577.540 4180.189|-5575.785 4187.828|-5573.625 4195.367|-5567.984 4213.202|-5660.272 4200.371|-5640.168 4055.639
201 3747 42 ST NW,-5555.890 4067.359|-5563.936 4082.893|-5566.851 4088.853|-5569.494 4094.936|-5571.864 4101.140|-5573.954 4107.434|-5575.764 4113.828|-5577.274 4120.277|-5578.505 4126.804|-5579.434 4133.376|-5580.154 4141.182|-5580.462 4149.021|-5580.350 4156.860|-5579.826 4164.677|-5578.889 4172.461|-5577.540 4180.189|-5575.785 4187.828|-5573.625 4195.367|-5567.984 4213.202|-5660.272 4200.371|-5640.168 4055.639
208 3747 42 ST NW,-5555.890 4067.359|-5563.936 4082.893|-5566.851 4088.853|-5569.494 4094.936|-5571.864 4101.140|-5573.954 4107.434|-5575.764 4113.828|-5577.274 4120.277|-5578.505 4126.804|-5579.434 4133.376|-5580.154 4141.182|-5580.462 4149.021|-5580.350 4156.860|-5579.826 4164.677|-5578.889 4172.461|-5577.540 4180.189|-5575.785 4187.828|-5573.625 4195.367|-5567.984 4213.202|-5660.272 4200.371|-5640.168 4055.639
207 3747 42 ST NW,-5555.890 4067.359|-5563.936 4082.893|-5566.851 4088.853|-5569.494 4094.936|-5571.864 4101.140|-5573.954 4107.434|-5575.764 4113.828|-5577.274 4120.277|-5578.505 4126.804|-5579.434 4133.376|-5580.154 4141.182|-5580.462 4149.021|-5580.350 4156.860|-5579.826 4164.677|-5578.889 4172.461|-5577.540 4180.189|-5575.785 4187.828|-5573.625 4195.367|-5567.984 4213.202|-5660.272 4200.371|-5640.168 4055.639
206 3747 42 ST NW,-5555.890 4067.359|-5563.936 4082.893|-5566.851 4088.853|-5569.494 4094.936|-5571.864 4101.140|-5573.954 4107.434|-5575.764 4113.828|-5577.274 4120.277|-5578.505 4126.804|-5579.434 4133.376|-5580.154 4141.182|-5580.462 4149.021|-5580.350 4156.860|-5579.826 4164.677|-5578.889 4172.461|-5577.540 4180.189|-5575.785 4187.828|-5573.625 4195.367|-5567.984 4213.202|-5660.272 4200.371|-5640.168 4055.639
205 3747 42 ST NW,-5555.890 4067.359|-5563.936 4082.893|-5566.851 4088.853|-5569.494 4094.936|-5571.864 4101.140|-5573.954 4107.434|-5575.764 4113.828|-5577.274 4120.277|-5578.505 4126.804|-5579.434 4133.376|-5580.154 4141.182|-5580.462 4149.021|-5580.350 4156.860|-5579.826 4164.677|-5578.889 4172.461|-5577.540 4180.189|-5575.785 4187.828|-5573.625 4195.367|-5567.984 4213.202|-5660.272 4200.371|-5640.168 4055.639
304 3747 42 ST NW,-5555.890 4067.359|-5563.936 4082.893|-5566.851 4088.853|-5569.494 4094.936|-5571.864 4101.140|-5573.954 4107.434|-5575.764 4113.828|-5577.274 4120.277|-5578.505 4126.804|-5579.434 4133.376|-5580.154 4141.182|-5580.462 4149.021|-5580.350 4156.860|-5579.826 4164.677|-5578.889 4172.461|-5577.540 4180.189|-5575.785 4187.828|-5573.625 4195.367|-5567.984 4213.202|-5660.272 4200.371|-5640.168 4055.639
303 3747 42 ST NW,-5555.890 4067.359|-5563.936 4082.893|-5566.851 4088.853|-5569.494 4094.936|-5571.864 4101.140|-5573.954 4107.434|-5575.764 4113.828|-5577.274 4120.277|-5578.505 4126.804|-5579.434 4133.376|-5580.154 4141.182|-5580.462 4149.021|-5580.350 4156.860|-5579.826 4164.677|-5578.889 4172.461|-5577.540 4180.189|-5575.785 4187.828|-5573.625 4195.367|-5567.984 4213.202|-5660.272 4200.371|-5640.168 4055.639
302 3747 42 ST NW,-5555.890 4067.359|-5563.936 4082.893|-5566.851 4088.853|-5569.494 4094.936|-5571.864 4101.140|-5573.954 4107.434|-5575.764 4113.828|-5577.274 4120.277|-5578.505 4126.804|-5579.434 4133.376|-5580.154 4141.182|-5580.462 4149.021|-5580.350 4156.860|-5579.826 4164.677|-5578.889 4172.461|-5577.540 4180.189|-5575.785 4187.828|-5573.625 4195.367|-5567.984 4213.202|-5660.272 4200.371|-5640.168 4055.639
301 3747 42 ST NW,-5555.890 4067.359|-5563.936 4082.893|-5566.851 4088.853|-5569.494 4094.936|-5571.864 4101.140|-5573.954 4107.434|-5575.764 4113.828|-5577.274 4120.277|-5578.505 4126.804|-5579.434 4133.376|-5580.154 4141.182|-5580.462 4149.021|-5580.350 4156.860|-5579.826 4164.677|-5578.889 4172.461|-5577.540 4180.189|-5575.785 4187.828|-5573.625 4195.367|-5567.984 4213.202|-5660.272 4200.371|-5640.168 4055.639
308 3747 42 ST NW,-5555.890 4067.359|-5563.936 4082.893|-5566.851 4088.853|-5569.494 4094.936|-5571.864 4101.140|-5573.954 4107.434|-5575.764 4113.828|-5577.274 4120.277|-5578.505 4126.804|-5579.434 4133.376|-5580.154 4141.182|-5580.462 4149.021|-5580.350 4156.860|-5579.826 4164.677|-5578.889 4172.461|-5577.540 4180.189|-5575.785 4187.828|-5573.625 4195.367|-5567.984 4213.202|-5660.272 4200.371|-5640.168 4055.639
307 3747 42 ST NW,-5555.890 4067.359|-5563.936 4082.893|-5566.851 4088.853|-5569.494 4094.936|-5571.864 4101.140|-5573.954 4107.434|-5575.764 4113.828|-5577.274 4120.277|-5578.505 4126.804|-5579.434 4133.376|-5580.154 4141.182|-5580.462 4149.021|-5580.350 4156.860|-5579.826 4164.677|-5578.889 4172.461|-5577.540 4180.189|-5575.785 4187.828|-5573.625 4195.367|-5567.984 4213.202|-5660.272 4200.371|-5640.168 4055.639
306 3747 42 ST NW,-5555.890 4067.359|-5563.936 4082.893|-5566.851 4088.853|-5569.494 4094.936|-5571.864 4101.140|-5573.954 4107.434|-5575.764 4113.828|-5577.274 4120.277|-5578.505 4126.804|-5579.434 4133.376|-5580.154 4141.182|-5580.462 4149.021|-5580.350 4156.860|-5579.826 4164.677|-5578.889 4172.461|-5577.540 4180.189|-5575.785 4187.828|-5573.625 4195.367|-5567.984 4213.202|-5660.272 4200.371|-5640.168 4055.639
305 3747 42 ST NW,-5555.890 4067.359|-5563.936 4082.893|-5566.851 4088.853|-5569.494 4094.936|-5571.864 4101.140|-5573.954 4107.434|-5575.764 4113.828|-5577.274 4120.277|-5578.505 4126.804|-5579.434 4133.376|-5580.154 4141.182|-5580.462 4149.021|-5580.350 4156.860|-5579.826 4164.677|-5578.889 4172.461|-5577.540 4180.189|-5575.785 4187.828|-5573.625 4195.367|-5567.984 4213.202|-5660.272 4200.371|-5640.168 4055.639
404 3747 42 ST NW,-5555.890 4067.359|-5563.936 4082.893|-5566.851 4088.853|-5569.494 4094.936|-5571.864 4101.140|-5573.954 4107.434|-5575.764 4113.828|-5577.274 4120.277|-5578.505 4126.804|-5579.434 4133.376|-5580.154 4141.182|-5580.462 4149.021|-5580.350 4156.860|-5579.826 4164.677|-5578.889 4172.461|-5577.540 4180.189|-5575.785 4187.828|-5573.625 4195.367|-5567.984 4213.202|-5660.272 4200.371|-5640.168 4055.639
403 3747 42 ST NW,-5555.890 4067.359|-5563.936 4082.893|-5566.851 4088.853|-5569.494 4094.936|-5571.864 4101.140|-5573.954 4107.434|-5575.764 4113.828|-5577.274 4120.277|-5578.505 4126.804|-5579.434 4133.376|-5580.154 4141.182|-5580.462 4149.021|-5580.350 4156.860|-5579.826 4164.677|-5578.889 4172.461|-5577.540 4180.189|-5575.785 4187.828|-5573.625 4195.367|-5567.984 4213.202|-5660.272 4200.371|-5640.168 4055.639
402 3747 42 ST NW,-5555.890 4067.359|-5563.936 4082.893|-5566.851 4088.853|-5569.494 4094.936|-5571.864 4101.140|-5573.954 4107.434|-5575.764 4113.828|-5577.274 4120.277|-5578.505 4126.804|-5579.434 4133.376|-5580.154 4141.182|-5580.462 4149.021|-5580.350 4156.860|-5579.826 4164.677|-5578.889 4172.461|-5577.540 4180.189|-5575.785 4187.828|-5573.625 4195.367|-5567.984 4213.202|-5660.272 4200.371|-5640.168 4055.639
401 3747 42 ST NW,-5555.890 4067.359|-5563.936 4082.893|-5566.851 4088.853|-5569.494 4094.936|-5571.864 4101.140|-5573.954 4107.434|-5575.764 4113.828|-5577.274 4120.277|-5578.505 4126.804|-5579.434 4133.376|-5580.154 4141.182|-5580.462 4149.021|-5580.350 4156.860|-5579.826 4164.677|-5578.889 4172.461|-5577.540 4180.189|-5575.785 4187.828|-5573.625 4195.367|-5567.984 4213.202|-5660.272 4200.371|-5640.168 4055.639
408 3747 42 ST NW,-5555.890 4067.359|-5563.936 4082.893|-5566.851 4088.853|-5569.494 4094.936|-5571.864 4101.140|-5573.954 4107.434|-5575.764 4113.828|-5577.274 4120.277|-5578.505 4126.804|-5579.434 4133.376|-5580.154 4141.182|-5580.462 4149.021|-5580.350 4156.860|-5579.826 4164.677|-5578.889 4172.461|-5577.540 4180.189|-5575.785 4187.828|-5573.625 4195.367|-5567.984 4213.202|-5660.272 4200.371|-5640.168 4055.639
407 3747 42 ST NW,-5555.890 4067.359|-5563.936 4082.893|-5566.851 4088.853|-5569.494 4094.936|-5571.864 4101.140|-5573.954 4107.434|-5575.764 4113.828|-5577.274 4120.277|-5578.505 4126.804|-5579.434 4133.376|-5580.154 4141.182|-5580.462 4149.021|-5580.350 4156.860|-5579.826 4164.677|-5578.889 4172.461|-5577.540 4180.189|-5575.785 4187.828|-5573.625 4195.367|-5567.984 4213.202|-5660.272 4200.371|-5640.168 4055.639
406 3747 42 ST NW,-5555.890 4067.359|-5563.936 4082.893|-5566.851 4088.853|-5569.494 4094.936|-5571.864 4101.140|-5573.954 4107.434|-5575.764 4113.828|-5577.274 4120.277|-5578.505 4126.804|-5579.434 4133.376|-5580.154 4141.182|-5580.462 4149.021|-5580.350 4156.860|-5579.826 4164.677|-5578.889 4172.461|-5577.540 4180.189|-5575.785 4187.828|-5573.625 4195.367|-5567.984 4213.202|-5660.272 4200.371|-5640.168 4055.639
405 3747 42 ST NW,-5555.890 4067.359|-5563.936 4082.893|-5566.851 4088.853|-5569.494 4094.936|-5571.864 4101.140|-5573.954 4107.434|-5575.764 4113.828|-5577.274 4120.277|-5578.505 4126.804|-5579.434 4133.376|-5580.154 4141.182|-5580.462 4149.021|-5580.350 4156.860|-5579.826 4164.677|-5578.889 4172.461|-5577.540 4180.189|-5575.785 4187.828|-5573.625 4195.367|-5567.984 4213.202|-5660.272 4200.371|-5640.168 4055.639
1 803 VARSITY ESTATES DR NW,-6515.298 6058.193|-6515.333 6085.069|-6519.129 6092.185|-6588.971 6138.965|-6594.025 6136.263|-6593.990 6058.149
2 803 VARSITY ESTATES DR NW,-6515.298 6058.193|-6515.333 6085.069|-6519.129 6092.185|-6588.971 6138.965|-6594.025 6136.263|-6593.990 6058.149
3 803 VARSITY ESTATES DR NW,-6515.298 6058.193|-6515.333 6085.069|-6519.129 6092.185|-6588.971 6138.965|-6594.025 6136.263|-6593.990 6058.149
4 803 VARSITY ESTATES DR NW,-6515.298 6058.193|-6515.333 6085.069|-6519.129 6092.185|-6588.971 6138.965|-6594.025 6136.263|-6593.990 6058.149
5 803 VARSITY ESTATES DR NW,-6515.298 6058.193|-6515.333 6085.069|-6519.129 6092.185|-6588.971 6138.965|-6594.025 6136.263|-6593.990 6058.149
6 803 VARSITY ESTATES DR NW,-6515.298 6058.193|-6515.333 6085.069|-6519.129 6092.185|-6588.971 6138.965|-6594.025 6136.263|-6593.990 6058.149
7 803 VARSITY ESTATES DR NW,-6515.298 6058.193|-6515.333 6085.069|-6519.129 6092.185|-6588.971 6138.965|-6594.025 6136.263|-6593.990 6058.149
8 803 VARSITY ESTATES DR NW,-6515.298 6058.193|-6515.333 6085.069|-6519.129 6092.185|-6588.971 6138.965|-6594.025 6136.263|-6593.990 6058.149
9 803 VARSITY ESTATES DR NW,-6515.298 6058.193|-6515.333 6085.069|-6519.129 6092.185|-6588.971 6138.965|-6594.025 6136.263|-6593.990 6058.149
10 803 VARSITY ESTATES DR NW,-6515.298 6058.193|-6515.333 6085.069|-6519.129 6092.185|-6588.971 6138.965|-6594.025 6136.263|-6593.990 6058.149
11 803 VARSITY ESTATES DR NW,-6515.298 6058.193|-6515.333 6085.069|-6519.129 6092.185|-6588.971 6138.965|-6594.025 6136.263|-6593.990 6058.149
12 803 VARSITY ESTATES DR NW,-6515.298 6058.193|-6515.333 6085.069|-6519.129 6092.185|-6588.971 6138.965|-6594.025 6136.263|-6593.990 6058.149
13 803 VARSITY ESTATES DR NW,-6515.298 6058.193|-6515.333 6085.069|-6519.129 6092.185|-6588.971 6138.965|-6594.025 6136.263|-6593.990 6058.149
14 803 VARSITY ESTATES DR NW,-6515.298 6058.193|-6515.333 6085.069|-6519.129 6092.185|-6588.971 6138.965|-6594.025 6136.263|-6593.990 6058.149
15 803 VARSITY ESTATES DR NW,-6515.298 6058.193|-6515.333 6085.069|-6519.129 6092.185|-6588.971 6138.965|-6594.025 6136.263|-6593.990 6058.149
16 803 VARSITY ESTATES DR NW,-6515.298 6058.193|-6515.333 6085.069|-6519.129 6092.185|-6588.971 6138.965|-6594.025 6136.263|-6593.990 6058.149
17 803 VARSITY ESTATES DR NW,-6515.298 6058.193|-6515.333 6085.069|-6519.129 6092.185|-6588.971 6138.965|-6594.025 6136.263|-6593.990 6058.149
184 3437 42 ST NW,-5455.661 3775.628|-5489.278 3844.569|-5493.948 3854.454|-5498.380 3864.462|-5502.560 3874.558|-5506.489 3884.766|-5510.166 3895.063|-5513.584 3905.448|-5516.751 3915.923|-5519.652 3926.464|-5521.742 3934.770|-5523.671 3943.121|-5525.440 3951.516|-5527.048 3959.934|-5528.488 3968.373|-5529.767 3976.858|-5530.878 3985.353|-5531.829 3993.870|-5532.486 4000.742|-5533.185 4007.058|-5534.185 4013.318|-5535.499 4019.523|-5537.107 4025.661|-5539.022 4031.710|-5541.224 4037.670|-5543.720 4043.497|-5546.495 4049.212|-5555.890 4067.359|-5640.168 4055.639|-5621.035 3917.847|-5620.294 3913.554|-5619.280 3909.307|-5617.987 3905.148|-5616.428 3901.078|-5614.694 3897.275|-5612.730 3893.595|-5610.535 3890.037|-5608.116 3886.623|-5605.495 3883.376|-5602.678 3880.296|-5599.672 3877.394|-5596.491 3874.681|-5593.150 3872.179|-5589.654 3869.888|-5586.019 3867.820|-5582.265 3865.985|-5578.407 3864.384|-5574.457 3863.027|-5570.424 3861.915|-5566.334 3861.059|-5562.685 3860.336|-5559.071 3859.447|-5555.506 3858.402|-5551.983 3857.212|-5548.515 3855.855|-5545.111 3854.354|-5541.777 3852.709|-5538.512 3850.918|-5535.338 3848.995|-5532.242 3846.926|-5529.243 3844.725|-5526.342 3842.401|-5523.545 3839.943|-5520.861 3837.375|-5518.289 3834.684|-5515.842 3831.893|-5513.514 3828.991|-5511.312 3825.988|-5509.250 3822.897|-5507.321 3819.717|-5505.531 3816.459|-5503.888 3813.123|-5502.392 3809.721|-5501.043 3806.262|-5499.848 3802.738|-5498.806 3799.168|-5497.925 3795.554|-5497.198 3791.918|-5496.632 3788.238|-5496.227 3784.546|-5495.989 3780.832|-5495.905 3777.118|-5495.730 3773.538|-5495.206 3769.991|-5494.332 3766.521|-5493.130 3763.141|-5491.599 3759.905|-5489.754 3756.836|-5487.621 3753.956|-5485.210 3751.299|-5482.560 3748.897|-5479.680 3746.762|-5476.604 3744.916|-5473.368 3743.382|-5469.991 3742.170|-5466.510 3741.302|-5462.966 3740.769|-5459.387 3740.591|-5438.583 3740.602
102 3437 42 ST NW,-5455.661 3775.628|-5489.278 3844.569|-5493.948 3854.454|-5498.380 3864.462|-5502.560 3874.558|-5506.489 3884.766|-5510.166 3895.063|-5513.584 3905.448|-5516.751 3915.923|-5519.652 3926.464|-5521.742 3934.770|-5523.671 3943.121|-5525.440 3951.516|-5527.048 3959.934|-5528.488 3968.373|-5529.767 3976.858|-5530.878 3985.353|-5531.829 3993.870|-5532.486 4000.742|-5533.185 4007.058|-5534.185 4013.318|-5535.499 4019.523|-5537.107 4025.661|-5539.022 4031.710|-5541.224 4037.670|-5543.720 4043.497|-5546.495 4049.212|-5555.890 4067.359|-5640.168 4055.639|-5621.035 3917.847|-5620.294 3913.554|-5619.280 3909.307|-5617.987 3905.148|-5616.428 3901.078|-5614.694 3897.275|-5612.730 3893.595|-5610.535 3890.037|-5608.116 3886.623|-5605.495 3883.376|-5602.678 3880.296|-5599.672 3877.394|-5596.491 3874.681|-5593.150 3872.179|-5589.654 3869.888|-5586.019 3867.820|-5582.265 3865.985|-5578.407 3864.384|-5574.457 3863.027|-5570.424 3861.915|-5566.334 3861.059|-5562.685 3860.336|-5559.071 3859.447|-5555.506 3858.402|-5551.983 3857.212|-5548.515 3855.855|-5545.111 3854.354|-5541.777 3852.709|-5538.512 3850.918|-5535.338 3848.995|-5532.242 3846.926|-5529.243 3844.725|-5526.342 3842.401|-5523.545 3839.943|-5520.861 3837.375|-5518.289 3834.684|-5515.842 3831.893|-5513.514 3828.991|-5511.312 3825.988|-5509.250 3822.897|-5507.321 3819.717|-5505.531 3816.459|-5503.888 3813.123|-5502.392 3809.721|-5501.043 3806.262|-5499.848 3802.738|-5498.806 3799.168|-5497.925 3795.554|-5497.198 3791.918|-5496.632 3788.238|-5496.227 3784.546|-5495.989 3780.832|-5495.905 3777.118|-5495.730 3773.538|-5495.206 3769.991|-5494.332 3766.521|-5493.130 3763.141|-5491.599 3759.905|-5489.754 3756.836|-5487.621 3753.956|-5485.210 3751.299|-5482.560 3748.897|-5479.680 3746.762|-5476.604 3744.916|-5473.368 3743.382|-5469.991 3742.170|-5466.510 3741.302|-5462.966 3740.769|-5459.387 3740.591|-5438.583 3740.602
185 3437 42 ST NW,-5455.661 3775.628|-5489.278 3844.569|-5493.948 3854.454|-5498.380 3864.462|-5502.560 3874.558|-5506.489 3884.766|-5510.166 3895.063|-5513.584 3905.448|-5516.751 3915.923|-5519.652 3926.464|-5521.742 3934.770|-5523.671 3943.121|-5525.440 3951.516|-5527.048 3959.934|-5528.488 3968.373|-5529.767 3976.858|-5530.878 3985.353|-5531.829 3993.870|-5532.486 4000.742|-5533.185 4007.058|-5534.185 4013.318|-5535.499 4019.523|-5537.107 4025.661|-5539.022 4031.710|-5541.224 4037.670|-5543.720 4043.497|-5546.495 4049.212|-5555.890 4067.359|-5640.168 4055.639|-5621.035 3917.847|-5620.294 3913.554|-5619.280 3909.307|-5617.987 3905.148|-5616.428 3901.078|-5614.694 3897.275|-5612.730 3893.595|-5610.535 3890.037|-5608.116 3886.623|-5605.495 3883.376|-5602.678 3880.296|-5599.672 3877.394|-5596.491 3874.681|-5593.150 3872.179|-5589.654 3869.888|-5586.019 3867.820|-5582.265 3865.985|-5578.407 3864.384|-5574.457 3863.027|-5570.424 3861.915|-5566.334 3861.059|-5562.685 3860.336|-5559.071 3859.447|-5555.506 3858.402|-5551.983 3857.212|-5548.515 3855.855|-5545.111 3854.354|-5541.777 3852.709|-5538.512 3850.918|-5535.338 3848.995|-5532.242 3846.926|-5529.243 3844.725|-5526.342 3842.401|-5523.545 3839.943|-5520.861 3837.375|-5518.289 3834.684|-5515.842 3831.893|-5513.514 3828.991|-5511.312 3825.988|-5509.250 3822.897|-5507.321 3819.717|-5505.531 3816.459|-5503.888 3813.123|-5502.392 3809.721|-5501.043 3806.262|-5499.848 3802.738|-5498.806 3799.168|-5497.925 3795.554|-5497.198 3791.918|-5496.632 3788.238|-5496.227 3784.546|-5495.989 3780.832|-5495.905 3777.118|-5495.730 3773.538|-5495.206 3769.991|-5494.332 3766.521|-5493.130 3763.141|-5491.599 3759.905|-5489.754 3756.836|-5487.621 3753.956|-5485.210 3751.299|-5482.560 3748.897|-5479.680 3746.762|-5476.604 3744.916|-5473.368 3743.382|-5469.991 3742.170|-5466.510 3741.302|-5462.966 3740.769|-5459.387 3740.591|-5438.583 3740.602
104 3437 42 ST NW,-5455.661 3775.628|-5489.278 3844.569|-5493.948 3854.454|-5498.380 3864.462|-5502.560 3874.558|-5506.489 3884.766|-5510.166 3895.063|-5513.584 3905.448|-5516.751 3915.923|-5519.652 3926.464|-5521.742 3934.770|-5523.671 3943.121|-5525.440 3951.516|-5527.048 3959.934|-5528.488 3968.373|-5529.767 3976.858|-5530.878 3985.353|-5531.829 3993.870|-5532.486 4000.742|-5533.185 4007.058|-5534.185 4013.318|-5535.499 4019.523|-5537.107 4025.661|-5539.022 4031.710|-5541.224 4037.670|-5543.720 4043.497|-5546.495 4049.212|-5555.890 4067.359|-5640.168 4055.639|-5621.035 3917.847|-5620.294 3913.554|-5619.280 3909.307|-5617.987 3905.148|-5616.428 3901.078|-5614.694 3897.275|-5612.730 3893.595|-5610.535 3890.037|-5608.116 3886.623|-5605.495 3883.376|-5602.678 3880.296|-5599.672 3877.394|-5596.491 3874.681|-5593.150 3872.179|-5589.654 3869.888|-5586.019 3867.820|-5582.265 3865.985|-5578.407 3864.384|-5574.457 3863.027|-5570.424 3861.915|-5566.334 3861.059|-5562.685 3860.336|-5559.071 3859.447|-5555.506 3858.402|-5551.983 3857.212|-5548.515 3855.855|-5545.111 3854.354|-5541.777 3852.709|-5538.512 3850.918|-5535.338 3848.995|-5532.242 3846.926|-5529.243 3844.725|-5526.342 3842.401|-5523.545 3839.943|-5520.861 3837.375|-5518.289 3834.684|-5515.842 3831.893|-5513.514 3828.991|-5511.312 3825.988|-5509.250 3822.897|-5507.321 3819.717|-5505.531 3816.459|-5503.888 3813.123|-5502.392 3809.721|-5501.043 3806.262|-5499.848 3802.738|-5498.806 3799.168|-5497.925 3795.554|-5497.198 3791.918|-5496.632 3788.238|-5496.227 3784.546|-5495.989 3780.832|-5495.905 3777.118|-5495.730 3773.538|-5495.206 3769.991|-5494.332 3766.521|-5493.130 3763.141|-5491.599 3759.905|-5489.754 3756.836|-5487.621 3753.956|-5485.210 3751.299|-5482.560 3748.897|-5479.680 3746.762|-5476.604 3744.916|-5473.368 3743.382|-5469.991 3742.170|-5466.510 3741.302|-5462.966 3740.769|-5459.387 3740.591|-5438.583 3740.602
186 3437 42 ST NW,-5455.661 3775.628|-5489.278 3844.569|-5493.948 3854.454|-5498.380 3864.462|-5502.560 3874.558|-5506.489 3884.766|-5510.166 3895.063|-5513.584 3905.448|-5516.751 3915.923|-5519.652 3926.464|-5521.742 3934.770|-5523.671 3943.121|-5525.440 3951.516|-5527.048 3959.934|-5528.488 3968.373|-5529.767 3976.858|-5530.878 3985.353|-5531.829 3993.870|-5532.486 4000.742|-5533.185 4007.058|-5534.185 4013.318|-5535.499 4019.523|-5537.107 4025.661|-5539.022 4031.710|-5541.224 4037.670|-5543.720 4043.497|-5546.495 4049.212|-5555.890 4067.359|-5640.168 4055.639|-5621.035 3917.847|-5620.294 3913.554|-5619.280 3909.307|-5617.987 3905.148|-5616.428 3901.078|-5614.694 3897.275|-5612.730 3893.595|-5610.535 3890.037|-5608.116 3886.623|-5605.495 3883.376|-5602.678 3880.296|-5599.672 3877.394|-5596.491 3874.681|-5593.150 3872.179|-5589.654 3869.888|-5586.019 3867.820|-5582.265 3865.985|-5578.407 3864.384|-5574.457 3863.027|-5570.424 3861.915|-5566.334 3861.059|-5562.685 3860.336|-5559.071 3859.447|-5555.506 3858.402|-5551.983 3857.212|-5548.515 3855.855|-5545.111 3854.354|-5541.777 3852.709|-5538.512 3850.918|-5535.338 3848.995|-5532.242 3846.926|-5529.243 3844.725|-5526.342 3842.401|-5523.545 3839.943|-5520.861 3837.375|-5518.289 3834.684|-5515.842 3831.893|-5513.514 3828.991|-5511.312 3825.988|-5509.250 3822.897|-5507.321 3819.717|-5505.531 3816.459|-5503.888 3813.123|-5502.392 3809.721|-5501.043 3806.262|-5499.848 3802.738|-5498.806 3799.168|-5497.925 3795.554|-5497.198 3791.918|-5496.632 3788.238|-5496.227 3784.546|-5495.989 3780.832|-5495.905 3777.118|-5495.730 3773.538|-5495.206 3769.991|-5494.332 3766.521|-5493.130 3763.141|-5491.599 3759.905|-5489.754 3756.836|-5487.621 3753.956|-5485.210 3751.299|-5482.560 3748.897|-5479.680 3746.762|-5476.604 3744.916|-5473.368 3743.382|-5469.991 3742.170|-5466.510 3741.302|-5462.966 3740.769|-5459.387 3740.591|-5438.583 3740.602
106 3437 42 ST NW,-5455.661 3775.628|-5489.278 3844.569|-5493.948 3854.454|-5498.380 3864.462|-5502.560 3874.558|-5506.489 3884.766|-5510.166 3895.063|-5513.584 3905.448|-5516.751 3915.923|-5519.652 3926.464|-5521.742 3934.770|-5523.671 3943.121|-5525.440 3951.516|-5527.048 3959.934|-5528.488 3968.373|-5529.767 3976.858|-5530.878 3985.353|-5531.829 3993.870|-5532.486 4000.742|-5533.185 4007.058|-5534.185 4013.318|-5535.499 4019.523|-5537.107 4025.661|-5539.022 4031.710|-5541.224 4037.670|-5543.720 4043.497|-5546.495 4049.212|-5555.890 4067.359|-5640.168 4055.639|-5621.035 3917.847|-5620.294 3913.554|-5619.280 3909.307|-5617.987 3905.148|-5616.428 3901.078|-5614.694 3897.275|-5612.730 3893.595|-5610.535 3890.037|-5608.116 3886.623|-5605.495 3883.376|-5602.678 3880.296|-5599.672 3877.394|-5596.491 3874.681|-5593.150 3872.179|-5589.654 3869.888|-5586.019 3867.820|-5582.265 3865.985|-5578.407 3864.384|-5574.457 3863.027|-5570.424 3861.915|-5566.334 3861.059|-5562.685 3860.336|-5559.071 3859.447|-5555.506 3858.402|-5551.983 3857.212|-5548.515 3855.855|-5545.111 3854.354|-5541.777 3852.709|-5538.512 3850.918|-5535.338 3848.995|-5532.242 3846.926|-5529.243 3844.725|-5526.342 3842.401|-5523.545 3839.943|-5520.861 3837.375|-5518.289 3834.684|-5515.842 3831.893|-5513.514 3828.991|-5511.312 3825.988|-5509.250 3822.897|-5507.321 3819.717|-5505.531 3816.459|-5503.888 3813.123|-5502.392 3809.721|-5501.043 3806.262|-5499.848 3802.738|-5498.806 3799.168|-5497.925 3795.554|-5497.198 3791.918|-5496.632 3788.238|-5496.227 3784.546|-5495.989 3780.832|-5495.905 3777.118|-5495.730 3773.538|-5495.206 3769.991|-5494.332 3766.521|-5493.130 3763.141|-5491.599 3759.905|-5489.754 3756.836|-5487.621 3753.956|-5485.210 3751.299|-5482.560 3748.897|-5479.680 3746.762|-5476.604 3744.916|-5473.368 3743.382|-5469.991 3742.170|-5466.510 3741.302|-5462.966 3740.769|-5459.387 3740.591|-5438.583 3740.602
188 3437 42 ST NW,-5455.661 3775.628|-5489.278 3844.569|-5493.948 3854.454|-5498.380 3864.462|-5502.560 3874.558|-5506.489 3884.766|-5510.166 3895.063|-5513.584 3905.448|-5516.751 3915.923|-5519.652 3926.464|-5521.742 3934.770|-5523.671 3943.121|-5525.440 3951.516|-5527.048 3959.934|-5528.488 3968.373|-5529.767 3976.858|-5530.878 3985.353|-5531.829 3993.870|-5532.486 4000.742|-5533.185 4007.058|-5534.185 4013.318|-5535.499 4019.523|-5537.107 4025.661|-5539.022 4031.710|-5541.224 4037.670|-5543.720 4043.497|-5546.495 4049.212|-5555.890 4067.359|-5640.168 4055.639|-5621.035 3917.847|-5620.294 3913.554|-5619.280 3909.307|-5617.987 3905.148|-5616.428 3901.078|-5614.694 3897.275|-5612.730 3893.595|-5610.535 3890.037|-5608.116 3886.623|-5605.495 3883.376|-5602.678 3880.296|-5599.672 3877.394|-5596.491 3874.681|-5593.150 3872.179|-5589.654 3869.888|-5586.019 3867.820|-5582.265 3865.985|-5578.407 3864.384|-5574.457 3863.027|-5570.424 3861.915|-5566.334 3861.059|-5562.685 3860.336|-5559.071 3859.447|-5555.506 3858.402|-5551.983 3857.212|-5548.515 3855.855|-5545.111 3854.354|-5541.777 3852.709|-5538.512 3850.918|-5535.338 3848.995|-5532.242 3846.926|-5529.243 3844.725|-5526.342 3842.401|-5523.545 3839.943|-5520.861 3837.375|-5518.289 3834.684|-5515.842 3831.893|-5513.514 3828.991|-5511.312 3825.988|-5509.250 3822.897|-5507.321 3819.717|-5505.531 3816.459|-5503.888 3813.123|-5502.392 3809.721|-5501.043 3806.262|-5499.848 3802.738|-5498.806 3799.168|-5497.925 3795.554|-5497.198 3791.918|-5496.632 3788.238|-5496.227 3784.546|-5495.989 3780.832|-5495.905 3777.118|-5495.730 3773.538|-5495.206 3769.991|-5494.332 3766.521|-5493.130 3763.141|-5491.599 3759.905|-5489.754 3756.836|-5487.621 3753.956|-5485.210 3751.299|-5482.560 3748.897|-5479.680 3746.762|-5476.604 3744.916|-5473.368 3743.382|-5469.991 3742.170|-5466.510 3741.302|-5462.966 3740.769|-5459.387 3740.591|-5438.583 3740.602
108 3437 42 ST NW,-5455.661 3775.628|-5489.278 3844.569|-5493.948 3854.454|-5498.380 3864.462|-5502.560 3874.558|-5506.489 3884.766|-5510.166 3895.063|-5513.584 3905.448|-5516.751 3915.923|-5519.652 3926.464|-5521.742 3934.770|-5523.671 3943.121|-5525.440 3951.516|-5527.048 3959.934|-5528.488 3968.373|-5529.767 3976.858|-5530.878 3985.353|-5531.829 3993.870|-5532.486 4000.742|-5533.185 4007.058|-5534.185 4013.318|-5535.499 4019.523|-5537.107 4025.661|-5539.022 4031.710|-5541.224 4037.670|-5543.720 4043.497|-5546.495 4049.212|-5555.890 4067.359|-5640.168 4055.639|-5621.035 3917.847|-5620.294 3913.554|-5619.280 3909.307|-5617.987 3905.148|-5616.428 3901.078|-5614.694 3897.275|-5612.730 3893.595|-5610.535 3890.037|-5608.116 3886.623|-5605.495 3883.376|-5602.678 3880.296|-5599.672 3877.394|-5596.491 3874.681|-5593.150 3872.179|-5589.654 3869.888|-5586.019 3867.820|-5582.265 3865.985|-5578.407 3864.384|-5574.457 3863.027|-5570.424 3861.915|-5566.334 3861.059|-5562.685 3860.336|-5559.071 3859.447|-5555.506 3858.402|-5551.983 3857.212|-5548.515 3855.855|-5545.111 3854.354|-5541.777 3852.709|-5538.512 3850.918|-5535.338 3848.995|-5532.242 3846.926|-5529.243 3844.725|-5526.342 3842.401|-5523.545 3839.943|-5520.861 3837.375|-5518.289 3834.684|-5515.842 3831.893|-5513.514 3828.991|-5511.312 3825.988|-5509.250 3822.897|-5507.321 3819.717|-5505.531 3816.459|-5503.888 3813.123|-5502.392 3809.721|-5501.043 3806.262|-5499.848 3802.738|-5498.806 3799.168|-5497.925 3795.554|-5497.198 3791.918|-5496.632 3788.238|-5496.227 3784.546|-5495.989 3780.832|-5495.905 3777.118|-5495.730 3773.538|-5495.206 3769.991|-5494.332 3766.521|-5493.130 3763.141|-5491.599 3759.905|-5489.754 3756.836|-5487.621 3753.956|-5485.210 3751.299|-5482.560 3748.897|-5479.680 3746.762|-5476.604 3744.916|-5473.368 3743.382|-5469.991 3742.170|-5466.510 3741.302|-5462.966 3740.769|-5459.387 3740.591|-5438.583 3740.602
190 3437 42 ST NW,-5455.661 3775.628|-5489.278 3844.569|-5493.948 3854.454|-5498.380 3864.462|-5502.560 3874.558|-5506.489 3884.766|-5510.166 3895.063|-5513.584 3905.448|-5516.751 3915.923|-5519.652 3926.464|-5521.742 3934.770|-5523.671 3943.121|-5525.440 3951.516|-5527.048 3959.934|-5528.488 3968.373|-5529.767 3976.858|-5530.878 3985.353|-5531.829 3993.870|-5532.486 4000.742|-5533.185 4007.058|-5534.185 4013.318|-5535.499 4019.523|-5537.107 4025.661|-5539.022 4031.710|-5541.224 4037.670|-5543.720 4043.497|-5546.495 4049.212|-5555.890 4067.359|-5640.168 4055.639|-5621.035 3917.847|-5620.294 3913.554|-5619.280 3909.307|-5617.987 3905.148|-5616.428 3901.078|-5614.694 3897.275|-5612.730 3893.595|-5610.535 3890.037|-5608.116 3886.623|-5605.495 3883.376|-5602.678 3880.296|-5599.672 3877.394|-5596.491 3874.681|-5593.150 3872.179|-5589.654 3869.888|-5586.019 3867.820|-5582.265 3865.985|-5578.407 3864.384|-5574.457 3863.027|-5570.424 3861.915|-5566.334 3861.059|-5562.685 3860.336|-5559.071 3859.447|-5555.506 3858.402|-5551.983 3857.212|-5548.515 3855.855|-5545.111 3854.354|-5541.777 3852.709|-5538.512 3850.918|-5535.338 3848.995|-5532.242 3846.926|-5529.243 3844.725|-5526.342 3842.401|-5523.545 3839.943|-5520.861 3837.375|-5518.289 3834.684|-5515.842 3831.893|-5513.514 3828.991|-5511.312 3825.988|-5509.250 3822.897|-5507.321 3819.717|-5505.531 3816.459|-5503.888 3813.123|-5502.392 3809.721|-5501.043 3806.262|-5499.848 3802.738|-5498.806 3799.168|-5497.925 3795.554|-5497.198 3791.918|-5496.632 3788.238|-5496.227 3784.546|-5495.989 3780.832|-5495.905 3777.118|-5495.730 3773.538|-5495.206 3769.991|-5494.332 3766.521|-5493.130 3763.141|-5491.599 3759.905|-5489.754 3756.836|-5487.621 3753.956|-5485.210 3751.299|-5482.560 3748.897|-5479.680 3746.762|-5476.604 3744.916|-5473.368 3743.382|-5469.991 3742.170|-5466.510 3741.302|-5462.966 3740.769|-5459.387 3740.591|-5438.583 3740.602
110 3437 42 ST NW,-5455.661 3775.628|-5489.278 3844.569|-5493.948 3854.454|-5498.380 3864.462|-5502.560 3874.558|-5506.489 3884.766|-5510.166 3895.063|-5513.584 3905.448|-5516.751 3915.923|-5519.652 3926.464|-5521.742 3934.770|-5523.671 3943.121|-5525.440 3951.516|-5527.048 3959.934|-5528.488 3968.373|-5529.767 3976.858|-5530.878 3985.353|-5531.829 3993.870|-5532.486 4000.742|-5533.185 4007.058|-5534.185 4013.318|-5535.499 4019.523|-5537.107 4025.661|-5539.022 4031.710|-5541.224 4037.670|-5543.720 4043.497|-5546.495 4049.212|-5555.890 4067.359|-5640.168 4055.639|-5621.035 3917.847|-5620.294 3913.554|-5619.280 3909.307|-5617.987 3905.148|-5616.428 3901.078|-5614.694 3897.275|-5612.730 3893.595|-5610.535 3890.037|-5608.116 3886.623|-5605.495 3883.376|-5602.678 3880.296|-5599.672 3877.394|-5596.491 3874.681|-5593.150 3872.179|-5589.654 3869.888|-5586.019 3867.820|-5582.265 3865.985|-5578.407 3864.384|-5574.457 3863.027|-5570.424 3861.915|-5566.334 3861.059|-5562.685 3860.336|-5559.071 3859.447|-5555.506 3858.402|-5551.983 3857.212|-5548.515 3855.855|-5545.111 3854.354|-5541.777 3852.709|-5538.512 3850.918|-5535.338 3848.995|-5532.242 3846.926|-5529.243 3844.725|-5526.342 3842.401|-5523.545 3839.943|-5520.861 3837.375|-5518.289 3834.684|-5515.842 3831.893|-5513.514 3828.991|-5511.312 3825.988|-5509.250 3822.897|-5507.321 3819.717|-5505.531 3816.459|-5503.888 3813.123|-5502.392 3809.721|-5501.043 3806.262|-5499.848 3802.738|-5498.806 3799.168|-5497.925 3795.554|-5497.198 3791.918|-5496.632 3788.238|-5496.227 3784.546|-5495.989 3780.832|-5495.905 3777.118|-5495.730 3773.538|-5495.206 3769.991|-5494.332 3766.521|-5493.130 3763.141|-5491.599 3759.905|-5489.754 3756.836|-5487.621 3753.956|-5485.210 3751.299|-5482.560 3748.897|-5479.680 3746.762|-5476.604 3744.916|-5473.368 3743.382|-5469.991 3742.170|-5466.510 3741.302|-5462.966 3740.769|-5459.387 3740.591|-5438.583 3740.602
111 3437 42 ST NW,-5455.661 3775.628|-5489.278 3844.569|-5493.948 3854.454|-5498.380 3864.462|-5502.560 3874.558|-5506.489 3884.766|-5510.166 3895.063|-5513.584 3905.448|-5516.751 3915.923|-5519.652 3926.464|-5521.742 3934.770|-5523.671 3943.121|-5525.440 3951.516|-5527.048 3959.934|-5528.488 3968.373|-5529.767 3976.858|-5530.878 3985.353|-5531.829 3993.870|-5532.486 4000.742|-5533.185 4007.058|-5534.185 4013.318|-5535.499 4019.523|-5537.107 4025.661|-5539.022 4031.710|-5541.224 4037.670|-5543.720 4043.497|-5546.495 4049.212|-5555.890 4067.359|-5640.168 4055.639|-5621.035 3917.847|-5620.294 3913.554|-5619.280 3909.307|-5617.987 3905.148|-5616.428 3901.078|-5614.694 3897.275|-5612.730 3893.595|-5610.535 3890.037|-5608.116 3886.623|-5605.495 3883.376|-5602.678 3880.296|-5599.672 3877.394|-5596.491 3874.681|-5593.150 3872.179|-5589.654 3869.888|-5586.019 3867.820|-5582.265 3865.985|-5578.407 3864.384|-5574.457 3863.027|-5570.424 3861.915|-5566.334 3861.059|-5562.685 3860.336|-5559.071 3859.447|-5555.506 3858.402|-5551.983 3857.212|-5548.515 3855.855|-5545.111 3854.354|-5541.777 3852.709|-5538.512 3850.918|-5535.338 3848.995|-5532.242 3846.926|-5529.243 3844.725|-5526.342 3842.401|-5523.545 3839.943|-5520.861 3837.375|-5518.289 3834.684|-5515.842 3831.893|-5513.514 3828.991|-5511.312 3825.988|-5509.250 3822.897|-5507.321 3819.717|-5505.531 3816.459|-5503.888 3813.123|-5502.392 3809.721|-5501.043 3806.262|-5499.848 3802.738|-5498.806 3799.168|-5497.925 3795.554|-5497.198 3791.918|-5496.632 3788.238|-5496.227 3784.546|-5495.989 3780.832|-5495.905 3777.118|-5495.730 3773.538|-5495.206 3769.991|-5494.332 3766.521|-5493.130 3763.141|-5491.599 3759.905|-5489.754 3756.836|-5487.621 3753.956|-5485.210 3751.299|-5482.560 3748.897|-5479.680 3746.762|-5476.604 3744.916|-5473.368 3743.382|-5469.991 3742.170|-5466.510 3741.302|-5462.966 3740.769|-5459.387 3740.591|-5438.583 3740.602
112 3437 42 ST NW,-5455.661 3775.628|-5489.278 3844.569|-5493.948 3854.454|-5498.380 3864.462|-5502.560 3874.558|-5506.489 3884.766|-5510.166 3895.063|-5513.584 3905.448|-5516.751 3915.923|-5519.652 3926.464|-5521.742 3934.770|-5523.671 3943.121|-5525.440 3951.516|-5527.048 3959.934|-5528.488 3968.373|-5529.767 3976.858|-5530.878 3985.353|-5531.829 3993.870|-5532.486 4000.742|-5533.185 4007.058|-5534.185 4013.318|-5535.499 4019.523|-5537.107 4025.661|-5539.022 4031.710|-5541.224 4037.670|-5543.720 4043.497|-5546.495 4049.212|-5555.890 4067.359|-5640.168 4055.639|-5621.035 3917.847|-5620.294 3913.554|-5619.280 3909.307|-5617.987 3905.148|-5616.428 3901.078|-5614.694 3897.275|-5612.730 3893.595|-5610.535 3890.037|-5608.116 3886.623|-5605.495 3883.376|-5602.678 3880.296|-5599.672 3877.394|-5596.491 3874.681|-5593.150 3872.179|-5589.654 3869.888|-5586.019 3867.820|-5582.265 3865.985|-5578.407 3864.384|-5574.457 3863.027|-5570.424 3861.915|-5566.334 3861.059|-5562.685 3860.336|-5559.071 3859.447|-5555.506 3858.402|-5551.983 3857.212|-5548.515 3855.855|-5545.111 3854.354|-5541.777 3852.709|-5538.512 3850.918|-5535.338 3848.995|-5532.242 3846.926|-5529.243 3844.725|-5526.342 3842.401|-5523.545 3839.943|-5520.861 3837.375|-5518.289 3834.684|-5515.842 3831.893|-5513.514 3828.991|-5511.312 3825.988|-5509.250 3822.897|-5507.321 3819.717|-5505.531 3816.459|-5503.888 3813.123|-5502.392 3809.721|-5501.043 3806.262|-5499.848 3802.738|-5498.806 3799.168|-5497.925 3795.554|-5497.198 3791.918|-5496.632 3788.238|-5496.227 3784.546|-5495.989 3780.832|-5495.905 3777.118|-5495.730 3773.538|-5495.206 3769.991|-5494.332 3766.521|-5493.130 3763.141|-5491.599 3759.905|-5489.754 3756.836|-5487.621 3753.956|-5485.210 3751.299|-5482.560 3748.897|-5479.680 3746.762|-5476.604 3744.916|-5473.368 3743.382|-5469.991 3742.170|-5466.510 3741.302|-5462.966 3740.769|-5459.387 3740.591|-5438.583 3740.602
113 3437 42 ST NW,-5455.661 3775.628|-5489.278 3844.569|-5493.948 3854.454|-5498.380 3864.462|-5502.560 3874.558|-5506.489 3884.766|-5510.166 3895.063|-5513.584 3905.448|-5516.751 3915.923|-5519.652 3926.464|-5521.742 3934.770|-5523.671 3943.121|-5525.440 3951.516|-5527.048 3959.934|-5528.488 3968.373|-5529.767 3976.858|-5530.878 3985.353|-5531.829 3993.870|-5532.486 4000.742|-5533.185 4007.058|-5534.185 4013.318|-5535.499 4019.523|-5537.107 4025.661|-5539.022 4031.710|-5541.224 4037.670|-5543.720 4043.497|-5546.495 4049.212|-5555.890 4067.359|-5640.168 4055.639|-5621.035 3917.847|-5620.294 3913.554|-5619.280 3909.307|-5617.987 3905.148|-5616.428 3901.078|-5614.694 3897.275|-5612.730 3893.595|-5610.535 3890.037|-5608.116 3886.623|-5605.495 3883.376|-5602.678 3880.296|-5599.672 3877.394|-5596.491 3874.681|-5593.150 3872.179|-5589.654 3869.888|-5586.019 3867.820|-5582.265 3865.985|-5578.407 3864.384|-5574.457 3863.027|-5570.424 3861.915|-5566.334 3861.059|-5562.685 3860.336|-5559.071 3859.447|-5555.506 3858.402|-5551.983 3857.212|-5548.515 3855.855|-5545.111 3854.354|-5541.777 3852.709|-5538.512 3850.918|-5535.338 3848.995|-5532.242 3846.926|-5529.243 3844.725|-5526.342 3842.401|-5523.545 3839.943|-5520.861 3837.375|-5518.289 3834.684|-5515.842 3831.893|-5513.514 3828.991|-5511.312 3825.988|-5509.250 3822.897|-5507.321 3819.717|-5505.531 3816.459|-5503.888 3813.123|-5502.392 3809.721|-5501.043 3806.262|-5499.848 3802.738|-5498.806 3799.168|-5497.925 3795.554|-5497.198 3791.918|-5496.632 3788.238|-5496.227 3784.546|-5495.989 3780.832|-5495.905 3777.118|-5495.730 3773.538|-5495.206 3769.991|-5494.332 3766.521|-5493.130 3763.141|-5491.599 3759.905|-5489.754 3756.836|-5487.621 3753.956|-5485.210 3751.299|-5482.560 3748.897|-5479.680 3746.762|-5476.604 3744.916|-5473.368 3743.382|-5469.991 3742.170|-5466.510 3741.302|-5462.966 3740.769|-5459.387 3740.591|-5438.583 3740.602
114 3437 42 ST NW,-5455.661 3775.628|-5489.278 3844.569|-5493.948 3854.454|-5498.380 3864.462|-5502.560 3874.558|-5506.489 3884.766|-5510.166 3895.063|-5513.584 3905.448|-5516.751 3915.923|-5519.652 3926.464|-5521.742 3934.770|-5523.671 3943.121|-5525.440 3951.516|-5527.048 3959.934|-5528.488 3968.373|-5529.767 3976.858|-5530.878 3985.353|-5531.829 3993.870|-5532.486 4000.742|-5533.185 4007.058|-5534.185 4013.318|-5535.499 4019.523|-5537.107 4025.661|-5539.022 4031.710|-5541.224 4037.670|-5543.720 4043.497|-5546.495 4049.212|-5555.890 4067.359|-5640.168 4055.639|-5621.035 3917.847|-5620.294 3913.554|-5619.280 3909.307|-5617.987 3905.148|-5616.428 3901.078|-5614.694 3897.275|-5612.730 3893.595|-5610.535 3890.037|-5608.116 3886.623|-5605.495 3883.376|-5602.678 3880.296|-5599.672 3877.394|-5596.491 3874.681|-5593.150 3872.179|-5589.654 3869.888|-5586.019 3867.820|-5582.265 3865.985|-5578.407 3864.384|-5574.457 3863.027|-5570.424 3861.915|-5566.334 3861.059|-5562.685 3860.336|-5559.071 3859.447|-5555.506 3858.402|-5551.983 3857.212|-5548.515 3855.855|-5545.111 3854.354|-5541.777 3852.709|-5538.512 3850.918|-5535.338 3848.995|-5532.242 3846.926|-5529.243 3844.725|-5526.342 3842.401|-5523.545 3839.943|-5520.861 3837.375|-5518.289 3834.684|-5515.842 3831.893|-5513.514 3828.991|-5511.312 3825.988|-5509.250 3822.897|-5507.321 3819.717|-5505.531 3816.459|-5503.888 3813.123|-5502.392 3809.721|-5501.043 3806.262|-5499.848 3802.738|-5498.806 3799.168|-5497.925 3795.554|-5497.198 3791.918|-5496.632 3788.238|-5496.227 3784.546|-5495.989 3780.832|-5495.905 3777.118|-5495.730 3773.538|-5495.206 3769.991|-5494.332 3766.521|-5493.130 3763.141|-5491.599 3759.905|-5489.754 3756.836|-5487.621 3753.956|-5485.210 3751.299|-5482.560 3748.897|-5479.680 3746.762|-5476.604 3744.916|-5473.368 3743.382|-5469.991 3742.170|-5466.510 3741.302|-5462.966 3740.769|-5459.387 3740.591|-5438.583 3740.602
115 3437 42 ST NW,-5455.661 3775.628|-5489.278 3844.569|-5493.948 3854.454|-5498.380 3864.462|-5502.560 3874.558|-5506.489 3884.766|-5510.166 3895.063|-5513.584 3905.448|-5516.751 3915.923|-5519.652 3926.464|-5521.742 3934.770|-5523.671 3943.121|-5525.440 3951.516|-5527.048 3959.934|-5528.488 3968.373|-5529.767 3976.858|-5530.878 3985.353|-5531.829 3993.870|-5532.486 4000.742|-5533.185 4007.058|-5534.185 4013.318|-5535.499 4019.523|-5537.107 4025.661|-5539.022 4031.710|-5541.224 4037.670|-5543.720 4043.497|-5546.495 4049.212|-5555.890 4067.359|-5640.168 4055.639|-5621.035 3917.847|-5620.294 3913.554|-5619.280 3909.307|-5617.987 3905.148|-5616.428 3901.078|-5614.694 3897.275|-5612.730 3893.595|-5610.535 3890.037|-5608.116 3886.623|-5605.495 3883.376|-5602.678 3880.296|-5599.672 3877.394|-5596.491 3874.681|-5593.150 3872.179|-5589.654 3869.888|-5586.019 3867.820|-5582.265 3865.985|-5578.407 3864.384|-5574.457 3863.027|-5570.424 3861.915|-5566.334 3861.059|-5562.685 3860.336|-5559.071 3859.447|-5555.506 3858.402|-5551.983 3857.212|-5548.515 3855.855|-5545.111 3854.354|-5541.777 3852.709|-5538.512 3850.918|-5535.338 3848.995|-5532.242 3846.926|-5529.243 3844.725|-5526.342 3842.401|-5523.545 3839.943|-5520.861 3837.375|-5518.289 3834.684|-5515.842 3831.893|-5513.514 3828.991|-5511.312 3825.988|-5509.250 3822.897|-5507.321 3819.717|-5505.531 3816.459|-5503.888 3813.123|-5502.392 3809.721|-5501.043 3806.262|-5499.848 3802.738|-5498.806 3799.168|-5497.925 3795.554|-5497.198 3791.918|-5496.632 3788.238|-5496.227 3784.546|-5495.989 3780.832|-5495.905 3777.118|-5495.730 3773.538|-5495.206 3769.991|-5494.332 3766.521|-5493.130 3763.141|-5491.599 3759.905|-5489.754 3756.836|-5487.621 3753.956|-5485.210 3751.299|-5482.560 3748.897|-5479.680 3746.762|-5476.604 3744.916|-5473.368 3743.382|-5469.991 3742.170|-5466.510 3741.302|-5462.966 3740.769|-5459.387 3740.591|-5438.583 3740.602
116 3437 42 ST NW,-5455.661 3775.628|-5489.278 3844.569|-5493.948 3854.454|-5498.380 3864.462|-5502.560 3874.558|-5506.489 3884.766|-5510.166 3895.063|-5513.584 3905.448|-5516.751 3915.923|-5519.652 3926.464|-5521.742 3934.770|-5523.671 3943.121|-5525.440 3951.516|-5527.048 3959.934|-5528.488 3968.373|-5529.767 3976.858|-5530.878 3985.353|-5531.829 3993.870|-5532.486 4000.742|-5533.185 4007.058|-5534.185 4013.318|-5535.499 4019.523|-5537.107 4025.661|-5539.022 4031.710|-5541.224 4037.670|-5543.720 4043.497|-5546.495 4049.212|-5555.890 4067.359|-5640.168 4055.639|-5621.035 3917.847|-5620.294 3913.554|-5619.280 3909.307|-5617.987 3905.148|-5616.428 3901.078|-5614.694 3897.275|-5612.730 3893.595|-5610.535 3890.037|-5608.116 3886.623|-5605.495 3883.376|-5602.678 3880.296|-5599.672 3877.394|-5596.491 3874.681|-5593.150 3872.179|-5589.654 3869.888|-5586.019 3867.820|-5582.265 3865.985|-5578.407 3864.384|-5574.457 3863.027|-5570.424 3861.915|-5566.334 3861.059|-5562.685 3860.336|-5559.071 3859.447|-5555.506 3858.402|-5551.983 3857.212|-5548.515 3855.855|-5545.111 3854.354|-5541.777 3852.709|-5538.512 3850.918|-5535.338 3848.995|-5532.242 3846.926|-5529.243 3844.725|-5526.342 3842.401|-5523.545 3839.943|-5520.861 3837.375|-5518.289 3834.684|-5515.842 3831.893|-5513.514 3828.991|-5511.312 3825.988|-5509.250 3822.897|-5507.321 3819.717|-5505.531 3816.459|-5503.888 3813.123|-5502.392 3809.721|-5501.043 3806.262|-5499.848 3802.738|-5498.806 3799.168|-5497.925 3795.554|-5497.198 3791.918|-5496.632 3788.238|-5496.227 3784.546|-5495.989 3780.832|-5495.905 3777.118|-5495.730 3773.538|-5495.206 3769.991|-5494.332 3766.521|-5493.130 3763.141|-5491.599 3759.905|-5489.754 3756.836|-5487.621 3753.956|-5485.210 3751.299|-5482.560 3748.897|-5479.680 3746.762|-5476.604 3744.916|-5473.368 3743.382|-5469.991 3742.170|-5466.510 3741.302|-5462.966 3740.769|-5459.387 3740.591|-5438.583 3740.602
117 3437 42 ST NW,-5455.661 3775.628|-5489.278 3844.569|-5493.948 3854.454|-5498.380 3864.462|-5502.560 3874.558|-5506.489 3884.766|-5510.166 3895.063|-5513.584 3905.448|-5516.751 3915.923|-5519.652 3926.464|-5521.742 3934.770|-5523.671 3943.121|-5525.440 3951.516|-5527.048 3959.934|-5528.488 3968.373|-5529.767 3976.858|-5530.878 3985.353|-5531.829 3993.870|-5532.486 4000.742|-5533.185 4007.058|-5534.185 4013.318|-5535.499 4019.523|-5537.107 4025.661|-5539.022 4031.710|-5541.224 4037.670|-5543.720 4043.497|-5546.495 4049.212|-5555.890 4067.359|-5640.168 4055.639|-5621.035 3917.847|-5620.294 3913.554|-5619.280 3909.307|-5617.987 3905.148|-5616.428 3901.078|-5614.694 3897.275|-5612.730 3893.595|-5610.535 3890.037|-5608.116 3886.623|-5605.495 3883.376|-5602.678 3880.296|-5599.672 3877.394|-5596.491 3874.681|-5593.150 3872.179|-5589.654 3869.888|-5586.019 3867.820|-5582.265 3865.985|-5578.407 3864.384|-5574.457 3863.027|-5570.424 3861.915|-5566.334 3861.059|-5562.685 3860.336|-5559.071 3859.447|-5555.506 3858.402|-5551.983 3857.212|-5548.515 3855.855|-5545.111 3854.354|-5541.777 3852.709|-5538.512 3850.918|-5535.338 3848.995|-5532.242 3846.926|-5529.243 3844.725|-5526.342 3842.401|-5523.545 3839.943|-5520.861 3837.375|-5518.289 3834.684|-5515.842 3831.893|-5513.514 3828.991|-5511.312 3825.988|-5509.250 3822.897|-5507.321 3819.717|-5505.531 3816.459|-5503.888 3813.123|-5502.392 3809.721|-5501.043 3806.262|-5499.848 3802.738|-5498.806 3799.168|-5497.925 3795.554|-5497.198 3791.918|-5496.632 3788.238|-5496.227 3784.546|-5495.989 3780.832|-5495.905 3777.118|-5495.730 3773.538|-5495.206 3769.991|-5494.332 3766.521|-5493.130 3763.141|-5491.599 3759.905|-5489.754 3756.836|-5487.621 3753.956|-5485.210 3751.299|-5482.560 3748.897|-5479.680 3746.762|-5476.604 3744.916|-5473.368 3743.382|-5469.991 3742.170|-5466.510 3741.302|-5462.966 3740.769|-5459.387 3740.591|-5438.583 3740.602
118 3437 42 ST NW,-5455.661 3775.628|-5489.278 3844.569|-5493.948 3854.454|-5498.380 3864.462|-5502.560 3874.558|-5506.489 3884.766|-5510.166 3895.063|-5513.584 3905.448|-5516.751 3915.923|-5519.652 3926.464|-5521.742 3934.770|-5523.671 3943.121|-5525.440 3951.516|-5527.048 3959.934|-5528.488 3968.373|-5529.767 3976.858|-5530.878 3985.353|-5531.829 3993.870|-5532.486 4000.742|-5533.185 4007.058|-5534.185 4013.318|-5535.499 4019.523|-5537.107 4025.661|-5539.022 4031.710|-5541.224 4037.670|-5543.720 4043.497|-5546.495 4049.212|-5555.890 4067.359|-5640.168 4055.639|-5621.035 3917.847|-5620.294 3913.554|-5619.280 3909.307|-5617.987 3905.148|-5616.428 3901.078|-5614.694 3897.275|-5612.730 3893.595|-5610.535 3890.037|-5608.116 3886.623|-5605.495 3883.376|-5602.678 3880.296|-5599.672 3877.394|-5596.491 3874.681|-5593.150 3872.179|-5589.654 3869.888|-5586.019 3867.820|-5582.265 3865.985|-5578.407 3864.384|-5574.457 3863.027|-5570.424 3861.915|-5566.334 3861.059|-5562.685 3860.336|-5559.071 3859.447|-5555.506 3858.402|-5551.983 3857.212|-5548.515 3855.855|-5545.111 3854.354|-5541.777 3852.709|-5538.512 3850.918|-5535.338 3848.995|-5532.242 3846.926|-5529.243 3844.725|-5526.342 3842.401|-5523.545 3839.943|-5520.861 3837.375|-5518.289 3834.684|-5515.842 3831.893|-5513.514 3828.991|-5511.312 3825.988|-5509.250 3822.897|-5507.321 3819.717|-5505.531 3816.459|-5503.888 3813.123|-5502.392 3809.721|-5501.043 3806.262|-5499.848 3802.738|-5498.806 3799.168|-5497.925 3795.554|-5497.198 3791.918|-5496.632 3788.238|-5496.227 3784.546|-5495.989 3780.832|-5495.905 3777.118|-5495.730 3773.538|-5495.206 3769.991|-5494.332 3766.521|-5493.130 3763.141|-5491.599 3759.905|-5489.754 3756.836|-5487.621 3753.956|-5485.210 3751.299|-5482.560 3748.897|-5479.680 3746.762|-5476.604 3744.916|-5473.368 3743.382|-5469.991 3742.170|-5466.510 3741.302|-5462.966 3740.769|-5459.387 3740.591|-5438.583 3740.602
119 3437 42 ST NW,-5455.661 3775.628|-5489.278 3844.569|-5493.948 3854.454|-5498.380 3864.462|-5502.560 3874.558|-5506.489 3884.766|-5510.166 3895.063|-5513.584 3905.448|-5516.751 3915.923|-5519.652 3926.464|-5521.742 3934.770|-5523.671 3943.121|-5525.440 3951.516|-5527.048 3959.934|-5528.488 3968.373|-5529.767 3976.858|-5530.878 3985.353|-5531.829 3993.870|-5532.486 4000.742|-5533.185 4007.058|-5534.185 4013.318|-5535.499 4019.523|-5537.107 4025.661|-5539.022 4031.710|-5541.224 4037.670|-5543.720 4043.497|-5546.495 4049.212|-5555.890 4067.359|-5640.168 4055.639|-5621.035 3917.847|-5620.294 3913.554|-5619.280 3909.307|-5617.987 3905.148|-5616.428 3901.078|-5614.694 3897.275|-5612.730 3893.595|-5610.535 3890.037|-5608.116 3886.623|-5605.495 3883.376|-5602.678 3880.296|-5599.672 3877.394|-5596.491 3874.681|-5593.150 3872.179|-5589.654 3869.888|-5586.019 3867.820|-5582.265 3865.985|-5578.407 3864.384|-5574.457 3863.027|-5570.424 3861.915|-5566.334 3861.059|-5562.685 3860.336|-5559.071 3859.447|-5555.506 3858.402|-5551.983 3857.212|-5548.515 3855.855|-5545.111 3854.354|-5541.777 3852.709|-5538.512 3850.918|-5535.338 3848.995|-5532.242 3846.926|-5529.243 3844.725|-5526.342 3842.401|-5523.545 3839.943|-5520.861 3837.375|-5518.289 3834.684|-5515.842 3831.893|-5513.514 3828.991|-5511.312 3825.988|-5509.250 3822.897|-5507.321 3819.717|-5505.531 3816.459|-5503.888 3813.123|-5502.392 3809.721|-5501.043 3806.262|-5499.848 3802.738|-5498.806 3799.168|-5497.925 3795.554|-5497.198 3791.918|-5496.632 3788.238|-5496.227 3784.546|-5495.989 3780.832|-5495.905 3777.118|-5495.730 3773.538|-5495.206 3769.991|-5494.332 3766.521|-5493.130 3763.141|-5491.599 3759.905|-5489.754 3756.836|-5487.621 3753.956|-5485.210 3751.299|-5482.560 3748.897|-5479.680 3746.762|-5476.604 3744.916|-5473.368 3743.382|-5469.991 3742.170|-5466.510 3741.302|-5462.966 3740.769|-5459.387 3740.591|-5438.583 3740.602
120 3437 42 ST NW,-5455.661 3775.628|-5489.278 3844.569|-5493.948 3854.454|-5498.380 3864.462|-5502.560 3874.558|-5506.489 3884.766|-5510.166 3895.063|-5513.584 3905.448|-5516.751 3915.923|-5519.652 3926.464|-5521.742 3934.770|-5523.671 3943.121|-5525.440 3951.516|-5527.048 3959.934|-5528.488 3968.373|-5529.767 3976.858|-5530.878 3985.353|-5531.829 3993.870|-5532.486 4000.742|-5533.185 4007.058|-5534.185 4013.318|-5535.499 4019.523|-5537.107 4025.661|-5539.022 4031.710|-5541.224 4037.670|-5543.720 4043.497|-5546.495 4049.212|-5555.890 4067.359|-5640.168 4055.639|-5621.035 3917.847|-5620.294 3913.554|-5619.280 3909.307|-5617.987 3905.148|-5616.428 3901.078|-5614.694 3897.275|-5612.730 3893.595|-5610.535 3890.037|-5608.116 3886.623|-5605.495 3883.376|-5602.678 3880.296|-5599.672 3877.394|-5596.491 3874.681|-5593.150 3872.179|-5589.654 3869.888|-5586.019 3867.820|-5582.265 3865.985|-5578.407 3864.384|-5574.457 3863.027|-5570.424 3861.915|-5566.334 3861.059|-5562.685 3860.336|-5559.071 3859.447|-5555.506 3858.402|-5551.983 3857.212|-5548.515 3855.855|-5545.111 3854.354|-5541.777 3852.709|-5538.512 3850.918|-5535.338 3848.995|-5532.242 3846.926|-5529.243 3844.725|-5526.342 3842.401|-5523.545 3839.943|-5520.861 3837.375|-5518.289 3834.684|-5515.842 3831.893|-5513.514 3828.991|-5511.312 3825.988|-5509.250 3822.897|-5507.321 3819.717|-5505.531 3816.459|-5503.888 3813.123|-5502.392 3809.721|-5501.043 3806.262|-5499.848 3802.738|-5498.806 3799.168|-5497.925 3795.554|-5497.198 3791.918|-5496.632 3788.238|-5496.227 3784.546|-5495.989 3780.832|-5495.905 3777.118|-5495.730 3773.538|-5495.206 3769.991|-5494.332 3766.521|-5493.130 3763.141|-5491.599 3759.905|-5489.754 3756.836|-5487.621 3753.956|-5485.210 3751.299|-5482.560 3748.897|-5479.680 3746.762|-5476.604 3744.916|-5473.368 3743.382|-5469.991 3742.170|-5466.510 3741.302|-5462.966 3740.769|-5459.387 3740.591|-5438.583 3740.602
121 3437 42 ST NW,-5455.661 3775.628|-5489.278 3844.569|-5493.948 3854.454|-5498.380 3864.462|-5502.560 3874.558|-5506.489 3884.766|-5510.166 3895.063|-5513.584 3905.448|-5516.751 3915.923|-5519.652 3926.464|-5521.742 3934.770|-5523.671 3943.121|-5525.440 3951.516|-5527.048 3959.934|-5528.488 3968.373|-5529.767 3976.858|-5530.878 3985.353|-5531.829 3993.870|-5532.486 4000.742|-5533.185 4007.058|-5534.185 4013.318|-5535.499 4019.523|-5537.107 4025.661|-5539.022 4031.710|-5541.224 4037.670|-5543.720 4043.497|-5546.495 4049.212|-5555.890 4067.359|-5640.168 4055.639|-5621.035 3917.847|-5620.294 3913.554|-5619.280 3909.307|-5617.987 3905.148|-5616.428 3901.078|-5614.694 3897.275|-5612.730 3893.595|-5610.535 3890.037|-5608.116 3886.623|-5605.495 3883.376|-5602.678 3880.296|-5599.672 3877.394|-5596.491 3874.681|-5593.150 3872.179|-5589.654 3869.888|-5586.019 3867.820|-5582.265 3865.985|-5578.407 3864.384|-5574.457 3863.027|-5570.424 3861.915|-5566.334 3861.059|-5562.685 3860.336|-5559.071 3859.447|-5555.506 3858.402|-5551.983 3857.212|-5548.515 3855.855|-5545.111 3854.354|-5541.777 3852.709|-5538.512 3850.918|-5535.338 3848.995|-5532.242 3846.926|-5529.243 3844.725|-5526.342 3842.401|-5523.545 3839.943|-5520.861 3837.375|-5518.289 3834.684|-5515.842 3831.893|-5513.514 3828.991|-5511.312 3825.988|-5509.250 3822.897|-5507.321 3819.717|-5505.531 3816.459|-5503.888 3813.123|-5502.392 3809.721|-5501.043 3806.262|-5499.848 3802.738|-5498.806 3799.168|-5497.925 3795.554|-5497.198 3791.918|-5496.632 3788.238|-5496.227 3784.546|-5495.989 3780.832|-5495.905 3777.118|-5495.730 3773.538|-5495.206 3769.991|-5494.332 3766.521|-5493.130 3763.141|-5491.599 3759.905|-5489.754 3756.836|-5487.621 3753.956|-5485.210 3751.299|-5482.560 3748.897|-5479.680 3746.762|-5476.604 3744.916|-5473.368 3743.382|-5469.991 3742.170|-5466.510 3741.302|-5462.966 3740.769|-5459.387 3740.591|-5438.583 3740.602
122 3437 42 ST NW,-5455.661 3775.628|-5489.278 3844.569|-5493.948 3854.454|-5498.380 3864.462|-5502.560 3874.558|-5506.489 3884.766|-5510.166 3895.063|-5513.584 3905.448|-5516.751 3915.923|-5519.652 3926.464|-5521.742 3934.770|-5523.671 3943.121|-5525.440 3951.516|-5527.048 3959.934|-5528.488 3968.373|-5529.767 3976.858|-5530.878 3985.353|-5531.829 3993.870|-5532.486 4000.742|-5533.185 4007.058|-5534.185 4013.318|-5535.499 4019.523|-5537.107 4025.661|-5539.022 4031.710|-5541.224 4037.670|-5543.720 4043.497|-5546.495 4049.212|-5555.890 4067.359|-5640.168 4055.639|-5621.035 3917.847|-5620.294 3913.554|-5619.280 3909.307|-5617.987 3905.148|-5616.428 3901.078|-5614.694 3897.275|-5612.730 3893.595|-5610.535 3890.037|-5608.116 3886.623|-5605.495 3883.376|-5602.678 3880.296|-5599.672 3877.394|-5596.491 3874.681|-5593.150 3872.179|-5589.654 3869.888|-5586.019 3867.820|-5582.265 3865.985|-5578.407 3864.384|-5574.457 3863.027|-5570.424 3861.915|-5566.334 3861.059|-5562.685 3860.336|-5559.071 3859.447|-5555.506 3858.402|-5551.983 3857.212|-5548.515 3855.855|-5545.111 3854.354|-5541.777 3852.709|-5538.512 3850.918|-5535.338 3848.995|-5532.242 3846.926|-5529.243 3844.725|-5526.342 3842.401|-5523.545 3839.943|-5520.861 3837.375|-5518.289 3834.684|-5515.842 3831.893|-5513.514 3828.991|-5511.312 3825.988|-5509.250 3822.897|-5507.321 3819.717|-5505.531 3816.459|-5503.888 3813.123|-5502.392 3809.721|-5501.043 3806.262|-5499.848 3802.738|-5498.806 3799.168|-5497.925 3795.554|-5497.198 3791.918|-5496.632 3788.238|-5496.227 3784.546|-5495.989 3780.832|-5495.905 3777.118|-5495.730 3773.538|-5495.206 3769.991|-5494.332 3766.521|-5493.130 3763.141|-5491.599 3759.905|-5489.754 3756.836|-5487.621 3753.956|-5485.210 3751.299|-5482.560 3748.897|-5479.680 3746.762|-5476.604 3744.916|-5473.368 3743.382|-5469.991 3742.170|-5466.510 3741.302|-5462.966 3740.769|-5459.387 3740.591|-5438.583 3740.602
123 3437 42 ST NW,-5455.661 3775.628|-5489.278 3844.569|-5493.948 3854.454|-5498.380 3864.462|-5502.560 3874.558|-5506.489 3884.766|-5510.166 3895.063|-5513.584 3905.448|-5516.751 3915.923|-5519.652 3926.464|-5521.742 3934.770|-5523.671 3943.121|-5525.440 3951.516|-5527.048 3959.934|-5528.488 3968.373|-5529.767 3976.858|-5530.878 3985.353|-5531.829 3993.870|-5532.486 4000.742|-5533.185 4007.058|-5534.185 4013.318|-5535.499 4019.523|-5537.107 4025.661|-5539.022 4031.710|-5541.224 4037.670|-5543.720 4043.497|-5546.495 4049.212|-5555.890 4067.359|-5640.168 4055.639|-5621.035 3917.847|-5620.294 3913.554|-5619.280 3909.307|-5617.987 3905.148|-5616.428 3901.078|-5614.694 3897.275|-5612.730 3893.595|-5610.535 3890.037|-5608.116 3886.623|-5605.495 3883.376|-5602.678 3880.296|-5599.672 3877.394|-5596.491 3874.681|-5593.150 3872.179|-5589.654 3869.888|-5586.019 3867.820|-5582.265 3865.985|-5578.407 3864.384|-5574.457 3863.027|-5570.424 3861.915|-5566.334 3861.059|-5562.685 3860.336|-5559.071 3859.447|-5555.506 3858.402|-5551.983 3857.212|-5548.515 3855.855|-5545.111 3854.354|-5541.777 3852.709|-5538.512 3850.918|-5535.338 3848.995|-5532.242 3846.926|-5529.243 3844.725|-5526.342 3842.401|-5523.545 3839.943|-5520.861 3837.375|-5518.289 3834.684|-5515.842 3831.893|-5513.514 3828.991|-5511.312 3825.988|-5509.250 3822.897|-5507.321 3819.717|-5505.531 3816.459|-5503.888 3813.123|-5502.392 3809.721|-5501.043 3806.262|-5499.848 3802.738|-5498.806 3799.168|-5497.925 3795.554|-5497.198 3791.918|-5496.632 3788.238|-5496.227 3784.546|-5495.989 3780.832|-5495.905 3777.118|-5495.730 3773.538|-5495.206 3769.991|-5494.332 3766.521|-5493.130 3763.141|-5491.599 3759.905|-5489.754 3756.836|-5487.621 3753.956|-5485.210 3751.299|-5482.560 3748.897|-5479.680 3746.762|-5476.604 3744.916|-5473.368 3743.382|-5469.991 3742.170|-5466.510 3741.302|-5462.966 3740.769|-5459.387 3740.591|-5438.583 3740.602
124 3437 42 ST NW,-5455.661 3775.628|-5489.278 3844.569|-5493.948 3854.454|-5498.380 3864.462|-5502.560 3874.558|-5506.489 3884.766|-5510.166 3895.063|-5513.584 3905.448|-5516.751 3915.923|-5519.652 3926.464|-5521.742 3934.770|-5523.671 3943.121|-5525.440 3951.516|-5527.048 3959.934|-5528.488 3968.373|-5529.767 3976.858|-5530.878 3985.353|-5531.829 3993.870|-5532.486 4000.742|-5533.185 4007.058|-5534.185 4013.318|-5535.499 4019.523|-5537.107 4025.661|-5539.022 4031.710|-5541.224 4037.670|-5543.720 4043.497|-5546.495 4049.212|-5555.890 4067.359|-5640.168 4055.639|-5621.035 3917.847|-5620.294 3913.554|-5619.280 3909.307|-5617.987 3905.148|-5616.428 3901.078|-5614.694 3897.275|-5612.730 3893.595|-5610.535 3890.037|-5608.116 3886.623|-5605.495 3883.376|-5602.678 3880.296|-5599.672 3877.394|-5596.491 3874.681|-5593.150 3872.179|-5589.654 3869.888|-5586.019 3867.820|-5582.265 3865.985|-5578.407 3864.384|-5574.457 3863.027|-5570.424 3861.915|-5566.334 3861.059|-5562.685 3860.336|-5559.071 3859.447|-5555.506 3858.402|-5551.983 3857.212|-5548.515 3855.855|-5545.111 3854.354|-5541.777 3852.709|-5538.512 3850.918|-5535.338 3848.995|-5532.242 3846.926|-5529.243 3844.725|-5526.342 3842.401|-5523.545 3839.943|-5520.861 3837.375|-5518.289 3834.684|-5515.842 3831.893|-5513.514 3828.991|-5511.312 3825.988|-5509.250 3822.897|-5507.321 3819.717|-5505.531 3816.459|-5503.888 3813.123|-5502.392 3809.721|-5501.043 3806.262|-5499.848 3802.738|-5498.806 3799.168|-5497.925 3795.554|-5497.198 3791.918|-5496.632 3788.238|-5496.227 3784.546|-5495.989 3780.832|-5495.905 3777.118|-5495.730 3773.538|-5495.206 3769.991|-5494.332 3766.521|-5493.130 3763.141|-5491.599 3759.905|-5489.754 3756.836|-5487.621 3753.956|-5485.210 3751.299|-5482.560 3748.897|-5479.680 3746.762|-5476.604 3744.916|-5473.368 3743.382|-5469.991 3742.170|-5466.510 3741.302|-5462.966 3740.769|-5459.387 3740.591|-5438.583 3740.602
125 3437 42 ST NW,-5455.661 3775.628|-5489.278 3844.569|-5493.948 3854.454|-5498.380 3864.462|-5502.560 3874.558|-5506.489 3884.766|-5510.166 3895.063|-5513.584 3905.448|-5516.751 3915.923|-5519.652 3926.464|-5521.742 3934.770|-5523.671 3943.121|-5525.440 3951.516|-5527.048 3959.934|-5528.488 3968.373|-5529.767 3976.858|-5530.878 3985.353|-5531.829 3993.870|-5532.486 4000.742|-5533.185 4007.058|-5534.185 4013.318|-5535.499 4019.523|-5537.107 4025.661|-5539.022 4031.710|-5541.224 4037.670|-5543.720 4043.497|-5546.495 4049.212|-5555.890 4067.359|-5640.168 4055.639|-5621.035 3917.847|-5620.294 3913.554|-5619.280 3909.307|-5617.987 3905.148|-5616.428 3901.078|-5614.694 3897.275|-5612.730 3893.595|-5610.535 3890.037|-5608.116 3886.623|-5605.495 3883.376|-5602.678 3880.296|-5599.672 3877.394|-5596.491 3874.681|-5593.150 3872.179|-5589.654 3869.888|-5586.019 3867.820|-5582.265 3865.985|-5578.407 3864.384|-5574.457 3863.027|-5570.424 3861.915|-5566.334 3861.059|-5562.685 3860.336|-5559.071 3859.447|-5555.506 3858.402|-5551.983 3857.212|-5548.515 3855.855|-5545.111 3854.354|-5541.777 3852.709|-5538.512 3850.918|-5535.338 3848.995|-5532.242 3846.926|-5529.243 3844.725|-5526.342 3842.401|-5523.545 3839.943|-5520.861 3837.375|-5518.289 3834.684|-5515.842 3831.893|-5513.514 3828.991|-5511.312 3825.988|-5509.250 3822.897|-5507.321 3819.717|-5505.531 3816.459|-5503.888 3813.123|-5502.392 3809.721|-5501.043 3806.262|-5499.848 3802.738|-5498.806 3799.168|-5497.925 3795.554|-5497.198 3791.918|-5496.632 3788.238|-5496.227 3784.546|-5495.989 3780.832|-5495.905 3777.118|-5495.730 3773.538|-5495.206 3769.991|-5494.332 3766.521|-5493.130 3763.141|-5491.599 3759.905|-5489.754 3756.836|-5487.621 3753.956|-5485.210 3751.299|-5482.560 3748.897|-5479.680 3746.762|-5476.604 3744.916|-5473.368 3743.382|-5469.991 3742.170|-5466.510 3741.302|-5462.966 3740.769|-5459.387 3740.591|-5438.583 3740.602
126 3437 42 ST NW,-5455.661 3775.628|-5489.278 3844.569|-5493.948 3854.454|-5498.380 3864.462|-5502.560 3874.558|-5506.489 3884.766|-5510.166 3895.063|-5513.584 3905.448|-5516.751 3915.923|-5519.652 3926.464|-5521.742 3934.770|-5523.671 3943.121|-5525.440 3951.516|-5527.048 3959.934|-5528.488 3968.373|-5529.767 3976.858|-5530.878 3985.353|-5531.829 3993.870|-5532.486 4000.742|-5533.185 4007.058|-5534.185 4013.318|-5535.499 4019.523|-5537.107 4025.661|-5539.022 4031.710|-5541.224 4037.670|-5543.720 4043.497|-5546.495 4049.212|-5555.890 4067.359|-5640.168 4055.639|-5621.035 3917.847|-5620.294 3913.554|-5619.280 3909.307|-5617.987 3905.148|-5616.428 3901.078|-5614.694 3897.275|-5612.730 3893.595|-5610.535 3890.037|-5608.116 3886.623|-5605.495 3883.376|-5602.678 3880.296|-5599.672 3877.394|-5596.491 3874.681|-5593.150 3872.179|-5589.654 3869.888|-5586.019 3867.820|-5582.265 3865.985|-5578.407 3864.384|-5574.457 3863.027|-5570.424 3861.915|-5566.334 3861.059|-5562.685 3860.336|-5559.071 3859.447|-5555.506 3858.402|-5551.983 3857.212|-5548.515 3855.855|-5545.111 3854.354|-5541.777 3852.709|-5538.512 3850.918|-5535.338 3848.995|-5532.242 3846.926|-5529.243 3844.725|-5526.342 3842.401|-5523.545 3839.943|-5520.861 3837.375|-5518.289 3834.684|-5515.842 3831.893|-5513.514 3828.991|-5511.312 3825.988|-5509.250 3822.897|-5507.321 3819.717|-5505.531 3816.459|-5503.888 3813.123|-5502.392 3809.721|-5501.043 3806.262|-5499.848 3802.738|-5498.806 3799.168|-5497.925 3795.554|-5497.198 3791.918|-5496.632 3788.238|-5496.227 3784.546|-5495.989 3780.832|-5495.905 3777.118|-5495.730 3773.538|-5495.206 3769.991|-5494.332 3766.521|-5493.130 3763.141|-5491.599 3759.905|-5489.754 3756.836|-5487.621 3753.956|-5485.210 3751.299|-5482.560 3748.897|-5479.680 3746.762|-5476.604 3744.916|-5473.368 3743.382|-5469.991 3742.170|-5466.510 3741.302|-5462.966 3740.769|-5459.387 3740.591|-5438.583 3740.602
127 3437 42 ST NW,-5455.661 3775.628|-5489.278 3844.569|-5493.948 3854.454|-5498.380 3864.462|-5502.560 3874.558|-5506.489 3884.766|-5510.166 3895.063|-5513.584 3905.448|-5516.751 3915.923|-5519.652 3926.464|-5521.742 3934.770|-5523.671 3943.121|-5525.440 3951.516|-5527.048 3959.934|-5528.488 3968.373|-5529.767 3976.858|-5530.878 3985.353|-5531.829 3993.870|-5532.486 4000.742|-5533.185 4007.058|-5534.185 4013.318|-5535.499 4019.523|-5537.107 4025.661|-5539.022 4031.710|-5541.224 4037.670|-5543.720 4043.497|-5546.495 4049.212|-5555.890 4067.359|-5640.168 4055.639|-5621.035 3917.847|-5620.294 3913.554|-5619.280 3909.307|-5617.987 3905.148|-5616.428 3901.078|-5614.694 3897.275|-5612.730 3893.595|-5610.535 3890.037|-5608.116 3886.623|-5605.495 3883.376|-5602.678 3880.296|-5599.672 3877.394|-5596.491 3874.681|-5593.150 3872.179|-5589.654 3869.888|-5586.019 3867.820|-5582.265 3865.985|-5578.407 3864.384|-5574.457 3863.027|-5570.424 3861.915|-5566.334 3861.059|-5562.685 3860.336|-5559.071 3859.447|-5555.506 3858.402|-5551.983 3857.212|-5548.515 3855.855|-5545.111 3854.354|-5541.777 3852.709|-5538.512 3850.918|-5535.338 3848.995|-5532.242 3846.926|-5529.243 3844.725|-5526.342 3842.401|-5523.545 3839.943|-5520.861 3837.375|-5518.289 3834.684|-5515.842 3831.893|-5513.514 3828.991|-5511.312 3825.988|-5509.250 3822.897|-5507.321 3819.717|-5505.531 3816.459|-5503.888 3813.123|-5502.392 3809.721|-5501.043 3806.262|-5499.848 3802.738|-5498.806 3799.168|-5497.925 3795.554|-5497.198 3791.918|-5496.632 3788.238|-5496.227 3784.546|-5495.989 3780.832|-5495.905 3777.118|-5495.730 3773.538|-5495.206 3769.991|-5494.332 3766.521|-5493.130 3763.141|-5491.599 3759.905|-5489.754 3756.836|-5487.621 3753.956|-5485.210 3751.299|-5482.560 3748.897|-5479.680 3746.762|-5476.604 3744.916|-5473.368 3743.382|-5469.991 3742.170|-5466.510 3741.302|-5462.966 3740.769|-5459.387 3740.591|-5438.583 3740.602
128 3437 42 ST NW,-5455.661 3775.628|-5489.278 3844.569|-5493.948 3854.454|-5498.380 3864.462|-5502.560 3874.558|-5506.489 3884.766|-5510.166 3895.063|-5513.584 3905.448|-5516.751 3915.923|-5519.652 3926.464|-5521.742 3934.770|-5523.671 3943.121|-5525.440 3951.516|-5527.048 3959.934|-5528.488 3968.373|-5529.767 3976.858|-5530.878 3985.353|-5531.829 3993.870|-5532.486 4000.742|-5533.185 4007.058|-5534.185 4013.318|-5535.499 4019.523|-5537.107 4025.661|-5539.022 4031.710|-5541.224 4037.670|-5543.720 4043.497|-5546.495 4049.212|-5555.890 4067.359|-5640.168 4055.639|-5621.035 3917.847|-5620.294 3913.554|-5619.280 3909.307|-5617.987 3905.148|-5616.428 3901.078|-5614.694 3897.275|-5612.730 3893.595|-5610.535 3890.037|-5608.116 3886.623|-5605.495 3883.376|-5602.678 3880.296|-5599.672 3877.394|-5596.491 3874.681|-5593.150 3872.179|-5589.654 3869.888|-5586.019 3867.820|-5582.265 3865.985|-5578.407 3864.384|-5574.457 3863.027|-5570.424 3861.915|-5566.334 3861.059|-5562.685 3860.336|-5559.071 3859.447|-5555.506 3858.402|-5551.983 3857.212|-5548.515 3855.855|-5545.111 3854.354|-5541.777 3852.709|-5538.512 3850.918|-5535.338 3848.995|-5532.242 3846.926|-5529.243 3844.725|-5526.342 3842.401|-5523.545 3839.943|-5520.861 3837.375|-5518.289 3834.684|-5515.842 3831.893|-5513.514 3828.991|-5511.312 3825.988|-5509.250 3822.897|-5507.321 3819.717|-5505.531 3816.459|-5503.888 3813.123|-5502.392 3809.721|-5501.043 3806.262|-5499.848 3802.738|-5498.806 3799.168|-5497.925 3795.554|-5497.198 3791.918|-5496.632 3788.238|-5496.227 3784.546|-5495.989 3780.832|-5495.905 3777.118|-5495.730 3773.538|-5495.206 3769.991|-5494.332 3766.521|-5493.130 3763.141|-5491.599 3759.905|-5489.754 3756.836|-5487.621 3753.956|-5485.210 3751.299|-5482.560 3748.897|-5479.680 3746.762|-5476.604 3744.916|-5473.368 3743.382|-5469.991 3742.170|-5466.510 3741.302|-5462.966 3740.769|-5459.387 3740.591|-5438.583 3740.602
129 3437 42 ST NW,-5455.661 3775.628|-5489.278 3844.569|-5493.948 3854.454|-5498.380 3864.462|-5502.560 3874.558|-5506.489 3884.766|-5510.166 3895.063|-5513.584 3905.448|-5516.751 3915.923|-5519.652 3926.464|-5521.742 3934.770|-5523.671 3943.121|-5525.440 3951.516|-5527.048 3959.934|-5528.488 3968.373|-5529.767 3976.858|-5530.878 3985.353|-5531.829 3993.870|-5532.486 4000.742|-5533.185 4007.058|-5534.185 4013.318|-5535.499 4019.523|-5537.107 4025.661|-5539.022 4031.710|-5541.224 4037.670|-5543.720 4043.497|-5546.495 4049.212|-5555.890 4067.359|-5640.168 4055.639|-5621.035 3917.847|-5620.294 3913.554|-5619.280 3909.307|-5617.987 3905.148|-5616.428 3901.078|-5614.694 3897.275|-5612.730 3893.595|-5610.535 3890.037|-5608.116 3886.623|-5605.495 3883.376|-5602.678 3880.296|-5599.672 3877.394|-5596.491 3874.681|-5593.150 3872.179|-5589.654 3869.888|-5586.019 3867.820|-5582.265 3865.985|-5578.407 3864.384|-5574.457 3863.027|-5570.424 3861.915|-5566.334 3861.059|-5562.685 3860.336|-5559.071 3859.447|-5555.506 3858.402|-5551.983 3857.212|-5548.515 3855.855|-5545.111 3854.354|-5541.777 3852.709|-5538.512 3850.918|-5535.338 3848.995|-5532.242 3846.926|-5529.243 3844.725|-5526.342 3842.401|-5523.545 3839.943|-5520.861 3837.375|-5518.289 3834.684|-5515.842 3831.893|-5513.514 3828.991|-5511.312 3825.988|-5509.250 3822.897|-5507.321 3819.717|-5505.531 3816.459|-5503.888 3813.123|-5502.392 3809.721|-5501.043 3806.262|-5499.848 3802.738|-5498.806 3799.168|-5497.925 3795.554|-5497.198 3791.918|-5496.632 3788.238|-5496.227 3784.546|-5495.989 3780.832|-5495.905 3777.118|-5495.730 3773.538|-5495.206 3769.991|-5494.332 3766.521|-5493.130 3763.141|-5491.599 3759.905|-5489.754 3756.836|-5487.621 3753.956|-5485.210 3751.299|-5482.560 3748.897|-5479.680 3746.762|-5476.604 3744.916|-5473.368 3743.382|-5469.991 3742.170|-5466.510 3741.302|-5462.966 3740.769|-5459.387 3740.591|-5438.583 3740.602
130 3437 42 ST NW,-5455.661 3775.628|-5489.278 3844.569|-5493.948 3854.454|-5498.380 3864.462|-5502.560 3874.558|-5506.489 3884.766|-5510.166 3895.063|-5513.584 3905.448|-5516.751 3915.923|-5519.652 3926.464|-5521.742 3934.770|-5523.671 3943.121|-5525.440 3951.516|-5527.048 3959.934|-5528.488 3968.373|-5529.767 3976.858|-5530.878 3985.353|-5531.829 3993.870|-5532.486 4000.742|-5533.185 4007.058|-5534.185 4013.318|-5535.499 4019.523|-5537.107 4025.661|-5539.022 4031.710|-5541.224 4037.670|-5543.720 4043.497|-5546.495 4049.212|-5555.890 4067.359|-5640.168 4055.639|-5621.035 3917.847|-5620.294 3913.554|-5619.280 3909.307|-5617.987 3905.148|-5616.428 3901.078|-5614.694 3897.275|-5612.730 3893.595|-5610.535 3890.037|-5608.116 3886.623|-5605.495 3883.376|-5602.678 3880.296|-5599.672 3877.394|-5596.491 3874.681|-5593.150 3872.179|-5589.654 3869.888|-5586.019 3867.820|-5582.265 3865.985|-5578.407 3864.384|-5574.457 3863.027|-5570.424 3861.915|-5566.334 3861.059|-5562.685 3860.336|-5559.071 3859.447|-5555.506 3858.402|-5551.983 3857.212|-5548.515 3855.855|-5545.111 3854.354|-5541.777 3852.709|-5538.512 3850.918|-5535.338 3848.995|-5532.242 3846.926|-5529.243 3844.725|-5526.342 3842.401|-5523.545 3839.943|-5520.861 3837.375|-5518.289 3834.684|-5515.842 3831.893|-5513.514 3828.991|-5511.312 3825.988|-5509.250 3822.897|-5507.321 3819.717|-5505.531 3816.459|-5503.888 3813.123|-5502.392 3809.721|-5501.043 3806.262|-5499.848 3802.738|-5498.806 3799.168|-5497.925 3795.554|-5497.198 3791.918|-5496.632 3788.238|-5496.227 3784.546|-5495.989 3780.832|-5495.905 3777.118|-5495.730 3773.538|-5495.206 3769.991|-5494.332 3766.521|-5493.130 3763.141|-5491.599 3759.905|-5489.754 3756.836|-5487.621 3753.956|-5485.210 3751.299|-5482.560 3748.897|-5479.680 3746.762|-5476.604 3744.916|-5473.368 3743.382|-5469.991 3742.170|-5466.510 3741.302|-5462.966 3740.769|-5459.387 3740.591|-5438.583 3740.602
131 3437 42 ST NW,-5455.661 3775.628|-5489.278 3844.569|-5493.948 3854.454|-5498.380 3864.462|-5502.560 3874.558|-5506.489 3884.766|-5510.166 3895.063|-5513.584 3905.448|-5516.751 3915.923|-5519.652 3926.464|-5521.742 3934.770|-5523.671 3943.121|-5525.440 3951.516|-5527.048 3959.934|-5528.488 3968.373|-5529.767 3976.858|-5530.878 3985.353|-5531.829 3993.870|-5532.486 4000.742|-5533.185 4007.058|-5534.185 4013.318|-5535.499 4019.523|-5537.107 4025.661|-5539.022 4031.710|-5541.224 4037.670|-5543.720 4043.497|-5546.495 4049.212|-5555.890 4067.359|-5640.168 4055.639|-5621.035 3917.847|-5620.294 3913.554|-5619.280 3909.307|-5617.987 3905.148|-5616.428 3901.078|-5614.694 3897.275|-5612.730 3893.595|-5610.535 3890.037|-5608.116 3886.623|-5605.495 3883.376|-5602.678 3880.296|-5599.672 3877.394|-5596.491 3874.681|-5593.150 3872.179|-5589.654 3869.888|-5586.019 3867.820|-5582.265 3865.985|-5578.407 3864.384|-5574.457 3863.027|-5570.424 3861.915|-5566.334 3861.059|-5562.685 3860.336|-5559.071 3859.447|-5555.506 3858.402|-5551.983 3857.212|-5548.515 3855.855|-5545.111 3854.354|-5541.777 3852.709|-5538.512 3850.918|-5535.338 3848.995|-5532.242 3846.926|-5529.243 3844.725|-5526.342 3842.401|-5523.545 3839.943|-5520.861 3837.375|-5518.289 3834.684|-5515.842 3831.893|-5513.514 3828.991|-5511.312 3825.988|-5509.250 3822.897|-5507.321 3819.717|-5505.531 3816.459|-5503.888 3813.123|-5502.392 3809.721|-5501.043 3806.262|-5499.848 3802.738|-5498.806 3799.168|-5497.925 3795.554|-5497.198 3791.918|-5496.632 3788.238|-5496.227 3784.546|-5495.989 3780.832|-5495.905 3777.118|-5495.730 3773.538|-5495.206 3769.991|-5494.332 3766.521|-5493.130 3763.141|-5491.599 3759.905|-5489.754 3756.836|-5487.621 3753.956|-5485.210 3751.299|-5482.560 3748.897|-5479.680 3746.762|-5476.604 3744.916|-5473.368 3743.382|-5469.991 3742.170|-5466.510 3741.302|-5462.966 3740.769|-5459.387 3740.591|-5438.583 3740.602
132 3437 42 ST NW,-5455.661 3775.628|-5489.278 3844.569|-5493.948 3854.454|-5498.380 3864.462|-5502.560 3874.558|-5506.489 3884.766|-5510.166 3895.063|-5513.584 3905.448|-5516.751 3915.923|-5519.652 3926.464|-5521.742 3934.770|-5523.671 3943.121|-5525.440 3951.516|-5527.048 3959.934|-5528.488 3968.373|-5529.767 3976.858|-5530.878 3985.353|-5531.829 3993.870|-5532.486 4000.742|-5533.185 4007.058|-5534.185 4013.318|-5535.499 4019.523|-5537.107 4025.661|-5539.022 4031.710|-5541.224 4037.670|-5543.720 4043.497|-5546.495 4049.212|-5555.890 4067.359|-5640.168 4055.639|-5621.035 3917.847|-5620.294 3913.554|-5619.280 3909.307|-5617.987 3905.148|-5616.428 3901.078|-5614.694 3897.275|-5612.730 3893.595|-5610.535 3890.037|-5608.116 3886.623|-5605.495 3883.376|-5602.678 3880.296|-5599.672 3877.394|-5596.491 3874.681|-5593.150 3872.179|-5589.654 3869.888|-5586.019 3867.820|-5582.265 3865.985|-5578.407 3864.384|-5574.457 3863.027|-5570.424 3861.915|-5566.334 3861.059|-5562.685 3860.336|-5559.071 3859.447|-5555.506 3858.402|-5551.983 3857.212|-5548.515 3855.855|-5545.111 3854.354|-5541.777 3852.709|-5538.512 3850.918|-5535.338 3848.995|-5532.242 3846.926|-5529.243 3844.725|-5526.342 3842.401|-5523.545 3839.943|-5520.861 3837.375|-5518.289 3834.684|-5515.842 3831.893|-5513.514 3828.991|-5511.312 3825.988|-5509.250 3822.897|-5507.321 3819.717|-5505.531 3816.459|-5503.888 3813.123|-5502.392 3809.721|-5501.043 3806.262|-5499.848 3802.738|-5498.806 3799.168|-5497.925 3795.554|-5497.198 3791.918|-5496.632 3788.238|-5496.227 3784.546|-5495.989 3780.832|-5495.905 3777.118|-5495.730 3773.538|-5495.206 3769.991|-5494.332 3766.521|-5493.130 3763.141|-5491.599 3759.905|-5489.754 3756.836|-5487.621 3753.956|-5485.210 3751.299|-5482.560 3748.897|-5479.680 3746.762|-5476.604 3744.916|-5473.368 3743.382|-5469.991 3742.170|-5466.510 3741.302|-5462.966 3740.769|-5459.387 3740.591|-5438.583 3740.602
133 3437 42 ST NW,-5455.661 3775.628|-5489.278 3844.569|-5493.948 3854.454|-5498.380 3864.462|-5502.560 3874.558|-5506.489 3884.766|-5510.166 3895.063|-5513.584 3905.448|-5516.751 3915.923|-5519.652 3926.464|-5521.742 3934.770|-5523.671 3943.121|-5525.440 3951.516|-5527.048 3959.934|-5528.488 3968.373|-5529.767 3976.858|-5530.878 3985.353|-5531.829 3993.870|-5532.486 4000.742|-5533.185 4007.058|-5534.185 4013.318|-5535.499 4019.523|-5537.107 4025.661|-5539.022 4031.710|-5541.224 4037.670|-5543.720 4043.497|-5546.495 4049.212|-5555.890 4067.359|-5640.168 4055.639|-5621.035 3917.847|-5620.294 3913.554|-5619.280 3909.307|-5617.987 3905.148|-5616.428 3901.078|-5614.694 3897.275|-5612.730 3893.595|-5610.535 3890.037|-5608.116 3886.623|-5605.495 3883.376|-5602.678 3880.296|-5599.672 3877.394|-5596.491 3874.681|-5593.150 3872.179|-5589.654 3869.888|-5586.019 3867.820|-5582.265 3865.985|-5578.407 3864.384|-5574.457 3863.027|-5570.424 3861.915|-5566.334 3861.059|-5562.685 3860.336|-5559.071 3859.447|-5555.506 3858.402|-5551.983 3857.212|-5548.515 3855.855|-5545.111 3854.354|-5541.777 3852.709|-5538.512 3850.918|-5535.338 3848.995|-5532.242 3846.926|-5529.243 3844.725|-5526.342 3842.401|-5523.545 3839.943|-5520.861 3837.375|-5518.289 3834.684|-5515.842 3831.893|-5513.514 3828.991|-5511.312 3825.988|-5509.250 3822.897|-5507.321 3819.717|-5505.531 3816.459|-5503.888 3813.123|-5502.392 3809.721|-5501.043 3806.262|-5499.848 3802.738|-5498.806 3799.168|-5497.925 3795.554|-5497.198 3791.918|-5496.632 3788.238|-5496.227 3784.546|-5495.989 3780.832|-5495.905 3777.118|-5495.730 3773.538|-5495.206 3769.991|-5494.332 3766.521|-5493.130 3763.141|-5491.599 3759.905|-5489.754 3756.836|-5487.621 3753.956|-5485.210 3751.299|-5482.560 3748.897|-5479.680 3746.762|-5476.604 3744.916|-5473.368 3743.382|-5469.991 3742.170|-5466.510 3741.302|-5462.966 3740.769|-5459.387 3740.591|-5438.583 3740.602
134 3437 42 ST NW,-5455.661 3775.628|-5489.278 3844.569|-5493.948 3854.454|-5498.380 3864.462|-5502.560 3874.558|-5506.489 3884.766|-5510.166 3895.063|-5513.584 3905.448|-5516.751 3915.923|-5519.652 3926.464|-5521.742 3934.770|-5523.671 3943.121|-5525.440 3951.516|-5527.048 3959.934|-5528.488 3968.373|-5529.767 3976.858|-5530.878 3985.353|-5531.829 3993.870|-5532.486 4000.742|-5533.185 4007.058|-5534.185 4013.318|-5535.499 4019.523|-5537.107 4025.661|-5539.022 4031.710|-5541.224 4037.670|-5543.720 4043.497|-5546.495 4049.212|-5555.890 4067.359|-5640.168 4055.639|-5621.035 3917.847|-5620.294 3913.554|-5619.280 3909.307|-5617.987 3905.148|-5616.428 3901.078|-5614.694 3897.275|-5612.730 3893.595|-5610.535 3890.037|-5608.116 3886.623|-5605.495 3883.376|-5602.678 3880.296|-5599.672 3877.394|-5596.491 3874.681|-5593.150 3872.179|-5589.654 3869.888|-5586.019 3867.820|-5582.265 3865.985|-5578.407 3864.384|-5574.457 3863.027|-5570.424 3861.915|-5566.334 3861.059|-5562.685 3860.336|-5559.071 3859.447|-5555.506 3858.402|-5551.983 3857.212|-5548.515 3855.855|-5545.111 3854.354|-5541.777 3852.709|-5538.512 3850.918|-5535.338 3848.995|-5532.242 3846.926|-5529.243 3844.725|-5526.342 3842.401|-5523.545 3839.943|-5520.861 3837.375|-5518.289 3834.684|-5515.842 3831.893|-5513.514 3828.991|-5511.312 3825.988|-5509.250 3822.897|-5507.321 3819.717|-5505.531 3816.459|-5503.888 3813.123|-5502.392 3809.721|-5501.043 3806.262|-5499.848 3802.738|-5498.806 3799.168|-5497.925 3795.554|-5497.198 3791.918|-5496.632 3788.238|-5496.227 3784.546|-5495.989 3780.832|-5495.905 3777.118|-5495.730 3773.538|-5495.206 3769.991|-5494.332 3766.521|-5493.130 3763.141|-5491.599 3759.905|-5489.754 3756.836|-5487.621 3753.956|-5485.210 3751.299|-5482.560 3748.897|-5479.680 3746.762|-5476.604 3744.916|-5473.368 3743.382|-5469.991 3742.170|-5466.510 3741.302|-5462.966 3740.769|-5459.387 3740.591|-5438.583 3740.602
135 3437 42 ST NW,-5455.661 3775.628|-5489.278 3844.569|-5493.948 3854.454|-5498.380 3864.462|-5502.560 3874.558|-5506.489 3884.766|-5510.166 3895.063|-5513.584 3905.448|-5516.751 3915.923|-5519.652 3926.464|-5521.742 3934.770|-5523.671 3943.121|-5525.440 3951.516|-5527.048 3959.934|-5528.488 3968.373|-5529.767 3976.858|-5530.878 3985.353|-5531.829 3993.870|-5532.486 4000.742|-5533.185 4007.058|-5534.185 4013.318|-5535.499 4019.523|-5537.107 4025.661|-5539.022 4031.710|-5541.224 4037.670|-5543.720 4043.497|-5546.495 4049.212|-5555.890 4067.359|-5640.168 4055.639|-5621.035 3917.847|-5620.294 3913.554|-5619.280 3909.307|-5617.987 3905.148|-5616.428 3901.078|-5614.694 3897.275|-5612.730 3893.595|-5610.535 3890.037|-5608.116 3886.623|-5605.495 3883.376|-5602.678 3880.296|-5599.672 3877.394|-5596.491 3874.681|-5593.150 3872.179|-5589.654 3869.888|-5586.019 3867.820|-5582.265 3865.985|-5578.407 3864.384|-5574.457 3863.027|-5570.424 3861.915|-5566.334 3861.059|-5562.685 3860.336|-5559.071 3859.447|-5555.506 3858.402|-5551.983 3857.212|-5548.515 3855.855|-5545.111 3854.354|-5541.777 3852.709|-5538.512 3850.918|-5535.338 3848.995|-5532.242 3846.926|-5529.243 3844.725|-5526.342 3842.401|-5523.545 3839.943|-5520.861 3837.375|-5518.289 3834.684|-5515.842 3831.893|-5513.514 3828.991|-5511.312 3825.988|-5509.250 3822.897|-5507.321 3819.717|-5505.531 3816.459|-5503.888 3813.123|-5502.392 3809.721|-5501.043 3806.262|-5499.848 3802.738|-5498.806 3799.168|-5497.925 3795.554|-5497.198 3791.918|-5496.632 3788.238|-5496.227 3784.546|-5495.989 3780.832|-5495.905 3777.118|-5495.730 3773.538|-5495.206 3769.991|-5494.332 3766.521|-5493.130 3763.141|-5491.599 3759.905|-5489.754 3756.836|-5487.621 3753.956|-5485.210 3751.299|-5482.560 3748.897|-5479.680 3746.762|-5476.604 3744.916|-5473.368 3743.382|-5469.991 3742.170|-5466.510 3741.302|-5462.966 3740.769|-5459.387 3740.591|-5438.583 3740.602
136 3437 42 ST NW,-5455.661 3775.628|-5489.278 3844.569|-5493.948 3854.454|-5498.380 3864.462|-5502.560 3874.558|-5506.489 3884.766|-5510.166 3895.063|-5513.584 3905.448|-5516.751 3915.923|-5519.652 3926.464|-5521.742 3934.770|-5523.671 3943.121|-5525.440 3951.516|-5527.048 3959.934|-5528.488 3968.373|-5529.767 3976.858|-5530.878 3985.353|-5531.829 3993.870|-5532.486 4000.742|-5533.185 4007.058|-5534.185 4013.318|-5535.499 4019.523|-5537.107 4025.661|-5539.022 4031.710|-5541.224 4037.670|-5543.720 4043.497|-5546.495 4049.212|-5555.890 4067.359|-5640.168 4055.639|-5621.035 3917.847|-5620.294 3913.554|-5619.280 3909.307|-5617.987 3905.148|-5616.428 3901.078|-5614.694 3897.275|-5612.730 3893.595|-5610.535 3890.037|-5608.116 3886.623|-5605.495 3883.376|-5602.678 3880.296|-5599.672 3877.394|-5596.491 3874.681|-5593.150 3872.179|-5589.654 3869.888|-5586.019 3867.820|-5582.265 3865.985|-5578.407 3864.384|-5574.457 3863.027|-5570.424 3861.915|-5566.334 3861.059|-5562.685 3860.336|-5559.071 3859.447|-5555.506 3858.402|-5551.983 3857.212|-5548.515 3855.855|-5545.111 3854.354|-5541.777 3852.709|-5538.512 3850.918|-5535.338 3848.995|-5532.242 3846.926|-5529.243 3844.725|-5526.342 3842.401|-5523.545 3839.943|-5520.861 3837.375|-5518.289 3834.684|-5515.842 3831.893|-5513.514 3828.991|-5511.312 3825.988|-5509.250 3822.897|-5507.321 3819.717|-5505.531 3816.459|-5503.888 3813.123|-5502.392 3809.721|-5501.043 3806.262|-5499.848 3802.738|-5498.806 3799.168|-5497.925 3795.554|-5497.198 3791.918|-5496.632 3788.238|-5496.227 3784.546|-5495.989 3780.832|-5495.905 3777.118|-5495.730 3773.538|-5495.206 3769.991|-5494.332 3766.521|-5493.130 3763.141|-5491.599 3759.905|-5489.754 3756.836|-5487.621 3753.956|-5485.210 3751.299|-5482.560 3748.897|-5479.680 3746.762|-5476.604 3744.916|-5473.368 3743.382|-5469.991 3742.170|-5466.510 3741.302|-5462.966 3740.769|-5459.387 3740.591|-5438.583 3740.602
137 3437 42 ST NW,-5455.661 3775.628|-5489.278 3844.569|-5493.948 3854.454|-5498.380 3864.462|-5502.560 3874.558|-5506.489 3884.766|-5510.166 3895.063|-5513.584 3905.448|-5516.751 3915.923|-5519.652 3926.464|-5521.742 3934.770|-5523.671 3943.121|-5525.440 3951.516|-5527.048 3959.934|-5528.488 3968.373|-5529.767 3976.858|-5530.878 3985.353|-5531.829 3993.870|-5532.486 4000.742|-5533.185 4007.058|-5534.185 4013.318|-5535.499 4019.523|-5537.107 4025.661|-5539.022 4031.710|-5541.224 4037.670|-5543.720 4043.497|-5546.495 4049.212|-5555.890 4067.359|-5640.168 4055.639|-5621.035 3917.847|-5620.294 3913.554|-5619.280 3909.307|-5617.987 3905.148|-5616.428 3901.078|-5614.694 3897.275|-5612.730 3893.595|-5610.535 3890.037|-5608.116 3886.623|-5605.495 3883.376|-5602.678 3880.296|-5599.672 3877.394|-5596.491 3874.681|-5593.150 3872.179|-5589.654 3869.888|-5586.019 3867.820|-5582.265 3865.985|-5578.407 3864.384|-5574.457 3863.027|-5570.424 3861.915|-5566.334 3861.059|-5562.685 3860.336|-5559.071 3859.447|-5555.506 3858.402|-5551.983 3857.212|-5548.515 3855.855|-5545.111 3854.354|-5541.777 3852.709|-5538.512 3850.918|-5535.338 3848.995|-5532.242 3846.926|-5529.243 3844.725|-5526.342 3842.401|-5523.545 3839.943|-5520.861 3837.375|-5518.289 3834.684|-5515.842 3831.893|-5513.514 3828.991|-5511.312 3825.988|-5509.250 3822.897|-5507.321 3819.717|-5505.531 3816.459|-5503.888 3813.123|-5502.392 3809.721|-5501.043 3806.262|-5499.848 3802.738|-5498.806 3799.168|-5497.925 3795.554|-5497.198 3791.918|-5496.632 3788.238|-5496.227 3784.546|-5495.989 3780.832|-5495.905 3777.118|-5495.730 3773.538|-5495.206 3769.991|-5494.332 3766.521|-5493.130 3763.141|-5491.599 3759.905|-5489.754 3756.836|-5487.621 3753.956|-5485.210 3751.299|-5482.560 3748.897|-5479.680 3746.762|-5476.604 3744.916|-5473.368 3743.382|-5469.991 3742.170|-5466.510 3741.302|-5462.966 3740.769|-5459.387 3740.591|-5438.583 3740.602
138 3437 42 ST NW,-5455.661 3775.628|-5489.278 3844.569|-5493.948 3854.454|-5498.380 3864.462|-5502.560 3874.558|-5506.489 3884.766|-5510.166 3895.063|-5513.584 3905.448|-5516.751 3915.923|-5519.652 3926.464|-5521.742 3934.770|-5523.671 3943.121|-5525.440 3951.516|-5527.048 3959.934|-5528.488 3968.373|-5529.767 3976.858|-5530.878 3985.353|-5531.829 3993.870|-5532.486 4000.742|-5533.185 4007.058|-5534.185 4013.318|-5535.499 4019.523|-5537.107 4025.661|-5539.022 4031.710|-5541.224 4037.670|-5543.720 4043.497|-5546.495 4049.212|-5555.890 4067.359|-5640.168 4055.639|-5621.035 3917.847|-5620.294 3913.554|-5619.280 3909.307|-5617.987 3905.148|-5616.428 3901.078|-5614.694 3897.275|-5612.730 3893.595|-5610.535 3890.037|-5608.116 3886.623|-5605.495 3883.376|-5602.678 3880.296|-5599.672 3877.394|-5596.491 3874.681|-5593.150 3872.179|-5589.654 3869.888|-5586.019 3867.820|-5582.265 3865.985|-5578.407 3864.384|-5574.457 3863.027|-5570.424 3861.915|-5566.334 3861.059|-5562.685 3860.336|-5559.071 3859.447|-5555.506 3858.402|-5551.983 3857.212|-5548.515 3855.855|-5545.111 3854.354|-5541.777 3852.709|-5538.512 3850.918|-5535.338 3848.995|-5532.242 3846.926|-5529.243 3844.725|-5526.342 3842.401|-5523.545 3839.943|-5520.861 3837.375|-5518.289 3834.684|-5515.842 3831.893|-5513.514 3828.991|-5511.312 3825.988|-5509.250 3822.897|-5507.321 3819.717|-5505.531 3816.459|-5503.888 3813.123|-5502.392 3809.721|-5501.043 3806.262|-5499.848 3802.738|-5498.806 3799.168|-5497.925 3795.554|-5497.198 3791.918|-5496.632 3788.238|-5496.227 3784.546|-5495.989 3780.832|-5495.905 3777.118|-5495.730 3773.538|-5495.206 3769.991|-5494.332 3766.521|-5493.130 3763.141|-5491.599 3759.905|-5489.754 3756.836|-5487.621 3753.956|-5485.210 3751.299|-5482.560 3748.897|-5479.680 3746.762|-5476.604 3744.916|-5473.368 3743.382|-5469.991 3742.170|-5466.510 3741.302|-5462.966 3740.769|-5459.387 3740.591|-5438.583 3740.602
139 3437 42 ST NW,-5455.661 3775.628|-5489.278 3844.569|-5493.948 3854.454|-5498.380 3864.462|-5502.560 3874.558|-5506.489 3884.766|-5510.166 3895.063|-5513.584 3905.448|-5516.751 3915.923|-5519.652 3926.464|-5521.742 3934.770|-5523.671 3943.121|-5525.440 3951.516|-5527.048 3959.934|-5528.488 3968.373|-5529.767 3976.858|-5530.878 3985.353|-5531.829 3993.870|-5532.486 4000.742|-5533.185 4007.058|-5534.185 4013.318|-5535.499 4019.523|-5537.107 4025.661|-5539.022 4031.710|-5541.224 4037.670|-5543.720 4043.497|-5546.495 4049.212|-5555.890 4067.359|-5640.168 4055.639|-5621.035 3917.847|-5620.294 3913.554|-5619.280 3909.307|-5617.987 3905.148|-5616.428 3901.078|-5614.694 3897.275|-5612.730 3893.595|-5610.535 3890.037|-5608.116 3886.623|-5605.495 3883.376|-5602.678 3880.296|-5599.672 3877.394|-5596.491 3874.681|-5593.150 3872.179|-5589.654 3869.888|-5586.019 3867.820|-5582.265 3865.985|-5578.407 3864.384|-5574.457 3863.027|-5570.424 3861.915|-5566.334 3861.059|-5562.685 3860.336|-5559.071 3859.447|-5555.506 3858.402|-5551.983 3857.212|-5548.515 3855.855|-5545.111 3854.354|-5541.777 3852.709|-5538.512 3850.918|-5535.338 3848.995|-5532.242 3846.926|-5529.243 3844.725|-5526.342 3842.401|-5523.545 3839.943|-5520.861 3837.375|-5518.289 3834.684|-5515.842 3831.893|-5513.514 3828.991|-5511.312 3825.988|-5509.250 3822.897|-5507.321 3819.717|-5505.531 3816.459|-5503.888 3813.123|-5502.392 3809.721|-5501.043 3806.262|-5499.848 3802.738|-5498.806 3799.168|-5497.925 3795.554|-5497.198 3791.918|-5496.632 3788.238|-5496.227 3784.546|-5495.989 3780.832|-5495.905 3777.118|-5495.730 3773.538|-5495.206 3769.991|-5494.332 3766.521|-5493.130 3763.141|-5491.599 3759.905|-5489.754 3756.836|-5487.621 3753.956|-5485.210 3751.299|-5482.560 3748.897|-5479.680 3746.762|-5476.604 3744.916|-5473.368 3743.382|-5469.991 3742.170|-5466.510 3741.302|-5462.966 3740.769|-5459.387 3740.591|-5438.583 3740.602
140 3437 42 ST NW,-5455.661 3775.628|-5489.278 3844.569|-5493.948 3854.454|-5498.380 3864.462|-5502.560 3874.558|-5506.489 3884.766|-5510.166 3895.063|-5513.584 3905.448|-5516.751 3915.923|-5519.652 3926.464|-5521.742 3934.770|-5523.671 3943.121|-5525.440 3951.516|-5527.048 3959.934|-5528.488 3968.373|-5529.767 3976.858|-5530.878 3985.353|-5531.829 3993.870|-5532.486 4000.742|-5533.185 4007.058|-5534.185 4013.318|-5535.499 4019.523|-5537.107 4025.661|-5539.022 4031.710|-5541.224 4037.670|-5543.720 4043.497|-5546.495 4049.212|-5555.890 4067.359|-5640.168 4055.639|-5621.035 3917.847|-5620.294 3913.554|-5619.280 3909.307|-5617.987 3905.148|-5616.428 3901.078|-5614.694 3897.275|-5612.730 3893.595|-5610.535 3890.037|-5608.116 3886.623|-5605.495 3883.376|-5602.678 3880.296|-5599.672 3877.394|-5596.491 3874.681|-5593.150 3872.179|-5589.654 3869.888|-5586.019 3867.820|-5582.265 3865.985|-5578.407 3864.384|-5574.457 3863.027|-5570.424 3861.915|-5566.334 3861.059|-5562.685 3860.336|-5559.071 3859.447|-5555.506 3858.402|-5551.983 3857.212|-5548.515 3855.855|-5545.111 3854.354|-5541.777 3852.709|-5538.512 3850.918|-5535.338 3848.995|-5532.242 3846.926|-5529.243 3844.725|-5526.342 3842.401|-5523.545 3839.943|-5520.861 3837.375|-5518.289 3834.684|-5515.842 3831.893|-5513.514 3828.991|-5511.312 3825.988|-5509.250 3822.897|-5507.321 3819.717|-5505.531 3816.459|-5503.888 3813.123|-5502.392 3809.721|-5501.043 3806.262|-5499.848 3802.738|-5498.806 3799.168|-5497.925 3795.554|-5497.198 3791.918|-5496.632 3788.238|-5496.227 3784.546|-5495.989 3780.832|-5495.905 3777.118|-5495.730 3773.538|-5495.206 3769.991|-5494.332 3766.521|-5493.130 3763.141|-5491.599 3759.905|-5489.754 3756.836|-5487.621 3753.956|-5485.210 3751.299|-5482.560 3748.897|-5479.680 3746.762|-5476.604 3744.916|-5473.368 3743.382|-5469.991 3742.170|-5466.510 3741.302|-5462.966 3740.769|-5459.387 3740.591|-5438.583 3740.602
141 3437 42 ST NW,-5455.661 3775.628|-5489.278 3844.569|-5493.948 3854.454|-5498.380 3864.462|-5502.560 3874.558|-5506.489 3884.766|-5510.166 3895.063|-5513.584 3905.448|-5516.751 3915.923|-5519.652 3926.464|-5521.742 3934.770|-5523.671 3943.121|-5525.440 3951.516|-5527.048 3959.934|-5528.488 3968.373|-5529.767 3976.858|-5530.878 3985.353|-5531.829 3993.870|-5532.486 4000.742|-5533.185 4007.058|-5534.185 4013.318|-5535.499 4019.523|-5537.107 4025.661|-5539.022 4031.710|-5541.224 4037.670|-5543.720 4043.497|-5546.495 4049.212|-5555.890 4067.359|-5640.168 4055.639|-5621.035 3917.847|-5620.294 3913.554|-5619.280 3909.307|-5617.987 3905.148|-5616.428 3901.078|-5614.694 3897.275|-5612.730 3893.595|-5610.535 3890.037|-5608.116 3886.623|-5605.495 3883.376|-5602.678 3880.296|-5599.672 3877.394|-5596.491 3874.681|-5593.150 3872.179|-5589.654 3869.888|-5586.019 3867.820|-5582.265 3865.985|-5578.407 3864.384|-5574.457 3863.027|-5570.424 3861.915|-5566.334 3861.059|-5562.685 3860.336|-5559.071 3859.447|-5555.506 3858.402|-5551.983 3857.212|-5548.515 3855.855|-5545.111 3854.354|-5541.777 3852.709|-5538.512 3850.918|-5535.338 3848.995|-5532.242 3846.926|-5529.243 3844.725|-5526.342 3842.401|-5523.545 3839.943|-5520.861 3837.375|-5518.289 3834.684|-5515.842 3831.893|-5513.514 3828.991|-5511.312 3825.988|-5509.250 3822.897|-5507.321 3819.717|-5505.531 3816.459|-5503.888 3813.123|-5502.392 3809.721|-5501.043 3806.262|-5499.848 3802.738|-5498.806 3799.168|-5497.925 3795.554|-5497.198 3791.918|-5496.632 3788.238|-5496.227 3784.546|-5495.989 3780.832|-5495.905 3777.118|-5495.730 3773.538|-5495.206 3769.991|-5494.332 3766.521|-5493.130 3763.141|-5491.599 3759.905|-5489.754 3756.836|-5487.621 3753.956|-5485.210 3751.299|-5482.560 3748.897|-5479.680 3746.762|-5476.604 3744.916|-5473.368 3743.382|-5469.991 3742.170|-5466.510 3741.302|-5462.966 3740.769|-5459.387 3740.591|-5438.583 3740.602
142 3437 42 ST NW,-5455.661 3775.628|-5489.278 3844.569|-5493.948 3854.454|-5498.380 3864.462|-5502.560 3874.558|-5506.489 3884.766|-5510.166 3895.063|-5513.584 3905.448|-5516.751 3915.923|-5519.652 3926.464|-5521.742 3934.770|-5523.671 3943.121|-5525.440 3951.516|-5527.048 3959.934|-5528.488 3968.373|-5529.767 3976.858|-5530.878 3985.353|-5531.829 3993.870|-5532.486 4000.742|-5533.185 4007.058|-5534.185 4013.318|-5535.499 4019.523|-5537.107 4025.661|-5539.022 4031.710|-5541.224 4037.670|-5543.720 4043.497|-5546.495 4049.212|-5555.890 4067.359|-5640.168 4055.639|-5621.035 3917.847|-5620.294 3913.554|-5619.280 3909.307|-5617.987 3905.148|-5616.428 3901.078|-5614.694 3897.275|-5612.730 3893.595|-5610.535 3890.037|-5608.116 3886.623|-5605.495 3883.376|-5602.678 3880.296|-5599.672 3877.394|-5596.491 3874.681|-5593.150 3872.179|-5589.654 3869.888|-5586.019 3867.820|-5582.265 3865.985|-5578.407 3864.384|-5574.457 3863.027|-5570.424 3861.915|-5566.334 3861.059|-5562.685 3860.336|-5559.071 3859.447|-5555.506 3858.402|-5551.983 3857.212|-5548.515 3855.855|-5545.111 3854.354|-5541.777 3852.709|-5538.512 3850.918|-5535.338 3848.995|-5532.242 3846.926|-5529.243 3844.725|-5526.342 3842.401|-5523.545 3839.943|-5520.861 3837.375|-5518.289 3834.684|-5515.842 3831.893|-5513.514 3828.991|-5511.312 3825.988|-5509.250 3822.897|-5507.321 3819.717|-5505.531 3816.459|-5503.888 3813.123|-5502.392 3809.721|-5501.043 3806.262|-5499.848 3802.738|-5498.806 3799.168|-5497.925 3795.554|-5497.198 3791.918|-5496.632 3788.238|-5496.227 3784.546|-5495.989 3780.832|-5495.905 3777.118|-5495.730 3773.538|-5495.206 3769.991|-5494.332 3766.521|-5493.130 3763.141|-5491.599 3759.905|-5489.754 3756.836|-5487.621 3753.956|-5485.210 3751.299|-5482.560 3748.897|-5479.680 3746.762|-5476.604 3744.916|-5473.368 3743.382|-5469.991 3742.170|-5466.510 3741.302|-5462.966 3740.769|-5459.387 3740.591|-5438.583 3740.602
143 3437 42 ST NW,-5455.661 3775.628|-5489.278 3844.569|-5493.948 3854.454|-5498.380 3864.462|-5502.560 3874.558|-5506.489 3884.766|-5510.166 3895.063|-5513.584 3905.448|-5516.751 3915.923|-5519.652 3926.464|-5521.742 3934.770|-5523.671 3943.121|-5525.440 3951.516|-5527.048 3959.934|-5528.488 3968.373|-5529.767 3976.858|-5530.878 3985.353|-5531.829 3993.870|-5532.486 4000.742|-5533.185 4007.058|-5534.185 4013.318|-5535.499 4019.523|-5537.107 4025.661|-5539.022 4031.710|-5541.224 4037.670|-5543.720 4043.497|-5546.495 4049.212|-5555.890 4067.359|-5640.168 4055.639|-5621.035 3917.847|-5620.294 3913.554|-5619.280 3909.307|-5617.987 3905.148|-5616.428 3901.078|-5614.694 3897.275|-5612.730 3893.595|-5610.535 3890.037|-5608.116 3886.623|-5605.495 3883.376|-5602.678 3880.296|-5599.672 3877.394|-5596.491 3874.681|-5593.150 3872.179|-5589.654 3869.888|-5586.019 3867.820|-5582.265 3865.985|-5578.407 3864.384|-5574.457 3863.027|-5570.424 3861.915|-5566.334 3861.059|-5562.685 3860.336|-5559.071 3859.447|-5555.506 3858.402|-5551.983 3857.212|-5548.515 3855.855|-5545.111 3854.354|-5541.777 3852.709|-5538.512 3850.918|-5535.338 3848.995|-5532.242 3846.926|-5529.243 3844.725|-5526.342 3842.401|-5523.545 3839.943|-5520.861 3837.375|-5518.289 3834.684|-5515.842 3831.893|-5513.514 3828.991|-5511.312 3825.988|-5509.250 3822.897|-5507.321 3819.717|-5505.531 3816.459|-5503.888 3813.123|-5502.392 3809.721|-5501.043 3806.262|-5499.848 3802.738|-5498.806 3799.168|-5497.925 3795.554|-5497.198 3791.918|-5496.632 3788.238|-5496.227 3784.546|-5495.989 3780.832|-5495.905 3777.118|-5495.730 3773.538|-5495.206 3769.991|-5494.332 3766.521|-5493.130 3763.141|-5491.599 3759.905|-5489.754 3756.836|-5487.621 3753.956|-5485.210 3751.299|-5482.560 3748.897|-5479.680 3746.762|-5476.604 3744.916|-5473.368 3743.382|-5469.991 3742.170|-5466.510 3741.302|-5462.966 3740.769|-5459.387 3740.591|-5438.583 3740.602
144 3437 42 ST NW,-5455.661 3775.628|-5489.278 3844.569|-5493.948 3854.454|-5498.380 3864.462|-5502.560 3874.558|-5506.489 3884.766|-5510.166 3895.063|-5513.584 3905.448|-5516.751 3915.923|-5519.652 3926.464|-5521.742 3934.770|-5523.671 3943.121|-5525.440 3951.516|-5527.048 3959.934|-5528.488 3968.373|-5529.767 3976.858|-5530.878 3985.353|-5531.829 3993.870|-5532.486 4000.742|-5533.185 4007.058|-5534.185 4013.318|-5535.499 4019.523|-5537.107 4025.661|-5539.022 4031.710|-5541.224 4037.670|-5543.720 4043.497|-5546.495 4049.212|-5555.890 4067.359|-5640.168 4055.639|-5621.035 3917.847|-5620.294 3913.554|-5619.280 3909.307|-5617.987 3905.148|-5616.428 3901.078|-5614.694 3897.275|-5612.730 3893.595|-5610.535 3890.037|-5608.116 3886.623|-5605.495 3883.376|-5602.678 3880.296|-5599.672 3877.394|-5596.491 3874.681|-5593.150 3872.179|-5589.654 3869.888|-5586.019 3867.820|-5582.265 3865.985|-5578.407 3864.384|-5574.457 3863.027|-5570.424 3861.915|-5566.334 3861.059|-5562.685 3860.336|-5559.071 3859.447|-5555.506 3858.402|-5551.983 3857.212|-5548.515 3855.855|-5545.111 3854.354|-5541.777 3852.709|-5538.512 3850.918|-5535.338 3848.995|-5532.242 3846.926|-5529.243 3844.725|-5526.342 3842.401|-5523.545 3839.943|-5520.861 3837.375|-5518.289 3834.684|-5515.842 3831.893|-5513.514 3828.991|-5511.312 3825.988|-5509.250 3822.897|-5507.321 3819.717|-5505.531 3816.459|-5503.888 3813.123|-5502.392 3809.721|-5501.043 3806.262|-5499.848 3802.738|-5498.806 3799.168|-5497.925 3795.554|-5497.198 3791.918|-5496.632 3788.238|-5496.227 3784.546|-5495.989 3780.832|-5495.905 3777.118|-5495.730 3773.538|-5495.206 3769.991|-5494.332 3766.521|-5493.130 3763.141|-5491.599 3759.905|-5489.754 3756.836|-5487.621 3753.956|-5485.210 3751.299|-5482.560 3748.897|-5479.680 3746.762|-5476.604 3744.916|-5473.368 3743.382|-5469.991 3742.170|-5466.510 3741.302|-5462.966 3740.769|-5459.387 3740.591|-5438.583 3740.602
145 3437 42 ST NW,-5455.661 3775.628|-5489.278 3844.569|-5493.948 3854.454|-5498.380 3864.462|-5502.560 3874.558|-5506.489 3884.766|-5510.166 3895.063|-5513.584 3905.448|-5516.751 3915.923|-5519.652 3926.464|-5521.742 3934.770|-5523.671 3943.121|-5525.440 3951.516|-5527.048 3959.934|-5528.488 3968.373|-5529.767 3976.858|-5530.878 3985.353|-5531.829 3993.870|-5532.486 4000.742|-5533.185 4007.058|-5534.185 4013.318|-5535.499 4019.523|-5537.107 4025.661|-5539.022 4031.710|-5541.224 4037.670|-5543.720 4043.497|-5546.495 4049.212|-5555.890 4067.359|-5640.168 4055.639|-5621.035 3917.847|-5620.294 3913.554|-5619.280 3909.307|-5617.987 3905.148|-5616.428 3901.078|-5614.694 3897.275|-5612.730 3893.595|-5610.535 3890.037|-5608.116 3886.623|-5605.495 3883.376|-5602.678 3880.296|-5599.672 3877.394|-5596.491 3874.681|-5593.150 3872.179|-5589.654 3869.888|-5586.019 3867.820|-5582.265 3865.985|-5578.407 3864.384|-5574.457 3863.027|-5570.424 3861.915|-5566.334 3861.059|-5562.685 3860.336|-5559.071 3859.447|-5555.506 3858.402|-5551.983 3857.212|-5548.515 3855.855|-5545.111 3854.354|-5541.777 3852.709|-5538.512 3850.918|-5535.338 3848.995|-5532.242 3846.926|-5529.243 3844.725|-5526.342 3842.401|-5523.545 3839.943|-5520.861 3837.375|-5518.289 3834.684|-5515.842 3831.893|-5513.514 3828.991|-5511.312 3825.988|-5509.250 3822.897|-5507.321 3819.717|-5505.531 3816.459|-5503.888 3813.123|-5502.392 3809.721|-5501.043 3806.262|-5499.848 3802.738|-5498.806 3799.168|-5497.925 3795.554|-5497.198 3791.918|-5496.632 3788.238|-5496.227 3784.546|-5495.989 3780.832|-5495.905 3777.118|-5495.730 3773.538|-5495.206 3769.991|-5494.332 3766.521|-5493.130 3763.141|-5491.599 3759.905|-5489.754 3756.836|-5487.621 3753.956|-5485.210 3751.299|-5482.560 3748.897|-5479.680 3746.762|-5476.604 3744.916|-5473.368 3743.382|-5469.991 3742.170|-5466.510 3741.302|-5462.966 3740.769|-5459.387 3740.591|-5438.583 3740.602
146 3437 42 ST NW,-5455.661 3775.628|-5489.278 3844.569|-5493.948 3854.454|-5498.380 3864.462|-5502.560 3874.558|-5506.489 3884.766|-5510.166 3895.063|-5513.584 3905.448|-5516.751 3915.923|-5519.652 3926.464|-5521.742 3934.770|-5523.671 3943.121|-5525.440 3951.516|-5527.048 3959.934|-5528.488 3968.373|-5529.767 3976.858|-5530.878 3985.353|-5531.829 3993.870|-5532.486 4000.742|-5533.185 4007.058|-5534.185 4013.318|-5535.499 4019.523|-5537.107 4025.661|-5539.022 4031.710|-5541.224 4037.670|-5543.720 4043.497|-5546.495 4049.212|-5555.890 4067.359|-5640.168 4055.639|-5621.035 3917.847|-5620.294 3913.554|-5619.280 3909.307|-5617.987 3905.148|-5616.428 3901.078|-5614.694 3897.275|-5612.730 3893.595|-5610.535 3890.037|-5608.116 3886.623|-5605.495 3883.376|-5602.678 3880.296|-5599.672 3877.394|-5596.491 3874.681|-5593.150 3872.179|-5589.654 3869.888|-5586.019 3867.820|-5582.265 3865.985|-5578.407 3864.384|-5574.457 3863.027|-5570.424 3861.915|-5566.334 3861.059|-5562.685 3860.336|-5559.071 3859.447|-5555.506 3858.402|-5551.983 3857.212|-5548.515 3855.855|-5545.111 3854.354|-5541.777 3852.709|-5538.512 3850.918|-5535.338 3848.995|-5532.242 3846.926|-5529.243 3844.725|-5526.342 3842.401|-5523.545 3839.943|-5520.861 3837.375|-5518.289 3834.684|-5515.842 3831.893|-5513.514 3828.991|-5511.312 3825.988|-5509.250 3822.897|-5507.321 3819.717|-5505.531 3816.459|-5503.888 3813.123|-5502.392 3809.721|-5501.043 3806.262|-5499.848 3802.738|-5498.806 3799.168|-5497.925 3795.554|-5497.198 3791.918|-5496.632 3788.238|-5496.227 3784.546|-5495.989 3780.832|-5495.905 3777.118|-5495.730 3773.538|-5495.206 3769.991|-5494.332 3766.521|-5493.130 3763.141|-5491.599 3759.905|-5489.754 3756.836|-5487.621 3753.956|-5485.210 3751.299|-5482.560 3748.897|-5479.680 3746.762|-5476.604 3744.916|-5473.368 3743.382|-5469.991 3742.170|-5466.510 3741.302|-5462.966 3740.769|-5459.387 3740.591|-5438.583 3740.602
147 3437 42 ST NW,-5455.661 3775.628|-5489.278 3844.569|-5493.948 3854.454|-5498.380 3864.462|-5502.560 3874.558|-5506.489 3884.766|-5510.166 3895.063|-5513.584 3905.448|-5516.751 3915.923|-5519.652 3926.464|-5521.742 3934.770|-5523.671 3943.121|-5525.440 3951.516|-5527.048 3959.934|-5528.488 3968.373|-5529.767 3976.858|-5530.878 3985.353|-5531.829 3993.870|-5532.486 4000.742|-5533.185 4007.058|-5534.185 4013.318|-5535.499 4019.523|-5537.107 4025.661|-5539.022 4031.710|-5541.224 4037.670|-5543.720 4043.497|-5546.495 4049.212|-5555.890 4067.359|-5640.168 4055.639|-5621.035 3917.847|-5620.294 3913.554|-5619.280 3909.307|-5617.987 3905.148|-5616.428 3901.078|-5614.694 3897.275|-5612.730 3893.595|-5610.535 3890.037|-5608.116 3886.623|-5605.495 3883.376|-5602.678 3880.296|-5599.672 3877.394|-5596.491 3874.681|-5593.150 3872.179|-5589.654 3869.888|-5586.019 3867.820|-5582.265 3865.985|-5578.407 3864.384|-5574.457 3863.027|-5570.424 3861.915|-5566.334 3861.059|-5562.685 3860.336|-5559.071 3859.447|-5555.506 3858.402|-5551.983 3857.212|-5548.515 3855.855|-5545.111 3854.354|-5541.777 3852.709|-5538.512 3850.918|-5535.338 3848.995|-5532.242 3846.926|-5529.243 3844.725|-5526.342 3842.401|-5523.545 3839.943|-5520.861 3837.375|-5518.289 3834.684|-5515.842 3831.893|-5513.514 3828.991|-5511.312 3825.988|-5509.250 3822.897|-5507.321 3819.717|-5505.531 3816.459|-5503.888 3813.123|-5502.392 3809.721|-5501.043 3806.262|-5499.848 3802.738|-5498.806 3799.168|-5497.925 3795.554|-5497.198 3791.918|-5496.632 3788.238|-5496.227 3784.546|-5495.989 3780.832|-5495.905 3777.118|-5495.730 3773.538|-5495.206 3769.991|-5494.332 3766.521|-5493.130 3763.141|-5491.599 3759.905|-5489.754 3756.836|-5487.621 3753.956|-5485.210 3751.299|-5482.560 3748.897|-5479.680 3746.762|-5476.604 3744.916|-5473.368 3743.382|-5469.991 3742.170|-5466.510 3741.302|-5462.966 3740.769|-5459.387 3740.591|-5438.583 3740.602
148 3437 42 ST NW,-5455.661 3775.628|-5489.278 3844.569|-5493.948 3854.454|-5498.380 3864.462|-5502.560 3874.558|-5506.489 3884.766|-5510.166 3895.063|-5513.584 3905.448|-5516.751 3915.923|-5519.652 3926.464|-5521.742 3934.770|-5523.671 3943.121|-5525.440 3951.516|-5527.048 3959.934|-5528.488 3968.373|-5529.767 3976.858|-5530.878 3985.353|-5531.829 3993.870|-5532.486 4000.742|-5533.185 4007.058|-5534.185 4013.318|-5535.499 4019.523|-5537.107 4025.661|-5539.022 4031.710|-5541.224 4037.670|-5543.720 4043.497|-5546.495 4049.212|-5555.890 4067.359|-5640.168 4055.639|-5621.035 3917.847|-5620.294 3913.554|-5619.280 3909.307|-5617.987 3905.148|-5616.428 3901.078|-5614.694 3897.275|-5612.730 3893.595|-5610.535 3890.037|-5608.116 3886.623|-5605.495 3883.376|-5602.678 3880.296|-5599.672 3877.394|-5596.491 3874.681|-5593.150 3872.179|-5589.654 3869.888|-5586.019 3867.820|-5582.265 3865.985|-5578.407 3864.384|-5574.457 3863.027|-5570.424 3861.915|-5566.334 3861.059|-5562.685 3860.336|-5559.071 3859.447|-5555.506 3858.402|-5551.983 3857.212|-5548.515 3855.855|-5545.111 3854.354|-5541.777 3852.709|-5538.512 3850.918|-5535.338 3848.995|-5532.242 3846.926|-5529.243 3844.725|-5526.342 3842.401|-5523.545 3839.943|-5520.861 3837.375|-5518.289 3834.684|-5515.842 3831.893|-5513.514 3828.991|-5511.312 3825.988|-5509.250 3822.897|-5507.321 3819.717|-5505.531 3816.459|-5503.888 3813.123|-5502.392 3809.721|-5501.043 3806.262|-5499.848 3802.738|-5498.806 3799.168|-5497.925 3795.554|-5497.198 3791.918|-5496.632 3788.238|-5496.227 3784.546|-5495.989 3780.832|-5495.905 3777.118|-5495.730 3773.538|-5495.206 3769.991|-5494.332 3766.521|-5493.130 3763.141|-5491.599 3759.905|-5489.754 3756.836|-5487.621 3753.956|-5485.210 3751.299|-5482.560 3748.897|-5479.680 3746.762|-5476.604 3744.916|-5473.368 3743.382|-5469.991 3742.170|-5466.510 3741.302|-5462.966 3740.769|-5459.387 3740.591|-5438.583 3740.602
149 3437 42 ST NW,-5455.661 3775.628|-5489.278 3844.569|-5493.948 3854.454|-5498.380 3864.462|-5502.560 3874.558|-5506.489 3884.766|-5510.166 3895.063|-5513.584 3905.448|-5516.751 3915.923|-5519.652 3926.464|-5521.742 3934.770|-5523.671 3943.121|-5525.440 3951.516|-5527.048 3959.934|-5528.488 3968.373|-5529.767 3976.858|-5530.878 3985.353|-5531.829 3993.870|-5532.486 4000.742|-5533.185 4007.058|-5534.185 4013.318|-5535.499 4019.523|-5537.107 4025.661|-5539.022 4031.710|-5541.224 4037.670|-5543.720 4043.497|-5546.495 4049.212|-5555.890 4067.359|-5640.168 4055.639|-5621.035 3917.847|-5620.294 3913.554|-5619.280 3909.307|-5617.987 3905.148|-5616.428 3901.078|-5614.694 3897.275|-5612.730 3893.595|-5610.535 3890.037|-5608.116 3886.623|-5605.495 3883.376|-5602.678 3880.296|-5599.672 3877.394|-5596.491 3874.681|-5593.150 3872.179|-5589.654 3869.888|-5586.019 3867.820|-5582.265 3865.985|-5578.407 3864.384|-5574.457 3863.027|-5570.424 3861.915|-5566.334 3861.059|-5562.685 3860.336|-5559.071 3859.447|-5555.506 3858.402|-5551.983 3857.212|-5548.515 3855.855|-5545.111 3854.354|-5541.777 3852.709|-5538.512 3850.918|-5535.338 3848.995|-5532.242 3846.926|-5529.243 3844.725|-5526.342 3842.401|-5523.545 3839.943|-5520.861 3837.375|-5518.289 3834.684|-5515.842 3831.893|-5513.514 3828.991|-5511.312 3825.988|-5509.250 3822.897|-5507.321 3819.717|-5505.531 3816.459|-5503.888 3813.123|-5502.392 3809.721|-5501.043 3806.262|-5499.848 3802.738|-5498.806 3799.168|-5497.925 3795.554|-5497.198 3791.918|-5496.632 3788.238|-5496.227 3784.546|-5495.989 3780.832|-5495.905 3777.118|-5495.730 3773.538|-5495.206 3769.991|-5494.332 3766.521|-5493.130 3763.141|-5491.599 3759.905|-5489.754 3756.836|-5487.621 3753.956|-5485.210 3751.299|-5482.560 3748.897|-5479.680 3746.762|-5476.604 3744.916|-5473.368 3743.382|-5469.991 3742.170|-5466.510 3741.302|-5462.966 3740.769|-5459.387 3740.591|-5438.583 3740.602
150 3437 42 ST NW,-5455.661 3775.628|-5489.278 3844.569|-5493.948 3854.454|-5498.380 3864.462|-5502.560 3874.558|-5506.489 3884.766|-5510.166 3895.063|-5513.584 3905.448|-5516.751 3915.923|-5519.652 3926.464|-5521.742 3934.770|-5523.671 3943.121|-5525.440 3951.516|-5527.048 3959.934|-5528.488 3968.373|-5529.767 3976.858|-5530.878 3985.353|-5531.829 3993.870|-5532.486 4000.742|-5533.185 4007.058|-5534.185 4013.318|-5535.499 4019.523|-5537.107 4025.661|-5539.022 4031.710|-5541.224 4037.670|-5543.720 4043.497|-5546.495 4049.212|-5555.890 4067.359|-5640.168 4055.639|-5621.035 3917.847|-5620.294 3913.554|-5619.280 3909.307|-5617.987 3905.148|-5616.428 3901.078|-5614.694 3897.275|-5612.730 3893.595|-5610.535 3890.037|-5608.116 3886.623|-5605.495 3883.376|-5602.678 3880.296|-5599.672 3877.394|-5596.491 3874.681|-5593.150 3872.179|-5589.654 3869.888|-5586.019 3867.820|-5582.265 3865.985|-5578.407 3864.384|-5574.457 3863.027|-5570.424 3861.915|-5566.334 3861.059|-5562.685 3860.336|-5559.071 3859.447|-5555.506 3858.402|-5551.983 3857.212|-5548.515 3855.855|-5545.111 3854.354|-5541.777 3852.709|-5538.512 3850.918|-5535.338 3848.995|-5532.242 3846.926|-5529.243 3844.725|-5526.342 3842.401|-5523.545 3839.943|-5520.861 3837.375|-5518.289 3834.684|-5515.842 3831.893|-5513.514 3828.991|-5511.312 3825.988|-5509.250 3822.897|-5507.321 3819.717|-5505.531 3816.459|-5503.888 3813.123|-5502.392 3809.721|-5501.043 3806.262|-5499.848 3802.738|-5498.806 3799.168|-5497.925 3795.554|-5497.198 3791.918|-5496.632 3788.238|-5496.227 3784.546|-5495.989 3780.832|-5495.905 3777.118|-5495.730 3773.538|-5495.206 3769.991|-5494.332 3766.521|-5493.130 3763.141|-5491.599 3759.905|-5489.754 3756.836|-5487.621 3753.956|-5485.210 3751.299|-5482.560 3748.897|-5479.680 3746.762|-5476.604 3744.916|-5473.368 3743.382|-5469.991 3742.170|-5466.510 3741.302|-5462.966 3740.769|-5459.387 3740.591|-5438.583 3740.602
151 3437 42 ST NW,-5455.661 3775.628|-5489.278 3844.569|-5493.948 3854.454|-5498.380 3864.462|-5502.560 3874.558|-5506.489 3884.766|-5510.166 3895.063|-5513.584 3905.448|-5516.751 3915.923|-5519.652 3926.464|-5521.742 3934.770|-5523.671 3943.121|-5525.440 3951.516|-5527.048 3959.934|-5528.488 3968.373|-5529.767 3976.858|-5530.878 3985.353|-5531.829 3993.870|-5532.486 4000.742|-5533.185 4007.058|-5534.185 4013.318|-5535.499 4019.523|-5537.107 4025.661|-5539.022 4031.710|-5541.224 4037.670|-5543.720 4043.497|-5546.495 4049.212|-5555.890 4067.359|-5640.168 4055.639|-5621.035 3917.847|-5620.294 3913.554|-5619.280 3909.307|-5617.987 3905.148|-5616.428 3901.078|-5614.694 3897.275|-5612.730 3893.595|-5610.535 3890.037|-5608.116 3886.623|-5605.495 3883.376|-5602.678 3880.296|-5599.672 3877.394|-5596.491 3874.681|-5593.150 3872.179|-5589.654 3869.888|-5586.019 3867.820|-5582.265 3865.985|-5578.407 3864.384|-5574.457 3863.027|-5570.424 3861.915|-5566.334 3861.059|-5562.685 3860.336|-5559.071 3859.447|-5555.506 3858.402|-5551.983 3857.212|-5548.515 3855.855|-5545.111 3854.354|-5541.777 3852.709|-5538.512 3850.918|-5535.338 3848.995|-5532.242 3846.926|-5529.243 3844.725|-5526.342 3842.401|-5523.545 3839.943|-5520.861 3837.375|-5518.289 3834.684|-5515.842 3831.893|-5513.514 3828.991|-5511.312 3825.988|-5509.250 3822.897|-5507.321 3819.717|-5505.531 3816.459|-5503.888 3813.123|-5502.392 3809.721|-5501.043 3806.262|-5499.848 3802.738|-5498.806 3799.168|-5497.925 3795.554|-5497.198 3791.918|-5496.632 3788.238|-5496.227 3784.546|-5495.989 3780.832|-5495.905 3777.118|-5495.730 3773.538|-5495.206 3769.991|-5494.332 3766.521|-5493.130 3763.141|-5491.599 3759.905|-5489.754 3756.836|-5487.621 3753.956|-5485.210 3751.299|-5482.560 3748.897|-5479.680 3746.762|-5476.604 3744.916|-5473.368 3743.382|-5469.991 3742.170|-5466.510 3741.302|-5462.966 3740.769|-5459.387 3740.591|-5438.583 3740.602
152 3437 42 ST NW,-5455.661 3775.628|-5489.278 3844.569|-5493.948 3854.454|-5498.380 3864.462|-5502.560 3874.558|-5506.489 3884.766|-5510.166 3895.063|-5513.584 3905.448|-5516.751 3915.923|-5519.652 3926.464|-5521.742 3934.770|-5523.671 3943.121|-5525.440 3951.516|-5527.048 3959.934|-5528.488 3968.373|-5529.767 3976.858|-5530.878 3985.353|-5531.829 3993.870|-5532.486 4000.742|-5533.185 4007.058|-5534.185 4013.318|-5535.499 4019.523|-5537.107 4025.661|-5539.022 4031.710|-5541.224 4037.670|-5543.720 4043.497|-5546.495 4049.212|-5555.890 4067.359|-5640.168 4055.639|-5621.035 3917.847|-5620.294 3913.554|-5619.280 3909.307|-5617.987 3905.148|-5616.428 3901.078|-5614.694 3897.275|-5612.730 3893.595|-5610.535 3890.037|-5608.116 3886.623|-5605.495 3883.376|-5602.678 3880.296|-5599.672 3877.394|-5596.491 3874.681|-5593.150 3872.179|-5589.654 3869.888|-5586.019 3867.820|-5582.265 3865.985|-5578.407 3864.384|-5574.457 3863.027|-5570.424 3861.915|-5566.334 3861.059|-5562.685 3860.336|-5559.071 3859.447|-5555.506 3858.402|-5551.983 3857.212|-5548.515 3855.855|-5545.111 3854.354|-5541.777 3852.709|-5538.512 3850.918|-5535.338 3848.995|-5532.242 3846.926|-5529.243 3844.725|-5526.342 3842.401|-5523.545 3839.943|-5520.861 3837.375|-5518.289 3834.684|-5515.842 3831.893|-5513.514 3828.991|-5511.312 3825.988|-5509.250 3822.897|-5507.321 3819.717|-5505.531 3816.459|-5503.888 3813.123|-5502.392 3809.721|-5501.043 3806.262|-5499.848 3802.738|-5498.806 3799.168|-5497.925 3795.554|-5497.198 3791.918|-5496.632 3788.238|-5496.227 3784.546|-5495.989 3780.832|-5495.905 3777.118|-5495.730 3773.538|-5495.206 3769.991|-5494.332 3766.521|-5493.130 3763.141|-5491.599 3759.905|-5489.754 3756.836|-5487.621 3753.956|-5485.210 3751.299|-5482.560 3748.897|-5479.680 3746.762|-5476.604 3744.916|-5473.368 3743.382|-5469.991 3742.170|-5466.510 3741.302|-5462.966 3740.769|-5459.387 3740.591|-5438.583 3740.602
153 3437 42 ST NW,-5455.661 3775.628|-5489.278 3844.569|-5493.948 3854.454|-5498.380 3864.462|-5502.560 3874.558|-5506.489 3884.766|-5510.166 3895.063|-5513.584 3905.448|-5516.751 3915.923|-5519.652 3926.464|-5521.742 3934.770|-5523.671 3943.121|-5525.440 3951.516|-5527.048 3959.934|-5528.488 3968.373|-5529.767 3976.858|-5530.878 3985.353|-5531.829 3993.870|-5532.486 4000.742|-5533.185 4007.058|-5534.185 4013.318|-5535.499 4019.523|-5537.107 4025.661|-5539.022 4031.710|-5541.224 4037.670|-5543.720 4043.497|-5546.495 4049.212|-5555.890 4067.359|-5640.168 4055.639|-5621.035 3917.847|-5620.294 3913.554|-5619.280 3909.307|-5617.987 3905.148|-5616.428 3901.078|-5614.694 3897.275|-5612.730 3893.595|-5610.535 3890.037|-5608.116 3886.623|-5605.495 3883.376|-5602.678 3880.296|-5599.672 3877.394|-5596.491 3874.681|-5593.150 3872.179|-5589.654 3869.888|-5586.019 3867.820|-5582.265 3865.985|-5578.407 3864.384|-5574.457 3863.027|-5570.424 3861.915|-5566.334 3861.059|-5562.685 3860.336|-5559.071 3859.447|-5555.506 3858.402|-5551.983 3857.212|-5548.515 3855.855|-5545.111 3854.354|-5541.777 3852.709|-5538.512 3850.918|-5535.338 3848.995|-5532.242 3846.926|-5529.243 3844.725|-5526.342 3842.401|-5523.545 3839.943|-5520.861 3837.375|-5518.289 3834.684|-5515.842 3831.893|-5513.514 3828.991|-5511.312 3825.988|-5509.250 3822.897|-5507.321 3819.717|-5505.531 3816.459|-5503.888 3813.123|-5502.392 3809.721|-5501.043 3806.262|-5499.848 3802.738|-5498.806 3799.168|-5497.925 3795.554|-5497.198 3791.918|-5496.632 3788.238|-5496.227 3784.546|-5495.989 3780.832|-5495.905 3777.118|-5495.730 3773.538|-5495.206 3769.991|-5494.332 3766.521|-5493.130 3763.141|-5491.599 3759.905|-5489.754 3756.836|-5487.621 3753.956|-5485.210 3751.299|-5482.560 3748.897|-5479.680 3746.762|-5476.604 3744.916|-5473.368 3743.382|-5469.991 3742.170|-5466.510 3741.302|-5462.966 3740.769|-5459.387 3740.591|-5438.583 3740.602
154 3437 42 ST NW,-5455.661 3775.628|-5489.278 3844.569|-5493.948 3854.454|-5498.380 3864.462|-5502.560 3874.558|-5506.489 3884.766|-5510.166 3895.063|-5513.584 3905.448|-5516.751 3915.923|-5519.652 3926.464|-5521.742 3934.770|-5523.671 3943.121|-5525.440 3951.516|-5527.048 3959.934|-5528.488 3968.373|-5529.767 3976.858|-5530.878 3985.353|-5531.829 3993.870|-5532.486 4000.742|-5533.185 4007.058|-5534.185 4013.318|-5535.499 4019.523|-5537.107 4025.661|-5539.022 4031.710|-5541.224 4037.670|-5543.720 4043.497|-5546.495 4049.212|-5555.890 4067.359|-5640.168 4055.639|-5621.035 3917.847|-5620.294 3913.554|-5619.280 3909.307|-5617.987 3905.148|-5616.428 3901.078|-5614.694 3897.275|-5612.730 3893.595|-5610.535 3890.037|-5608.116 3886.623|-5605.495 3883.376|-5602.678 3880.296|-5599.672 3877.394|-5596.491 3874.681|-5593.150 3872.179|-5589.654 3869.888|-5586.019 3867.820|-5582.265 3865.985|-5578.407 3864.384|-5574.457 3863.027|-5570.424 3861.915|-5566.334 3861.059|-5562.685 3860.336|-5559.071 3859.447|-5555.506 3858.402|-5551.983 3857.212|-5548.515 3855.855|-5545.111 3854.354|-5541.777 3852.709|-5538.512 3850.918|-5535.338 3848.995|-5532.242 3846.926|-5529.243 3844.725|-5526.342 3842.401|-5523.545 3839.943|-5520.861 3837.375|-5518.289 3834.684|-5515.842 3831.893|-5513.514 3828.991|-5511.312 3825.988|-5509.250 3822.897|-5507.321 3819.717|-5505.531 3816.459|-5503.888 3813.123|-5502.392 3809.721|-5501.043 3806.262|-5499.848 3802.738|-5498.806 3799.168|-5497.925 3795.554|-5497.198 3791.918|-5496.632 3788.238|-5496.227 3784.546|-5495.989 3780.832|-5495.905 3777.118|-5495.730 3773.538|-5495.206 3769.991|-5494.332 3766.521|-5493.130 3763.141|-5491.599 3759.905|-5489.754 3756.836|-5487.621 3753.956|-5485.210 3751.299|-5482.560 3748.897|-5479.680 3746.762|-5476.604 3744.916|-5473.368 3743.382|-5469.991 3742.170|-5466.510 3741.302|-5462.966 3740.769|-5459.387 3740.591|-5438.583 3740.602
155 3437 42 ST NW,-5455.661 3775.628|-5489.278 3844.569|-5493.948 3854.454|-5498.380 3864.462|-5502.560 3874.558|-5506.489 3884.766|-5510.166 3895.063|-5513.584 3905.448|-5516.751 3915.923|-5519.652 3926.464|-5521.742 3934.770|-5523.671 3943.121|-5525.440 3951.516|-5527.048 3959.934|-5528.488 3968.373|-5529.767 3976.858|-5530.878 3985.353|-5531.829 3993.870|-5532.486 4000.742|-5533.185 4007.058|-5534.185 4013.318|-5535.499 4019.523|-5537.107 4025.661|-5539.022 4031.710|-5541.224 4037.670|-5543.720 4043.497|-5546.495 4049.212|-5555.890 4067.359|-5640.168 4055.639|-5621.035 3917.847|-5620.294 3913.554|-5619.280 3909.307|-5617.987 3905.148|-5616.428 3901.078|-5614.694 3897.275|-5612.730 3893.595|-5610.535 3890.037|-5608.116 3886.623|-5605.495 3883.376|-5602.678 3880.296|-5599.672 3877.394|-5596.491 3874.681|-5593.150 3872.179|-5589.654 3869.888|-5586.019 3867.820|-5582.265 3865.985|-5578.407 3864.384|-5574.457 3863.027|-5570.424 3861.915|-5566.334 3861.059|-5562.685 3860.336|-5559.071 3859.447|-5555.506 3858.402|-5551.983 3857.212|-5548.515 3855.855|-5545.111 3854.354|-5541.777 3852.709|-5538.512 3850.918|-5535.338 3848.995|-5532.242 3846.926|-5529.243 3844.725|-5526.342 3842.401|-5523.545 3839.943|-5520.861 3837.375|-5518.289 3834.684|-5515.842 3831.893|-5513.514 3828.991|-5511.312 3825.988|-5509.250 3822.897|-5507.321 3819.717|-5505.531 3816.459|-5503.888 3813.123|-5502.392 3809.721|-5501.043 3806.262|-5499.848 3802.738|-5498.806 3799.168|-5497.925 3795.554|-5497.198 3791.918|-5496.632 3788.238|-5496.227 3784.546|-5495.989 3780.832|-5495.905 3777.118|-5495.730 3773.538|-5495.206 3769.991|-5494.332 3766.521|-5493.130 3763.141|-5491.599 3759.905|-5489.754 3756.836|-5487.621 3753.956|-5485.210 3751.299|-5482.560 3748.897|-5479.680 3746.762|-5476.604 3744.916|-5473.368 3743.382|-5469.991 3742.170|-5466.510 3741.302|-5462.966 3740.769|-5459.387 3740.591|-5438.583 3740.602
156 3437 42 ST NW,-5455.661 3775.628|-5489.278 3844.569|-5493.948 3854.454|-5498.380 3864.462|-5502.560 3874.558|-5506.489 3884.766|-5510.166 3895.063|-5513.584 3905.448|-5516.751 3915.923|-5519.652 3926.464|-5521.742 3934.770|-5523.671 3943.121|-5525.440 3951.516|-5527.048 3959.934|-5528.488 3968.373|-5529.767 3976.858|-5530.878 3985.353|-5531.829 3993.870|-5532.486 4000.742|-5533.185 4007.058|-5534.185 4013.318|-5535.499 4019.523|-5537.107 4025.661|-5539.022 4031.710|-5541.224 4037.670|-5543.720 4043.497|-5546.495 4049.212|-5555.890 4067.359|-5640.168 4055.639|-5621.035 3917.847|-5620.294 3913.554|-5619.280 3909.307|-5617.987 3905.148|-5616.428 3901.078|-5614.694 3897.275|-5612.730 3893.595|-5610.535 3890.037|-5608.116 3886.623|-5605.495 3883.376|-5602.678 3880.296|-5599.672 3877.394|-5596.491 3874.681|-5593.150 3872.179|-5589.654 3869.888|-5586.019 3867.820|-5582.265 3865.985|-5578.407 3864.384|-5574.457 3863.027|-5570.424 3861.915|-5566.334 3861.059|-5562.685 3860.336|-5559.071 3859.447|-5555.506 3858.402|-5551.983 3857.212|-5548.515 3855.855|-5545.111 3854.354|-5541.777 3852.709|-5538.512 3850.918|-5535.338 3848.995|-5532.242 3846.926|-5529.243 3844.725|-5526.342 3842.401|-5523.545 3839.943|-5520.861 3837.375|-5518.289 3834.684|-5515.842 3831.893|-5513.514 3828.991|-5511.312 3825.988|-5509.250 3822.897|-5507.321 3819.717|-5505.531 3816.459|-5503.888 3813.123|-5502.392 3809.721|-5501.043 3806.262|-5499.848 3802.738|-5498.806 3799.168|-5497.925 3795.554|-5497.198 3791.918|-5496.632 3788.238|-5496.227 3784.546|-5495.989 3780.832|-5495.905 3777.118|-5495.730 3773.538|-5495.206 3769.991|-5494.332 3766.521|-5493.130 3763.141|-5491.599 3759.905|-5489.754 3756.836|-5487.621 3753.956|-5485.210 3751.299|-5482.560 3748.897|-5479.680 3746.762|-5476.604 3744.916|-5473.368 3743.382|-5469.991 3742.170|-5466.510 3741.302|-5462.966 3740.769|-5459.387 3740.591|-5438.583 3740.602
157 3437 42 ST NW,-5455.661 3775.628|-5489.278 3844.569|-5493.948 3854.454|-5498.380 3864.462|-5502.560 3874.558|-5506.489 3884.766|-5510.166 3895.063|-5513.584 3905.448|-5516.751 3915.923|-5519.652 3926.464|-5521.742 3934.770|-5523.671 3943.121|-5525.440 3951.516|-5527.048 3959.934|-5528.488 3968.373|-5529.767 3976.858|-5530.878 3985.353|-5531.829 3993.870|-5532.486 4000.742|-5533.185 4007.058|-5534.185 4013.318|-5535.499 4019.523|-5537.107 4025.661|-5539.022 4031.710|-5541.224 4037.670|-5543.720 4043.497|-5546.495 4049.212|-5555.890 4067.359|-5640.168 4055.639|-5621.035 3917.847|-5620.294 3913.554|-5619.280 3909.307|-5617.987 3905.148|-5616.428 3901.078|-5614.694 3897.275|-5612.730 3893.595|-5610.535 3890.037|-5608.116 3886.623|-5605.495 3883.376|-5602.678 3880.296|-5599.672 3877.394|-5596.491 3874.681|-5593.150 3872.179|-5589.654 3869.888|-5586.019 3867.820|-5582.265 3865.985|-5578.407 3864.384|-5574.457 3863.027|-5570.424 3861.915|-5566.334 3861.059|-5562.685 3860.336|-5559.071 3859.447|-5555.506 3858.402|-5551.983 3857.212|-5548.515 3855.855|-5545.111 3854.354|-5541.777 3852.709|-5538.512 3850.918|-5535.338 3848.995|-5532.242 3846.926|-5529.243 3844.725|-5526.342 3842.401|-5523.545 3839.943|-5520.861 3837.375|-5518.289 3834.684|-5515.842 3831.893|-5513.514 3828.991|-5511.312 3825.988|-5509.250 3822.897|-5507.321 3819.717|-5505.531 3816.459|-5503.888 3813.123|-5502.392 3809.721|-5501.043 3806.262|-5499.848 3802.738|-5498.806 3799.168|-5497.925 3795.554|-5497.198 3791.918|-5496.632 3788.238|-5496.227 3784.546|-5495.989 3780.832|-5495.905 3777.118|-5495.730 3773.538|-5495.206 3769.991|-5494.332 3766.521|-5493.130 3763.141|-5491.599 3759.905|-5489.754 3756.836|-5487.621 3753.956|-5485.210 3751.299|-5482.560 3748.897|-5479.680 3746.762|-5476.604 3744.916|-5473.368 3743.382|-5469.991 3742.170|-5466.510 3741.302|-5462.966 3740.769|-5459.387 3740.591|-5438.583 3740.602
158 3437 42 ST NW,-5455.661 3775.628|-5489.278 3844.569|-5493.948 3854.454|-5498.380 3864.462|-5502.560 3874.558|-5506.489 3884.766|-5510.166 3895.063|-5513.584 3905.448|-5516.751 3915.923|-5519.652 3926.464|-5521.742 3934.770|-5523.671 3943.121|-5525.440 3951.516|-5527.048 3959.934|-5528.488 3968.373|-5529.767 3976.858|-5530.878 3985.353|-5531.829 3993.870|-5532.486 4000.742|-5533.185 4007.058|-5534.185 4013.318|-5535.499 4019.523|-5537.107 4025.661|-5539.022 4031.710|-5541.224 4037.670|-5543.720 4043.497|-5546.495 4049.212|-5555.890 4067.359|-5640.168 4055.639|-5621.035 3917.847|-5620.294 3913.554|-5619.280 3909.307|-5617.987 3905.148|-5616.428 3901.078|-5614.694 3897.275|-5612.730 3893.595|-5610.535 3890.037|-5608.116 3886.623|-5605.495 3883.376|-5602.678 3880.296|-5599.672 3877.394|-5596.491 3874.681|-5593.150 3872.179|-5589.654 3869.888|-5586.019 3867.820|-5582.265 3865.985|-5578.407 3864.384|-5574.457 3863.027|-5570.424 3861.915|-5566.334 3861.059|-5562.685 3860.336|-5559.071 3859.447|-5555.506 3858.402|-5551.983 3857.212|-5548.515 3855.855|-5545.111 3854.354|-5541.777 3852.709|-5538.512 3850.918|-5535.338 3848.995|-5532.242 3846.926|-5529.243 3844.725|-5526.342 3842.401|-5523.545 3839.943|-5520.861 3837.375|-5518.289 3834.684|-5515.842 3831.893|-5513.514 3828.991|-5511.312 3825.988|-5509.250 3822.897|-5507.321 3819.717|-5505.531 3816.459|-5503.888 3813.123|-5502.392 3809.721|-5501.043 3806.262|-5499.848 3802.738|-5498.806 3799.168|-5497.925 3795.554|-5497.198 3791.918|-5496.632 3788.238|-5496.227 3784.546|-5495.989 3780.832|-5495.905 3777.118|-5495.730 3773.538|-5495.206 3769.991|-5494.332 3766.521|-5493.130 3763.141|-5491.599 3759.905|-5489.754 3756.836|-5487.621 3753.956|-5485.210 3751.299|-5482.560 3748.897|-5479.680 3746.762|-5476.604 3744.916|-5473.368 3743.382|-5469.991 3742.170|-5466.510 3741.302|-5462.966 3740.769|-5459.387 3740.591|-5438.583 3740.602
159 3437 42 ST NW,-5455.661 3775.628|-5489.278 3844.569|-5493.948 3854.454|-5498.380 3864.462|-5502.560 3874.558|-5506.489 3884.766|-5510.166 3895.063|-5513.584 3905.448|-5516.751 3915.923|-5519.652 3926.464|-5521.742 3934.770|-5523.671 3943.121|-5525.440 3951.516|-5527.048 3959.934|-5528.488 3968.373|-5529.767 3976.858|-5530.878 3985.353|-5531.829 3993.870|-5532.486 4000.742|-5533.185 4007.058|-5534.185 4013.318|-5535.499 4019.523|-5537.107 4025.661|-5539.022 4031.710|-5541.224 4037.670|-5543.720 4043.497|-5546.495 4049.212|-5555.890 4067.359|-5640.168 4055.639|-5621.035 3917.847|-5620.294 3913.554|-5619.280 3909.307|-5617.987 3905.148|-5616.428 3901.078|-5614.694 3897.275|-5612.730 3893.595|-5610.535 3890.037|-5608.116 3886.623|-5605.495 3883.376|-5602.678 3880.296|-5599.672 3877.394|-5596.491 3874.681|-5593.150 3872.179|-5589.654 3869.888|-5586.019 3867.820|-5582.265 3865.985|-5578.407 3864.384|-5574.457 3863.027|-5570.424 3861.915|-5566.334 3861.059|-5562.685 3860.336|-5559.071 3859.447|-5555.506 3858.402|-5551.983 3857.212|-5548.515 3855.855|-5545.111 3854.354|-5541.777 3852.709|-5538.512 3850.918|-5535.338 3848.995|-5532.242 3846.926|-5529.243 3844.725|-5526.342 3842.401|-5523.545 3839.943|-5520.861 3837.375|-5518.289 3834.684|-5515.842 3831.893|-5513.514 3828.991|-5511.312 3825.988|-5509.250 3822.897|-5507.321 3819.717|-5505.531 3816.459|-5503.888 3813.123|-5502.392 3809.721|-5501.043 3806.262|-5499.848 3802.738|-5498.806 3799.168|-5497.925 3795.554|-5497.198 3791.918|-5496.632 3788.238|-5496.227 3784.546|-5495.989 3780.832|-5495.905 3777.118|-5495.730 3773.538|-5495.206 3769.991|-5494.332 3766.521|-5493.130 3763.141|-5491.599 3759.905|-5489.754 3756.836|-5487.621 3753.956|-5485.210 3751.299|-5482.560 3748.897|-5479.680 3746.762|-5476.604 3744.916|-5473.368 3743.382|-5469.991 3742.170|-5466.510 3741.302|-5462.966 3740.769|-5459.387 3740.591|-5438.583 3740.602
160 3437 42 ST NW,-5455.661 3775.628|-5489.278 3844.569|-5493.948 3854.454|-5498.380 3864.462|-5502.560 3874.558|-5506.489 3884.766|-5510.166 3895.063|-5513.584 3905.448|-5516.751 3915.923|-5519.652 3926.464|-5521.742 3934.770|-5523.671 3943.121|-5525.440 3951.516|-5527.048 3959.934|-5528.488 3968.373|-5529.767 3976.858|-5530.878 3985.353|-5531.829 3993.870|-5532.486 4000.742|-5533.185 4007.058|-5534.185 4013.318|-5535.499 4019.523|-5537.107 4025.661|-5539.022 4031.710|-5541.224 4037.670|-5543.720 4043.497|-5546.495 4049.212|-5555.890 4067.359|-5640.168 4055.639|-5621.035 3917.847|-5620.294 3913.554|-5619.280 3909.307|-5617.987 3905.148|-5616.428 3901.078|-5614.694 3897.275|-5612.730 3893.595|-5610.535 3890.037|-5608.116 3886.623|-5605.495 3883.376|-5602.678 3880.296|-5599.672 3877.394|-5596.491 3874.681|-5593.150 3872.179|-5589.654 3869.888|-5586.019 3867.820|-5582.265 3865.985|-5578.407 3864.384|-5574.457 3863.027|-5570.424 3861.915|-5566.334 3861.059|-5562.685 3860.336|-5559.071 3859.447|-5555.506 3858.402|-5551.983 3857.212|-5548.515 3855.855|-5545.111 3854.354|-5541.777 3852.709|-5538.512 3850.918|-5535.338 3848.995|-5532.242 3846.926|-5529.243 3844.725|-5526.342 3842.401|-5523.545 3839.943|-5520.861 3837.375|-5518.289 3834.684|-5515.842 3831.893|-5513.514 3828.991|-5511.312 3825.988|-5509.250 3822.897|-5507.321 3819.717|-5505.531 3816.459|-5503.888 3813.123|-5502.392 3809.721|-5501.043 3806.262|-5499.848 3802.738|-5498.806 3799.168|-5497.925 3795.554|-5497.198 3791.918|-5496.632 3788.238|-5496.227 3784.546|-5495.989 3780.832|-5495.905 3777.118|-5495.730 3773.538|-5495.206 3769.991|-5494.332 3766.521|-5493.130 3763.141|-5491.599 3759.905|-5489.754 3756.836|-5487.621 3753.956|-5485.210 3751.299|-5482.560 3748.897|-5479.680 3746.762|-5476.604 3744.916|-5473.368 3743.382|-5469.991 3742.170|-5466.510 3741.302|-5462.966 3740.769|-5459.387 3740.591|-5438.583 3740.602
161 3437 42 ST NW,-5455.661 3775.628|-5489.278 3844.569|-5493.948 3854.454|-5498.380 3864.462|-5502.560 3874.558|-5506.489 3884.766|-5510.166 3895.063|-5513.584 3905.448|-5516.751 3915.923|-5519.652 3926.464|-5521.742 3934.770|-5523.671 3943.121|-5525.440 3951.516|-5527.048 3959.934|-5528.488 3968.373|-5529.767 3976.858|-5530.878 3985.353|-5531.829 3993.870|-5532.486 4000.742|-5533.185 4007.058|-5534.185 4013.318|-5535.499 4019.523|-5537.107 4025.661|-5539.022 4031.710|-5541.224 4037.670|-5543.720 4043.497|-5546.495 4049.212|-5555.890 4067.359|-5640.168 4055.639|-5621.035 3917.847|-5620.294 3913.554|-5619.280 3909.307|-5617.987 3905.148|-5616.428 3901.078|-5614.694 3897.275|-5612.730 3893.595|-5610.535 3890.037|-5608.116 3886.623|-5605.495 3883.376|-5602.678 3880.296|-5599.672 3877.394|-5596.491 3874.681|-5593.150 3872.179|-5589.654 3869.888|-5586.019 3867.820|-5582.265 3865.985|-5578.407 3864.384|-5574.457 3863.027|-5570.424 3861.915|-5566.334 3861.059|-5562.685 3860.336|-5559.071 3859.447|-5555.506 3858.402|-5551.983 3857.212|-5548.515 3855.855|-5545.111 3854.354|-5541.777 3852.709|-5538.512 3850.918|-5535.338 3848.995|-5532.242 3846.926|-5529.243 3844.725|-5526.342 3842.401|-5523.545 3839.943|-5520.861 3837.375|-5518.289 3834.684|-5515.842 3831.893|-5513.514 3828.991|-5511.312 3825.988|-5509.250 3822.897|-5507.321 3819.717|-5505.531 3816.459|-5503.888 3813.123|-5502.392 3809.721|-5501.043 3806.262|-5499.848 3802.738|-5498.806 3799.168|-5497.925 3795.554|-5497.198 3791.918|-5496.632 3788.238|-5496.227 3784.546|-5495.989 3780.832|-5495.905 3777.118|-5495.730 3773.538|-5495.206 3769.991|-5494.332 3766.521|-5493.130 3763.141|-5491.599 3759.905|-5489.754 3756.836|-5487.621 3753.956|-5485.210 3751.299|-5482.560 3748.897|-5479.680 3746.762|-5476.604 3744.916|-5473.368 3743.382|-5469.991 3742.170|-5466.510 3741.302|-5462.966 3740.769|-5459.387 3740.591|-5438.583 3740.602
162 3437 42 ST NW,-5455.661 3775.628|-5489.278 3844.569|-5493.948 3854.454|-5498.380 3864.462|-5502.560 3874.558|-5506.489 3884.766|-5510.166 3895.063|-5513.584 3905.448|-5516.751 3915.923|-5519.652 3926.464|-5521.742 3934.770|-5523.671 3943.121|-5525.440 3951.516|-5527.048 3959.934|-5528.488 3968.373|-5529.767 3976.858|-5530.878 3985.353|-5531.829 3993.870|-5532.486 4000.742|-5533.185 4007.058|-5534.185 4013.318|-5535.499 4019.523|-5537.107 4025.661|-5539.022 4031.710|-5541.224 4037.670|-5543.720 4043.497|-5546.495 4049.212|-5555.890 4067.359|-5640.168 4055.639|-5621.035 3917.847|-5620.294 3913.554|-5619.280 3909.307|-5617.987 3905.148|-5616.428 3901.078|-5614.694 3897.275|-5612.730 3893.595|-5610.535 3890.037|-5608.116 3886.623|-5605.495 3883.376|-5602.678 3880.296|-5599.672 3877.394|-5596.491 3874.681|-5593.150 3872.179|-5589.654 3869.888|-5586.019 3867.820|-5582.265 3865.985|-5578.407 3864.384|-5574.457 3863.027|-5570.424 3861.915|-5566.334 3861.059|-5562.685 3860.336|-5559.071 3859.447|-5555.506 3858.402|-5551.983 3857.212|-5548.515 3855.855|-5545.111 3854.354|-5541.777 3852.709|-5538.512 3850.918|-5535.338 3848.995|-5532.242 3846.926|-5529.243 3844.725|-5526.342 3842.401|-5523.545 3839.943|-5520.861 3837.375|-5518.289 3834.684|-5515.842 3831.893|-5513.514 3828.991|-5511.312 3825.988|-5509.250 3822.897|-5507.321 3819.717|-5505.531 3816.459|-5503.888 3813.123|-5502.392 3809.721|-5501.043 3806.262|-5499.848 3802.738|-5498.806 3799.168|-5497.925 3795.554|-5497.198 3791.918|-5496.632 3788.238|-5496.227 3784.546|-5495.989 3780.832|-5495.905 3777.118|-5495.730 3773.538|-5495.206 3769.991|-5494.332 3766.521|-5493.130 3763.141|-5491.599 3759.905|-5489.754 3756.836|-5487.621 3753.956|-5485.210 3751.299|-5482.560 3748.897|-5479.680 3746.762|-5476.604 3744.916|-5473.368 3743.382|-5469.991 3742.170|-5466.510 3741.302|-5462.966 3740.769|-5459.387 3740.591|-5438.583 3740.602
163 3437 42 ST NW,-5455.661 3775.628|-5489.278 3844.569|-5493.948 3854.454|-5498.380 3864.462|-5502.560 3874.558|-5506.489 3884.766|-5510.166 3895.063|-5513.584 3905.448|-5516.751 3915.923|-5519.652 3926.464|-5521.742 3934.770|-5523.671 3943.121|-5525.440 3951.516|-5527.048 3959.934|-5528.488 3968.373|-5529.767 3976.858|-5530.878 3985.353|-5531.829 3993.870|-5532.486 4000.742|-5533.185 4007.058|-5534.185 4013.318|-5535.499 4019.523|-5537.107 4025.661|-5539.022 4031.710|-5541.224 4037.670|-5543.720 4043.497|-5546.495 4049.212|-5555.890 4067.359|-5640.168 4055.639|-5621.035 3917.847|-5620.294 3913.554|-5619.280 3909.307|-5617.987 3905.148|-5616.428 3901.078|-5614.694 3897.275|-5612.730 3893.595|-5610.535 3890.037|-5608.116 3886.623|-5605.495 3883.376|-5602.678 3880.296|-5599.672 3877.394|-5596.491 3874.681|-5593.150 3872.179|-5589.654 3869.888|-5586.019 3867.820|-5582.265 3865.985|-5578.407 3864.384|-5574.457 3863.027|-5570.424 3861.915|-5566.334 3861.059|-5562.685 3860.336|-5559.071 3859.447|-5555.506 3858.402|-5551.983 3857.212|-5548.515 3855.855|-5545.111 3854.354|-5541.777 3852.709|-5538.512 3850.918|-5535.338 3848.995|-5532.242 3846.926|-5529.243 3844.725|-5526.342 3842.401|-5523.545 3839.943|-5520.861 3837.375|-5518.289 3834.684|-5515.842 3831.893|-5513.514 3828.991|-5511.312 3825.988|-5509.250 3822.897|-5507.321 3819.717|-5505.531 3816.459|-5503.888 3813.123|-5502.392 3809.721|-5501.043 3806.262|-5499.848 3802.738|-5498.806 3799.168|-5497.925 3795.554|-5497.198 3791.918|-5496.632 3788.238|-5496.227 3784.546|-5495.989 3780.832|-5495.905 3777.118|-5495.730 3773.538|-5495.206 3769.991|-5494.332 3766.521|-5493.130 3763.141|-5491.599 3759.905|-5489.754 3756.836|-5487.621 3753.956|-5485.210 3751.299|-5482.560 3748.897|-5479.680 3746.762|-5476.604 3744.916|-5473.368 3743.382|-5469.991 3742.170|-5466.510 3741.302|-5462.966 3740.769|-5459.387 3740.591|-5438.583 3740.602
164 3335 42 ST NW,-5455.661 3775.628|-5489.278 3844.569|-5493.948 3854.454|-5498.380 3864.462|-5502.560 3874.558|-5506.489 3884.766|-5510.166 3895.063|-5513.584 3905.448|-5516.751 3915.923|-5519.652 3926.464|-5521.742 3934.770|-5523.671 3943.121|-5525.440 3951.516|-5527.048 3959.934|-5528.488 3968.373|-5529.767 3976.858|-5530.878 3985.353|-5531.829 3993.870|-5532.486 4000.742|-5533.185 4007.058|-5534.185 4013.318|-5535.499 4019.523|-5537.107 4025.661|-5539.022 4031.710|-5541.224 4037.670|-5543.720 4043.497|-5546.495 4049.212|-5555.890 4067.359|-5640.168 4055.639|-5621.035 3917.847|-5620.294 3913.554|-5619.280 3909.307|-5617.987 3905.148|-5616.428 3901.078|-5614.694 3897.275|-5612.730 3893.595|-5610.535 3890.037|-5608.116 3886.623|-5605.495 3883.376|-5602.678 3880.296|-5599.672 3877.394|-5596.491 3874.681|-5593.150 3872.179|-5589.654 3869.888|-5586.019 3867.820|-5582.265 3865.985|-5578.407 3864.384|-5574.457 3863.027|-5570.424 3861.915|-5566.334 3861.059|-5562.685 3860.336|-5559.071 3859.447|-5555.506 3858.402|-5551.983 3857.212|-5548.515 3855.855|-5545.111 3854.354|-5541.777 3852.709|-5538.512 3850.918|-5535.338 3848.995|-5532.242 3846.926|-5529.243 3844.725|-5526.342 3842.401|-5523.545 3839.943|-5520.861 3837.375|-5518.289 3834.684|-5515.842 3831.893|-5513.514 3828.991|-5511.312 3825.988|-5509.250 3822.897|-5507.321 3819.717|-5505.531 3816.459|-5503.888 3813.123|-5502.392 3809.721|-5501.043 3806.262|-5499.848 3802.738|-5498.806 3799.168|-5497.925 3795.554|-5497.198 3791.918|-5496.632 3788.238|-5496.227 3784.546|-5495.989 3780.832|-5495.905 3777.118|-5495.730 3773.538|-5495.206 3769.991|-5494.332 3766.521|-5493.130 3763.141|-5491.599 3759.905|-5489.754 3756.836|-5487.621 3753.956|-5485.210 3751.299|-5482.560 3748.897|-5479.680 3746.762|-5476.604 3744.916|-5473.368 3743.382|-5469.991 3742.170|-5466.510 3741.302|-5462.966 3740.769|-5459.387 3740.591|-5438.583 3740.602
165 3437 42 ST NW,-5455.661 3775.628|-5489.278 3844.569|-5493.948 3854.454|-5498.380 3864.462|-5502.560 3874.558|-5506.489 3884.766|-5510.166 3895.063|-5513.584 3905.448|-5516.751 3915.923|-5519.652 3926.464|-5521.742 3934.770|-5523.671 3943.121|-5525.440 3951.516|-5527.048 3959.934|-5528.488 3968.373|-5529.767 3976.858|-5530.878 3985.353|-5531.829 3993.870|-5532.486 4000.742|-5533.185 4007.058|-5534.185 4013.318|-5535.499 4019.523|-5537.107 4025.661|-5539.022 4031.710|-5541.224 4037.670|-5543.720 4043.497|-5546.495 4049.212|-5555.890 4067.359|-5640.168 4055.639|-5621.035 3917.847|-5620.294 3913.554|-5619.280 3909.307|-5617.987 3905.148|-5616.428 3901.078|-5614.694 3897.275|-5612.730 3893.595|-5610.535 3890.037|-5608.116 3886.623|-5605.495 3883.376|-5602.678 3880.296|-5599.672 3877.394|-5596.491 3874.681|-5593.150 3872.179|-5589.654 3869.888|-5586.019 3867.820|-5582.265 3865.985|-5578.407 3864.384|-5574.457 3863.027|-5570.424 3861.915|-5566.334 3861.059|-5562.685 3860.336|-5559.071 3859.447|-5555.506 3858.402|-5551.983 3857.212|-5548.515 3855.855|-5545.111 3854.354|-5541.777 3852.709|-5538.512 3850.918|-5535.338 3848.995|-5532.242 3846.926|-5529.243 3844.725|-5526.342 3842.401|-5523.545 3839.943|-5520.861 3837.375|-5518.289 3834.684|-5515.842 3831.893|-5513.514 3828.991|-5511.312 3825.988|-5509.250 3822.897|-5507.321 3819.717|-5505.531 3816.459|-5503.888 3813.123|-5502.392 3809.721|-5501.043 3806.262|-5499.848 3802.738|-5498.806 3799.168|-5497.925 3795.554|-5497.198 3791.918|-5496.632 3788.238|-5496.227 3784.546|-5495.989 3780.832|-5495.905 3777.118|-5495.730 3773.538|-5495.206 3769.991|-5494.332 3766.521|-5493.130 3763.141|-5491.599 3759.905|-5489.754 3756.836|-5487.621 3753.956|-5485.210 3751.299|-5482.560 3748.897|-5479.680 3746.762|-5476.604 3744.916|-5473.368 3743.382|-5469.991 3742.170|-5466.510 3741.302|-5462.966 3740.769|-5459.387 3740.591|-5438.583 3740.602
166 3335 42 ST NW,-5455.661 3775.628|-5489.278 3844.569|-5493.948 3854.454|-5498.380 3864.462|-5502.560 3874.558|-5506.489 3884.766|-5510.166 3895.063|-5513.584 3905.448|-5516.751 3915.923|-5519.652 3926.464|-5521.742 3934.770|-5523.671 3943.121|-5525.440 3951.516|-5527.048 3959.934|-5528.488 3968.373|-5529.767 3976.858|-5530.878 3985.353|-5531.829 3993.870|-5532.486 4000.742|-5533.185 4007.058|-5534.185 4013.318|-5535.499 4019.523|-5537.107 4025.661|-5539.022 4031.710|-5541.224 4037.670|-5543.720 4043.497|-5546.495 4049.212|-5555.890 4067.359|-5640.168 4055.639|-5621.035 3917.847|-5620.294 3913.554|-5619.280 3909.307|-5617.987 3905.148|-5616.428 3901.078|-5614.694 3897.275|-5612.730 3893.595|-5610.535 3890.037|-5608.116 3886.623|-5605.495 3883.376|-5602.678 3880.296|-5599.672 3877.394|-5596.491 3874.681|-5593.150 3872.179|-5589.654 3869.888|-5586.019 3867.820|-5582.265 3865.985|-5578.407 3864.384|-5574.457 3863.027|-5570.424 3861.915|-5566.334 3861.059|-5562.685 3860.336|-5559.071 3859.447|-5555.506 3858.402|-5551.983 3857.212|-5548.515 3855.855|-5545.111 3854.354|-5541.777 3852.709|-5538.512 3850.918|-5535.338 3848.995|-5532.242 3846.926|-5529.243 3844.725|-5526.342 3842.401|-5523.545 3839.943|-5520.861 3837.375|-5518.289 3834.684|-5515.842 3831.893|-5513.514 3828.991|-5511.312 3825.988|-5509.250 3822.897|-5507.321 3819.717|-5505.531 3816.459|-5503.888 3813.123|-5502.392 3809.721|-5501.043 3806.262|-5499.848 3802.738|-5498.806 3799.168|-5497.925 3795.554|-5497.198 3791.918|-5496.632 3788.238|-5496.227 3784.546|-5495.989 3780.832|-5495.905 3777.118|-5495.730 3773.538|-5495.206 3769.991|-5494.332 3766.521|-5493.130 3763.141|-5491.599 3759.905|-5489.754 3756.836|-5487.621 3753.956|-5485.210 3751.299|-5482.560 3748.897|-5479.680 3746.762|-5476.604 3744.916|-5473.368 3743.382|-5469.991 3742.170|-5466.510 3741.302|-5462.966 3740.769|-5459.387 3740.591|-5438.583 3740.602
167 3437 42 ST NW,-5455.661 3775.628|-5489.278 3844.569|-5493.948 3854.454|-5498.380 3864.462|-5502.560 3874.558|-5506.489 3884.766|-5510.166 3895.063|-5513.584 3905.448|-5516.751 3915.923|-5519.652 3926.464|-5521.742 3934.770|-5523.671 3943.121|-5525.440 3951.516|-5527.048 3959.934|-5528.488 3968.373|-5529.767 3976.858|-5530.878 3985.353|-5531.829 3993.870|-5532.486 4000.742|-5533.185 4007.058|-5534.185 4013.318|-5535.499 4019.523|-5537.107 4025.661|-5539.022 4031.710|-5541.224 4037.670|-5543.720 4043.497|-5546.495 4049.212|-5555.890 4067.359|-5640.168 4055.639|-5621.035 3917.847|-5620.294 3913.554|-5619.280 3909.307|-5617.987 3905.148|-5616.428 3901.078|-5614.694 3897.275|-5612.730 3893.595|-5610.535 3890.037|-5608.116 3886.623|-5605.495 3883.376|-5602.678 3880.296|-5599.672 3877.394|-5596.491 3874.681|-5593.150 3872.179|-5589.654 3869.888|-5586.019 3867.820|-5582.265 3865.985|-5578.407 3864.384|-5574.457 3863.027|-5570.424 3861.915|-5566.334 3861.059|-5562.685 3860.336|-5559.071 3859.447|-5555.506 3858.402|-5551.983 3857.212|-5548.515 3855.855|-5545.111 3854.354|-5541.777 3852.709|-5538.512 3850.918|-5535.338 3848.995|-5532.242 3846.926|-5529.243 3844.725|-5526.342 3842.401|-5523.545 3839.943|-5520.861 3837.375|-5518.289 3834.684|-5515.842 3831.893|-5513.514 3828.991|-5511.312 3825.988|-5509.250 3822.897|-5507.321 3819.717|-5505.531 3816.459|-5503.888 3813.123|-5502.392 3809.721|-5501.043 3806.262|-5499.848 3802.738|-5498.806 3799.168|-5497.925 3795.554|-5497.198 3791.918|-5496.632 3788.238|-5496.227 3784.546|-5495.989 3780.832|-5495.905 3777.118|-5495.730 3773.538|-5495.206 3769.991|-5494.332 3766.521|-5493.130 3763.141|-5491.599 3759.905|-5489.754 3756.836|-5487.621 3753.956|-5485.210 3751.299|-5482.560 3748.897|-5479.680 3746.762|-5476.604 3744.916|-5473.368 3743.382|-5469.991 3742.170|-5466.510 3741.302|-5462.966 3740.769|-5459.387 3740.591|-5438.583 3740.602
168 3335 42 ST NW,-5455.661 3775.628|-5489.278 3844.569|-5493.948 3854.454|-5498.380 3864.462|-5502.560 3874.558|-5506.489 3884.766|-5510.166 3895.063|-5513.584 3905.448|-5516.751 3915.923|-5519.652 3926.464|-5521.742 3934.770|-5523.671 3943.121|-5525.440 3951.516|-5527.048 3959.934|-5528.488 3968.373|-5529.767 3976.858|-5530.878 3985.353|-5531.829 3993.870|-5532.486 4000.742|-5533.185 4007.058|-5534.185 4013.318|-5535.499 4019.523|-5537.107 4025.661|-5539.022 4031.710|-5541.224 4037.670|-5543.720 4043.497|-5546.495 4049.212|-5555.890 4067.359|-5640.168 4055.639|-5621.035 3917.847|-5620.294 3913.554|-5619.280 3909.307|-5617.987 3905.148|-5616.428 3901.078|-5614.694 3897.275|-5612.730 3893.595|-5610.535 3890.037|-5608.116 3886.623|-5605.495 3883.376|-5602.678 3880.296|-5599.672 3877.394|-5596.491 3874.681|-5593.150 3872.179|-5589.654 3869.888|-5586.019 3867.820|-5582.265 3865.985|-5578.407 3864.384|-5574.457 3863.027|-5570.424 3861.915|-5566.334 3861.059|-5562.685 3860.336|-5559.071 3859.447|-5555.506 3858.402|-5551.983 3857.212|-5548.515 3855.855|-5545.111 3854.354|-5541.777 3852.709|-5538.512 3850.918|-5535.338 3848.995|-5532.242 3846.926|-5529.243 3844.725|-5526.342 3842.401|-5523.545 3839.943|-5520.861 3837.375|-5518.289 3834.684|-5515.842 3831.893|-5513.514 3828.991|-5511.312 3825.988|-5509.250 3822.897|-5507.321 3819.717|-5505.531 3816.459|-5503.888 3813.123|-5502.392 3809.721|-5501.043 3806.262|-5499.848 3802.738|-5498.806 3799.168|-5497.925 3795.554|-5497.198 3791.918|-5496.632 3788.238|-5496.227 3784.546|-5495.989 3780.832|-5495.905 3777.118|-5495.730 3773.538|-5495.206 3769.991|-5494.332 3766.521|-5493.130 3763.141|-5491.599 3759.905|-5489.754 3756.836|-5487.621 3753.956|-5485.210 3751.299|-5482.560 3748.897|-5479.680 3746.762|-5476.604 3744.916|-5473.368 3743.382|-5469.991 3742.170|-5466.510 3741.302|-5462.966 3740.769|-5459.387 3740.591|-5438.583 3740.602
169 3437 42 ST NW,-5455.661 3775.628|-5489.278 3844.569|-5493.948 3854.454|-5498.380 3864.462|-5502.560 3874.558|-5506.489 3884.766|-5510.166 3895.063|-5513.584 3905.448|-5516.751 3915.923|-5519.652 3926.464|-5521.742 3934.770|-5523.671 3943.121|-5525.440 3951.516|-5527.048 3959.934|-5528.488 3968.373|-5529.767 3976.858|-5530.878 3985.353|-5531.829 3993.870|-5532.486 4000.742|-5533.185 4007.058|-5534.185 4013.318|-5535.499 4019.523|-5537.107 4025.661|-5539.022 4031.710|-5541.224 4037.670|-5543.720 4043.497|-5546.495 4049.212|-5555.890 4067.359|-5640.168 4055.639|-5621.035 3917.847|-5620.294 3913.554|-5619.280 3909.307|-5617.987 3905.148|-5616.428 3901.078|-5614.694 3897.275|-5612.730 3893.595|-5610.535 3890.037|-5608.116 3886.623|-5605.495 3883.376|-5602.678 3880.296|-5599.672 3877.394|-5596.491 3874.681|-5593.150 3872.179|-5589.654 3869.888|-5586.019 3867.820|-5582.265 3865.985|-5578.407 3864.384|-5574.457 3863.027|-5570.424 3861.915|-5566.334 3861.059|-5562.685 3860.336|-5559.071 3859.447|-5555.506 3858.402|-5551.983 3857.212|-5548.515 3855.855|-5545.111 3854.354|-5541.777 3852.709|-5538.512 3850.918|-5535.338 3848.995|-5532.242 3846.926|-5529.243 3844.725|-5526.342 3842.401|-5523.545 3839.943|-5520.861 3837.375|-5518.289 3834.684|-5515.842 3831.893|-5513.514 3828.991|-5511.312 3825.988|-5509.250 3822.897|-5507.321 3819.717|-5505.531 3816.459|-5503.888 3813.123|-5502.392 3809.721|-5501.043 3806.262|-5499.848 3802.738|-5498.806 3799.168|-5497.925 3795.554|-5497.198 3791.918|-5496.632 3788.238|-5496.227 3784.546|-5495.989 3780.832|-5495.905 3777.118|-5495.730 3773.538|-5495.206 3769.991|-5494.332 3766.521|-5493.130 3763.141|-5491.599 3759.905|-5489.754 3756.836|-5487.621 3753.956|-5485.210 3751.299|-5482.560 3748.897|-5479.680 3746.762|-5476.604 3744.916|-5473.368 3743.382|-5469.991 3742.170|-5466.510 3741.302|-5462.966 3740.769|-5459.387 3740.591|-5438.583 3740.602
170 3335 42 ST NW,-5455.661 3775.628|-5489.278 3844.569|-5493.948 3854.454|-5498.380 3864.462|-5502.560 3874.558|-5506.489 3884.766|-5510.166 3895.063|-5513.584 3905.448|-5516.751 3915.923|-5519.652 3926.464|-5521.742 3934.770|-5523.671 3943.121|-5525.440 3951.516|-5527.048 3959.934|-5528.488 3968.373|-5529.767 3976.858|-5530.878 3985.353|-5531.829 3993.870|-5532.486 4000.742|-5533.185 4007.058|-5534.185 4013.318|-5535.499 4019.523|-5537.107 4025.661|-5539.022 4031.710|-5541.224 4037.670|-5543.720 4043.497|-5546.495 4049.212|-5555.890 4067.359|-5640.168 4055.639|-5621.035 3917.847|-5620.294 3913.554|-5619.280 3909.307|-5617.987 3905.148|-5616.428 3901.078|-5614.694 3897.275|-5612.730 3893.595|-5610.535 3890.037|-5608.116 3886.623|-5605.495 3883.376|-5602.678 3880.296|-5599.672 3877.394|-5596.491 3874.681|-5593.150 3872.179|-5589.654 3869.888|-5586.019 3867.820|-5582.265 3865.985|-5578.407 3864.384|-5574.457 3863.027|-5570.424 3861.915|-5566.334 3861.059|-5562.685 3860.336|-5559.071 3859.447|-5555.506 3858.402|-5551.983 3857.212|-5548.515 3855.855|-5545.111 3854.354|-5541.777 3852.709|-5538.512 3850.918|-5535.338 3848.995|-5532.242 3846.926|-5529.243 3844.725|-5526.342 3842.401|-5523.545 3839.943|-5520.861 3837.375|-5518.289 3834.684|-5515.842 3831.893|-5513.514 3828.991|-5511.312 3825.988|-5509.250 3822.897|-5507.321 3819.717|-5505.531 3816.459|-5503.888 3813.123|-5502.392 3809.721|-5501.043 3806.262|-5499.848 3802.738|-5498.806 3799.168|-5497.925 3795.554|-5497.198 3791.918|-5496.632 3788.238|-5496.227 3784.546|-5495.989 3780.832|-5495.905 3777.118|-5495.730 3773.538|-5495.206 3769.991|-5494.332 3766.521|-5493.130 3763.141|-5491.599 3759.905|-5489.754 3756.836|-5487.621 3753.956|-5485.210 3751.299|-5482.560 3748.897|-5479.680 3746.762|-5476.604 3744.916|-5473.368 3743.382|-5469.991 3742.170|-5466.510 3741.302|-5462.966 3740.769|-5459.387 3740.591|-5438.583 3740.602
171 3437 42 ST NW,-5455.661 3775.628|-5489.278 3844.569|-5493.948 3854.454|-5498.380 3864.462|-5502.560 3874.558|-5506.489 3884.766|-5510.166 3895.063|-5513.584 3905.448|-5516.751 3915.923|-5519.652 3926.464|-5521.742 3934.770|-5523.671 3943.121|-5525.440 3951.516|-5527.048 3959.934|-5528.488 3968.373|-5529.767 3976.858|-5530.878 3985.353|-5531.829 3993.870|-5532.486 4000.742|-5533.185 4007.058|-5534.185 4013.318|-5535.499 4019.523|-5537.107 4025.661|-5539.022 4031.710|-5541.224 4037.670|-5543.720 4043.497|-5546.495 4049.212|-5555.890 4067.359|-5640.168 4055.639|-5621.035 3917.847|-5620.294 3913.554|-5619.280 3909.307|-5617.987 3905.148|-5616.428 3901.078|-5614.694 3897.275|-5612.730 3893.595|-5610.535 3890.037|-5608.116 3886.623|-5605.495 3883.376|-5602.678 3880.296|-5599.672 3877.394|-5596.491 3874.681|-5593.150 3872.179|-5589.654 3869.888|-5586.019 3867.820|-5582.265 3865.985|-5578.407 3864.384|-5574.457 3863.027|-5570.424 3861.915|-5566.334 3861.059|-5562.685 3860.336|-5559.071 3859.447|-5555.506 3858.402|-5551.983 3857.212|-5548.515 3855.855|-5545.111 3854.354|-5541.777 3852.709|-5538.512 3850.918|-5535.338 3848.995|-5532.242 3846.926|-5529.243 3844.725|-5526.342 3842.401|-5523.545 3839.943|-5520.861 3837.375|-5518.289 3834.684|-5515.842 3831.893|-5513.514 3828.991|-5511.312 3825.988|-5509.250 3822.897|-5507.321 3819.717|-5505.531 3816.459|-5503.888 3813.123|-5502.392 3809.721|-5501.043 3806.262|-5499.848 3802.738|-5498.806 3799.168|-5497.925 3795.554|-5497.198 3791.918|-5496.632 3788.238|-5496.227 3784.546|-5495.989 3780.832|-5495.905 3777.118|-5495.730 3773.538|-5495.206 3769.991|-5494.332 3766.521|-5493.130 3763.141|-5491.599 3759.905|-5489.754 3756.836|-5487.621 3753.956|-5485.210 3751.299|-5482.560 3748.897|-5479.680 3746.762|-5476.604 3744.916|-5473.368 3743.382|-5469.991 3742.170|-5466.510 3741.302|-5462.966 3740.769|-5459.387 3740.591|-5438.583 3740.602
172 3335 42 ST NW,-5455.661 3775.628|-5489.278 3844.569|-5493.948 3854.454|-5498.380 3864.462|-5502.560 3874.558|-5506.489 3884.766|-5510.166 3895.063|-5513.584 3905.448|-5516.751 3915.923|-5519.652 3926.464|-5521.742 3934.770|-5523.671 3943.121|-5525.440 3951.516|-5527.048 3959.934|-5528.488 3968.373|-5529.767 3976.858|-5530.878 3985.353|-5531.829 3993.870|-5532.486 4000.742|-5533.185 4007.058|-5534.185 4013.318|-5535.499 4019.523|-5537.107 4025.661|-5539.022 4031.710|-5541.224 4037.670|-5543.720 4043.497|-5546.495 4049.212|-5555.890 4067.359|-5640.168 4055.639|-5621.035 3917.847|-5620.294 3913.554|-5619.280 3909.307|-5617.987 3905.148|-5616.428 3901.078|-5614.694 3897.275|-5612.730 3893.595|-5610.535 3890.037|-5608.116 3886.623|-5605.495 3883.376|-5602.678 3880.296|-5599.672 3877.394|-5596.491 3874.681|-5593.150 3872.179|-5589.654 3869.888|-5586.019 3867.820|-5582.265 3865.985|-5578.407 3864.384|-5574.457 3863.027|-5570.424 3861.915|-5566.334 3861.059|-5562.685 3860.336|-5559.071 3859.447|-5555.506 3858.402|-5551.983 3857.212|-5548.515 3855.855|-5545.111 3854.354|-5541.777 3852.709|-5538.512 3850.918|-5535.338 3848.995|-5532.242 3846.926|-5529.243 3844.725|-5526.342 3842.401|-5523.545 3839.943|-5520.861 3837.375|-5518.289 3834.684|-5515.842 3831.893|-5513.514 3828.991|-5511.312 3825.988|-5509.250 3822.897|-5507.321 3819.717|-5505.531 3816.459|-5503.888 3813.123|-5502.392 3809.721|-5501.043 3806.262|-5499.848 3802.738|-5498.806 3799.168|-5497.925 3795.554|-5497.198 3791.918|-5496.632 3788.238|-5496.227 3784.546|-5495.989 3780.832|-5495.905 3777.118|-5495.730 3773.538|-5495.206 3769.991|-5494.332 3766.521|-5493.130 3763.141|-5491.599 3759.905|-5489.754 3756.836|-5487.621 3753.956|-5485.210 3751.299|-5482.560 3748.897|-5479.680 3746.762|-5476.604 3744.916|-5473.368 3743.382|-5469.991 3742.170|-5466.510 3741.302|-5462.966 3740.769|-5459.387 3740.591|-5438.583 3740.602
173 3437 42 ST NW,-5455.661 3775.628|-5489.278 3844.569|-5493.948 3854.454|-5498.380 3864.462|-5502.560 3874.558|-5506.489 3884.766|-5510.166 3895.063|-5513.584 3905.448|-5516.751 3915.923|-5519.652 3926.464|-5521.742 3934.770|-5523.671 3943.121|-5525.440 3951.516|-5527.048 3959.934|-5528.488 3968.373|-5529.767 3976.858|-5530.878 3985.353|-5531.829 3993.870|-5532.486 4000.742|-5533.185 4007.058|-5534.185 4013.318|-5535.499 4019.523|-5537.107 4025.661|-5539.022 4031.710|-5541.224 4037.670|-5543.720 4043.497|-5546.495 4049.212|-5555.890 4067.359|-5640.168 4055.639|-5621.035 3917.847|-5620.294 3913.554|-5619.280 3909.307|-5617.987 3905.148|-5616.428 3901.078|-5614.694 3897.275|-5612.730 3893.595|-5610.535 3890.037|-5608.116 3886.623|-5605.495 3883.376|-5602.678 3880.296|-5599.672 3877.394|-5596.491 3874.681|-5593.150 3872.179|-5589.654 3869.888|-5586.019 3867.820|-5582.265 3865.985|-5578.407 3864.384|-5574.457 3863.027|-5570.424 3861.915|-5566.334 3861.059|-5562.685 3860.336|-5559.071 3859.447|-5555.506 3858.402|-5551.983 3857.212|-5548.515 3855.855|-5545.111 3854.354|-5541.777 3852.709|-5538.512 3850.918|-5535.338 3848.995|-5532.242 3846.926|-5529.243 3844.725|-5526.342 3842.401|-5523.545 3839.943|-5520.861 3837.375|-5518.289 3834.684|-5515.842 3831.893|-5513.514 3828.991|-5511.312 3825.988|-5509.250 3822.897|-5507.321 3819.717|-5505.531 3816.459|-5503.888 3813.123|-5502.392 3809.721|-5501.043 3806.262|-5499.848 3802.738|-5498.806 3799.168|-5497.925 3795.554|-5497.198 3791.918|-5496.632 3788.238|-5496.227 3784.546|-5495.989 3780.832|-5495.905 3777.118|-5495.730 3773.538|-5495.206 3769.991|-5494.332 3766.521|-5493.130 3763.141|-5491.599 3759.905|-5489.754 3756.836|-5487.621 3753.956|-5485.210 3751.299|-5482.560 3748.897|-5479.680 3746.762|-5476.604 3744.916|-5473.368 3743.382|-5469.991 3742.170|-5466.510 3741.302|-5462.966 3740.769|-5459.387 3740.591|-5438.583 3740.602
174 3335 42 ST NW,-5455.661 3775.628|-5489.278 3844.569|-5493.948 3854.454|-5498.380 3864.462|-5502.560 3874.558|-5506.489 3884.766|-5510.166 3895.063|-5513.584 3905.448|-5516.751 3915.923|-5519.652 3926.464|-5521.742 3934.770|-5523.671 3943.121|-5525.440 3951.516|-5527.048 3959.934|-5528.488 3968.373|-5529.767 3976.858|-5530.878 3985.353|-5531.829 3993.870|-5532.486 4000.742|-5533.185 4007.058|-5534.185 4013.318|-5535.499 4019.523|-5537.107 4025.661|-5539.022 4031.710|-5541.224 4037.670|-5543.720 4043.497|-5546.495 4049.212|-5555.890 4067.359|-5640.168 4055.639|-5621.035 3917.847|-5620.294 3913.554|-5619.280 3909.307|-5617.987 3905.148|-5616.428 3901.078|-5614.694 3897.275|-5612.730 3893.595|-5610.535 3890.037|-5608.116 3886.623|-5605.495 3883.376|-5602.678 3880.296|-5599.672 3877.394|-5596.491 3874.681|-5593.150 3872.179|-5589.654 3869.888|-5586.019 3867.820|-5582.265 3865.985|-5578.407 3864.384|-5574.457 3863.027|-5570.424 3861.915|-5566.334 3861.059|-5562.685 3860.336|-5559.071 3859.447|-5555.506 3858.402|-5551.983 3857.212|-5548.515 3855.855|-5545.111 3854.354|-5541.777 3852.709|-5538.512 3850.918|-5535.338 3848.995|-5532.242 3846.926|-5529.243 3844.725|-5526.342 3842.401|-5523.545 3839.943|-5520.861 3837.375|-5518.289 3834.684|-5515.842 3831.893|-5513.514 3828.991|-5511.312 3825.988|-5509.250 3822.897|-5507.321 3819.717|-5505.531 3816.459|-5503.888 3813.123|-5502.392 3809.721|-5501.043 3806.262|-5499.848 3802.738|-5498.806 3799.168|-5497.925 3795.554|-5497.198 3791.918|-5496.632 3788.238|-5496.227 3784.546|-5495.989 3780.832|-5495.905 3777.118|-5495.730 3773.538|-5495.206 3769.991|-5494.332 3766.521|-5493.130 3763.141|-5491.599 3759.905|-5489.754 3756.836|-5487.621 3753.956|-5485.210 3751.299|-5482.560 3748.897|-5479.680 3746.762|-5476.604 3744.916|-5473.368 3743.382|-5469.991 3742.170|-5466.510 3741.302|-5462.966 3740.769|-5459.387 3740.591|-5438.583 3740.602
175 3437 42 ST NW,-5455.661 3775.628|-5489.278 3844.569|-5493.948 3854.454|-5498.380 3864.462|-5502.560 3874.558|-5506.489 3884.766|-5510.166 3895.063|-5513.584 3905.448|-5516.751 3915.923|-5519.652 3926.464|-5521.742 3934.770|-5523.671 3943.121|-5525.440 3951.516|-5527.048 3959.934|-5528.488 3968.373|-5529.767 3976.858|-5530.878 3985.353|-5531.829 3993.870|-5532.486 4000.742|-5533.185 4007.058|-5534.185 4013.318|-5535.499 4019.523|-5537.107 4025.661|-5539.022 4031.710|-5541.224 4037.670|-5543.720 4043.497|-5546.495 4049.212|-5555.890 4067.359|-5640.168 4055.639|-5621.035 3917.847|-5620.294 3913.554|-5619.280 3909.307|-5617.987 3905.148|-5616.428 3901.078|-5614.694 3897.275|-5612.730 3893.595|-5610.535 3890.037|-5608.116 3886.623|-5605.495 3883.376|-5602.678 3880.296|-5599.672 3877.394|-5596.491 3874.681|-5593.150 3872.179|-5589.654 3869.888|-5586.019 3867.820|-5582.265 3865.985|-5578.407 3864.384|-5574.457 3863.027|-5570.424 3861.915|-5566.334 3861.059|-5562.685 3860.336|-5559.071 3859.447|-5555.506 3858.402|-5551.983 3857.212|-5548.515 3855.855|-5545.111 3854.354|-5541.777 3852.709|-5538.512 3850.918|-5535.338 3848.995|-5532.242 3846.926|-5529.243 3844.725|-5526.342 3842.401|-5523.545 3839.943|-5520.861 3837.375|-5518.289 3834.684|-5515.842 3831.893|-5513.514 3828.991|-5511.312 3825.988|-5509.250 3822.897|-5507.321 3819.717|-5505.531 3816.459|-5503.888 3813.123|-5502.392 3809.721|-5501.043 3806.262|-5499.848 3802.738|-5498.806 3799.168|-5497.925 3795.554|-5497.198 3791.918|-5496.632 3788.238|-5496.227 3784.546|-5495.989 3780.832|-5495.905 3777.118|-5495.730 3773.538|-5495.206 3769.991|-5494.332 3766.521|-5493.130 3763.141|-5491.599 3759.905|-5489.754 3756.836|-5487.621 3753.956|-5485.210 3751.299|-5482.560 3748.897|-5479.680 3746.762|-5476.604 3744.916|-5473.368 3743.382|-5469.991 3742.170|-5466.510 3741.302|-5462.966 3740.769|-5459.387 3740.591|-5438.583 3740.602
176 3335 42 ST NW,-5455.661 3775.628|-5489.278 3844.569|-5493.948 3854.454|-5498.380 3864.462|-5502.560 3874.558|-5506.489 3884.766|-5510.166 3895.063|-5513.584 3905.448|-5516.751 3915.923|-5519.652 3926.464|-5521.742 3934.770|-5523.671 3943.121|-5525.440 3951.516|-5527.048 3959.934|-5528.488 3968.373|-5529.767 3976.858|-5530.878 3985.353|-5531.829 3993.870|-5532.486 4000.742|-5533.185 4007.058|-5534.185 4013.318|-5535.499 4019.523|-5537.107 4025.661|-5539.022 4031.710|-5541.224 4037.670|-5543.720 4043.497|-5546.495 4049.212|-5555.890 4067.359|-5640.168 4055.639|-5621.035 3917.847|-5620.294 3913.554|-5619.280 3909.307|-5617.987 3905.148|-5616.428 3901.078|-5614.694 3897.275|-5612.730 3893.595|-5610.535 3890.037|-5608.116 3886.623|-5605.495 3883.376|-5602.678 3880.296|-5599.672 3877.394|-5596.491 3874.681|-5593.150 3872.179|-5589.654 3869.888|-5586.019 3867.820|-5582.265 3865.985|-5578.407 3864.384|-5574.457 3863.027|-5570.424 3861.915|-5566.334 3861.059|-5562.685 3860.336|-5559.071 3859.447|-5555.506 3858.402|-5551.983 3857.212|-5548.515 3855.855|-5545.111 3854.354|-5541.777 3852.709|-5538.512 3850.918|-5535.338 3848.995|-5532.242 3846.926|-5529.243 3844.725|-5526.342 3842.401|-5523.545 3839.943|-5520.861 3837.375|-5518.289 3834.684|-5515.842 3831.893|-5513.514 3828.991|-5511.312 3825.988|-5509.250 3822.897|-5507.321 3819.717|-5505.531 3816.459|-5503.888 3813.123|-5502.392 3809.721|-5501.043 3806.262|-5499.848 3802.738|-5498.806 3799.168|-5497.925 3795.554|-5497.198 3791.918|-5496.632 3788.238|-5496.227 3784.546|-5495.989 3780.832|-5495.905 3777.118|-5495.730 3773.538|-5495.206 3769.991|-5494.332 3766.521|-5493.130 3763.141|-5491.599 3759.905|-5489.754 3756.836|-5487.621 3753.956|-5485.210 3751.299|-5482.560 3748.897|-5479.680 3746.762|-5476.604 3744.916|-5473.368 3743.382|-5469.991 3742.170|-5466.510 3741.302|-5462.966 3740.769|-5459.387 3740.591|-5438.583 3740.602
177 3437 42 ST NW,-5455.661 3775.628|-5489.278 3844.569|-5493.948 3854.454|-5498.380 3864.462|-5502.560 3874.558|-5506.489 3884.766|-5510.166 3895.063|-5513.584 3905.448|-5516.751 3915.923|-5519.652 3926.464|-5521.742 3934.770|-5523.671 3943.121|-5525.440 3951.516|-5527.048 3959.934|-5528.488 3968.373|-5529.767 3976.858|-5530.878 3985.353|-5531.829 3993.870|-5532.486 4000.742|-5533.185 4007.058|-5534.185 4013.318|-5535.499 4019.523|-5537.107 4025.661|-5539.022 4031.710|-5541.224 4037.670|-5543.720 4043.497|-5546.495 4049.212|-5555.890 4067.359|-5640.168 4055.639|-5621.035 3917.847|-5620.294 3913.554|-5619.280 3909.307|-5617.987 3905.148|-5616.428 3901.078|-5614.694 3897.275|-5612.730 3893.595|-5610.535 3890.037|-5608.116 3886.623|-5605.495 3883.376|-5602.678 3880.296|-5599.672 3877.394|-5596.491 3874.681|-5593.150 3872.179|-5589.654 3869.888|-5586.019 3867.820|-5582.265 3865.985|-5578.407 3864.384|-5574.457 3863.027|-5570.424 3861.915|-5566.334 3861.059|-5562.685 3860.336|-5559.071 3859.447|-5555.506 3858.402|-5551.983 3857.212|-5548.515 3855.855|-5545.111 3854.354|-5541.777 3852.709|-5538.512 3850.918|-5535.338 3848.995|-5532.242 3846.926|-5529.243 3844.725|-5526.342 3842.401|-5523.545 3839.943|-5520.861 3837.375|-5518.289 3834.684|-5515.842 3831.893|-5513.514 3828.991|-5511.312 3825.988|-5509.250 3822.897|-5507.321 3819.717|-5505.531 3816.459|-5503.888 3813.123|-5502.392 3809.721|-5501.043 3806.262|-5499.848 3802.738|-5498.806 3799.168|-5497.925 3795.554|-5497.198 3791.918|-5496.632 3788.238|-5496.227 3784.546|-5495.989 3780.832|-5495.905 3777.118|-5495.730 3773.538|-5495.206 3769.991|-5494.332 3766.521|-5493.130 3763.141|-5491.599 3759.905|-5489.754 3756.836|-5487.621 3753.956|-5485.210 3751.299|-5482.560 3748.897|-5479.680 3746.762|-5476.604 3744.916|-5473.368 3743.382|-5469.991 3742.170|-5466.510 3741.302|-5462.966 3740.769|-5459.387 3740.591|-5438.583 3740.602
178 3335 42 ST NW,-5455.661 3775.628|-5489.278 3844.569|-5493.948 3854.454|-5498.380 3864.462|-5502.560 3874.558|-5506.489 3884.766|-5510.166 3895.063|-5513.584 3905.448|-5516.751 3915.923|-5519.652 3926.464|-5521.742 3934.770|-5523.671 3943.121|-5525.440 3951.516|-5527.048 3959.934|-5528.488 3968.373|-5529.767 3976.858|-5530.878 3985.353|-5531.829 3993.870|-5532.486 4000.742|-5533.185 4007.058|-5534.185 4013.318|-5535.499 4019.523|-5537.107 4025.661|-5539.022 4031.710|-5541.224 4037.670|-5543.720 4043.497|-5546.495 4049.212|-5555.890 4067.359|-5640.168 4055.639|-5621.035 3917.847|-5620.294 3913.554|-5619.280 3909.307|-5617.987 3905.148|-5616.428 3901.078|-5614.694 3897.275|-5612.730 3893.595|-5610.535 3890.037|-5608.116 3886.623|-5605.495 3883.376|-5602.678 3880.296|-5599.672 3877.394|-5596.491 3874.681|-5593.150 3872.179|-5589.654 3869.888|-5586.019 3867.820|-5582.265 3865.985|-5578.407 3864.384|-5574.457 3863.027|-5570.424 3861.915|-5566.334 3861.059|-5562.685 3860.336|-5559.071 3859.447|-5555.506 3858.402|-5551.983 3857.212|-5548.515 3855.855|-5545.111 3854.354|-5541.777 3852.709|-5538.512 3850.918|-5535.338 3848.995|-5532.242 3846.926|-5529.243 3844.725|-5526.342 3842.401|-5523.545 3839.943|-5520.861 3837.375|-5518.289 3834.684|-5515.842 3831.893|-5513.514 3828.991|-5511.312 3825.988|-5509.250 3822.897|-5507.321 3819.717|-5505.531 3816.459|-5503.888 3813.123|-5502.392 3809.721|-5501.043 3806.262|-5499.848 3802.738|-5498.806 3799.168|-5497.925 3795.554|-5497.198 3791.918|-5496.632 3788.238|-5496.227 3784.546|-5495.989 3780.832|-5495.905 3777.118|-5495.730 3773.538|-5495.206 3769.991|-5494.332 3766.521|-5493.130 3763.141|-5491.599 3759.905|-5489.754 3756.836|-5487.621 3753.956|-5485.210 3751.299|-5482.560 3748.897|-5479.680 3746.762|-5476.604 3744.916|-5473.368 3743.382|-5469.991 3742.170|-5466.510 3741.302|-5462.966 3740.769|-5459.387 3740.591|-5438.583 3740.602
179 3437 42 ST NW,-5455.661 3775.628|-5489.278 3844.569|-5493.948 3854.454|-5498.380 3864.462|-5502.560 3874.558|-5506.489 3884.766|-5510.166 3895.063|-5513.584 3905.448|-5516.751 3915.923|-5519.652 3926.464|-5521.742 3934.770|-5523.671 3943.121|-5525.440 3951.516|-5527.048 3959.934|-5528.488 3968.373|-5529.767 3976.858|-5530.878 3985.353|-5531.829 3993.870|-5532.486 4000.742|-5533.185 4007.058|-5534.185 4013.318|-5535.499 4019.523|-5537.107 4025.661|-5539.022 4031.710|-5541.224 4037.670|-5543.720 4043.497|-5546.495 4049.212|-5555.890 4067.359|-5640.168 4055.639|-5621.035 3917.847|-5620.294 3913.554|-5619.280 3909.307|-5617.987 3905.148|-5616.428 3901.078|-5614.694 3897.275|-5612.730 3893.595|-5610.535 3890.037|-5608.116 3886.623|-5605.495 3883.376|-5602.678 3880.296|-5599.672 3877.394|-5596.491 3874.681|-5593.150 3872.179|-5589.654 3869.888|-5586.019 3867.820|-5582.265 3865.985|-5578.407 3864.384|-5574.457 3863.027|-5570.424 3861.915|-5566.334 3861.059|-5562.685 3860.336|-5559.071 3859.447|-5555.506 3858.402|-5551.983 3857.212|-5548.515 3855.855|-5545.111 3854.354|-5541.777 3852.709|-5538.512 3850.918|-5535.338 3848.995|-5532.242 3846.926|-5529.243 3844.725|-5526.342 3842.401|-5523.545 3839.943|-5520.861 3837.375|-5518.289 3834.684|-5515.842 3831.893|-5513.514 3828.991|-5511.312 3825.988|-5509.250 3822.897|-5507.321 3819.717|-5505.531 3816.459|-5503.888 3813.123|-5502.392 3809.721|-5501.043 3806.262|-5499.848 3802.738|-5498.806 3799.168|-5497.925 3795.554|-5497.198 3791.918|-5496.632 3788.238|-5496.227 3784.546|-5495.989 3780.832|-5495.905 3777.118|-5495.730 3773.538|-5495.206 3769.991|-5494.332 3766.521|-5493.130 3763.141|-5491.599 3759.905|-5489.754 3756.836|-5487.621 3753.956|-5485.210 3751.299|-5482.560 3748.897|-5479.680 3746.762|-5476.604 3744.916|-5473.368 3743.382|-5469.991 3742.170|-5466.510 3741.302|-5462.966 3740.769|-5459.387 3740.591|-5438.583 3740.602
180 3335 42 ST NW,-5455.661 3775.628|-5489.278 3844.569|-5493.948 3854.454|-5498.380 3864.462|-5502.560 3874.558|-5506.489 3884.766|-5510.166 3895.063|-5513.584 3905.448|-5516.751 3915.923|-5519.652 3926.464|-5521.742 3934.770|-5523.671 3943.121|-5525.440 3951.516|-5527.048 3959.934|-5528.488 3968.373|-5529.767 3976.858|-5530.878 3985.353|-5531.829 3993.870|-5532.486 4000.742|-5533.185 4007.058|-5534.185 4013.318|-5535.499 4019.523|-5537.107 4025.661|-5539.022 4031.710|-5541.224 4037.670|-5543.720 4043.497|-5546.495 4049.212|-5555.890 4067.359|-5640.168 4055.639|-5621.035 3917.847|-5620.294 3913.554|-5619.280 3909.307|-5617.987 3905.148|-5616.428 3901.078|-5614.694 3897.275|-5612.730 3893.595|-5610.535 3890.037|-5608.116 3886.623|-5605.495 3883.376|-5602.678 3880.296|-5599.672 3877.394|-5596.491 3874.681|-5593.150 3872.179|-5589.654 3869.888|-5586.019 3867.820|-5582.265 3865.985|-5578.407 3864.384|-5574.457 3863.027|-5570.424 3861.915|-5566.334 3861.059|-5562.685 3860.336|-5559.071 3859.447|-5555.506 3858.402|-5551.983 3857.212|-5548.515 3855.855|-5545.111 3854.354|-5541.777 3852.709|-5538.512 3850.918|-5535.338 3848.995|-5532.242 3846.926|-5529.243 3844.725|-5526.342 3842.401|-5523.545 3839.943|-5520.861 3837.375|-5518.289 3834.684|-5515.842 3831.893|-5513.514 3828.991|-5511.312 3825.988|-5509.250 3822.897|-5507.321 3819.717|-5505.531 3816.459|-5503.888 3813.123|-5502.392 3809.721|-5501.043 3806.262|-5499.848 3802.738|-5498.806 3799.168|-5497.925 3795.554|-5497.198 3791.918|-5496.632 3788.238|-5496.227 3784.546|-5495.989 3780.832|-5495.905 3777.118|-5495.730 3773.538|-5495.206 3769.991|-5494.332 3766.521|-5493.130 3763.141|-5491.599 3759.905|-5489.754 3756.836|-5487.621 3753.956|-5485.210 3751.299|-5482.560 3748.897|-5479.680 3746.762|-5476.604 3744.916|-5473.368 3743.382|-5469.991 3742.170|-5466.510 3741.302|-5462.966 3740.769|-5459.387 3740.591|-5438.583 3740.602
181 3437 42 ST NW,-5455.661 3775.628|-5489.278 3844.569|-5493.948 3854.454|-5498.380 3864.462|-5502.560 3874.558|-5506.489 3884.766|-5510.166 3895.063|-5513.584 3905.448|-5516.751 3915.923|-5519.652 3926.464|-5521.742 3934.770|-5523.671 3943.121|-5525.440 3951.516|-5527.048 3959.934|-5528.488 3968.373|-5529.767 3976.858|-5530.878 3985.353|-5531.829 3993.870|-5532.486 4000.742|-5533.185 4007.058|-5534.185 4013.318|-5535.499 4019.523|-5537.107 4025.661|-5539.022 4031.710|-5541.224 4037.670|-5543.720 4043.497|-5546.495 4049.212|-5555.890 4067.359|-5640.168 4055.639|-5621.035 3917.847|-5620.294 3913.554|-5619.280 3909.307|-5617.987 3905.148|-5616.428 3901.078|-5614.694 3897.275|-5612.730 3893.595|-5610.535 3890.037|-5608.116 3886.623|-5605.495 3883.376|-5602.678 3880.296|-5599.672 3877.394|-5596.491 3874.681|-5593.150 3872.179|-5589.654 3869.888|-5586.019 3867.820|-5582.265 3865.985|-5578.407 3864.384|-5574.457 3863.027|-5570.424 3861.915|-5566.334 3861.059|-5562.685 3860.336|-5559.071 3859.447|-5555.506 3858.402|-5551.983 3857.212|-5548.515 3855.855|-5545.111 3854.354|-5541.777 3852.709|-5538.512 3850.918|-5535.338 3848.995|-5532.242 3846.926|-5529.243 3844.725|-5526.342 3842.401|-5523.545 3839.943|-5520.861 3837.375|-5518.289 3834.684|-5515.842 3831.893|-5513.514 3828.991|-5511.312 3825.988|-5509.250 3822.897|-5507.321 3819.717|-5505.531 3816.459|-5503.888 3813.123|-5502.392 3809.721|-5501.043 3806.262|-5499.848 3802.738|-5498.806 3799.168|-5497.925 3795.554|-5497.198 3791.918|-5496.632 3788.238|-5496.227 3784.546|-5495.989 3780.832|-5495.905 3777.118|-5495.730 3773.538|-5495.206 3769.991|-5494.332 3766.521|-5493.130 3763.141|-5491.599 3759.905|-5489.754 3756.836|-5487.621 3753.956|-5485.210 3751.299|-5482.560 3748.897|-5479.680 3746.762|-5476.604 3744.916|-5473.368 3743.382|-5469.991 3742.170|-5466.510 3741.302|-5462.966 3740.769|-5459.387 3740.591|-5438.583 3740.602
182 3437 42 ST NW,-5455.661 3775.628|-5489.278 3844.569|-5493.948 3854.454|-5498.380 3864.462|-5502.560 3874.558|-5506.489 3884.766|-5510.166 3895.063|-5513.584 3905.448|-5516.751 3915.923|-5519.652 3926.464|-5521.742 3934.770|-5523.671 3943.121|-5525.440 3951.516|-5527.048 3959.934|-5528.488 3968.373|-5529.767 3976.858|-5530.878 3985.353|-5531.829 3993.870|-5532.486 4000.742|-5533.185 4007.058|-5534.185 4013.318|-5535.499 4019.523|-5537.107 4025.661|-5539.022 4031.710|-5541.224 4037.670|-5543.720 4043.497|-5546.495 4049.212|-5555.890 4067.359|-5640.168 4055.639|-5621.035 3917.847|-5620.294 3913.554|-5619.280 3909.307|-5617.987 3905.148|-5616.428 3901.078|-5614.694 3897.275|-5612.730 3893.595|-5610.535 3890.037|-5608.116 3886.623|-5605.495 3883.376|-5602.678 3880.296|-5599.672 3877.394|-5596.491 3874.681|-5593.150 3872.179|-5589.654 3869.888|-5586.019 3867.820|-5582.265 3865.985|-5578.407 3864.384|-5574.457 3863.027|-5570.424 3861.915|-5566.334 3861.059|-5562.685 3860.336|-5559.071 3859.447|-5555.506 3858.402|-5551.983 3857.212|-5548.515 3855.855|-5545.111 3854.354|-5541.777 3852.709|-5538.512 3850.918|-5535.338 3848.995|-5532.242 3846.926|-5529.243 3844.725|-5526.342 3842.401|-5523.545 3839.943|-5520.861 3837.375|-5518.289 3834.684|-5515.842 3831.893|-5513.514 3828.991|-5511.312 3825.988|-5509.250 3822.897|-5507.321 3819.717|-5505.531 3816.459|-5503.888 3813.123|-5502.392 3809.721|-5501.043 3806.262|-5499.848 3802.738|-5498.806 3799.168|-5497.925 3795.554|-5497.198 3791.918|-5496.632 3788.238|-5496.227 3784.546|-5495.989 3780.832|-5495.905 3777.118|-5495.730 3773.538|-5495.206 3769.991|-5494.332 3766.521|-5493.130 3763.141|-5491.599 3759.905|-5489.754 3756.836|-5487.621 3753.956|-5485.210 3751.299|-5482.560 3748.897|-5479.680 3746.762|-5476.604 3744.916|-5473.368 3743.382|-5469.991 3742.170|-5466.510 3741.302|-5462.966 3740.769|-5459.387 3740.591|-5438.583 3740.602
183 3437 42 ST NW,-5455.661 3775.628|-5489.278 3844.569|-5493.948 3854.454|-5498.380 3864.462|-5502.560 3874.558|-5506.489 3884.766|-5510.166 3895.063|-5513.584 3905.448|-5516.751 3915.923|-5519.652 3926.464|-5521.742 3934.770|-5523.671 3943.121|-5525.440 3951.516|-5527.048 3959.934|-5528.488 3968.373|-5529.767 3976.858|-5530.878 3985.353|-5531.829 3993.870|-5532.486 4000.742|-5533.185 4007.058|-5534.185 4013.318|-5535.499 4019.523|-5537.107 4025.661|-5539.022 4031.710|-5541.224 4037.670|-5543.720 4043.497|-5546.495 4049.212|-5555.890 4067.359|-5640.168 4055.639|-5621.035 3917.847|-5620.294 3913.554|-5619.280 3909.307|-5617.987 3905.148|-5616.428 3901.078|-5614.694 3897.275|-5612.730 3893.595|-5610.535 3890.037|-5608.116 3886.623|-5605.495 3883.376|-5602.678 3880.296|-5599.672 3877.394|-5596.491 3874.681|-5593.150 3872.179|-5589.654 3869.888|-5586.019 3867.820|-5582.265 3865.985|-5578.407 3864.384|-5574.457 3863.027|-5570.424 3861.915|-5566.334 3861.059|-5562.685 3860.336|-5559.071 3859.447|-5555.506 3858.402|-5551.983 3857.212|-5548.515 3855.855|-5545.111 3854.354|-5541.777 3852.709|-5538.512 3850.918|-5535.338 3848.995|-5532.242 3846.926|-5529.243 3844.725|-5526.342 3842.401|-5523.545 3839.943|-5520.861 3837.375|-5518.289 3834.684|-5515.842 3831.893|-5513.514 3828.991|-5511.312 3825.988|-5509.250 3822.897|-5507.321 3819.717|-5505.531 3816.459|-5503.888 3813.123|-5502.392 3809.721|-5501.043 3806.262|-5499.848 3802.738|-5498.806 3799.168|-5497.925 3795.554|-5497.198 3791.918|-5496.632 3788.238|-5496.227 3784.546|-5495.989 3780.832|-5495.905 3777.118|-5495.730 3773.538|-5495.206 3769.991|-5494.332 3766.521|-5493.130 3763.141|-5491.599 3759.905|-5489.754 3756.836|-5487.621 3753.956|-5485.210 3751.299|-5482.560 3748.897|-5479.680 3746.762|-5476.604 3744.916|-5473.368 3743.382|-5469.991 3742.170|-5466.510 3741.302|-5462.966 3740.769|-5459.387 3740.591|-5438.583 3740.602
11 VARSITY ESTATES VW NW,-6712.437 6372.408|-6781.657 6433.120|-6790.101 6420.455|-6791.786 6417.931|-6846.675 6335.591|-6770.828 6284.831|-6750.563 6315.231|-6732.528 6342.285
4824 VARSITY DR NW,-5920.633 5111.913|-5941.101 5117.762|-5949.433 5088.473|-5928.965 5082.624|-5928.462 5084.381|-5921.870 5107.554
4828 VARSITY DR NW,-5941.101 5117.762|-5961.562 5123.622|-5969.901 5094.322|-5949.433 5088.473
4832 VARSITY DR NW,-5961.562 5123.622|-5982.030 5129.471|-5990.370 5100.182|-5969.901 5094.322
4836 VARSITY DR NW,-5982.030 5129.471|-6007.832 5136.843|-6009.481 5110.290|-6005.378 5104.463|-5990.370 5100.182
4819 VARSITY DR NW,-5892.272 5040.715|-5893.817 5042.550|-5895.502 5044.251|-5897.312 5045.819|-5899.249 5047.231|-5901.283 5048.499|-5903.415 5049.588|-5905.624 5050.523|-5907.903 5051.268|-5922.814 5055.537|-5931.419 5025.359|-5894.824 5014.896|-5893.733 5027.828
4823 VARSITY DR NW,-5922.814 5055.537|-5940.940 5060.719|-5949.552 5030.541|-5931.419 5025.359
4827 VARSITY DR NW,-5940.940 5060.719|-5959.073 5065.901|-5967.678 5035.734|-5949.552 5030.541
4831 VARSITY DR NW,-5959.073 5065.901|-5977.206 5071.082|-5985.812 5040.915|-5967.678 5035.734
4835 VARSITY DR NW,-5977.206 5071.082|-5995.333 5076.264|-6003.945 5046.097|-5985.812 5040.915
4903 VARSITY DR NW,-6013.466 5081.457|-6033.305 5087.128|-6039.408 5055.904|-6035.549 5055.048|-6031.725 5054.036|-6022.078 5051.279
4907 VARSITY DR NW,-6039.408 5055.904|-6037.653 5064.867|-6033.305 5087.128|-6035.752 5087.828|-6042.281 5089.363|-6048.929 5090.275|-6055.633 5090.542|-6056.045 5057.595|-6048.439 5057.205|-6040.897 5056.182
4911 VARSITY DR NW,-6056.045 5057.595|-6055.633 5090.542|-6062.609 5090.141|-6069.509 5089.052|-6077.995 5087.295|-6074.255 5065.289|-6072.724 5056.282|-6071.228 5056.527|-6063.658 5057.372
4915 VARSITY DR NW,-6072.724 5056.282|-6077.995 5087.295|-6094.416 5083.881|-6097.953 5078.477|-6092.500 5052.235|-6076.010 5055.660
1 5315 53 AV NW,-6342.130 5933.677|-6286.598 5933.722|-6276.755 5989.108|-6278.615 5990.464|-6280.586 5991.665|-6282.648 5992.688|-6284.787 5993.533|-6286.989 5994.212|-6289.240 5994.690|-6291.526 5994.979|-6293.833 5995.068|-6365.891 5995.001|-6365.891 5980.657|-6365.884 5967.047|-6365.884 5961.543|-6365.884 5961.042|-6365.877 5958.051|-6365.856 5933.666|-6361.899 5933.666
2 5315 53 AV NW,-6342.130 5933.677|-6286.598 5933.722|-6276.755 5989.108|-6278.615 5990.464|-6280.586 5991.665|-6282.648 5992.688|-6284.787 5993.533|-6286.989 5994.212|-6289.240 5994.690|-6291.526 5994.979|-6293.833 5995.068|-6365.891 5995.001|-6365.891 5980.657|-6365.884 5967.047|-6365.884 5961.543|-6365.884 5961.042|-6365.877 5958.051|-6365.856 5933.666|-6361.899 5933.666
3 5315 53 AV NW,-6342.130 5933.677|-6286.598 5933.722|-6276.755 5989.108|-6278.615 5990.464|-6280.586 5991.665|-6282.648 5992.688|-6284.787 5993.533|-6286.989 5994.212|-6289.240 5994.690|-6291.526 5994.979|-6293.833 5995.068|-6365.891 5995.001|-6365.891 5980.657|-6365.884 5967.047|-6365.884 5961.543|-6365.884 5961.042|-6365.877 5958.051|-6365.856 5933.666|-6361.899 5933.666
4 5315 53 AV NW,-6342.130 5933.677|-6286.598 5933.722|-6276.755 5989.108|-6278.615 5990.464|-6280.586 5991.665|-6282.648 5992.688|-6284.787 5993.533|-6286.989 5994.212|-6289.240 5994.690|-6291.526 5994.979|-6293.833 5995.068|-6365.891 5995.001|-6365.891 5980.657|-6365.884 5967.047|-6365.884 5961.543|-6365.884 5961.042|-6365.877 5958.051|-6365.856 5933.666|-6361.899 5933.666
5 5315 53 AV NW,-6342.130 5933.677|-6286.598 5933.722|-6276.755 5989.108|-6278.615 5990.464|-6280.586 5991.665|-6282.648 5992.688|-6284.787 5993.533|-6286.989 5994.212|-6289.240 5994.690|-6291.526 5994.979|-6293.833 5995.068|-6365.891 5995.001|-6365.891 5980.657|-6365.884 5967.047|-6365.884 5961.543|-6365.884 5961.042|-6365.877 5958.051|-6365.856 5933.666|-6361.899 5933.666
6 5315 53 AV NW,-6342.130 5933.677|-6286.598 5933.722|-6276.755 5989.108|-6278.615 5990.464|-6280.586 5991.665|-6282.648 5992.688|-6284.787 5993.533|-6286.989 5994.212|-6289.240 5994.690|-6291.526 5994.979|-6293.833 5995.068|-6365.891 5995.001|-6365.891 5980.657|-6365.884 5967.047|-6365.884 5961.543|-6365.884 5961.042|-6365.877 5958.051|-6365.856 5933.666|-6361.899 5933.666
7 5315 53 AV NW,-6342.130 5933.677|-6286.598 5933.722|-6276.755 5989.108|-6278.615 5990.464|-6280.586 5991.665|-6282.648 5992.688|-6284.787 5993.533|-6286.989 5994.212|-6289.240 5994.690|-6291.526 5994.979|-6293.833 5995.068|-6365.891 5995.001|-6365.891 5980.657|-6365.884 5967.047|-6365.884 5961.543|-6365.884 5961.042|-6365.877 5958.051|-6365.856 5933.666|-6361.899 5933.666
8 5315 53 AV NW,-6342.130 5933.677|-6286.598 5933.722|-6276.755 5989.108|-6278.615 5990.464|-6280.586 5991.665|-6282.648 5992.688|-6284.787 5993.533|-6286.989 5994.212|-6289.240 5994.690|-6291.526 5994.979|-6293.833 5995.068|-6365.891 5995.001|-6365.891 5980.657|-6365.884 5967.047|-6365.884 5961.543|-6365.884 5961.042|-6365.877 5958.051|-6365.856 5933.666|-6361.899 5933.666
9 5315 53 AV NW,-6342.130 5933.677|-6286.598 5933.722|-6276.755 5989.108|-6278.615 5990.464|-6280.586 5991.665|-6282.648 5992.688|-6284.787 5993.533|-6286.989 5994.212|-6289.240 5994.690|-6291.526 5994.979|-6293.833 5995.068|-6365.891 5995.001|-6365.891 5980.657|-6365.884 5967.047|-6365.884 5961.543|-6365.884 5961.042|-6365.877 5958.051|-6365.856 5933.666|-6361.899 5933.666
10 5315 53 AV NW,-6342.130 5933.677|-6286.598 5933.722|-6276.755 5989.108|-6278.615 5990.464|-6280.586 5991.665|-6282.648 5992.688|-6284.787 5993.533|-6286.989 5994.212|-6289.240 5994.690|-6291.526 5994.979|-6293.833 5995.068|-6365.891 5995.001|-6365.891 5980.657|-6365.884 5967.047|-6365.884 5961.543|-6365.884 5961.042|-6365.877 5958.051|-6365.856 5933.666|-6361.899 5933.666
11 5315 53 AV NW,-6342.130 5933.677|-6286.598 5933.722|-6276.755 5989.108|-6278.615 5990.464|-6280.586 5991.665|-6282.648 5992.688|-6284.787 5993.533|-6286.989 5994.212|-6289.240 5994.690|-6291.526 5994.979|-6293.833 5995.068|-6365.891 5995.001|-6365.891 5980.657|-6365.884 5967.047|-6365.884 5961.543|-6365.884 5961.042|-6365.877 5958.051|-6365.856 5933.666|-6361.899 5933.666
12 5315 53 AV NW,-6342.130 5933.677|-6286.598 5933.722|-6276.755 5989.108|-6278.615 5990.464|-6280.586 5991.665|-6282.648 5992.688|-6284.787 5993.533|-6286.989 5994.212|-6289.240 5994.690|-6291.526 5994.979|-6293.833 5995.068|-6365.891 5995.001|-6365.891 5980.657|-6365.884 5967.047|-6365.884 5961.543|-6365.884 5961.042|-6365.877 5958.051|-6365.856 5933.666|-6361.899 5933.666
11A 5315 53 AV NW,-6342.130 5933.677|-6286.598 5933.722|-6276.755 5989.108|-6278.615 5990.464|-6280.586 5991.665|-6282.648 5992.688|-6284.787 5993.533|-6286.989 5994.212|-6289.240 5994.690|-6291.526 5994.979|-6293.833 5995.068|-6365.891 5995.001|-6365.891 5980.657|-6365.884 5967.047|-6365.884 5961.543|-6365.884 5961.042|-6365.877 5958.051|-6365.856 5933.666|-6361.899 5933.666
14 5315 53 AV NW,-6342.130 5933.677|-6286.598 5933.722|-6276.755 5989.108|-6278.615 5990.464|-6280.586 5991.665|-6282.648 5992.688|-6284.787 5993.533|-6286.989 5994.212|-6289.240 5994.690|-6291.526 5994.979|-6293.833 5995.068|-6365.891 5995.001|-6365.891 5980.657|-6365.884 5967.047|-6365.884 5961.543|-6365.884 5961.042|-6365.877 5958.051|-6365.856 5933.666|-6361.899 5933.666
15 5315 53 AV NW,-6342.130 5933.677|-6286.598 5933.722|-6276.755 5989.108|-6278.615 5990.464|-6280.586 5991.665|-6282.648 5992.688|-6284.787 5993.533|-6286.989 5994.212|-6289.240 5994.690|-6291.526 5994.979|-6293.833 5995.068|-6365.891 5995.001|-6365.891 5980.657|-6365.884 5967.047|-6365.884 5961.543|-6365.884 5961.042|-6365.877 5958.051|-6365.856 5933.666|-6361.899 5933.666
16 5315 53 AV NW,-6342.130 5933.677|-6286.598 5933.722|-6276.755 5989.108|-6278.615 5990.464|-6280.586 5991.665|-6282.648 5992.688|-6284.787 5993.533|-6286.989 5994.212|-6289.240 5994.690|-6291.526 5994.979|-6293.833 5995.068|-6365.891 5995.001|-6365.891 5980.657|-6365.884 5967.047|-6365.884 5961.543|-6365.884 5961.042|-6365.877 5958.051|-6365.856 5933.666|-6361.899 5933.666
17 5315 53 AV NW,-6342.130 5933.677|-6286.598 5933.722|-6276.755 5989.108|-6278.615 5990.464|-6280.586 5991.665|-6282.648 5992.688|-6284.787 5993.533|-6286.989 5994.212|-6289.240 5994.690|-6291.526 5994.979|-6293.833 5995.068|-6365.891 5995.001|-6365.891 5980.657|-6365.884 5967.047|-6365.884 5961.543|-6365.884 5961.042|-6365.877 5958.051|-6365.856 5933.666|-6361.899 5933.666
18 5315 53 AV NW,-6342.130 5933.677|-6286.598 5933.722|-6276.755 5989.108|-6278.615 5990.464|-6280.586 5991.665|-6282.648 5992.688|-6284.787 5993.533|-6286.989 5994.212|-6289.240 5994.690|-6291.526 5994.979|-6293.833 5995.068|-6365.891 5995.001|-6365.891 5980.657|-6365.884 5967.047|-6365.884 5961.543|-6365.884 5961.042|-6365.877 5958.051|-6365.856 5933.666|-6361.899 5933.666
19 5315 53 AV NW,-6342.130 5933.677|-6286.598 5933.722|-6276.755 5989.108|-6278.615 5990.464|-6280.586 5991.665|-6282.648 5992.688|-6284.787 5993.533|-6286.989 5994.212|-6289.240 5994.690|-6291.526 5994.979|-6293.833 5995.068|-6365.891 5995.001|-6365.891 5980.657|-6365.884 5967.047|-6365.884 5961.543|-6365.884 5961.042|-6365.877 5958.051|-6365.856 5933.666|-6361.899 5933.666
20 5315 53 AV NW,-6342.130 5933.677|-6286.598 5933.722|-6276.755 5989.108|-6278.615 5990.464|-6280.586 5991.665|-6282.648 5992.688|-6284.787 5993.533|-6286.989 5994.212|-6289.240 5994.690|-6291.526 5994.979|-6293.833 5995.068|-6365.891 5995.001|-6365.891 5980.657|-6365.884 5967.047|-6365.884 5961.543|-6365.884 5961.042|-6365.877 5958.051|-6365.856 5933.666|-6361.899 5933.666
21 5315 53 AV NW,-6342.130 5933.677|-6286.598 5933.722|-6276.755 5989.108|-6278.615 5990.464|-6280.586 5991.665|-6282.648 5992.688|-6284.787 5993.533|-6286.989 5994.212|-6289.240 5994.690|-6291.526 5994.979|-6293.833 5995.068|-6365.891 5995.001|-6365.891 5980.657|-6365.884 5967.047|-6365.884 5961.543|-6365.884 5961.042|-6365.877 5958.051|-6365.856 5933.666|-6361.899 5933.666
22 5315 53 AV NW,-6342.130 5933.677|-6286.598 5933.722|-6276.755 5989.108|-6278.615 5990.464|-6280.586 5991.665|-6282.648 5992.688|-6284.787 5993.533|-6286.989 5994.212|-6289.240 5994.690|-6291.526 5994.979|-6293.833 5995.068|-6365.891 5995.001|-6365.891 5980.657|-6365.884 5967.047|-6365.884 5961.543|-6365.884 5961.042|-6365.877 5958.051|-6365.856 5933.666|-6361.899 5933.666
23 5315 53 AV NW,-6342.130 5933.677|-6286.598 5933.722|-6276.755 5989.108|-6278.615 5990.464|-6280.586 5991.665|-6282.648 5992.688|-6284.787 5993.533|-6286.989 5994.212|-6289.240 5994.690|-6291.526 5994.979|-6293.833 5995.068|-6365.891 5995.001|-6365.891 5980.657|-6365.884 5967.047|-6365.884 5961.543|-6365.884 5961.042|-6365.877 5958.051|-6365.856 5933.666|-6361.899 5933.666
24 5315 53 AV NW,-6342.130 5933.677|-6286.598 5933.722|-6276.755 5989.108|-6278.615 5990.464|-6280.586 5991.665|-6282.648 5992.688|-6284.787 5993.533|-6286.989 5994.212|-6289.240 5994.690|-6291.526 5994.979|-6293.833 5995.068|-6365.891 5995.001|-6365.891 5980.657|-6365.884 5967.047|-6365.884 5961.543|-6365.884 5961.042|-6365.877 5958.051|-6365.856 5933.666|-6361.899 5933.666
25 5315 53 AV NW,-6342.130 5933.677|-6286.598 5933.722|-6276.755 5989.108|-6278.615 5990.464|-6280.586 5991.665|-6282.648 5992.688|-6284.787 5993.533|-6286.989 5994.212|-6289.240 5994.690|-6291.526 5994.979|-6293.833 5995.068|-6365.891 5995.001|-6365.891 5980.657|-6365.884 5967.047|-6365.884 5961.543|-6365.884 5961.042|-6365.877 5958.051|-6365.856 5933.666|-6361.899 5933.666
26 5315 53 AV NW,-6342.130 5933.677|-6286.598 5933.722|-6276.755 5989.108|-6278.615 5990.464|-6280.586 5991.665|-6282.648 5992.688|-6284.787 5993.533|-6286.989 5994.212|-6289.240 5994.690|-6291.526 5994.979|-6293.833 5995.068|-6365.891 5995.001|-6365.891 5980.657|-6365.884 5967.047|-6365.884 5961.543|-6365.884 5961.042|-6365.877 5958.051|-6365.856 5933.666|-6361.899 5933.666
27 5315 53 AV NW,-6342.130 5933.677|-6286.598 5933.722|-6276.755 5989.108|-6278.615 5990.464|-6280.586 5991.665|-6282.648 5992.688|-6284.787 5993.533|-6286.989 5994.212|-6289.240 5994.690|-6291.526 5994.979|-6293.833 5995.068|-6365.891 5995.001|-6365.891 5980.657|-6365.884 5967.047|-6365.884 5961.543|-6365.884 5961.042|-6365.877 5958.051|-6365.856 5933.666|-6361.899 5933.666
28 5315 53 AV NW,-6342.130 5933.677|-6286.598 5933.722|-6276.755 5989.108|-6278.615 5990.464|-6280.586 5991.665|-6282.648 5992.688|-6284.787 5993.533|-6286.989 5994.212|-6289.240 5994.690|-6291.526 5994.979|-6293.833 5995.068|-6365.891 5995.001|-6365.891 5980.657|-6365.884 5967.047|-6365.884 5961.543|-6365.884 5961.042|-6365.877 5958.051|-6365.856 5933.666|-6361.899 5933.666
29 5315 53 AV NW,-6342.130 5933.677|-6286.598 5933.722|-6276.755 5989.108|-6278.615 5990.464|-6280.586 5991.665|-6282.648 5992.688|-6284.787 5993.533|-6286.989 5994.212|-6289.240 5994.690|-6291.526 5994.979|-6293.833 5995.068|-6365.891 5995.001|-6365.891 5980.657|-6365.884 5967.047|-6365.884 5961.543|-6365.884 5961.042|-6365.877 5958.051|-6365.856 5933.666|-6361.899 5933.666
30 5315 53 AV NW,-6342.130 5933.677|-6286.598 5933.722|-6276.755 5989.108|-6278.615 5990.464|-6280.586 5991.665|-6282.648 5992.688|-6284.787 5993.533|-6286.989 5994.212|-6289.240 5994.690|-6291.526 5994.979|-6293.833 5995.068|-6365.891 5995.001|-6365.891 5980.657|-6365.884 5967.047|-6365.884 5961.543|-6365.884 5961.042|-6365.877 5958.051|-6365.856 5933.666|-6361.899 5933.666
31 5315 53 AV NW,-6342.130 5933.677|-6286.598 5933.722|-6276.755 5989.108|-6278.615 5990.464|-6280.586 5991.665|-6282.648 5992.688|-6284.787 5993.533|-6286.989 5994.212|-6289.240 5994.690|-6291.526 5994.979|-6293.833 5995.068|-6365.891 5995.001|-6365.891 5980.657|-6365.884 5967.047|-6365.884 5961.543|-6365.884 5961.042|-6365.877 5958.051|-6365.856 5933.666|-6361.899 5933.666
32 5315 53 AV NW,-6342.130 5933.677|-6286.598 5933.722|-6276.755 5989.108|-6278.615 5990.464|-6280.586 5991.665|-6282.648 5992.688|-6284.787 5993.533|-6286.989 5994.212|-6289.240 5994.690|-6291.526 5994.979|-6293.833 5995.068|-6365.891 5995.001|-6365.891 5980.657|-6365.884 5967.047|-6365.884 5961.543|-6365.884 5961.042|-6365.877 5958.051|-6365.856 5933.666|-6361.899 5933.666
33 5315 53 AV NW,-6342.130 5933.677|-6286.598 5933.722|-6276.755 5989.108|-6278.615 5990.464|-6280.586 5991.665|-6282.648 5992.688|-6284.787 5993.533|-6286.989 5994.212|-6289.240 5994.690|-6291.526 5994.979|-6293.833 5995.068|-6365.891 5995.001|-6365.891 5980.657|-6365.884 5967.047|-6365.884 5961.543|-6365.884 5961.042|-6365.877 5958.051|-6365.856 5933.666|-6361.899 5933.666
1 5200 53 AV NW,-6258.440 5938.636|-6245.130 5946.287|-6205.005 5927.928|-6129.990 6009.923|-6120.875 6028.004|-6206.207 6075.373|-6249.940 6009.857|-6251.674 6007.266|-6250.373 6005.654|-6249.311 6003.874|-6248.493 6001.973|-6247.941 5999.983|-6247.668 5997.926|-6247.675 5995.857|-6247.962 5993.811|-6248.521 5991.810|-6249.346 5989.919|-6250.422 5988.151|-6251.729 5986.539|-6253.246 5985.127|-6254.931 5983.926|-6256.770 5982.970|-6258.720 5982.269|-6260.747 5981.847|-6261.306 5978.711|-6266.654 5948.633|-6267.185 5945.608|-6265.836 5945.130|-6264.543 5944.519|-6263.313 5943.796|-6262.152 5942.951|-6261.076 5942.017|-6260.090 5940.971|-6259.216 5939.837
2 5200 53 AV NW,-6258.440 5938.636|-6245.130 5946.287|-6205.005 5927.928|-6129.990 6009.923|-6120.875 6028.004|-6206.207 6075.373|-6249.940 6009.857|-6251.674 6007.266|-6250.373 6005.654|-6249.311 6003.874|-6248.493 6001.973|-6247.941 5999.983|-6247.668 5997.926|-6247.675 5995.857|-6247.962 5993.811|-6248.521 5991.810|-6249.346 5989.919|-6250.422 5988.151|-6251.729 5986.539|-6253.246 5985.127|-6254.931 5983.926|-6256.770 5982.970|-6258.720 5982.269|-6260.747 5981.847|-6261.306 5978.711|-6266.654 5948.633|-6267.185 5945.608|-6265.836 5945.130|-6264.543 5944.519|-6263.313 5943.796|-6262.152 5942.951|-6261.076 5942.017|-6260.090 5940.971|-6259.216 5939.837
3 5200 53 AV NW,-6258.440 5938.636|-6245.130 5946.287|-6205.005 5927.928|-6129.990 6009.923|-6120.875 6028.004|-6206.207 6075.373|-6249.940 6009.857|-6251.674 6007.266|-6250.373 6005.654|-6249.311 6003.874|-6248.493 6001.973|-6247.941 5999.983|-6247.668 5997.926|-6247.675 5995.857|-6247.962 5993.811|-6248.521 5991.810|-6249.346 5989.919|-6250.422 5988.151|-6251.729 5986.539|-6253.246 5985.127|-6254.931 5983.926|-6256.770 5982.970|-6258.720 5982.269|-6260.747 5981.847|-6261.306 5978.711|-6266.654 5948.633|-6267.185 5945.608|-6265.836 5945.130|-6264.543 5944.519|-6263.313 5943.796|-6262.152 5942.951|-6261.076 5942.017|-6260.090 5940.971|-6259.216 5939.837
4 5200 53 AV NW,-6258.440 5938.636|-6245.130 5946.287|-6205.005 5927.928|-6129.990 6009.923|-6120.875 6028.004|-6206.207 6075.373|-6249.940 6009.857|-6251.674 6007.266|-6250.373 6005.654|-6249.311 6003.874|-6248.493 6001.973|-6247.941 5999.983|-6247.668 5997.926|-6247.675 5995.857|-6247.962 5993.811|-6248.521 5991.810|-6249.346 5989.919|-6250.422 5988.151|-6251.729 5986.539|-6253.246 5985.127|-6254.931 5983.926|-6256.770 5982.970|-6258.720 5982.269|-6260.747 5981.847|-6261.306 5978.711|-6266.654 5948.633|-6267.185 5945.608|-6265.836 5945.130|-6264.543 5944.519|-6263.313 5943.796|-6262.152 5942.951|-6261.076 5942.017|-6260.090 5940.971|-6259.216 5939.837
5 5200 53 AV NW,-6258.440 5938.636|-6245.130 5946.287|-6205.005 5927.928|-6129.990 6009.923|-6120.875 6028.004|-6206.207 6075.373|-6249.940 6009.857|-6251.674 6007.266|-6250.373 6005.654|-6249.311 6003.874|-6248.493 6001.973|-6247.941 5999.983|-6247.668 5997.926|-6247.675 5995.857|-6247.962 5993.811|-6248.521 5991.810|-6249.346 5989.919|-6250.422 5988.151|-6251.729 5986.539|-6253.246 5985.127|-6254.931 5983.926|-6256.770 5982.970|-6258.720 5982.269|-6260.747 5981.847|-6261.306 5978.711|-6266.654 5948.633|-6267.185 5945.608|-6265.836 5945.130|-6264.543 5944.519|-6263.313 5943.796|-6262.152 5942.951|-6261.076 5942.017|-6260.090 5940.971|-6259.216 5939.837
6 5200 53 AV NW,-6258.440 5938.636|-6245.130 5946.287|-6205.005 5927.928|-6129.990 6009.923|-6120.875 6028.004|-6206.207 6075.373|-6249.940 6009.857|-6251.674 6007.266|-6250.373 6005.654|-6249.311 6003.874|-6248.493 6001.973|-6247.941 5999.983|-6247.668 5997.926|-6247.675 5995.857|-6247.962 5993.811|-6248.521 5991.810|-6249.346 5989.919|-6250.422 5988.151|-6251.729 5986.539|-6253.246 5985.127|-6254.931 5983.926|-6256.770 5982.970|-6258.720 5982.269|-6260.747 5981.847|-6261.306 5978.711|-6266.654 5948.633|-6267.185 5945.608|-6265.836 5945.130|-6264.543 5944.519|-6263.313 5943.796|-6262.152 5942.951|-6261.076 5942.017|-6260.090 5940.971|-6259.216 5939.837
7 5200 53 AV NW,-6258.440 5938.636|-6245.130 5946.287|-6205.005 5927.928|-6129.990 6009.923|-6120.875 6028.004|-6206.207 6075.373|-6249.940 6009.857|-6251.674 6007.266|-6250.373 6005.654|-6249.311 6003.874|-6248.493 6001.973|-6247.941 5999.983|-6247.668 5997.926|-6247.675 5995.857|-6247.962 5993.811|-6248.521 5991.810|-6249.346 5989.919|-6250.422 5988.151|-6251.729 5986.539|-6253.246 5985.127|-6254.931 5983.926|-6256.770 5982.970|-6258.720 5982.269|-6260.747 5981.847|-6261.306 5978.711|-6266.654 5948.633|-6267.185 5945.608|-6265.836 5945.130|-6264.543 5944.519|-6263.313 5943.796|-6262.152 5942.951|-6261.076 5942.017|-6260.090 5940.971|-6259.216 5939.837
8 5200 53 AV NW,-6258.440 5938.636|-6245.130 5946.287|-6205.005 5927.928|-6129.990 6009.923|-6120.875 6028.004|-6206.207 6075.373|-6249.940 6009.857|-6251.674 6007.266|-6250.373 6005.654|-6249.311 6003.874|-6248.493 6001.973|-6247.941 5999.983|-6247.668 5997.926|-6247.675 5995.857|-6247.962 5993.811|-6248.521 5991.810|-6249.346 5989.919|-6250.422 5988.151|-6251.729 5986.539|-6253.246 5985.127|-6254.931 5983.926|-6256.770 5982.970|-6258.720 5982.269|-6260.747 5981.847|-6261.306 5978.711|-6266.654 5948.633|-6267.185 5945.608|-6265.836 5945.130|-6264.543 5944.519|-6263.313 5943.796|-6262.152 5942.951|-6261.076 5942.017|-6260.090 5940.971|-6259.216 5939.837
9 5200 53 AV NW,-6258.440 5938.636|-6245.130 5946.287|-6205.005 5927.928|-6129.990 6009.923|-6120.875 6028.004|-6206.207 6075.373|-6249.940 6009.857|-6251.674 6007.266|-6250.373 6005.654|-6249.311 6003.874|-6248.493 6001.973|-6247.941 5999.983|-6247.668 5997.926|-6247.675 5995.857|-6247.962 5993.811|-6248.521 5991.810|-6249.346 5989.919|-6250.422 5988.151|-6251.729 5986.539|-6253.246 5985.127|-6254.931 5983.926|-6256.770 5982.970|-6258.720 5982.269|-6260.747 5981.847|-6261.306 5978.711|-6266.654 5948.633|-6267.185 5945.608|-6265.836 5945.130|-6264.543 5944.519|-6263.313 5943.796|-6262.152 5942.951|-6261.076 5942.017|-6260.090 5940.971|-6259.216 5939.837
10 5200 53 AV NW,-6258.440 5938.636|-6245.130 5946.287|-6205.005 5927.928|-6129.990 6009.923|-6120.875 6028.004|-6206.207 6075.373|-6249.940 6009.857|-6251.674 6007.266|-6250.373 6005.654|-6249.311 6003.874|-6248.493 6001.973|-6247.941 5999.983|-6247.668 5997.926|-6247.675 5995.857|-6247.962 5993.811|-6248.521 5991.810|-6249.346 5989.919|-6250.422 5988.151|-6251.729 5986.539|-6253.246 5985.127|-6254.931 5983.926|-6256.770 5982.970|-6258.720 5982.269|-6260.747 5981.847|-6261.306 5978.711|-6266.654 5948.633|-6267.185 5945.608|-6265.836 5945.130|-6264.543 5944.519|-6263.313 5943.796|-6262.152 5942.951|-6261.076 5942.017|-6260.090 5940.971|-6259.216 5939.837
11 5200 53 AV NW,-6258.440 5938.636|-6245.130 5946.287|-6205.005 5927.928|-6129.990 6009.923|-6120.875 6028.004|-6206.207 6075.373|-6249.940 6009.857|-6251.674 6007.266|-6250.373 6005.654|-6249.311 6003.874|-6248.493 6001.973|-6247.941 5999.983|-6247.668 5997.926|-6247.675 5995.857|-6247.962 5993.811|-6248.521 5991.810|-6249.346 5989.919|-6250.422 5988.151|-6251.729 5986.539|-6253.246 5985.127|-6254.931 5983.926|-6256.770 5982.970|-6258.720 5982.269|-6260.747 5981.847|-6261.306 5978.711|-6266.654 5948.633|-6267.185 5945.608|-6265.836 5945.130|-6264.543 5944.519|-6263.313 5943.796|-6262.152 5942.951|-6261.076 5942.017|-6260.090 5940.971|-6259.216 5939.837
12 5200 53 AV NW,-6258.440 5938.636|-6245.130 5946.287|-6205.005 5927.928|-6129.990 6009.923|-6120.875 6028.004|-6206.207 6075.373|-6249.940 6009.857|-6251.674 6007.266|-6250.373 6005.654|-6249.311 6003.874|-6248.493 6001.973|-6247.941 5999.983|-6247.668 5997.926|-6247.675 5995.857|-6247.962 5993.811|-6248.521 5991.810|-6249.346 5989.919|-6250.422 5988.151|-6251.729 5986.539|-6253.246 5985.127|-6254.931 5983.926|-6256.770 5982.970|-6258.720 5982.269|-6260.747 5981.847|-6261.306 5978.711|-6266.654 5948.633|-6267.185 5945.608|-6265.836 5945.130|-6264.543 5944.519|-6263.313 5943.796|-6262.152 5942.951|-6261.076 5942.017|-6260.090 5940.971|-6259.216 5939.837
13 5200 53 AV NW,-6258.440 5938.636|-6245.130 5946.287|-6205.005 5927.928|-6129.990 6009.923|-6120.875 6028.004|-6206.207 6075.373|-6249.940 6009.857|-6251.674 6007.266|-6250.373 6005.654|-6249.311 6003.874|-6248.493 6001.973|-6247.941 5999.983|-6247.668 5997.926|-6247.675 5995.857|-6247.962 5993.811|-6248.521 5991.810|-6249.346 5989.919|-6250.422 5988.151|-6251.729 5986.539|-6253.246 5985.127|-6254.931 5983.926|-6256.770 5982.970|-6258.720 5982.269|-6260.747 5981.847|-6261.306 5978.711|-6266.654 5948.633|-6267.185 5945.608|-6265.836 5945.130|-6264.543 5944.519|-6263.313 5943.796|-6262.152 5942.951|-6261.076 5942.017|-6260.090 5940.971|-6259.216 5939.837
14 5200 53 AV NW,-6258.440 5938.636|-6245.130 5946.287|-6205.005 5927.928|-6129.990 6009.923|-6120.875 6028.004|-6206.207 6075.373|-6249.940 6009.857|-6251.674 6007.266|-6250.373 6005.654|-6249.311 6003.874|-6248.493 6001.973|-6247.941 5999.983|-6247.668 5997.926|-6247.675 5995.857|-6247.962 5993.811|-6248.521 5991.810|-6249.346 5989.919|-6250.422 5988.151|-6251.729 5986.539|-6253.246 5985.127|-6254.931 5983.926|-6256.770 5982.970|-6258.720 5982.269|-6260.747 5981.847|-6261.306 5978.711|-6266.654 5948.633|-6267.185 5945.608|-6265.836 5945.130|-6264.543 5944.519|-6263.313 5943.796|-6262.152 5942.951|-6261.076 5942.017|-6260.090 5940.971|-6259.216 5939.837
15 5200 53 AV NW,-6258.440 5938.636|-6245.130 5946.287|-6205.005 5927.928|-6129.990 6009.923|-6120.875 6028.004|-6206.207 6075.373|-6249.940 6009.857|-6251.674 6007.266|-6250.373 6005.654|-6249.311 6003.874|-6248.493 6001.973|-6247.941 5999.983|-6247.668 5997.926|-6247.675 5995.857|-6247.962 5993.811|-6248.521 5991.810|-6249.346 5989.919|-6250.422 5988.151|-6251.729 5986.539|-6253.246 5985.127|-6254.931 5983.926|-6256.770 5982.970|-6258.720 5982.269|-6260.747 5981.847|-6261.306 5978.711|-6266.654 5948.633|-6267.185 5945.608|-6265.836 5945.130|-6264.543 5944.519|-6263.313 5943.796|-6262.152 5942.951|-6261.076 5942.017|-6260.090 5940.971|-6259.216 5939.837
16 5200 53 AV NW,-6258.440 5938.636|-6245.130 5946.287|-6205.005 5927.928|-6129.990 6009.923|-6120.875 6028.004|-6206.207 6075.373|-6249.940 6009.857|-6251.674 6007.266|-6250.373 6005.654|-6249.311 6003.874|-6248.493 6001.973|-6247.941 5999.983|-6247.668 5997.926|-6247.675 5995.857|-6247.962 5993.811|-6248.521 5991.810|-6249.346 5989.919|-6250.422 5988.151|-6251.729 5986.539|-6253.246 5985.127|-6254.931 5983.926|-6256.770 5982.970|-6258.720 5982.269|-6260.747 5981.847|-6261.306 5978.711|-6266.654 5948.633|-6267.185 5945.608|-6265.836 5945.130|-6264.543 5944.519|-6263.313 5943.796|-6262.152 5942.951|-6261.076 5942.017|-6260.090 5940.971|-6259.216 5939.837
17 5200 53 AV NW,-6258.440 5938.636|-6245.130 5946.287|-6205.005 5927.928|-6129.990 6009.923|-6120.875 6028.004|-6206.207 6075.373|-6249.940 6009.857|-6251.674 6007.266|-6250.373 6005.654|-6249.311 6003.874|-6248.493 6001.973|-6247.941 5999.983|-6247.668 5997.926|-6247.675 5995.857|-6247.962 5993.811|-6248.521 5991.810|-6249.346 5989.919|-6250.422 5988.151|-6251.729 5986.539|-6253.246 5985.127|-6254.931 5983.926|-6256.770 5982.970|-6258.720 5982.269|-6260.747 5981.847|-6261.306 5978.711|-6266.654 5948.633|-6267.185 5945.608|-6265.836 5945.130|-6264.543 5944.519|-6263.313 5943.796|-6262.152 5942.951|-6261.076 5942.017|-6260.090 5940.971|-6259.216 5939.837
18 5200 53 AV NW,-6258.440 5938.636|-6245.130 5946.287|-6205.005 5927.928|-6129.990 6009.923|-6120.875 6028.004|-6206.207 6075.373|-6249.940 6009.857|-6251.674 6007.266|-6250.373 6005.654|-6249.311 6003.874|-6248.493 6001.973|-6247.941 5999.983|-6247.668 5997.926|-6247.675 5995.857|-6247.962 5993.811|-6248.521 5991.810|-6249.346 5989.919|-6250.422 5988.151|-6251.729 5986.539|-6253.246 5985.127|-6254.931 5983.926|-6256.770 5982.970|-6258.720 5982.269|-6260.747 5981.847|-6261.306 5978.711|-6266.654 5948.633|-6267.185 5945.608|-6265.836 5945.130|-6264.543 5944.519|-6263.313 5943.796|-6262.152 5942.951|-6261.076 5942.017|-6260.090 5940.971|-6259.216 5939.837
19 5200 53 AV NW,-6258.440 5938.636|-6245.130 5946.287|-6205.005 5927.928|-6129.990 6009.923|-6120.875 6028.004|-6206.207 6075.373|-6249.940 6009.857|-6251.674 6007.266|-6250.373 6005.654|-6249.311 6003.874|-6248.493 6001.973|-6247.941 5999.983|-6247.668 5997.926|-6247.675 5995.857|-6247.962 5993.811|-6248.521 5991.810|-6249.346 5989.919|-6250.422 5988.151|-6251.729 5986.539|-6253.246 5985.127|-6254.931 5983.926|-6256.770 5982.970|-6258.720 5982.269|-6260.747 5981.847|-6261.306 5978.711|-6266.654 5948.633|-6267.185 5945.608|-6265.836 5945.130|-6264.543 5944.519|-6263.313 5943.796|-6262.152 5942.951|-6261.076 5942.017|-6260.090 5940.971|-6259.216 5939.837
20 5200 53 AV NW,-6258.440 5938.636|-6245.130 5946.287|-6205.005 5927.928|-6129.990 6009.923|-6120.875 6028.004|-6206.207 6075.373|-6249.940 6009.857|-6251.674 6007.266|-6250.373 6005.654|-6249.311 6003.874|-6248.493 6001.973|-6247.941 5999.983|-6247.668 5997.926|-6247.675 5995.857|-6247.962 5993.811|-6248.521 5991.810|-6249.346 5989.919|-6250.422 5988.151|-6251.729 5986.539|-6253.246 5985.127|-6254.931 5983.926|-6256.770 5982.970|-6258.720 5982.269|-6260.747 5981.847|-6261.306 5978.711|-6266.654 5948.633|-6267.185 5945.608|-6265.836 5945.130|-6264.543 5944.519|-6263.313 5943.796|-6262.152 5942.951|-6261.076 5942.017|-6260.090 5940.971|-6259.216 5939.837
21 5200 53 AV NW,-6258.440 5938.636|-6245.130 5946.287|-6205.005 5927.928|-6129.990 6009.923|-6120.875 6028.004|-6206.207 6075.373|-6249.940 6009.857|-6251.674 6007.266|-6250.373 6005.654|-6249.311 6003.874|-6248.493 6001.973|-6247.941 5999.983|-6247.668 5997.926|-6247.675 5995.857|-6247.962 5993.811|-6248.521 5991.810|-6249.346 5989.919|-6250.422 5988.151|-6251.729 5986.539|-6253.246 5985.127|-6254.931 5983.926|-6256.770 5982.970|-6258.720 5982.269|-6260.747 5981.847|-6261.306 5978.711|-6266.654 5948.633|-6267.185 5945.608|-6265.836 5945.130|-6264.543 5944.519|-6263.313 5943.796|-6262.152 5942.951|-6261.076 5942.017|-6260.090 5940.971|-6259.216 5939.837
22 5200 53 AV NW,-6258.440 5938.636|-6245.130 5946.287|-6205.005 5927.928|-6129.990 6009.923|-6120.875 6028.004|-6206.207 6075.373|-6249.940 6009.857|-6251.674 6007.266|-6250.373 6005.654|-6249.311 6003.874|-6248.493 6001.973|-6247.941 5999.983|-6247.668 5997.926|-6247.675 5995.857|-6247.962 5993.811|-6248.521 5991.810|-6249.346 5989.919|-6250.422 5988.151|-6251.729 5986.539|-6253.246 5985.127|-6254.931 5983.926|-6256.770 5982.970|-6258.720 5982.269|-6260.747 5981.847|-6261.306 5978.711|-6266.654 5948.633|-6267.185 5945.608|-6265.836 5945.130|-6264.543 5944.519|-6263.313 5943.796|-6262.152 5942.951|-6261.076 5942.017|-6260.090 5940.971|-6259.216 5939.837
23 5200 53 AV NW,-6258.440 5938.636|-6245.130 5946.287|-6205.005 5927.928|-6129.990 6009.923|-6120.875 6028.004|-6206.207 6075.373|-6249.940 6009.857|-6251.674 6007.266|-6250.373 6005.654|-6249.311 6003.874|-6248.493 6001.973|-6247.941 5999.983|-6247.668 5997.926|-6247.675 5995.857|-6247.962 5993.811|-6248.521 5991.810|-6249.346 5989.919|-6250.422 5988.151|-6251.729 5986.539|-6253.246 5985.127|-6254.931 5983.926|-6256.770 5982.970|-6258.720 5982.269|-6260.747 5981.847|-6261.306 5978.711|-6266.654 5948.633|-6267.185 5945.608|-6265.836 5945.130|-6264.543 5944.519|-6263.313 5943.796|-6262.152 5942.951|-6261.076 5942.017|-6260.090 5940.971|-6259.216 5939.837
24 5200 53 AV NW,-6258.440 5938.636|-6245.130 5946.287|-6205.005 5927.928|-6129.990 6009.923|-6120.875 6028.004|-6206.207 6075.373|-6249.940 6009.857|-6251.674 6007.266|-6250.373 6005.654|-6249.311 6003.874|-6248.493 6001.973|-6247.941 5999.983|-6247.668 5997.926|-6247.675 5995.857|-6247.962 5993.811|-6248.521 5991.810|-6249.346 5989.919|-6250.422 5988.151|-6251.729 5986.539|-6253.246 5985.127|-6254.931 5983.926|-6256.770 5982.970|-6258.720 5982.269|-6260.747 5981.847|-6261.306 5978.711|-6266.654 5948.633|-6267.185 5945.608|-6265.836 5945.130|-6264.543 5944.519|-6263.313 5943.796|-6262.152 5942.951|-6261.076 5942.017|-6260.090 5940.971|-6259.216 5939.837
25 5200 53 AV NW,-6258.440 5938.636|-6245.130 5946.287|-6205.005 5927.928|-6129.990 6009.923|-6120.875 6028.004|-6206.207 6075.373|-6249.940 6009.857|-6251.674 6007.266|-6250.373 6005.654|-6249.311 6003.874|-6248.493 6001.973|-6247.941 5999.983|-6247.668 5997.926|-6247.675 5995.857|-6247.962 5993.811|-6248.521 5991.810|-6249.346 5989.919|-6250.422 5988.151|-6251.729 5986.539|-6253.246 5985.127|-6254.931 5983.926|-6256.770 5982.970|-6258.720 5982.269|-6260.747 5981.847|-6261.306 5978.711|-6266.654 5948.633|-6267.185 5945.608|-6265.836 5945.130|-6264.543 5944.519|-6263.313 5943.796|-6262.152 5942.951|-6261.076 5942.017|-6260.090 5940.971|-6259.216 5939.837
26 5200 53 AV NW,-6258.440 5938.636|-6245.130 5946.287|-6205.005 5927.928|-6129.990 6009.923|-6120.875 6028.004|-6206.207 6075.373|-6249.940 6009.857|-6251.674 6007.266|-6250.373 6005.654|-6249.311 6003.874|-6248.493 6001.973|-6247.941 5999.983|-6247.668 5997.926|-6247.675 5995.857|-6247.962 5993.811|-6248.521 5991.810|-6249.346 5989.919|-6250.422 5988.151|-6251.729 5986.539|-6253.246 5985.127|-6254.931 5983.926|-6256.770 5982.970|-6258.720 5982.269|-6260.747 5981.847|-6261.306 5978.711|-6266.654 5948.633|-6267.185 5945.608|-6265.836 5945.130|-6264.543 5944.519|-6263.313 5943.796|-6262.152 5942.951|-6261.076 5942.017|-6260.090 5940.971|-6259.216 5939.837
27 5200 53 AV NW,-6258.440 5938.636|-6245.130 5946.287|-6205.005 5927.928|-6129.990 6009.923|-6120.875 6028.004|-6206.207 6075.373|-6249.940 6009.857|-6251.674 6007.266|-6250.373 6005.654|-6249.311 6003.874|-6248.493 6001.973|-6247.941 5999.983|-6247.668 5997.926|-6247.675 5995.857|-6247.962 5993.811|-6248.521 5991.810|-6249.346 5989.919|-6250.422 5988.151|-6251.729 5986.539|-6253.246 5985.127|-6254.931 5983.926|-6256.770 5982.970|-6258.720 5982.269|-6260.747 5981.847|-6261.306 5978.711|-6266.654 5948.633|-6267.185 5945.608|-6265.836 5945.130|-6264.543 5944.519|-6263.313 5943.796|-6262.152 5942.951|-6261.076 5942.017|-6260.090 5940.971|-6259.216 5939.837
28 5200 53 AV NW,-6258.440 5938.636|-6245.130 5946.287|-6205.005 5927.928|-6129.990 6009.923|-6120.875 6028.004|-6206.207 6075.373|-6249.940 6009.857|-6251.674 6007.266|-6250.373 6005.654|-6249.311 6003.874|-6248.493 6001.973|-6247.941 5999.983|-6247.668 5997.926|-6247.675 5995.857|-6247.962 5993.811|-6248.521 5991.810|-6249.346 5989.919|-6250.422 5988.151|-6251.729 5986.539|-6253.246 5985.127|-6254.931 5983.926|-6256.770 5982.970|-6258.720 5982.269|-6260.747 5981.847|-6261.306 5978.711|-6266.654 5948.633|-6267.185 5945.608|-6265.836 5945.130|-6264.543 5944.519|-6263.313 5943.796|-6262.152 5942.951|-6261.076 5942.017|-6260.090 5940.971|-6259.216 5939.837
29 5200 53 AV NW,-6258.440 5938.636|-6245.130 5946.287|-6205.005 5927.928|-6129.990 6009.923|-6120.875 6028.004|-6206.207 6075.373|-6249.940 6009.857|-6251.674 6007.266|-6250.373 6005.654|-6249.311 6003.874|-6248.493 6001.973|-6247.941 5999.983|-6247.668 5997.926|-6247.675 5995.857|-6247.962 5993.811|-6248.521 5991.810|-6249.346 5989.919|-6250.422 5988.151|-6251.729 5986.539|-6253.246 5985.127|-6254.931 5983.926|-6256.770 5982.970|-6258.720 5982.269|-6260.747 5981.847|-6261.306 5978.711|-6266.654 5948.633|-6267.185 5945.608|-6265.836 5945.130|-6264.543 5944.519|-6263.313 5943.796|-6262.152 5942.951|-6261.076 5942.017|-6260.090 5940.971|-6259.216 5939.837
30 5200 53 AV NW,-6258.440 5938.636|-6245.130 5946.287|-6205.005 5927.928|-6129.990 6009.923|-6120.875 6028.004|-6206.207 6075.373|-6249.940 6009.857|-6251.674 6007.266|-6250.373 6005.654|-6249.311 6003.874|-6248.493 6001.973|-6247.941 5999.983|-6247.668 5997.926|-6247.675 5995.857|-6247.962 5993.811|-6248.521 5991.810|-6249.346 5989.919|-6250.422 5988.151|-6251.729 5986.539|-6253.246 5985.127|-6254.931 5983.926|-6256.770 5982.970|-6258.720 5982.269|-6260.747 5981.847|-6261.306 5978.711|-6266.654 5948.633|-6267.185 5945.608|-6265.836 5945.130|-6264.543 5944.519|-6263.313 5943.796|-6262.152 5942.951|-6261.076 5942.017|-6260.090 5940.971|-6259.216 5939.837
31 5200 53 AV NW,-6258.440 5938.636|-6245.130 5946.287|-6205.005 5927.928|-6129.990 6009.923|-6120.875 6028.004|-6206.207 6075.373|-6249.940 6009.857|-6251.674 6007.266|-6250.373 6005.654|-6249.311 6003.874|-6248.493 6001.973|-6247.941 5999.983|-6247.668 5997.926|-6247.675 5995.857|-6247.962 5993.811|-6248.521 5991.810|-6249.346 5989.919|-6250.422 5988.151|-6251.729 5986.539|-6253.246 5985.127|-6254.931 5983.926|-6256.770 5982.970|-6258.720 5982.269|-6260.747 5981.847|-6261.306 5978.711|-6266.654 5948.633|-6267.185 5945.608|-6265.836 5945.130|-6264.543 5944.519|-6263.313 5943.796|-6262.152 5942.951|-6261.076 5942.017|-6260.090 5940.971|-6259.216 5939.837
32 5200 53 AV NW,-6258.440 5938.636|-6245.130 5946.287|-6205.005 5927.928|-6129.990 6009.923|-6120.875 6028.004|-6206.207 6075.373|-6249.940 6009.857|-6251.674 6007.266|-6250.373 6005.654|-6249.311 6003.874|-6248.493 6001.973|-6247.941 5999.983|-6247.668 5997.926|-6247.675 5995.857|-6247.962 5993.811|-6248.521 5991.810|-6249.346 5989.919|-6250.422 5988.151|-6251.729 5986.539|-6253.246 5985.127|-6254.931 5983.926|-6256.770 5982.970|-6258.720 5982.269|-6260.747 5981.847|-6261.306 5978.711|-6266.654 5948.633|-6267.185 5945.608|-6265.836 5945.130|-6264.543 5944.519|-6263.313 5943.796|-6262.152 5942.951|-6261.076 5942.017|-6260.090 5940.971|-6259.216 5939.837
33 5200 53 AV NW,-6258.440 5938.636|-6245.130 5946.287|-6205.005 5927.928|-6129.990 6009.923|-6120.875 6028.004|-6206.207 6075.373|-6249.940 6009.857|-6251.674 6007.266|-6250.373 6005.654|-6249.311 6003.874|-6248.493 6001.973|-6247.941 5999.983|-6247.668 5997.926|-6247.675 5995.857|-6247.962 5993.811|-6248.521 5991.810|-6249.346 5989.919|-6250.422 5988.151|-6251.729 5986.539|-6253.246 5985.127|-6254.931 5983.926|-6256.770 5982.970|-6258.720 5982.269|-6260.747 5981.847|-6261.306 5978.711|-6266.654 5948.633|-6267.185 5945.608|-6265.836 5945.130|-6264.543 5944.519|-6263.313 5943.796|-6262.152 5942.951|-6261.076 5942.017|-6260.090 5940.971|-6259.216 5939.837
34 5200 53 AV NW,-6258.440 5938.636|-6245.130 5946.287|-6205.005 5927.928|-6129.990 6009.923|-6120.875 6028.004|-6206.207 6075.373|-6249.940 6009.857|-6251.674 6007.266|-6250.373 6005.654|-6249.311 6003.874|-6248.493 6001.973|-6247.941 5999.983|-6247.668 5997.926|-6247.675 5995.857|-6247.962 5993.811|-6248.521 5991.810|-6249.346 5989.919|-6250.422 5988.151|-6251.729 5986.539|-6253.246 5985.127|-6254.931 5983.926|-6256.770 5982.970|-6258.720 5982.269|-6260.747 5981.847|-6261.306 5978.711|-6266.654 5948.633|-6267.185 5945.608|-6265.836 5945.130|-6264.543 5944.519|-6263.313 5943.796|-6262.152 5942.951|-6261.076 5942.017|-6260.090 5940.971|-6259.216 5939.837
35 5200 53 AV NW,-6258.440 5938.636|-6245.130 5946.287|-6205.005 5927.928|-6129.990 6009.923|-6120.875 6028.004|-6206.207 6075.373|-6249.940 6009.857|-6251.674 6007.266|-6250.373 6005.654|-6249.311 6003.874|-6248.493 6001.973|-6247.941 5999.983|-6247.668 5997.926|-6247.675 5995.857|-6247.962 5993.811|-6248.521 5991.810|-6249.346 5989.919|-6250.422 5988.151|-6251.729 5986.539|-6253.246 5985.127|-6254.931 5983.926|-6256.770 5982.970|-6258.720 5982.269|-6260.747 5981.847|-6261.306 5978.711|-6266.654 5948.633|-6267.185 5945.608|-6265.836 5945.130|-6264.543 5944.519|-6263.313 5943.796|-6262.152 5942.951|-6261.076 5942.017|-6260.090 5940.971|-6259.216 5939.837
36 5200 53 AV NW,-6258.440 5938.636|-6245.130 5946.287|-6205.005 5927.928|-6129.990 6009.923|-6120.875 6028.004|-6206.207 6075.373|-6249.940 6009.857|-6251.674 6007.266|-6250.373 6005.654|-6249.311 6003.874|-6248.493 6001.973|-6247.941 5999.983|-6247.668 5997.926|-6247.675 5995.857|-6247.962 5993.811|-6248.521 5991.810|-6249.346 5989.919|-6250.422 5988.151|-6251.729 5986.539|-6253.246 5985.127|-6254.931 5983.926|-6256.770 5982.970|-6258.720 5982.269|-6260.747 5981.847|-6261.306 5978.711|-6266.654 5948.633|-6267.185 5945.608|-6265.836 5945.130|-6264.543 5944.519|-6263.313 5943.796|-6262.152 5942.951|-6261.076 5942.017|-6260.090 5940.971|-6259.216 5939.837
37 5200 53 AV NW,-6258.440 5938.636|-6245.130 5946.287|-6205.005 5927.928|-6129.990 6009.923|-6120.875 6028.004|-6206.207 6075.373|-6249.940 6009.857|-6251.674 6007.266|-6250.373 6005.654|-6249.311 6003.874|-6248.493 6001.973|-6247.941 5999.983|-6247.668 5997.926|-6247.675 5995.857|-6247.962 5993.811|-6248.521 5991.810|-6249.346 5989.919|-6250.422 5988.151|-6251.729 5986.539|-6253.246 5985.127|-6254.931 5983.926|-6256.770 5982.970|-6258.720 5982.269|-6260.747 5981.847|-6261.306 5978.711|-6266.654 5948.633|-6267.185 5945.608|-6265.836 5945.130|-6264.543 5944.519|-6263.313 5943.796|-6262.152 5942.951|-6261.076 5942.017|-6260.090 5940.971|-6259.216 5939.837
38 5200 53 AV NW,-6258.440 5938.636|-6245.130 5946.287|-6205.005 5927.928|-6129.990 6009.923|-6120.875 6028.004|-6206.207 6075.373|-6249.940 6009.857|-6251.674 6007.266|-6250.373 6005.654|-6249.311 6003.874|-6248.493 6001.973|-6247.941 5999.983|-6247.668 5997.926|-6247.675 5995.857|-6247.962 5993.811|-6248.521 5991.810|-6249.346 5989.919|-6250.422 5988.151|-6251.729 5986.539|-6253.246 5985.127|-6254.931 5983.926|-6256.770 5982.970|-6258.720 5982.269|-6260.747 5981.847|-6261.306 5978.711|-6266.654 5948.633|-6267.185 5945.608|-6265.836 5945.130|-6264.543 5944.519|-6263.313 5943.796|-6262.152 5942.951|-6261.076 5942.017|-6260.090 5940.971|-6259.216 5939.837
39 5200 53 AV NW,-6258.440 5938.636|-6245.130 5946.287|-6205.005 5927.928|-6129.990 6009.923|-6120.875 6028.004|-6206.207 6075.373|-6249.940 6009.857|-6251.674 6007.266|-6250.373 6005.654|-6249.311 6003.874|-6248.493 6001.973|-6247.941 5999.983|-6247.668 5997.926|-6247.675 5995.857|-6247.962 5993.811|-6248.521 5991.810|-6249.346 5989.919|-6250.422 5988.151|-6251.729 5986.539|-6253.246 5985.127|-6254.931 5983.926|-6256.770 5982.970|-6258.720 5982.269|-6260.747 5981.847|-6261.306 5978.711|-6266.654 5948.633|-6267.185 5945.608|-6265.836 5945.130|-6264.543 5944.519|-6263.313 5943.796|-6262.152 5942.951|-6261.076 5942.017|-6260.090 5940.971|-6259.216 5939.837
1 4839 VARSITY DR NW,-5995.333 5076.264|-6013.466 5081.457|-6022.078 5051.279|-6003.945 5046.097
2 4839 VARSITY DR NW,-5995.333 5076.264|-6013.466 5081.457|-6022.078 5051.279|-6003.945 5046.097
3 4839 VARSITY DR NW,-5995.333 5076.264|-6013.466 5081.457|-6022.078 5051.279|-6003.945 5046.097
4 4839 VARSITY DR NW,-5995.333 5076.264|-6013.466 5081.457|-6022.078 5051.279|-6003.945 5046.097
