ADDRESS,POINTS
110 10 MAHOGANY ME SE,9213.611 -16779.699|9211.877 -16779.699|9211.919 -16746.218|9226.298 -16746.241|9226.305 -16733.453|9225.501 -16733.442|9225.508 -16722.756|9220.706 -16722.756|9180.238 -16722.723|9180.161 -16807.965|9184.628 -16812.513|9202.125 -16812.513|9209.130 -16812.713|9216.120 -16813.280|9216.148 -16795.433|9213.597 -16795.433
111 10 MAHOGANY ME SE,9213.611 -16779.699|9211.877 -16779.699|9211.919 -16746.218|9226.298 -16746.241|9226.305 -16733.453|9225.501 -16733.442|9225.508 -16722.756|9220.706 -16722.756|9180.238 -16722.723|9180.161 -16807.965|9184.628 -16812.513|9202.125 -16812.513|9209.130 -16812.713|9216.120 -16813.280|9216.148 -16795.433|9213.597 -16795.433
112 10 MAHOGANY ME SE,9213.611 -16779.699|9211.877 -16779.699|9211.919 -16746.218|9226.298 -16746.241|9226.305 -16733.453|9225.501 -16733.442|9225.508 -16722.756|9220.706 -16722.756|9180.238 -16722.723|9180.161 -16807.965|9184.628 -16812.513|9202.125 -16812.513|9209.130 -16812.713|9216.120 -16813.280|9216.148 -16795.433|9213.597 -16795.433
113 10 MAHOGANY ME SE,9213.611 -16779.699|9211.877 -16779.699|9211.919 -16746.218|9226.298 -16746.241|9226.305 -16733.453|9225.501 -16733.442|9225.508 -16722.756|9220.706 -16722.756|9180.238 -16722.723|9180.161 -16807.965|9184.628 -16812.513|9202.125 -16812.513|9209.130 -16812.713|9216.120 -16813.280|9216.148 -16795.433|9213.597 -16795.433
114 10 MAHOGANY ME SE,9213.611 -16779.699|9211.877 -16779.699|9211.919 -16746.218|9226.298 -16746.241|9226.305 -16733.453|9225.501 -16733.442|9225.508 -16722.756|9220.706 -16722.756|9180.238 -16722.723|9180.161 -16807.965|9184.628 -16812.513|9202.125 -16812.513|9209.130 -16812.713|9216.120 -16813.280|9216.148 -16795.433|9213.597 -16795.433
115 10 MAHOGANY ME SE,9213.611 -16779.699|9211.877 -16779.699|9211.919 -16746.218|9226.298 -16746.241|9226.305 -16733.453|9225.501 -16733.442|9225.508 -16722.756|9220.706 -16722.756|9180.238 -16722.723|9180.161 -16807.965|9184.628 -16812.513|9202.125 -16812.513|9209.130 -16812.713|9216.120 -16813.280|9216.148 -16795.433|9213.597 -16795.433
116 10 MAHOGANY ME SE,9213.611 -16779.699|9211.877 -16779.699|9211.919 -16746.218|9226.298 -16746.241|9226.305 -16733.453|9225.501 -16733.442|9225.508 -16722.756|9220.706 -16722.756|9180.238 -16722.723|9180.161 -16807.965|9184.628 -16812.513|9202.125 -16812.513|9209.130 -16812.713|9216.120 -16813.280|9216.148 -16795.433|9213.597 -16795.433
117 10 MAHOGANY ME SE,9213.611 -16779.699|9211.877 -16779.699|9211.919 -16746.218|9226.298 -16746.241|9226.305 -16733.453|9225.501 -16733.442|9225.508 -16722.756|9220.706 -16722.756|9180.238 -16722.723|9180.161 -16807.965|9184.628 -16812.513|9202.125 -16812.513|9209.130 -16812.713|9216.120 -16813.280|9216.148 -16795.433|9213.597 -16795.433
118 10 MAHOGANY ME SE,9213.611 -16779.699|9211.877 -16779.699|9211.919 -16746.218|9226.298 -16746.241|9226.305 -16733.453|9225.501 -16733.442|9225.508 -16722.756|9220.706 -16722.756|9180.238 -16722.723|9180.161 -16807.965|9184.628 -16812.513|9202.125 -16812.513|9209.130 -16812.713|9216.120 -16813.280|9216.148 -16795.433|9213.597 -16795.433
204 10 MAHOGANY ME SE,9213.611 -16779.699|9211.877 -16779.699|9211.919 -16746.218|9226.298 -16746.241|9226.305 -16733.453|9225.501 -16733.442|9225.508 -16722.756|9220.706 -16722.756|9180.238 -16722.723|9180.161 -16807.965|9184.628 -16812.513|9202.125 -16812.513|9209.130 -16812.713|9216.120 -16813.280|9216.148 -16795.433|9213.597 -16795.433
205 10 MAHOGANY ME SE,9213.611 -16779.699|9211.877 -16779.699|9211.919 -16746.218|9226.298 -16746.241|9226.305 -16733.453|9225.501 -16733.442|9225.508 -16722.756|9220.706 -16722.756|9180.238 -16722.723|9180.161 -16807.965|9184.628 -16812.513|9202.125 -16812.513|9209.130 -16812.713|9216.120 -16813.280|9216.148 -16795.433|9213.597 -16795.433
206 10 MAHOGANY ME SE,9213.611 -16779.699|9211.877 -16779.699|9211.919 -16746.218|9226.298 -16746.241|9226.305 -16733.453|9225.501 -16733.442|9225.508 -16722.756|9220.706 -16722.756|9180.238 -16722.723|9180.161 -16807.965|9184.628 -16812.513|9202.125 -16812.513|9209.130 -16812.713|9216.120 -16813.280|9216.148 -16795.433|9213.597 -16795.433
207 10 MAHOGANY ME SE,9213.611 -16779.699|9211.877 -16779.699|9211.919 -16746.218|9226.298 -16746.241|9226.305 -16733.453|9225.501 -16733.442|9225.508 -16722.756|9220.706 -16722.756|9180.238 -16722.723|9180.161 -16807.965|9184.628 -16812.513|9202.125 -16812.513|9209.130 -16812.713|9216.120 -16813.280|9216.148 -16795.433|9213.597 -16795.433
208 10 MAHOGANY ME SE,9213.611 -16779.699|9211.877 -16779.699|9211.919 -16746.218|9226.298 -16746.241|9226.305 -16733.453|9225.501 -16733.442|9225.508 -16722.756|9220.706 -16722.756|9180.238 -16722.723|9180.161 -16807.965|9184.628 -16812.513|9202.125 -16812.513|9209.130 -16812.713|9216.120 -16813.280|9216.148 -16795.433|9213.597 -16795.433
209 10 MAHOGANY ME SE,9213.611 -16779.699|9211.877 -16779.699|9211.919 -16746.218|9226.298 -16746.241|9226.305 -16733.453|9225.501 -16733.442|9225.508 -16722.756|9220.706 -16722.756|9180.238 -16722.723|9180.161 -16807.965|9184.628 -16812.513|9202.125 -16812.513|9209.130 -16812.713|9216.120 -16813.280|9216.148 -16795.433|9213.597 -16795.433
210 10 MAHOGANY ME SE,9213.611 -16779.699|9211.877 -16779.699|9211.919 -16746.218|9226.298 -16746.241|9226.305 -16733.453|9225.501 -16733.442|9225.508 -16722.756|9220.706 -16722.756|9180.238 -16722.723|9180.161 -16807.965|9184.628 -16812.513|9202.125 -16812.513|9209.130 -16812.713|9216.120 -16813.280|9216.148 -16795.433|9213.597 -16795.433
211 10 MAHOGANY ME SE,9213.611 -16779.699|9211.877 -16779.699|9211.919 -16746.218|9226.298 -16746.241|9226.305 -16733.453|9225.501 -16733.442|9225.508 -16722.756|9220.706 -16722.756|9180.238 -16722.723|9180.161 -16807.965|9184.628 -16812.513|9202.125 -16812.513|9209.130 -16812.713|9216.120 -16813.280|9216.148 -16795.433|9213.597 -16795.433
212 10 MAHOGANY ME SE,9213.611 -16779.699|9211.877 -16779.699|9211.919 -16746.218|9226.298 -16746.241|9226.305 -16733.453|9225.501 -16733.442|9225.508 -16722.756|9220.706 -16722.756|9180.238 -16722.723|9180.161 -16807.965|9184.628 -16812.513|9202.125 -16812.513|9209.130 -16812.713|9216.120 -16813.280|9216.148 -16795.433|9213.597 -16795.433
213 10 MAHOGANY ME SE,9213.611 -16779.699|9211.877 -16779.699|9211.919 -16746.218|9226.298 -16746.241|9226.305 -16733.453|9225.501 -16733.442|9225.508 -16722.756|9220.706 -16722.756|9180.238 -16722.723|9180.161 -16807.965|9184.628 -16812.513|9202.125 -16812.513|9209.130 -16812.713|9216.120 -16813.280|9216.148 -16795.433|9213.597 -16795.433
214 10 MAHOGANY ME SE,9213.611 -16779.699|9211.877 -16779.699|9211.919 -16746.218|9226.298 -16746.241|9226.305 -16733.453|9225.501 -16733.442|9225.508 -16722.756|9220.706 -16722.756|9180.238 -16722.723|9180.161 -16807.965|9184.628 -16812.513|9202.125 -16812.513|9209.130 -16812.713|9216.120 -16813.280|9216.148 -16795.433|9213.597 -16795.433
215 10 MAHOGANY ME SE,9213.611 -16779.699|9211.877 -16779.699|9211.919 -16746.218|9226.298 -16746.241|9226.305 -16733.453|9225.501 -16733.442|9225.508 -16722.756|9220.706 -16722.756|9180.238 -16722.723|9180.161 -16807.965|9184.628 -16812.513|9202.125 -16812.513|9209.130 -16812.713|9216.120 -16813.280|9216.148 -16795.433|9213.597 -16795.433
216 10 MAHOGANY ME SE,9213.611 -16779.699|9211.877 -16779.699|9211.919 -16746.218|9226.298 -16746.241|9226.305 -16733.453|9225.501 -16733.442|9225.508 -16722.756|9220.706 -16722.756|9180.238 -16722.723|9180.161 -16807.965|9184.628 -16812.513|9202.125 -16812.513|9209.130 -16812.713|9216.120 -16813.280|9216.148 -16795.433|9213.597 -16795.433
217 10 MAHOGANY ME SE,9213.611 -16779.699|9211.877 -16779.699|9211.919 -16746.218|9226.298 -16746.241|9226.305 -16733.453|9225.501 -16733.442|9225.508 -16722.756|9220.706 -16722.756|9180.238 -16722.723|9180.161 -16807.965|9184.628 -16812.513|9202.125 -16812.513|9209.130 -16812.713|9216.120 -16813.280|9216.148 -16795.433|9213.597 -16795.433
218 10 MAHOGANY ME SE,9213.611 -16779.699|9211.877 -16779.699|9211.919 -16746.218|9226.298 -16746.241|9226.305 -16733.453|9225.501 -16733.442|9225.508 -16722.756|9220.706 -16722.756|9180.238 -16722.723|9180.161 -16807.965|9184.628 -16812.513|9202.125 -16812.513|9209.130 -16812.713|9216.120 -16813.280|9216.148 -16795.433|9213.597 -16795.433
219 10 MAHOGANY ME SE,9213.611 -16779.699|9211.877 -16779.699|9211.919 -16746.218|9226.298 -16746.241|9226.305 -16733.453|9225.501 -16733.442|9225.508 -16722.756|9220.706 -16722.756|9180.238 -16722.723|9180.161 -16807.965|9184.628 -16812.513|9202.125 -16812.513|9209.130 -16812.713|9216.120 -16813.280|9216.148 -16795.433|9213.597 -16795.433
201 10 MAHOGANY ME SE,9213.611 -16779.699|9211.877 -16779.699|9211.919 -16746.218|9226.298 -16746.241|9226.305 -16733.453|9225.501 -16733.442|9225.508 -16722.756|9220.706 -16722.756|9180.238 -16722.723|9180.161 -16807.965|9184.628 -16812.513|9202.125 -16812.513|9209.130 -16812.713|9216.120 -16813.280|9216.148 -16795.433|9213.597 -16795.433
202 10 MAHOGANY ME SE,9213.611 -16779.699|9211.877 -16779.699|9211.919 -16746.218|9226.298 -16746.241|9226.305 -16733.453|9225.501 -16733.442|9225.508 -16722.756|9220.706 -16722.756|9180.238 -16722.723|9180.161 -16807.965|9184.628 -16812.513|9202.125 -16812.513|9209.130 -16812.713|9216.120 -16813.280|9216.148 -16795.433|9213.597 -16795.433
203 10 MAHOGANY ME SE,9213.611 -16779.699|9211.877 -16779.699|9211.919 -16746.218|9226.298 -16746.241|9226.305 -16733.453|9225.501 -16733.442|9225.508 -16722.756|9220.706 -16722.756|9180.238 -16722.723|9180.161 -16807.965|9184.628 -16812.513|9202.125 -16812.513|9209.130 -16812.713|9216.120 -16813.280|9216.148 -16795.433|9213.597 -16795.433
304 10 MAHOGANY ME SE,9213.611 -16779.699|9211.877 -16779.699|9211.919 -16746.218|9226.298 -16746.241|9226.305 -16733.453|9225.501 -16733.442|9225.508 -16722.756|9220.706 -16722.756|9180.238 -16722.723|9180.161 -16807.965|9184.628 -16812.513|9202.125 -16812.513|9209.130 -16812.713|9216.120 -16813.280|9216.148 -16795.433|9213.597 -16795.433
305 10 MAHOGANY ME SE,9213.611 -16779.699|9211.877 -16779.699|9211.919 -16746.218|9226.298 -16746.241|9226.305 -16733.453|9225.501 -16733.442|9225.508 -16722.756|9220.706 -16722.756|9180.238 -16722.723|9180.161 -16807.965|9184.628 -16812.513|9202.125 -16812.513|9209.130 -16812.713|9216.120 -16813.280|9216.148 -16795.433|9213.597 -16795.433
306 10 MAHOGANY ME SE,9213.611 -16779.699|9211.877 -16779.699|9211.919 -16746.218|9226.298 -16746.241|9226.305 -16733.453|9225.501 -16733.442|9225.508 -16722.756|9220.706 -16722.756|9180.238 -16722.723|9180.161 -16807.965|9184.628 -16812.513|9202.125 -16812.513|9209.130 -16812.713|9216.120 -16813.280|9216.148 -16795.433|9213.597 -16795.433
307 10 MAHOGANY ME SE,9213.611 -16779.699|9211.877 -16779.699|9211.919 -16746.218|9226.298 -16746.241|9226.305 -16733.453|9225.501 -16733.442|9225.508 -16722.756|9220.706 -16722.756|9180.238 -16722.723|9180.161 -16807.965|9184.628 -16812.513|9202.125 -16812.513|9209.130 -16812.713|9216.120 -16813.280|9216.148 -16795.433|9213.597 -16795.433
308 10 MAHOGANY ME SE,9213.611 -16779.699|9211.877 -16779.699|9211.919 -16746.218|9226.298 -16746.241|9226.305 -16733.453|9225.501 -16733.442|9225.508 -16722.756|9220.706 -16722.756|9180.238 -16722.723|9180.161 -16807.965|9184.628 -16812.513|9202.125 -16812.513|9209.130 -16812.713|9216.120 -16813.280|9216.148 -16795.433|9213.597 -16795.433
309 10 MAHOGANY ME SE,9213.611 -16779.699|9211.877 -16779.699|9211.919 -16746.218|9226.298 -16746.241|9226.305 -16733.453|9225.501 -16733.442|9225.508 -16722.756|9220.706 -16722.756|9180.238 -16722.723|9180.161 -16807.965|9184.628 -16812.513|9202.125 -16812.513|9209.130 -16812.713|9216.120 -16813.280|9216.148 -16795.433|9213.597 -16795.433
310 10 MAHOGANY ME SE,9213.611 -16779.699|9211.877 -16779.699|9211.919 -16746.218|9226.298 -16746.241|9226.305 -16733.453|9225.501 -16733.442|9225.508 -16722.756|9220.706 -16722.756|9180.238 -16722.723|9180.161 -16807.965|9184.628 -16812.513|9202.125 -16812.513|9209.130 -16812.713|9216.120 -16813.280|9216.148 -16795.433|9213.597 -16795.433
311 10 MAHOGANY ME SE,9213.611 -16779.699|9211.877 -16779.699|9211.919 -16746.218|9226.298 -16746.241|9226.305 -16733.453|9225.501 -16733.442|9225.508 -16722.756|9220.706 -16722.756|9180.238 -16722.723|9180.161 -16807.965|9184.628 -16812.513|9202.125 -16812.513|9209.130 -16812.713|9216.120 -16813.280|9216.148 -16795.433|9213.597 -16795.433
312 10 MAHOGANY ME SE,9213.611 -16779.699|9211.877 -16779.699|9211.919 -16746.218|9226.298 -16746.241|9226.305 -16733.453|9225.501 -16733.442|9225.508 -16722.756|9220.706 -16722.756|9180.238 -16722.723|9180.161 -16807.965|9184.628 -16812.513|9202.125 -16812.513|9209.130 -16812.713|9216.120 -16813.280|9216.148 -16795.433|9213.597 -16795.433
313 10 MAHOGANY ME SE,9213.611 -16779.699|9211.877 -16779.699|9211.919 -16746.218|9226.298 -16746.241|9226.305 -16733.453|9225.501 -16733.442|9225.508 -16722.756|9220.706 -16722.756|9180.238 -16722.723|9180.161 -16807.965|9184.628 -16812.513|9202.125 -16812.513|9209.130 -16812.713|9216.120 -16813.280|9216.148 -16795.433|9213.597 -16795.433
314 10 MAHOGANY ME SE,9213.611 -16779.699|9211.877 -16779.699|9211.919 -16746.218|9226.298 -16746.241|9226.305 -16733.453|9225.501 -16733.442|9225.508 -16722.756|9220.706 -16722.756|9180.238 -16722.723|9180.161 -16807.965|9184.628 -16812.513|9202.125 -16812.513|9209.130 -16812.713|9216.120 -16813.280|9216.148 -16795.433|9213.597 -16795.433
315 10 MAHOGANY ME SE,9213.611 -16779.699|9211.877 -16779.699|9211.919 -16746.218|9226.298 -16746.241|9226.305 -16733.453|9225.501 -16733.442|9225.508 -16722.756|9220.706 -16722.756|9180.238 -16722.723|9180.161 -16807.965|9184.628 -16812.513|9202.125 -16812.513|9209.130 -16812.713|9216.120 -16813.280|9216.148 -16795.433|9213.597 -16795.433
316 10 MAHOGANY ME SE,9213.611 -16779.699|9211.877 -16779.699|9211.919 -16746.218|9226.298 -16746.241|9226.305 -16733.453|9225.501 -16733.442|9225.508 -16722.756|9220.706 -16722.756|9180.238 -16722.723|9180.161 -16807.965|9184.628 -16812.513|9202.125 -16812.513|9209.130 -16812.713|9216.120 -16813.280|9216.148 -16795.433|9213.597 -16795.433
317 10 MAHOGANY ME SE,9213.611 -16779.699|9211.877 -16779.699|9211.919 -16746.218|9226.298 -16746.241|9226.305 -16733.453|9225.501 -16733.442|9225.508 -16722.756|9220.706 -16722.756|9180.238 -16722.723|9180.161 -16807.965|9184.628 -16812.513|9202.125 -16812.513|9209.130 -16812.713|9216.120 -16813.280|9216.148 -16795.433|9213.597 -16795.433
318 10 MAHOGANY ME SE,9213.611 -16779.699|9211.877 -16779.699|9211.919 -16746.218|9226.298 -16746.241|9226.305 -16733.453|9225.501 -16733.442|9225.508 -16722.756|9220.706 -16722.756|9180.238 -16722.723|9180.161 -16807.965|9184.628 -16812.513|9202.125 -16812.513|9209.130 -16812.713|9216.120 -16813.280|9216.148 -16795.433|9213.597 -16795.433
319 10 MAHOGANY ME SE,9213.611 -16779.699|9211.877 -16779.699|9211.919 -16746.218|9226.298 -16746.241|9226.305 -16733.453|9225.501 -16733.442|9225.508 -16722.756|9220.706 -16722.756|9180.238 -16722.723|9180.161 -16807.965|9184.628 -16812.513|9202.125 -16812.513|9209.130 -16812.713|9216.120 -16813.280|9216.148 -16795.433|9213.597 -16795.433
301 10 MAHOGANY ME SE,9213.611 -16779.699|9211.877 -16779.699|9211.919 -16746.218|9226.298 -16746.241|9226.305 -16733.453|9225.501 -16733.442|9225.508 -16722.756|9220.706 -16722.756|9180.238 -16722.723|9180.161 -16807.965|9184.628 -16812.513|9202.125 -16812.513|9209.130 -16812.713|9216.120 -16813.280|9216.148 -16795.433|9213.597 -16795.433
302 10 MAHOGANY ME SE,9213.611 -16779.699|9211.877 -16779.699|9211.919 -16746.218|9226.298 -16746.241|9226.305 -16733.453|9225.501 -16733.442|9225.508 -16722.756|9220.706 -16722.756|9180.238 -16722.723|9180.161 -16807.965|9184.628 -16812.513|9202.125 -16812.513|9209.130 -16812.713|9216.120 -16813.280|9216.148 -16795.433|9213.597 -16795.433
303 10 MAHOGANY ME SE,9213.611 -16779.699|9211.877 -16779.699|9211.919 -16746.218|9226.298 -16746.241|9226.305 -16733.453|9225.501 -16733.442|9225.508 -16722.756|9220.706 -16722.756|9180.238 -16722.723|9180.161 -16807.965|9184.628 -16812.513|9202.125 -16812.513|9209.130 -16812.713|9216.120 -16813.280|9216.148 -16795.433|9213.597 -16795.433
404 10 MAHOGANY ME SE,9213.611 -16779.699|9211.877 -16779.699|9211.919 -16746.218|9226.298 -16746.241|9226.305 -16733.453|9225.501 -16733.442|9225.508 -16722.756|9220.706 -16722.756|9180.238 -16722.723|9180.161 -16807.965|9184.628 -16812.513|9202.125 -16812.513|9209.130 -16812.713|9216.120 -16813.280|9216.148 -16795.433|9213.597 -16795.433
405 10 MAHOGANY ME SE,9213.611 -16779.699|9211.877 -16779.699|9211.919 -16746.218|9226.298 -16746.241|9226.305 -16733.453|9225.501 -16733.442|9225.508 -16722.756|9220.706 -16722.756|9180.238 -16722.723|9180.161 -16807.965|9184.628 -16812.513|9202.125 -16812.513|9209.130 -16812.713|9216.120 -16813.280|9216.148 -16795.433|9213.597 -16795.433
406 10 MAHOGANY ME SE,9213.611 -16779.699|9211.877 -16779.699|9211.919 -16746.218|9226.298 -16746.241|9226.305 -16733.453|9225.501 -16733.442|9225.508 -16722.756|9220.706 -16722.756|9180.238 -16722.723|9180.161 -16807.965|9184.628 -16812.513|9202.125 -16812.513|9209.130 -16812.713|9216.120 -16813.280|9216.148 -16795.433|9213.597 -16795.433
407 10 MAHOGANY ME SE,9213.611 -16779.699|9211.877 -16779.699|9211.919 -16746.218|9226.298 -16746.241|9226.305 -16733.453|9225.501 -16733.442|9225.508 -16722.756|9220.706 -16722.756|9180.238 -16722.723|9180.161 -16807.965|9184.628 -16812.513|9202.125 -16812.513|9209.130 -16812.713|9216.120 -16813.280|9216.148 -16795.433|9213.597 -16795.433
408 10 MAHOGANY ME SE,9213.611 -16779.699|9211.877 -16779.699|9211.919 -16746.218|9226.298 -16746.241|9226.305 -16733.453|9225.501 -16733.442|9225.508 -16722.756|9220.706 -16722.756|9180.238 -16722.723|9180.161 -16807.965|9184.628 -16812.513|9202.125 -16812.513|9209.130 -16812.713|9216.120 -16813.280|9216.148 -16795.433|9213.597 -16795.433
409 10 MAHOGANY ME SE,9213.611 -16779.699|9211.877 -16779.699|9211.919 -16746.218|9226.298 -16746.241|9226.305 -16733.453|9225.501 -16733.442|9225.508 -16722.756|9220.706 -16722.756|9180.238 -16722.723|9180.161 -16807.965|9184.628 -16812.513|9202.125 -16812.513|9209.130 -16812.713|9216.120 -16813.280|9216.148 -16795.433|9213.597 -16795.433
410 10 MAHOGANY ME SE,9213.611 -16779.699|9211.877 -16779.699|9211.919 -16746.218|9226.298 -16746.241|9226.305 -16733.453|9225.501 -16733.442|9225.508 -16722.756|9220.706 -16722.756|9180.238 -16722.723|9180.161 -16807.965|9184.628 -16812.513|9202.125 -16812.513|9209.130 -16812.713|9216.120 -16813.280|9216.148 -16795.433|9213.597 -16795.433
411 10 MAHOGANY ME SE,9213.611 -16779.699|9211.877 -16779.699|9211.919 -16746.218|9226.298 -16746.241|9226.305 -16733.453|9225.501 -16733.442|9225.508 -16722.756|9220.706 -16722.756|9180.238 -16722.723|9180.161 -16807.965|9184.628 -16812.513|9202.125 -16812.513|9209.130 -16812.713|9216.120 -16813.280|9216.148 -16795.433|9213.597 -16795.433
412 10 MAHOGANY ME SE,9213.611 -16779.699|9211.877 -16779.699|9211.919 -16746.218|9226.298 -16746.241|9226.305 -16733.453|9225.501 -16733.442|9225.508 -16722.756|9220.706 -16722.756|9180.238 -16722.723|9180.161 -16807.965|9184.628 -16812.513|9202.125 -16812.513|9209.130 -16812.713|9216.120 -16813.280|9216.148 -16795.433|9213.597 -16795.433
413 10 MAHOGANY ME SE,9213.611 -16779.699|9211.877 -16779.699|9211.919 -16746.218|9226.298 -16746.241|9226.305 -16733.453|9225.501 -16733.442|9225.508 -16722.756|9220.706 -16722.756|9180.238 -16722.723|9180.161 -16807.965|9184.628 -16812.513|9202.125 -16812.513|9209.130 -16812.713|9216.120 -16813.280|9216.148 -16795.433|9213.597 -16795.433
414 10 MAHOGANY ME SE,9213.611 -16779.699|9211.877 -16779.699|9211.919 -16746.218|9226.298 -16746.241|9226.305 -16733.453|9225.501 -16733.442|9225.508 -16722.756|9220.706 -16722.756|9180.238 -16722.723|9180.161 -16807.965|9184.628 -16812.513|9202.125 -16812.513|9209.130 -16812.713|9216.120 -16813.280|9216.148 -16795.433|9213.597 -16795.433
415 10 MAHOGANY ME SE,9213.611 -16779.699|9211.877 -16779.699|9211.919 -16746.218|9226.298 -16746.241|9226.305 -16733.453|9225.501 -16733.442|9225.508 -16722.756|9220.706 -16722.756|9180.238 -16722.723|9180.161 -16807.965|9184.628 -16812.513|9202.125 -16812.513|9209.130 -16812.713|9216.120 -16813.280|9216.148 -16795.433|9213.597 -16795.433
416 10 MAHOGANY ME SE,9213.611 -16779.699|9211.877 -16779.699|9211.919 -16746.218|9226.298 -16746.241|9226.305 -16733.453|9225.501 -16733.442|9225.508 -16722.756|9220.706 -16722.756|9180.238 -16722.723|9180.161 -16807.965|9184.628 -16812.513|9202.125 -16812.513|9209.130 -16812.713|9216.120 -16813.280|9216.148 -16795.433|9213.597 -16795.433
417 10 MAHOGANY ME SE,9213.611 -16779.699|9211.877 -16779.699|9211.919 -16746.218|9226.298 -16746.241|9226.305 -16733.453|9225.501 -16733.442|9225.508 -16722.756|9220.706 -16722.756|9180.238 -16722.723|9180.161 -16807.965|9184.628 -16812.513|9202.125 -16812.513|9209.130 -16812.713|9216.120 -16813.280|9216.148 -16795.433|9213.597 -16795.433
418 10 MAHOGANY ME SE,9213.611 -16779.699|9211.877 -16779.699|9211.919 -16746.218|9226.298 -16746.241|9226.305 -16733.453|9225.501 -16733.442|9225.508 -16722.756|9220.706 -16722.756|9180.238 -16722.723|9180.161 -16807.965|9184.628 -16812.513|9202.125 -16812.513|9209.130 -16812.713|9216.120 -16813.280|9216.148 -16795.433|9213.597 -16795.433
419 10 MAHOGANY ME SE,9213.611 -16779.699|9211.877 -16779.699|9211.919 -16746.218|9226.298 -16746.241|9226.305 -16733.453|9225.501 -16733.442|9225.508 -16722.756|9220.706 -16722.756|9180.238 -16722.723|9180.161 -16807.965|9184.628 -16812.513|9202.125 -16812.513|9209.130 -16812.713|9216.120 -16813.280|9216.148 -16795.433|9213.597 -16795.433
401 10 MAHOGANY ME SE,9213.611 -16779.699|9211.877 -16779.699|9211.919 -16746.218|9226.298 -16746.241|9226.305 -16733.453|9225.501 -16733.442|9225.508 -16722.756|9220.706 -16722.756|9180.238 -16722.723|9180.161 -16807.965|9184.628 -16812.513|9202.125 -16812.513|9209.130 -16812.713|9216.120 -16813.280|9216.148 -16795.433|9213.597 -16795.433
402 10 MAHOGANY ME SE,9213.611 -16779.699|9211.877 -16779.699|9211.919 -16746.218|9226.298 -16746.241|9226.305 -16733.453|9225.501 -16733.442|9225.508 -16722.756|9220.706 -16722.756|9180.238 -16722.723|9180.161 -16807.965|9184.628 -16812.513|9202.125 -16812.513|9209.130 -16812.713|9216.120 -16813.280|9216.148 -16795.433|9213.597 -16795.433
403 10 MAHOGANY ME SE,9213.611 -16779.699|9211.877 -16779.699|9211.919 -16746.218|9226.298 -16746.241|9226.305 -16733.453|9225.501 -16733.442|9225.508 -16722.756|9220.706 -16722.756|9180.238 -16722.723|9180.161 -16807.965|9184.628 -16812.513|9202.125 -16812.513|9209.130 -16812.713|9216.120 -16813.280|9216.148 -16795.433|9213.597 -16795.433
137V 10 MAHOGANY ME SE,9213.611 -16779.699|9211.877 -16779.699|9211.919 -16746.218|9226.298 -16746.241|9226.305 -16733.453|9225.501 -16733.442|9225.508 -16722.756|9220.706 -16722.756|9180.238 -16722.723|9180.161 -16807.965|9184.628 -16812.513|9202.125 -16812.513|9209.130 -16812.713|9216.120 -16813.280|9216.148 -16795.433|9213.597 -16795.433
138V 10 MAHOGANY ME SE,9213.611 -16779.699|9211.877 -16779.699|9211.919 -16746.218|9226.298 -16746.241|9226.305 -16733.453|9225.501 -16733.442|9225.508 -16722.756|9220.706 -16722.756|9180.238 -16722.723|9180.161 -16807.965|9184.628 -16812.513|9202.125 -16812.513|9209.130 -16812.713|9216.120 -16813.280|9216.148 -16795.433|9213.597 -16795.433
139V 10 MAHOGANY ME SE,9213.611 -16779.699|9211.877 -16779.699|9211.919 -16746.218|9226.298 -16746.241|9226.305 -16733.453|9225.501 -16733.442|9225.508 -16722.756|9220.706 -16722.756|9180.238 -16722.723|9180.161 -16807.965|9184.628 -16812.513|9202.125 -16812.513|9209.130 -16812.713|9216.120 -16813.280|9216.148 -16795.433|9213.597 -16795.433
140V 10 MAHOGANY ME SE,9213.611 -16779.699|9211.877 -16779.699|9211.919 -16746.218|9226.298 -16746.241|9226.305 -16733.453|9225.501 -16733.442|9225.508 -16722.756|9220.706 -16722.756|9180.238 -16722.723|9180.161 -16807.965|9184.628 -16812.513|9202.125 -16812.513|9209.130 -16812.713|9216.120 -16813.280|9216.148 -16795.433|9213.597 -16795.433
141V 10 MAHOGANY ME SE,9213.611 -16779.699|9211.877 -16779.699|9211.919 -16746.218|9226.298 -16746.241|9226.305 -16733.453|9225.501 -16733.442|9225.508 -16722.756|9220.706 -16722.756|9180.238 -16722.723|9180.161 -16807.965|9184.628 -16812.513|9202.125 -16812.513|9209.130 -16812.713|9216.120 -16813.280|9216.148 -16795.433|9213.597 -16795.433
142V 10 MAHOGANY ME SE,9213.611 -16779.699|9211.877 -16779.699|9211.919 -16746.218|9226.298 -16746.241|9226.305 -16733.453|9225.501 -16733.442|9225.508 -16722.756|9220.706 -16722.756|9180.238 -16722.723|9180.161 -16807.965|9184.628 -16812.513|9202.125 -16812.513|9209.130 -16812.713|9216.120 -16813.280|9216.148 -16795.433|9213.597 -16795.433
143V 10 MAHOGANY ME SE,9213.611 -16779.699|9211.877 -16779.699|9211.919 -16746.218|9226.298 -16746.241|9226.305 -16733.453|9225.501 -16733.442|9225.508 -16722.756|9220.706 -16722.756|9180.238 -16722.723|9180.161 -16807.965|9184.628 -16812.513|9202.125 -16812.513|9209.130 -16812.713|9216.120 -16813.280|9216.148 -16795.433|9213.597 -16795.433
144V 10 MAHOGANY ME SE,9213.611 -16779.699|9211.877 -16779.699|9211.919 -16746.218|9226.298 -16746.241|9226.305 -16733.453|9225.501 -16733.442|9225.508 -16722.756|9220.706 -16722.756|9180.238 -16722.723|9180.161 -16807.965|9184.628 -16812.513|9202.125 -16812.513|9209.130 -16812.713|9216.120 -16813.280|9216.148 -16795.433|9213.597 -16795.433
145V 10 MAHOGANY ME SE,9213.611 -16779.699|9211.877 -16779.699|9211.919 -16746.218|9226.298 -16746.241|9226.305 -16733.453|9225.501 -16733.442|9225.508 -16722.756|9220.706 -16722.756|9180.238 -16722.723|9180.161 -16807.965|9184.628 -16812.513|9202.125 -16812.513|9209.130 -16812.713|9216.120 -16813.280|9216.148 -16795.433|9213.597 -16795.433
146V 10 MAHOGANY ME SE,9213.611 -16779.699|9211.877 -16779.699|9211.919 -16746.218|9226.298 -16746.241|9226.305 -16733.453|9225.501 -16733.442|9225.508 -16722.756|9220.706 -16722.756|9180.238 -16722.723|9180.161 -16807.965|9184.628 -16812.513|9202.125 -16812.513|9209.130 -16812.713|9216.120 -16813.280|9216.148 -16795.433|9213.597 -16795.433
147V 10 MAHOGANY ME SE,9213.611 -16779.699|9211.877 -16779.699|9211.919 -16746.218|9226.298 -16746.241|9226.305 -16733.453|9225.501 -16733.442|9225.508 -16722.756|9220.706 -16722.756|9180.238 -16722.723|9180.161 -16807.965|9184.628 -16812.513|9202.125 -16812.513|9209.130 -16812.713|9216.120 -16813.280|9216.148 -16795.433|9213.597 -16795.433
148V 10 MAHOGANY ME SE,9213.611 -16779.699|9211.877 -16779.699|9211.919 -16746.218|9226.298 -16746.241|9226.305 -16733.453|9225.501 -16733.442|9225.508 -16722.756|9220.706 -16722.756|9180.238 -16722.723|9180.161 -16807.965|9184.628 -16812.513|9202.125 -16812.513|9209.130 -16812.713|9216.120 -16813.280|9216.148 -16795.433|9213.597 -16795.433
149V 10 MAHOGANY ME SE,9213.611 -16779.699|9211.877 -16779.699|9211.919 -16746.218|9226.298 -16746.241|9226.305 -16733.453|9225.501 -16733.442|9225.508 -16722.756|9220.706 -16722.756|9180.238 -16722.723|9180.161 -16807.965|9184.628 -16812.513|9202.125 -16812.513|9209.130 -16812.713|9216.120 -16813.280|9216.148 -16795.433|9213.597 -16795.433
150V 10 MAHOGANY ME SE,9213.611 -16779.699|9211.877 -16779.699|9211.919 -16746.218|9226.298 -16746.241|9226.305 -16733.453|9225.501 -16733.442|9225.508 -16722.756|9220.706 -16722.756|9180.238 -16722.723|9180.161 -16807.965|9184.628 -16812.513|9202.125 -16812.513|9209.130 -16812.713|9216.120 -16813.280|9216.148 -16795.433|9213.597 -16795.433
151V 10 MAHOGANY ME SE,9213.611 -16779.699|9211.877 -16779.699|9211.919 -16746.218|9226.298 -16746.241|9226.305 -16733.453|9225.501 -16733.442|9225.508 -16722.756|9220.706 -16722.756|9180.238 -16722.723|9180.161 -16807.965|9184.628 -16812.513|9202.125 -16812.513|9209.130 -16812.713|9216.120 -16813.280|9216.148 -16795.433|9213.597 -16795.433
152V 10 MAHOGANY ME SE,9213.611 -16779.699|9211.877 -16779.699|9211.919 -16746.218|9226.298 -16746.241|9226.305 -16733.453|9225.501 -16733.442|9225.508 -16722.756|9220.706 -16722.756|9180.238 -16722.723|9180.161 -16807.965|9184.628 -16812.513|9202.125 -16812.513|9209.130 -16812.713|9216.120 -16813.280|9216.148 -16795.433|9213.597 -16795.433
153V 10 MAHOGANY ME SE,9213.611 -16779.699|9211.877 -16779.699|9211.919 -16746.218|9226.298 -16746.241|9226.305 -16733.453|9225.501 -16733.442|9225.508 -16722.756|9220.706 -16722.756|9180.238 -16722.723|9180.161 -16807.965|9184.628 -16812.513|9202.125 -16812.513|9209.130 -16812.713|9216.120 -16813.280|9216.148 -16795.433|9213.597 -16795.433
154V 10 MAHOGANY ME SE,9213.611 -16779.699|9211.877 -16779.699|9211.919 -16746.218|9226.298 -16746.241|9226.305 -16733.453|9225.501 -16733.442|9225.508 -16722.756|9220.706 -16722.756|9180.238 -16722.723|9180.161 -16807.965|9184.628 -16812.513|9202.125 -16812.513|9209.130 -16812.713|9216.120 -16813.280|9216.148 -16795.433|9213.597 -16795.433
155V 10 MAHOGANY ME SE,9213.611 -16779.699|9211.877 -16779.699|9211.919 -16746.218|9226.298 -16746.241|9226.305 -16733.453|9225.501 -16733.442|9225.508 -16722.756|9220.706 -16722.756|9180.238 -16722.723|9180.161 -16807.965|9184.628 -16812.513|9202.125 -16812.513|9209.130 -16812.713|9216.120 -16813.280|9216.148 -16795.433|9213.597 -16795.433
156V 10 MAHOGANY ME SE,9213.611 -16779.699|9211.877 -16779.699|9211.919 -16746.218|9226.298 -16746.241|9226.305 -16733.453|9225.501 -16733.442|9225.508 -16722.756|9220.706 -16722.756|9180.238 -16722.723|9180.161 -16807.965|9184.628 -16812.513|9202.125 -16812.513|9209.130 -16812.713|9216.120 -16813.280|9216.148 -16795.433|9213.597 -16795.433
157V 10 MAHOGANY ME SE,9213.611 -16779.699|9211.877 -16779.699|9211.919 -16746.218|9226.298 -16746.241|9226.305 -16733.453|9225.501 -16733.442|9225.508 -16722.756|9220.706 -16722.756|9180.238 -16722.723|9180.161 -16807.965|9184.628 -16812.513|9202.125 -16812.513|9209.130 -16812.713|9216.120 -16813.280|9216.148 -16795.433|9213.597 -16795.433
158V 10 MAHOGANY ME SE,9213.611 -16779.699|9211.877 -16779.699|9211.919 -16746.218|9226.298 -16746.241|9226.305 -16733.453|9225.501 -16733.442|9225.508 -16722.756|9220.706 -16722.756|9180.238 -16722.723|9180.161 -16807.965|9184.628 -16812.513|9202.125 -16812.513|9209.130 -16812.713|9216.120 -16813.280|9216.148 -16795.433|9213.597 -16795.433
159V 10 MAHOGANY ME SE,9213.611 -16779.699|9211.877 -16779.699|9211.919 -16746.218|9226.298 -16746.241|9226.305 -16733.453|9225.501 -16733.442|9225.508 -16722.756|9220.706 -16722.756|9180.238 -16722.723|9180.161 -16807.965|9184.628 -16812.513|9202.125 -16812.513|9209.130 -16812.713|9216.120 -16813.280|9216.148 -16795.433|9213.597 -16795.433
160V 10 MAHOGANY ME SE,9213.611 -16779.699|9211.877 -16779.699|9211.919 -16746.218|9226.298 -16746.241|9226.305 -16733.453|9225.501 -16733.442|9225.508 -16722.756|9220.706 -16722.756|9180.238 -16722.723|9180.161 -16807.965|9184.628 -16812.513|9202.125 -16812.513|9209.130 -16812.713|9216.120 -16813.280|9216.148 -16795.433|9213.597 -16795.433
161V 10 MAHOGANY ME SE,9213.611 -16779.699|9211.877 -16779.699|9211.919 -16746.218|9226.298 -16746.241|9226.305 -16733.453|9225.501 -16733.442|9225.508 -16722.756|9220.706 -16722.756|9180.238 -16722.723|9180.161 -16807.965|9184.628 -16812.513|9202.125 -16812.513|9209.130 -16812.713|9216.120 -16813.280|9216.148 -16795.433|9213.597 -16795.433
162V 10 MAHOGANY ME SE,9213.611 -16779.699|9211.877 -16779.699|9211.919 -16746.218|9226.298 -16746.241|9226.305 -16733.453|9225.501 -16733.442|9225.508 -16722.756|9220.706 -16722.756|9180.238 -16722.723|9180.161 -16807.965|9184.628 -16812.513|9202.125 -16812.513|9209.130 -16812.713|9216.120 -16813.280|9216.148 -16795.433|9213.597 -16795.433
163V 10 MAHOGANY ME SE,9213.611 -16779.699|9211.877 -16779.699|9211.919 -16746.218|9226.298 -16746.241|9226.305 -16733.453|9225.501 -16733.442|9225.508 -16722.756|9220.706 -16722.756|9180.238 -16722.723|9180.161 -16807.965|9184.628 -16812.513|9202.125 -16812.513|9209.130 -16812.713|9216.120 -16813.280|9216.148 -16795.433|9213.597 -16795.433
164V 10 MAHOGANY ME SE,9213.611 -16779.699|9211.877 -16779.699|9211.919 -16746.218|9226.298 -16746.241|9226.305 -16733.453|9225.501 -16733.442|9225.508 -16722.756|9220.706 -16722.756|9180.238 -16722.723|9180.161 -16807.965|9184.628 -16812.513|9202.125 -16812.513|9209.130 -16812.713|9216.120 -16813.280|9216.148 -16795.433|9213.597 -16795.433
165V 10 MAHOGANY ME SE,9213.611 -16779.699|9211.877 -16779.699|9211.919 -16746.218|9226.298 -16746.241|9226.305 -16733.453|9225.501 -16733.442|9225.508 -16722.756|9220.706 -16722.756|9180.238 -16722.723|9180.161 -16807.965|9184.628 -16812.513|9202.125 -16812.513|9209.130 -16812.713|9216.120 -16813.280|9216.148 -16795.433|9213.597 -16795.433
166V 10 MAHOGANY ME SE,9213.611 -16779.699|9211.877 -16779.699|9211.919 -16746.218|9226.298 -16746.241|9226.305 -16733.453|9225.501 -16733.442|9225.508 -16722.756|9220.706 -16722.756|9180.238 -16722.723|9180.161 -16807.965|9184.628 -16812.513|9202.125 -16812.513|9209.130 -16812.713|9216.120 -16813.280|9216.148 -16795.433|9213.597 -16795.433
167V 10 MAHOGANY ME SE,9213.611 -16779.699|9211.877 -16779.699|9211.919 -16746.218|9226.298 -16746.241|9226.305 -16733.453|9225.501 -16733.442|9225.508 -16722.756|9220.706 -16722.756|9180.238 -16722.723|9180.161 -16807.965|9184.628 -16812.513|9202.125 -16812.513|9209.130 -16812.713|9216.120 -16813.280|9216.148 -16795.433|9213.597 -16795.433
168V 10 MAHOGANY ME SE,9213.611 -16779.699|9211.877 -16779.699|9211.919 -16746.218|9226.298 -16746.241|9226.305 -16733.453|9225.501 -16733.442|9225.508 -16722.756|9220.706 -16722.756|9180.238 -16722.723|9180.161 -16807.965|9184.628 -16812.513|9202.125 -16812.513|9209.130 -16812.713|9216.120 -16813.280|9216.148 -16795.433|9213.597 -16795.433
169V 10 MAHOGANY ME SE,9213.611 -16779.699|9211.877 -16779.699|9211.919 -16746.218|9226.298 -16746.241|9226.305 -16733.453|9225.501 -16733.442|9225.508 -16722.756|9220.706 -16722.756|9180.238 -16722.723|9180.161 -16807.965|9184.628 -16812.513|9202.125 -16812.513|9209.130 -16812.713|9216.120 -16813.280|9216.148 -16795.433|9213.597 -16795.433
170V 10 MAHOGANY ME SE,9213.611 -16779.699|9211.877 -16779.699|9211.919 -16746.218|9226.298 -16746.241|9226.305 -16733.453|9225.501 -16733.442|9225.508 -16722.756|9220.706 -16722.756|9180.238 -16722.723|9180.161 -16807.965|9184.628 -16812.513|9202.125 -16812.513|9209.130 -16812.713|9216.120 -16813.280|9216.148 -16795.433|9213.597 -16795.433
171V 10 MAHOGANY ME SE,9213.611 -16779.699|9211.877 -16779.699|9211.919 -16746.218|9226.298 -16746.241|9226.305 -16733.453|9225.501 -16733.442|9225.508 -16722.756|9220.706 -16722.756|9180.238 -16722.723|9180.161 -16807.965|9184.628 -16812.513|9202.125 -16812.513|9209.130 -16812.713|9216.120 -16813.280|9216.148 -16795.433|9213.597 -16795.433
172V 10 MAHOGANY ME SE,9213.611 -16779.699|9211.877 -16779.699|9211.919 -16746.218|9226.298 -16746.241|9226.305 -16733.453|9225.501 -16733.442|9225.508 -16722.756|9220.706 -16722.756|9180.238 -16722.723|9180.161 -16807.965|9184.628 -16812.513|9202.125 -16812.513|9209.130 -16812.713|9216.120 -16813.280|9216.148 -16795.433|9213.597 -16795.433
173V 10 MAHOGANY ME SE,9213.611 -16779.699|9211.877 -16779.699|9211.919 -16746.218|9226.298 -16746.241|9226.305 -16733.453|9225.501 -16733.442|9225.508 -16722.756|9220.706 -16722.756|9180.238 -16722.723|9180.161 -16807.965|9184.628 -16812.513|9202.125 -16812.513|9209.130 -16812.713|9216.120 -16813.280|9216.148 -16795.433|9213.597 -16795.433
174V 10 MAHOGANY ME SE,9213.611 -16779.699|9211.877 -16779.699|9211.919 -16746.218|9226.298 -16746.241|9226.305 -16733.453|9225.501 -16733.442|9225.508 -16722.756|9220.706 -16722.756|9180.238 -16722.723|9180.161 -16807.965|9184.628 -16812.513|9202.125 -16812.513|9209.130 -16812.713|9216.120 -16813.280|9216.148 -16795.433|9213.597 -16795.433
175V 10 MAHOGANY ME SE,9213.611 -16779.699|9211.877 -16779.699|9211.919 -16746.218|9226.298 -16746.241|9226.305 -16733.453|9225.501 -16733.442|9225.508 -16722.756|9220.706 -16722.756|9180.238 -16722.723|9180.161 -16807.965|9184.628 -16812.513|9202.125 -16812.513|9209.130 -16812.713|9216.120 -16813.280|9216.148 -16795.433|9213.597 -16795.433
176V 10 MAHOGANY ME SE,9213.611 -16779.699|9211.877 -16779.699|9211.919 -16746.218|9226.298 -16746.241|9226.305 -16733.453|9225.501 -16733.442|9225.508 -16722.756|9220.706 -16722.756|9180.238 -16722.723|9180.161 -16807.965|9184.628 -16812.513|9202.125 -16812.513|9209.130 -16812.713|9216.120 -16813.280|9216.148 -16795.433|9213.597 -16795.433
177V 10 MAHOGANY ME SE,9213.611 -16779.699|9211.877 -16779.699|9211.919 -16746.218|9226.298 -16746.241|9226.305 -16733.453|9225.501 -16733.442|9225.508 -16722.756|9220.706 -16722.756|9180.238 -16722.723|9180.161 -16807.965|9184.628 -16812.513|9202.125 -16812.513|9209.130 -16812.713|9216.120 -16813.280|9216.148 -16795.433|9213.597 -16795.433
178V 10 MAHOGANY ME SE,9213.611 -16779.699|9211.877 -16779.699|9211.919 -16746.218|9226.298 -16746.241|9226.305 -16733.453|9225.501 -16733.442|9225.508 -16722.756|9220.706 -16722.756|9180.238 -16722.723|9180.161 -16807.965|9184.628 -16812.513|9202.125 -16812.513|9209.130 -16812.713|9216.120 -16813.280|9216.148 -16795.433|9213.597 -16795.433
179V 10 MAHOGANY ME SE,9213.611 -16779.699|9211.877 -16779.699|9211.919 -16746.218|9226.298 -16746.241|9226.305 -16733.453|9225.501 -16733.442|9225.508 -16722.756|9220.706 -16722.756|9180.238 -16722.723|9180.161 -16807.965|9184.628 -16812.513|9202.125 -16812.513|9209.130 -16812.713|9216.120 -16813.280|9216.148 -16795.433|9213.597 -16795.433
180V 10 MAHOGANY ME SE,9213.611 -16779.699|9211.877 -16779.699|9211.919 -16746.218|9226.298 -16746.241|9226.305 -16733.453|9225.501 -16733.442|9225.508 -16722.756|9220.706 -16722.756|9180.238 -16722.723|9180.161 -16807.965|9184.628 -16812.513|9202.125 -16812.513|9209.130 -16812.713|9216.120 -16813.280|9216.148 -16795.433|9213.597 -16795.433
181V 10 MAHOGANY ME SE,9213.611 -16779.699|9211.877 -16779.699|9211.919 -16746.218|9226.298 -16746.241|9226.305 -16733.453|9225.501 -16733.442|9225.508 -16722.756|9220.706 -16722.756|9180.238 -16722.723|9180.161 -16807.965|9184.628 -16812.513|9202.125 -16812.513|9209.130 -16812.713|9216.120 -16813.280|9216.148 -16795.433|9213.597 -16795.433
106 20 MAHOGANY ME SE,9316.993 -16755.314|9317.028 -16722.834|9294.994 -16722.812|9285.382 -16722.801|9239.881 -16722.767|9232.065 -16722.756|9225.508 -16722.756|9225.501 -16733.442|9226.305 -16733.453|9226.298 -16746.241|9226.291 -16755.236
107 20 MAHOGANY ME SE,9316.993 -16755.314|9317.028 -16722.834|9294.994 -16722.812|9285.382 -16722.801|9239.881 -16722.767|9232.065 -16722.756|9225.508 -16722.756|9225.501 -16733.442|9226.305 -16733.453|9226.298 -16746.241|9226.291 -16755.236
108 20 MAHOGANY ME SE,9316.993 -16755.314|9317.028 -16722.834|9294.994 -16722.812|9285.382 -16722.801|9239.881 -16722.767|9232.065 -16722.756|9225.508 -16722.756|9225.501 -16733.442|9226.305 -16733.453|9226.298 -16746.241|9226.291 -16755.236
109 20 MAHOGANY ME SE,9316.993 -16755.314|9317.028 -16722.834|9294.994 -16722.812|9285.382 -16722.801|9239.881 -16722.767|9232.065 -16722.756|9225.508 -16722.756|9225.501 -16733.442|9226.305 -16733.453|9226.298 -16746.241|9226.291 -16755.236
110 20 MAHOGANY ME SE,9316.993 -16755.314|9317.028 -16722.834|9294.994 -16722.812|9285.382 -16722.801|9239.881 -16722.767|9232.065 -16722.756|9225.508 -16722.756|9225.501 -16733.442|9226.305 -16733.453|9226.298 -16746.241|9226.291 -16755.236
111 20 MAHOGANY ME SE,9316.993 -16755.314|9317.028 -16722.834|9294.994 -16722.812|9285.382 -16722.801|9239.881 -16722.767|9232.065 -16722.756|9225.508 -16722.756|9225.501 -16733.442|9226.305 -16733.453|9226.298 -16746.241|9226.291 -16755.236
112 20 MAHOGANY ME SE,9316.993 -16755.314|9317.028 -16722.834|9294.994 -16722.812|9285.382 -16722.801|9239.881 -16722.767|9232.065 -16722.756|9225.508 -16722.756|9225.501 -16733.442|9226.305 -16733.453|9226.298 -16746.241|9226.291 -16755.236
113 20 MAHOGANY ME SE,9316.993 -16755.314|9317.028 -16722.834|9294.994 -16722.812|9285.382 -16722.801|9239.881 -16722.767|9232.065 -16722.756|9225.508 -16722.756|9225.501 -16733.442|9226.305 -16733.453|9226.298 -16746.241|9226.291 -16755.236
114 20 MAHOGANY ME SE,9316.993 -16755.314|9317.028 -16722.834|9294.994 -16722.812|9285.382 -16722.801|9239.881 -16722.767|9232.065 -16722.756|9225.508 -16722.756|9225.501 -16733.442|9226.305 -16733.453|9226.298 -16746.241|9226.291 -16755.236
115 20 MAHOGANY ME SE,9316.993 -16755.314|9317.028 -16722.834|9294.994 -16722.812|9285.382 -16722.801|9239.881 -16722.767|9232.065 -16722.756|9225.508 -16722.756|9225.501 -16733.442|9226.305 -16733.453|9226.298 -16746.241|9226.291 -16755.236
116 20 MAHOGANY ME SE,9316.993 -16755.314|9317.028 -16722.834|9294.994 -16722.812|9285.382 -16722.801|9239.881 -16722.767|9232.065 -16722.756|9225.508 -16722.756|9225.501 -16733.442|9226.305 -16733.453|9226.298 -16746.241|9226.291 -16755.236
117 20 MAHOGANY ME SE,9316.993 -16755.314|9317.028 -16722.834|9294.994 -16722.812|9285.382 -16722.801|9239.881 -16722.767|9232.065 -16722.756|9225.508 -16722.756|9225.501 -16733.442|9226.305 -16733.453|9226.298 -16746.241|9226.291 -16755.236
118 20 MAHOGANY ME SE,9316.993 -16755.314|9317.028 -16722.834|9294.994 -16722.812|9285.382 -16722.801|9239.881 -16722.767|9232.065 -16722.756|9225.508 -16722.756|9225.501 -16733.442|9226.305 -16733.453|9226.298 -16746.241|9226.291 -16755.236
119 20 MAHOGANY ME SE,9316.993 -16755.314|9317.028 -16722.834|9294.994 -16722.812|9285.382 -16722.801|9239.881 -16722.767|9232.065 -16722.756|9225.508 -16722.756|9225.501 -16733.442|9226.305 -16733.453|9226.298 -16746.241|9226.291 -16755.236
101 20 MAHOGANY ME SE,9316.993 -16755.314|9317.028 -16722.834|9294.994 -16722.812|9285.382 -16722.801|9239.881 -16722.767|9232.065 -16722.756|9225.508 -16722.756|9225.501 -16733.442|9226.305 -16733.453|9226.298 -16746.241|9226.291 -16755.236
102 20 MAHOGANY ME SE,9316.993 -16755.314|9317.028 -16722.834|9294.994 -16722.812|9285.382 -16722.801|9239.881 -16722.767|9232.065 -16722.756|9225.508 -16722.756|9225.501 -16733.442|9226.305 -16733.453|9226.298 -16746.241|9226.291 -16755.236
103 20 MAHOGANY ME SE,9316.993 -16755.314|9317.028 -16722.834|9294.994 -16722.812|9285.382 -16722.801|9239.881 -16722.767|9232.065 -16722.756|9225.508 -16722.756|9225.501 -16733.442|9226.305 -16733.453|9226.298 -16746.241|9226.291 -16755.236
104 20 MAHOGANY ME SE,9316.993 -16755.314|9317.028 -16722.834|9294.994 -16722.812|9285.382 -16722.801|9239.881 -16722.767|9232.065 -16722.756|9225.508 -16722.756|9225.501 -16733.442|9226.305 -16733.453|9226.298 -16746.241|9226.291 -16755.236
105 20 MAHOGANY ME SE,9316.993 -16755.314|9317.028 -16722.834|9294.994 -16722.812|9285.382 -16722.801|9239.881 -16722.767|9232.065 -16722.756|9225.508 -16722.756|9225.501 -16733.442|9226.305 -16733.453|9226.298 -16746.241|9226.291 -16755.236
206 20 MAHOGANY ME SE,9316.993 -16755.314|9317.028 -16722.834|9294.994 -16722.812|9285.382 -16722.801|9239.881 -16722.767|9232.065 -16722.756|9225.508 -16722.756|9225.501 -16733.442|9226.305 -16733.453|9226.298 -16746.241|9226.291 -16755.236
207 20 MAHOGANY ME SE,9316.993 -16755.314|9317.028 -16722.834|9294.994 -16722.812|9285.382 -16722.801|9239.881 -16722.767|9232.065 -16722.756|9225.508 -16722.756|9225.501 -16733.442|9226.305 -16733.453|9226.298 -16746.241|9226.291 -16755.236
208 20 MAHOGANY ME SE,9316.993 -16755.314|9317.028 -16722.834|9294.994 -16722.812|9285.382 -16722.801|9239.881 -16722.767|9232.065 -16722.756|9225.508 -16722.756|9225.501 -16733.442|9226.305 -16733.453|9226.298 -16746.241|9226.291 -16755.236
209 20 MAHOGANY ME SE,9316.993 -16755.314|9317.028 -16722.834|9294.994 -16722.812|9285.382 -16722.801|9239.881 -16722.767|9232.065 -16722.756|9225.508 -16722.756|9225.501 -16733.442|9226.305 -16733.453|9226.298 -16746.241|9226.291 -16755.236
210 20 MAHOGANY ME SE,9316.993 -16755.314|9317.028 -16722.834|9294.994 -16722.812|9285.382 -16722.801|9239.881 -16722.767|9232.065 -16722.756|9225.508 -16722.756|9225.501 -16733.442|9226.305 -16733.453|9226.298 -16746.241|9226.291 -16755.236
211 20 MAHOGANY ME SE,9316.993 -16755.314|9317.028 -16722.834|9294.994 -16722.812|9285.382 -16722.801|9239.881 -16722.767|9232.065 -16722.756|9225.508 -16722.756|9225.501 -16733.442|9226.305 -16733.453|9226.298 -16746.241|9226.291 -16755.236
212 20 MAHOGANY ME SE,9316.993 -16755.314|9317.028 -16722.834|9294.994 -16722.812|9285.382 -16722.801|9239.881 -16722.767|9232.065 -16722.756|9225.508 -16722.756|9225.501 -16733.442|9226.305 -16733.453|9226.298 -16746.241|9226.291 -16755.236
213 20 MAHOGANY ME SE,9316.993 -16755.314|9317.028 -16722.834|9294.994 -16722.812|9285.382 -16722.801|9239.881 -16722.767|9232.065 -16722.756|9225.508 -16722.756|9225.501 -16733.442|9226.305 -16733.453|9226.298 -16746.241|9226.291 -16755.236
214 20 MAHOGANY ME SE,9316.993 -16755.314|9317.028 -16722.834|9294.994 -16722.812|9285.382 -16722.801|9239.881 -16722.767|9232.065 -16722.756|9225.508 -16722.756|9225.501 -16733.442|9226.305 -16733.453|9226.298 -16746.241|9226.291 -16755.236
215 20 MAHOGANY ME SE,9316.993 -16755.314|9317.028 -16722.834|9294.994 -16722.812|9285.382 -16722.801|9239.881 -16722.767|9232.065 -16722.756|9225.508 -16722.756|9225.501 -16733.442|9226.305 -16733.453|9226.298 -16746.241|9226.291 -16755.236
216 20 MAHOGANY ME SE,9316.993 -16755.314|9317.028 -16722.834|9294.994 -16722.812|9285.382 -16722.801|9239.881 -16722.767|9232.065 -16722.756|9225.508 -16722.756|9225.501 -16733.442|9226.305 -16733.453|9226.298 -16746.241|9226.291 -16755.236
217 20 MAHOGANY ME SE,9316.993 -16755.314|9317.028 -16722.834|9294.994 -16722.812|9285.382 -16722.801|9239.881 -16722.767|9232.065 -16722.756|9225.508 -16722.756|9225.501 -16733.442|9226.305 -16733.453|9226.298 -16746.241|9226.291 -16755.236
218 20 MAHOGANY ME SE,9316.993 -16755.314|9317.028 -16722.834|9294.994 -16722.812|9285.382 -16722.801|9239.881 -16722.767|9232.065 -16722.756|9225.508 -16722.756|9225.501 -16733.442|9226.305 -16733.453|9226.298 -16746.241|9226.291 -16755.236
219 20 MAHOGANY ME SE,9316.993 -16755.314|9317.028 -16722.834|9294.994 -16722.812|9285.382 -16722.801|9239.881 -16722.767|9232.065 -16722.756|9225.508 -16722.756|9225.501 -16733.442|9226.305 -16733.453|9226.298 -16746.241|9226.291 -16755.236
201 20 MAHOGANY ME SE,9316.993 -16755.314|9317.028 -16722.834|9294.994 -16722.812|9285.382 -16722.801|9239.881 -16722.767|9232.065 -16722.756|9225.508 -16722.756|9225.501 -16733.442|9226.305 -16733.453|9226.298 -16746.241|9226.291 -16755.236
202 20 MAHOGANY ME SE,9316.993 -16755.314|9317.028 -16722.834|9294.994 -16722.812|9285.382 -16722.801|9239.881 -16722.767|9232.065 -16722.756|9225.508 -16722.756|9225.501 -16733.442|9226.305 -16733.453|9226.298 -16746.241|9226.291 -16755.236
203 20 MAHOGANY ME SE,9316.993 -16755.314|9317.028 -16722.834|9294.994 -16722.812|9285.382 -16722.801|9239.881 -16722.767|9232.065 -16722.756|9225.508 -16722.756|9225.501 -16733.442|9226.305 -16733.453|9226.298 -16746.241|9226.291 -16755.236
204 20 MAHOGANY ME SE,9316.993 -16755.314|9317.028 -16722.834|9294.994 -16722.812|9285.382 -16722.801|9239.881 -16722.767|9232.065 -16722.756|9225.508 -16722.756|9225.501 -16733.442|9226.305 -16733.453|9226.298 -16746.241|9226.291 -16755.236
205 20 MAHOGANY ME SE,9316.993 -16755.314|9317.028 -16722.834|9294.994 -16722.812|9285.382 -16722.801|9239.881 -16722.767|9232.065 -16722.756|9225.508 -16722.756|9225.501 -16733.442|9226.305 -16733.453|9226.298 -16746.241|9226.291 -16755.236
306 20 MAHOGANY ME SE,9316.993 -16755.314|9317.028 -16722.834|9294.994 -16722.812|9285.382 -16722.801|9239.881 -16722.767|9232.065 -16722.756|9225.508 -16722.756|9225.501 -16733.442|9226.305 -16733.453|9226.298 -16746.241|9226.291 -16755.236
307 20 MAHOGANY ME SE,9316.993 -16755.314|9317.028 -16722.834|9294.994 -16722.812|9285.382 -16722.801|9239.881 -16722.767|9232.065 -16722.756|9225.508 -16722.756|9225.501 -16733.442|9226.305 -16733.453|9226.298 -16746.241|9226.291 -16755.236
308 20 MAHOGANY ME SE,9316.993 -16755.314|9317.028 -16722.834|9294.994 -16722.812|9285.382 -16722.801|9239.881 -16722.767|9232.065 -16722.756|9225.508 -16722.756|9225.501 -16733.442|9226.305 -16733.453|9226.298 -16746.241|9226.291 -16755.236
309 20 MAHOGANY ME SE,9316.993 -16755.314|9317.028 -16722.834|9294.994 -16722.812|9285.382 -16722.801|9239.881 -16722.767|9232.065 -16722.756|9225.508 -16722.756|9225.501 -16733.442|9226.305 -16733.453|9226.298 -16746.241|9226.291 -16755.236
310 20 MAHOGANY ME SE,9316.993 -16755.314|9317.028 -16722.834|9294.994 -16722.812|9285.382 -16722.801|9239.881 -16722.767|9232.065 -16722.756|9225.508 -16722.756|9225.501 -16733.442|9226.305 -16733.453|9226.298 -16746.241|9226.291 -16755.236
311 20 MAHOGANY ME SE,9316.993 -16755.314|9317.028 -16722.834|9294.994 -16722.812|9285.382 -16722.801|9239.881 -16722.767|9232.065 -16722.756|9225.508 -16722.756|9225.501 -16733.442|9226.305 -16733.453|9226.298 -16746.241|9226.291 -16755.236
312 20 MAHOGANY ME SE,9316.993 -16755.314|9317.028 -16722.834|9294.994 -16722.812|9285.382 -16722.801|9239.881 -16722.767|9232.065 -16722.756|9225.508 -16722.756|9225.501 -16733.442|9226.305 -16733.453|9226.298 -16746.241|9226.291 -16755.236
313 20 MAHOGANY ME SE,9316.993 -16755.314|9317.028 -16722.834|9294.994 -16722.812|9285.382 -16722.801|9239.881 -16722.767|9232.065 -16722.756|9225.508 -16722.756|9225.501 -16733.442|9226.305 -16733.453|9226.298 -16746.241|9226.291 -16755.236
314 20 MAHOGANY ME SE,9316.993 -16755.314|9317.028 -16722.834|9294.994 -16722.812|9285.382 -16722.801|9239.881 -16722.767|9232.065 -16722.756|9225.508 -16722.756|9225.501 -16733.442|9226.305 -16733.453|9226.298 -16746.241|9226.291 -16755.236
315 20 MAHOGANY ME SE,9316.993 -16755.314|9317.028 -16722.834|9294.994 -16722.812|9285.382 -16722.801|9239.881 -16722.767|9232.065 -16722.756|9225.508 -16722.756|9225.501 -16733.442|9226.305 -16733.453|9226.298 -16746.241|9226.291 -16755.236
316 20 MAHOGANY ME SE,9316.993 -16755.314|9317.028 -16722.834|9294.994 -16722.812|9285.382 -16722.801|9239.881 -16722.767|9232.065 -16722.756|9225.508 -16722.756|9225.501 -16733.442|9226.305 -16733.453|9226.298 -16746.241|9226.291 -16755.236
317 20 MAHOGANY ME SE,9316.993 -16755.314|9317.028 -16722.834|9294.994 -16722.812|9285.382 -16722.801|9239.881 -16722.767|9232.065 -16722.756|9225.508 -16722.756|9225.501 -16733.442|9226.305 -16733.453|9226.298 -16746.241|9226.291 -16755.236
318 20 MAHOGANY ME SE,9316.993 -16755.314|9317.028 -16722.834|9294.994 -16722.812|9285.382 -16722.801|9239.881 -16722.767|9232.065 -16722.756|9225.508 -16722.756|9225.501 -16733.442|9226.305 -16733.453|9226.298 -16746.241|9226.291 -16755.236
319 20 MAHOGANY ME SE,9316.993 -16755.314|9317.028 -16722.834|9294.994 -16722.812|9285.382 -16722.801|9239.881 -16722.767|9232.065 -16722.756|9225.508 -16722.756|9225.501 -16733.442|9226.305 -16733.453|9226.298 -16746.241|9226.291 -16755.236
301 20 MAHOGANY ME SE,9316.993 -16755.314|9317.028 -16722.834|9294.994 -16722.812|9285.382 -16722.801|9239.881 -16722.767|9232.065 -16722.756|9225.508 -16722.756|9225.501 -16733.442|9226.305 -16733.453|9226.298 -16746.241|9226.291 -16755.236
302 20 MAHOGANY ME SE,9316.993 -16755.314|9317.028 -16722.834|9294.994 -16722.812|9285.382 -16722.801|9239.881 -16722.767|9232.065 -16722.756|9225.508 -16722.756|9225.501 -16733.442|9226.305 -16733.453|9226.298 -16746.241|9226.291 -16755.236
303 20 MAHOGANY ME SE,9316.993 -16755.314|9317.028 -16722.834|9294.994 -16722.812|9285.382 -16722.801|9239.881 -16722.767|9232.065 -16722.756|9225.508 -16722.756|9225.501 -16733.442|9226.305 -16733.453|9226.298 -16746.241|9226.291 -16755.236
304 20 MAHOGANY ME SE,9316.993 -16755.314|9317.028 -16722.834|9294.994 -16722.812|9285.382 -16722.801|9239.881 -16722.767|9232.065 -16722.756|9225.508 -16722.756|9225.501 -16733.442|9226.305 -16733.453|9226.298 -16746.241|9226.291 -16755.236
305 20 MAHOGANY ME SE,9316.993 -16755.314|9317.028 -16722.834|9294.994 -16722.812|9285.382 -16722.801|9239.881 -16722.767|9232.065 -16722.756|9225.508 -16722.756|9225.501 -16733.442|9226.305 -16733.453|9226.298 -16746.241|9226.291 -16755.236
406 20 MAHOGANY ME SE,9316.993 -16755.314|9317.028 -16722.834|9294.994 -16722.812|9285.382 -16722.801|9239.881 -16722.767|9232.065 -16722.756|9225.508 -16722.756|9225.501 -16733.442|9226.305 -16733.453|9226.298 -16746.241|9226.291 -16755.236
407 20 MAHOGANY ME SE,9316.993 -16755.314|9317.028 -16722.834|9294.994 -16722.812|9285.382 -16722.801|9239.881 -16722.767|9232.065 -16722.756|9225.508 -16722.756|9225.501 -16733.442|9226.305 -16733.453|9226.298 -16746.241|9226.291 -16755.236
408 20 MAHOGANY ME SE,9316.993 -16755.314|9317.028 -16722.834|9294.994 -16722.812|9285.382 -16722.801|9239.881 -16722.767|9232.065 -16722.756|9225.508 -16722.756|9225.501 -16733.442|9226.305 -16733.453|9226.298 -16746.241|9226.291 -16755.236
409 20 MAHOGANY ME SE,9316.993 -16755.314|9317.028 -16722.834|9294.994 -16722.812|9285.382 -16722.801|9239.881 -16722.767|9232.065 -16722.756|9225.508 -16722.756|9225.501 -16733.442|9226.305 -16733.453|9226.298 -16746.241|9226.291 -16755.236
410 20 MAHOGANY ME SE,9316.993 -16755.314|9317.028 -16722.834|9294.994 -16722.812|9285.382 -16722.801|9239.881 -16722.767|9232.065 -16722.756|9225.508 -16722.756|9225.501 -16733.442|9226.305 -16733.453|9226.298 -16746.241|9226.291 -16755.236
411 20 MAHOGANY ME SE,9316.993 -16755.314|9317.028 -16722.834|9294.994 -16722.812|9285.382 -16722.801|9239.881 -16722.767|9232.065 -16722.756|9225.508 -16722.756|9225.501 -16733.442|9226.305 -16733.453|9226.298 -16746.241|9226.291 -16755.236
412 20 MAHOGANY ME SE,9316.993 -16755.314|9317.028 -16722.834|9294.994 -16722.812|9285.382 -16722.801|9239.881 -16722.767|9232.065 -16722.756|9225.508 -16722.756|9225.501 -16733.442|9226.305 -16733.453|9226.298 -16746.241|9226.291 -16755.236
413 20 MAHOGANY ME SE,9316.993 -16755.314|9317.028 -16722.834|9294.994 -16722.812|9285.382 -16722.801|9239.881 -16722.767|9232.065 -16722.756|9225.508 -16722.756|9225.501 -16733.442|9226.305 -16733.453|9226.298 -16746.241|9226.291 -16755.236
414 20 MAHOGANY ME SE,9316.993 -16755.314|9317.028 -16722.834|9294.994 -16722.812|9285.382 -16722.801|9239.881 -16722.767|9232.065 -16722.756|9225.508 -16722.756|9225.501 -16733.442|9226.305 -16733.453|9226.298 -16746.241|9226.291 -16755.236
415 20 MAHOGANY ME SE,9316.993 -16755.314|9317.028 -16722.834|9294.994 -16722.812|9285.382 -16722.801|9239.881 -16722.767|9232.065 -16722.756|9225.508 -16722.756|9225.501 -16733.442|9226.305 -16733.453|9226.298 -16746.241|9226.291 -16755.236
416 20 MAHOGANY ME SE,9316.993 -16755.314|9317.028 -16722.834|9294.994 -16722.812|9285.382 -16722.801|9239.881 -16722.767|9232.065 -16722.756|9225.508 -16722.756|9225.501 -16733.442|9226.305 -16733.453|9226.298 -16746.241|9226.291 -16755.236
417 20 MAHOGANY ME SE,9316.993 -16755.314|9317.028 -16722.834|9294.994 -16722.812|9285.382 -16722.801|9239.881 -16722.767|9232.065 -16722.756|9225.508 -16722.756|9225.501 -16733.442|9226.305 -16733.453|9226.298 -16746.241|9226.291 -16755.236
418 20 MAHOGANY ME SE,9316.993 -16755.314|9317.028 -16722.834|9294.994 -16722.812|9285.382 -16722.801|9239.881 -16722.767|9232.065 -16722.756|9225.508 -16722.756|9225.501 -16733.442|9226.305 -16733.453|9226.298 -16746.241|9226.291 -16755.236
419 20 MAHOGANY ME SE,9316.993 -16755.314|9317.028 -16722.834|9294.994 -16722.812|9285.382 -16722.801|9239.881 -16722.767|9232.065 -16722.756|9225.508 -16722.756|9225.501 -16733.442|9226.305 -16733.453|9226.298 -16746.241|9226.291 -16755.236
401 20 MAHOGANY ME SE,9316.993 -16755.314|9317.028 -16722.834|9294.994 -16722.812|9285.382 -16722.801|9239.881 -16722.767|9232.065 -16722.756|9225.508 -16722.756|9225.501 -16733.442|9226.305 -16733.453|9226.298 -16746.241|9226.291 -16755.236
402 20 MAHOGANY ME SE,9316.993 -16755.314|9317.028 -16722.834|9294.994 -16722.812|9285.382 -16722.801|9239.881 -16722.767|9232.065 -16722.756|9225.508 -16722.756|9225.501 -16733.442|9226.305 -16733.453|9226.298 -16746.241|9226.291 -16755.236
403 20 MAHOGANY ME SE,9316.993 -16755.314|9317.028 -16722.834|9294.994 -16722.812|9285.382 -16722.801|9239.881 -16722.767|9232.065 -16722.756|9225.508 -16722.756|9225.501 -16733.442|9226.305 -16733.453|9226.298 -16746.241|9226.291 -16755.236
404 20 MAHOGANY ME SE,9316.993 -16755.314|9317.028 -16722.834|9294.994 -16722.812|9285.382 -16722.801|9239.881 -16722.767|9232.065 -16722.756|9225.508 -16722.756|9225.501 -16733.442|9226.305 -16733.453|9226.298 -16746.241|9226.291 -16755.236
405 20 MAHOGANY ME SE,9316.993 -16755.314|9317.028 -16722.834|9294.994 -16722.812|9285.382 -16722.801|9239.881 -16722.767|9232.065 -16722.756|9225.508 -16722.756|9225.501 -16733.442|9226.305 -16733.453|9226.298 -16746.241|9226.291 -16755.236
259V 20 MAHOGANY ME SE,9316.993 -16755.314|9317.028 -16722.834|9294.994 -16722.812|9285.382 -16722.801|9239.881 -16722.767|9232.065 -16722.756|9225.508 -16722.756|9225.501 -16733.442|9226.305 -16733.453|9226.298 -16746.241|9226.291 -16755.236
260V 20 MAHOGANY ME SE,9316.993 -16755.314|9317.028 -16722.834|9294.994 -16722.812|9285.382 -16722.801|9239.881 -16722.767|9232.065 -16722.756|9225.508 -16722.756|9225.501 -16733.442|9226.305 -16733.453|9226.298 -16746.241|9226.291 -16755.236
261V 20 MAHOGANY ME SE,9316.993 -16755.314|9317.028 -16722.834|9294.994 -16722.812|9285.382 -16722.801|9239.881 -16722.767|9232.065 -16722.756|9225.508 -16722.756|9225.501 -16733.442|9226.305 -16733.453|9226.298 -16746.241|9226.291 -16755.236
262V 20 MAHOGANY ME SE,9316.993 -16755.314|9317.028 -16722.834|9294.994 -16722.812|9285.382 -16722.801|9239.881 -16722.767|9232.065 -16722.756|9225.508 -16722.756|9225.501 -16733.442|9226.305 -16733.453|9226.298 -16746.241|9226.291 -16755.236
263V 20 MAHOGANY ME SE,9316.993 -16755.314|9317.028 -16722.834|9294.994 -16722.812|9285.382 -16722.801|9239.881 -16722.767|9232.065 -16722.756|9225.508 -16722.756|9225.501 -16733.442|9226.305 -16733.453|9226.298 -16746.241|9226.291 -16755.236
264V 20 MAHOGANY ME SE,9316.993 -16755.314|9317.028 -16722.834|9294.994 -16722.812|9285.382 -16722.801|9239.881 -16722.767|9232.065 -16722.756|9225.508 -16722.756|9225.501 -16733.442|9226.305 -16733.453|9226.298 -16746.241|9226.291 -16755.236
265V 20 MAHOGANY ME SE,9316.993 -16755.314|9317.028 -16722.834|9294.994 -16722.812|9285.382 -16722.801|9239.881 -16722.767|9232.065 -16722.756|9225.508 -16722.756|9225.501 -16733.442|9226.305 -16733.453|9226.298 -16746.241|9226.291 -16755.236
266V 20 MAHOGANY ME SE,9316.993 -16755.314|9317.028 -16722.834|9294.994 -16722.812|9285.382 -16722.801|9239.881 -16722.767|9232.065 -16722.756|9225.508 -16722.756|9225.501 -16733.442|9226.305 -16733.453|9226.298 -16746.241|9226.291 -16755.236
267V 20 MAHOGANY ME SE,9316.993 -16755.314|9317.028 -16722.834|9294.994 -16722.812|9285.382 -16722.801|9239.881 -16722.767|9232.065 -16722.756|9225.508 -16722.756|9225.501 -16733.442|9226.305 -16733.453|9226.298 -16746.241|9226.291 -16755.236
268V 20 MAHOGANY ME SE,9316.993 -16755.314|9317.028 -16722.834|9294.994 -16722.812|9285.382 -16722.801|9239.881 -16722.767|9232.065 -16722.756|9225.508 -16722.756|9225.501 -16733.442|9226.305 -16733.453|9226.298 -16746.241|9226.291 -16755.236
269V 20 MAHOGANY ME SE,9316.993 -16755.314|9317.028 -16722.834|9294.994 -16722.812|9285.382 -16722.801|9239.881 -16722.767|9232.065 -16722.756|9225.508 -16722.756|9225.501 -16733.442|9226.305 -16733.453|9226.298 -16746.241|9226.291 -16755.236
270V 20 MAHOGANY ME SE,9316.993 -16755.314|9317.028 -16722.834|9294.994 -16722.812|9285.382 -16722.801|9239.881 -16722.767|9232.065 -16722.756|9225.508 -16722.756|9225.501 -16733.442|9226.305 -16733.453|9226.298 -16746.241|9226.291 -16755.236
271V 20 MAHOGANY ME SE,9316.993 -16755.314|9317.028 -16722.834|9294.994 -16722.812|9285.382 -16722.801|9239.881 -16722.767|9232.065 -16722.756|9225.508 -16722.756|9225.501 -16733.442|9226.305 -16733.453|9226.298 -16746.241|9226.291 -16755.236
272V 20 MAHOGANY ME SE,9316.993 -16755.314|9317.028 -16722.834|9294.994 -16722.812|9285.382 -16722.801|9239.881 -16722.767|9232.065 -16722.756|9225.508 -16722.756|9225.501 -16733.442|9226.305 -16733.453|9226.298 -16746.241|9226.291 -16755.236
273V 20 MAHOGANY ME SE,9316.993 -16755.314|9317.028 -16722.834|9294.994 -16722.812|9285.382 -16722.801|9239.881 -16722.767|9232.065 -16722.756|9225.508 -16722.756|9225.501 -16733.442|9226.305 -16733.453|9226.298 -16746.241|9226.291 -16755.236
274V 20 MAHOGANY ME SE,9316.993 -16755.314|9317.028 -16722.834|9294.994 -16722.812|9285.382 -16722.801|9239.881 -16722.767|9232.065 -16722.756|9225.508 -16722.756|9225.501 -16733.442|9226.305 -16733.453|9226.298 -16746.241|9226.291 -16755.236
275V 20 MAHOGANY ME SE,9316.993 -16755.314|9317.028 -16722.834|9294.994 -16722.812|9285.382 -16722.801|9239.881 -16722.767|9232.065 -16722.756|9225.508 -16722.756|9225.501 -16733.442|9226.305 -16733.453|9226.298 -16746.241|9226.291 -16755.236
276V 20 MAHOGANY ME SE,9316.993 -16755.314|9317.028 -16722.834|9294.994 -16722.812|9285.382 -16722.801|9239.881 -16722.767|9232.065 -16722.756|9225.508 -16722.756|9225.501 -16733.442|9226.305 -16733.453|9226.298 -16746.241|9226.291 -16755.236
277V 20 MAHOGANY ME SE,9316.993 -16755.314|9317.028 -16722.834|9294.994 -16722.812|9285.382 -16722.801|9239.881 -16722.767|9232.065 -16722.756|9225.508 -16722.756|9225.501 -16733.442|9226.305 -16733.453|9226.298 -16746.241|9226.291 -16755.236
278V 20 MAHOGANY ME SE,9316.993 -16755.314|9317.028 -16722.834|9294.994 -16722.812|9285.382 -16722.801|9239.881 -16722.767|9232.065 -16722.756|9225.508 -16722.756|9225.501 -16733.442|9226.305 -16733.453|9226.298 -16746.241|9226.291 -16755.236
279V 20 MAHOGANY ME SE,9316.993 -16755.314|9317.028 -16722.834|9294.994 -16722.812|9285.382 -16722.801|9239.881 -16722.767|9232.065 -16722.756|9225.508 -16722.756|9225.501 -16733.442|9226.305 -16733.453|9226.298 -16746.241|9226.291 -16755.236
280V 20 MAHOGANY ME SE,9316.993 -16755.314|9317.028 -16722.834|9294.994 -16722.812|9285.382 -16722.801|9239.881 -16722.767|9232.065 -16722.756|9225.508 -16722.756|9225.501 -16733.442|9226.305 -16733.453|9226.298 -16746.241|9226.291 -16755.236
281V 20 MAHOGANY ME SE,9316.993 -16755.314|9317.028 -16722.834|9294.994 -16722.812|9285.382 -16722.801|9239.881 -16722.767|9232.065 -16722.756|9225.508 -16722.756|9225.501 -16733.442|9226.305 -16733.453|9226.298 -16746.241|9226.291 -16755.236
282V 20 MAHOGANY ME SE,9316.993 -16755.314|9317.028 -16722.834|9294.994 -16722.812|9285.382 -16722.801|9239.881 -16722.767|9232.065 -16722.756|9225.508 -16722.756|9225.501 -16733.442|9226.305 -16733.453|9226.298 -16746.241|9226.291 -16755.236
283V 20 MAHOGANY ME SE,9316.993 -16755.314|9317.028 -16722.834|9294.994 -16722.812|9285.382 -16722.801|9239.881 -16722.767|9232.065 -16722.756|9225.508 -16722.756|9225.501 -16733.442|9226.305 -16733.453|9226.298 -16746.241|9226.291 -16755.236
284V 20 MAHOGANY ME SE,9316.993 -16755.314|9317.028 -16722.834|9294.994 -16722.812|9285.382 -16722.801|9239.881 -16722.767|9232.065 -16722.756|9225.508 -16722.756|9225.501 -16733.442|9226.305 -16733.453|9226.298 -16746.241|9226.291 -16755.236
285V 20 MAHOGANY ME SE,9316.993 -16755.314|9317.028 -16722.834|9294.994 -16722.812|9285.382 -16722.801|9239.881 -16722.767|9232.065 -16722.756|9225.508 -16722.756|9225.501 -16733.442|9226.305 -16733.453|9226.298 -16746.241|9226.291 -16755.236
286V 20 MAHOGANY ME SE,9316.993 -16755.314|9317.028 -16722.834|9294.994 -16722.812|9285.382 -16722.801|9239.881 -16722.767|9232.065 -16722.756|9225.508 -16722.756|9225.501 -16733.442|9226.305 -16733.453|9226.298 -16746.241|9226.291 -16755.236
287V 20 MAHOGANY ME SE,9316.993 -16755.314|9317.028 -16722.834|9294.994 -16722.812|9285.382 -16722.801|9239.881 -16722.767|9232.065 -16722.756|9225.508 -16722.756|9225.501 -16733.442|9226.305 -16733.453|9226.298 -16746.241|9226.291 -16755.236
288V 20 MAHOGANY ME SE,9316.993 -16755.314|9317.028 -16722.834|9294.994 -16722.812|9285.382 -16722.801|9239.881 -16722.767|9232.065 -16722.756|9225.508 -16722.756|9225.501 -16733.442|9226.305 -16733.453|9226.298 -16746.241|9226.291 -16755.236
289V 20 MAHOGANY ME SE,9316.993 -16755.314|9317.028 -16722.834|9294.994 -16722.812|9285.382 -16722.801|9239.881 -16722.767|9232.065 -16722.756|9225.508 -16722.756|9225.501 -16733.442|9226.305 -16733.453|9226.298 -16746.241|9226.291 -16755.236
290V 20 MAHOGANY ME SE,9316.993 -16755.314|9317.028 -16722.834|9294.994 -16722.812|9285.382 -16722.801|9239.881 -16722.767|9232.065 -16722.756|9225.508 -16722.756|9225.501 -16733.442|9226.305 -16733.453|9226.298 -16746.241|9226.291 -16755.236
291V 20 MAHOGANY ME SE,9316.993 -16755.314|9317.028 -16722.834|9294.994 -16722.812|9285.382 -16722.801|9239.881 -16722.767|9232.065 -16722.756|9225.508 -16722.756|9225.501 -16733.442|9226.305 -16733.453|9226.298 -16746.241|9226.291 -16755.236
292V 20 MAHOGANY ME SE,9316.993 -16755.314|9317.028 -16722.834|9294.994 -16722.812|9285.382 -16722.801|9239.881 -16722.767|9232.065 -16722.756|9225.508 -16722.756|9225.501 -16733.442|9226.305 -16733.453|9226.298 -16746.241|9226.291 -16755.236
293V 20 MAHOGANY ME SE,9316.993 -16755.314|9317.028 -16722.834|9294.994 -16722.812|9285.382 -16722.801|9239.881 -16722.767|9232.065 -16722.756|9225.508 -16722.756|9225.501 -16733.442|9226.305 -16733.453|9226.298 -16746.241|9226.291 -16755.236
294V 20 MAHOGANY ME SE,9316.993 -16755.314|9317.028 -16722.834|9294.994 -16722.812|9285.382 -16722.801|9239.881 -16722.767|9232.065 -16722.756|9225.508 -16722.756|9225.501 -16733.442|9226.305 -16733.453|9226.298 -16746.241|9226.291 -16755.236
295V 20 MAHOGANY ME SE,9316.993 -16755.314|9317.028 -16722.834|9294.994 -16722.812|9285.382 -16722.801|9239.881 -16722.767|9232.065 -16722.756|9225.508 -16722.756|9225.501 -16733.442|9226.305 -16733.453|9226.298 -16746.241|9226.291 -16755.236
296V 20 MAHOGANY ME SE,9316.993 -16755.314|9317.028 -16722.834|9294.994 -16722.812|9285.382 -16722.801|9239.881 -16722.767|9232.065 -16722.756|9225.508 -16722.756|9225.501 -16733.442|9226.305 -16733.453|9226.298 -16746.241|9226.291 -16755.236
297V 20 MAHOGANY ME SE,9316.993 -16755.314|9317.028 -16722.834|9294.994 -16722.812|9285.382 -16722.801|9239.881 -16722.767|9232.065 -16722.756|9225.508 -16722.756|9225.501 -16733.442|9226.305 -16733.453|9226.298 -16746.241|9226.291 -16755.236
298V 20 MAHOGANY ME SE,9316.993 -16755.314|9317.028 -16722.834|9294.994 -16722.812|9285.382 -16722.801|9239.881 -16722.767|9232.065 -16722.756|9225.508 -16722.756|9225.501 -16733.442|9226.305 -16733.453|9226.298 -16746.241|9226.291 -16755.236
299V 20 MAHOGANY ME SE,9316.993 -16755.314|9317.028 -16722.834|9294.994 -16722.812|9285.382 -16722.801|9239.881 -16722.767|9232.065 -16722.756|9225.508 -16722.756|9225.501 -16733.442|9226.305 -16733.453|9226.298 -16746.241|9226.291 -16755.236
300V 20 MAHOGANY ME SE,9316.993 -16755.314|9317.028 -16722.834|9294.994 -16722.812|9285.382 -16722.801|9239.881 -16722.767|9232.065 -16722.756|9225.508 -16722.756|9225.501 -16733.442|9226.305 -16733.453|9226.298 -16746.241|9226.291 -16755.236
301V 20 MAHOGANY ME SE,9316.993 -16755.314|9317.028 -16722.834|9294.994 -16722.812|9285.382 -16722.801|9239.881 -16722.767|9232.065 -16722.756|9225.508 -16722.756|9225.501 -16733.442|9226.305 -16733.453|9226.298 -16746.241|9226.291 -16755.236
302V 20 MAHOGANY ME SE,9316.993 -16755.314|9317.028 -16722.834|9294.994 -16722.812|9285.382 -16722.801|9239.881 -16722.767|9232.065 -16722.756|9225.508 -16722.756|9225.501 -16733.442|9226.305 -16733.453|9226.298 -16746.241|9226.291 -16755.236
303V 20 MAHOGANY ME SE,9316.993 -16755.314|9317.028 -16722.834|9294.994 -16722.812|9285.382 -16722.801|9239.881 -16722.767|9232.065 -16722.756|9225.508 -16722.756|9225.501 -16733.442|9226.305 -16733.453|9226.298 -16746.241|9226.291 -16755.236
304V 20 MAHOGANY ME SE,9316.993 -16755.314|9317.028 -16722.834|9294.994 -16722.812|9285.382 -16722.801|9239.881 -16722.767|9232.065 -16722.756|9225.508 -16722.756|9225.501 -16733.442|9226.305 -16733.453|9226.298 -16746.241|9226.291 -16755.236
305V 20 MAHOGANY ME SE,9316.993 -16755.314|9317.028 -16722.834|9294.994 -16722.812|9285.382 -16722.801|9239.881 -16722.767|9232.065 -16722.756|9225.508 -16722.756|9225.501 -16733.442|9226.305 -16733.453|9226.298 -16746.241|9226.291 -16755.236
306V 20 MAHOGANY ME SE,9316.993 -16755.314|9317.028 -16722.834|9294.994 -16722.812|9285.382 -16722.801|9239.881 -16722.767|9232.065 -16722.756|9225.508 -16722.756|9225.501 -16733.442|9226.305 -16733.453|9226.298 -16746.241|9226.291 -16755.236
307V 20 MAHOGANY ME SE,9316.993 -16755.314|9317.028 -16722.834|9294.994 -16722.812|9285.382 -16722.801|9239.881 -16722.767|9232.065 -16722.756|9225.508 -16722.756|9225.501 -16733.442|9226.305 -16733.453|9226.298 -16746.241|9226.291 -16755.236
308V 20 MAHOGANY ME SE,9316.993 -16755.314|9317.028 -16722.834|9294.994 -16722.812|9285.382 -16722.801|9239.881 -16722.767|9232.065 -16722.756|9225.508 -16722.756|9225.501 -16733.442|9226.305 -16733.453|9226.298 -16746.241|9226.291 -16755.236
309V 20 MAHOGANY ME SE,9316.993 -16755.314|9317.028 -16722.834|9294.994 -16722.812|9285.382 -16722.801|9239.881 -16722.767|9232.065 -16722.756|9225.508 -16722.756|9225.501 -16733.442|9226.305 -16733.453|9226.298 -16746.241|9226.291 -16755.236
310V 20 MAHOGANY ME SE,9316.993 -16755.314|9317.028 -16722.834|9294.994 -16722.812|9285.382 -16722.801|9239.881 -16722.767|9232.065 -16722.756|9225.508 -16722.756|9225.501 -16733.442|9226.305 -16733.453|9226.298 -16746.241|9226.291 -16755.236
311V 20 MAHOGANY ME SE,9316.993 -16755.314|9317.028 -16722.834|9294.994 -16722.812|9285.382 -16722.801|9239.881 -16722.767|9232.065 -16722.756|9225.508 -16722.756|9225.501 -16733.442|9226.305 -16733.453|9226.298 -16746.241|9226.291 -16755.236
312V 20 MAHOGANY ME SE,9316.993 -16755.314|9317.028 -16722.834|9294.994 -16722.812|9285.382 -16722.801|9239.881 -16722.767|9232.065 -16722.756|9225.508 -16722.756|9225.501 -16733.442|9226.305 -16733.453|9226.298 -16746.241|9226.291 -16755.236
313V 20 MAHOGANY ME SE,9316.993 -16755.314|9317.028 -16722.834|9294.994 -16722.812|9285.382 -16722.801|9239.881 -16722.767|9232.065 -16722.756|9225.508 -16722.756|9225.501 -16733.442|9226.305 -16733.453|9226.298 -16746.241|9226.291 -16755.236
314V 20 MAHOGANY ME SE,9316.993 -16755.314|9317.028 -16722.834|9294.994 -16722.812|9285.382 -16722.801|9239.881 -16722.767|9232.065 -16722.756|9225.508 -16722.756|9225.501 -16733.442|9226.305 -16733.453|9226.298 -16746.241|9226.291 -16755.236
315V 20 MAHOGANY ME SE,9316.993 -16755.314|9317.028 -16722.834|9294.994 -16722.812|9285.382 -16722.801|9239.881 -16722.767|9232.065 -16722.756|9225.508 -16722.756|9225.501 -16733.442|9226.305 -16733.453|9226.298 -16746.241|9226.291 -16755.236
316V 20 MAHOGANY ME SE,9316.993 -16755.314|9317.028 -16722.834|9294.994 -16722.812|9285.382 -16722.801|9239.881 -16722.767|9232.065 -16722.756|9225.508 -16722.756|9225.501 -16733.442|9226.305 -16733.453|9226.298 -16746.241|9226.291 -16755.236
104 30 MAHOGANY ME SE,9376.405 -16798.647|9376.391 -16739.891|9376.391 -16727.893|9376.391 -16722.890|9371.379 -16722.879|9317.028 -16722.834|9316.993 -16755.314|9350.030 -16755.370|9349.946 -16807.086|9356.440 -16804.607|9363.018 -16802.372|9369.673 -16800.381
105 30 MAHOGANY ME SE,9376.405 -16798.647|9376.391 -16739.891|9376.391 -16727.893|9376.391 -16722.890|9371.379 -16722.879|9317.028 -16722.834|9316.993 -16755.314|9350.030 -16755.370|9349.946 -16807.086|9356.440 -16804.607|9363.018 -16802.372|9369.673 -16800.381
106 30 MAHOGANY ME SE,9376.405 -16798.647|9376.391 -16739.891|9376.391 -16727.893|9376.391 -16722.890|9371.379 -16722.879|9317.028 -16722.834|9316.993 -16755.314|9350.030 -16755.370|9349.946 -16807.086|9356.440 -16804.607|9363.018 -16802.372|9369.673 -16800.381
107 30 MAHOGANY ME SE,9376.405 -16798.647|9376.391 -16739.891|9376.391 -16727.893|9376.391 -16722.890|9371.379 -16722.879|9317.028 -16722.834|9316.993 -16755.314|9350.030 -16755.370|9349.946 -16807.086|9356.440 -16804.607|9363.018 -16802.372|9369.673 -16800.381
108 30 MAHOGANY ME SE,9376.405 -16798.647|9376.391 -16739.891|9376.391 -16727.893|9376.391 -16722.890|9371.379 -16722.879|9317.028 -16722.834|9316.993 -16755.314|9350.030 -16755.370|9349.946 -16807.086|9356.440 -16804.607|9363.018 -16802.372|9369.673 -16800.381
109 30 MAHOGANY ME SE,9376.405 -16798.647|9376.391 -16739.891|9376.391 -16727.893|9376.391 -16722.890|9371.379 -16722.879|9317.028 -16722.834|9316.993 -16755.314|9350.030 -16755.370|9349.946 -16807.086|9356.440 -16804.607|9363.018 -16802.372|9369.673 -16800.381
110 30 MAHOGANY ME SE,9376.405 -16798.647|9376.391 -16739.891|9376.391 -16727.893|9376.391 -16722.890|9371.379 -16722.879|9317.028 -16722.834|9316.993 -16755.314|9350.030 -16755.370|9349.946 -16807.086|9356.440 -16804.607|9363.018 -16802.372|9369.673 -16800.381
111 30 MAHOGANY ME SE,9376.405 -16798.647|9376.391 -16739.891|9376.391 -16727.893|9376.391 -16722.890|9371.379 -16722.879|9317.028 -16722.834|9316.993 -16755.314|9350.030 -16755.370|9349.946 -16807.086|9356.440 -16804.607|9363.018 -16802.372|9369.673 -16800.381
112 30 MAHOGANY ME SE,9376.405 -16798.647|9376.391 -16739.891|9376.391 -16727.893|9376.391 -16722.890|9371.379 -16722.879|9317.028 -16722.834|9316.993 -16755.314|9350.030 -16755.370|9349.946 -16807.086|9356.440 -16804.607|9363.018 -16802.372|9369.673 -16800.381
113 30 MAHOGANY ME SE,9376.405 -16798.647|9376.391 -16739.891|9376.391 -16727.893|9376.391 -16722.890|9371.379 -16722.879|9317.028 -16722.834|9316.993 -16755.314|9350.030 -16755.370|9349.946 -16807.086|9356.440 -16804.607|9363.018 -16802.372|9369.673 -16800.381
114 30 MAHOGANY ME SE,9376.405 -16798.647|9376.391 -16739.891|9376.391 -16727.893|9376.391 -16722.890|9371.379 -16722.879|9317.028 -16722.834|9316.993 -16755.314|9350.030 -16755.370|9349.946 -16807.086|9356.440 -16804.607|9363.018 -16802.372|9369.673 -16800.381
115 30 MAHOGANY ME SE,9376.405 -16798.647|9376.391 -16739.891|9376.391 -16727.893|9376.391 -16722.890|9371.379 -16722.879|9317.028 -16722.834|9316.993 -16755.314|9350.030 -16755.370|9349.946 -16807.086|9356.440 -16804.607|9363.018 -16802.372|9369.673 -16800.381
116 30 MAHOGANY ME SE,9376.405 -16798.647|9376.391 -16739.891|9376.391 -16727.893|9376.391 -16722.890|9371.379 -16722.879|9317.028 -16722.834|9316.993 -16755.314|9350.030 -16755.370|9349.946 -16807.086|9356.440 -16804.607|9363.018 -16802.372|9369.673 -16800.381
117 30 MAHOGANY ME SE,9376.405 -16798.647|9376.391 -16739.891|9376.391 -16727.893|9376.391 -16722.890|9371.379 -16722.879|9317.028 -16722.834|9316.993 -16755.314|9350.030 -16755.370|9349.946 -16807.086|9356.440 -16804.607|9363.018 -16802.372|9369.673 -16800.381
118 30 MAHOGANY ME SE,9376.405 -16798.647|9376.391 -16739.891|9376.391 -16727.893|9376.391 -16722.890|9371.379 -16722.879|9317.028 -16722.834|9316.993 -16755.314|9350.030 -16755.370|9349.946 -16807.086|9356.440 -16804.607|9363.018 -16802.372|9369.673 -16800.381
119 30 MAHOGANY ME SE,9376.405 -16798.647|9376.391 -16739.891|9376.391 -16727.893|9376.391 -16722.890|9371.379 -16722.879|9317.028 -16722.834|9316.993 -16755.314|9350.030 -16755.370|9349.946 -16807.086|9356.440 -16804.607|9363.018 -16802.372|9369.673 -16800.381
120 30 MAHOGANY ME SE,9376.405 -16798.647|9376.391 -16739.891|9376.391 -16727.893|9376.391 -16722.890|9371.379 -16722.879|9317.028 -16722.834|9316.993 -16755.314|9350.030 -16755.370|9349.946 -16807.086|9356.440 -16804.607|9363.018 -16802.372|9369.673 -16800.381
101 30 MAHOGANY ME SE,9376.405 -16798.647|9376.391 -16739.891|9376.391 -16727.893|9376.391 -16722.890|9371.379 -16722.879|9317.028 -16722.834|9316.993 -16755.314|9350.030 -16755.370|9349.946 -16807.086|9356.440 -16804.607|9363.018 -16802.372|9369.673 -16800.381
102 30 MAHOGANY ME SE,9376.405 -16798.647|9376.391 -16739.891|9376.391 -16727.893|9376.391 -16722.890|9371.379 -16722.879|9317.028 -16722.834|9316.993 -16755.314|9350.030 -16755.370|9349.946 -16807.086|9356.440 -16804.607|9363.018 -16802.372|9369.673 -16800.381
103 30 MAHOGANY ME SE,9376.405 -16798.647|9376.391 -16739.891|9376.391 -16727.893|9376.391 -16722.890|9371.379 -16722.879|9317.028 -16722.834|9316.993 -16755.314|9350.030 -16755.370|9349.946 -16807.086|9356.440 -16804.607|9363.018 -16802.372|9369.673 -16800.381
204 30 MAHOGANY ME SE,9376.405 -16798.647|9376.391 -16739.891|9376.391 -16727.893|9376.391 -16722.890|9371.379 -16722.879|9317.028 -16722.834|9316.993 -16755.314|9350.030 -16755.370|9349.946 -16807.086|9356.440 -16804.607|9363.018 -16802.372|9369.673 -16800.381
205 30 MAHOGANY ME SE,9376.405 -16798.647|9376.391 -16739.891|9376.391 -16727.893|9376.391 -16722.890|9371.379 -16722.879|9317.028 -16722.834|9316.993 -16755.314|9350.030 -16755.370|9349.946 -16807.086|9356.440 -16804.607|9363.018 -16802.372|9369.673 -16800.381
206 30 MAHOGANY ME SE,9376.405 -16798.647|9376.391 -16739.891|9376.391 -16727.893|9376.391 -16722.890|9371.379 -16722.879|9317.028 -16722.834|9316.993 -16755.314|9350.030 -16755.370|9349.946 -16807.086|9356.440 -16804.607|9363.018 -16802.372|9369.673 -16800.381
207 30 MAHOGANY ME SE,9376.405 -16798.647|9376.391 -16739.891|9376.391 -16727.893|9376.391 -16722.890|9371.379 -16722.879|9317.028 -16722.834|9316.993 -16755.314|9350.030 -16755.370|9349.946 -16807.086|9356.440 -16804.607|9363.018 -16802.372|9369.673 -16800.381
208 30 MAHOGANY ME SE,9376.405 -16798.647|9376.391 -16739.891|9376.391 -16727.893|9376.391 -16722.890|9371.379 -16722.879|9317.028 -16722.834|9316.993 -16755.314|9350.030 -16755.370|9349.946 -16807.086|9356.440 -16804.607|9363.018 -16802.372|9369.673 -16800.381
209 30 MAHOGANY ME SE,9376.405 -16798.647|9376.391 -16739.891|9376.391 -16727.893|9376.391 -16722.890|9371.379 -16722.879|9317.028 -16722.834|9316.993 -16755.314|9350.030 -16755.370|9349.946 -16807.086|9356.440 -16804.607|9363.018 -16802.372|9369.673 -16800.381
210 30 MAHOGANY ME SE,9376.405 -16798.647|9376.391 -16739.891|9376.391 -16727.893|9376.391 -16722.890|9371.379 -16722.879|9317.028 -16722.834|9316.993 -16755.314|9350.030 -16755.370|9349.946 -16807.086|9356.440 -16804.607|9363.018 -16802.372|9369.673 -16800.381
211 30 MAHOGANY ME SE,9376.405 -16798.647|9376.391 -16739.891|9376.391 -16727.893|9376.391 -16722.890|9371.379 -16722.879|9317.028 -16722.834|9316.993 -16755.314|9350.030 -16755.370|9349.946 -16807.086|9356.440 -16804.607|9363.018 -16802.372|9369.673 -16800.381
212 30 MAHOGANY ME SE,9376.405 -16798.647|9376.391 -16739.891|9376.391 -16727.893|9376.391 -16722.890|9371.379 -16722.879|9317.028 -16722.834|9316.993 -16755.314|9350.030 -16755.370|9349.946 -16807.086|9356.440 -16804.607|9363.018 -16802.372|9369.673 -16800.381
213 30 MAHOGANY ME SE,9376.405 -16798.647|9376.391 -16739.891|9376.391 -16727.893|9376.391 -16722.890|9371.379 -16722.879|9317.028 -16722.834|9316.993 -16755.314|9350.030 -16755.370|9349.946 -16807.086|9356.440 -16804.607|9363.018 -16802.372|9369.673 -16800.381
214 30 MAHOGANY ME SE,9376.405 -16798.647|9376.391 -16739.891|9376.391 -16727.893|9376.391 -16722.890|9371.379 -16722.879|9317.028 -16722.834|9316.993 -16755.314|9350.030 -16755.370|9349.946 -16807.086|9356.440 -16804.607|9363.018 -16802.372|9369.673 -16800.381
215 30 MAHOGANY ME SE,9376.405 -16798.647|9376.391 -16739.891|9376.391 -16727.893|9376.391 -16722.890|9371.379 -16722.879|9317.028 -16722.834|9316.993 -16755.314|9350.030 -16755.370|9349.946 -16807.086|9356.440 -16804.607|9363.018 -16802.372|9369.673 -16800.381
216 30 MAHOGANY ME SE,9376.405 -16798.647|9376.391 -16739.891|9376.391 -16727.893|9376.391 -16722.890|9371.379 -16722.879|9317.028 -16722.834|9316.993 -16755.314|9350.030 -16755.370|9349.946 -16807.086|9356.440 -16804.607|9363.018 -16802.372|9369.673 -16800.381
217 30 MAHOGANY ME SE,9376.405 -16798.647|9376.391 -16739.891|9376.391 -16727.893|9376.391 -16722.890|9371.379 -16722.879|9317.028 -16722.834|9316.993 -16755.314|9350.030 -16755.370|9349.946 -16807.086|9356.440 -16804.607|9363.018 -16802.372|9369.673 -16800.381
218 30 MAHOGANY ME SE,9376.405 -16798.647|9376.391 -16739.891|9376.391 -16727.893|9376.391 -16722.890|9371.379 -16722.879|9317.028 -16722.834|9316.993 -16755.314|9350.030 -16755.370|9349.946 -16807.086|9356.440 -16804.607|9363.018 -16802.372|9369.673 -16800.381
219 30 MAHOGANY ME SE,9376.405 -16798.647|9376.391 -16739.891|9376.391 -16727.893|9376.391 -16722.890|9371.379 -16722.879|9317.028 -16722.834|9316.993 -16755.314|9350.030 -16755.370|9349.946 -16807.086|9356.440 -16804.607|9363.018 -16802.372|9369.673 -16800.381
220 30 MAHOGANY ME SE,9376.405 -16798.647|9376.391 -16739.891|9376.391 -16727.893|9376.391 -16722.890|9371.379 -16722.879|9317.028 -16722.834|9316.993 -16755.314|9350.030 -16755.370|9349.946 -16807.086|9356.440 -16804.607|9363.018 -16802.372|9369.673 -16800.381
201 30 MAHOGANY ME SE,9376.405 -16798.647|9376.391 -16739.891|9376.391 -16727.893|9376.391 -16722.890|9371.379 -16722.879|9317.028 -16722.834|9316.993 -16755.314|9350.030 -16755.370|9349.946 -16807.086|9356.440 -16804.607|9363.018 -16802.372|9369.673 -16800.381
202 30 MAHOGANY ME SE,9376.405 -16798.647|9376.391 -16739.891|9376.391 -16727.893|9376.391 -16722.890|9371.379 -16722.879|9317.028 -16722.834|9316.993 -16755.314|9350.030 -16755.370|9349.946 -16807.086|9356.440 -16804.607|9363.018 -16802.372|9369.673 -16800.381
203 30 MAHOGANY ME SE,9376.405 -16798.647|9376.391 -16739.891|9376.391 -16727.893|9376.391 -16722.890|9371.379 -16722.879|9317.028 -16722.834|9316.993 -16755.314|9350.030 -16755.370|9349.946 -16807.086|9356.440 -16804.607|9363.018 -16802.372|9369.673 -16800.381
304 30 MAHOGANY ME SE,9376.405 -16798.647|9376.391 -16739.891|9376.391 -16727.893|9376.391 -16722.890|9371.379 -16722.879|9317.028 -16722.834|9316.993 -16755.314|9350.030 -16755.370|9349.946 -16807.086|9356.440 -16804.607|9363.018 -16802.372|9369.673 -16800.381
305 30 MAHOGANY ME SE,9376.405 -16798.647|9376.391 -16739.891|9376.391 -16727.893|9376.391 -16722.890|9371.379 -16722.879|9317.028 -16722.834|9316.993 -16755.314|9350.030 -16755.370|9349.946 -16807.086|9356.440 -16804.607|9363.018 -16802.372|9369.673 -16800.381
306 30 MAHOGANY ME SE,9376.405 -16798.647|9376.391 -16739.891|9376.391 -16727.893|9376.391 -16722.890|9371.379 -16722.879|9317.028 -16722.834|9316.993 -16755.314|9350.030 -16755.370|9349.946 -16807.086|9356.440 -16804.607|9363.018 -16802.372|9369.673 -16800.381
307 30 MAHOGANY ME SE,9376.405 -16798.647|9376.391 -16739.891|9376.391 -16727.893|9376.391 -16722.890|9371.379 -16722.879|9317.028 -16722.834|9316.993 -16755.314|9350.030 -16755.370|9349.946 -16807.086|9356.440 -16804.607|9363.018 -16802.372|9369.673 -16800.381
308 30 MAHOGANY ME SE,9376.405 -16798.647|9376.391 -16739.891|9376.391 -16727.893|9376.391 -16722.890|9371.379 -16722.879|9317.028 -16722.834|9316.993 -16755.314|9350.030 -16755.370|9349.946 -16807.086|9356.440 -16804.607|9363.018 -16802.372|9369.673 -16800.381
309 30 MAHOGANY ME SE,9376.405 -16798.647|9376.391 -16739.891|9376.391 -16727.893|9376.391 -16722.890|9371.379 -16722.879|9317.028 -16722.834|9316.993 -16755.314|9350.030 -16755.370|9349.946 -16807.086|9356.440 -16804.607|9363.018 -16802.372|9369.673 -16800.381
310 30 MAHOGANY ME SE,9376.405 -16798.647|9376.391 -16739.891|9376.391 -16727.893|9376.391 -16722.890|9371.379 -16722.879|9317.028 -16722.834|9316.993 -16755.314|9350.030 -16755.370|9349.946 -16807.086|9356.440 -16804.607|9363.018 -16802.372|9369.673 -16800.381
311 30 MAHOGANY ME SE,9376.405 -16798.647|9376.391 -16739.891|9376.391 -16727.893|9376.391 -16722.890|9371.379 -16722.879|9317.028 -16722.834|9316.993 -16755.314|9350.030 -16755.370|9349.946 -16807.086|9356.440 -16804.607|9363.018 -16802.372|9369.673 -16800.381
312 30 MAHOGANY ME SE,9376.405 -16798.647|9376.391 -16739.891|9376.391 -16727.893|9376.391 -16722.890|9371.379 -16722.879|9317.028 -16722.834|9316.993 -16755.314|9350.030 -16755.370|9349.946 -16807.086|9356.440 -16804.607|9363.018 -16802.372|9369.673 -16800.381
313 30 MAHOGANY ME SE,9376.405 -16798.647|9376.391 -16739.891|9376.391 -16727.893|9376.391 -16722.890|9371.379 -16722.879|9317.028 -16722.834|9316.993 -16755.314|9350.030 -16755.370|9349.946 -16807.086|9356.440 -16804.607|9363.018 -16802.372|9369.673 -16800.381
314 30 MAHOGANY ME SE,9376.405 -16798.647|9376.391 -16739.891|9376.391 -16727.893|9376.391 -16722.890|9371.379 -16722.879|9317.028 -16722.834|9316.993 -16755.314|9350.030 -16755.370|9349.946 -16807.086|9356.440 -16804.607|9363.018 -16802.372|9369.673 -16800.381
315 30 MAHOGANY ME SE,9376.405 -16798.647|9376.391 -16739.891|9376.391 -16727.893|9376.391 -16722.890|9371.379 -16722.879|9317.028 -16722.834|9316.993 -16755.314|9350.030 -16755.370|9349.946 -16807.086|9356.440 -16804.607|9363.018 -16802.372|9369.673 -16800.381
316 30 MAHOGANY ME SE,9376.405 -16798.647|9376.391 -16739.891|9376.391 -16727.893|9376.391 -16722.890|9371.379 -16722.879|9317.028 -16722.834|9316.993 -16755.314|9350.030 -16755.370|9349.946 -16807.086|9356.440 -16804.607|9363.018 -16802.372|9369.673 -16800.381
317 30 MAHOGANY ME SE,9376.405 -16798.647|9376.391 -16739.891|9376.391 -16727.893|9376.391 -16722.890|9371.379 -16722.879|9317.028 -16722.834|9316.993 -16755.314|9350.030 -16755.370|9349.946 -16807.086|9356.440 -16804.607|9363.018 -16802.372|9369.673 -16800.381
318 30 MAHOGANY ME SE,9376.405 -16798.647|9376.391 -16739.891|9376.391 -16727.893|9376.391 -16722.890|9371.379 -16722.879|9317.028 -16722.834|9316.993 -16755.314|9350.030 -16755.370|9349.946 -16807.086|9356.440 -16804.607|9363.018 -16802.372|9369.673 -16800.381
319 30 MAHOGANY ME SE,9376.405 -16798.647|9376.391 -16739.891|9376.391 -16727.893|9376.391 -16722.890|9371.379 -16722.879|9317.028 -16722.834|9316.993 -16755.314|9350.030 -16755.370|9349.946 -16807.086|9356.440 -16804.607|9363.018 -16802.372|9369.673 -16800.381
320 30 MAHOGANY ME SE,9376.405 -16798.647|9376.391 -16739.891|9376.391 -16727.893|9376.391 -16722.890|9371.379 -16722.879|9317.028 -16722.834|9316.993 -16755.314|9350.030 -16755.370|9349.946 -16807.086|9356.440 -16804.607|9363.018 -16802.372|9369.673 -16800.381
301 30 MAHOGANY ME SE,9376.405 -16798.647|9376.391 -16739.891|9376.391 -16727.893|9376.391 -16722.890|9371.379 -16722.879|9317.028 -16722.834|9316.993 -16755.314|9350.030 -16755.370|9349.946 -16807.086|9356.440 -16804.607|9363.018 -16802.372|9369.673 -16800.381
302 30 MAHOGANY ME SE,9376.405 -16798.647|9376.391 -16739.891|9376.391 -16727.893|9376.391 -16722.890|9371.379 -16722.879|9317.028 -16722.834|9316.993 -16755.314|9350.030 -16755.370|9349.946 -16807.086|9356.440 -16804.607|9363.018 -16802.372|9369.673 -16800.381
303 30 MAHOGANY ME SE,9376.405 -16798.647|9376.391 -16739.891|9376.391 -16727.893|9376.391 -16722.890|9371.379 -16722.879|9317.028 -16722.834|9316.993 -16755.314|9350.030 -16755.370|9349.946 -16807.086|9356.440 -16804.607|9363.018 -16802.372|9369.673 -16800.381
404 30 MAHOGANY ME SE,9376.405 -16798.647|9376.391 -16739.891|9376.391 -16727.893|9376.391 -16722.890|9371.379 -16722.879|9317.028 -16722.834|9316.993 -16755.314|9350.030 -16755.370|9349.946 -16807.086|9356.440 -16804.607|9363.018 -16802.372|9369.673 -16800.381
405 30 MAHOGANY ME SE,9376.405 -16798.647|9376.391 -16739.891|9376.391 -16727.893|9376.391 -16722.890|9371.379 -16722.879|9317.028 -16722.834|9316.993 -16755.314|9350.030 -16755.370|9349.946 -16807.086|9356.440 -16804.607|9363.018 -16802.372|9369.673 -16800.381
406 30 MAHOGANY ME SE,9376.405 -16798.647|9376.391 -16739.891|9376.391 -16727.893|9376.391 -16722.890|9371.379 -16722.879|9317.028 -16722.834|9316.993 -16755.314|9350.030 -16755.370|9349.946 -16807.086|9356.440 -16804.607|9363.018 -16802.372|9369.673 -16800.381
407 30 MAHOGANY ME SE,9376.405 -16798.647|9376.391 -16739.891|9376.391 -16727.893|9376.391 -16722.890|9371.379 -16722.879|9317.028 -16722.834|9316.993 -16755.314|9350.030 -16755.370|9349.946 -16807.086|9356.440 -16804.607|9363.018 -16802.372|9369.673 -16800.381
408 30 MAHOGANY ME SE,9376.405 -16798.647|9376.391 -16739.891|9376.391 -16727.893|9376.391 -16722.890|9371.379 -16722.879|9317.028 -16722.834|9316.993 -16755.314|9350.030 -16755.370|9349.946 -16807.086|9356.440 -16804.607|9363.018 -16802.372|9369.673 -16800.381
409 30 MAHOGANY ME SE,9376.405 -16798.647|9376.391 -16739.891|9376.391 -16727.893|9376.391 -16722.890|9371.379 -16722.879|9317.028 -16722.834|9316.993 -16755.314|9350.030 -16755.370|9349.946 -16807.086|9356.440 -16804.607|9363.018 -16802.372|9369.673 -16800.381
410 30 MAHOGANY ME SE,9376.405 -16798.647|9376.391 -16739.891|9376.391 -16727.893|9376.391 -16722.890|9371.379 -16722.879|9317.028 -16722.834|9316.993 -16755.314|9350.030 -16755.370|9349.946 -16807.086|9356.440 -16804.607|9363.018 -16802.372|9369.673 -16800.381
411 30 MAHOGANY ME SE,9376.405 -16798.647|9376.391 -16739.891|9376.391 -16727.893|9376.391 -16722.890|9371.379 -16722.879|9317.028 -16722.834|9316.993 -16755.314|9350.030 -16755.370|9349.946 -16807.086|9356.440 -16804.607|9363.018 -16802.372|9369.673 -16800.381
412 30 MAHOGANY ME SE,9376.405 -16798.647|9376.391 -16739.891|9376.391 -16727.893|9376.391 -16722.890|9371.379 -16722.879|9317.028 -16722.834|9316.993 -16755.314|9350.030 -16755.370|9349.946 -16807.086|9356.440 -16804.607|9363.018 -16802.372|9369.673 -16800.381
413 30 MAHOGANY ME SE,9376.405 -16798.647|9376.391 -16739.891|9376.391 -16727.893|9376.391 -16722.890|9371.379 -16722.879|9317.028 -16722.834|9316.993 -16755.314|9350.030 -16755.370|9349.946 -16807.086|9356.440 -16804.607|9363.018 -16802.372|9369.673 -16800.381
414 30 MAHOGANY ME SE,9376.405 -16798.647|9376.391 -16739.891|9376.391 -16727.893|9376.391 -16722.890|9371.379 -16722.879|9317.028 -16722.834|9316.993 -16755.314|9350.030 -16755.370|9349.946 -16807.086|9356.440 -16804.607|9363.018 -16802.372|9369.673 -16800.381
415 30 MAHOGANY ME SE,9376.405 -16798.647|9376.391 -16739.891|9376.391 -16727.893|9376.391 -16722.890|9371.379 -16722.879|9317.028 -16722.834|9316.993 -16755.314|9350.030 -16755.370|9349.946 -16807.086|9356.440 -16804.607|9363.018 -16802.372|9369.673 -16800.381
416 30 MAHOGANY ME SE,9376.405 -16798.647|9376.391 -16739.891|9376.391 -16727.893|9376.391 -16722.890|9371.379 -16722.879|9317.028 -16722.834|9316.993 -16755.314|9350.030 -16755.370|9349.946 -16807.086|9356.440 -16804.607|9363.018 -16802.372|9369.673 -16800.381
417 30 MAHOGANY ME SE,9376.405 -16798.647|9376.391 -16739.891|9376.391 -16727.893|9376.391 -16722.890|9371.379 -16722.879|9317.028 -16722.834|9316.993 -16755.314|9350.030 -16755.370|9349.946 -16807.086|9356.440 -16804.607|9363.018 -16802.372|9369.673 -16800.381
418 30 MAHOGANY ME SE,9376.405 -16798.647|9376.391 -16739.891|9376.391 -16727.893|9376.391 -16722.890|9371.379 -16722.879|9317.028 -16722.834|9316.993 -16755.314|9350.030 -16755.370|9349.946 -16807.086|9356.440 -16804.607|9363.018 -16802.372|9369.673 -16800.381
419 30 MAHOGANY ME SE,9376.405 -16798.647|9376.391 -16739.891|9376.391 -16727.893|9376.391 -16722.890|9371.379 -16722.879|9317.028 -16722.834|9316.993 -16755.314|9350.030 -16755.370|9349.946 -16807.086|9356.440 -16804.607|9363.018 -16802.372|9369.673 -16800.381
420 30 MAHOGANY ME SE,9376.405 -16798.647|9376.391 -16739.891|9376.391 -16727.893|9376.391 -16722.890|9371.379 -16722.879|9317.028 -16722.834|9316.993 -16755.314|9350.030 -16755.370|9349.946 -16807.086|9356.440 -16804.607|9363.018 -16802.372|9369.673 -16800.381
401 30 MAHOGANY ME SE,9376.405 -16798.647|9376.391 -16739.891|9376.391 -16727.893|9376.391 -16722.890|9371.379 -16722.879|9317.028 -16722.834|9316.993 -16755.314|9350.030 -16755.370|9349.946 -16807.086|9356.440 -16804.607|9363.018 -16802.372|9369.673 -16800.381
402 30 MAHOGANY ME SE,9376.405 -16798.647|9376.391 -16739.891|9376.391 -16727.893|9376.391 -16722.890|9371.379 -16722.879|9317.028 -16722.834|9316.993 -16755.314|9350.030 -16755.370|9349.946 -16807.086|9356.440 -16804.607|9363.018 -16802.372|9369.673 -16800.381
403 30 MAHOGANY ME SE,9376.405 -16798.647|9376.391 -16739.891|9376.391 -16727.893|9376.391 -16722.890|9371.379 -16722.879|9317.028 -16722.834|9316.993 -16755.314|9350.030 -16755.370|9349.946 -16807.086|9356.440 -16804.607|9363.018 -16802.372|9369.673 -16800.381
398V 30 MAHOGANY ME SE,9376.405 -16798.647|9376.391 -16739.891|9376.391 -16727.893|9376.391 -16722.890|9371.379 -16722.879|9317.028 -16722.834|9316.993 -16755.314|9350.030 -16755.370|9349.946 -16807.086|9356.440 -16804.607|9363.018 -16802.372|9369.673 -16800.381
399V 30 MAHOGANY ME SE,9376.405 -16798.647|9376.391 -16739.891|9376.391 -16727.893|9376.391 -16722.890|9371.379 -16722.879|9317.028 -16722.834|9316.993 -16755.314|9350.030 -16755.370|9349.946 -16807.086|9356.440 -16804.607|9363.018 -16802.372|9369.673 -16800.381
400V 30 MAHOGANY ME SE,9376.405 -16798.647|9376.391 -16739.891|9376.391 -16727.893|9376.391 -16722.890|9371.379 -16722.879|9317.028 -16722.834|9316.993 -16755.314|9350.030 -16755.370|9349.946 -16807.086|9356.440 -16804.607|9363.018 -16802.372|9369.673 -16800.381
401V 30 MAHOGANY ME SE,9376.405 -16798.647|9376.391 -16739.891|9376.391 -16727.893|9376.391 -16722.890|9371.379 -16722.879|9317.028 -16722.834|9316.993 -16755.314|9350.030 -16755.370|9349.946 -16807.086|9356.440 -16804.607|9363.018 -16802.372|9369.673 -16800.381
402V 30 MAHOGANY ME SE,9376.405 -16798.647|9376.391 -16739.891|9376.391 -16727.893|9376.391 -16722.890|9371.379 -16722.879|9317.028 -16722.834|9316.993 -16755.314|9350.030 -16755.370|9349.946 -16807.086|9356.440 -16804.607|9363.018 -16802.372|9369.673 -16800.381
403V 30 MAHOGANY ME SE,9376.405 -16798.647|9376.391 -16739.891|9376.391 -16727.893|9376.391 -16722.890|9371.379 -16722.879|9317.028 -16722.834|9316.993 -16755.314|9350.030 -16755.370|9349.946 -16807.086|9356.440 -16804.607|9363.018 -16802.372|9369.673 -16800.381
404V 30 MAHOGANY ME SE,9376.405 -16798.647|9376.391 -16739.891|9376.391 -16727.893|9376.391 -16722.890|9371.379 -16722.879|9317.028 -16722.834|9316.993 -16755.314|9350.030 -16755.370|9349.946 -16807.086|9356.440 -16804.607|9363.018 -16802.372|9369.673 -16800.381
405V 30 MAHOGANY ME SE,9376.405 -16798.647|9376.391 -16739.891|9376.391 -16727.893|9376.391 -16722.890|9371.379 -16722.879|9317.028 -16722.834|9316.993 -16755.314|9350.030 -16755.370|9349.946 -16807.086|9356.440 -16804.607|9363.018 -16802.372|9369.673 -16800.381
406V 30 MAHOGANY ME SE,9376.405 -16798.647|9376.391 -16739.891|9376.391 -16727.893|9376.391 -16722.890|9371.379 -16722.879|9317.028 -16722.834|9316.993 -16755.314|9350.030 -16755.370|9349.946 -16807.086|9356.440 -16804.607|9363.018 -16802.372|9369.673 -16800.381
407V 30 MAHOGANY ME SE,9376.405 -16798.647|9376.391 -16739.891|9376.391 -16727.893|9376.391 -16722.890|9371.379 -16722.879|9317.028 -16722.834|9316.993 -16755.314|9350.030 -16755.370|9349.946 -16807.086|9356.440 -16804.607|9363.018 -16802.372|9369.673 -16800.381
408V 30 MAHOGANY ME SE,9376.405 -16798.647|9376.391 -16739.891|9376.391 -16727.893|9376.391 -16722.890|9371.379 -16722.879|9317.028 -16722.834|9316.993 -16755.314|9350.030 -16755.370|9349.946 -16807.086|9356.440 -16804.607|9363.018 -16802.372|9369.673 -16800.381
409V 30 MAHOGANY ME SE,9376.405 -16798.647|9376.391 -16739.891|9376.391 -16727.893|9376.391 -16722.890|9371.379 -16722.879|9317.028 -16722.834|9316.993 -16755.314|9350.030 -16755.370|9349.946 -16807.086|9356.440 -16804.607|9363.018 -16802.372|9369.673 -16800.381
410V 30 MAHOGANY ME SE,9376.405 -16798.647|9376.391 -16739.891|9376.391 -16727.893|9376.391 -16722.890|9371.379 -16722.879|9317.028 -16722.834|9316.993 -16755.314|9350.030 -16755.370|9349.946 -16807.086|9356.440 -16804.607|9363.018 -16802.372|9369.673 -16800.381
411V 30 MAHOGANY ME SE,9376.405 -16798.647|9376.391 -16739.891|9376.391 -16727.893|9376.391 -16722.890|9371.379 -16722.879|9317.028 -16722.834|9316.993 -16755.314|9350.030 -16755.370|9349.946 -16807.086|9356.440 -16804.607|9363.018 -16802.372|9369.673 -16800.381
412V 30 MAHOGANY ME SE,9376.405 -16798.647|9376.391 -16739.891|9376.391 -16727.893|9376.391 -16722.890|9371.379 -16722.879|9317.028 -16722.834|9316.993 -16755.314|9350.030 -16755.370|9349.946 -16807.086|9356.440 -16804.607|9363.018 -16802.372|9369.673 -16800.381
413V 30 MAHOGANY ME SE,9376.405 -16798.647|9376.391 -16739.891|9376.391 -16727.893|9376.391 -16722.890|9371.379 -16722.879|9317.028 -16722.834|9316.993 -16755.314|9350.030 -16755.370|9349.946 -16807.086|9356.440 -16804.607|9363.018 -16802.372|9369.673 -16800.381
414V 30 MAHOGANY ME SE,9376.405 -16798.647|9376.391 -16739.891|9376.391 -16727.893|9376.391 -16722.890|9371.379 -16722.879|9317.028 -16722.834|9316.993 -16755.314|9350.030 -16755.370|9349.946 -16807.086|9356.440 -16804.607|9363.018 -16802.372|9369.673 -16800.381
415V 30 MAHOGANY ME SE,9376.405 -16798.647|9376.391 -16739.891|9376.391 -16727.893|9376.391 -16722.890|9371.379 -16722.879|9317.028 -16722.834|9316.993 -16755.314|9350.030 -16755.370|9349.946 -16807.086|9356.440 -16804.607|9363.018 -16802.372|9369.673 -16800.381
416V 30 MAHOGANY ME SE,9376.405 -16798.647|9376.391 -16739.891|9376.391 -16727.893|9376.391 -16722.890|9371.379 -16722.879|9317.028 -16722.834|9316.993 -16755.314|9350.030 -16755.370|9349.946 -16807.086|9356.440 -16804.607|9363.018 -16802.372|9369.673 -16800.381
417V 30 MAHOGANY ME SE,9376.405 -16798.647|9376.391 -16739.891|9376.391 -16727.893|9376.391 -16722.890|9371.379 -16722.879|9317.028 -16722.834|9316.993 -16755.314|9350.030 -16755.370|9349.946 -16807.086|9356.440 -16804.607|9363.018 -16802.372|9369.673 -16800.381
418V 30 MAHOGANY ME SE,9376.405 -16798.647|9376.391 -16739.891|9376.391 -16727.893|9376.391 -16722.890|9371.379 -16722.879|9317.028 -16722.834|9316.993 -16755.314|9350.030 -16755.370|9349.946 -16807.086|9356.440 -16804.607|9363.018 -16802.372|9369.673 -16800.381
419V 30 MAHOGANY ME SE,9376.405 -16798.647|9376.391 -16739.891|9376.391 -16727.893|9376.391 -16722.890|9371.379 -16722.879|9317.028 -16722.834|9316.993 -16755.314|9350.030 -16755.370|9349.946 -16807.086|9356.440 -16804.607|9363.018 -16802.372|9369.673 -16800.381
420V 30 MAHOGANY ME SE,9376.405 -16798.647|9376.391 -16739.891|9376.391 -16727.893|9376.391 -16722.890|9371.379 -16722.879|9317.028 -16722.834|9316.993 -16755.314|9350.030 -16755.370|9349.946 -16807.086|9356.440 -16804.607|9363.018 -16802.372|9369.673 -16800.381
421V 30 MAHOGANY ME SE,9376.405 -16798.647|9376.391 -16739.891|9376.391 -16727.893|9376.391 -16722.890|9371.379 -16722.879|9317.028 -16722.834|9316.993 -16755.314|9350.030 -16755.370|9349.946 -16807.086|9356.440 -16804.607|9363.018 -16802.372|9369.673 -16800.381
422V 30 MAHOGANY ME SE,9376.405 -16798.647|9376.391 -16739.891|9376.391 -16727.893|9376.391 -16722.890|9371.379 -16722.879|9317.028 -16722.834|9316.993 -16755.314|9350.030 -16755.370|9349.946 -16807.086|9356.440 -16804.607|9363.018 -16802.372|9369.673 -16800.381
423V 30 MAHOGANY ME SE,9376.405 -16798.647|9376.391 -16739.891|9376.391 -16727.893|9376.391 -16722.890|9371.379 -16722.879|9317.028 -16722.834|9316.993 -16755.314|9350.030 -16755.370|9349.946 -16807.086|9356.440 -16804.607|9363.018 -16802.372|9369.673 -16800.381
424V 30 MAHOGANY ME SE,9376.405 -16798.647|9376.391 -16739.891|9376.391 -16727.893|9376.391 -16722.890|9371.379 -16722.879|9317.028 -16722.834|9316.993 -16755.314|9350.030 -16755.370|9349.946 -16807.086|9356.440 -16804.607|9363.018 -16802.372|9369.673 -16800.381
425V 30 MAHOGANY ME SE,9376.405 -16798.647|9376.391 -16739.891|9376.391 -16727.893|9376.391 -16722.890|9371.379 -16722.879|9317.028 -16722.834|9316.993 -16755.314|9350.030 -16755.370|9349.946 -16807.086|9356.440 -16804.607|9363.018 -16802.372|9369.673 -16800.381
426V 30 MAHOGANY ME SE,9376.405 -16798.647|9376.391 -16739.891|9376.391 -16727.893|9376.391 -16722.890|9371.379 -16722.879|9317.028 -16722.834|9316.993 -16755.314|9350.030 -16755.370|9349.946 -16807.086|9356.440 -16804.607|9363.018 -16802.372|9369.673 -16800.381
427V 30 MAHOGANY ME SE,9376.405 -16798.647|9376.391 -16739.891|9376.391 -16727.893|9376.391 -16722.890|9371.379 -16722.879|9317.028 -16722.834|9316.993 -16755.314|9350.030 -16755.370|9349.946 -16807.086|9356.440 -16804.607|9363.018 -16802.372|9369.673 -16800.381
428V 30 MAHOGANY ME SE,9376.405 -16798.647|9376.391 -16739.891|9376.391 -16727.893|9376.391 -16722.890|9371.379 -16722.879|9317.028 -16722.834|9316.993 -16755.314|9350.030 -16755.370|9349.946 -16807.086|9356.440 -16804.607|9363.018 -16802.372|9369.673 -16800.381
429V 30 MAHOGANY ME SE,9376.405 -16798.647|9376.391 -16739.891|9376.391 -16727.893|9376.391 -16722.890|9371.379 -16722.879|9317.028 -16722.834|9316.993 -16755.314|9350.030 -16755.370|9349.946 -16807.086|9356.440 -16804.607|9363.018 -16802.372|9369.673 -16800.381
430V 30 MAHOGANY ME SE,9376.405 -16798.647|9376.391 -16739.891|9376.391 -16727.893|9376.391 -16722.890|9371.379 -16722.879|9317.028 -16722.834|9316.993 -16755.314|9350.030 -16755.370|9349.946 -16807.086|9356.440 -16804.607|9363.018 -16802.372|9369.673 -16800.381
431V 30 MAHOGANY ME SE,9376.405 -16798.647|9376.391 -16739.891|9376.391 -16727.893|9376.391 -16722.890|9371.379 -16722.879|9317.028 -16722.834|9316.993 -16755.314|9350.030 -16755.370|9349.946 -16807.086|9356.440 -16804.607|9363.018 -16802.372|9369.673 -16800.381
432V 30 MAHOGANY ME SE,9376.405 -16798.647|9376.391 -16739.891|9376.391 -16727.893|9376.391 -16722.890|9371.379 -16722.879|9317.028 -16722.834|9316.993 -16755.314|9350.030 -16755.370|9349.946 -16807.086|9356.440 -16804.607|9363.018 -16802.372|9369.673 -16800.381
433V 30 MAHOGANY ME SE,9376.405 -16798.647|9376.391 -16739.891|9376.391 -16727.893|9376.391 -16722.890|9371.379 -16722.879|9317.028 -16722.834|9316.993 -16755.314|9350.030 -16755.370|9349.946 -16807.086|9356.440 -16804.607|9363.018 -16802.372|9369.673 -16800.381
434V 30 MAHOGANY ME SE,9376.405 -16798.647|9376.391 -16739.891|9376.391 -16727.893|9376.391 -16722.890|9371.379 -16722.879|9317.028 -16722.834|9316.993 -16755.314|9350.030 -16755.370|9349.946 -16807.086|9356.440 -16804.607|9363.018 -16802.372|9369.673 -16800.381
435V 30 MAHOGANY ME SE,9376.405 -16798.647|9376.391 -16739.891|9376.391 -16727.893|9376.391 -16722.890|9371.379 -16722.879|9317.028 -16722.834|9316.993 -16755.314|9350.030 -16755.370|9349.946 -16807.086|9356.440 -16804.607|9363.018 -16802.372|9369.673 -16800.381
436V 30 MAHOGANY ME SE,9376.405 -16798.647|9376.391 -16739.891|9376.391 -16727.893|9376.391 -16722.890|9371.379 -16722.879|9317.028 -16722.834|9316.993 -16755.314|9350.030 -16755.370|9349.946 -16807.086|9356.440 -16804.607|9363.018 -16802.372|9369.673 -16800.381
437V 30 MAHOGANY ME SE,9376.405 -16798.647|9376.391 -16739.891|9376.391 -16727.893|9376.391 -16722.890|9371.379 -16722.879|9317.028 -16722.834|9316.993 -16755.314|9350.030 -16755.370|9349.946 -16807.086|9356.440 -16804.607|9363.018 -16802.372|9369.673 -16800.381
438V 30 MAHOGANY ME SE,9376.405 -16798.647|9376.391 -16739.891|9376.391 -16727.893|9376.391 -16722.890|9371.379 -16722.879|9317.028 -16722.834|9316.993 -16755.314|9350.030 -16755.370|9349.946 -16807.086|9356.440 -16804.607|9363.018 -16802.372|9369.673 -16800.381
439V 30 MAHOGANY ME SE,9376.405 -16798.647|9376.391 -16739.891|9376.391 -16727.893|9376.391 -16722.890|9371.379 -16722.879|9317.028 -16722.834|9316.993 -16755.314|9350.030 -16755.370|9349.946 -16807.086|9356.440 -16804.607|9363.018 -16802.372|9369.673 -16800.381
440V 30 MAHOGANY ME SE,9376.405 -16798.647|9376.391 -16739.891|9376.391 -16727.893|9376.391 -16722.890|9371.379 -16722.879|9317.028 -16722.834|9316.993 -16755.314|9350.030 -16755.370|9349.946 -16807.086|9356.440 -16804.607|9363.018 -16802.372|9369.673 -16800.381
441V 30 MAHOGANY ME SE,9376.405 -16798.647|9376.391 -16739.891|9376.391 -16727.893|9376.391 -16722.890|9371.379 -16722.879|9317.028 -16722.834|9316.993 -16755.314|9350.030 -16755.370|9349.946 -16807.086|9356.440 -16804.607|9363.018 -16802.372|9369.673 -16800.381
442V 30 MAHOGANY ME SE,9376.405 -16798.647|9376.391 -16739.891|9376.391 -16727.893|9376.391 -16722.890|9371.379 -16722.879|9317.028 -16722.834|9316.993 -16755.314|9350.030 -16755.370|9349.946 -16807.086|9356.440 -16804.607|9363.018 -16802.372|9369.673 -16800.381
443V 30 MAHOGANY ME SE,9376.405 -16798.647|9376.391 -16739.891|9376.391 -16727.893|9376.391 -16722.890|9371.379 -16722.879|9317.028 -16722.834|9316.993 -16755.314|9350.030 -16755.370|9349.946 -16807.086|9356.440 -16804.607|9363.018 -16802.372|9369.673 -16800.381
444V 30 MAHOGANY ME SE,9376.405 -16798.647|9376.391 -16739.891|9376.391 -16727.893|9376.391 -16722.890|9371.379 -16722.879|9317.028 -16722.834|9316.993 -16755.314|9350.030 -16755.370|9349.946 -16807.086|9356.440 -16804.607|9363.018 -16802.372|9369.673 -16800.381
445V 30 MAHOGANY ME SE,9376.405 -16798.647|9376.391 -16739.891|9376.391 -16727.893|9376.391 -16722.890|9371.379 -16722.879|9317.028 -16722.834|9316.993 -16755.314|9350.030 -16755.370|9349.946 -16807.086|9356.440 -16804.607|9363.018 -16802.372|9369.673 -16800.381
446V 30 MAHOGANY ME SE,9376.405 -16798.647|9376.391 -16739.891|9376.391 -16727.893|9376.391 -16722.890|9371.379 -16722.879|9317.028 -16722.834|9316.993 -16755.314|9350.030 -16755.370|9349.946 -16807.086|9356.440 -16804.607|9363.018 -16802.372|9369.673 -16800.381
447V 30 MAHOGANY ME SE,9376.405 -16798.647|9376.391 -16739.891|9376.391 -16727.893|9376.391 -16722.890|9371.379 -16722.879|9317.028 -16722.834|9316.993 -16755.314|9350.030 -16755.370|9349.946 -16807.086|9356.440 -16804.607|9363.018 -16802.372|9369.673 -16800.381
448V 30 MAHOGANY ME SE,9376.405 -16798.647|9376.391 -16739.891|9376.391 -16727.893|9376.391 -16722.890|9371.379 -16722.879|9317.028 -16722.834|9316.993 -16755.314|9350.030 -16755.370|9349.946 -16807.086|9356.440 -16804.607|9363.018 -16802.372|9369.673 -16800.381
449V 30 MAHOGANY ME SE,9376.405 -16798.647|9376.391 -16739.891|9376.391 -16727.893|9376.391 -16722.890|9371.379 -16722.879|9317.028 -16722.834|9316.993 -16755.314|9350.030 -16755.370|9349.946 -16807.086|9356.440 -16804.607|9363.018 -16802.372|9369.673 -16800.381
450V 30 MAHOGANY ME SE,9376.405 -16798.647|9376.391 -16739.891|9376.391 -16727.893|9376.391 -16722.890|9371.379 -16722.879|9317.028 -16722.834|9316.993 -16755.314|9350.030 -16755.370|9349.946 -16807.086|9356.440 -16804.607|9363.018 -16802.372|9369.673 -16800.381
451V 30 MAHOGANY ME SE,9376.405 -16798.647|9376.391 -16739.891|9376.391 -16727.893|9376.391 -16722.890|9371.379 -16722.879|9317.028 -16722.834|9316.993 -16755.314|9350.030 -16755.370|9349.946 -16807.086|9356.440 -16804.607|9363.018 -16802.372|9369.673 -16800.381
452V 30 MAHOGANY ME SE,9376.405 -16798.647|9376.391 -16739.891|9376.391 -16727.893|9376.391 -16722.890|9371.379 -16722.879|9317.028 -16722.834|9316.993 -16755.314|9350.030 -16755.370|9349.946 -16807.086|9356.440 -16804.607|9363.018 -16802.372|9369.673 -16800.381
453V 30 MAHOGANY ME SE,9376.405 -16798.647|9376.391 -16739.891|9376.391 -16727.893|9376.391 -16722.890|9371.379 -16722.879|9317.028 -16722.834|9316.993 -16755.314|9350.030 -16755.370|9349.946 -16807.086|9356.440 -16804.607|9363.018 -16802.372|9369.673 -16800.381
454V 30 MAHOGANY ME SE,9376.405 -16798.647|9376.391 -16739.891|9376.391 -16727.893|9376.391 -16722.890|9371.379 -16722.879|9317.028 -16722.834|9316.993 -16755.314|9350.030 -16755.370|9349.946 -16807.086|9356.440 -16804.607|9363.018 -16802.372|9369.673 -16800.381
101 140 MAHOGANY ST SE,9236.490 -16817.194|9243.285 -16819.285|9249.954 -16821.742|9256.476 -16824.566|9262.837 -16827.735|9269.017 -16831.260|9274.994 -16835.108|9280.747 -16839.289|9286.270 -16843.770|9292.855 -16843.647|9297.699 -16839.255|9302.697 -16835.041|9307.835 -16831.004|9313.120 -16827.146|9318.531 -16823.488|9324.067 -16820.018|9329.729 -16816.749|9335.497 -16813.680|9316.266 -16784.914|9289.646 -16802.928|9284.445 -16803.295|9246.375 -16784.569|9236.511 -16804.851
102 140 MAHOGANY ST SE,9236.490 -16817.194|9243.285 -16819.285|9249.954 -16821.742|9256.476 -16824.566|9262.837 -16827.735|9269.017 -16831.260|9274.994 -16835.108|9280.747 -16839.289|9286.270 -16843.770|9292.855 -16843.647|9297.699 -16839.255|9302.697 -16835.041|9307.835 -16831.004|9313.120 -16827.146|9318.531 -16823.488|9324.067 -16820.018|9329.729 -16816.749|9335.497 -16813.680|9316.266 -16784.914|9289.646 -16802.928|9284.445 -16803.295|9246.375 -16784.569|9236.511 -16804.851
103 140 MAHOGANY ST SE,9236.490 -16817.194|9243.285 -16819.285|9249.954 -16821.742|9256.476 -16824.566|9262.837 -16827.735|9269.017 -16831.260|9274.994 -16835.108|9280.747 -16839.289|9286.270 -16843.770|9292.855 -16843.647|9297.699 -16839.255|9302.697 -16835.041|9307.835 -16831.004|9313.120 -16827.146|9318.531 -16823.488|9324.067 -16820.018|9329.729 -16816.749|9335.497 -16813.680|9316.266 -16784.914|9289.646 -16802.928|9284.445 -16803.295|9246.375 -16784.569|9236.511 -16804.851
104 140 MAHOGANY ST SE,9236.490 -16817.194|9243.285 -16819.285|9249.954 -16821.742|9256.476 -16824.566|9262.837 -16827.735|9269.017 -16831.260|9274.994 -16835.108|9280.747 -16839.289|9286.270 -16843.770|9292.855 -16843.647|9297.699 -16839.255|9302.697 -16835.041|9307.835 -16831.004|9313.120 -16827.146|9318.531 -16823.488|9324.067 -16820.018|9329.729 -16816.749|9335.497 -16813.680|9316.266 -16784.914|9289.646 -16802.928|9284.445 -16803.295|9246.375 -16784.569|9236.511 -16804.851
105 140 MAHOGANY ST SE,9236.490 -16817.194|9243.285 -16819.285|9249.954 -16821.742|9256.476 -16824.566|9262.837 -16827.735|9269.017 -16831.260|9274.994 -16835.108|9280.747 -16839.289|9286.270 -16843.770|9292.855 -16843.647|9297.699 -16839.255|9302.697 -16835.041|9307.835 -16831.004|9313.120 -16827.146|9318.531 -16823.488|9324.067 -16820.018|9329.729 -16816.749|9335.497 -16813.680|9316.266 -16784.914|9289.646 -16802.928|9284.445 -16803.295|9246.375 -16784.569|9236.511 -16804.851
106 140 MAHOGANY ST SE,9236.490 -16817.194|9243.285 -16819.285|9249.954 -16821.742|9256.476 -16824.566|9262.837 -16827.735|9269.017 -16831.260|9274.994 -16835.108|9280.747 -16839.289|9286.270 -16843.770|9292.855 -16843.647|9297.699 -16839.255|9302.697 -16835.041|9307.835 -16831.004|9313.120 -16827.146|9318.531 -16823.488|9324.067 -16820.018|9329.729 -16816.749|9335.497 -16813.680|9316.266 -16784.914|9289.646 -16802.928|9284.445 -16803.295|9246.375 -16784.569|9236.511 -16804.851
107 140 MAHOGANY ST SE,9236.490 -16817.194|9243.285 -16819.285|9249.954 -16821.742|9256.476 -16824.566|9262.837 -16827.735|9269.017 -16831.260|9274.994 -16835.108|9280.747 -16839.289|9286.270 -16843.770|9292.855 -16843.647|9297.699 -16839.255|9302.697 -16835.041|9307.835 -16831.004|9313.120 -16827.146|9318.531 -16823.488|9324.067 -16820.018|9329.729 -16816.749|9335.497 -16813.680|9316.266 -16784.914|9289.646 -16802.928|9284.445 -16803.295|9246.375 -16784.569|9236.511 -16804.851
108 140 MAHOGANY ST SE,9236.490 -16817.194|9243.285 -16819.285|9249.954 -16821.742|9256.476 -16824.566|9262.837 -16827.735|9269.017 -16831.260|9274.994 -16835.108|9280.747 -16839.289|9286.270 -16843.770|9292.855 -16843.647|9297.699 -16839.255|9302.697 -16835.041|9307.835 -16831.004|9313.120 -16827.146|9318.531 -16823.488|9324.067 -16820.018|9329.729 -16816.749|9335.497 -16813.680|9316.266 -16784.914|9289.646 -16802.928|9284.445 -16803.295|9246.375 -16784.569|9236.511 -16804.851
109 140 MAHOGANY ST SE,9236.490 -16817.194|9243.285 -16819.285|9249.954 -16821.742|9256.476 -16824.566|9262.837 -16827.735|9269.017 -16831.260|9274.994 -16835.108|9280.747 -16839.289|9286.270 -16843.770|9292.855 -16843.647|9297.699 -16839.255|9302.697 -16835.041|9307.835 -16831.004|9313.120 -16827.146|9318.531 -16823.488|9324.067 -16820.018|9329.729 -16816.749|9335.497 -16813.680|9316.266 -16784.914|9289.646 -16802.928|9284.445 -16803.295|9246.375 -16784.569|9236.511 -16804.851
110 140 MAHOGANY ST SE,9236.490 -16817.194|9243.285 -16819.285|9249.954 -16821.742|9256.476 -16824.566|9262.837 -16827.735|9269.017 -16831.260|9274.994 -16835.108|9280.747 -16839.289|9286.270 -16843.770|9292.855 -16843.647|9297.699 -16839.255|9302.697 -16835.041|9307.835 -16831.004|9313.120 -16827.146|9318.531 -16823.488|9324.067 -16820.018|9329.729 -16816.749|9335.497 -16813.680|9316.266 -16784.914|9289.646 -16802.928|9284.445 -16803.295|9246.375 -16784.569|9236.511 -16804.851
111 140 MAHOGANY ST SE,9236.490 -16817.194|9243.285 -16819.285|9249.954 -16821.742|9256.476 -16824.566|9262.837 -16827.735|9269.017 -16831.260|9274.994 -16835.108|9280.747 -16839.289|9286.270 -16843.770|9292.855 -16843.647|9297.699 -16839.255|9302.697 -16835.041|9307.835 -16831.004|9313.120 -16827.146|9318.531 -16823.488|9324.067 -16820.018|9329.729 -16816.749|9335.497 -16813.680|9316.266 -16784.914|9289.646 -16802.928|9284.445 -16803.295|9246.375 -16784.569|9236.511 -16804.851
112 140 MAHOGANY ST SE,9236.490 -16817.194|9243.285 -16819.285|9249.954 -16821.742|9256.476 -16824.566|9262.837 -16827.735|9269.017 -16831.260|9274.994 -16835.108|9280.747 -16839.289|9286.270 -16843.770|9292.855 -16843.647|9297.699 -16839.255|9302.697 -16835.041|9307.835 -16831.004|9313.120 -16827.146|9318.531 -16823.488|9324.067 -16820.018|9329.729 -16816.749|9335.497 -16813.680|9316.266 -16784.914|9289.646 -16802.928|9284.445 -16803.295|9246.375 -16784.569|9236.511 -16804.851
113 140 MAHOGANY ST SE,9236.490 -16817.194|9243.285 -16819.285|9249.954 -16821.742|9256.476 -16824.566|9262.837 -16827.735|9269.017 -16831.260|9274.994 -16835.108|9280.747 -16839.289|9286.270 -16843.770|9292.855 -16843.647|9297.699 -16839.255|9302.697 -16835.041|9307.835 -16831.004|9313.120 -16827.146|9318.531 -16823.488|9324.067 -16820.018|9329.729 -16816.749|9335.497 -16813.680|9316.266 -16784.914|9289.646 -16802.928|9284.445 -16803.295|9246.375 -16784.569|9236.511 -16804.851
114 140 MAHOGANY ST SE,9236.490 -16817.194|9243.285 -16819.285|9249.954 -16821.742|9256.476 -16824.566|9262.837 -16827.735|9269.017 -16831.260|9274.994 -16835.108|9280.747 -16839.289|9286.270 -16843.770|9292.855 -16843.647|9297.699 -16839.255|9302.697 -16835.041|9307.835 -16831.004|9313.120 -16827.146|9318.531 -16823.488|9324.067 -16820.018|9329.729 -16816.749|9335.497 -16813.680|9316.266 -16784.914|9289.646 -16802.928|9284.445 -16803.295|9246.375 -16784.569|9236.511 -16804.851
115 140 MAHOGANY ST SE,9236.490 -16817.194|9243.285 -16819.285|9249.954 -16821.742|9256.476 -16824.566|9262.837 -16827.735|9269.017 -16831.260|9274.994 -16835.108|9280.747 -16839.289|9286.270 -16843.770|9292.855 -16843.647|9297.699 -16839.255|9302.697 -16835.041|9307.835 -16831.004|9313.120 -16827.146|9318.531 -16823.488|9324.067 -16820.018|9329.729 -16816.749|9335.497 -16813.680|9316.266 -16784.914|9289.646 -16802.928|9284.445 -16803.295|9246.375 -16784.569|9236.511 -16804.851
116 140 MAHOGANY ST SE,9236.490 -16817.194|9243.285 -16819.285|9249.954 -16821.742|9256.476 -16824.566|9262.837 -16827.735|9269.017 -16831.260|9274.994 -16835.108|9280.747 -16839.289|9286.270 -16843.770|9292.855 -16843.647|9297.699 -16839.255|9302.697 -16835.041|9307.835 -16831.004|9313.120 -16827.146|9318.531 -16823.488|9324.067 -16820.018|9329.729 -16816.749|9335.497 -16813.680|9316.266 -16784.914|9289.646 -16802.928|9284.445 -16803.295|9246.375 -16784.569|9236.511 -16804.851
117 140 MAHOGANY ST SE,9236.490 -16817.194|9243.285 -16819.285|9249.954 -16821.742|9256.476 -16824.566|9262.837 -16827.735|9269.017 -16831.260|9274.994 -16835.108|9280.747 -16839.289|9286.270 -16843.770|9292.855 -16843.647|9297.699 -16839.255|9302.697 -16835.041|9307.835 -16831.004|9313.120 -16827.146|9318.531 -16823.488|9324.067 -16820.018|9329.729 -16816.749|9335.497 -16813.680|9316.266 -16784.914|9289.646 -16802.928|9284.445 -16803.295|9246.375 -16784.569|9236.511 -16804.851
118 140 MAHOGANY ST SE,9236.490 -16817.194|9243.285 -16819.285|9249.954 -16821.742|9256.476 -16824.566|9262.837 -16827.735|9269.017 -16831.260|9274.994 -16835.108|9280.747 -16839.289|9286.270 -16843.770|9292.855 -16843.647|9297.699 -16839.255|9302.697 -16835.041|9307.835 -16831.004|9313.120 -16827.146|9318.531 -16823.488|9324.067 -16820.018|9329.729 -16816.749|9335.497 -16813.680|9316.266 -16784.914|9289.646 -16802.928|9284.445 -16803.295|9246.375 -16784.569|9236.511 -16804.851
119 140 MAHOGANY ST SE,9236.490 -16817.194|9243.285 -16819.285|9249.954 -16821.742|9256.476 -16824.566|9262.837 -16827.735|9269.017 -16831.260|9274.994 -16835.108|9280.747 -16839.289|9286.270 -16843.770|9292.855 -16843.647|9297.699 -16839.255|9302.697 -16835.041|9307.835 -16831.004|9313.120 -16827.146|9318.531 -16823.488|9324.067 -16820.018|9329.729 -16816.749|9335.497 -16813.680|9316.266 -16784.914|9289.646 -16802.928|9284.445 -16803.295|9246.375 -16784.569|9236.511 -16804.851
120 140 MAHOGANY ST SE,9236.490 -16817.194|9243.285 -16819.285|9249.954 -16821.742|9256.476 -16824.566|9262.837 -16827.735|9269.017 -16831.260|9274.994 -16835.108|9280.747 -16839.289|9286.270 -16843.770|9292.855 -16843.647|9297.699 -16839.255|9302.697 -16835.041|9307.835 -16831.004|9313.120 -16827.146|9318.531 -16823.488|9324.067 -16820.018|9329.729 -16816.749|9335.497 -16813.680|9316.266 -16784.914|9289.646 -16802.928|9284.445 -16803.295|9246.375 -16784.569|9236.511 -16804.851
201 140 MAHOGANY ST SE,9236.490 -16817.194|9243.285 -16819.285|9249.954 -16821.742|9256.476 -16824.566|9262.837 -16827.735|9269.017 -16831.260|9274.994 -16835.108|9280.747 -16839.289|9286.270 -16843.770|9292.855 -16843.647|9297.699 -16839.255|9302.697 -16835.041|9307.835 -16831.004|9313.120 -16827.146|9318.531 -16823.488|9324.067 -16820.018|9329.729 -16816.749|9335.497 -16813.680|9316.266 -16784.914|9289.646 -16802.928|9284.445 -16803.295|9246.375 -16784.569|9236.511 -16804.851
202 140 MAHOGANY ST SE,9236.490 -16817.194|9243.285 -16819.285|9249.954 -16821.742|9256.476 -16824.566|9262.837 -16827.735|9269.017 -16831.260|9274.994 -16835.108|9280.747 -16839.289|9286.270 -16843.770|9292.855 -16843.647|9297.699 -16839.255|9302.697 -16835.041|9307.835 -16831.004|9313.120 -16827.146|9318.531 -16823.488|9324.067 -16820.018|9329.729 -16816.749|9335.497 -16813.680|9316.266 -16784.914|9289.646 -16802.928|9284.445 -16803.295|9246.375 -16784.569|9236.511 -16804.851
203 140 MAHOGANY ST SE,9236.490 -16817.194|9243.285 -16819.285|9249.954 -16821.742|9256.476 -16824.566|9262.837 -16827.735|9269.017 -16831.260|9274.994 -16835.108|9280.747 -16839.289|9286.270 -16843.770|9292.855 -16843.647|9297.699 -16839.255|9302.697 -16835.041|9307.835 -16831.004|9313.120 -16827.146|9318.531 -16823.488|9324.067 -16820.018|9329.729 -16816.749|9335.497 -16813.680|9316.266 -16784.914|9289.646 -16802.928|9284.445 -16803.295|9246.375 -16784.569|9236.511 -16804.851
204 140 MAHOGANY ST SE,9236.490 -16817.194|9243.285 -16819.285|9249.954 -16821.742|9256.476 -16824.566|9262.837 -16827.735|9269.017 -16831.260|9274.994 -16835.108|9280.747 -16839.289|9286.270 -16843.770|9292.855 -16843.647|9297.699 -16839.255|9302.697 -16835.041|9307.835 -16831.004|9313.120 -16827.146|9318.531 -16823.488|9324.067 -16820.018|9329.729 -16816.749|9335.497 -16813.680|9316.266 -16784.914|9289.646 -16802.928|9284.445 -16803.295|9246.375 -16784.569|9236.511 -16804.851
205 140 MAHOGANY ST SE,9236.490 -16817.194|9243.285 -16819.285|9249.954 -16821.742|9256.476 -16824.566|9262.837 -16827.735|9269.017 -16831.260|9274.994 -16835.108|9280.747 -16839.289|9286.270 -16843.770|9292.855 -16843.647|9297.699 -16839.255|9302.697 -16835.041|9307.835 -16831.004|9313.120 -16827.146|9318.531 -16823.488|9324.067 -16820.018|9329.729 -16816.749|9335.497 -16813.680|9316.266 -16784.914|9289.646 -16802.928|9284.445 -16803.295|9246.375 -16784.569|9236.511 -16804.851
206 140 MAHOGANY ST SE,9236.490 -16817.194|9243.285 -16819.285|9249.954 -16821.742|9256.476 -16824.566|9262.837 -16827.735|9269.017 -16831.260|9274.994 -16835.108|9280.747 -16839.289|9286.270 -16843.770|9292.855 -16843.647|9297.699 -16839.255|9302.697 -16835.041|9307.835 -16831.004|9313.120 -16827.146|9318.531 -16823.488|9324.067 -16820.018|9329.729 -16816.749|9335.497 -16813.680|9316.266 -16784.914|9289.646 -16802.928|9284.445 -16803.295|9246.375 -16784.569|9236.511 -16804.851
207 140 MAHOGANY ST SE,9236.490 -16817.194|9243.285 -16819.285|9249.954 -16821.742|9256.476 -16824.566|9262.837 -16827.735|9269.017 -16831.260|9274.994 -16835.108|9280.747 -16839.289|9286.270 -16843.770|9292.855 -16843.647|9297.699 -16839.255|9302.697 -16835.041|9307.835 -16831.004|9313.120 -16827.146|9318.531 -16823.488|9324.067 -16820.018|9329.729 -16816.749|9335.497 -16813.680|9316.266 -16784.914|9289.646 -16802.928|9284.445 -16803.295|9246.375 -16784.569|9236.511 -16804.851
208 140 MAHOGANY ST SE,9236.490 -16817.194|9243.285 -16819.285|9249.954 -16821.742|9256.476 -16824.566|9262.837 -16827.735|9269.017 -16831.260|9274.994 -16835.108|9280.747 -16839.289|9286.270 -16843.770|9292.855 -16843.647|9297.699 -16839.255|9302.697 -16835.041|9307.835 -16831.004|9313.120 -16827.146|9318.531 -16823.488|9324.067 -16820.018|9329.729 -16816.749|9335.497 -16813.680|9316.266 -16784.914|9289.646 -16802.928|9284.445 -16803.295|9246.375 -16784.569|9236.511 -16804.851
209 140 MAHOGANY ST SE,9236.490 -16817.194|9243.285 -16819.285|9249.954 -16821.742|9256.476 -16824.566|9262.837 -16827.735|9269.017 -16831.260|9274.994 -16835.108|9280.747 -16839.289|9286.270 -16843.770|9292.855 -16843.647|9297.699 -16839.255|9302.697 -16835.041|9307.835 -16831.004|9313.120 -16827.146|9318.531 -16823.488|9324.067 -16820.018|9329.729 -16816.749|9335.497 -16813.680|9316.266 -16784.914|9289.646 -16802.928|9284.445 -16803.295|9246.375 -16784.569|9236.511 -16804.851
210 140 MAHOGANY ST SE,9236.490 -16817.194|9243.285 -16819.285|9249.954 -16821.742|9256.476 -16824.566|9262.837 -16827.735|9269.017 -16831.260|9274.994 -16835.108|9280.747 -16839.289|9286.270 -16843.770|9292.855 -16843.647|9297.699 -16839.255|9302.697 -16835.041|9307.835 -16831.004|9313.120 -16827.146|9318.531 -16823.488|9324.067 -16820.018|9329.729 -16816.749|9335.497 -16813.680|9316.266 -16784.914|9289.646 -16802.928|9284.445 -16803.295|9246.375 -16784.569|9236.511 -16804.851
211 140 MAHOGANY ST SE,9236.490 -16817.194|9243.285 -16819.285|9249.954 -16821.742|9256.476 -16824.566|9262.837 -16827.735|9269.017 -16831.260|9274.994 -16835.108|9280.747 -16839.289|9286.270 -16843.770|9292.855 -16843.647|9297.699 -16839.255|9302.697 -16835.041|9307.835 -16831.004|9313.120 -16827.146|9318.531 -16823.488|9324.067 -16820.018|9329.729 -16816.749|9335.497 -16813.680|9316.266 -16784.914|9289.646 -16802.928|9284.445 -16803.295|9246.375 -16784.569|9236.511 -16804.851
212 140 MAHOGANY ST SE,9236.490 -16817.194|9243.285 -16819.285|9249.954 -16821.742|9256.476 -16824.566|9262.837 -16827.735|9269.017 -16831.260|9274.994 -16835.108|9280.747 -16839.289|9286.270 -16843.770|9292.855 -16843.647|9297.699 -16839.255|9302.697 -16835.041|9307.835 -16831.004|9313.120 -16827.146|9318.531 -16823.488|9324.067 -16820.018|9329.729 -16816.749|9335.497 -16813.680|9316.266 -16784.914|9289.646 -16802.928|9284.445 -16803.295|9246.375 -16784.569|9236.511 -16804.851
213 140 MAHOGANY ST SE,9236.490 -16817.194|9243.285 -16819.285|9249.954 -16821.742|9256.476 -16824.566|9262.837 -16827.735|9269.017 -16831.260|9274.994 -16835.108|9280.747 -16839.289|9286.270 -16843.770|9292.855 -16843.647|9297.699 -16839.255|9302.697 -16835.041|9307.835 -16831.004|9313.120 -16827.146|9318.531 -16823.488|9324.067 -16820.018|9329.729 -16816.749|9335.497 -16813.680|9316.266 -16784.914|9289.646 -16802.928|9284.445 -16803.295|9246.375 -16784.569|9236.511 -16804.851
214 140 MAHOGANY ST SE,9236.490 -16817.194|9243.285 -16819.285|9249.954 -16821.742|9256.476 -16824.566|9262.837 -16827.735|9269.017 -16831.260|9274.994 -16835.108|9280.747 -16839.289|9286.270 -16843.770|9292.855 -16843.647|9297.699 -16839.255|9302.697 -16835.041|9307.835 -16831.004|9313.120 -16827.146|9318.531 -16823.488|9324.067 -16820.018|9329.729 -16816.749|9335.497 -16813.680|9316.266 -16784.914|9289.646 -16802.928|9284.445 -16803.295|9246.375 -16784.569|9236.511 -16804.851
215 140 MAHOGANY ST SE,9236.490 -16817.194|9243.285 -16819.285|9249.954 -16821.742|9256.476 -16824.566|9262.837 -16827.735|9269.017 -16831.260|9274.994 -16835.108|9280.747 -16839.289|9286.270 -16843.770|9292.855 -16843.647|9297.699 -16839.255|9302.697 -16835.041|9307.835 -16831.004|9313.120 -16827.146|9318.531 -16823.488|9324.067 -16820.018|9329.729 -16816.749|9335.497 -16813.680|9316.266 -16784.914|9289.646 -16802.928|9284.445 -16803.295|9246.375 -16784.569|9236.511 -16804.851
216 140 MAHOGANY ST SE,9236.490 -16817.194|9243.285 -16819.285|9249.954 -16821.742|9256.476 -16824.566|9262.837 -16827.735|9269.017 -16831.260|9274.994 -16835.108|9280.747 -16839.289|9286.270 -16843.770|9292.855 -16843.647|9297.699 -16839.255|9302.697 -16835.041|9307.835 -16831.004|9313.120 -16827.146|9318.531 -16823.488|9324.067 -16820.018|9329.729 -16816.749|9335.497 -16813.680|9316.266 -16784.914|9289.646 -16802.928|9284.445 -16803.295|9246.375 -16784.569|9236.511 -16804.851
217 140 MAHOGANY ST SE,9236.490 -16817.194|9243.285 -16819.285|9249.954 -16821.742|9256.476 -16824.566|9262.837 -16827.735|9269.017 -16831.260|9274.994 -16835.108|9280.747 -16839.289|9286.270 -16843.770|9292.855 -16843.647|9297.699 -16839.255|9302.697 -16835.041|9307.835 -16831.004|9313.120 -16827.146|9318.531 -16823.488|9324.067 -16820.018|9329.729 -16816.749|9335.497 -16813.680|9316.266 -16784.914|9289.646 -16802.928|9284.445 -16803.295|9246.375 -16784.569|9236.511 -16804.851
218 140 MAHOGANY ST SE,9236.490 -16817.194|9243.285 -16819.285|9249.954 -16821.742|9256.476 -16824.566|9262.837 -16827.735|9269.017 -16831.260|9274.994 -16835.108|9280.747 -16839.289|9286.270 -16843.770|9292.855 -16843.647|9297.699 -16839.255|9302.697 -16835.041|9307.835 -16831.004|9313.120 -16827.146|9318.531 -16823.488|9324.067 -16820.018|9329.729 -16816.749|9335.497 -16813.680|9316.266 -16784.914|9289.646 -16802.928|9284.445 -16803.295|9246.375 -16784.569|9236.511 -16804.851
301 140 MAHOGANY ST SE,9236.490 -16817.194|9243.285 -16819.285|9249.954 -16821.742|9256.476 -16824.566|9262.837 -16827.735|9269.017 -16831.260|9274.994 -16835.108|9280.747 -16839.289|9286.270 -16843.770|9292.855 -16843.647|9297.699 -16839.255|9302.697 -16835.041|9307.835 -16831.004|9313.120 -16827.146|9318.531 -16823.488|9324.067 -16820.018|9329.729 -16816.749|9335.497 -16813.680|9316.266 -16784.914|9289.646 -16802.928|9284.445 -16803.295|9246.375 -16784.569|9236.511 -16804.851
302 140 MAHOGANY ST SE,9236.490 -16817.194|9243.285 -16819.285|9249.954 -16821.742|9256.476 -16824.566|9262.837 -16827.735|9269.017 -16831.260|9274.994 -16835.108|9280.747 -16839.289|9286.270 -16843.770|9292.855 -16843.647|9297.699 -16839.255|9302.697 -16835.041|9307.835 -16831.004|9313.120 -16827.146|9318.531 -16823.488|9324.067 -16820.018|9329.729 -16816.749|9335.497 -16813.680|9316.266 -16784.914|9289.646 -16802.928|9284.445 -16803.295|9246.375 -16784.569|9236.511 -16804.851
303 140 MAHOGANY ST SE,9236.490 -16817.194|9243.285 -16819.285|9249.954 -16821.742|9256.476 -16824.566|9262.837 -16827.735|9269.017 -16831.260|9274.994 -16835.108|9280.747 -16839.289|9286.270 -16843.770|9292.855 -16843.647|9297.699 -16839.255|9302.697 -16835.041|9307.835 -16831.004|9313.120 -16827.146|9318.531 -16823.488|9324.067 -16820.018|9329.729 -16816.749|9335.497 -16813.680|9316.266 -16784.914|9289.646 -16802.928|9284.445 -16803.295|9246.375 -16784.569|9236.511 -16804.851
304 140 MAHOGANY ST SE,9236.490 -16817.194|9243.285 -16819.285|9249.954 -16821.742|9256.476 -16824.566|9262.837 -16827.735|9269.017 -16831.260|9274.994 -16835.108|9280.747 -16839.289|9286.270 -16843.770|9292.855 -16843.647|9297.699 -16839.255|9302.697 -16835.041|9307.835 -16831.004|9313.120 -16827.146|9318.531 -16823.488|9324.067 -16820.018|9329.729 -16816.749|9335.497 -16813.680|9316.266 -16784.914|9289.646 -16802.928|9284.445 -16803.295|9246.375 -16784.569|9236.511 -16804.851
305 140 MAHOGANY ST SE,9236.490 -16817.194|9243.285 -16819.285|9249.954 -16821.742|9256.476 -16824.566|9262.837 -16827.735|9269.017 -16831.260|9274.994 -16835.108|9280.747 -16839.289|9286.270 -16843.770|9292.855 -16843.647|9297.699 -16839.255|9302.697 -16835.041|9307.835 -16831.004|9313.120 -16827.146|9318.531 -16823.488|9324.067 -16820.018|9329.729 -16816.749|9335.497 -16813.680|9316.266 -16784.914|9289.646 -16802.928|9284.445 -16803.295|9246.375 -16784.569|9236.511 -16804.851
306 140 MAHOGANY ST SE,9236.490 -16817.194|9243.285 -16819.285|9249.954 -16821.742|9256.476 -16824.566|9262.837 -16827.735|9269.017 -16831.260|9274.994 -16835.108|9280.747 -16839.289|9286.270 -16843.770|9292.855 -16843.647|9297.699 -16839.255|9302.697 -16835.041|9307.835 -16831.004|9313.120 -16827.146|9318.531 -16823.488|9324.067 -16820.018|9329.729 -16816.749|9335.497 -16813.680|9316.266 -16784.914|9289.646 -16802.928|9284.445 -16803.295|9246.375 -16784.569|9236.511 -16804.851
307 140 MAHOGANY ST SE,9236.490 -16817.194|9243.285 -16819.285|9249.954 -16821.742|9256.476 -16824.566|9262.837 -16827.735|9269.017 -16831.260|9274.994 -16835.108|9280.747 -16839.289|9286.270 -16843.770|9292.855 -16843.647|9297.699 -16839.255|9302.697 -16835.041|9307.835 -16831.004|9313.120 -16827.146|9318.531 -16823.488|9324.067 -16820.018|9329.729 -16816.749|9335.497 -16813.680|9316.266 -16784.914|9289.646 -16802.928|9284.445 -16803.295|9246.375 -16784.569|9236.511 -16804.851
308 140 MAHOGANY ST SE,9236.490 -16817.194|9243.285 -16819.285|9249.954 -16821.742|9256.476 -16824.566|9262.837 -16827.735|9269.017 -16831.260|9274.994 -16835.108|9280.747 -16839.289|9286.270 -16843.770|9292.855 -16843.647|9297.699 -16839.255|9302.697 -16835.041|9307.835 -16831.004|9313.120 -16827.146|9318.531 -16823.488|9324.067 -16820.018|9329.729 -16816.749|9335.497 -16813.680|9316.266 -16784.914|9289.646 -16802.928|9284.445 -16803.295|9246.375 -16784.569|9236.511 -16804.851
309 140 MAHOGANY ST SE,9236.490 -16817.194|9243.285 -16819.285|9249.954 -16821.742|9256.476 -16824.566|9262.837 -16827.735|9269.017 -16831.260|9274.994 -16835.108|9280.747 -16839.289|9286.270 -16843.770|9292.855 -16843.647|9297.699 -16839.255|9302.697 -16835.041|9307.835 -16831.004|9313.120 -16827.146|9318.531 -16823.488|9324.067 -16820.018|9329.729 -16816.749|9335.497 -16813.680|9316.266 -16784.914|9289.646 -16802.928|9284.445 -16803.295|9246.375 -16784.569|9236.511 -16804.851
310 140 MAHOGANY ST SE,9236.490 -16817.194|9243.285 -16819.285|9249.954 -16821.742|9256.476 -16824.566|9262.837 -16827.735|9269.017 -16831.260|9274.994 -16835.108|9280.747 -16839.289|9286.270 -16843.770|9292.855 -16843.647|9297.699 -16839.255|9302.697 -16835.041|9307.835 -16831.004|9313.120 -16827.146|9318.531 -16823.488|9324.067 -16820.018|9329.729 -16816.749|9335.497 -16813.680|9316.266 -16784.914|9289.646 -16802.928|9284.445 -16803.295|9246.375 -16784.569|9236.511 -16804.851
311 140 MAHOGANY ST SE,9236.490 -16817.194|9243.285 -16819.285|9249.954 -16821.742|9256.476 -16824.566|9262.837 -16827.735|9269.017 -16831.260|9274.994 -16835.108|9280.747 -16839.289|9286.270 -16843.770|9292.855 -16843.647|9297.699 -16839.255|9302.697 -16835.041|9307.835 -16831.004|9313.120 -16827.146|9318.531 -16823.488|9324.067 -16820.018|9329.729 -16816.749|9335.497 -16813.680|9316.266 -16784.914|9289.646 -16802.928|9284.445 -16803.295|9246.375 -16784.569|9236.511 -16804.851
312 140 MAHOGANY ST SE,9236.490 -16817.194|9243.285 -16819.285|9249.954 -16821.742|9256.476 -16824.566|9262.837 -16827.735|9269.017 -16831.260|9274.994 -16835.108|9280.747 -16839.289|9286.270 -16843.770|9292.855 -16843.647|9297.699 -16839.255|9302.697 -16835.041|9307.835 -16831.004|9313.120 -16827.146|9318.531 -16823.488|9324.067 -16820.018|9329.729 -16816.749|9335.497 -16813.680|9316.266 -16784.914|9289.646 -16802.928|9284.445 -16803.295|9246.375 -16784.569|9236.511 -16804.851
313 140 MAHOGANY ST SE,9236.490 -16817.194|9243.285 -16819.285|9249.954 -16821.742|9256.476 -16824.566|9262.837 -16827.735|9269.017 -16831.260|9274.994 -16835.108|9280.747 -16839.289|9286.270 -16843.770|9292.855 -16843.647|9297.699 -16839.255|9302.697 -16835.041|9307.835 -16831.004|9313.120 -16827.146|9318.531 -16823.488|9324.067 -16820.018|9329.729 -16816.749|9335.497 -16813.680|9316.266 -16784.914|9289.646 -16802.928|9284.445 -16803.295|9246.375 -16784.569|9236.511 -16804.851
314 140 MAHOGANY ST SE,9236.490 -16817.194|9243.285 -16819.285|9249.954 -16821.742|9256.476 -16824.566|9262.837 -16827.735|9269.017 -16831.260|9274.994 -16835.108|9280.747 -16839.289|9286.270 -16843.770|9292.855 -16843.647|9297.699 -16839.255|9302.697 -16835.041|9307.835 -16831.004|9313.120 -16827.146|9318.531 -16823.488|9324.067 -16820.018|9329.729 -16816.749|9335.497 -16813.680|9316.266 -16784.914|9289.646 -16802.928|9284.445 -16803.295|9246.375 -16784.569|9236.511 -16804.851
315 140 MAHOGANY ST SE,9236.490 -16817.194|9243.285 -16819.285|9249.954 -16821.742|9256.476 -16824.566|9262.837 -16827.735|9269.017 -16831.260|9274.994 -16835.108|9280.747 -16839.289|9286.270 -16843.770|9292.855 -16843.647|9297.699 -16839.255|9302.697 -16835.041|9307.835 -16831.004|9313.120 -16827.146|9318.531 -16823.488|9324.067 -16820.018|9329.729 -16816.749|9335.497 -16813.680|9316.266 -16784.914|9289.646 -16802.928|9284.445 -16803.295|9246.375 -16784.569|9236.511 -16804.851
316 140 MAHOGANY ST SE,9236.490 -16817.194|9243.285 -16819.285|9249.954 -16821.742|9256.476 -16824.566|9262.837 -16827.735|9269.017 -16831.260|9274.994 -16835.108|9280.747 -16839.289|9286.270 -16843.770|9292.855 -16843.647|9297.699 -16839.255|9302.697 -16835.041|9307.835 -16831.004|9313.120 -16827.146|9318.531 -16823.488|9324.067 -16820.018|9329.729 -16816.749|9335.497 -16813.680|9316.266 -16784.914|9289.646 -16802.928|9284.445 -16803.295|9246.375 -16784.569|9236.511 -16804.851
317 140 MAHOGANY ST SE,9236.490 -16817.194|9243.285 -16819.285|9249.954 -16821.742|9256.476 -16824.566|9262.837 -16827.735|9269.017 -16831.260|9274.994 -16835.108|9280.747 -16839.289|9286.270 -16843.770|9292.855 -16843.647|9297.699 -16839.255|9302.697 -16835.041|9307.835 -16831.004|9313.120 -16827.146|9318.531 -16823.488|9324.067 -16820.018|9329.729 -16816.749|9335.497 -16813.680|9316.266 -16784.914|9289.646 -16802.928|9284.445 -16803.295|9246.375 -16784.569|9236.511 -16804.851
318 140 MAHOGANY ST SE,9236.490 -16817.194|9243.285 -16819.285|9249.954 -16821.742|9256.476 -16824.566|9262.837 -16827.735|9269.017 -16831.260|9274.994 -16835.108|9280.747 -16839.289|9286.270 -16843.770|9292.855 -16843.647|9297.699 -16839.255|9302.697 -16835.041|9307.835 -16831.004|9313.120 -16827.146|9318.531 -16823.488|9324.067 -16820.018|9329.729 -16816.749|9335.497 -16813.680|9316.266 -16784.914|9289.646 -16802.928|9284.445 -16803.295|9246.375 -16784.569|9236.511 -16804.851
401 140 MAHOGANY ST SE,9236.490 -16817.194|9243.285 -16819.285|9249.954 -16821.742|9256.476 -16824.566|9262.837 -16827.735|9269.017 -16831.260|9274.994 -16835.108|9280.747 -16839.289|9286.270 -16843.770|9292.855 -16843.647|9297.699 -16839.255|9302.697 -16835.041|9307.835 -16831.004|9313.120 -16827.146|9318.531 -16823.488|9324.067 -16820.018|9329.729 -16816.749|9335.497 -16813.680|9316.266 -16784.914|9289.646 -16802.928|9284.445 -16803.295|9246.375 -16784.569|9236.511 -16804.851
402 140 MAHOGANY ST SE,9236.490 -16817.194|9243.285 -16819.285|9249.954 -16821.742|9256.476 -16824.566|9262.837 -16827.735|9269.017 -16831.260|9274.994 -16835.108|9280.747 -16839.289|9286.270 -16843.770|9292.855 -16843.647|9297.699 -16839.255|9302.697 -16835.041|9307.835 -16831.004|9313.120 -16827.146|9318.531 -16823.488|9324.067 -16820.018|9329.729 -16816.749|9335.497 -16813.680|9316.266 -16784.914|9289.646 -16802.928|9284.445 -16803.295|9246.375 -16784.569|9236.511 -16804.851
403 140 MAHOGANY ST SE,9236.490 -16817.194|9243.285 -16819.285|9249.954 -16821.742|9256.476 -16824.566|9262.837 -16827.735|9269.017 -16831.260|9274.994 -16835.108|9280.747 -16839.289|9286.270 -16843.770|9292.855 -16843.647|9297.699 -16839.255|9302.697 -16835.041|9307.835 -16831.004|9313.120 -16827.146|9318.531 -16823.488|9324.067 -16820.018|9329.729 -16816.749|9335.497 -16813.680|9316.266 -16784.914|9289.646 -16802.928|9284.445 -16803.295|9246.375 -16784.569|9236.511 -16804.851
404 140 MAHOGANY ST SE,9236.490 -16817.194|9243.285 -16819.285|9249.954 -16821.742|9256.476 -16824.566|9262.837 -16827.735|9269.017 -16831.260|9274.994 -16835.108|9280.747 -16839.289|9286.270 -16843.770|9292.855 -16843.647|9297.699 -16839.255|9302.697 -16835.041|9307.835 -16831.004|9313.120 -16827.146|9318.531 -16823.488|9324.067 -16820.018|9329.729 -16816.749|9335.497 -16813.680|9316.266 -16784.914|9289.646 -16802.928|9284.445 -16803.295|9246.375 -16784.569|9236.511 -16804.851
405 140 MAHOGANY ST SE,9236.490 -16817.194|9243.285 -16819.285|9249.954 -16821.742|9256.476 -16824.566|9262.837 -16827.735|9269.017 -16831.260|9274.994 -16835.108|9280.747 -16839.289|9286.270 -16843.770|9292.855 -16843.647|9297.699 -16839.255|9302.697 -16835.041|9307.835 -16831.004|9313.120 -16827.146|9318.531 -16823.488|9324.067 -16820.018|9329.729 -16816.749|9335.497 -16813.680|9316.266 -16784.914|9289.646 -16802.928|9284.445 -16803.295|9246.375 -16784.569|9236.511 -16804.851
406 140 MAHOGANY ST SE,9236.490 -16817.194|9243.285 -16819.285|9249.954 -16821.742|9256.476 -16824.566|9262.837 -16827.735|9269.017 -16831.260|9274.994 -16835.108|9280.747 -16839.289|9286.270 -16843.770|9292.855 -16843.647|9297.699 -16839.255|9302.697 -16835.041|9307.835 -16831.004|9313.120 -16827.146|9318.531 -16823.488|9324.067 -16820.018|9329.729 -16816.749|9335.497 -16813.680|9316.266 -16784.914|9289.646 -16802.928|9284.445 -16803.295|9246.375 -16784.569|9236.511 -16804.851
407 140 MAHOGANY ST SE,9236.490 -16817.194|9243.285 -16819.285|9249.954 -16821.742|9256.476 -16824.566|9262.837 -16827.735|9269.017 -16831.260|9274.994 -16835.108|9280.747 -16839.289|9286.270 -16843.770|9292.855 -16843.647|9297.699 -16839.255|9302.697 -16835.041|9307.835 -16831.004|9313.120 -16827.146|9318.531 -16823.488|9324.067 -16820.018|9329.729 -16816.749|9335.497 -16813.680|9316.266 -16784.914|9289.646 -16802.928|9284.445 -16803.295|9246.375 -16784.569|9236.511 -16804.851
408 140 MAHOGANY ST SE,9236.490 -16817.194|9243.285 -16819.285|9249.954 -16821.742|9256.476 -16824.566|9262.837 -16827.735|9269.017 -16831.260|9274.994 -16835.108|9280.747 -16839.289|9286.270 -16843.770|9292.855 -16843.647|9297.699 -16839.255|9302.697 -16835.041|9307.835 -16831.004|9313.120 -16827.146|9318.531 -16823.488|9324.067 -16820.018|9329.729 -16816.749|9335.497 -16813.680|9316.266 -16784.914|9289.646 -16802.928|9284.445 -16803.295|9246.375 -16784.569|9236.511 -16804.851
409 140 MAHOGANY ST SE,9236.490 -16817.194|9243.285 -16819.285|9249.954 -16821.742|9256.476 -16824.566|9262.837 -16827.735|9269.017 -16831.260|9274.994 -16835.108|9280.747 -16839.289|9286.270 -16843.770|9292.855 -16843.647|9297.699 -16839.255|9302.697 -16835.041|9307.835 -16831.004|9313.120 -16827.146|9318.531 -16823.488|9324.067 -16820.018|9329.729 -16816.749|9335.497 -16813.680|9316.266 -16784.914|9289.646 -16802.928|9284.445 -16803.295|9246.375 -16784.569|9236.511 -16804.851
410 140 MAHOGANY ST SE,9236.490 -16817.194|9243.285 -16819.285|9249.954 -16821.742|9256.476 -16824.566|9262.837 -16827.735|9269.017 -16831.260|9274.994 -16835.108|9280.747 -16839.289|9286.270 -16843.770|9292.855 -16843.647|9297.699 -16839.255|9302.697 -16835.041|9307.835 -16831.004|9313.120 -16827.146|9318.531 -16823.488|9324.067 -16820.018|9329.729 -16816.749|9335.497 -16813.680|9316.266 -16784.914|9289.646 -16802.928|9284.445 -16803.295|9246.375 -16784.569|9236.511 -16804.851
411 140 MAHOGANY ST SE,9236.490 -16817.194|9243.285 -16819.285|9249.954 -16821.742|9256.476 -16824.566|9262.837 -16827.735|9269.017 -16831.260|9274.994 -16835.108|9280.747 -16839.289|9286.270 -16843.770|9292.855 -16843.647|9297.699 -16839.255|9302.697 -16835.041|9307.835 -16831.004|9313.120 -16827.146|9318.531 -16823.488|9324.067 -16820.018|9329.729 -16816.749|9335.497 -16813.680|9316.266 -16784.914|9289.646 -16802.928|9284.445 -16803.295|9246.375 -16784.569|9236.511 -16804.851
412 140 MAHOGANY ST SE,9236.490 -16817.194|9243.285 -16819.285|9249.954 -16821.742|9256.476 -16824.566|9262.837 -16827.735|9269.017 -16831.260|9274.994 -16835.108|9280.747 -16839.289|9286.270 -16843.770|9292.855 -16843.647|9297.699 -16839.255|9302.697 -16835.041|9307.835 -16831.004|9313.120 -16827.146|9318.531 -16823.488|9324.067 -16820.018|9329.729 -16816.749|9335.497 -16813.680|9316.266 -16784.914|9289.646 -16802.928|9284.445 -16803.295|9246.375 -16784.569|9236.511 -16804.851
413 140 MAHOGANY ST SE,9236.490 -16817.194|9243.285 -16819.285|9249.954 -16821.742|9256.476 -16824.566|9262.837 -16827.735|9269.017 -16831.260|9274.994 -16835.108|9280.747 -16839.289|9286.270 -16843.770|9292.855 -16843.647|9297.699 -16839.255|9302.697 -16835.041|9307.835 -16831.004|9313.120 -16827.146|9318.531 -16823.488|9324.067 -16820.018|9329.729 -16816.749|9335.497 -16813.680|9316.266 -16784.914|9289.646 -16802.928|9284.445 -16803.295|9246.375 -16784.569|9236.511 -16804.851
414 140 MAHOGANY ST SE,9236.490 -16817.194|9243.285 -16819.285|9249.954 -16821.742|9256.476 -16824.566|9262.837 -16827.735|9269.017 -16831.260|9274.994 -16835.108|9280.747 -16839.289|9286.270 -16843.770|9292.855 -16843.647|9297.699 -16839.255|9302.697 -16835.041|9307.835 -16831.004|9313.120 -16827.146|9318.531 -16823.488|9324.067 -16820.018|9329.729 -16816.749|9335.497 -16813.680|9316.266 -16784.914|9289.646 -16802.928|9284.445 -16803.295|9246.375 -16784.569|9236.511 -16804.851
415 140 MAHOGANY ST SE,9236.490 -16817.194|9243.285 -16819.285|9249.954 -16821.742|9256.476 -16824.566|9262.837 -16827.735|9269.017 -16831.260|9274.994 -16835.108|9280.747 -16839.289|9286.270 -16843.770|9292.855 -16843.647|9297.699 -16839.255|9302.697 -16835.041|9307.835 -16831.004|9313.120 -16827.146|9318.531 -16823.488|9324.067 -16820.018|9329.729 -16816.749|9335.497 -16813.680|9316.266 -16784.914|9289.646 -16802.928|9284.445 -16803.295|9246.375 -16784.569|9236.511 -16804.851
416 140 MAHOGANY ST SE,9236.490 -16817.194|9243.285 -16819.285|9249.954 -16821.742|9256.476 -16824.566|9262.837 -16827.735|9269.017 -16831.260|9274.994 -16835.108|9280.747 -16839.289|9286.270 -16843.770|9292.855 -16843.647|9297.699 -16839.255|9302.697 -16835.041|9307.835 -16831.004|9313.120 -16827.146|9318.531 -16823.488|9324.067 -16820.018|9329.729 -16816.749|9335.497 -16813.680|9316.266 -16784.914|9289.646 -16802.928|9284.445 -16803.295|9246.375 -16784.569|9236.511 -16804.851
417 140 MAHOGANY ST SE,9236.490 -16817.194|9243.285 -16819.285|9249.954 -16821.742|9256.476 -16824.566|9262.837 -16827.735|9269.017 -16831.260|9274.994 -16835.108|9280.747 -16839.289|9286.270 -16843.770|9292.855 -16843.647|9297.699 -16839.255|9302.697 -16835.041|9307.835 -16831.004|9313.120 -16827.146|9318.531 -16823.488|9324.067 -16820.018|9329.729 -16816.749|9335.497 -16813.680|9316.266 -16784.914|9289.646 -16802.928|9284.445 -16803.295|9246.375 -16784.569|9236.511 -16804.851
418 140 MAHOGANY ST SE,9236.490 -16817.194|9243.285 -16819.285|9249.954 -16821.742|9256.476 -16824.566|9262.837 -16827.735|9269.017 -16831.260|9274.994 -16835.108|9280.747 -16839.289|9286.270 -16843.770|9292.855 -16843.647|9297.699 -16839.255|9302.697 -16835.041|9307.835 -16831.004|9313.120 -16827.146|9318.531 -16823.488|9324.067 -16820.018|9329.729 -16816.749|9335.497 -16813.680|9316.266 -16784.914|9289.646 -16802.928|9284.445 -16803.295|9246.375 -16784.569|9236.511 -16804.851
530V 140 MAHOGANY ST SE,9236.490 -16817.194|9243.285 -16819.285|9249.954 -16821.742|9256.476 -16824.566|9262.837 -16827.735|9269.017 -16831.260|9274.994 -16835.108|9280.747 -16839.289|9286.270 -16843.770|9292.855 -16843.647|9297.699 -16839.255|9302.697 -16835.041|9307.835 -16831.004|9313.120 -16827.146|9318.531 -16823.488|9324.067 -16820.018|9329.729 -16816.749|9335.497 -16813.680|9316.266 -16784.914|9289.646 -16802.928|9284.445 -16803.295|9246.375 -16784.569|9236.511 -16804.851
531V 140 MAHOGANY ST SE,9236.490 -16817.194|9243.285 -16819.285|9249.954 -16821.742|9256.476 -16824.566|9262.837 -16827.735|9269.017 -16831.260|9274.994 -16835.108|9280.747 -16839.289|9286.270 -16843.770|9292.855 -16843.647|9297.699 -16839.255|9302.697 -16835.041|9307.835 -16831.004|9313.120 -16827.146|9318.531 -16823.488|9324.067 -16820.018|9329.729 -16816.749|9335.497 -16813.680|9316.266 -16784.914|9289.646 -16802.928|9284.445 -16803.295|9246.375 -16784.569|9236.511 -16804.851
532V 140 MAHOGANY ST SE,9236.490 -16817.194|9243.285 -16819.285|9249.954 -16821.742|9256.476 -16824.566|9262.837 -16827.735|9269.017 -16831.260|9274.994 -16835.108|9280.747 -16839.289|9286.270 -16843.770|9292.855 -16843.647|9297.699 -16839.255|9302.697 -16835.041|9307.835 -16831.004|9313.120 -16827.146|9318.531 -16823.488|9324.067 -16820.018|9329.729 -16816.749|9335.497 -16813.680|9316.266 -16784.914|9289.646 -16802.928|9284.445 -16803.295|9246.375 -16784.569|9236.511 -16804.851
533V 140 MAHOGANY ST SE,9236.490 -16817.194|9243.285 -16819.285|9249.954 -16821.742|9256.476 -16824.566|9262.837 -16827.735|9269.017 -16831.260|9274.994 -16835.108|9280.747 -16839.289|9286.270 -16843.770|9292.855 -16843.647|9297.699 -16839.255|9302.697 -16835.041|9307.835 -16831.004|9313.120 -16827.146|9318.531 -16823.488|9324.067 -16820.018|9329.729 -16816.749|9335.497 -16813.680|9316.266 -16784.914|9289.646 -16802.928|9284.445 -16803.295|9246.375 -16784.569|9236.511 -16804.851
534V 140 MAHOGANY ST SE,9236.490 -16817.194|9243.285 -16819.285|9249.954 -16821.742|9256.476 -16824.566|9262.837 -16827.735|9269.017 -16831.260|9274.994 -16835.108|9280.747 -16839.289|9286.270 -16843.770|9292.855 -16843.647|9297.699 -16839.255|9302.697 -16835.041|9307.835 -16831.004|9313.120 -16827.146|9318.531 -16823.488|9324.067 -16820.018|9329.729 -16816.749|9335.497 -16813.680|9316.266 -16784.914|9289.646 -16802.928|9284.445 -16803.295|9246.375 -16784.569|9236.511 -16804.851
535V 140 MAHOGANY ST SE,9236.490 -16817.194|9243.285 -16819.285|9249.954 -16821.742|9256.476 -16824.566|9262.837 -16827.735|9269.017 -16831.260|9274.994 -16835.108|9280.747 -16839.289|9286.270 -16843.770|9292.855 -16843.647|9297.699 -16839.255|9302.697 -16835.041|9307.835 -16831.004|9313.120 -16827.146|9318.531 -16823.488|9324.067 -16820.018|9329.729 -16816.749|9335.497 -16813.680|9316.266 -16784.914|9289.646 -16802.928|9284.445 -16803.295|9246.375 -16784.569|9236.511 -16804.851
536V 140 MAHOGANY ST SE,9236.490 -16817.194|9243.285 -16819.285|9249.954 -16821.742|9256.476 -16824.566|9262.837 -16827.735|9269.017 -16831.260|9274.994 -16835.108|9280.747 -16839.289|9286.270 -16843.770|9292.855 -16843.647|9297.699 -16839.255|9302.697 -16835.041|9307.835 -16831.004|9313.120 -16827.146|9318.531 -16823.488|9324.067 -16820.018|9329.729 -16816.749|9335.497 -16813.680|9316.266 -16784.914|9289.646 -16802.928|9284.445 -16803.295|9246.375 -16784.569|9236.511 -16804.851
537V 140 MAHOGANY ST SE,9236.490 -16817.194|9243.285 -16819.285|9249.954 -16821.742|9256.476 -16824.566|9262.837 -16827.735|9269.017 -16831.260|9274.994 -16835.108|9280.747 -16839.289|9286.270 -16843.770|9292.855 -16843.647|9297.699 -16839.255|9302.697 -16835.041|9307.835 -16831.004|9313.120 -16827.146|9318.531 -16823.488|9324.067 -16820.018|9329.729 -16816.749|9335.497 -16813.680|9316.266 -16784.914|9289.646 -16802.928|9284.445 -16803.295|9246.375 -16784.569|9236.511 -16804.851
538V 140 MAHOGANY ST SE,9236.490 -16817.194|9243.285 -16819.285|9249.954 -16821.742|9256.476 -16824.566|9262.837 -16827.735|9269.017 -16831.260|9274.994 -16835.108|9280.747 -16839.289|9286.270 -16843.770|9292.855 -16843.647|9297.699 -16839.255|9302.697 -16835.041|9307.835 -16831.004|9313.120 -16827.146|9318.531 -16823.488|9324.067 -16820.018|9329.729 -16816.749|9335.497 -16813.680|9316.266 -16784.914|9289.646 -16802.928|9284.445 -16803.295|9246.375 -16784.569|9236.511 -16804.851
539V 140 MAHOGANY ST SE,9236.490 -16817.194|9243.285 -16819.285|9249.954 -16821.742|9256.476 -16824.566|9262.837 -16827.735|9269.017 -16831.260|9274.994 -16835.108|9280.747 -16839.289|9286.270 -16843.770|9292.855 -16843.647|9297.699 -16839.255|9302.697 -16835.041|9307.835 -16831.004|9313.120 -16827.146|9318.531 -16823.488|9324.067 -16820.018|9329.729 -16816.749|9335.497 -16813.680|9316.266 -16784.914|9289.646 -16802.928|9284.445 -16803.295|9246.375 -16784.569|9236.511 -16804.851
540V 140 MAHOGANY ST SE,9236.490 -16817.194|9243.285 -16819.285|9249.954 -16821.742|9256.476 -16824.566|9262.837 -16827.735|9269.017 -16831.260|9274.994 -16835.108|9280.747 -16839.289|9286.270 -16843.770|9292.855 -16843.647|9297.699 -16839.255|9302.697 -16835.041|9307.835 -16831.004|9313.120 -16827.146|9318.531 -16823.488|9324.067 -16820.018|9329.729 -16816.749|9335.497 -16813.680|9316.266 -16784.914|9289.646 -16802.928|9284.445 -16803.295|9246.375 -16784.569|9236.511 -16804.851
541V 140 MAHOGANY ST SE,9236.490 -16817.194|9243.285 -16819.285|9249.954 -16821.742|9256.476 -16824.566|9262.837 -16827.735|9269.017 -16831.260|9274.994 -16835.108|9280.747 -16839.289|9286.270 -16843.770|9292.855 -16843.647|9297.699 -16839.255|9302.697 -16835.041|9307.835 -16831.004|9313.120 -16827.146|9318.531 -16823.488|9324.067 -16820.018|9329.729 -16816.749|9335.497 -16813.680|9316.266 -16784.914|9289.646 -16802.928|9284.445 -16803.295|9246.375 -16784.569|9236.511 -16804.851
542V 140 MAHOGANY ST SE,9236.490 -16817.194|9243.285 -16819.285|9249.954 -16821.742|9256.476 -16824.566|9262.837 -16827.735|9269.017 -16831.260|9274.994 -16835.108|9280.747 -16839.289|9286.270 -16843.770|9292.855 -16843.647|9297.699 -16839.255|9302.697 -16835.041|9307.835 -16831.004|9313.120 -16827.146|9318.531 -16823.488|9324.067 -16820.018|9329.729 -16816.749|9335.497 -16813.680|9316.266 -16784.914|9289.646 -16802.928|9284.445 -16803.295|9246.375 -16784.569|9236.511 -16804.851
543V 140 MAHOGANY ST SE,9236.490 -16817.194|9243.285 -16819.285|9249.954 -16821.742|9256.476 -16824.566|9262.837 -16827.735|9269.017 -16831.260|9274.994 -16835.108|9280.747 -16839.289|9286.270 -16843.770|9292.855 -16843.647|9297.699 -16839.255|9302.697 -16835.041|9307.835 -16831.004|9313.120 -16827.146|9318.531 -16823.488|9324.067 -16820.018|9329.729 -16816.749|9335.497 -16813.680|9316.266 -16784.914|9289.646 -16802.928|9284.445 -16803.295|9246.375 -16784.569|9236.511 -16804.851
544V 140 MAHOGANY ST SE,9236.490 -16817.194|9243.285 -16819.285|9249.954 -16821.742|9256.476 -16824.566|9262.837 -16827.735|9269.017 -16831.260|9274.994 -16835.108|9280.747 -16839.289|9286.270 -16843.770|9292.855 -16843.647|9297.699 -16839.255|9302.697 -16835.041|9307.835 -16831.004|9313.120 -16827.146|9318.531 -16823.488|9324.067 -16820.018|9329.729 -16816.749|9335.497 -16813.680|9316.266 -16784.914|9289.646 -16802.928|9284.445 -16803.295|9246.375 -16784.569|9236.511 -16804.851
545V 140 MAHOGANY ST SE,9236.490 -16817.194|9243.285 -16819.285|9249.954 -16821.742|9256.476 -16824.566|9262.837 -16827.735|9269.017 -16831.260|9274.994 -16835.108|9280.747 -16839.289|9286.270 -16843.770|9292.855 -16843.647|9297.699 -16839.255|9302.697 -16835.041|9307.835 -16831.004|9313.120 -16827.146|9318.531 -16823.488|9324.067 -16820.018|9329.729 -16816.749|9335.497 -16813.680|9316.266 -16784.914|9289.646 -16802.928|9284.445 -16803.295|9246.375 -16784.569|9236.511 -16804.851
546V 140 MAHOGANY ST SE,9236.490 -16817.194|9243.285 -16819.285|9249.954 -16821.742|9256.476 -16824.566|9262.837 -16827.735|9269.017 -16831.260|9274.994 -16835.108|9280.747 -16839.289|9286.270 -16843.770|9292.855 -16843.647|9297.699 -16839.255|9302.697 -16835.041|9307.835 -16831.004|9313.120 -16827.146|9318.531 -16823.488|9324.067 -16820.018|9329.729 -16816.749|9335.497 -16813.680|9316.266 -16784.914|9289.646 -16802.928|9284.445 -16803.295|9246.375 -16784.569|9236.511 -16804.851
547V 140 MAHOGANY ST SE,9236.490 -16817.194|9243.285 -16819.285|9249.954 -16821.742|9256.476 -16824.566|9262.837 -16827.735|9269.017 -16831.260|9274.994 -16835.108|9280.747 -16839.289|9286.270 -16843.770|9292.855 -16843.647|9297.699 -16839.255|9302.697 -16835.041|9307.835 -16831.004|9313.120 -16827.146|9318.531 -16823.488|9324.067 -16820.018|9329.729 -16816.749|9335.497 -16813.680|9316.266 -16784.914|9289.646 -16802.928|9284.445 -16803.295|9246.375 -16784.569|9236.511 -16804.851
548V 140 MAHOGANY ST SE,9236.490 -16817.194|9243.285 -16819.285|9249.954 -16821.742|9256.476 -16824.566|9262.837 -16827.735|9269.017 -16831.260|9274.994 -16835.108|9280.747 -16839.289|9286.270 -16843.770|9292.855 -16843.647|9297.699 -16839.255|9302.697 -16835.041|9307.835 -16831.004|9313.120 -16827.146|9318.531 -16823.488|9324.067 -16820.018|9329.729 -16816.749|9335.497 -16813.680|9316.266 -16784.914|9289.646 -16802.928|9284.445 -16803.295|9246.375 -16784.569|9236.511 -16804.851
549V 140 MAHOGANY ST SE,9236.490 -16817.194|9243.285 -16819.285|9249.954 -16821.742|9256.476 -16824.566|9262.837 -16827.735|9269.017 -16831.260|9274.994 -16835.108|9280.747 -16839.289|9286.270 -16843.770|9292.855 -16843.647|9297.699 -16839.255|9302.697 -16835.041|9307.835 -16831.004|9313.120 -16827.146|9318.531 -16823.488|9324.067 -16820.018|9329.729 -16816.749|9335.497 -16813.680|9316.266 -16784.914|9289.646 -16802.928|9284.445 -16803.295|9246.375 -16784.569|9236.511 -16804.851
550V 140 MAHOGANY ST SE,9236.490 -16817.194|9243.285 -16819.285|9249.954 -16821.742|9256.476 -16824.566|9262.837 -16827.735|9269.017 -16831.260|9274.994 -16835.108|9280.747 -16839.289|9286.270 -16843.770|9292.855 -16843.647|9297.699 -16839.255|9302.697 -16835.041|9307.835 -16831.004|9313.120 -16827.146|9318.531 -16823.488|9324.067 -16820.018|9329.729 -16816.749|9335.497 -16813.680|9316.266 -16784.914|9289.646 -16802.928|9284.445 -16803.295|9246.375 -16784.569|9236.511 -16804.851
551V 140 MAHOGANY ST SE,9236.490 -16817.194|9243.285 -16819.285|9249.954 -16821.742|9256.476 -16824.566|9262.837 -16827.735|9269.017 -16831.260|9274.994 -16835.108|9280.747 -16839.289|9286.270 -16843.770|9292.855 -16843.647|9297.699 -16839.255|9302.697 -16835.041|9307.835 -16831.004|9313.120 -16827.146|9318.531 -16823.488|9324.067 -16820.018|9329.729 -16816.749|9335.497 -16813.680|9316.266 -16784.914|9289.646 -16802.928|9284.445 -16803.295|9246.375 -16784.569|9236.511 -16804.851
552V 140 MAHOGANY ST SE,9236.490 -16817.194|9243.285 -16819.285|9249.954 -16821.742|9256.476 -16824.566|9262.837 -16827.735|9269.017 -16831.260|9274.994 -16835.108|9280.747 -16839.289|9286.270 -16843.770|9292.855 -16843.647|9297.699 -16839.255|9302.697 -16835.041|9307.835 -16831.004|9313.120 -16827.146|9318.531 -16823.488|9324.067 -16820.018|9329.729 -16816.749|9335.497 -16813.680|9316.266 -16784.914|9289.646 -16802.928|9284.445 -16803.295|9246.375 -16784.569|9236.511 -16804.851
553V 140 MAHOGANY ST SE,9236.490 -16817.194|9243.285 -16819.285|9249.954 -16821.742|9256.476 -16824.566|9262.837 -16827.735|9269.017 -16831.260|9274.994 -16835.108|9280.747 -16839.289|9286.270 -16843.770|9292.855 -16843.647|9297.699 -16839.255|9302.697 -16835.041|9307.835 -16831.004|9313.120 -16827.146|9318.531 -16823.488|9324.067 -16820.018|9329.729 -16816.749|9335.497 -16813.680|9316.266 -16784.914|9289.646 -16802.928|9284.445 -16803.295|9246.375 -16784.569|9236.511 -16804.851
554V 140 MAHOGANY ST SE,9236.490 -16817.194|9243.285 -16819.285|9249.954 -16821.742|9256.476 -16824.566|9262.837 -16827.735|9269.017 -16831.260|9274.994 -16835.108|9280.747 -16839.289|9286.270 -16843.770|9292.855 -16843.647|9297.699 -16839.255|9302.697 -16835.041|9307.835 -16831.004|9313.120 -16827.146|9318.531 -16823.488|9324.067 -16820.018|9329.729 -16816.749|9335.497 -16813.680|9316.266 -16784.914|9289.646 -16802.928|9284.445 -16803.295|9246.375 -16784.569|9236.511 -16804.851
555V 140 MAHOGANY ST SE,9236.490 -16817.194|9243.285 -16819.285|9249.954 -16821.742|9256.476 -16824.566|9262.837 -16827.735|9269.017 -16831.260|9274.994 -16835.108|9280.747 -16839.289|9286.270 -16843.770|9292.855 -16843.647|9297.699 -16839.255|9302.697 -16835.041|9307.835 -16831.004|9313.120 -16827.146|9318.531 -16823.488|9324.067 -16820.018|9329.729 -16816.749|9335.497 -16813.680|9316.266 -16784.914|9289.646 -16802.928|9284.445 -16803.295|9246.375 -16784.569|9236.511 -16804.851
556V 140 MAHOGANY ST SE,9236.490 -16817.194|9243.285 -16819.285|9249.954 -16821.742|9256.476 -16824.566|9262.837 -16827.735|9269.017 -16831.260|9274.994 -16835.108|9280.747 -16839.289|9286.270 -16843.770|9292.855 -16843.647|9297.699 -16839.255|9302.697 -16835.041|9307.835 -16831.004|9313.120 -16827.146|9318.531 -16823.488|9324.067 -16820.018|9329.729 -16816.749|9335.497 -16813.680|9316.266 -16784.914|9289.646 -16802.928|9284.445 -16803.295|9246.375 -16784.569|9236.511 -16804.851
557V 140 MAHOGANY ST SE,9236.490 -16817.194|9243.285 -16819.285|9249.954 -16821.742|9256.476 -16824.566|9262.837 -16827.735|9269.017 -16831.260|9274.994 -16835.108|9280.747 -16839.289|9286.270 -16843.770|9292.855 -16843.647|9297.699 -16839.255|9302.697 -16835.041|9307.835 -16831.004|9313.120 -16827.146|9318.531 -16823.488|9324.067 -16820.018|9329.729 -16816.749|9335.497 -16813.680|9316.266 -16784.914|9289.646 -16802.928|9284.445 -16803.295|9246.375 -16784.569|9236.511 -16804.851
558V 140 MAHOGANY ST SE,9236.490 -16817.194|9243.285 -16819.285|9249.954 -16821.742|9256.476 -16824.566|9262.837 -16827.735|9269.017 -16831.260|9274.994 -16835.108|9280.747 -16839.289|9286.270 -16843.770|9292.855 -16843.647|9297.699 -16839.255|9302.697 -16835.041|9307.835 -16831.004|9313.120 -16827.146|9318.531 -16823.488|9324.067 -16820.018|9329.729 -16816.749|9335.497 -16813.680|9316.266 -16784.914|9289.646 -16802.928|9284.445 -16803.295|9246.375 -16784.569|9236.511 -16804.851
559V 140 MAHOGANY ST SE,9236.490 -16817.194|9243.285 -16819.285|9249.954 -16821.742|9256.476 -16824.566|9262.837 -16827.735|9269.017 -16831.260|9274.994 -16835.108|9280.747 -16839.289|9286.270 -16843.770|9292.855 -16843.647|9297.699 -16839.255|9302.697 -16835.041|9307.835 -16831.004|9313.120 -16827.146|9318.531 -16823.488|9324.067 -16820.018|9329.729 -16816.749|9335.497 -16813.680|9316.266 -16784.914|9289.646 -16802.928|9284.445 -16803.295|9246.375 -16784.569|9236.511 -16804.851
560V 140 MAHOGANY ST SE,9236.490 -16817.194|9243.285 -16819.285|9249.954 -16821.742|9256.476 -16824.566|9262.837 -16827.735|9269.017 -16831.260|9274.994 -16835.108|9280.747 -16839.289|9286.270 -16843.770|9292.855 -16843.647|9297.699 -16839.255|9302.697 -16835.041|9307.835 -16831.004|9313.120 -16827.146|9318.531 -16823.488|9324.067 -16820.018|9329.729 -16816.749|9335.497 -16813.680|9316.266 -16784.914|9289.646 -16802.928|9284.445 -16803.295|9246.375 -16784.569|9236.511 -16804.851
561V 140 MAHOGANY ST SE,9236.490 -16817.194|9243.285 -16819.285|9249.954 -16821.742|9256.476 -16824.566|9262.837 -16827.735|9269.017 -16831.260|9274.994 -16835.108|9280.747 -16839.289|9286.270 -16843.770|9292.855 -16843.647|9297.699 -16839.255|9302.697 -16835.041|9307.835 -16831.004|9313.120 -16827.146|9318.531 -16823.488|9324.067 -16820.018|9329.729 -16816.749|9335.497 -16813.680|9316.266 -16784.914|9289.646 -16802.928|9284.445 -16803.295|9246.375 -16784.569|9236.511 -16804.851
562V 140 MAHOGANY ST SE,9236.490 -16817.194|9243.285 -16819.285|9249.954 -16821.742|9256.476 -16824.566|9262.837 -16827.735|9269.017 -16831.260|9274.994 -16835.108|9280.747 -16839.289|9286.270 -16843.770|9292.855 -16843.647|9297.699 -16839.255|9302.697 -16835.041|9307.835 -16831.004|9313.120 -16827.146|9318.531 -16823.488|9324.067 -16820.018|9329.729 -16816.749|9335.497 -16813.680|9316.266 -16784.914|9289.646 -16802.928|9284.445 -16803.295|9246.375 -16784.569|9236.511 -16804.851
563V 140 MAHOGANY ST SE,9236.490 -16817.194|9243.285 -16819.285|9249.954 -16821.742|9256.476 -16824.566|9262.837 -16827.735|9269.017 -16831.260|9274.994 -16835.108|9280.747 -16839.289|9286.270 -16843.770|9292.855 -16843.647|9297.699 -16839.255|9302.697 -16835.041|9307.835 -16831.004|9313.120 -16827.146|9318.531 -16823.488|9324.067 -16820.018|9329.729 -16816.749|9335.497 -16813.680|9316.266 -16784.914|9289.646 -16802.928|9284.445 -16803.295|9246.375 -16784.569|9236.511 -16804.851
564V 140 MAHOGANY ST SE,9236.490 -16817.194|9243.285 -16819.285|9249.954 -16821.742|9256.476 -16824.566|9262.837 -16827.735|9269.017 -16831.260|9274.994 -16835.108|9280.747 -16839.289|9286.270 -16843.770|9292.855 -16843.647|9297.699 -16839.255|9302.697 -16835.041|9307.835 -16831.004|9313.120 -16827.146|9318.531 -16823.488|9324.067 -16820.018|9329.729 -16816.749|9335.497 -16813.680|9316.266 -16784.914|9289.646 -16802.928|9284.445 -16803.295|9246.375 -16784.569|9236.511 -16804.851
565V 140 MAHOGANY ST SE,9236.490 -16817.194|9243.285 -16819.285|9249.954 -16821.742|9256.476 -16824.566|9262.837 -16827.735|9269.017 -16831.260|9274.994 -16835.108|9280.747 -16839.289|9286.270 -16843.770|9292.855 -16843.647|9297.699 -16839.255|9302.697 -16835.041|9307.835 -16831.004|9313.120 -16827.146|9318.531 -16823.488|9324.067 -16820.018|9329.729 -16816.749|9335.497 -16813.680|9316.266 -16784.914|9289.646 -16802.928|9284.445 -16803.295|9246.375 -16784.569|9236.511 -16804.851
566V 140 MAHOGANY ST SE,9236.490 -16817.194|9243.285 -16819.285|9249.954 -16821.742|9256.476 -16824.566|9262.837 -16827.735|9269.017 -16831.260|9274.994 -16835.108|9280.747 -16839.289|9286.270 -16843.770|9292.855 -16843.647|9297.699 -16839.255|9302.697 -16835.041|9307.835 -16831.004|9313.120 -16827.146|9318.531 -16823.488|9324.067 -16820.018|9329.729 -16816.749|9335.497 -16813.680|9316.266 -16784.914|9289.646 -16802.928|9284.445 -16803.295|9246.375 -16784.569|9236.511 -16804.851
567V 140 MAHOGANY ST SE,9236.490 -16817.194|9243.285 -16819.285|9249.954 -16821.742|9256.476 -16824.566|9262.837 -16827.735|9269.017 -16831.260|9274.994 -16835.108|9280.747 -16839.289|9286.270 -16843.770|9292.855 -16843.647|9297.699 -16839.255|9302.697 -16835.041|9307.835 -16831.004|9313.120 -16827.146|9318.531 -16823.488|9324.067 -16820.018|9329.729 -16816.749|9335.497 -16813.680|9316.266 -16784.914|9289.646 -16802.928|9284.445 -16803.295|9246.375 -16784.569|9236.511 -16804.851
568V 140 MAHOGANY ST SE,9236.490 -16817.194|9243.285 -16819.285|9249.954 -16821.742|9256.476 -16824.566|9262.837 -16827.735|9269.017 -16831.260|9274.994 -16835.108|9280.747 -16839.289|9286.270 -16843.770|9292.855 -16843.647|9297.699 -16839.255|9302.697 -16835.041|9307.835 -16831.004|9313.120 -16827.146|9318.531 -16823.488|9324.067 -16820.018|9329.729 -16816.749|9335.497 -16813.680|9316.266 -16784.914|9289.646 -16802.928|9284.445 -16803.295|9246.375 -16784.569|9236.511 -16804.851
569V 140 MAHOGANY ST SE,9236.490 -16817.194|9243.285 -16819.285|9249.954 -16821.742|9256.476 -16824.566|9262.837 -16827.735|9269.017 -16831.260|9274.994 -16835.108|9280.747 -16839.289|9286.270 -16843.770|9292.855 -16843.647|9297.699 -16839.255|9302.697 -16835.041|9307.835 -16831.004|9313.120 -16827.146|9318.531 -16823.488|9324.067 -16820.018|9329.729 -16816.749|9335.497 -16813.680|9316.266 -16784.914|9289.646 -16802.928|9284.445 -16803.295|9246.375 -16784.569|9236.511 -16804.851
570V 140 MAHOGANY ST SE,9236.490 -16817.194|9243.285 -16819.285|9249.954 -16821.742|9256.476 -16824.566|9262.837 -16827.735|9269.017 -16831.260|9274.994 -16835.108|9280.747 -16839.289|9286.270 -16843.770|9292.855 -16843.647|9297.699 -16839.255|9302.697 -16835.041|9307.835 -16831.004|9313.120 -16827.146|9318.531 -16823.488|9324.067 -16820.018|9329.729 -16816.749|9335.497 -16813.680|9316.266 -16784.914|9289.646 -16802.928|9284.445 -16803.295|9246.375 -16784.569|9236.511 -16804.851
571V 140 MAHOGANY ST SE,9236.490 -16817.194|9243.285 -16819.285|9249.954 -16821.742|9256.476 -16824.566|9262.837 -16827.735|9269.017 -16831.260|9274.994 -16835.108|9280.747 -16839.289|9286.270 -16843.770|9292.855 -16843.647|9297.699 -16839.255|9302.697 -16835.041|9307.835 -16831.004|9313.120 -16827.146|9318.531 -16823.488|9324.067 -16820.018|9329.729 -16816.749|9335.497 -16813.680|9316.266 -16784.914|9289.646 -16802.928|9284.445 -16803.295|9246.375 -16784.569|9236.511 -16804.851
572V 140 MAHOGANY ST SE,9236.490 -16817.194|9243.285 -16819.285|9249.954 -16821.742|9256.476 -16824.566|9262.837 -16827.735|9269.017 -16831.260|9274.994 -16835.108|9280.747 -16839.289|9286.270 -16843.770|9292.855 -16843.647|9297.699 -16839.255|9302.697 -16835.041|9307.835 -16831.004|9313.120 -16827.146|9318.531 -16823.488|9324.067 -16820.018|9329.729 -16816.749|9335.497 -16813.680|9316.266 -16784.914|9289.646 -16802.928|9284.445 -16803.295|9246.375 -16784.569|9236.511 -16804.851
573V 140 MAHOGANY ST SE,9236.490 -16817.194|9243.285 -16819.285|9249.954 -16821.742|9256.476 -16824.566|9262.837 -16827.735|9269.017 -16831.260|9274.994 -16835.108|9280.747 -16839.289|9286.270 -16843.770|9292.855 -16843.647|9297.699 -16839.255|9302.697 -16835.041|9307.835 -16831.004|9313.120 -16827.146|9318.531 -16823.488|9324.067 -16820.018|9329.729 -16816.749|9335.497 -16813.680|9316.266 -16784.914|9289.646 -16802.928|9284.445 -16803.295|9246.375 -16784.569|9236.511 -16804.851
574V 140 MAHOGANY ST SE,9236.490 -16817.194|9243.285 -16819.285|9249.954 -16821.742|9256.476 -16824.566|9262.837 -16827.735|9269.017 -16831.260|9274.994 -16835.108|9280.747 -16839.289|9286.270 -16843.770|9292.855 -16843.647|9297.699 -16839.255|9302.697 -16835.041|9307.835 -16831.004|9313.120 -16827.146|9318.531 -16823.488|9324.067 -16820.018|9329.729 -16816.749|9335.497 -16813.680|9316.266 -16784.914|9289.646 -16802.928|9284.445 -16803.295|9246.375 -16784.569|9236.511 -16804.851
575V 140 MAHOGANY ST SE,9236.490 -16817.194|9243.285 -16819.285|9249.954 -16821.742|9256.476 -16824.566|9262.837 -16827.735|9269.017 -16831.260|9274.994 -16835.108|9280.747 -16839.289|9286.270 -16843.770|9292.855 -16843.647|9297.699 -16839.255|9302.697 -16835.041|9307.835 -16831.004|9313.120 -16827.146|9318.531 -16823.488|9324.067 -16820.018|9329.729 -16816.749|9335.497 -16813.680|9316.266 -16784.914|9289.646 -16802.928|9284.445 -16803.295|9246.375 -16784.569|9236.511 -16804.851
576V 140 MAHOGANY ST SE,9236.490 -16817.194|9243.285 -16819.285|9249.954 -16821.742|9256.476 -16824.566|9262.837 -16827.735|9269.017 -16831.260|9274.994 -16835.108|9280.747 -16839.289|9286.270 -16843.770|9292.855 -16843.647|9297.699 -16839.255|9302.697 -16835.041|9307.835 -16831.004|9313.120 -16827.146|9318.531 -16823.488|9324.067 -16820.018|9329.729 -16816.749|9335.497 -16813.680|9316.266 -16784.914|9289.646 -16802.928|9284.445 -16803.295|9246.375 -16784.569|9236.511 -16804.851
577V 140 MAHOGANY ST SE,9236.490 -16817.194|9243.285 -16819.285|9249.954 -16821.742|9256.476 -16824.566|9262.837 -16827.735|9269.017 -16831.260|9274.994 -16835.108|9280.747 -16839.289|9286.270 -16843.770|9292.855 -16843.647|9297.699 -16839.255|9302.697 -16835.041|9307.835 -16831.004|9313.120 -16827.146|9318.531 -16823.488|9324.067 -16820.018|9329.729 -16816.749|9335.497 -16813.680|9316.266 -16784.914|9289.646 -16802.928|9284.445 -16803.295|9246.375 -16784.569|9236.511 -16804.851
578V 140 MAHOGANY ST SE,9236.490 -16817.194|9243.285 -16819.285|9249.954 -16821.742|9256.476 -16824.566|9262.837 -16827.735|9269.017 -16831.260|9274.994 -16835.108|9280.747 -16839.289|9286.270 -16843.770|9292.855 -16843.647|9297.699 -16839.255|9302.697 -16835.041|9307.835 -16831.004|9313.120 -16827.146|9318.531 -16823.488|9324.067 -16820.018|9329.729 -16816.749|9335.497 -16813.680|9316.266 -16784.914|9289.646 -16802.928|9284.445 -16803.295|9246.375 -16784.569|9236.511 -16804.851
579V 140 MAHOGANY ST SE,9236.490 -16817.194|9243.285 -16819.285|9249.954 -16821.742|9256.476 -16824.566|9262.837 -16827.735|9269.017 -16831.260|9274.994 -16835.108|9280.747 -16839.289|9286.270 -16843.770|9292.855 -16843.647|9297.699 -16839.255|9302.697 -16835.041|9307.835 -16831.004|9313.120 -16827.146|9318.531 -16823.488|9324.067 -16820.018|9329.729 -16816.749|9335.497 -16813.680|9316.266 -16784.914|9289.646 -16802.928|9284.445 -16803.295|9246.375 -16784.569|9236.511 -16804.851
580V 140 MAHOGANY ST SE,9236.490 -16817.194|9243.285 -16819.285|9249.954 -16821.742|9256.476 -16824.566|9262.837 -16827.735|9269.017 -16831.260|9274.994 -16835.108|9280.747 -16839.289|9286.270 -16843.770|9292.855 -16843.647|9297.699 -16839.255|9302.697 -16835.041|9307.835 -16831.004|9313.120 -16827.146|9318.531 -16823.488|9324.067 -16820.018|9329.729 -16816.749|9335.497 -16813.680|9316.266 -16784.914|9289.646 -16802.928|9284.445 -16803.295|9246.375 -16784.569|9236.511 -16804.851
581V 140 MAHOGANY ST SE,9236.490 -16817.194|9243.285 -16819.285|9249.954 -16821.742|9256.476 -16824.566|9262.837 -16827.735|9269.017 -16831.260|9274.994 -16835.108|9280.747 -16839.289|9286.270 -16843.770|9292.855 -16843.647|9297.699 -16839.255|9302.697 -16835.041|9307.835 -16831.004|9313.120 -16827.146|9318.531 -16823.488|9324.067 -16820.018|9329.729 -16816.749|9335.497 -16813.680|9316.266 -16784.914|9289.646 -16802.928|9284.445 -16803.295|9246.375 -16784.569|9236.511 -16804.851
582V 140 MAHOGANY ST SE,9236.490 -16817.194|9243.285 -16819.285|9249.954 -16821.742|9256.476 -16824.566|9262.837 -16827.735|9269.017 -16831.260|9274.994 -16835.108|9280.747 -16839.289|9286.270 -16843.770|9292.855 -16843.647|9297.699 -16839.255|9302.697 -16835.041|9307.835 -16831.004|9313.120 -16827.146|9318.531 -16823.488|9324.067 -16820.018|9329.729 -16816.749|9335.497 -16813.680|9316.266 -16784.914|9289.646 -16802.928|9284.445 -16803.295|9246.375 -16784.569|9236.511 -16804.851
583V 140 MAHOGANY ST SE,9236.490 -16817.194|9243.285 -16819.285|9249.954 -16821.742|9256.476 -16824.566|9262.837 -16827.735|9269.017 -16831.260|9274.994 -16835.108|9280.747 -16839.289|9286.270 -16843.770|9292.855 -16843.647|9297.699 -16839.255|9302.697 -16835.041|9307.835 -16831.004|9313.120 -16827.146|9318.531 -16823.488|9324.067 -16820.018|9329.729 -16816.749|9335.497 -16813.680|9316.266 -16784.914|9289.646 -16802.928|9284.445 -16803.295|9246.375 -16784.569|9236.511 -16804.851
