ADDRESS,POINTS
235 COPPERPOND CM SE,9725.355 -13662.094|9730.179 -13658.736|9719.316 -13642.924|9718.113 -13643.769|9715.646 -13640.177|9712.018 -13642.701
255 COPPERPOND CM SE,9743.090 -13649.762|9746.620 -13647.305|9733.262 -13627.890|9729.731 -13630.347
267 COPPERPOND CM SE,9753.681 -13642.401|9757.225 -13639.944|9743.866 -13620.507|9740.322 -13622.975
211 COPPERPOND CM SE,9702.105 -13676.593|9703.566 -13676.215|9704.985 -13675.704|9706.362 -13675.081|9707.676 -13674.347|9694.353 -13654.988|9691.836 -13656.745|9691.284 -13657.223|9690.787 -13657.757|9690.340 -13658.346|9689.963 -13658.969
247 COPPERPOND CM SE,9734.730 -13655.578|9739.560 -13652.220|9726.201 -13632.794|9721.378 -13636.152
251 COPPERPOND CM SE,9739.560 -13652.220|9743.090 -13649.762|9729.731 -13630.347|9726.201 -13632.794
271 COPPERPOND CM SE,9757.225 -13639.944|9759.001 -13638.698|9760.476 -13637.553|9761.825 -13636.263|9749.242 -13617.938|9748.312 -13618.083|9747.410 -13618.338|9746.558 -13618.716|9745.754 -13619.195|9743.866 -13620.507
259 COPPERPOND CM SE,9746.620 -13647.305|9750.151 -13644.858|9736.792 -13625.433|9733.262 -13627.890
223 COPPERPOND CM SE,9714.765 -13669.455|9718.295 -13666.997|9704.957 -13647.616|9701.427 -13650.073
263 COPPERPOND CM SE,9750.151 -13644.858|9753.681 -13642.401|9740.322 -13622.975|9736.792 -13625.433
227 COPPERPOND CM SE,9718.295 -13666.997|9721.825 -13664.551|9708.487 -13645.159|9704.957 -13647.616
231 COPPERPOND CM SE,9721.825 -13664.551|9725.355 -13662.094|9712.018 -13642.701|9708.487 -13645.159
215 COPPERPOND CM SE,9707.676 -13674.347|9708.494 -13673.814|9711.235 -13671.912|9697.897 -13652.531|9694.353 -13654.988
219 COPPERPOND CM SE,9711.235 -13671.912|9714.765 -13669.455|9701.427 -13650.073|9697.897 -13652.531
3 COPPERPOND LD SE,9877.028 -13765.349|9878.202 -13767.006|9880.991 -13771.087|9885.892 -13772.032|9887.262 -13772.299|9892.099 -13768.907|9905.074 -13759.901|9898.454 -13750.405
7 COPPERPOND LD SE,9873.581 -13760.334|9877.028 -13765.349|9898.454 -13750.405|9894.965 -13745.412
11 COPPERPOND LD SE,9870.121 -13755.331|9873.581 -13760.334|9894.965 -13745.412|9891.477 -13740.419
15 COPPERPOND LD SE,9866.661 -13750.327|9870.121 -13755.331|9891.477 -13740.419|9887.989 -13735.427
19 COPPERPOND LD SE,9862.348 -13744.089|9866.661 -13750.327|9887.989 -13735.427|9883.648 -13729.211
21 COPPERPOND LD SE,9858.042 -13737.873|9862.348 -13744.089|9883.648 -13729.211|9879.314 -13723.006
25 COPPERPOND LD SE,9854.581 -13732.869|9858.042 -13737.873|9879.314 -13723.006|9875.825 -13718.025
29 COPPERPOND LD SE,9851.121 -13727.865|9854.581 -13732.869|9875.825 -13718.025|9872.337 -13713.032
33 COPPERPOND LD SE,9868.856 -13708.039|9847.661 -13722.862|9851.121 -13727.865|9872.337 -13713.032
37 COPPERPOND LD SE,9842.495 -13715.423|9847.661 -13722.862|9868.856 -13708.039|9868.227 -13707.150|9867.486 -13706.216|9866.626 -13705.382|9865.668 -13704.681|9864.620 -13704.092|9863.515 -13703.658|9862.355 -13703.358|9861.173 -13703.225|9859.978 -13703.236
461 COPPERPOND LD SE,9885.906 -13719.492|9891.505 -13715.489|9893.316 -13714.466|9880.397 -13691.382|9878.363 -13692.528|9877.615 -13693.028|9876.916 -13693.606|9876.273 -13694.240|9875.707 -13694.941|9875.210 -13695.708|9874.798 -13696.508|9874.469 -13697.354|9874.225 -13698.221|9874.071 -13699.110|9874.008 -13700.011|9874.036 -13700.923|9874.162 -13701.812|9874.371 -13702.702|9874.672 -13703.547|9875.056 -13704.370|9875.525 -13705.148
457 COPPERPOND LD SE,9893.316 -13714.466|9898.600 -13711.475|9885.682 -13688.391|9880.397 -13691.382
453 COPPERPOND LD SE,9898.600 -13711.475|9903.885 -13708.484|9890.967 -13685.400|9885.682 -13688.391
449 COPPERPOND LD SE,9903.885 -13708.484|9909.170 -13705.504|9896.252 -13682.409|9890.967 -13685.400
445 COPPERPOND LD SE,9907.422 -13686.823|9899.292 -13680.685|9896.252 -13682.409|9909.170 -13705.504|9921.417 -13698.577|9909.813 -13690.248
441 COPPERPOND LD SE,9921.417 -13698.577|9929.988 -13693.729|9933.658 -13691.638|9902.005 -13678.940|9899.586 -13680.519|9899.292 -13680.685|9907.422 -13686.823|9909.813 -13690.248
437 COPPERPOND LD SE,9934.972 -13685.611|9934.972 -13685.589|9906.674 -13674.258|9905.640 -13675.548|9904.507 -13676.771|9903.298 -13677.894|9902.005 -13678.940|9933.658 -13691.638|9934.979 -13690.904|9934.972 -13685.923
433 COPPERPOND LD SE,9934.958 -13679.029|9909.638 -13668.888|9909.030 -13670.300|9908.338 -13671.668|9907.548 -13672.991|9906.674 -13674.258|9934.972 -13685.589
40 COPPERPOND LD SE,9860.999 -13684.855|9861.635 -13685.656|9862.362 -13686.379|9863.166 -13687.024|9864.039 -13687.557|9882.382 -13674.492|9878.013 -13668.298|9858.915 -13681.909
44 COPPERPOND LD SE,9855.413 -13676.927|9858.915 -13681.909|9878.013 -13668.298|9874.511 -13663.328
429 COPPERPOND LD SE,9909.638 -13668.888|9934.958 -13679.029|9934.944 -13666.964|9911.050 -13663.117|9910.841 -13664.584|9910.533 -13666.041|9910.128 -13667.475
424 COPPERPOND LD SE,9881.949 -13667.909|9902.194 -13667.931|9902.976 -13666.197|9903.550 -13664.384|9903.899 -13662.516|9904.018 -13660.615|9881.956 -13660.592
48 COPPERPOND LD SE,9851.904 -13671.957|9855.413 -13676.927|9874.511 -13663.328|9871.009 -13658.357
425 COPPERPOND LD SE,9911.050 -13663.117|9934.944 -13666.964|9934.930 -13656.779|9911.190 -13656.834|9911.197 -13660.515
420 COPPERPOND LD SE,9881.956 -13660.592|9904.018 -13660.615|9904.025 -13660.526|9904.018 -13654.521|9881.963 -13654.499
52 COPPERPOND LD SE,9848.402 -13666.986|9851.904 -13671.957|9871.009 -13658.357|9867.500 -13653.376
421 COPPERPOND LD SE,9911.190 -13656.834|9934.930 -13656.779|9934.923 -13650.985|9911.183 -13651.041
416 COPPERPOND LD SE,9881.963 -13654.499|9904.018 -13654.521|9904.004 -13648.428|9881.970 -13648.406
56 COPPERPOND LD SE,9844.033 -13660.793|9848.402 -13666.986|9867.500 -13653.376|9863.131 -13647.182
417 COPPERPOND LD SE,9934.916 -13645.192|9911.169 -13645.259|9911.183 -13651.041|9934.923 -13650.985
60 COPPERPOND LD SE,9839.664 -13654.588|9844.033 -13660.793|9863.131 -13647.182|9858.769 -13640.989
412 COPPERPOND LD SE,9881.970 -13648.406|9904.004 -13648.428|9903.997 -13640.833|9881.984 -13640.811
413 COPPERPOND LD SE,9911.169 -13645.259|9934.916 -13645.192|9934.902 -13639.410|9911.162 -13639.477
64 COPPERPOND LD SE,9836.161 -13649.618|9839.664 -13654.588|9858.769 -13640.989|9855.259 -13636.007
409 COPPERPOND LD SE,9911.162 -13639.477|9934.902 -13639.410|9934.895 -13633.617|9911.148 -13633.683
408 COPPERPOND LD SE,9881.984 -13640.811|9903.997 -13640.833|9903.983 -13633.239|9881.991 -13633.216
68 COPPERPOND LD SE,9832.652 -13644.647|9836.161 -13649.618|9855.259 -13636.007|9851.757 -13631.037
405 COPPERPOND LD SE,9911.148 -13633.683|9934.895 -13633.617|9934.888 -13627.834|9911.141 -13627.901
404 COPPERPOND LD SE,9881.991 -13633.216|9903.983 -13633.239|9903.976 -13627.145|9881.998 -13627.123
72 COPPERPOND LD SE,9829.863 -13640.689|9832.652 -13644.647|9851.757 -13631.037|9848.255 -13626.066|9829.157 -13639.666
400 COPPERPOND LD SE,9881.998 -13627.123|9903.976 -13627.145|9903.962 -13621.052|9882.005 -13621.029
401 COPPERPOND LD SE,9934.874 -13620.540|9911.127 -13620.618|9911.141 -13627.901|9934.888 -13627.834
76 COPPERPOND LD SE,9825.186 -13633.183|9827.095 -13636.474|9829.157 -13639.666|9848.255 -13626.066|9843.886 -13619.873
396 COPPERPOND LD SE,9882.005 -13621.029|9903.962 -13621.052|9903.955 -13614.958|9882.012 -13614.936
397 COPPERPOND LD SE,9911.127 -13620.618|9934.874 -13620.540|9934.860 -13613.257|9911.113 -13613.335
393 COPPERPOND LD SE,9911.106 -13607.541|9911.113 -13613.335|9934.860 -13613.257|9934.853 -13607.464
392 COPPERPOND LD SE,9882.012 -13614.936|9903.955 -13614.958|9903.941 -13607.352|9882.019 -13607.330
110 COPPERPOND LD SE,9853.148 -13626.711|9859.125 -13622.553|9846.563 -13604.306|9840.586 -13608.475
389 COPPERPOND LD SE,9911.106 -13607.541|9934.853 -13607.464|9934.846 -13601.670|9911.099 -13601.759
114 COPPERPOND LD SE,9859.125 -13622.553|9864.109 -13619.083|9851.541 -13600.825|9846.563 -13604.306
388 COPPERPOND LD SE,9882.019 -13607.330|9903.941 -13607.352|9903.927 -13599.758|9882.026 -13599.736
118 COPPERPOND LD SE,9864.109 -13619.083|9869.094 -13615.603|9856.518 -13597.356|9851.541 -13600.825
385 COPPERPOND LD SE,9911.099 -13601.759|9934.846 -13601.670|9934.832 -13595.888|9911.085 -13595.977
122 COPPERPOND LD SE,9869.094 -13615.603|9874.078 -13612.134|9861.502 -13593.876|9856.518 -13597.356
384 COPPERPOND LD SE,9882.026 -13599.736|9903.927 -13599.758|9903.920 -13593.664|9882.033 -13593.642
126 COPPERPOND LD SE,9874.078 -13612.134|9880.062 -13607.975|9870.981 -13594.787|9870.079 -13595.421|9866.577 -13590.328|9861.502 -13593.876
381 COPPERPOND LD SE,9911.085 -13595.977|9934.832 -13595.888|9934.825 -13590.095|9911.078 -13590.184
380 COPPERPOND LD SE,9882.033 -13593.642|9903.920 -13593.664|9903.913 -13587.571|9882.040 -13587.549
377 COPPERPOND LD SE,9911.078 -13590.184|9934.825 -13590.095|9934.811 -13582.812|9911.064 -13582.901
376 COPPERPOND LD SE,9882.040 -13587.549|9903.913 -13587.571|9903.899 -13581.422|9903.822 -13580.254|9882.047 -13580.232
373 COPPERPOND LD SE,9911.064 -13582.901|9934.811 -13582.812|9934.804 -13575.517|9911.050 -13575.617
369 COPPERPOND LD SE,9911.050 -13575.617|9934.804 -13575.517|9934.790 -13569.724|9911.043 -13569.824
365 COPPERPOND LD SE,9911.043 -13569.824|9934.790 -13569.724|9934.783 -13563.931|9911.036 -13564.042
361 COPPERPOND LD SE,9911.036 -13564.042|9934.783 -13563.931|9934.776 -13558.149|9911.022 -13558.260
357 COPPERPOND LD SE,9911.022 -13558.260|9934.776 -13558.149|9934.762 -13552.366|9910.967 -13552.478|9911.015 -13554.579
353 COPPERPOND LD SE,9910.967 -13552.478|9934.762 -13552.366|9934.755 -13546.573|9910.365 -13546.684|9910.750 -13549.575
349 COPPERPOND LD SE,9910.365 -13546.684|9934.755 -13546.573|9934.748 -13539.312|9909.065 -13539.357|9910.254 -13546.051
345 COPPERPOND LD SE,9907.863 -13524.001|9907.870 -13528.293|9907.982 -13531.584|9934.734 -13531.529|9934.720 -13523.934
341 COPPERPOND LD SE,9907.863 -13524.001|9934.720 -13523.934|9934.713 -13517.840|9907.849 -13517.907
337 COPPERPOND LD SE,9907.849 -13517.907|9934.713 -13517.840|9934.699 -13511.736|9907.842 -13511.814
333 COPPERPOND LD SE,9907.842 -13511.814|9934.699 -13511.736|9934.692 -13505.642|9907.835 -13505.731
329 COPPERPOND LD SE,9907.835 -13505.731|9934.692 -13505.642|9934.685 -13499.638|9933.287 -13498.159|9917.370 -13498.148|9916.510 -13498.715|9908.394 -13498.704|9907.968 -13500.261|9907.828 -13501.873
301 COPPERPOND LD SE,9878.167 -13507.922|9883.103 -13504.731|9883.221 -13504.642|9883.941 -13504.175|9885.130 -13503.385|9875.161 -13488.151|9870.352 -13491.332|9868.849 -13492.177
305 COPPERPOND LD SE,9885.130 -13503.385|9889.946 -13500.205|9879.971 -13484.971|9875.161 -13488.151
309 COPPERPOND LD SE,9889.946 -13500.205|9894.756 -13497.025|9884.780 -13481.780|9879.971 -13484.971
313 COPPERPOND LD SE,9894.756 -13497.025|9899.565 -13493.845|9889.597 -13478.600|9884.780 -13481.780
317 COPPERPOND LD SE,9899.565 -13493.845|9904.382 -13490.653|9894.406 -13475.420|9889.597 -13478.600
321 COPPERPOND LD SE,9904.382 -13490.653|9909.191 -13487.473|9899.216 -13472.239|9894.406 -13475.420
325 COPPERPOND LD SE,9909.191 -13487.473|9915.266 -13483.459|9906.122 -13469.493|9904.032 -13469.059|9899.216 -13472.239
1101 279 COPPERPOND CM SE,9686.754 -13640.311|9688.257 -13642.501|9742.091 -13605.073|9735.904 -13596.088|9734.324 -13584.013|9722.643 -13585.414|9674.115 -13619.161|9683.573 -13639.677
1102 279 COPPERPOND CM SE,9686.754 -13640.311|9688.257 -13642.501|9742.091 -13605.073|9735.904 -13596.088|9734.324 -13584.013|9722.643 -13585.414|9674.115 -13619.161|9683.573 -13639.677
1103 279 COPPERPOND CM SE,9686.754 -13640.311|9688.257 -13642.501|9742.091 -13605.073|9735.904 -13596.088|9734.324 -13584.013|9722.643 -13585.414|9674.115 -13619.161|9683.573 -13639.677
1104 279 COPPERPOND CM SE,9686.754 -13640.311|9688.257 -13642.501|9742.091 -13605.073|9735.904 -13596.088|9734.324 -13584.013|9722.643 -13585.414|9674.115 -13619.161|9683.573 -13639.677
1105 279 COPPERPOND CM SE,9686.754 -13640.311|9688.257 -13642.501|9742.091 -13605.073|9735.904 -13596.088|9734.324 -13584.013|9722.643 -13585.414|9674.115 -13619.161|9683.573 -13639.677
1106 279 COPPERPOND CM SE,9686.754 -13640.311|9688.257 -13642.501|9742.091 -13605.073|9735.904 -13596.088|9734.324 -13584.013|9722.643 -13585.414|9674.115 -13619.161|9683.573 -13639.677
1107 279 COPPERPOND CM SE,9686.754 -13640.311|9688.257 -13642.501|9742.091 -13605.073|9735.904 -13596.088|9734.324 -13584.013|9722.643 -13585.414|9674.115 -13619.161|9683.573 -13639.677
1108 279 COPPERPOND CM SE,9686.754 -13640.311|9688.257 -13642.501|9742.091 -13605.073|9735.904 -13596.088|9734.324 -13584.013|9722.643 -13585.414|9674.115 -13619.161|9683.573 -13639.677
1109 279 COPPERPOND CM SE,9686.754 -13640.311|9688.257 -13642.501|9742.091 -13605.073|9735.904 -13596.088|9734.324 -13584.013|9722.643 -13585.414|9674.115 -13619.161|9683.573 -13639.677
1110 279 COPPERPOND CM SE,9686.754 -13640.311|9688.257 -13642.501|9742.091 -13605.073|9735.904 -13596.088|9734.324 -13584.013|9722.643 -13585.414|9674.115 -13619.161|9683.573 -13639.677
1111 279 COPPERPOND CM SE,9686.754 -13640.311|9688.257 -13642.501|9742.091 -13605.073|9735.904 -13596.088|9734.324 -13584.013|9722.643 -13585.414|9674.115 -13619.161|9683.573 -13639.677
1112 279 COPPERPOND CM SE,9686.754 -13640.311|9688.257 -13642.501|9742.091 -13605.073|9735.904 -13596.088|9734.324 -13584.013|9722.643 -13585.414|9674.115 -13619.161|9683.573 -13639.677
1201 279 COPPERPOND CM SE,9686.754 -13640.311|9688.257 -13642.501|9742.091 -13605.073|9735.904 -13596.088|9734.324 -13584.013|9722.643 -13585.414|9674.115 -13619.161|9683.573 -13639.677
1202 279 COPPERPOND CM SE,9686.754 -13640.311|9688.257 -13642.501|9742.091 -13605.073|9735.904 -13596.088|9734.324 -13584.013|9722.643 -13585.414|9674.115 -13619.161|9683.573 -13639.677
1203 279 COPPERPOND CM SE,9686.754 -13640.311|9688.257 -13642.501|9742.091 -13605.073|9735.904 -13596.088|9734.324 -13584.013|9722.643 -13585.414|9674.115 -13619.161|9683.573 -13639.677
1204 279 COPPERPOND CM SE,9686.754 -13640.311|9688.257 -13642.501|9742.091 -13605.073|9735.904 -13596.088|9734.324 -13584.013|9722.643 -13585.414|9674.115 -13619.161|9683.573 -13639.677
1205 279 COPPERPOND CM SE,9686.754 -13640.311|9688.257 -13642.501|9742.091 -13605.073|9735.904 -13596.088|9734.324 -13584.013|9722.643 -13585.414|9674.115 -13619.161|9683.573 -13639.677
1206 279 COPPERPOND CM SE,9686.754 -13640.311|9688.257 -13642.501|9742.091 -13605.073|9735.904 -13596.088|9734.324 -13584.013|9722.643 -13585.414|9674.115 -13619.161|9683.573 -13639.677
1207 279 COPPERPOND CM SE,9686.754 -13640.311|9688.257 -13642.501|9742.091 -13605.073|9735.904 -13596.088|9734.324 -13584.013|9722.643 -13585.414|9674.115 -13619.161|9683.573 -13639.677
1208 279 COPPERPOND CM SE,9686.754 -13640.311|9688.257 -13642.501|9742.091 -13605.073|9735.904 -13596.088|9734.324 -13584.013|9722.643 -13585.414|9674.115 -13619.161|9683.573 -13639.677
1209 279 COPPERPOND CM SE,9686.754 -13640.311|9688.257 -13642.501|9742.091 -13605.073|9735.904 -13596.088|9734.324 -13584.013|9722.643 -13585.414|9674.115 -13619.161|9683.573 -13639.677
1210 279 COPPERPOND CM SE,9686.754 -13640.311|9688.257 -13642.501|9742.091 -13605.073|9735.904 -13596.088|9734.324 -13584.013|9722.643 -13585.414|9674.115 -13619.161|9683.573 -13639.677
1211 279 COPPERPOND CM SE,9686.754 -13640.311|9688.257 -13642.501|9742.091 -13605.073|9735.904 -13596.088|9734.324 -13584.013|9722.643 -13585.414|9674.115 -13619.161|9683.573 -13639.677
1212 279 COPPERPOND CM SE,9686.754 -13640.311|9688.257 -13642.501|9742.091 -13605.073|9735.904 -13596.088|9734.324 -13584.013|9722.643 -13585.414|9674.115 -13619.161|9683.573 -13639.677
1301 279 COPPERPOND CM SE,9686.754 -13640.311|9688.257 -13642.501|9742.091 -13605.073|9735.904 -13596.088|9734.324 -13584.013|9722.643 -13585.414|9674.115 -13619.161|9683.573 -13639.677
1302 279 COPPERPOND CM SE,9686.754 -13640.311|9688.257 -13642.501|9742.091 -13605.073|9735.904 -13596.088|9734.324 -13584.013|9722.643 -13585.414|9674.115 -13619.161|9683.573 -13639.677
1303 279 COPPERPOND CM SE,9686.754 -13640.311|9688.257 -13642.501|9742.091 -13605.073|9735.904 -13596.088|9734.324 -13584.013|9722.643 -13585.414|9674.115 -13619.161|9683.573 -13639.677
1304 279 COPPERPOND CM SE,9686.754 -13640.311|9688.257 -13642.501|9742.091 -13605.073|9735.904 -13596.088|9734.324 -13584.013|9722.643 -13585.414|9674.115 -13619.161|9683.573 -13639.677
1305 279 COPPERPOND CM SE,9686.754 -13640.311|9688.257 -13642.501|9742.091 -13605.073|9735.904 -13596.088|9734.324 -13584.013|9722.643 -13585.414|9674.115 -13619.161|9683.573 -13639.677
1306 279 COPPERPOND CM SE,9686.754 -13640.311|9688.257 -13642.501|9742.091 -13605.073|9735.904 -13596.088|9734.324 -13584.013|9722.643 -13585.414|9674.115 -13619.161|9683.573 -13639.677
1307 279 COPPERPOND CM SE,9686.754 -13640.311|9688.257 -13642.501|9742.091 -13605.073|9735.904 -13596.088|9734.324 -13584.013|9722.643 -13585.414|9674.115 -13619.161|9683.573 -13639.677
1308 279 COPPERPOND CM SE,9686.754 -13640.311|9688.257 -13642.501|9742.091 -13605.073|9735.904 -13596.088|9734.324 -13584.013|9722.643 -13585.414|9674.115 -13619.161|9683.573 -13639.677
1309 279 COPPERPOND CM SE,9686.754 -13640.311|9688.257 -13642.501|9742.091 -13605.073|9735.904 -13596.088|9734.324 -13584.013|9722.643 -13585.414|9674.115 -13619.161|9683.573 -13639.677
1310 279 COPPERPOND CM SE,9686.754 -13640.311|9688.257 -13642.501|9742.091 -13605.073|9735.904 -13596.088|9734.324 -13584.013|9722.643 -13585.414|9674.115 -13619.161|9683.573 -13639.677
1311 279 COPPERPOND CM SE,9686.754 -13640.311|9688.257 -13642.501|9742.091 -13605.073|9735.904 -13596.088|9734.324 -13584.013|9722.643 -13585.414|9674.115 -13619.161|9683.573 -13639.677
1312 279 COPPERPOND CM SE,9686.754 -13640.311|9688.257 -13642.501|9742.091 -13605.073|9735.904 -13596.088|9734.324 -13584.013|9722.643 -13585.414|9674.115 -13619.161|9683.573 -13639.677
1401 279 COPPERPOND CM SE,9686.754 -13640.311|9688.257 -13642.501|9742.091 -13605.073|9735.904 -13596.088|9734.324 -13584.013|9722.643 -13585.414|9674.115 -13619.161|9683.573 -13639.677
1402 279 COPPERPOND CM SE,9686.754 -13640.311|9688.257 -13642.501|9742.091 -13605.073|9735.904 -13596.088|9734.324 -13584.013|9722.643 -13585.414|9674.115 -13619.161|9683.573 -13639.677
1403 279 COPPERPOND CM SE,9686.754 -13640.311|9688.257 -13642.501|9742.091 -13605.073|9735.904 -13596.088|9734.324 -13584.013|9722.643 -13585.414|9674.115 -13619.161|9683.573 -13639.677
1404 279 COPPERPOND CM SE,9686.754 -13640.311|9688.257 -13642.501|9742.091 -13605.073|9735.904 -13596.088|9734.324 -13584.013|9722.643 -13585.414|9674.115 -13619.161|9683.573 -13639.677
1405 279 COPPERPOND CM SE,9686.754 -13640.311|9688.257 -13642.501|9742.091 -13605.073|9735.904 -13596.088|9734.324 -13584.013|9722.643 -13585.414|9674.115 -13619.161|9683.573 -13639.677
1406 279 COPPERPOND CM SE,9686.754 -13640.311|9688.257 -13642.501|9742.091 -13605.073|9735.904 -13596.088|9734.324 -13584.013|9722.643 -13585.414|9674.115 -13619.161|9683.573 -13639.677
1407 279 COPPERPOND CM SE,9686.754 -13640.311|9688.257 -13642.501|9742.091 -13605.073|9735.904 -13596.088|9734.324 -13584.013|9722.643 -13585.414|9674.115 -13619.161|9683.573 -13639.677
1408 279 COPPERPOND CM SE,9686.754 -13640.311|9688.257 -13642.501|9742.091 -13605.073|9735.904 -13596.088|9734.324 -13584.013|9722.643 -13585.414|9674.115 -13619.161|9683.573 -13639.677
1409 279 COPPERPOND CM SE,9686.754 -13640.311|9688.257 -13642.501|9742.091 -13605.073|9735.904 -13596.088|9734.324 -13584.013|9722.643 -13585.414|9674.115 -13619.161|9683.573 -13639.677
1410 279 COPPERPOND CM SE,9686.754 -13640.311|9688.257 -13642.501|9742.091 -13605.073|9735.904 -13596.088|9734.324 -13584.013|9722.643 -13585.414|9674.115 -13619.161|9683.573 -13639.677
1411 279 COPPERPOND CM SE,9686.754 -13640.311|9688.257 -13642.501|9742.091 -13605.073|9735.904 -13596.088|9734.324 -13584.013|9722.643 -13585.414|9674.115 -13619.161|9683.573 -13639.677
1412 279 COPPERPOND CM SE,9686.754 -13640.311|9688.257 -13642.501|9742.091 -13605.073|9735.904 -13596.088|9734.324 -13584.013|9722.643 -13585.414|9674.115 -13619.161|9683.573 -13639.677
166V 279 COPPERPOND CM SE,9686.754 -13640.311|9688.257 -13642.501|9742.091 -13605.073|9735.904 -13596.088|9734.324 -13584.013|9722.643 -13585.414|9674.115 -13619.161|9683.573 -13639.677
167V 279 COPPERPOND CM SE,9686.754 -13640.311|9688.257 -13642.501|9742.091 -13605.073|9735.904 -13596.088|9734.324 -13584.013|9722.643 -13585.414|9674.115 -13619.161|9683.573 -13639.677
168V 279 COPPERPOND CM SE,9686.754 -13640.311|9688.257 -13642.501|9742.091 -13605.073|9735.904 -13596.088|9734.324 -13584.013|9722.643 -13585.414|9674.115 -13619.161|9683.573 -13639.677
169V 279 COPPERPOND CM SE,9686.754 -13640.311|9688.257 -13642.501|9742.091 -13605.073|9735.904 -13596.088|9734.324 -13584.013|9722.643 -13585.414|9674.115 -13619.161|9683.573 -13639.677
170V 279 COPPERPOND CM SE,9686.754 -13640.311|9688.257 -13642.501|9742.091 -13605.073|9735.904 -13596.088|9734.324 -13584.013|9722.643 -13585.414|9674.115 -13619.161|9683.573 -13639.677
171V 279 COPPERPOND CM SE,9686.754 -13640.311|9688.257 -13642.501|9742.091 -13605.073|9735.904 -13596.088|9734.324 -13584.013|9722.643 -13585.414|9674.115 -13619.161|9683.573 -13639.677
172V 279 COPPERPOND CM SE,9686.754 -13640.311|9688.257 -13642.501|9742.091 -13605.073|9735.904 -13596.088|9734.324 -13584.013|9722.643 -13585.414|9674.115 -13619.161|9683.573 -13639.677
173V 279 COPPERPOND CM SE,9686.754 -13640.311|9688.257 -13642.501|9742.091 -13605.073|9735.904 -13596.088|9734.324 -13584.013|9722.643 -13585.414|9674.115 -13619.161|9683.573 -13639.677
174V 279 COPPERPOND CM SE,9686.754 -13640.311|9688.257 -13642.501|9742.091 -13605.073|9735.904 -13596.088|9734.324 -13584.013|9722.643 -13585.414|9674.115 -13619.161|9683.573 -13639.677
175V 279 COPPERPOND CM SE,9686.754 -13640.311|9688.257 -13642.501|9742.091 -13605.073|9735.904 -13596.088|9734.324 -13584.013|9722.643 -13585.414|9674.115 -13619.161|9683.573 -13639.677
176V 279 COPPERPOND CM SE,9686.754 -13640.311|9688.257 -13642.501|9742.091 -13605.073|9735.904 -13596.088|9734.324 -13584.013|9722.643 -13585.414|9674.115 -13619.161|9683.573 -13639.677
177V 279 COPPERPOND CM SE,9686.754 -13640.311|9688.257 -13642.501|9742.091 -13605.073|9735.904 -13596.088|9734.324 -13584.013|9722.643 -13585.414|9674.115 -13619.161|9683.573 -13639.677
178V 279 COPPERPOND CM SE,9686.754 -13640.311|9688.257 -13642.501|9742.091 -13605.073|9735.904 -13596.088|9734.324 -13584.013|9722.643 -13585.414|9674.115 -13619.161|9683.573 -13639.677
179V 279 COPPERPOND CM SE,9686.754 -13640.311|9688.257 -13642.501|9742.091 -13605.073|9735.904 -13596.088|9734.324 -13584.013|9722.643 -13585.414|9674.115 -13619.161|9683.573 -13639.677
180V 279 COPPERPOND CM SE,9686.754 -13640.311|9688.257 -13642.501|9742.091 -13605.073|9735.904 -13596.088|9734.324 -13584.013|9722.643 -13585.414|9674.115 -13619.161|9683.573 -13639.677
181V 279 COPPERPOND CM SE,9686.754 -13640.311|9688.257 -13642.501|9742.091 -13605.073|9735.904 -13596.088|9734.324 -13584.013|9722.643 -13585.414|9674.115 -13619.161|9683.573 -13639.677
182V 279 COPPERPOND CM SE,9686.754 -13640.311|9688.257 -13642.501|9742.091 -13605.073|9735.904 -13596.088|9734.324 -13584.013|9722.643 -13585.414|9674.115 -13619.161|9683.573 -13639.677
183V 279 COPPERPOND CM SE,9686.754 -13640.311|9688.257 -13642.501|9742.091 -13605.073|9735.904 -13596.088|9734.324 -13584.013|9722.643 -13585.414|9674.115 -13619.161|9683.573 -13639.677
184V 279 COPPERPOND CM SE,9686.754 -13640.311|9688.257 -13642.501|9742.091 -13605.073|9735.904 -13596.088|9734.324 -13584.013|9722.643 -13585.414|9674.115 -13619.161|9683.573 -13639.677
185V 279 COPPERPOND CM SE,9686.754 -13640.311|9688.257 -13642.501|9742.091 -13605.073|9735.904 -13596.088|9734.324 -13584.013|9722.643 -13585.414|9674.115 -13619.161|9683.573 -13639.677
186V 279 COPPERPOND CM SE,9686.754 -13640.311|9688.257 -13642.501|9742.091 -13605.073|9735.904 -13596.088|9734.324 -13584.013|9722.643 -13585.414|9674.115 -13619.161|9683.573 -13639.677
187V 279 COPPERPOND CM SE,9686.754 -13640.311|9688.257 -13642.501|9742.091 -13605.073|9735.904 -13596.088|9734.324 -13584.013|9722.643 -13585.414|9674.115 -13619.161|9683.573 -13639.677
188V 279 COPPERPOND CM SE,9686.754 -13640.311|9688.257 -13642.501|9742.091 -13605.073|9735.904 -13596.088|9734.324 -13584.013|9722.643 -13585.414|9674.115 -13619.161|9683.573 -13639.677
189V 279 COPPERPOND CM SE,9686.754 -13640.311|9688.257 -13642.501|9742.091 -13605.073|9735.904 -13596.088|9734.324 -13584.013|9722.643 -13585.414|9674.115 -13619.161|9683.573 -13639.677
190V 279 COPPERPOND CM SE,9686.754 -13640.311|9688.257 -13642.501|9742.091 -13605.073|9735.904 -13596.088|9734.324 -13584.013|9722.643 -13585.414|9674.115 -13619.161|9683.573 -13639.677
191V 279 COPPERPOND CM SE,9686.754 -13640.311|9688.257 -13642.501|9742.091 -13605.073|9735.904 -13596.088|9734.324 -13584.013|9722.643 -13585.414|9674.115 -13619.161|9683.573 -13639.677
192V 279 COPPERPOND CM SE,9686.754 -13640.311|9688.257 -13642.501|9742.091 -13605.073|9735.904 -13596.088|9734.324 -13584.013|9722.643 -13585.414|9674.115 -13619.161|9683.573 -13639.677
193V 279 COPPERPOND CM SE,9686.754 -13640.311|9688.257 -13642.501|9742.091 -13605.073|9735.904 -13596.088|9734.324 -13584.013|9722.643 -13585.414|9674.115 -13619.161|9683.573 -13639.677
194V 279 COPPERPOND CM SE,9686.754 -13640.311|9688.257 -13642.501|9742.091 -13605.073|9735.904 -13596.088|9734.324 -13584.013|9722.643 -13585.414|9674.115 -13619.161|9683.573 -13639.677
195V 279 COPPERPOND CM SE,9686.754 -13640.311|9688.257 -13642.501|9742.091 -13605.073|9735.904 -13596.088|9734.324 -13584.013|9722.643 -13585.414|9674.115 -13619.161|9683.573 -13639.677
196V 279 COPPERPOND CM SE,9686.754 -13640.311|9688.257 -13642.501|9742.091 -13605.073|9735.904 -13596.088|9734.324 -13584.013|9722.643 -13585.414|9674.115 -13619.161|9683.573 -13639.677
197V 279 COPPERPOND CM SE,9686.754 -13640.311|9688.257 -13642.501|9742.091 -13605.073|9735.904 -13596.088|9734.324 -13584.013|9722.643 -13585.414|9674.115 -13619.161|9683.573 -13639.677
198V 279 COPPERPOND CM SE,9686.754 -13640.311|9688.257 -13642.501|9742.091 -13605.073|9735.904 -13596.088|9734.324 -13584.013|9722.643 -13585.414|9674.115 -13619.161|9683.573 -13639.677
199V 279 COPPERPOND CM SE,9686.754 -13640.311|9688.257 -13642.501|9742.091 -13605.073|9735.904 -13596.088|9734.324 -13584.013|9722.643 -13585.414|9674.115 -13619.161|9683.573 -13639.677
200V 279 COPPERPOND CM SE,9686.754 -13640.311|9688.257 -13642.501|9742.091 -13605.073|9735.904 -13596.088|9734.324 -13584.013|9722.643 -13585.414|9674.115 -13619.161|9683.573 -13639.677
201V 279 COPPERPOND CM SE,9686.754 -13640.311|9688.257 -13642.501|9742.091 -13605.073|9735.904 -13596.088|9734.324 -13584.013|9722.643 -13585.414|9674.115 -13619.161|9683.573 -13639.677
202V 279 COPPERPOND CM SE,9686.754 -13640.311|9688.257 -13642.501|9742.091 -13605.073|9735.904 -13596.088|9734.324 -13584.013|9722.643 -13585.414|9674.115 -13619.161|9683.573 -13639.677
203V 279 COPPERPOND CM SE,9686.754 -13640.311|9688.257 -13642.501|9742.091 -13605.073|9735.904 -13596.088|9734.324 -13584.013|9722.643 -13585.414|9674.115 -13619.161|9683.573 -13639.677
204V 279 COPPERPOND CM SE,9686.754 -13640.311|9688.257 -13642.501|9742.091 -13605.073|9735.904 -13596.088|9734.324 -13584.013|9722.643 -13585.414|9674.115 -13619.161|9683.573 -13639.677
2209 279 COPPERPOND CM SE,9781.922 -13601.537|9785.453 -13570.869|9770.570 -13526.591|9758.896 -13528.649|9747.145 -13530.250|9746.460 -13530.339|9750.549 -13561.462|9755.442 -13598.746|9759.581 -13604.506
268V 279 COPPERPOND CM SE,9781.922 -13601.537|9785.453 -13570.869|9770.570 -13526.591|9758.896 -13528.649|9747.145 -13530.250|9746.460 -13530.339|9750.549 -13561.462|9755.442 -13598.746|9759.581 -13604.506
2303 279 COPPERPOND CM SE,9781.922 -13601.537|9785.453 -13570.869|9770.570 -13526.591|9758.896 -13528.649|9747.145 -13530.250|9746.460 -13530.339|9750.549 -13561.462|9755.442 -13598.746|9759.581 -13604.506
2307 279 COPPERPOND CM SE,9781.922 -13601.537|9785.453 -13570.869|9770.570 -13526.591|9758.896 -13528.649|9747.145 -13530.250|9746.460 -13530.339|9750.549 -13561.462|9755.442 -13598.746|9759.581 -13604.506
278V 279 COPPERPOND CM SE,9781.922 -13601.537|9785.453 -13570.869|9770.570 -13526.591|9758.896 -13528.649|9747.145 -13530.250|9746.460 -13530.339|9750.549 -13561.462|9755.442 -13598.746|9759.581 -13604.506
2308 279 COPPERPOND CM SE,9781.922 -13601.537|9785.453 -13570.869|9770.570 -13526.591|9758.896 -13528.649|9747.145 -13530.250|9746.460 -13530.339|9750.549 -13561.462|9755.442 -13598.746|9759.581 -13604.506
279V 279 COPPERPOND CM SE,9781.922 -13601.537|9785.453 -13570.869|9770.570 -13526.591|9758.896 -13528.649|9747.145 -13530.250|9746.460 -13530.339|9750.549 -13561.462|9755.442 -13598.746|9759.581 -13604.506
2112 279 COPPERPOND CM SE,9781.922 -13601.537|9785.453 -13570.869|9770.570 -13526.591|9758.896 -13528.649|9747.145 -13530.250|9746.460 -13530.339|9750.549 -13561.462|9755.442 -13598.746|9759.581 -13604.506
261V 279 COPPERPOND CM SE,9781.922 -13601.537|9785.453 -13570.869|9770.570 -13526.591|9758.896 -13528.649|9747.145 -13530.250|9746.460 -13530.339|9750.549 -13561.462|9755.442 -13598.746|9759.581 -13604.506
2301 279 COPPERPOND CM SE,9781.922 -13601.537|9785.453 -13570.869|9770.570 -13526.591|9758.896 -13528.649|9747.145 -13530.250|9746.460 -13530.339|9750.549 -13561.462|9755.442 -13598.746|9759.581 -13604.506
273V 279 COPPERPOND CM SE,9781.922 -13601.537|9785.453 -13570.869|9770.570 -13526.591|9758.896 -13528.649|9747.145 -13530.250|9746.460 -13530.339|9750.549 -13561.462|9755.442 -13598.746|9759.581 -13604.506
2304 279 COPPERPOND CM SE,9781.922 -13601.537|9785.453 -13570.869|9770.570 -13526.591|9758.896 -13528.649|9747.145 -13530.250|9746.460 -13530.339|9750.549 -13561.462|9755.442 -13598.746|9759.581 -13604.506
275V 279 COPPERPOND CM SE,9781.922 -13601.537|9785.453 -13570.869|9770.570 -13526.591|9758.896 -13528.649|9747.145 -13530.250|9746.460 -13530.339|9750.549 -13561.462|9755.442 -13598.746|9759.581 -13604.506
2310 279 COPPERPOND CM SE,9781.922 -13601.537|9785.453 -13570.869|9770.570 -13526.591|9758.896 -13528.649|9747.145 -13530.250|9746.460 -13530.339|9750.549 -13561.462|9755.442 -13598.746|9759.581 -13604.506
281V 279 COPPERPOND CM SE,9781.922 -13601.537|9785.453 -13570.869|9770.570 -13526.591|9758.896 -13528.649|9747.145 -13530.250|9746.460 -13530.339|9750.549 -13561.462|9755.442 -13598.746|9759.581 -13604.506
2407 279 COPPERPOND CM SE,9781.922 -13601.537|9785.453 -13570.869|9770.570 -13526.591|9758.896 -13528.649|9747.145 -13530.250|9746.460 -13530.339|9750.549 -13561.462|9755.442 -13598.746|9759.581 -13604.506
289V 279 COPPERPOND CM SE,9781.922 -13601.537|9785.453 -13570.869|9770.570 -13526.591|9758.896 -13528.649|9747.145 -13530.250|9746.460 -13530.339|9750.549 -13561.462|9755.442 -13598.746|9759.581 -13604.506
2204 279 COPPERPOND CM SE,9781.922 -13601.537|9785.453 -13570.869|9770.570 -13526.591|9758.896 -13528.649|9747.145 -13530.250|9746.460 -13530.339|9750.549 -13561.462|9755.442 -13598.746|9759.581 -13604.506
264V 279 COPPERPOND CM SE,9781.922 -13601.537|9785.453 -13570.869|9770.570 -13526.591|9758.896 -13528.649|9747.145 -13530.250|9746.460 -13530.339|9750.549 -13561.462|9755.442 -13598.746|9759.581 -13604.506
2410 279 COPPERPOND CM SE,9781.922 -13601.537|9785.453 -13570.869|9770.570 -13526.591|9758.896 -13528.649|9747.145 -13530.250|9746.460 -13530.339|9750.549 -13561.462|9755.442 -13598.746|9759.581 -13604.506
292V 279 COPPERPOND CM SE,9781.922 -13601.537|9785.453 -13570.869|9770.570 -13526.591|9758.896 -13528.649|9747.145 -13530.250|9746.460 -13530.339|9750.549 -13561.462|9755.442 -13598.746|9759.581 -13604.506
2309 279 COPPERPOND CM SE,9781.922 -13601.537|9785.453 -13570.869|9770.570 -13526.591|9758.896 -13528.649|9747.145 -13530.250|9746.460 -13530.339|9750.549 -13561.462|9755.442 -13598.746|9759.581 -13604.506
280V 279 COPPERPOND CM SE,9781.922 -13601.537|9785.453 -13570.869|9770.570 -13526.591|9758.896 -13528.649|9747.145 -13530.250|9746.460 -13530.339|9750.549 -13561.462|9755.442 -13598.746|9759.581 -13604.506
2107 279 COPPERPOND CM SE,9781.922 -13601.537|9785.453 -13570.869|9770.570 -13526.591|9758.896 -13528.649|9747.145 -13530.250|9746.460 -13530.339|9750.549 -13561.462|9755.442 -13598.746|9759.581 -13604.506
259V 279 COPPERPOND CM SE,9781.922 -13601.537|9785.453 -13570.869|9770.570 -13526.591|9758.896 -13528.649|9747.145 -13530.250|9746.460 -13530.339|9750.549 -13561.462|9755.442 -13598.746|9759.581 -13604.506
2211 279 COPPERPOND CM SE,9781.922 -13601.537|9785.453 -13570.869|9770.570 -13526.591|9758.896 -13528.649|9747.145 -13530.250|9746.460 -13530.339|9750.549 -13561.462|9755.442 -13598.746|9759.581 -13604.506
271V 279 COPPERPOND CM SE,9781.922 -13601.537|9785.453 -13570.869|9770.570 -13526.591|9758.896 -13528.649|9747.145 -13530.250|9746.460 -13530.339|9750.549 -13561.462|9755.442 -13598.746|9759.581 -13604.506
2206 279 COPPERPOND CM SE,9781.922 -13601.537|9785.453 -13570.869|9770.570 -13526.591|9758.896 -13528.649|9747.145 -13530.250|9746.460 -13530.339|9750.549 -13561.462|9755.442 -13598.746|9759.581 -13604.506
266V 279 COPPERPOND CM SE,9781.922 -13601.537|9785.453 -13570.869|9770.570 -13526.591|9758.896 -13528.649|9747.145 -13530.250|9746.460 -13530.339|9750.549 -13561.462|9755.442 -13598.746|9759.581 -13604.506
2406 279 COPPERPOND CM SE,9781.922 -13601.537|9785.453 -13570.869|9770.570 -13526.591|9758.896 -13528.649|9747.145 -13530.250|9746.460 -13530.339|9750.549 -13561.462|9755.442 -13598.746|9759.581 -13604.506
288V 279 COPPERPOND CM SE,9781.922 -13601.537|9785.453 -13570.869|9770.570 -13526.591|9758.896 -13528.649|9747.145 -13530.250|9746.460 -13530.339|9750.549 -13561.462|9755.442 -13598.746|9759.581 -13604.506
2402 279 COPPERPOND CM SE,9781.922 -13601.537|9785.453 -13570.869|9770.570 -13526.591|9758.896 -13528.649|9747.145 -13530.250|9746.460 -13530.339|9750.549 -13561.462|9755.442 -13598.746|9759.581 -13604.506
285V 279 COPPERPOND CM SE,9781.922 -13601.537|9785.453 -13570.869|9770.570 -13526.591|9758.896 -13528.649|9747.145 -13530.250|9746.460 -13530.339|9750.549 -13561.462|9755.442 -13598.746|9759.581 -13604.506
2411 279 COPPERPOND CM SE,9781.922 -13601.537|9785.453 -13570.869|9770.570 -13526.591|9758.896 -13528.649|9747.145 -13530.250|9746.460 -13530.339|9750.549 -13561.462|9755.442 -13598.746|9759.581 -13604.506
293V 279 COPPERPOND CM SE,9781.922 -13601.537|9785.453 -13570.869|9770.570 -13526.591|9758.896 -13528.649|9747.145 -13530.250|9746.460 -13530.339|9750.549 -13561.462|9755.442 -13598.746|9759.581 -13604.506
2110 279 COPPERPOND CM SE,9781.922 -13601.537|9785.453 -13570.869|9770.570 -13526.591|9758.896 -13528.649|9747.145 -13530.250|9746.460 -13530.339|9750.549 -13561.462|9755.442 -13598.746|9759.581 -13604.506
2102 279 COPPERPOND CM SE,9781.922 -13601.537|9785.453 -13570.869|9770.570 -13526.591|9758.896 -13528.649|9747.145 -13530.250|9746.460 -13530.339|9750.549 -13561.462|9755.442 -13598.746|9759.581 -13604.506
255V 279 COPPERPOND CM SE,9781.922 -13601.537|9785.453 -13570.869|9770.570 -13526.591|9758.896 -13528.649|9747.145 -13530.250|9746.460 -13530.339|9750.549 -13561.462|9755.442 -13598.746|9759.581 -13604.506
2409 279 COPPERPOND CM SE,9781.922 -13601.537|9785.453 -13570.869|9770.570 -13526.591|9758.896 -13528.649|9747.145 -13530.250|9746.460 -13530.339|9750.549 -13561.462|9755.442 -13598.746|9759.581 -13604.506
291V 279 COPPERPOND CM SE,9781.922 -13601.537|9785.453 -13570.869|9770.570 -13526.591|9758.896 -13528.649|9747.145 -13530.250|9746.460 -13530.339|9750.549 -13561.462|9755.442 -13598.746|9759.581 -13604.506
2405 279 COPPERPOND CM SE,9781.922 -13601.537|9785.453 -13570.869|9770.570 -13526.591|9758.896 -13528.649|9747.145 -13530.250|9746.460 -13530.339|9750.549 -13561.462|9755.442 -13598.746|9759.581 -13604.506
287V 279 COPPERPOND CM SE,9781.922 -13601.537|9785.453 -13570.869|9770.570 -13526.591|9758.896 -13528.649|9747.145 -13530.250|9746.460 -13530.339|9750.549 -13561.462|9755.442 -13598.746|9759.581 -13604.506
2203 279 COPPERPOND CM SE,9781.922 -13601.537|9785.453 -13570.869|9770.570 -13526.591|9758.896 -13528.649|9747.145 -13530.250|9746.460 -13530.339|9750.549 -13561.462|9755.442 -13598.746|9759.581 -13604.506
2408 279 COPPERPOND CM SE,9781.922 -13601.537|9785.453 -13570.869|9770.570 -13526.591|9758.896 -13528.649|9747.145 -13530.250|9746.460 -13530.339|9750.549 -13561.462|9755.442 -13598.746|9759.581 -13604.506
290V 279 COPPERPOND CM SE,9781.922 -13601.537|9785.453 -13570.869|9770.570 -13526.591|9758.896 -13528.649|9747.145 -13530.250|9746.460 -13530.339|9750.549 -13561.462|9755.442 -13598.746|9759.581 -13604.506
2412 279 COPPERPOND CM SE,9781.922 -13601.537|9785.453 -13570.869|9770.570 -13526.591|9758.896 -13528.649|9747.145 -13530.250|9746.460 -13530.339|9750.549 -13561.462|9755.442 -13598.746|9759.581 -13604.506
294V 279 COPPERPOND CM SE,9781.922 -13601.537|9785.453 -13570.869|9770.570 -13526.591|9758.896 -13528.649|9747.145 -13530.250|9746.460 -13530.339|9750.549 -13561.462|9755.442 -13598.746|9759.581 -13604.506
2205 279 COPPERPOND CM SE,9781.922 -13601.537|9785.453 -13570.869|9770.570 -13526.591|9758.896 -13528.649|9747.145 -13530.250|9746.460 -13530.339|9750.549 -13561.462|9755.442 -13598.746|9759.581 -13604.506
265V 279 COPPERPOND CM SE,9781.922 -13601.537|9785.453 -13570.869|9770.570 -13526.591|9758.896 -13528.649|9747.145 -13530.250|9746.460 -13530.339|9750.549 -13561.462|9755.442 -13598.746|9759.581 -13604.506
2104 279 COPPERPOND CM SE,9781.922 -13601.537|9785.453 -13570.869|9770.570 -13526.591|9758.896 -13528.649|9747.145 -13530.250|9746.460 -13530.339|9750.549 -13561.462|9755.442 -13598.746|9759.581 -13604.506
256V 279 COPPERPOND CM SE,9781.922 -13601.537|9785.453 -13570.869|9770.570 -13526.591|9758.896 -13528.649|9747.145 -13530.250|9746.460 -13530.339|9750.549 -13561.462|9755.442 -13598.746|9759.581 -13604.506
2403 279 COPPERPOND CM SE,9781.922 -13601.537|9785.453 -13570.869|9770.570 -13526.591|9758.896 -13528.649|9747.145 -13530.250|9746.460 -13530.339|9750.549 -13561.462|9755.442 -13598.746|9759.581 -13604.506
2212 279 COPPERPOND CM SE,9781.922 -13601.537|9785.453 -13570.869|9770.570 -13526.591|9758.896 -13528.649|9747.145 -13530.250|9746.460 -13530.339|9750.549 -13561.462|9755.442 -13598.746|9759.581 -13604.506
272V 279 COPPERPOND CM SE,9781.922 -13601.537|9785.453 -13570.869|9770.570 -13526.591|9758.896 -13528.649|9747.145 -13530.250|9746.460 -13530.339|9750.549 -13561.462|9755.442 -13598.746|9759.581 -13604.506
2312 279 COPPERPOND CM SE,9781.922 -13601.537|9785.453 -13570.869|9770.570 -13526.591|9758.896 -13528.649|9747.145 -13530.250|9746.460 -13530.339|9750.549 -13561.462|9755.442 -13598.746|9759.581 -13604.506
283V 279 COPPERPOND CM SE,9781.922 -13601.537|9785.453 -13570.869|9770.570 -13526.591|9758.896 -13528.649|9747.145 -13530.250|9746.460 -13530.339|9750.549 -13561.462|9755.442 -13598.746|9759.581 -13604.506
284V 279 COPPERPOND CM SE,9781.922 -13601.537|9785.453 -13570.869|9770.570 -13526.591|9758.896 -13528.649|9747.145 -13530.250|9746.460 -13530.339|9750.549 -13561.462|9755.442 -13598.746|9759.581 -13604.506
2101 279 COPPERPOND CM SE,9781.922 -13601.537|9785.453 -13570.869|9770.570 -13526.591|9758.896 -13528.649|9747.145 -13530.250|9746.460 -13530.339|9750.549 -13561.462|9755.442 -13598.746|9759.581 -13604.506
2103 279 COPPERPOND CM SE,9781.922 -13601.537|9785.453 -13570.869|9770.570 -13526.591|9758.896 -13528.649|9747.145 -13530.250|9746.460 -13530.339|9750.549 -13561.462|9755.442 -13598.746|9759.581 -13604.506
2105 279 COPPERPOND CM SE,9781.922 -13601.537|9785.453 -13570.869|9770.570 -13526.591|9758.896 -13528.649|9747.145 -13530.250|9746.460 -13530.339|9750.549 -13561.462|9755.442 -13598.746|9759.581 -13604.506
2106 279 COPPERPOND CM SE,9781.922 -13601.537|9785.453 -13570.869|9770.570 -13526.591|9758.896 -13528.649|9747.145 -13530.250|9746.460 -13530.339|9750.549 -13561.462|9755.442 -13598.746|9759.581 -13604.506
2108 279 COPPERPOND CM SE,9781.922 -13601.537|9785.453 -13570.869|9770.570 -13526.591|9758.896 -13528.649|9747.145 -13530.250|9746.460 -13530.339|9750.549 -13561.462|9755.442 -13598.746|9759.581 -13604.506
2109 279 COPPERPOND CM SE,9781.922 -13601.537|9785.453 -13570.869|9770.570 -13526.591|9758.896 -13528.649|9747.145 -13530.250|9746.460 -13530.339|9750.549 -13561.462|9755.442 -13598.746|9759.581 -13604.506
2111 279 COPPERPOND CM SE,9781.922 -13601.537|9785.453 -13570.869|9770.570 -13526.591|9758.896 -13528.649|9747.145 -13530.250|9746.460 -13530.339|9750.549 -13561.462|9755.442 -13598.746|9759.581 -13604.506
2201 279 COPPERPOND CM SE,9781.922 -13601.537|9785.453 -13570.869|9770.570 -13526.591|9758.896 -13528.649|9747.145 -13530.250|9746.460 -13530.339|9750.549 -13561.462|9755.442 -13598.746|9759.581 -13604.506
2202 279 COPPERPOND CM SE,9781.922 -13601.537|9785.453 -13570.869|9770.570 -13526.591|9758.896 -13528.649|9747.145 -13530.250|9746.460 -13530.339|9750.549 -13561.462|9755.442 -13598.746|9759.581 -13604.506
2207 279 COPPERPOND CM SE,9781.922 -13601.537|9785.453 -13570.869|9770.570 -13526.591|9758.896 -13528.649|9747.145 -13530.250|9746.460 -13530.339|9750.549 -13561.462|9755.442 -13598.746|9759.581 -13604.506
2208 279 COPPERPOND CM SE,9781.922 -13601.537|9785.453 -13570.869|9770.570 -13526.591|9758.896 -13528.649|9747.145 -13530.250|9746.460 -13530.339|9750.549 -13561.462|9755.442 -13598.746|9759.581 -13604.506
2210 279 COPPERPOND CM SE,9781.922 -13601.537|9785.453 -13570.869|9770.570 -13526.591|9758.896 -13528.649|9747.145 -13530.250|9746.460 -13530.339|9750.549 -13561.462|9755.442 -13598.746|9759.581 -13604.506
2302 279 COPPERPOND CM SE,9781.922 -13601.537|9785.453 -13570.869|9770.570 -13526.591|9758.896 -13528.649|9747.145 -13530.250|9746.460 -13530.339|9750.549 -13561.462|9755.442 -13598.746|9759.581 -13604.506
2305 279 COPPERPOND CM SE,9781.922 -13601.537|9785.453 -13570.869|9770.570 -13526.591|9758.896 -13528.649|9747.145 -13530.250|9746.460 -13530.339|9750.549 -13561.462|9755.442 -13598.746|9759.581 -13604.506
2306 279 COPPERPOND CM SE,9781.922 -13601.537|9785.453 -13570.869|9770.570 -13526.591|9758.896 -13528.649|9747.145 -13530.250|9746.460 -13530.339|9750.549 -13561.462|9755.442 -13598.746|9759.581 -13604.506
2311 279 COPPERPOND CM SE,9781.922 -13601.537|9785.453 -13570.869|9770.570 -13526.591|9758.896 -13528.649|9747.145 -13530.250|9746.460 -13530.339|9750.549 -13561.462|9755.442 -13598.746|9759.581 -13604.506
2401 279 COPPERPOND CM SE,9781.922 -13601.537|9785.453 -13570.869|9770.570 -13526.591|9758.896 -13528.649|9747.145 -13530.250|9746.460 -13530.339|9750.549 -13561.462|9755.442 -13598.746|9759.581 -13604.506
2404 279 COPPERPOND CM SE,9781.922 -13601.537|9785.453 -13570.869|9770.570 -13526.591|9758.896 -13528.649|9747.145 -13530.250|9746.460 -13530.339|9750.549 -13561.462|9755.442 -13598.746|9759.581 -13604.506
254V 279 COPPERPOND CM SE,9781.922 -13601.537|9785.453 -13570.869|9770.570 -13526.591|9758.896 -13528.649|9747.145 -13530.250|9746.460 -13530.339|9750.549 -13561.462|9755.442 -13598.746|9759.581 -13604.506
257V 279 COPPERPOND CM SE,9781.922 -13601.537|9785.453 -13570.869|9770.570 -13526.591|9758.896 -13528.649|9747.145 -13530.250|9746.460 -13530.339|9750.549 -13561.462|9755.442 -13598.746|9759.581 -13604.506
258V 279 COPPERPOND CM SE,9781.922 -13601.537|9785.453 -13570.869|9770.570 -13526.591|9758.896 -13528.649|9747.145 -13530.250|9746.460 -13530.339|9750.549 -13561.462|9755.442 -13598.746|9759.581 -13604.506
260V 279 COPPERPOND CM SE,9781.922 -13601.537|9785.453 -13570.869|9770.570 -13526.591|9758.896 -13528.649|9747.145 -13530.250|9746.460 -13530.339|9750.549 -13561.462|9755.442 -13598.746|9759.581 -13604.506
262V 279 COPPERPOND CM SE,9781.922 -13601.537|9785.453 -13570.869|9770.570 -13526.591|9758.896 -13528.649|9747.145 -13530.250|9746.460 -13530.339|9750.549 -13561.462|9755.442 -13598.746|9759.581 -13604.506
263V 279 COPPERPOND CM SE,9781.922 -13601.537|9785.453 -13570.869|9770.570 -13526.591|9758.896 -13528.649|9747.145 -13530.250|9746.460 -13530.339|9750.549 -13561.462|9755.442 -13598.746|9759.581 -13604.506
267V 279 COPPERPOND CM SE,9781.922 -13601.537|9785.453 -13570.869|9770.570 -13526.591|9758.896 -13528.649|9747.145 -13530.250|9746.460 -13530.339|9750.549 -13561.462|9755.442 -13598.746|9759.581 -13604.506
269V 279 COPPERPOND CM SE,9781.922 -13601.537|9785.453 -13570.869|9770.570 -13526.591|9758.896 -13528.649|9747.145 -13530.250|9746.460 -13530.339|9750.549 -13561.462|9755.442 -13598.746|9759.581 -13604.506
270V 279 COPPERPOND CM SE,9781.922 -13601.537|9785.453 -13570.869|9770.570 -13526.591|9758.896 -13528.649|9747.145 -13530.250|9746.460 -13530.339|9750.549 -13561.462|9755.442 -13598.746|9759.581 -13604.506
286V 279 COPPERPOND CM SE,9781.922 -13601.537|9785.453 -13570.869|9770.570 -13526.591|9758.896 -13528.649|9747.145 -13530.250|9746.460 -13530.339|9750.549 -13561.462|9755.442 -13598.746|9759.581 -13604.506
274V 279 COPPERPOND CM SE,9781.922 -13601.537|9785.453 -13570.869|9770.570 -13526.591|9758.896 -13528.649|9747.145 -13530.250|9746.460 -13530.339|9750.549 -13561.462|9755.442 -13598.746|9759.581 -13604.506
276V 279 COPPERPOND CM SE,9781.922 -13601.537|9785.453 -13570.869|9770.570 -13526.591|9758.896 -13528.649|9747.145 -13530.250|9746.460 -13530.339|9750.549 -13561.462|9755.442 -13598.746|9759.581 -13604.506
277V 279 COPPERPOND CM SE,9781.922 -13601.537|9785.453 -13570.869|9770.570 -13526.591|9758.896 -13528.649|9747.145 -13530.250|9746.460 -13530.339|9750.549 -13561.462|9755.442 -13598.746|9759.581 -13604.506
282V 279 COPPERPOND CM SE,9781.922 -13601.537|9785.453 -13570.869|9770.570 -13526.591|9758.896 -13528.649|9747.145 -13530.250|9746.460 -13530.339|9750.549 -13561.462|9755.442 -13598.746|9759.581 -13604.506
125 COPPERPOND LD SE,9858.419 -13587.315|9863.382 -13583.846|9850.317 -13564.709|9845.340 -13568.190
278 COPPERPOND LD SE,9867.563 -13547.307|9857.287 -13527.670|9853.372 -13529.761|9848.765 -13532.140|9853.952 -13538.156|9860.251 -13551.177
237 COPPERPOND LD SE,9805.382 -13551.210|9803.439 -13545.439|9782.607 -13552.544|9784.558 -13558.315
133 COPPERPOND LD SE,9873.302 -13576.907|9860.272 -13557.759|9855.294 -13561.240|9868.339 -13580.376
213 COPPERPOND LD SE,9808.535 -13598.757|9808.486 -13595.699|9808.542 -13592.630|9786.438 -13590.039|9785.739 -13596.088
229 COPPERPOND LD SE,9803.159 -13570.035|9802.957 -13567.267|9809.961 -13564.887|9809.668 -13563.931|9807.969 -13558.882|9807.333 -13556.981|9786.501 -13564.086|9788.444 -13569.857|9788.486 -13570.725
129 COPPERPOND LD SE,9863.382 -13583.846|9868.339 -13580.376|9855.294 -13561.240|9850.317 -13564.709
89 COPPERPOND LD SE,9813.827 -13625.533|9812.806 -13622.619|9811.891 -13619.673|9787.571 -13631.893|9788.514 -13633.094|9789.339 -13634.384|9790.024 -13635.763|9790.570 -13637.197
257 COPPERPOND LD SE,9815.372 -13539.535|9816.651 -13538.890|9820.608 -13537.111|9813.198 -13520.465|9807.941 -13522.822
241 COPPERPOND LD SE,9803.439 -13545.439|9801.496 -13539.668|9780.664 -13546.773|9782.607 -13552.544
281 COPPERPOND LD SE,9855.455 -13520.498|9846.745 -13503.974|9841.656 -13506.676|9850.366 -13523.211
294 COPPERPOND LD SE,9890.359 -13535.242|9880.048 -13515.550|9873.358 -13519.119|9883.655 -13538.790
65 COPPERPOND LD SE,9833.449 -13658.269|9829.947 -13653.298|9809.556 -13667.842|9813.016 -13672.835
145 COPPERPOND LD SE,9888.821 -13566.066|9893.784 -13562.596|9880.810 -13543.426|9875.832 -13546.896
262 COPPERPOND LD SE,9840.754 -13560.573|9831.674 -13540.024|9826.137 -13542.515|9835.211 -13563.041
221 COPPERPOND LD SE,9809.045 -13586.059|9809.682 -13580.521|9787.836 -13577.964|9787.137 -13584.001|9808.989 -13586.559
277 COPPERPOND LD SE,9844.124 -13526.414|9850.017 -13523.400|9850.366 -13523.211|9841.656 -13506.676|9836.567 -13509.390|9836.113 -13510.157
233 COPPERPOND LD SE,9807.333 -13556.981|9805.382 -13551.210|9784.558 -13558.315|9786.501 -13564.086
265 COPPERPOND LD SE,9831.121 -13532.385|9823.718 -13515.728|9818.455 -13518.096|9825.864 -13534.742
253 COPPERPOND LD SE,9810.367 -13543.927|9811.436 -13542.637|9812.639 -13541.469|9813.960 -13540.424|9815.372 -13539.535|9807.941 -13522.822|9802.628 -13525.213|9802.356 -13525.924
217 COPPERPOND LD SE,9808.542 -13592.630|9808.710 -13589.595|9808.989 -13586.559|9787.137 -13584.001|9786.438 -13590.039
49 COPPERPOND LD SE,9849.185 -13680.585|9849.192 -13680.585|9845.682 -13675.615|9825.096 -13690.282|9828.542 -13695.274
141 COPPERPOND LD SE,9882.620 -13570.391|9888.821 -13566.066|9875.832 -13546.896|9869.611 -13551.243
290 COPPERPOND LD SE,9883.655 -13538.790|9873.358 -13519.119|9868.003 -13521.966|9878.293 -13541.625
258 COPPERPOND LD SE,9835.211 -13563.041|9826.137 -13542.515|9820.608 -13544.994|9829.674 -13565.521
53 COPPERPOND LD SE,9845.682 -13675.615|9842.180 -13670.645|9821.635 -13685.289|9825.096 -13690.282
41 COPPERPOND LD SE,9831.995 -13700.267|9836.979 -13707.483|9850.436 -13698.099|9851.135 -13697.565|9851.778 -13696.964|9852.365 -13696.297|9852.883 -13695.574|9853.323 -13694.807|9853.687 -13694.007|9853.966 -13693.161|9854.169 -13692.294|9854.281 -13691.427|9854.309 -13690.537|9854.246 -13689.648|9854.099 -13688.780|9853.868 -13687.924|9853.554 -13687.101|9853.162 -13686.301|9852.694 -13685.556
293 COPPERPOND LD SE,9866.878 -13514.416|9870.715 -13512.325|9862.019 -13495.835|9856.930 -13498.548|9865.640 -13515.072
73 COPPERPOND LD SE,9826.445 -13648.339|9824.054 -13644.947|9822.963 -13643.368|9802.635 -13657.857|9806.095 -13662.850
45 COPPERPOND LD SE,9852.694 -13685.556|9852.673 -13685.522|9849.192 -13680.585|9849.185 -13680.585|9828.542 -13695.274|9831.995 -13700.267
225 COPPERPOND LD SE,9810.471 -13573.627|9803.362 -13572.804|9803.159 -13570.035|9788.486 -13570.725|9788.535 -13571.915|9787.836 -13577.964|9809.682 -13580.521
121 COPPERPOND LD SE,9852.240 -13591.629|9858.419 -13587.315|9845.340 -13568.190|9839.139 -13572.526
117 COPPERPOND LD SE,9846.053 -13595.955|9852.240 -13591.629|9839.139 -13572.526|9832.939 -13576.852
81 COPPERPOND LD SE,9793.673 -13645.059|9797.560 -13650.518|9819.314 -13637.408|9817.672 -13634.328|9816.155 -13631.170|9792.541 -13643.013
249 COPPERPOND LD SE,9799.552 -13533.897|9797.120 -13526.692|9776.791 -13533.619|9776.777 -13535.220|9778.721 -13540.991
149 COPPERPOND LD SE,9898.740 -13559.127|9885.787 -13539.946|9880.810 -13543.426|9893.784 -13562.596
105 COPPERPOND LD SE,9829.961 -13607.208|9836.133 -13602.893|9822.984 -13583.812|9816.763 -13588.149
153 COPPERPOND LD SE,9898.740 -13559.127|9900.145 -13558.149|9900.809 -13557.604|9901.418 -13556.992|9901.970 -13556.336|9902.452 -13555.624|9902.865 -13554.868|9903.207 -13554.079|9903.466 -13553.256|9903.648 -13552.422|9892.001 -13535.598|9885.787 -13539.946
266 COPPERPOND LD SE,9846.298 -13558.093|9837.210 -13537.533|9831.674 -13540.024|9840.754 -13560.573
261 COPPERPOND LD SE,9825.864 -13534.742|9818.455 -13518.096|9813.198 -13520.465|9820.608 -13537.111
269 COPPERPOND LD SE,9836.378 -13530.016|9828.975 -13513.370|9823.718 -13515.728|9831.121 -13532.385
77 COPPERPOND LD SE,9822.963 -13643.368|9821.083 -13640.422|9819.314 -13637.408|9797.560 -13650.518|9802.635 -13657.857
245 COPPERPOND LD SE,9801.496 -13539.668|9799.552 -13533.897|9778.721 -13540.991|9780.664 -13546.773
209 COPPERPOND LD SE,9808.975 -13604.928|9808.696 -13601.848|9808.535 -13598.757|9785.739 -13596.088|9785.040 -13602.126
113 COPPERPOND LD SE,9841.097 -13599.424|9846.053 -13595.955|9832.939 -13576.852|9827.962 -13580.332
285 COPPERPOND LD SE,9860.551 -13517.785|9851.841 -13501.261|9846.745 -13503.974|9855.455 -13520.498
297 COPPERPOND LD SE,9870.715 -13512.325|9874.462 -13510.168|9878.167 -13507.922|9868.849 -13492.177|9867.115 -13493.122|9862.019 -13495.835
69 COPPERPOND LD SE,9829.947 -13653.298|9826.445 -13648.339|9806.095 -13662.850|9809.556 -13667.842
282 COPPERPOND LD SE,9872.931 -13544.461|9862.641 -13524.823|9857.287 -13527.670|9867.563 -13547.307
254 COPPERPOND LD SE,9829.674 -13565.521|9820.608 -13544.994|9819.573 -13545.461|9818.769 -13545.873|9818.014 -13546.362|9817.308 -13546.929|9816.665 -13547.563|9816.085 -13548.252|9815.581 -13548.997|9815.155 -13549.798|9814.806 -13550.632|9822.754 -13568.612
205 COPPERPOND LD SE,9784.159 -13609.687|9795.624 -13611.033|9809.416 -13608.364|9808.975 -13604.928|9785.040 -13602.126
274 COPPERPOND LD SE,9858.922 -13551.866|9852.694 -13538.990|9847.381 -13532.830|9842.739 -13535.042|9851.834 -13555.624
270 COPPERPOND LD SE,9851.834 -13555.624|9842.739 -13535.042|9841.013 -13535.821|9837.210 -13537.533|9846.298 -13558.093
93 COPPERPOND LD SE,9811.891 -13619.673|9811.080 -13616.671|9810.374 -13613.646|9781.957 -13627.901|9783.523 -13628.646|9784.991 -13629.569|9786.347 -13630.659|9787.571 -13631.893
57 COPPERPOND LD SE,9842.180 -13670.645|9837.818 -13664.451|9837.818 -13664.462|9817.322 -13679.062|9821.635 -13685.289
289 COPPERPOND LD SE,9865.640 -13515.072|9856.930 -13498.548|9851.841 -13501.261|9860.551 -13517.785
61 COPPERPOND LD SE,9837.818 -13664.462|9837.818 -13664.451|9833.449 -13658.269|9813.016 -13672.835|9817.322 -13679.062
97 COPPERPOND LD SE,9810.374 -13613.646|9809.696 -13610.099|9794.652 -13613.012|9783.481 -13618.616|9781.139 -13622.875|9780.622 -13627.434|9781.957 -13627.901
137 COPPERPOND LD SE,9873.302 -13576.907|9879.502 -13572.582|9866.486 -13553.412|9860.272 -13557.759
286 COPPERPOND LD SE,9878.293 -13541.625|9868.003 -13521.966|9862.641 -13524.823|9872.931 -13544.461
273 COPPERPOND LD SE,9838.091 -13529.249|9842.956 -13526.981|9834.931 -13510.691|9828.975 -13513.370|9836.378 -13530.016
109 COPPERPOND LD SE,9836.133 -13602.893|9841.097 -13599.424|9827.962 -13580.332|9822.984 -13583.812
85 COPPERPOND LD SE,9792.541 -13643.013|9816.155 -13631.170|9814.945 -13628.368|9813.827 -13625.533|9790.570 -13637.197|9790.919 -13638.565|9791.583 -13640.844
3101 279 COPPERPOND CM SE,9684.188 -13572.215|9689.830 -13569.702|9691.759 -13572.215|9703.112 -13567.167|9750.549 -13561.462|9746.460 -13530.339|9738.127 -13531.184|9729.773 -13531.784|9721.406 -13532.151|9713.038 -13532.285|9686.425 -13532.296|9682.245 -13535.765|9677.953 -13539.079|9671.571 -13543.660
3102 279 COPPERPOND CM SE,9684.188 -13572.215|9689.830 -13569.702|9691.759 -13572.215|9703.112 -13567.167|9750.549 -13561.462|9746.460 -13530.339|9738.127 -13531.184|9729.773 -13531.784|9721.406 -13532.151|9713.038 -13532.285|9686.425 -13532.296|9682.245 -13535.765|9677.953 -13539.079|9671.571 -13543.660
3103 279 COPPERPOND CM SE,9684.188 -13572.215|9689.830 -13569.702|9691.759 -13572.215|9703.112 -13567.167|9750.549 -13561.462|9746.460 -13530.339|9738.127 -13531.184|9729.773 -13531.784|9721.406 -13532.151|9713.038 -13532.285|9686.425 -13532.296|9682.245 -13535.765|9677.953 -13539.079|9671.571 -13543.660
3104 279 COPPERPOND CM SE,9684.188 -13572.215|9689.830 -13569.702|9691.759 -13572.215|9703.112 -13567.167|9750.549 -13561.462|9746.460 -13530.339|9738.127 -13531.184|9729.773 -13531.784|9721.406 -13532.151|9713.038 -13532.285|9686.425 -13532.296|9682.245 -13535.765|9677.953 -13539.079|9671.571 -13543.660
3105 279 COPPERPOND CM SE,9684.188 -13572.215|9689.830 -13569.702|9691.759 -13572.215|9703.112 -13567.167|9750.549 -13561.462|9746.460 -13530.339|9738.127 -13531.184|9729.773 -13531.784|9721.406 -13532.151|9713.038 -13532.285|9686.425 -13532.296|9682.245 -13535.765|9677.953 -13539.079|9671.571 -13543.660
3106 279 COPPERPOND CM SE,9684.188 -13572.215|9689.830 -13569.702|9691.759 -13572.215|9703.112 -13567.167|9750.549 -13561.462|9746.460 -13530.339|9738.127 -13531.184|9729.773 -13531.784|9721.406 -13532.151|9713.038 -13532.285|9686.425 -13532.296|9682.245 -13535.765|9677.953 -13539.079|9671.571 -13543.660
3107 279 COPPERPOND CM SE,9684.188 -13572.215|9689.830 -13569.702|9691.759 -13572.215|9703.112 -13567.167|9750.549 -13561.462|9746.460 -13530.339|9738.127 -13531.184|9729.773 -13531.784|9721.406 -13532.151|9713.038 -13532.285|9686.425 -13532.296|9682.245 -13535.765|9677.953 -13539.079|9671.571 -13543.660
3108 279 COPPERPOND CM SE,9684.188 -13572.215|9689.830 -13569.702|9691.759 -13572.215|9703.112 -13567.167|9750.549 -13561.462|9746.460 -13530.339|9738.127 -13531.184|9729.773 -13531.784|9721.406 -13532.151|9713.038 -13532.285|9686.425 -13532.296|9682.245 -13535.765|9677.953 -13539.079|9671.571 -13543.660
3109 279 COPPERPOND CM SE,9684.188 -13572.215|9689.830 -13569.702|9691.759 -13572.215|9703.112 -13567.167|9750.549 -13561.462|9746.460 -13530.339|9738.127 -13531.184|9729.773 -13531.784|9721.406 -13532.151|9713.038 -13532.285|9686.425 -13532.296|9682.245 -13535.765|9677.953 -13539.079|9671.571 -13543.660
3110 279 COPPERPOND CM SE,9684.188 -13572.215|9689.830 -13569.702|9691.759 -13572.215|9703.112 -13567.167|9750.549 -13561.462|9746.460 -13530.339|9738.127 -13531.184|9729.773 -13531.784|9721.406 -13532.151|9713.038 -13532.285|9686.425 -13532.296|9682.245 -13535.765|9677.953 -13539.079|9671.571 -13543.660
3111 279 COPPERPOND CM SE,9684.188 -13572.215|9689.830 -13569.702|9691.759 -13572.215|9703.112 -13567.167|9750.549 -13561.462|9746.460 -13530.339|9738.127 -13531.184|9729.773 -13531.784|9721.406 -13532.151|9713.038 -13532.285|9686.425 -13532.296|9682.245 -13535.765|9677.953 -13539.079|9671.571 -13543.660
3112 279 COPPERPOND CM SE,9684.188 -13572.215|9689.830 -13569.702|9691.759 -13572.215|9703.112 -13567.167|9750.549 -13561.462|9746.460 -13530.339|9738.127 -13531.184|9729.773 -13531.784|9721.406 -13532.151|9713.038 -13532.285|9686.425 -13532.296|9682.245 -13535.765|9677.953 -13539.079|9671.571 -13543.660
3201 279 COPPERPOND CM SE,9684.188 -13572.215|9689.830 -13569.702|9691.759 -13572.215|9703.112 -13567.167|9750.549 -13561.462|9746.460 -13530.339|9738.127 -13531.184|9729.773 -13531.784|9721.406 -13532.151|9713.038 -13532.285|9686.425 -13532.296|9682.245 -13535.765|9677.953 -13539.079|9671.571 -13543.660
3202 279 COPPERPOND CM SE,9684.188 -13572.215|9689.830 -13569.702|9691.759 -13572.215|9703.112 -13567.167|9750.549 -13561.462|9746.460 -13530.339|9738.127 -13531.184|9729.773 -13531.784|9721.406 -13532.151|9713.038 -13532.285|9686.425 -13532.296|9682.245 -13535.765|9677.953 -13539.079|9671.571 -13543.660
3203 279 COPPERPOND CM SE,9684.188 -13572.215|9689.830 -13569.702|9691.759 -13572.215|9703.112 -13567.167|9750.549 -13561.462|9746.460 -13530.339|9738.127 -13531.184|9729.773 -13531.784|9721.406 -13532.151|9713.038 -13532.285|9686.425 -13532.296|9682.245 -13535.765|9677.953 -13539.079|9671.571 -13543.660
3204 279 COPPERPOND CM SE,9684.188 -13572.215|9689.830 -13569.702|9691.759 -13572.215|9703.112 -13567.167|9750.549 -13561.462|9746.460 -13530.339|9738.127 -13531.184|9729.773 -13531.784|9721.406 -13532.151|9713.038 -13532.285|9686.425 -13532.296|9682.245 -13535.765|9677.953 -13539.079|9671.571 -13543.660
3205 279 COPPERPOND CM SE,9684.188 -13572.215|9689.830 -13569.702|9691.759 -13572.215|9703.112 -13567.167|9750.549 -13561.462|9746.460 -13530.339|9738.127 -13531.184|9729.773 -13531.784|9721.406 -13532.151|9713.038 -13532.285|9686.425 -13532.296|9682.245 -13535.765|9677.953 -13539.079|9671.571 -13543.660
3206 279 COPPERPOND CM SE,9684.188 -13572.215|9689.830 -13569.702|9691.759 -13572.215|9703.112 -13567.167|9750.549 -13561.462|9746.460 -13530.339|9738.127 -13531.184|9729.773 -13531.784|9721.406 -13532.151|9713.038 -13532.285|9686.425 -13532.296|9682.245 -13535.765|9677.953 -13539.079|9671.571 -13543.660
3207 279 COPPERPOND CM SE,9684.188 -13572.215|9689.830 -13569.702|9691.759 -13572.215|9703.112 -13567.167|9750.549 -13561.462|9746.460 -13530.339|9738.127 -13531.184|9729.773 -13531.784|9721.406 -13532.151|9713.038 -13532.285|9686.425 -13532.296|9682.245 -13535.765|9677.953 -13539.079|9671.571 -13543.660
3208 279 COPPERPOND CM SE,9684.188 -13572.215|9689.830 -13569.702|9691.759 -13572.215|9703.112 -13567.167|9750.549 -13561.462|9746.460 -13530.339|9738.127 -13531.184|9729.773 -13531.784|9721.406 -13532.151|9713.038 -13532.285|9686.425 -13532.296|9682.245 -13535.765|9677.953 -13539.079|9671.571 -13543.660
3209 279 COPPERPOND CM SE,9684.188 -13572.215|9689.830 -13569.702|9691.759 -13572.215|9703.112 -13567.167|9750.549 -13561.462|9746.460 -13530.339|9738.127 -13531.184|9729.773 -13531.784|9721.406 -13532.151|9713.038 -13532.285|9686.425 -13532.296|9682.245 -13535.765|9677.953 -13539.079|9671.571 -13543.660
3210 279 COPPERPOND CM SE,9684.188 -13572.215|9689.830 -13569.702|9691.759 -13572.215|9703.112 -13567.167|9750.549 -13561.462|9746.460 -13530.339|9738.127 -13531.184|9729.773 -13531.784|9721.406 -13532.151|9713.038 -13532.285|9686.425 -13532.296|9682.245 -13535.765|9677.953 -13539.079|9671.571 -13543.660
3211 279 COPPERPOND CM SE,9684.188 -13572.215|9689.830 -13569.702|9691.759 -13572.215|9703.112 -13567.167|9750.549 -13561.462|9746.460 -13530.339|9738.127 -13531.184|9729.773 -13531.784|9721.406 -13532.151|9713.038 -13532.285|9686.425 -13532.296|9682.245 -13535.765|9677.953 -13539.079|9671.571 -13543.660
3212 279 COPPERPOND CM SE,9684.188 -13572.215|9689.830 -13569.702|9691.759 -13572.215|9703.112 -13567.167|9750.549 -13561.462|9746.460 -13530.339|9738.127 -13531.184|9729.773 -13531.784|9721.406 -13532.151|9713.038 -13532.285|9686.425 -13532.296|9682.245 -13535.765|9677.953 -13539.079|9671.571 -13543.660
3301 279 COPPERPOND CM SE,9684.188 -13572.215|9689.830 -13569.702|9691.759 -13572.215|9703.112 -13567.167|9750.549 -13561.462|9746.460 -13530.339|9738.127 -13531.184|9729.773 -13531.784|9721.406 -13532.151|9713.038 -13532.285|9686.425 -13532.296|9682.245 -13535.765|9677.953 -13539.079|9671.571 -13543.660
3302 279 COPPERPOND CM SE,9684.188 -13572.215|9689.830 -13569.702|9691.759 -13572.215|9703.112 -13567.167|9750.549 -13561.462|9746.460 -13530.339|9738.127 -13531.184|9729.773 -13531.784|9721.406 -13532.151|9713.038 -13532.285|9686.425 -13532.296|9682.245 -13535.765|9677.953 -13539.079|9671.571 -13543.660
3303 279 COPPERPOND CM SE,9684.188 -13572.215|9689.830 -13569.702|9691.759 -13572.215|9703.112 -13567.167|9750.549 -13561.462|9746.460 -13530.339|9738.127 -13531.184|9729.773 -13531.784|9721.406 -13532.151|9713.038 -13532.285|9686.425 -13532.296|9682.245 -13535.765|9677.953 -13539.079|9671.571 -13543.660
3304 279 COPPERPOND CM SE,9684.188 -13572.215|9689.830 -13569.702|9691.759 -13572.215|9703.112 -13567.167|9750.549 -13561.462|9746.460 -13530.339|9738.127 -13531.184|9729.773 -13531.784|9721.406 -13532.151|9713.038 -13532.285|9686.425 -13532.296|9682.245 -13535.765|9677.953 -13539.079|9671.571 -13543.660
3305 279 COPPERPOND CM SE,9684.188 -13572.215|9689.830 -13569.702|9691.759 -13572.215|9703.112 -13567.167|9750.549 -13561.462|9746.460 -13530.339|9738.127 -13531.184|9729.773 -13531.784|9721.406 -13532.151|9713.038 -13532.285|9686.425 -13532.296|9682.245 -13535.765|9677.953 -13539.079|9671.571 -13543.660
3306 279 COPPERPOND CM SE,9684.188 -13572.215|9689.830 -13569.702|9691.759 -13572.215|9703.112 -13567.167|9750.549 -13561.462|9746.460 -13530.339|9738.127 -13531.184|9729.773 -13531.784|9721.406 -13532.151|9713.038 -13532.285|9686.425 -13532.296|9682.245 -13535.765|9677.953 -13539.079|9671.571 -13543.660
3307 279 COPPERPOND CM SE,9684.188 -13572.215|9689.830 -13569.702|9691.759 -13572.215|9703.112 -13567.167|9750.549 -13561.462|9746.460 -13530.339|9738.127 -13531.184|9729.773 -13531.784|9721.406 -13532.151|9713.038 -13532.285|9686.425 -13532.296|9682.245 -13535.765|9677.953 -13539.079|9671.571 -13543.660
3308 279 COPPERPOND CM SE,9684.188 -13572.215|9689.830 -13569.702|9691.759 -13572.215|9703.112 -13567.167|9750.549 -13561.462|9746.460 -13530.339|9738.127 -13531.184|9729.773 -13531.784|9721.406 -13532.151|9713.038 -13532.285|9686.425 -13532.296|9682.245 -13535.765|9677.953 -13539.079|9671.571 -13543.660
3309 279 COPPERPOND CM SE,9684.188 -13572.215|9689.830 -13569.702|9691.759 -13572.215|9703.112 -13567.167|9750.549 -13561.462|9746.460 -13530.339|9738.127 -13531.184|9729.773 -13531.784|9721.406 -13532.151|9713.038 -13532.285|9686.425 -13532.296|9682.245 -13535.765|9677.953 -13539.079|9671.571 -13543.660
3310 279 COPPERPOND CM SE,9684.188 -13572.215|9689.830 -13569.702|9691.759 -13572.215|9703.112 -13567.167|9750.549 -13561.462|9746.460 -13530.339|9738.127 -13531.184|9729.773 -13531.784|9721.406 -13532.151|9713.038 -13532.285|9686.425 -13532.296|9682.245 -13535.765|9677.953 -13539.079|9671.571 -13543.660
3311 279 COPPERPOND CM SE,9684.188 -13572.215|9689.830 -13569.702|9691.759 -13572.215|9703.112 -13567.167|9750.549 -13561.462|9746.460 -13530.339|9738.127 -13531.184|9729.773 -13531.784|9721.406 -13532.151|9713.038 -13532.285|9686.425 -13532.296|9682.245 -13535.765|9677.953 -13539.079|9671.571 -13543.660
3312 279 COPPERPOND CM SE,9684.188 -13572.215|9689.830 -13569.702|9691.759 -13572.215|9703.112 -13567.167|9750.549 -13561.462|9746.460 -13530.339|9738.127 -13531.184|9729.773 -13531.784|9721.406 -13532.151|9713.038 -13532.285|9686.425 -13532.296|9682.245 -13535.765|9677.953 -13539.079|9671.571 -13543.660
3401 279 COPPERPOND CM SE,9684.188 -13572.215|9689.830 -13569.702|9691.759 -13572.215|9703.112 -13567.167|9750.549 -13561.462|9746.460 -13530.339|9738.127 -13531.184|9729.773 -13531.784|9721.406 -13532.151|9713.038 -13532.285|9686.425 -13532.296|9682.245 -13535.765|9677.953 -13539.079|9671.571 -13543.660
3402 279 COPPERPOND CM SE,9684.188 -13572.215|9689.830 -13569.702|9691.759 -13572.215|9703.112 -13567.167|9750.549 -13561.462|9746.460 -13530.339|9738.127 -13531.184|9729.773 -13531.784|9721.406 -13532.151|9713.038 -13532.285|9686.425 -13532.296|9682.245 -13535.765|9677.953 -13539.079|9671.571 -13543.660
3403 279 COPPERPOND CM SE,9684.188 -13572.215|9689.830 -13569.702|9691.759 -13572.215|9703.112 -13567.167|9750.549 -13561.462|9746.460 -13530.339|9738.127 -13531.184|9729.773 -13531.784|9721.406 -13532.151|9713.038 -13532.285|9686.425 -13532.296|9682.245 -13535.765|9677.953 -13539.079|9671.571 -13543.660
3404 279 COPPERPOND CM SE,9684.188 -13572.215|9689.830 -13569.702|9691.759 -13572.215|9703.112 -13567.167|9750.549 -13561.462|9746.460 -13530.339|9738.127 -13531.184|9729.773 -13531.784|9721.406 -13532.151|9713.038 -13532.285|9686.425 -13532.296|9682.245 -13535.765|9677.953 -13539.079|9671.571 -13543.660
3405 279 COPPERPOND CM SE,9684.188 -13572.215|9689.830 -13569.702|9691.759 -13572.215|9703.112 -13567.167|9750.549 -13561.462|9746.460 -13530.339|9738.127 -13531.184|9729.773 -13531.784|9721.406 -13532.151|9713.038 -13532.285|9686.425 -13532.296|9682.245 -13535.765|9677.953 -13539.079|9671.571 -13543.660
3406 279 COPPERPOND CM SE,9684.188 -13572.215|9689.830 -13569.702|9691.759 -13572.215|9703.112 -13567.167|9750.549 -13561.462|9746.460 -13530.339|9738.127 -13531.184|9729.773 -13531.784|9721.406 -13532.151|9713.038 -13532.285|9686.425 -13532.296|9682.245 -13535.765|9677.953 -13539.079|9671.571 -13543.660
3407 279 COPPERPOND CM SE,9684.188 -13572.215|9689.830 -13569.702|9691.759 -13572.215|9703.112 -13567.167|9750.549 -13561.462|9746.460 -13530.339|9738.127 -13531.184|9729.773 -13531.784|9721.406 -13532.151|9713.038 -13532.285|9686.425 -13532.296|9682.245 -13535.765|9677.953 -13539.079|9671.571 -13543.660
3408 279 COPPERPOND CM SE,9684.188 -13572.215|9689.830 -13569.702|9691.759 -13572.215|9703.112 -13567.167|9750.549 -13561.462|9746.460 -13530.339|9738.127 -13531.184|9729.773 -13531.784|9721.406 -13532.151|9713.038 -13532.285|9686.425 -13532.296|9682.245 -13535.765|9677.953 -13539.079|9671.571 -13543.660
3409 279 COPPERPOND CM SE,9684.188 -13572.215|9689.830 -13569.702|9691.759 -13572.215|9703.112 -13567.167|9750.549 -13561.462|9746.460 -13530.339|9738.127 -13531.184|9729.773 -13531.784|9721.406 -13532.151|9713.038 -13532.285|9686.425 -13532.296|9682.245 -13535.765|9677.953 -13539.079|9671.571 -13543.660
3410 279 COPPERPOND CM SE,9684.188 -13572.215|9689.830 -13569.702|9691.759 -13572.215|9703.112 -13567.167|9750.549 -13561.462|9746.460 -13530.339|9738.127 -13531.184|9729.773 -13531.784|9721.406 -13532.151|9713.038 -13532.285|9686.425 -13532.296|9682.245 -13535.765|9677.953 -13539.079|9671.571 -13543.660
3411 279 COPPERPOND CM SE,9684.188 -13572.215|9689.830 -13569.702|9691.759 -13572.215|9703.112 -13567.167|9750.549 -13561.462|9746.460 -13530.339|9738.127 -13531.184|9729.773 -13531.784|9721.406 -13532.151|9713.038 -13532.285|9686.425 -13532.296|9682.245 -13535.765|9677.953 -13539.079|9671.571 -13543.660
3412 279 COPPERPOND CM SE,9684.188 -13572.215|9689.830 -13569.702|9691.759 -13572.215|9703.112 -13567.167|9750.549 -13561.462|9746.460 -13530.339|9738.127 -13531.184|9729.773 -13531.784|9721.406 -13532.151|9713.038 -13532.285|9686.425 -13532.296|9682.245 -13535.765|9677.953 -13539.079|9671.571 -13543.660
344V 279 COPPERPOND CM SE,9684.188 -13572.215|9689.830 -13569.702|9691.759 -13572.215|9703.112 -13567.167|9750.549 -13561.462|9746.460 -13530.339|9738.127 -13531.184|9729.773 -13531.784|9721.406 -13532.151|9713.038 -13532.285|9686.425 -13532.296|9682.245 -13535.765|9677.953 -13539.079|9671.571 -13543.660
345V 279 COPPERPOND CM SE,9684.188 -13572.215|9689.830 -13569.702|9691.759 -13572.215|9703.112 -13567.167|9750.549 -13561.462|9746.460 -13530.339|9738.127 -13531.184|9729.773 -13531.784|9721.406 -13532.151|9713.038 -13532.285|9686.425 -13532.296|9682.245 -13535.765|9677.953 -13539.079|9671.571 -13543.660
346V 279 COPPERPOND CM SE,9684.188 -13572.215|9689.830 -13569.702|9691.759 -13572.215|9703.112 -13567.167|9750.549 -13561.462|9746.460 -13530.339|9738.127 -13531.184|9729.773 -13531.784|9721.406 -13532.151|9713.038 -13532.285|9686.425 -13532.296|9682.245 -13535.765|9677.953 -13539.079|9671.571 -13543.660
347V 279 COPPERPOND CM SE,9684.188 -13572.215|9689.830 -13569.702|9691.759 -13572.215|9703.112 -13567.167|9750.549 -13561.462|9746.460 -13530.339|9738.127 -13531.184|9729.773 -13531.784|9721.406 -13532.151|9713.038 -13532.285|9686.425 -13532.296|9682.245 -13535.765|9677.953 -13539.079|9671.571 -13543.660
348V 279 COPPERPOND CM SE,9684.188 -13572.215|9689.830 -13569.702|9691.759 -13572.215|9703.112 -13567.167|9750.549 -13561.462|9746.460 -13530.339|9738.127 -13531.184|9729.773 -13531.784|9721.406 -13532.151|9713.038 -13532.285|9686.425 -13532.296|9682.245 -13535.765|9677.953 -13539.079|9671.571 -13543.660
349V 279 COPPERPOND CM SE,9684.188 -13572.215|9689.830 -13569.702|9691.759 -13572.215|9703.112 -13567.167|9750.549 -13561.462|9746.460 -13530.339|9738.127 -13531.184|9729.773 -13531.784|9721.406 -13532.151|9713.038 -13532.285|9686.425 -13532.296|9682.245 -13535.765|9677.953 -13539.079|9671.571 -13543.660
350V 279 COPPERPOND CM SE,9684.188 -13572.215|9689.830 -13569.702|9691.759 -13572.215|9703.112 -13567.167|9750.549 -13561.462|9746.460 -13530.339|9738.127 -13531.184|9729.773 -13531.784|9721.406 -13532.151|9713.038 -13532.285|9686.425 -13532.296|9682.245 -13535.765|9677.953 -13539.079|9671.571 -13543.660
351V 279 COPPERPOND CM SE,9684.188 -13572.215|9689.830 -13569.702|9691.759 -13572.215|9703.112 -13567.167|9750.549 -13561.462|9746.460 -13530.339|9738.127 -13531.184|9729.773 -13531.784|9721.406 -13532.151|9713.038 -13532.285|9686.425 -13532.296|9682.245 -13535.765|9677.953 -13539.079|9671.571 -13543.660
352V 279 COPPERPOND CM SE,9684.188 -13572.215|9689.830 -13569.702|9691.759 -13572.215|9703.112 -13567.167|9750.549 -13561.462|9746.460 -13530.339|9738.127 -13531.184|9729.773 -13531.784|9721.406 -13532.151|9713.038 -13532.285|9686.425 -13532.296|9682.245 -13535.765|9677.953 -13539.079|9671.571 -13543.660
353V 279 COPPERPOND CM SE,9684.188 -13572.215|9689.830 -13569.702|9691.759 -13572.215|9703.112 -13567.167|9750.549 -13561.462|9746.460 -13530.339|9738.127 -13531.184|9729.773 -13531.784|9721.406 -13532.151|9713.038 -13532.285|9686.425 -13532.296|9682.245 -13535.765|9677.953 -13539.079|9671.571 -13543.660
354V 279 COPPERPOND CM SE,9684.188 -13572.215|9689.830 -13569.702|9691.759 -13572.215|9703.112 -13567.167|9750.549 -13561.462|9746.460 -13530.339|9738.127 -13531.184|9729.773 -13531.784|9721.406 -13532.151|9713.038 -13532.285|9686.425 -13532.296|9682.245 -13535.765|9677.953 -13539.079|9671.571 -13543.660
355V 279 COPPERPOND CM SE,9684.188 -13572.215|9689.830 -13569.702|9691.759 -13572.215|9703.112 -13567.167|9750.549 -13561.462|9746.460 -13530.339|9738.127 -13531.184|9729.773 -13531.784|9721.406 -13532.151|9713.038 -13532.285|9686.425 -13532.296|9682.245 -13535.765|9677.953 -13539.079|9671.571 -13543.660
356V 279 COPPERPOND CM SE,9684.188 -13572.215|9689.830 -13569.702|9691.759 -13572.215|9703.112 -13567.167|9750.549 -13561.462|9746.460 -13530.339|9738.127 -13531.184|9729.773 -13531.784|9721.406 -13532.151|9713.038 -13532.285|9686.425 -13532.296|9682.245 -13535.765|9677.953 -13539.079|9671.571 -13543.660
357V 279 COPPERPOND CM SE,9684.188 -13572.215|9689.830 -13569.702|9691.759 -13572.215|9703.112 -13567.167|9750.549 -13561.462|9746.460 -13530.339|9738.127 -13531.184|9729.773 -13531.784|9721.406 -13532.151|9713.038 -13532.285|9686.425 -13532.296|9682.245 -13535.765|9677.953 -13539.079|9671.571 -13543.660
358V 279 COPPERPOND CM SE,9684.188 -13572.215|9689.830 -13569.702|9691.759 -13572.215|9703.112 -13567.167|9750.549 -13561.462|9746.460 -13530.339|9738.127 -13531.184|9729.773 -13531.784|9721.406 -13532.151|9713.038 -13532.285|9686.425 -13532.296|9682.245 -13535.765|9677.953 -13539.079|9671.571 -13543.660
359V 279 COPPERPOND CM SE,9684.188 -13572.215|9689.830 -13569.702|9691.759 -13572.215|9703.112 -13567.167|9750.549 -13561.462|9746.460 -13530.339|9738.127 -13531.184|9729.773 -13531.784|9721.406 -13532.151|9713.038 -13532.285|9686.425 -13532.296|9682.245 -13535.765|9677.953 -13539.079|9671.571 -13543.660
360V 279 COPPERPOND CM SE,9684.188 -13572.215|9689.830 -13569.702|9691.759 -13572.215|9703.112 -13567.167|9750.549 -13561.462|9746.460 -13530.339|9738.127 -13531.184|9729.773 -13531.784|9721.406 -13532.151|9713.038 -13532.285|9686.425 -13532.296|9682.245 -13535.765|9677.953 -13539.079|9671.571 -13543.660
361V 279 COPPERPOND CM SE,9684.188 -13572.215|9689.830 -13569.702|9691.759 -13572.215|9703.112 -13567.167|9750.549 -13561.462|9746.460 -13530.339|9738.127 -13531.184|9729.773 -13531.784|9721.406 -13532.151|9713.038 -13532.285|9686.425 -13532.296|9682.245 -13535.765|9677.953 -13539.079|9671.571 -13543.660
362V 279 COPPERPOND CM SE,9684.188 -13572.215|9689.830 -13569.702|9691.759 -13572.215|9703.112 -13567.167|9750.549 -13561.462|9746.460 -13530.339|9738.127 -13531.184|9729.773 -13531.784|9721.406 -13532.151|9713.038 -13532.285|9686.425 -13532.296|9682.245 -13535.765|9677.953 -13539.079|9671.571 -13543.660
363V 279 COPPERPOND CM SE,9684.188 -13572.215|9689.830 -13569.702|9691.759 -13572.215|9703.112 -13567.167|9750.549 -13561.462|9746.460 -13530.339|9738.127 -13531.184|9729.773 -13531.784|9721.406 -13532.151|9713.038 -13532.285|9686.425 -13532.296|9682.245 -13535.765|9677.953 -13539.079|9671.571 -13543.660
364V 279 COPPERPOND CM SE,9684.188 -13572.215|9689.830 -13569.702|9691.759 -13572.215|9703.112 -13567.167|9750.549 -13561.462|9746.460 -13530.339|9738.127 -13531.184|9729.773 -13531.784|9721.406 -13532.151|9713.038 -13532.285|9686.425 -13532.296|9682.245 -13535.765|9677.953 -13539.079|9671.571 -13543.660
365V 279 COPPERPOND CM SE,9684.188 -13572.215|9689.830 -13569.702|9691.759 -13572.215|9703.112 -13567.167|9750.549 -13561.462|9746.460 -13530.339|9738.127 -13531.184|9729.773 -13531.784|9721.406 -13532.151|9713.038 -13532.285|9686.425 -13532.296|9682.245 -13535.765|9677.953 -13539.079|9671.571 -13543.660
366V 279 COPPERPOND CM SE,9684.188 -13572.215|9689.830 -13569.702|9691.759 -13572.215|9703.112 -13567.167|9750.549 -13561.462|9746.460 -13530.339|9738.127 -13531.184|9729.773 -13531.784|9721.406 -13532.151|9713.038 -13532.285|9686.425 -13532.296|9682.245 -13535.765|9677.953 -13539.079|9671.571 -13543.660
367V 279 COPPERPOND CM SE,9684.188 -13572.215|9689.830 -13569.702|9691.759 -13572.215|9703.112 -13567.167|9750.549 -13561.462|9746.460 -13530.339|9738.127 -13531.184|9729.773 -13531.784|9721.406 -13532.151|9713.038 -13532.285|9686.425 -13532.296|9682.245 -13535.765|9677.953 -13539.079|9671.571 -13543.660
368V 279 COPPERPOND CM SE,9684.188 -13572.215|9689.830 -13569.702|9691.759 -13572.215|9703.112 -13567.167|9750.549 -13561.462|9746.460 -13530.339|9738.127 -13531.184|9729.773 -13531.784|9721.406 -13532.151|9713.038 -13532.285|9686.425 -13532.296|9682.245 -13535.765|9677.953 -13539.079|9671.571 -13543.660
369V 279 COPPERPOND CM SE,9684.188 -13572.215|9689.830 -13569.702|9691.759 -13572.215|9703.112 -13567.167|9750.549 -13561.462|9746.460 -13530.339|9738.127 -13531.184|9729.773 -13531.784|9721.406 -13532.151|9713.038 -13532.285|9686.425 -13532.296|9682.245 -13535.765|9677.953 -13539.079|9671.571 -13543.660
370V 279 COPPERPOND CM SE,9684.188 -13572.215|9689.830 -13569.702|9691.759 -13572.215|9703.112 -13567.167|9750.549 -13561.462|9746.460 -13530.339|9738.127 -13531.184|9729.773 -13531.784|9721.406 -13532.151|9713.038 -13532.285|9686.425 -13532.296|9682.245 -13535.765|9677.953 -13539.079|9671.571 -13543.660
371V 279 COPPERPOND CM SE,9684.188 -13572.215|9689.830 -13569.702|9691.759 -13572.215|9703.112 -13567.167|9750.549 -13561.462|9746.460 -13530.339|9738.127 -13531.184|9729.773 -13531.784|9721.406 -13532.151|9713.038 -13532.285|9686.425 -13532.296|9682.245 -13535.765|9677.953 -13539.079|9671.571 -13543.660
372V 279 COPPERPOND CM SE,9684.188 -13572.215|9689.830 -13569.702|9691.759 -13572.215|9703.112 -13567.167|9750.549 -13561.462|9746.460 -13530.339|9738.127 -13531.184|9729.773 -13531.784|9721.406 -13532.151|9713.038 -13532.285|9686.425 -13532.296|9682.245 -13535.765|9677.953 -13539.079|9671.571 -13543.660
373V 279 COPPERPOND CM SE,9684.188 -13572.215|9689.830 -13569.702|9691.759 -13572.215|9703.112 -13567.167|9750.549 -13561.462|9746.460 -13530.339|9738.127 -13531.184|9729.773 -13531.784|9721.406 -13532.151|9713.038 -13532.285|9686.425 -13532.296|9682.245 -13535.765|9677.953 -13539.079|9671.571 -13543.660
374V 279 COPPERPOND CM SE,9684.188 -13572.215|9689.830 -13569.702|9691.759 -13572.215|9703.112 -13567.167|9750.549 -13561.462|9746.460 -13530.339|9738.127 -13531.184|9729.773 -13531.784|9721.406 -13532.151|9713.038 -13532.285|9686.425 -13532.296|9682.245 -13535.765|9677.953 -13539.079|9671.571 -13543.660
375V 279 COPPERPOND CM SE,9684.188 -13572.215|9689.830 -13569.702|9691.759 -13572.215|9703.112 -13567.167|9750.549 -13561.462|9746.460 -13530.339|9738.127 -13531.184|9729.773 -13531.784|9721.406 -13532.151|9713.038 -13532.285|9686.425 -13532.296|9682.245 -13535.765|9677.953 -13539.079|9671.571 -13543.660
376V 279 COPPERPOND CM SE,9684.188 -13572.215|9689.830 -13569.702|9691.759 -13572.215|9703.112 -13567.167|9750.549 -13561.462|9746.460 -13530.339|9738.127 -13531.184|9729.773 -13531.784|9721.406 -13532.151|9713.038 -13532.285|9686.425 -13532.296|9682.245 -13535.765|9677.953 -13539.079|9671.571 -13543.660
377V 279 COPPERPOND CM SE,9684.188 -13572.215|9689.830 -13569.702|9691.759 -13572.215|9703.112 -13567.167|9750.549 -13561.462|9746.460 -13530.339|9738.127 -13531.184|9729.773 -13531.784|9721.406 -13532.151|9713.038 -13532.285|9686.425 -13532.296|9682.245 -13535.765|9677.953 -13539.079|9671.571 -13543.660
378V 279 COPPERPOND CM SE,9684.188 -13572.215|9689.830 -13569.702|9691.759 -13572.215|9703.112 -13567.167|9750.549 -13561.462|9746.460 -13530.339|9738.127 -13531.184|9729.773 -13531.784|9721.406 -13532.151|9713.038 -13532.285|9686.425 -13532.296|9682.245 -13535.765|9677.953 -13539.079|9671.571 -13543.660
379V 279 COPPERPOND CM SE,9684.188 -13572.215|9689.830 -13569.702|9691.759 -13572.215|9703.112 -13567.167|9750.549 -13561.462|9746.460 -13530.339|9738.127 -13531.184|9729.773 -13531.784|9721.406 -13532.151|9713.038 -13532.285|9686.425 -13532.296|9682.245 -13535.765|9677.953 -13539.079|9671.571 -13543.660
380V 279 COPPERPOND CM SE,9684.188 -13572.215|9689.830 -13569.702|9691.759 -13572.215|9703.112 -13567.167|9750.549 -13561.462|9746.460 -13530.339|9738.127 -13531.184|9729.773 -13531.784|9721.406 -13532.151|9713.038 -13532.285|9686.425 -13532.296|9682.245 -13535.765|9677.953 -13539.079|9671.571 -13543.660
381V 279 COPPERPOND CM SE,9684.188 -13572.215|9689.830 -13569.702|9691.759 -13572.215|9703.112 -13567.167|9750.549 -13561.462|9746.460 -13530.339|9738.127 -13531.184|9729.773 -13531.784|9721.406 -13532.151|9713.038 -13532.285|9686.425 -13532.296|9682.245 -13535.765|9677.953 -13539.079|9671.571 -13543.660
382V 279 COPPERPOND CM SE,9684.188 -13572.215|9689.830 -13569.702|9691.759 -13572.215|9703.112 -13567.167|9750.549 -13561.462|9746.460 -13530.339|9738.127 -13531.184|9729.773 -13531.784|9721.406 -13532.151|9713.038 -13532.285|9686.425 -13532.296|9682.245 -13535.765|9677.953 -13539.079|9671.571 -13543.660
383V 279 COPPERPOND CM SE,9684.188 -13572.215|9689.830 -13569.702|9691.759 -13572.215|9703.112 -13567.167|9750.549 -13561.462|9746.460 -13530.339|9738.127 -13531.184|9729.773 -13531.784|9721.406 -13532.151|9713.038 -13532.285|9686.425 -13532.296|9682.245 -13535.765|9677.953 -13539.079|9671.571 -13543.660
384V 279 COPPERPOND CM SE,9684.188 -13572.215|9689.830 -13569.702|9691.759 -13572.215|9703.112 -13567.167|9750.549 -13561.462|9746.460 -13530.339|9738.127 -13531.184|9729.773 -13531.784|9721.406 -13532.151|9713.038 -13532.285|9686.425 -13532.296|9682.245 -13535.765|9677.953 -13539.079|9671.571 -13543.660
4101 279 COPPERPOND CM SE,9678.400 -13578.186|9664.958 -13547.885|9657.485 -13552.144|9649.802 -13555.991|9641.917 -13559.416|9633.857 -13562.407|9625.657 -13564.965|9617.325 -13567.066|9608.894 -13568.723|9600.387 -13569.913|9603.001 -13576.095|9605.734 -13582.545|9608.104 -13588.138|9610.474 -13593.742|9612.851 -13599.335|9615.220 -13604.939|9615.675 -13606.007
4102 279 COPPERPOND CM SE,9678.400 -13578.186|9664.958 -13547.885|9657.485 -13552.144|9649.802 -13555.991|9641.917 -13559.416|9633.857 -13562.407|9625.657 -13564.965|9617.325 -13567.066|9608.894 -13568.723|9600.387 -13569.913|9603.001 -13576.095|9605.734 -13582.545|9608.104 -13588.138|9610.474 -13593.742|9612.851 -13599.335|9615.220 -13604.939|9615.675 -13606.007
4103 279 COPPERPOND CM SE,9678.400 -13578.186|9664.958 -13547.885|9657.485 -13552.144|9649.802 -13555.991|9641.917 -13559.416|9633.857 -13562.407|9625.657 -13564.965|9617.325 -13567.066|9608.894 -13568.723|9600.387 -13569.913|9603.001 -13576.095|9605.734 -13582.545|9608.104 -13588.138|9610.474 -13593.742|9612.851 -13599.335|9615.220 -13604.939|9615.675 -13606.007
4104 279 COPPERPOND CM SE,9678.400 -13578.186|9664.958 -13547.885|9657.485 -13552.144|9649.802 -13555.991|9641.917 -13559.416|9633.857 -13562.407|9625.657 -13564.965|9617.325 -13567.066|9608.894 -13568.723|9600.387 -13569.913|9603.001 -13576.095|9605.734 -13582.545|9608.104 -13588.138|9610.474 -13593.742|9612.851 -13599.335|9615.220 -13604.939|9615.675 -13606.007
4105 279 COPPERPOND CM SE,9678.400 -13578.186|9664.958 -13547.885|9657.485 -13552.144|9649.802 -13555.991|9641.917 -13559.416|9633.857 -13562.407|9625.657 -13564.965|9617.325 -13567.066|9608.894 -13568.723|9600.387 -13569.913|9603.001 -13576.095|9605.734 -13582.545|9608.104 -13588.138|9610.474 -13593.742|9612.851 -13599.335|9615.220 -13604.939|9615.675 -13606.007
4106 279 COPPERPOND CM SE,9678.400 -13578.186|9664.958 -13547.885|9657.485 -13552.144|9649.802 -13555.991|9641.917 -13559.416|9633.857 -13562.407|9625.657 -13564.965|9617.325 -13567.066|9608.894 -13568.723|9600.387 -13569.913|9603.001 -13576.095|9605.734 -13582.545|9608.104 -13588.138|9610.474 -13593.742|9612.851 -13599.335|9615.220 -13604.939|9615.675 -13606.007
4107 279 COPPERPOND CM SE,9678.400 -13578.186|9664.958 -13547.885|9657.485 -13552.144|9649.802 -13555.991|9641.917 -13559.416|9633.857 -13562.407|9625.657 -13564.965|9617.325 -13567.066|9608.894 -13568.723|9600.387 -13569.913|9603.001 -13576.095|9605.734 -13582.545|9608.104 -13588.138|9610.474 -13593.742|9612.851 -13599.335|9615.220 -13604.939|9615.675 -13606.007
4108 279 COPPERPOND CM SE,9678.400 -13578.186|9664.958 -13547.885|9657.485 -13552.144|9649.802 -13555.991|9641.917 -13559.416|9633.857 -13562.407|9625.657 -13564.965|9617.325 -13567.066|9608.894 -13568.723|9600.387 -13569.913|9603.001 -13576.095|9605.734 -13582.545|9608.104 -13588.138|9610.474 -13593.742|9612.851 -13599.335|9615.220 -13604.939|9615.675 -13606.007
4109 279 COPPERPOND CM SE,9678.400 -13578.186|9664.958 -13547.885|9657.485 -13552.144|9649.802 -13555.991|9641.917 -13559.416|9633.857 -13562.407|9625.657 -13564.965|9617.325 -13567.066|9608.894 -13568.723|9600.387 -13569.913|9603.001 -13576.095|9605.734 -13582.545|9608.104 -13588.138|9610.474 -13593.742|9612.851 -13599.335|9615.220 -13604.939|9615.675 -13606.007
4110 279 COPPERPOND CM SE,9678.400 -13578.186|9664.958 -13547.885|9657.485 -13552.144|9649.802 -13555.991|9641.917 -13559.416|9633.857 -13562.407|9625.657 -13564.965|9617.325 -13567.066|9608.894 -13568.723|9600.387 -13569.913|9603.001 -13576.095|9605.734 -13582.545|9608.104 -13588.138|9610.474 -13593.742|9612.851 -13599.335|9615.220 -13604.939|9615.675 -13606.007
4111 279 COPPERPOND CM SE,9678.400 -13578.186|9664.958 -13547.885|9657.485 -13552.144|9649.802 -13555.991|9641.917 -13559.416|9633.857 -13562.407|9625.657 -13564.965|9617.325 -13567.066|9608.894 -13568.723|9600.387 -13569.913|9603.001 -13576.095|9605.734 -13582.545|9608.104 -13588.138|9610.474 -13593.742|9612.851 -13599.335|9615.220 -13604.939|9615.675 -13606.007
4112 279 COPPERPOND CM SE,9678.400 -13578.186|9664.958 -13547.885|9657.485 -13552.144|9649.802 -13555.991|9641.917 -13559.416|9633.857 -13562.407|9625.657 -13564.965|9617.325 -13567.066|9608.894 -13568.723|9600.387 -13569.913|9603.001 -13576.095|9605.734 -13582.545|9608.104 -13588.138|9610.474 -13593.742|9612.851 -13599.335|9615.220 -13604.939|9615.675 -13606.007
4201 279 COPPERPOND CM SE,9678.400 -13578.186|9664.958 -13547.885|9657.485 -13552.144|9649.802 -13555.991|9641.917 -13559.416|9633.857 -13562.407|9625.657 -13564.965|9617.325 -13567.066|9608.894 -13568.723|9600.387 -13569.913|9603.001 -13576.095|9605.734 -13582.545|9608.104 -13588.138|9610.474 -13593.742|9612.851 -13599.335|9615.220 -13604.939|9615.675 -13606.007
4202 279 COPPERPOND CM SE,9678.400 -13578.186|9664.958 -13547.885|9657.485 -13552.144|9649.802 -13555.991|9641.917 -13559.416|9633.857 -13562.407|9625.657 -13564.965|9617.325 -13567.066|9608.894 -13568.723|9600.387 -13569.913|9603.001 -13576.095|9605.734 -13582.545|9608.104 -13588.138|9610.474 -13593.742|9612.851 -13599.335|9615.220 -13604.939|9615.675 -13606.007
4203 279 COPPERPOND CM SE,9678.400 -13578.186|9664.958 -13547.885|9657.485 -13552.144|9649.802 -13555.991|9641.917 -13559.416|9633.857 -13562.407|9625.657 -13564.965|9617.325 -13567.066|9608.894 -13568.723|9600.387 -13569.913|9603.001 -13576.095|9605.734 -13582.545|9608.104 -13588.138|9610.474 -13593.742|9612.851 -13599.335|9615.220 -13604.939|9615.675 -13606.007
4204 279 COPPERPOND CM SE,9678.400 -13578.186|9664.958 -13547.885|9657.485 -13552.144|9649.802 -13555.991|9641.917 -13559.416|9633.857 -13562.407|9625.657 -13564.965|9617.325 -13567.066|9608.894 -13568.723|9600.387 -13569.913|9603.001 -13576.095|9605.734 -13582.545|9608.104 -13588.138|9610.474 -13593.742|9612.851 -13599.335|9615.220 -13604.939|9615.675 -13606.007
4205 279 COPPERPOND CM SE,9678.400 -13578.186|9664.958 -13547.885|9657.485 -13552.144|9649.802 -13555.991|9641.917 -13559.416|9633.857 -13562.407|9625.657 -13564.965|9617.325 -13567.066|9608.894 -13568.723|9600.387 -13569.913|9603.001 -13576.095|9605.734 -13582.545|9608.104 -13588.138|9610.474 -13593.742|9612.851 -13599.335|9615.220 -13604.939|9615.675 -13606.007
4206 279 COPPERPOND CM SE,9678.400 -13578.186|9664.958 -13547.885|9657.485 -13552.144|9649.802 -13555.991|9641.917 -13559.416|9633.857 -13562.407|9625.657 -13564.965|9617.325 -13567.066|9608.894 -13568.723|9600.387 -13569.913|9603.001 -13576.095|9605.734 -13582.545|9608.104 -13588.138|9610.474 -13593.742|9612.851 -13599.335|9615.220 -13604.939|9615.675 -13606.007
4207 279 COPPERPOND CM SE,9678.400 -13578.186|9664.958 -13547.885|9657.485 -13552.144|9649.802 -13555.991|9641.917 -13559.416|9633.857 -13562.407|9625.657 -13564.965|9617.325 -13567.066|9608.894 -13568.723|9600.387 -13569.913|9603.001 -13576.095|9605.734 -13582.545|9608.104 -13588.138|9610.474 -13593.742|9612.851 -13599.335|9615.220 -13604.939|9615.675 -13606.007
4208 279 COPPERPOND CM SE,9678.400 -13578.186|9664.958 -13547.885|9657.485 -13552.144|9649.802 -13555.991|9641.917 -13559.416|9633.857 -13562.407|9625.657 -13564.965|9617.325 -13567.066|9608.894 -13568.723|9600.387 -13569.913|9603.001 -13576.095|9605.734 -13582.545|9608.104 -13588.138|9610.474 -13593.742|9612.851 -13599.335|9615.220 -13604.939|9615.675 -13606.007
4209 279 COPPERPOND CM SE,9678.400 -13578.186|9664.958 -13547.885|9657.485 -13552.144|9649.802 -13555.991|9641.917 -13559.416|9633.857 -13562.407|9625.657 -13564.965|9617.325 -13567.066|9608.894 -13568.723|9600.387 -13569.913|9603.001 -13576.095|9605.734 -13582.545|9608.104 -13588.138|9610.474 -13593.742|9612.851 -13599.335|9615.220 -13604.939|9615.675 -13606.007
4210 279 COPPERPOND CM SE,9678.400 -13578.186|9664.958 -13547.885|9657.485 -13552.144|9649.802 -13555.991|9641.917 -13559.416|9633.857 -13562.407|9625.657 -13564.965|9617.325 -13567.066|9608.894 -13568.723|9600.387 -13569.913|9603.001 -13576.095|9605.734 -13582.545|9608.104 -13588.138|9610.474 -13593.742|9612.851 -13599.335|9615.220 -13604.939|9615.675 -13606.007
4211 279 COPPERPOND CM SE,9678.400 -13578.186|9664.958 -13547.885|9657.485 -13552.144|9649.802 -13555.991|9641.917 -13559.416|9633.857 -13562.407|9625.657 -13564.965|9617.325 -13567.066|9608.894 -13568.723|9600.387 -13569.913|9603.001 -13576.095|9605.734 -13582.545|9608.104 -13588.138|9610.474 -13593.742|9612.851 -13599.335|9615.220 -13604.939|9615.675 -13606.007
4212 279 COPPERPOND CM SE,9678.400 -13578.186|9664.958 -13547.885|9657.485 -13552.144|9649.802 -13555.991|9641.917 -13559.416|9633.857 -13562.407|9625.657 -13564.965|9617.325 -13567.066|9608.894 -13568.723|9600.387 -13569.913|9603.001 -13576.095|9605.734 -13582.545|9608.104 -13588.138|9610.474 -13593.742|9612.851 -13599.335|9615.220 -13604.939|9615.675 -13606.007
4301 279 COPPERPOND CM SE,9678.400 -13578.186|9664.958 -13547.885|9657.485 -13552.144|9649.802 -13555.991|9641.917 -13559.416|9633.857 -13562.407|9625.657 -13564.965|9617.325 -13567.066|9608.894 -13568.723|9600.387 -13569.913|9603.001 -13576.095|9605.734 -13582.545|9608.104 -13588.138|9610.474 -13593.742|9612.851 -13599.335|9615.220 -13604.939|9615.675 -13606.007
4302 279 COPPERPOND CM SE,9678.400 -13578.186|9664.958 -13547.885|9657.485 -13552.144|9649.802 -13555.991|9641.917 -13559.416|9633.857 -13562.407|9625.657 -13564.965|9617.325 -13567.066|9608.894 -13568.723|9600.387 -13569.913|9603.001 -13576.095|9605.734 -13582.545|9608.104 -13588.138|9610.474 -13593.742|9612.851 -13599.335|9615.220 -13604.939|9615.675 -13606.007
4303 279 COPPERPOND CM SE,9678.400 -13578.186|9664.958 -13547.885|9657.485 -13552.144|9649.802 -13555.991|9641.917 -13559.416|9633.857 -13562.407|9625.657 -13564.965|9617.325 -13567.066|9608.894 -13568.723|9600.387 -13569.913|9603.001 -13576.095|9605.734 -13582.545|9608.104 -13588.138|9610.474 -13593.742|9612.851 -13599.335|9615.220 -13604.939|9615.675 -13606.007
4304 279 COPPERPOND CM SE,9678.400 -13578.186|9664.958 -13547.885|9657.485 -13552.144|9649.802 -13555.991|9641.917 -13559.416|9633.857 -13562.407|9625.657 -13564.965|9617.325 -13567.066|9608.894 -13568.723|9600.387 -13569.913|9603.001 -13576.095|9605.734 -13582.545|9608.104 -13588.138|9610.474 -13593.742|9612.851 -13599.335|9615.220 -13604.939|9615.675 -13606.007
4305 279 COPPERPOND CM SE,9678.400 -13578.186|9664.958 -13547.885|9657.485 -13552.144|9649.802 -13555.991|9641.917 -13559.416|9633.857 -13562.407|9625.657 -13564.965|9617.325 -13567.066|9608.894 -13568.723|9600.387 -13569.913|9603.001 -13576.095|9605.734 -13582.545|9608.104 -13588.138|9610.474 -13593.742|9612.851 -13599.335|9615.220 -13604.939|9615.675 -13606.007
4306 279 COPPERPOND CM SE,9678.400 -13578.186|9664.958 -13547.885|9657.485 -13552.144|9649.802 -13555.991|9641.917 -13559.416|9633.857 -13562.407|9625.657 -13564.965|9617.325 -13567.066|9608.894 -13568.723|9600.387 -13569.913|9603.001 -13576.095|9605.734 -13582.545|9608.104 -13588.138|9610.474 -13593.742|9612.851 -13599.335|9615.220 -13604.939|9615.675 -13606.007
4307 279 COPPERPOND CM SE,9678.400 -13578.186|9664.958 -13547.885|9657.485 -13552.144|9649.802 -13555.991|9641.917 -13559.416|9633.857 -13562.407|9625.657 -13564.965|9617.325 -13567.066|9608.894 -13568.723|9600.387 -13569.913|9603.001 -13576.095|9605.734 -13582.545|9608.104 -13588.138|9610.474 -13593.742|9612.851 -13599.335|9615.220 -13604.939|9615.675 -13606.007
4308 279 COPPERPOND CM SE,9678.400 -13578.186|9664.958 -13547.885|9657.485 -13552.144|9649.802 -13555.991|9641.917 -13559.416|9633.857 -13562.407|9625.657 -13564.965|9617.325 -13567.066|9608.894 -13568.723|9600.387 -13569.913|9603.001 -13576.095|9605.734 -13582.545|9608.104 -13588.138|9610.474 -13593.742|9612.851 -13599.335|9615.220 -13604.939|9615.675 -13606.007
4309 279 COPPERPOND CM SE,9678.400 -13578.186|9664.958 -13547.885|9657.485 -13552.144|9649.802 -13555.991|9641.917 -13559.416|9633.857 -13562.407|9625.657 -13564.965|9617.325 -13567.066|9608.894 -13568.723|9600.387 -13569.913|9603.001 -13576.095|9605.734 -13582.545|9608.104 -13588.138|9610.474 -13593.742|9612.851 -13599.335|9615.220 -13604.939|9615.675 -13606.007
4310 279 COPPERPOND CM SE,9678.400 -13578.186|9664.958 -13547.885|9657.485 -13552.144|9649.802 -13555.991|9641.917 -13559.416|9633.857 -13562.407|9625.657 -13564.965|9617.325 -13567.066|9608.894 -13568.723|9600.387 -13569.913|9603.001 -13576.095|9605.734 -13582.545|9608.104 -13588.138|9610.474 -13593.742|9612.851 -13599.335|9615.220 -13604.939|9615.675 -13606.007
4311 279 COPPERPOND CM SE,9678.400 -13578.186|9664.958 -13547.885|9657.485 -13552.144|9649.802 -13555.991|9641.917 -13559.416|9633.857 -13562.407|9625.657 -13564.965|9617.325 -13567.066|9608.894 -13568.723|9600.387 -13569.913|9603.001 -13576.095|9605.734 -13582.545|9608.104 -13588.138|9610.474 -13593.742|9612.851 -13599.335|9615.220 -13604.939|9615.675 -13606.007
4312 279 COPPERPOND CM SE,9678.400 -13578.186|9664.958 -13547.885|9657.485 -13552.144|9649.802 -13555.991|9641.917 -13559.416|9633.857 -13562.407|9625.657 -13564.965|9617.325 -13567.066|9608.894 -13568.723|9600.387 -13569.913|9603.001 -13576.095|9605.734 -13582.545|9608.104 -13588.138|9610.474 -13593.742|9612.851 -13599.335|9615.220 -13604.939|9615.675 -13606.007
4401 279 COPPERPOND CM SE,9678.400 -13578.186|9664.958 -13547.885|9657.485 -13552.144|9649.802 -13555.991|9641.917 -13559.416|9633.857 -13562.407|9625.657 -13564.965|9617.325 -13567.066|9608.894 -13568.723|9600.387 -13569.913|9603.001 -13576.095|9605.734 -13582.545|9608.104 -13588.138|9610.474 -13593.742|9612.851 -13599.335|9615.220 -13604.939|9615.675 -13606.007
4402 279 COPPERPOND CM SE,9678.400 -13578.186|9664.958 -13547.885|9657.485 -13552.144|9649.802 -13555.991|9641.917 -13559.416|9633.857 -13562.407|9625.657 -13564.965|9617.325 -13567.066|9608.894 -13568.723|9600.387 -13569.913|9603.001 -13576.095|9605.734 -13582.545|9608.104 -13588.138|9610.474 -13593.742|9612.851 -13599.335|9615.220 -13604.939|9615.675 -13606.007
4403 279 COPPERPOND CM SE,9678.400 -13578.186|9664.958 -13547.885|9657.485 -13552.144|9649.802 -13555.991|9641.917 -13559.416|9633.857 -13562.407|9625.657 -13564.965|9617.325 -13567.066|9608.894 -13568.723|9600.387 -13569.913|9603.001 -13576.095|9605.734 -13582.545|9608.104 -13588.138|9610.474 -13593.742|9612.851 -13599.335|9615.220 -13604.939|9615.675 -13606.007
4404 279 COPPERPOND CM SE,9678.400 -13578.186|9664.958 -13547.885|9657.485 -13552.144|9649.802 -13555.991|9641.917 -13559.416|9633.857 -13562.407|9625.657 -13564.965|9617.325 -13567.066|9608.894 -13568.723|9600.387 -13569.913|9603.001 -13576.095|9605.734 -13582.545|9608.104 -13588.138|9610.474 -13593.742|9612.851 -13599.335|9615.220 -13604.939|9615.675 -13606.007
4405 279 COPPERPOND CM SE,9678.400 -13578.186|9664.958 -13547.885|9657.485 -13552.144|9649.802 -13555.991|9641.917 -13559.416|9633.857 -13562.407|9625.657 -13564.965|9617.325 -13567.066|9608.894 -13568.723|9600.387 -13569.913|9603.001 -13576.095|9605.734 -13582.545|9608.104 -13588.138|9610.474 -13593.742|9612.851 -13599.335|9615.220 -13604.939|9615.675 -13606.007
4406 279 COPPERPOND CM SE,9678.400 -13578.186|9664.958 -13547.885|9657.485 -13552.144|9649.802 -13555.991|9641.917 -13559.416|9633.857 -13562.407|9625.657 -13564.965|9617.325 -13567.066|9608.894 -13568.723|9600.387 -13569.913|9603.001 -13576.095|9605.734 -13582.545|9608.104 -13588.138|9610.474 -13593.742|9612.851 -13599.335|9615.220 -13604.939|9615.675 -13606.007
4407 279 COPPERPOND CM SE,9678.400 -13578.186|9664.958 -13547.885|9657.485 -13552.144|9649.802 -13555.991|9641.917 -13559.416|9633.857 -13562.407|9625.657 -13564.965|9617.325 -13567.066|9608.894 -13568.723|9600.387 -13569.913|9603.001 -13576.095|9605.734 -13582.545|9608.104 -13588.138|9610.474 -13593.742|9612.851 -13599.335|9615.220 -13604.939|9615.675 -13606.007
4408 279 COPPERPOND CM SE,9678.400 -13578.186|9664.958 -13547.885|9657.485 -13552.144|9649.802 -13555.991|9641.917 -13559.416|9633.857 -13562.407|9625.657 -13564.965|9617.325 -13567.066|9608.894 -13568.723|9600.387 -13569.913|9603.001 -13576.095|9605.734 -13582.545|9608.104 -13588.138|9610.474 -13593.742|9612.851 -13599.335|9615.220 -13604.939|9615.675 -13606.007
4409 279 COPPERPOND CM SE,9678.400 -13578.186|9664.958 -13547.885|9657.485 -13552.144|9649.802 -13555.991|9641.917 -13559.416|9633.857 -13562.407|9625.657 -13564.965|9617.325 -13567.066|9608.894 -13568.723|9600.387 -13569.913|9603.001 -13576.095|9605.734 -13582.545|9608.104 -13588.138|9610.474 -13593.742|9612.851 -13599.335|9615.220 -13604.939|9615.675 -13606.007
4410 279 COPPERPOND CM SE,9678.400 -13578.186|9664.958 -13547.885|9657.485 -13552.144|9649.802 -13555.991|9641.917 -13559.416|9633.857 -13562.407|9625.657 -13564.965|9617.325 -13567.066|9608.894 -13568.723|9600.387 -13569.913|9603.001 -13576.095|9605.734 -13582.545|9608.104 -13588.138|9610.474 -13593.742|9612.851 -13599.335|9615.220 -13604.939|9615.675 -13606.007
4411 279 COPPERPOND CM SE,9678.400 -13578.186|9664.958 -13547.885|9657.485 -13552.144|9649.802 -13555.991|9641.917 -13559.416|9633.857 -13562.407|9625.657 -13564.965|9617.325 -13567.066|9608.894 -13568.723|9600.387 -13569.913|9603.001 -13576.095|9605.734 -13582.545|9608.104 -13588.138|9610.474 -13593.742|9612.851 -13599.335|9615.220 -13604.939|9615.675 -13606.007
4412 279 COPPERPOND CM SE,9678.400 -13578.186|9664.958 -13547.885|9657.485 -13552.144|9649.802 -13555.991|9641.917 -13559.416|9633.857 -13562.407|9625.657 -13564.965|9617.325 -13567.066|9608.894 -13568.723|9600.387 -13569.913|9603.001 -13576.095|9605.734 -13582.545|9608.104 -13588.138|9610.474 -13593.742|9612.851 -13599.335|9615.220 -13604.939|9615.675 -13606.007
434V 279 COPPERPOND CM SE,9678.400 -13578.186|9664.958 -13547.885|9657.485 -13552.144|9649.802 -13555.991|9641.917 -13559.416|9633.857 -13562.407|9625.657 -13564.965|9617.325 -13567.066|9608.894 -13568.723|9600.387 -13569.913|9603.001 -13576.095|9605.734 -13582.545|9608.104 -13588.138|9610.474 -13593.742|9612.851 -13599.335|9615.220 -13604.939|9615.675 -13606.007
435V 279 COPPERPOND CM SE,9678.400 -13578.186|9664.958 -13547.885|9657.485 -13552.144|9649.802 -13555.991|9641.917 -13559.416|9633.857 -13562.407|9625.657 -13564.965|9617.325 -13567.066|9608.894 -13568.723|9600.387 -13569.913|9603.001 -13576.095|9605.734 -13582.545|9608.104 -13588.138|9610.474 -13593.742|9612.851 -13599.335|9615.220 -13604.939|9615.675 -13606.007
436V 279 COPPERPOND CM SE,9678.400 -13578.186|9664.958 -13547.885|9657.485 -13552.144|9649.802 -13555.991|9641.917 -13559.416|9633.857 -13562.407|9625.657 -13564.965|9617.325 -13567.066|9608.894 -13568.723|9600.387 -13569.913|9603.001 -13576.095|9605.734 -13582.545|9608.104 -13588.138|9610.474 -13593.742|9612.851 -13599.335|9615.220 -13604.939|9615.675 -13606.007
437V 279 COPPERPOND CM SE,9678.400 -13578.186|9664.958 -13547.885|9657.485 -13552.144|9649.802 -13555.991|9641.917 -13559.416|9633.857 -13562.407|9625.657 -13564.965|9617.325 -13567.066|9608.894 -13568.723|9600.387 -13569.913|9603.001 -13576.095|9605.734 -13582.545|9608.104 -13588.138|9610.474 -13593.742|9612.851 -13599.335|9615.220 -13604.939|9615.675 -13606.007
438V 279 COPPERPOND CM SE,9678.400 -13578.186|9664.958 -13547.885|9657.485 -13552.144|9649.802 -13555.991|9641.917 -13559.416|9633.857 -13562.407|9625.657 -13564.965|9617.325 -13567.066|9608.894 -13568.723|9600.387 -13569.913|9603.001 -13576.095|9605.734 -13582.545|9608.104 -13588.138|9610.474 -13593.742|9612.851 -13599.335|9615.220 -13604.939|9615.675 -13606.007
439V 279 COPPERPOND CM SE,9678.400 -13578.186|9664.958 -13547.885|9657.485 -13552.144|9649.802 -13555.991|9641.917 -13559.416|9633.857 -13562.407|9625.657 -13564.965|9617.325 -13567.066|9608.894 -13568.723|9600.387 -13569.913|9603.001 -13576.095|9605.734 -13582.545|9608.104 -13588.138|9610.474 -13593.742|9612.851 -13599.335|9615.220 -13604.939|9615.675 -13606.007
440V 279 COPPERPOND CM SE,9678.400 -13578.186|9664.958 -13547.885|9657.485 -13552.144|9649.802 -13555.991|9641.917 -13559.416|9633.857 -13562.407|9625.657 -13564.965|9617.325 -13567.066|9608.894 -13568.723|9600.387 -13569.913|9603.001 -13576.095|9605.734 -13582.545|9608.104 -13588.138|9610.474 -13593.742|9612.851 -13599.335|9615.220 -13604.939|9615.675 -13606.007
441V 279 COPPERPOND CM SE,9678.400 -13578.186|9664.958 -13547.885|9657.485 -13552.144|9649.802 -13555.991|9641.917 -13559.416|9633.857 -13562.407|9625.657 -13564.965|9617.325 -13567.066|9608.894 -13568.723|9600.387 -13569.913|9603.001 -13576.095|9605.734 -13582.545|9608.104 -13588.138|9610.474 -13593.742|9612.851 -13599.335|9615.220 -13604.939|9615.675 -13606.007
442V 279 COPPERPOND CM SE,9678.400 -13578.186|9664.958 -13547.885|9657.485 -13552.144|9649.802 -13555.991|9641.917 -13559.416|9633.857 -13562.407|9625.657 -13564.965|9617.325 -13567.066|9608.894 -13568.723|9600.387 -13569.913|9603.001 -13576.095|9605.734 -13582.545|9608.104 -13588.138|9610.474 -13593.742|9612.851 -13599.335|9615.220 -13604.939|9615.675 -13606.007
443V 279 COPPERPOND CM SE,9678.400 -13578.186|9664.958 -13547.885|9657.485 -13552.144|9649.802 -13555.991|9641.917 -13559.416|9633.857 -13562.407|9625.657 -13564.965|9617.325 -13567.066|9608.894 -13568.723|9600.387 -13569.913|9603.001 -13576.095|9605.734 -13582.545|9608.104 -13588.138|9610.474 -13593.742|9612.851 -13599.335|9615.220 -13604.939|9615.675 -13606.007
444V 279 COPPERPOND CM SE,9678.400 -13578.186|9664.958 -13547.885|9657.485 -13552.144|9649.802 -13555.991|9641.917 -13559.416|9633.857 -13562.407|9625.657 -13564.965|9617.325 -13567.066|9608.894 -13568.723|9600.387 -13569.913|9603.001 -13576.095|9605.734 -13582.545|9608.104 -13588.138|9610.474 -13593.742|9612.851 -13599.335|9615.220 -13604.939|9615.675 -13606.007
445V 279 COPPERPOND CM SE,9678.400 -13578.186|9664.958 -13547.885|9657.485 -13552.144|9649.802 -13555.991|9641.917 -13559.416|9633.857 -13562.407|9625.657 -13564.965|9617.325 -13567.066|9608.894 -13568.723|9600.387 -13569.913|9603.001 -13576.095|9605.734 -13582.545|9608.104 -13588.138|9610.474 -13593.742|9612.851 -13599.335|9615.220 -13604.939|9615.675 -13606.007
446V 279 COPPERPOND CM SE,9678.400 -13578.186|9664.958 -13547.885|9657.485 -13552.144|9649.802 -13555.991|9641.917 -13559.416|9633.857 -13562.407|9625.657 -13564.965|9617.325 -13567.066|9608.894 -13568.723|9600.387 -13569.913|9603.001 -13576.095|9605.734 -13582.545|9608.104 -13588.138|9610.474 -13593.742|9612.851 -13599.335|9615.220 -13604.939|9615.675 -13606.007
447V 279 COPPERPOND CM SE,9678.400 -13578.186|9664.958 -13547.885|9657.485 -13552.144|9649.802 -13555.991|9641.917 -13559.416|9633.857 -13562.407|9625.657 -13564.965|9617.325 -13567.066|9608.894 -13568.723|9600.387 -13569.913|9603.001 -13576.095|9605.734 -13582.545|9608.104 -13588.138|9610.474 -13593.742|9612.851 -13599.335|9615.220 -13604.939|9615.675 -13606.007
448V 279 COPPERPOND CM SE,9678.400 -13578.186|9664.958 -13547.885|9657.485 -13552.144|9649.802 -13555.991|9641.917 -13559.416|9633.857 -13562.407|9625.657 -13564.965|9617.325 -13567.066|9608.894 -13568.723|9600.387 -13569.913|9603.001 -13576.095|9605.734 -13582.545|9608.104 -13588.138|9610.474 -13593.742|9612.851 -13599.335|9615.220 -13604.939|9615.675 -13606.007
449V 279 COPPERPOND CM SE,9678.400 -13578.186|9664.958 -13547.885|9657.485 -13552.144|9649.802 -13555.991|9641.917 -13559.416|9633.857 -13562.407|9625.657 -13564.965|9617.325 -13567.066|9608.894 -13568.723|9600.387 -13569.913|9603.001 -13576.095|9605.734 -13582.545|9608.104 -13588.138|9610.474 -13593.742|9612.851 -13599.335|9615.220 -13604.939|9615.675 -13606.007
450V 279 COPPERPOND CM SE,9678.400 -13578.186|9664.958 -13547.885|9657.485 -13552.144|9649.802 -13555.991|9641.917 -13559.416|9633.857 -13562.407|9625.657 -13564.965|9617.325 -13567.066|9608.894 -13568.723|9600.387 -13569.913|9603.001 -13576.095|9605.734 -13582.545|9608.104 -13588.138|9610.474 -13593.742|9612.851 -13599.335|9615.220 -13604.939|9615.675 -13606.007
451V 279 COPPERPOND CM SE,9678.400 -13578.186|9664.958 -13547.885|9657.485 -13552.144|9649.802 -13555.991|9641.917 -13559.416|9633.857 -13562.407|9625.657 -13564.965|9617.325 -13567.066|9608.894 -13568.723|9600.387 -13569.913|9603.001 -13576.095|9605.734 -13582.545|9608.104 -13588.138|9610.474 -13593.742|9612.851 -13599.335|9615.220 -13604.939|9615.675 -13606.007
452V 279 COPPERPOND CM SE,9678.400 -13578.186|9664.958 -13547.885|9657.485 -13552.144|9649.802 -13555.991|9641.917 -13559.416|9633.857 -13562.407|9625.657 -13564.965|9617.325 -13567.066|9608.894 -13568.723|9600.387 -13569.913|9603.001 -13576.095|9605.734 -13582.545|9608.104 -13588.138|9610.474 -13593.742|9612.851 -13599.335|9615.220 -13604.939|9615.675 -13606.007
453V 279 COPPERPOND CM SE,9678.400 -13578.186|9664.958 -13547.885|9657.485 -13552.144|9649.802 -13555.991|9641.917 -13559.416|9633.857 -13562.407|9625.657 -13564.965|9617.325 -13567.066|9608.894 -13568.723|9600.387 -13569.913|9603.001 -13576.095|9605.734 -13582.545|9608.104 -13588.138|9610.474 -13593.742|9612.851 -13599.335|9615.220 -13604.939|9615.675 -13606.007
454V 279 COPPERPOND CM SE,9678.400 -13578.186|9664.958 -13547.885|9657.485 -13552.144|9649.802 -13555.991|9641.917 -13559.416|9633.857 -13562.407|9625.657 -13564.965|9617.325 -13567.066|9608.894 -13568.723|9600.387 -13569.913|9603.001 -13576.095|9605.734 -13582.545|9608.104 -13588.138|9610.474 -13593.742|9612.851 -13599.335|9615.220 -13604.939|9615.675 -13606.007
455V 279 COPPERPOND CM SE,9678.400 -13578.186|9664.958 -13547.885|9657.485 -13552.144|9649.802 -13555.991|9641.917 -13559.416|9633.857 -13562.407|9625.657 -13564.965|9617.325 -13567.066|9608.894 -13568.723|9600.387 -13569.913|9603.001 -13576.095|9605.734 -13582.545|9608.104 -13588.138|9610.474 -13593.742|9612.851 -13599.335|9615.220 -13604.939|9615.675 -13606.007
456V 279 COPPERPOND CM SE,9678.400 -13578.186|9664.958 -13547.885|9657.485 -13552.144|9649.802 -13555.991|9641.917 -13559.416|9633.857 -13562.407|9625.657 -13564.965|9617.325 -13567.066|9608.894 -13568.723|9600.387 -13569.913|9603.001 -13576.095|9605.734 -13582.545|9608.104 -13588.138|9610.474 -13593.742|9612.851 -13599.335|9615.220 -13604.939|9615.675 -13606.007
457V 279 COPPERPOND CM SE,9678.400 -13578.186|9664.958 -13547.885|9657.485 -13552.144|9649.802 -13555.991|9641.917 -13559.416|9633.857 -13562.407|9625.657 -13564.965|9617.325 -13567.066|9608.894 -13568.723|9600.387 -13569.913|9603.001 -13576.095|9605.734 -13582.545|9608.104 -13588.138|9610.474 -13593.742|9612.851 -13599.335|9615.220 -13604.939|9615.675 -13606.007
458V 279 COPPERPOND CM SE,9678.400 -13578.186|9664.958 -13547.885|9657.485 -13552.144|9649.802 -13555.991|9641.917 -13559.416|9633.857 -13562.407|9625.657 -13564.965|9617.325 -13567.066|9608.894 -13568.723|9600.387 -13569.913|9603.001 -13576.095|9605.734 -13582.545|9608.104 -13588.138|9610.474 -13593.742|9612.851 -13599.335|9615.220 -13604.939|9615.675 -13606.007
459V 279 COPPERPOND CM SE,9678.400 -13578.186|9664.958 -13547.885|9657.485 -13552.144|9649.802 -13555.991|9641.917 -13559.416|9633.857 -13562.407|9625.657 -13564.965|9617.325 -13567.066|9608.894 -13568.723|9600.387 -13569.913|9603.001 -13576.095|9605.734 -13582.545|9608.104 -13588.138|9610.474 -13593.742|9612.851 -13599.335|9615.220 -13604.939|9615.675 -13606.007
460V 279 COPPERPOND CM SE,9678.400 -13578.186|9664.958 -13547.885|9657.485 -13552.144|9649.802 -13555.991|9641.917 -13559.416|9633.857 -13562.407|9625.657 -13564.965|9617.325 -13567.066|9608.894 -13568.723|9600.387 -13569.913|9603.001 -13576.095|9605.734 -13582.545|9608.104 -13588.138|9610.474 -13593.742|9612.851 -13599.335|9615.220 -13604.939|9615.675 -13606.007
461V 279 COPPERPOND CM SE,9678.400 -13578.186|9664.958 -13547.885|9657.485 -13552.144|9649.802 -13555.991|9641.917 -13559.416|9633.857 -13562.407|9625.657 -13564.965|9617.325 -13567.066|9608.894 -13568.723|9600.387 -13569.913|9603.001 -13576.095|9605.734 -13582.545|9608.104 -13588.138|9610.474 -13593.742|9612.851 -13599.335|9615.220 -13604.939|9615.675 -13606.007
462V 279 COPPERPOND CM SE,9678.400 -13578.186|9664.958 -13547.885|9657.485 -13552.144|9649.802 -13555.991|9641.917 -13559.416|9633.857 -13562.407|9625.657 -13564.965|9617.325 -13567.066|9608.894 -13568.723|9600.387 -13569.913|9603.001 -13576.095|9605.734 -13582.545|9608.104 -13588.138|9610.474 -13593.742|9612.851 -13599.335|9615.220 -13604.939|9615.675 -13606.007
463V 279 COPPERPOND CM SE,9678.400 -13578.186|9664.958 -13547.885|9657.485 -13552.144|9649.802 -13555.991|9641.917 -13559.416|9633.857 -13562.407|9625.657 -13564.965|9617.325 -13567.066|9608.894 -13568.723|9600.387 -13569.913|9603.001 -13576.095|9605.734 -13582.545|9608.104 -13588.138|9610.474 -13593.742|9612.851 -13599.335|9615.220 -13604.939|9615.675 -13606.007
464V 279 COPPERPOND CM SE,9678.400 -13578.186|9664.958 -13547.885|9657.485 -13552.144|9649.802 -13555.991|9641.917 -13559.416|9633.857 -13562.407|9625.657 -13564.965|9617.325 -13567.066|9608.894 -13568.723|9600.387 -13569.913|9603.001 -13576.095|9605.734 -13582.545|9608.104 -13588.138|9610.474 -13593.742|9612.851 -13599.335|9615.220 -13604.939|9615.675 -13606.007
465V 279 COPPERPOND CM SE,9678.400 -13578.186|9664.958 -13547.885|9657.485 -13552.144|9649.802 -13555.991|9641.917 -13559.416|9633.857 -13562.407|9625.657 -13564.965|9617.325 -13567.066|9608.894 -13568.723|9600.387 -13569.913|9603.001 -13576.095|9605.734 -13582.545|9608.104 -13588.138|9610.474 -13593.742|9612.851 -13599.335|9615.220 -13604.939|9615.675 -13606.007
466V 279 COPPERPOND CM SE,9678.400 -13578.186|9664.958 -13547.885|9657.485 -13552.144|9649.802 -13555.991|9641.917 -13559.416|9633.857 -13562.407|9625.657 -13564.965|9617.325 -13567.066|9608.894 -13568.723|9600.387 -13569.913|9603.001 -13576.095|9605.734 -13582.545|9608.104 -13588.138|9610.474 -13593.742|9612.851 -13599.335|9615.220 -13604.939|9615.675 -13606.007
467V 279 COPPERPOND CM SE,9678.400 -13578.186|9664.958 -13547.885|9657.485 -13552.144|9649.802 -13555.991|9641.917 -13559.416|9633.857 -13562.407|9625.657 -13564.965|9617.325 -13567.066|9608.894 -13568.723|9600.387 -13569.913|9603.001 -13576.095|9605.734 -13582.545|9608.104 -13588.138|9610.474 -13593.742|9612.851 -13599.335|9615.220 -13604.939|9615.675 -13606.007
468V 279 COPPERPOND CM SE,9678.400 -13578.186|9664.958 -13547.885|9657.485 -13552.144|9649.802 -13555.991|9641.917 -13559.416|9633.857 -13562.407|9625.657 -13564.965|9617.325 -13567.066|9608.894 -13568.723|9600.387 -13569.913|9603.001 -13576.095|9605.734 -13582.545|9608.104 -13588.138|9610.474 -13593.742|9612.851 -13599.335|9615.220 -13604.939|9615.675 -13606.007
469V 279 COPPERPOND CM SE,9678.400 -13578.186|9664.958 -13547.885|9657.485 -13552.144|9649.802 -13555.991|9641.917 -13559.416|9633.857 -13562.407|9625.657 -13564.965|9617.325 -13567.066|9608.894 -13568.723|9600.387 -13569.913|9603.001 -13576.095|9605.734 -13582.545|9608.104 -13588.138|9610.474 -13593.742|9612.851 -13599.335|9615.220 -13604.939|9615.675 -13606.007
470V 279 COPPERPOND CM SE,9678.400 -13578.186|9664.958 -13547.885|9657.485 -13552.144|9649.802 -13555.991|9641.917 -13559.416|9633.857 -13562.407|9625.657 -13564.965|9617.325 -13567.066|9608.894 -13568.723|9600.387 -13569.913|9603.001 -13576.095|9605.734 -13582.545|9608.104 -13588.138|9610.474 -13593.742|9612.851 -13599.335|9615.220 -13604.939|9615.675 -13606.007
471V 279 COPPERPOND CM SE,9678.400 -13578.186|9664.958 -13547.885|9657.485 -13552.144|9649.802 -13555.991|9641.917 -13559.416|9633.857 -13562.407|9625.657 -13564.965|9617.325 -13567.066|9608.894 -13568.723|9600.387 -13569.913|9603.001 -13576.095|9605.734 -13582.545|9608.104 -13588.138|9610.474 -13593.742|9612.851 -13599.335|9615.220 -13604.939|9615.675 -13606.007
472V 279 COPPERPOND CM SE,9678.400 -13578.186|9664.958 -13547.885|9657.485 -13552.144|9649.802 -13555.991|9641.917 -13559.416|9633.857 -13562.407|9625.657 -13564.965|9617.325 -13567.066|9608.894 -13568.723|9600.387 -13569.913|9603.001 -13576.095|9605.734 -13582.545|9608.104 -13588.138|9610.474 -13593.742|9612.851 -13599.335|9615.220 -13604.939|9615.675 -13606.007
473V 279 COPPERPOND CM SE,9678.400 -13578.186|9664.958 -13547.885|9657.485 -13552.144|9649.802 -13555.991|9641.917 -13559.416|9633.857 -13562.407|9625.657 -13564.965|9617.325 -13567.066|9608.894 -13568.723|9600.387 -13569.913|9603.001 -13576.095|9605.734 -13582.545|9608.104 -13588.138|9610.474 -13593.742|9612.851 -13599.335|9615.220 -13604.939|9615.675 -13606.007
474V 279 COPPERPOND CM SE,9678.400 -13578.186|9664.958 -13547.885|9657.485 -13552.144|9649.802 -13555.991|9641.917 -13559.416|9633.857 -13562.407|9625.657 -13564.965|9617.325 -13567.066|9608.894 -13568.723|9600.387 -13569.913|9603.001 -13576.095|9605.734 -13582.545|9608.104 -13588.138|9610.474 -13593.742|9612.851 -13599.335|9615.220 -13604.939|9615.675 -13606.007
903 121 COPPERPOND CM SE,9610.516 -13648.394|9604.210 -13633.450|9596.458 -13636.752|9602.763 -13651.697
127 COPPERPOND CM SE,9711.850 -13723.084|9708.424 -13718.047|9690.718 -13729.044|9693.898 -13734.226
909 121 COPPERPOND CM SE,9630.054 -13640.110|9623.756 -13625.177|9615.367 -13628.691|9621.673 -13643.646
305 121 COPPERPOND CM SE,9675.401 -13740.631|9672.214 -13735.449|9658.100 -13744.211|9661.281 -13749.393
705 121 COPPERPOND CM SE,9625.063 -13667.298|9618.779 -13652.409|9613.200 -13654.788|9619.485 -13669.677
1303 121 COPPERPOND CM SE,9597.898 -13612.256|9600.617 -13618.694|9617.940 -13611.378|9615.675 -13606.007|9615.220 -13604.939
309 121 COPPERPOND CM SE,9669.033 -13730.256|9665.845 -13725.074|9651.725 -13733.848|9654.912 -13739.029
214 121 COPPERPOND CM SE,9627.789 -13733.881|9624.602 -13728.699|9607.685 -13739.152|9610.872 -13744.345
206 121 COPPERPOND CM SE,9640.533 -13754.619|9637.345 -13749.437|9620.435 -13759.890|9623.623 -13765.082
1313 121 COPPERPOND CM SE,9605.706 -13582.478|9605.741 -13582.467|9603.022 -13575.995|9602.973 -13576.018|9585.721 -13583.368|9588.440 -13589.817
1305 121 COPPERPOND CM SE,9615.220 -13604.939|9612.851 -13599.313|9612.844 -13599.324|9595.535 -13606.641|9597.898 -13612.256
303 121 COPPERPOND CM SE,9679.057 -13746.580|9675.401 -13740.631|9661.281 -13749.393|9664.944 -13755.353
503 121 COPPERPOND CM SE,9658.827 -13713.655|9654.954 -13707.361|9640.589 -13713.488|9643.588 -13720.604|9644.042 -13721.338
707 121 COPPERPOND CM SE,9630.641 -13664.929|9624.364 -13650.029|9618.779 -13652.409|9625.063 -13667.298
709 121 COPPERPOND CM SE,9630.641 -13664.929|9639.505 -13661.182|9636.919 -13656.400|9632.746 -13646.504|9624.364 -13650.029
141 COPPERPOND CM SE,9673.199 -13700.545|9690.396 -13689.859|9690.578 -13688.514|9681.910 -13686.912|9669.536 -13694.585
208 121 COPPERPOND CM SE,9637.345 -13749.437|9634.158 -13744.256|9617.248 -13754.708|9620.435 -13759.890
703 121 COPPERPOND CM SE,9619.485 -13669.677|9613.200 -13654.788|9605.455 -13658.091|9611.732 -13672.980
1309 121 COPPERPOND CM SE,9610.460 -13593.709|9610.481 -13593.698|9608.111 -13588.082|9608.083 -13588.093|9590.803 -13595.421|9593.165 -13601.036
313 121 COPPERPOND CM SE,9662.658 -13719.893|9658.827 -13713.655|9644.042 -13721.338|9648.544 -13728.666
907 121 COPPERPOND CM SE,9621.673 -13643.646|9615.367 -13628.691|9609.789 -13631.070|9616.094 -13646.015
1307 121 COPPERPOND CM SE,9612.844 -13599.324|9612.851 -13599.313|9610.481 -13593.698|9610.460 -13593.709|9593.165 -13601.036|9595.535 -13606.641
509 121 COPPERPOND CM SE,9650.648 -13695.964|9648.278 -13690.359|9633.494 -13696.653|9635.856 -13702.268
511 121 COPPERPOND CM SE,9648.278 -13690.359|9645.916 -13684.744|9631.124 -13691.049|9633.494 -13696.653
307 121 COPPERPOND CM SE,9672.214 -13735.449|9669.033 -13730.256|9654.912 -13739.029|9658.100 -13744.211
905 121 COPPERPOND CM SE,9616.094 -13646.015|9609.789 -13631.070|9604.210 -13633.450|9610.516 -13648.394
507 121 COPPERPOND CM SE,9653.011 -13701.568|9650.648 -13695.964|9635.856 -13702.268|9638.219 -13707.873
513 121 COPPERPOND CM SE,9631.124 -13691.049|9645.916 -13684.744|9643.196 -13678.306|9628.411 -13684.599
125 COPPERPOND CM SE,9715.611 -13728.622|9711.850 -13723.084|9693.898 -13734.226|9697.407 -13739.930
216 121 COPPERPOND CM SE,9624.602 -13728.699|9620.946 -13722.739|9604.022 -13733.192|9607.685 -13739.152
137 COPPERPOND CM SE,9694.520 -13701.612|9693.521 -13700.456|9692.640 -13699.210|9691.892 -13697.876|9691.284 -13696.464|9676.380 -13705.727|9679.568 -13710.908
135 COPPERPOND CM SE,9700.602 -13706.794|9699.791 -13705.938|9698.938 -13705.148|9698.030 -13704.414|9697.072 -13703.736|9695.737 -13702.746|9694.520 -13701.612|9679.568 -13710.908|9683.545 -13717.380
131 COPPERPOND CM SE,9705.006 -13713.010|9702.042 -13708.640|9701.350 -13707.695|9700.602 -13706.794|9683.545 -13717.380|9687.530 -13723.862
212 121 COPPERPOND CM SE,9630.977 -13739.063|9627.789 -13733.881|9610.872 -13744.345|9614.060 -13749.526
204 121 COPPERPOND CM SE,9644.189 -13760.579|9640.533 -13754.619|9623.623 -13765.082|9627.286 -13771.031
505 121 COPPERPOND CM SE,9654.954 -13707.361|9652.619 -13703.558|9653.591 -13702.958|9653.011 -13701.568|9638.219 -13707.873|9640.589 -13713.488
210 121 COPPERPOND CM SE,9634.158 -13744.256|9630.977 -13739.063|9614.060 -13749.526|9617.248 -13754.708
1311 121 COPPERPOND CM SE,9608.083 -13588.093|9608.111 -13588.082|9605.741 -13582.467|9605.706 -13582.478|9588.440 -13589.817|9590.803 -13595.421
139 COPPERPOND CM SE,9691.284 -13696.464|9690.787 -13694.863|9690.473 -13693.217|9690.340 -13691.538|9690.396 -13689.859|9673.199 -13700.545|9676.380 -13705.727
129 COPPERPOND CM SE,9708.424 -13718.047|9705.006 -13713.010|9687.530 -13723.862|9690.718 -13729.044
311 121 COPPERPOND CM SE,9665.845 -13725.074|9662.658 -13719.893|9648.544 -13728.666|9651.725 -13733.848
5101 279 COPPERPOND CM SE,9674.898 -13669.555|9646.377 -13607.675|9621.106 -13618.883|9623.756 -13625.177|9630.054 -13640.110|9632.746 -13646.504|9636.919 -13656.400|9639.505 -13661.182|9650.236 -13681.041
5102 279 COPPERPOND CM SE,9674.898 -13669.555|9646.377 -13607.675|9621.106 -13618.883|9623.756 -13625.177|9630.054 -13640.110|9632.746 -13646.504|9636.919 -13656.400|9639.505 -13661.182|9650.236 -13681.041
5103 279 COPPERPOND CM SE,9674.898 -13669.555|9646.377 -13607.675|9621.106 -13618.883|9623.756 -13625.177|9630.054 -13640.110|9632.746 -13646.504|9636.919 -13656.400|9639.505 -13661.182|9650.236 -13681.041
5104 279 COPPERPOND CM SE,9674.898 -13669.555|9646.377 -13607.675|9621.106 -13618.883|9623.756 -13625.177|9630.054 -13640.110|9632.746 -13646.504|9636.919 -13656.400|9639.505 -13661.182|9650.236 -13681.041
5105 279 COPPERPOND CM SE,9674.898 -13669.555|9646.377 -13607.675|9621.106 -13618.883|9623.756 -13625.177|9630.054 -13640.110|9632.746 -13646.504|9636.919 -13656.400|9639.505 -13661.182|9650.236 -13681.041
5106 279 COPPERPOND CM SE,9674.898 -13669.555|9646.377 -13607.675|9621.106 -13618.883|9623.756 -13625.177|9630.054 -13640.110|9632.746 -13646.504|9636.919 -13656.400|9639.505 -13661.182|9650.236 -13681.041
5107 279 COPPERPOND CM SE,9674.898 -13669.555|9646.377 -13607.675|9621.106 -13618.883|9623.756 -13625.177|9630.054 -13640.110|9632.746 -13646.504|9636.919 -13656.400|9639.505 -13661.182|9650.236 -13681.041
5108 279 COPPERPOND CM SE,9674.898 -13669.555|9646.377 -13607.675|9621.106 -13618.883|9623.756 -13625.177|9630.054 -13640.110|9632.746 -13646.504|9636.919 -13656.400|9639.505 -13661.182|9650.236 -13681.041
5109 279 COPPERPOND CM SE,9674.898 -13669.555|9646.377 -13607.675|9621.106 -13618.883|9623.756 -13625.177|9630.054 -13640.110|9632.746 -13646.504|9636.919 -13656.400|9639.505 -13661.182|9650.236 -13681.041
5110 279 COPPERPOND CM SE,9674.898 -13669.555|9646.377 -13607.675|9621.106 -13618.883|9623.756 -13625.177|9630.054 -13640.110|9632.746 -13646.504|9636.919 -13656.400|9639.505 -13661.182|9650.236 -13681.041
5111 279 COPPERPOND CM SE,9674.898 -13669.555|9646.377 -13607.675|9621.106 -13618.883|9623.756 -13625.177|9630.054 -13640.110|9632.746 -13646.504|9636.919 -13656.400|9639.505 -13661.182|9650.236 -13681.041
5112 279 COPPERPOND CM SE,9674.898 -13669.555|9646.377 -13607.675|9621.106 -13618.883|9623.756 -13625.177|9630.054 -13640.110|9632.746 -13646.504|9636.919 -13656.400|9639.505 -13661.182|9650.236 -13681.041
5201 279 COPPERPOND CM SE,9674.898 -13669.555|9646.377 -13607.675|9621.106 -13618.883|9623.756 -13625.177|9630.054 -13640.110|9632.746 -13646.504|9636.919 -13656.400|9639.505 -13661.182|9650.236 -13681.041
5202 279 COPPERPOND CM SE,9674.898 -13669.555|9646.377 -13607.675|9621.106 -13618.883|9623.756 -13625.177|9630.054 -13640.110|9632.746 -13646.504|9636.919 -13656.400|9639.505 -13661.182|9650.236 -13681.041
5203 279 COPPERPOND CM SE,9674.898 -13669.555|9646.377 -13607.675|9621.106 -13618.883|9623.756 -13625.177|9630.054 -13640.110|9632.746 -13646.504|9636.919 -13656.400|9639.505 -13661.182|9650.236 -13681.041
5204 279 COPPERPOND CM SE,9674.898 -13669.555|9646.377 -13607.675|9621.106 -13618.883|9623.756 -13625.177|9630.054 -13640.110|9632.746 -13646.504|9636.919 -13656.400|9639.505 -13661.182|9650.236 -13681.041
5205 279 COPPERPOND CM SE,9674.898 -13669.555|9646.377 -13607.675|9621.106 -13618.883|9623.756 -13625.177|9630.054 -13640.110|9632.746 -13646.504|9636.919 -13656.400|9639.505 -13661.182|9650.236 -13681.041
5206 279 COPPERPOND CM SE,9674.898 -13669.555|9646.377 -13607.675|9621.106 -13618.883|9623.756 -13625.177|9630.054 -13640.110|9632.746 -13646.504|9636.919 -13656.400|9639.505 -13661.182|9650.236 -13681.041
5207 279 COPPERPOND CM SE,9674.898 -13669.555|9646.377 -13607.675|9621.106 -13618.883|9623.756 -13625.177|9630.054 -13640.110|9632.746 -13646.504|9636.919 -13656.400|9639.505 -13661.182|9650.236 -13681.041
5208 279 COPPERPOND CM SE,9674.898 -13669.555|9646.377 -13607.675|9621.106 -13618.883|9623.756 -13625.177|9630.054 -13640.110|9632.746 -13646.504|9636.919 -13656.400|9639.505 -13661.182|9650.236 -13681.041
5209 279 COPPERPOND CM SE,9674.898 -13669.555|9646.377 -13607.675|9621.106 -13618.883|9623.756 -13625.177|9630.054 -13640.110|9632.746 -13646.504|9636.919 -13656.400|9639.505 -13661.182|9650.236 -13681.041
5210 279 COPPERPOND CM SE,9674.898 -13669.555|9646.377 -13607.675|9621.106 -13618.883|9623.756 -13625.177|9630.054 -13640.110|9632.746 -13646.504|9636.919 -13656.400|9639.505 -13661.182|9650.236 -13681.041
5211 279 COPPERPOND CM SE,9674.898 -13669.555|9646.377 -13607.675|9621.106 -13618.883|9623.756 -13625.177|9630.054 -13640.110|9632.746 -13646.504|9636.919 -13656.400|9639.505 -13661.182|9650.236 -13681.041
5212 279 COPPERPOND CM SE,9674.898 -13669.555|9646.377 -13607.675|9621.106 -13618.883|9623.756 -13625.177|9630.054 -13640.110|9632.746 -13646.504|9636.919 -13656.400|9639.505 -13661.182|9650.236 -13681.041
5301 279 COPPERPOND CM SE,9674.898 -13669.555|9646.377 -13607.675|9621.106 -13618.883|9623.756 -13625.177|9630.054 -13640.110|9632.746 -13646.504|9636.919 -13656.400|9639.505 -13661.182|9650.236 -13681.041
5302 279 COPPERPOND CM SE,9674.898 -13669.555|9646.377 -13607.675|9621.106 -13618.883|9623.756 -13625.177|9630.054 -13640.110|9632.746 -13646.504|9636.919 -13656.400|9639.505 -13661.182|9650.236 -13681.041
5303 279 COPPERPOND CM SE,9674.898 -13669.555|9646.377 -13607.675|9621.106 -13618.883|9623.756 -13625.177|9630.054 -13640.110|9632.746 -13646.504|9636.919 -13656.400|9639.505 -13661.182|9650.236 -13681.041
5304 279 COPPERPOND CM SE,9674.898 -13669.555|9646.377 -13607.675|9621.106 -13618.883|9623.756 -13625.177|9630.054 -13640.110|9632.746 -13646.504|9636.919 -13656.400|9639.505 -13661.182|9650.236 -13681.041
5305 279 COPPERPOND CM SE,9674.898 -13669.555|9646.377 -13607.675|9621.106 -13618.883|9623.756 -13625.177|9630.054 -13640.110|9632.746 -13646.504|9636.919 -13656.400|9639.505 -13661.182|9650.236 -13681.041
5306 279 COPPERPOND CM SE,9674.898 -13669.555|9646.377 -13607.675|9621.106 -13618.883|9623.756 -13625.177|9630.054 -13640.110|9632.746 -13646.504|9636.919 -13656.400|9639.505 -13661.182|9650.236 -13681.041
5307 279 COPPERPOND CM SE,9674.898 -13669.555|9646.377 -13607.675|9621.106 -13618.883|9623.756 -13625.177|9630.054 -13640.110|9632.746 -13646.504|9636.919 -13656.400|9639.505 -13661.182|9650.236 -13681.041
5308 279 COPPERPOND CM SE,9674.898 -13669.555|9646.377 -13607.675|9621.106 -13618.883|9623.756 -13625.177|9630.054 -13640.110|9632.746 -13646.504|9636.919 -13656.400|9639.505 -13661.182|9650.236 -13681.041
5309 279 COPPERPOND CM SE,9674.898 -13669.555|9646.377 -13607.675|9621.106 -13618.883|9623.756 -13625.177|9630.054 -13640.110|9632.746 -13646.504|9636.919 -13656.400|9639.505 -13661.182|9650.236 -13681.041
5310 279 COPPERPOND CM SE,9674.898 -13669.555|9646.377 -13607.675|9621.106 -13618.883|9623.756 -13625.177|9630.054 -13640.110|9632.746 -13646.504|9636.919 -13656.400|9639.505 -13661.182|9650.236 -13681.041
5311 279 COPPERPOND CM SE,9674.898 -13669.555|9646.377 -13607.675|9621.106 -13618.883|9623.756 -13625.177|9630.054 -13640.110|9632.746 -13646.504|9636.919 -13656.400|9639.505 -13661.182|9650.236 -13681.041
5312 279 COPPERPOND CM SE,9674.898 -13669.555|9646.377 -13607.675|9621.106 -13618.883|9623.756 -13625.177|9630.054 -13640.110|9632.746 -13646.504|9636.919 -13656.400|9639.505 -13661.182|9650.236 -13681.041
5401 279 COPPERPOND CM SE,9674.898 -13669.555|9646.377 -13607.675|9621.106 -13618.883|9623.756 -13625.177|9630.054 -13640.110|9632.746 -13646.504|9636.919 -13656.400|9639.505 -13661.182|9650.236 -13681.041
5402 279 COPPERPOND CM SE,9674.898 -13669.555|9646.377 -13607.675|9621.106 -13618.883|9623.756 -13625.177|9630.054 -13640.110|9632.746 -13646.504|9636.919 -13656.400|9639.505 -13661.182|9650.236 -13681.041
5403 279 COPPERPOND CM SE,9674.898 -13669.555|9646.377 -13607.675|9621.106 -13618.883|9623.756 -13625.177|9630.054 -13640.110|9632.746 -13646.504|9636.919 -13656.400|9639.505 -13661.182|9650.236 -13681.041
5404 279 COPPERPOND CM SE,9674.898 -13669.555|9646.377 -13607.675|9621.106 -13618.883|9623.756 -13625.177|9630.054 -13640.110|9632.746 -13646.504|9636.919 -13656.400|9639.505 -13661.182|9650.236 -13681.041
5405 279 COPPERPOND CM SE,9674.898 -13669.555|9646.377 -13607.675|9621.106 -13618.883|9623.756 -13625.177|9630.054 -13640.110|9632.746 -13646.504|9636.919 -13656.400|9639.505 -13661.182|9650.236 -13681.041
5406 279 COPPERPOND CM SE,9674.898 -13669.555|9646.377 -13607.675|9621.106 -13618.883|9623.756 -13625.177|9630.054 -13640.110|9632.746 -13646.504|9636.919 -13656.400|9639.505 -13661.182|9650.236 -13681.041
5407 279 COPPERPOND CM SE,9674.898 -13669.555|9646.377 -13607.675|9621.106 -13618.883|9623.756 -13625.177|9630.054 -13640.110|9632.746 -13646.504|9636.919 -13656.400|9639.505 -13661.182|9650.236 -13681.041
5408 279 COPPERPOND CM SE,9674.898 -13669.555|9646.377 -13607.675|9621.106 -13618.883|9623.756 -13625.177|9630.054 -13640.110|9632.746 -13646.504|9636.919 -13656.400|9639.505 -13661.182|9650.236 -13681.041
5409 279 COPPERPOND CM SE,9674.898 -13669.555|9646.377 -13607.675|9621.106 -13618.883|9623.756 -13625.177|9630.054 -13640.110|9632.746 -13646.504|9636.919 -13656.400|9639.505 -13661.182|9650.236 -13681.041
5410 279 COPPERPOND CM SE,9674.898 -13669.555|9646.377 -13607.675|9621.106 -13618.883|9623.756 -13625.177|9630.054 -13640.110|9632.746 -13646.504|9636.919 -13656.400|9639.505 -13661.182|9650.236 -13681.041
5411 279 COPPERPOND CM SE,9674.898 -13669.555|9646.377 -13607.675|9621.106 -13618.883|9623.756 -13625.177|9630.054 -13640.110|9632.746 -13646.504|9636.919 -13656.400|9639.505 -13661.182|9650.236 -13681.041
5412 279 COPPERPOND CM SE,9674.898 -13669.555|9646.377 -13607.675|9621.106 -13618.883|9623.756 -13625.177|9630.054 -13640.110|9632.746 -13646.504|9636.919 -13656.400|9639.505 -13661.182|9650.236 -13681.041
524V 279 COPPERPOND CM SE,9674.898 -13669.555|9646.377 -13607.675|9621.106 -13618.883|9623.756 -13625.177|9630.054 -13640.110|9632.746 -13646.504|9636.919 -13656.400|9639.505 -13661.182|9650.236 -13681.041
525V 279 COPPERPOND CM SE,9674.898 -13669.555|9646.377 -13607.675|9621.106 -13618.883|9623.756 -13625.177|9630.054 -13640.110|9632.746 -13646.504|9636.919 -13656.400|9639.505 -13661.182|9650.236 -13681.041
526V 279 COPPERPOND CM SE,9674.898 -13669.555|9646.377 -13607.675|9621.106 -13618.883|9623.756 -13625.177|9630.054 -13640.110|9632.746 -13646.504|9636.919 -13656.400|9639.505 -13661.182|9650.236 -13681.041
527V 279 COPPERPOND CM SE,9674.898 -13669.555|9646.377 -13607.675|9621.106 -13618.883|9623.756 -13625.177|9630.054 -13640.110|9632.746 -13646.504|9636.919 -13656.400|9639.505 -13661.182|9650.236 -13681.041
528V 279 COPPERPOND CM SE,9674.898 -13669.555|9646.377 -13607.675|9621.106 -13618.883|9623.756 -13625.177|9630.054 -13640.110|9632.746 -13646.504|9636.919 -13656.400|9639.505 -13661.182|9650.236 -13681.041
529V 279 COPPERPOND CM SE,9674.898 -13669.555|9646.377 -13607.675|9621.106 -13618.883|9623.756 -13625.177|9630.054 -13640.110|9632.746 -13646.504|9636.919 -13656.400|9639.505 -13661.182|9650.236 -13681.041
530V 279 COPPERPOND CM SE,9674.898 -13669.555|9646.377 -13607.675|9621.106 -13618.883|9623.756 -13625.177|9630.054 -13640.110|9632.746 -13646.504|9636.919 -13656.400|9639.505 -13661.182|9650.236 -13681.041
531V 279 COPPERPOND CM SE,9674.898 -13669.555|9646.377 -13607.675|9621.106 -13618.883|9623.756 -13625.177|9630.054 -13640.110|9632.746 -13646.504|9636.919 -13656.400|9639.505 -13661.182|9650.236 -13681.041
532V 279 COPPERPOND CM SE,9674.898 -13669.555|9646.377 -13607.675|9621.106 -13618.883|9623.756 -13625.177|9630.054 -13640.110|9632.746 -13646.504|9636.919 -13656.400|9639.505 -13661.182|9650.236 -13681.041
533V 279 COPPERPOND CM SE,9674.898 -13669.555|9646.377 -13607.675|9621.106 -13618.883|9623.756 -13625.177|9630.054 -13640.110|9632.746 -13646.504|9636.919 -13656.400|9639.505 -13661.182|9650.236 -13681.041
534V 279 COPPERPOND CM SE,9674.898 -13669.555|9646.377 -13607.675|9621.106 -13618.883|9623.756 -13625.177|9630.054 -13640.110|9632.746 -13646.504|9636.919 -13656.400|9639.505 -13661.182|9650.236 -13681.041
535V 279 COPPERPOND CM SE,9674.898 -13669.555|9646.377 -13607.675|9621.106 -13618.883|9623.756 -13625.177|9630.054 -13640.110|9632.746 -13646.504|9636.919 -13656.400|9639.505 -13661.182|9650.236 -13681.041
536V 279 COPPERPOND CM SE,9674.898 -13669.555|9646.377 -13607.675|9621.106 -13618.883|9623.756 -13625.177|9630.054 -13640.110|9632.746 -13646.504|9636.919 -13656.400|9639.505 -13661.182|9650.236 -13681.041
537V 279 COPPERPOND CM SE,9674.898 -13669.555|9646.377 -13607.675|9621.106 -13618.883|9623.756 -13625.177|9630.054 -13640.110|9632.746 -13646.504|9636.919 -13656.400|9639.505 -13661.182|9650.236 -13681.041
538V 279 COPPERPOND CM SE,9674.898 -13669.555|9646.377 -13607.675|9621.106 -13618.883|9623.756 -13625.177|9630.054 -13640.110|9632.746 -13646.504|9636.919 -13656.400|9639.505 -13661.182|9650.236 -13681.041
539V 279 COPPERPOND CM SE,9674.898 -13669.555|9646.377 -13607.675|9621.106 -13618.883|9623.756 -13625.177|9630.054 -13640.110|9632.746 -13646.504|9636.919 -13656.400|9639.505 -13661.182|9650.236 -13681.041
540V 279 COPPERPOND CM SE,9674.898 -13669.555|9646.377 -13607.675|9621.106 -13618.883|9623.756 -13625.177|9630.054 -13640.110|9632.746 -13646.504|9636.919 -13656.400|9639.505 -13661.182|9650.236 -13681.041
541V 279 COPPERPOND CM SE,9674.898 -13669.555|9646.377 -13607.675|9621.106 -13618.883|9623.756 -13625.177|9630.054 -13640.110|9632.746 -13646.504|9636.919 -13656.400|9639.505 -13661.182|9650.236 -13681.041
542V 279 COPPERPOND CM SE,9674.898 -13669.555|9646.377 -13607.675|9621.106 -13618.883|9623.756 -13625.177|9630.054 -13640.110|9632.746 -13646.504|9636.919 -13656.400|9639.505 -13661.182|9650.236 -13681.041
543V 279 COPPERPOND CM SE,9674.898 -13669.555|9646.377 -13607.675|9621.106 -13618.883|9623.756 -13625.177|9630.054 -13640.110|9632.746 -13646.504|9636.919 -13656.400|9639.505 -13661.182|9650.236 -13681.041
544V 279 COPPERPOND CM SE,9674.898 -13669.555|9646.377 -13607.675|9621.106 -13618.883|9623.756 -13625.177|9630.054 -13640.110|9632.746 -13646.504|9636.919 -13656.400|9639.505 -13661.182|9650.236 -13681.041
545V 279 COPPERPOND CM SE,9674.898 -13669.555|9646.377 -13607.675|9621.106 -13618.883|9623.756 -13625.177|9630.054 -13640.110|9632.746 -13646.504|9636.919 -13656.400|9639.505 -13661.182|9650.236 -13681.041
546V 279 COPPERPOND CM SE,9674.898 -13669.555|9646.377 -13607.675|9621.106 -13618.883|9623.756 -13625.177|9630.054 -13640.110|9632.746 -13646.504|9636.919 -13656.400|9639.505 -13661.182|9650.236 -13681.041
547V 279 COPPERPOND CM SE,9674.898 -13669.555|9646.377 -13607.675|9621.106 -13618.883|9623.756 -13625.177|9630.054 -13640.110|9632.746 -13646.504|9636.919 -13656.400|9639.505 -13661.182|9650.236 -13681.041
548V 279 COPPERPOND CM SE,9674.898 -13669.555|9646.377 -13607.675|9621.106 -13618.883|9623.756 -13625.177|9630.054 -13640.110|9632.746 -13646.504|9636.919 -13656.400|9639.505 -13661.182|9650.236 -13681.041
549V 279 COPPERPOND CM SE,9674.898 -13669.555|9646.377 -13607.675|9621.106 -13618.883|9623.756 -13625.177|9630.054 -13640.110|9632.746 -13646.504|9636.919 -13656.400|9639.505 -13661.182|9650.236 -13681.041
550V 279 COPPERPOND CM SE,9674.898 -13669.555|9646.377 -13607.675|9621.106 -13618.883|9623.756 -13625.177|9630.054 -13640.110|9632.746 -13646.504|9636.919 -13656.400|9639.505 -13661.182|9650.236 -13681.041
551V 279 COPPERPOND CM SE,9674.898 -13669.555|9646.377 -13607.675|9621.106 -13618.883|9623.756 -13625.177|9630.054 -13640.110|9632.746 -13646.504|9636.919 -13656.400|9639.505 -13661.182|9650.236 -13681.041
552V 279 COPPERPOND CM SE,9674.898 -13669.555|9646.377 -13607.675|9621.106 -13618.883|9623.756 -13625.177|9630.054 -13640.110|9632.746 -13646.504|9636.919 -13656.400|9639.505 -13661.182|9650.236 -13681.041
553V 279 COPPERPOND CM SE,9674.898 -13669.555|9646.377 -13607.675|9621.106 -13618.883|9623.756 -13625.177|9630.054 -13640.110|9632.746 -13646.504|9636.919 -13656.400|9639.505 -13661.182|9650.236 -13681.041
554V 279 COPPERPOND CM SE,9674.898 -13669.555|9646.377 -13607.675|9621.106 -13618.883|9623.756 -13625.177|9630.054 -13640.110|9632.746 -13646.504|9636.919 -13656.400|9639.505 -13661.182|9650.236 -13681.041
555V 279 COPPERPOND CM SE,9674.898 -13669.555|9646.377 -13607.675|9621.106 -13618.883|9623.756 -13625.177|9630.054 -13640.110|9632.746 -13646.504|9636.919 -13656.400|9639.505 -13661.182|9650.236 -13681.041
556V 279 COPPERPOND CM SE,9674.898 -13669.555|9646.377 -13607.675|9621.106 -13618.883|9623.756 -13625.177|9630.054 -13640.110|9632.746 -13646.504|9636.919 -13656.400|9639.505 -13661.182|9650.236 -13681.041
557V 279 COPPERPOND CM SE,9674.898 -13669.555|9646.377 -13607.675|9621.106 -13618.883|9623.756 -13625.177|9630.054 -13640.110|9632.746 -13646.504|9636.919 -13656.400|9639.505 -13661.182|9650.236 -13681.041
558V 279 COPPERPOND CM SE,9674.898 -13669.555|9646.377 -13607.675|9621.106 -13618.883|9623.756 -13625.177|9630.054 -13640.110|9632.746 -13646.504|9636.919 -13656.400|9639.505 -13661.182|9650.236 -13681.041
559V 279 COPPERPOND CM SE,9674.898 -13669.555|9646.377 -13607.675|9621.106 -13618.883|9623.756 -13625.177|9630.054 -13640.110|9632.746 -13646.504|9636.919 -13656.400|9639.505 -13661.182|9650.236 -13681.041
560V 279 COPPERPOND CM SE,9674.898 -13669.555|9646.377 -13607.675|9621.106 -13618.883|9623.756 -13625.177|9630.054 -13640.110|9632.746 -13646.504|9636.919 -13656.400|9639.505 -13661.182|9650.236 -13681.041
561V 279 COPPERPOND CM SE,9674.898 -13669.555|9646.377 -13607.675|9621.106 -13618.883|9623.756 -13625.177|9630.054 -13640.110|9632.746 -13646.504|9636.919 -13656.400|9639.505 -13661.182|9650.236 -13681.041
562V 279 COPPERPOND CM SE,9674.898 -13669.555|9646.377 -13607.675|9621.106 -13618.883|9623.756 -13625.177|9630.054 -13640.110|9632.746 -13646.504|9636.919 -13656.400|9639.505 -13661.182|9650.236 -13681.041
563V 279 COPPERPOND CM SE,9674.898 -13669.555|9646.377 -13607.675|9621.106 -13618.883|9623.756 -13625.177|9630.054 -13640.110|9632.746 -13646.504|9636.919 -13656.400|9639.505 -13661.182|9650.236 -13681.041
564V 279 COPPERPOND CM SE,9674.898 -13669.555|9646.377 -13607.675|9621.106 -13618.883|9623.756 -13625.177|9630.054 -13640.110|9632.746 -13646.504|9636.919 -13656.400|9639.505 -13661.182|9650.236 -13681.041
412 121 COPPERPOND CM SE,9621.246 -13720.460|9612.145 -13698.866|9598.199 -13704.815|9607.300 -13726.409
410 121 COPPERPOND CM SE,9621.246 -13720.460|9612.145 -13698.866|9598.199 -13704.815|9607.300 -13726.409
408 121 COPPERPOND CM SE,9621.246 -13720.460|9612.145 -13698.866|9598.199 -13704.815|9607.300 -13726.409
406 121 COPPERPOND CM SE,9621.246 -13720.460|9612.145 -13698.866|9598.199 -13704.815|9607.300 -13726.409
414 121 COPPERPOND CM SE,9621.246 -13720.460|9612.145 -13698.866|9598.199 -13704.815|9607.300 -13726.409
416 121 COPPERPOND CM SE,9621.246 -13720.460|9612.145 -13698.866|9598.199 -13704.815|9607.300 -13726.409
418 121 COPPERPOND CM SE,9621.246 -13720.460|9612.145 -13698.866|9598.199 -13704.815|9607.300 -13726.409
404 121 COPPERPOND CM SE,9621.246 -13720.460|9612.145 -13698.866|9598.199 -13704.815|9607.300 -13726.409
612 121 COPPERPOND CM SE,9592.704 -13705.827|9606.650 -13699.889|9597.171 -13677.405|9583.225 -13683.354
610 121 COPPERPOND CM SE,9592.704 -13705.827|9606.650 -13699.889|9597.171 -13677.405|9583.225 -13683.354
608 121 COPPERPOND CM SE,9592.704 -13705.827|9606.650 -13699.889|9597.171 -13677.405|9583.225 -13683.354
606 121 COPPERPOND CM SE,9592.704 -13705.827|9606.650 -13699.889|9597.171 -13677.405|9583.225 -13683.354
614 121 COPPERPOND CM SE,9592.704 -13705.827|9606.650 -13699.889|9597.171 -13677.405|9583.225 -13683.354
616 121 COPPERPOND CM SE,9592.704 -13705.827|9606.650 -13699.889|9597.171 -13677.405|9583.225 -13683.354
618 121 COPPERPOND CM SE,9592.704 -13705.827|9606.650 -13699.889|9597.171 -13677.405|9583.225 -13683.354
604 121 COPPERPOND CM SE,9592.704 -13705.827|9606.650 -13699.889|9597.171 -13677.405|9583.225 -13683.354
812 121 COPPERPOND CM SE,9582.757 -13682.231|9596.703 -13676.282|9587.293 -13653.965|9573.340 -13659.914
810 121 COPPERPOND CM SE,9582.757 -13682.231|9596.703 -13676.282|9587.293 -13653.965|9573.340 -13659.914
808 121 COPPERPOND CM SE,9582.757 -13682.231|9596.703 -13676.282|9587.293 -13653.965|9573.340 -13659.914
806 121 COPPERPOND CM SE,9582.757 -13682.231|9596.703 -13676.282|9587.293 -13653.965|9573.340 -13659.914
814 121 COPPERPOND CM SE,9582.757 -13682.231|9596.703 -13676.282|9587.293 -13653.965|9573.340 -13659.914
816 121 COPPERPOND CM SE,9582.757 -13682.231|9596.703 -13676.282|9587.293 -13653.965|9573.340 -13659.914
818 121 COPPERPOND CM SE,9582.757 -13682.231|9596.703 -13676.282|9587.293 -13653.965|9573.340 -13659.914
804 121 COPPERPOND CM SE,9582.757 -13682.231|9596.703 -13676.282|9587.293 -13653.965|9573.340 -13659.914
1012 121 COPPERPOND CM SE,9572.872 -13658.791|9586.818 -13652.842|9577.416 -13630.548|9563.470 -13636.497
1010 121 COPPERPOND CM SE,9572.872 -13658.791|9586.818 -13652.842|9577.416 -13630.548|9563.470 -13636.497
1008 121 COPPERPOND CM SE,9572.872 -13658.791|9586.818 -13652.842|9577.416 -13630.548|9563.470 -13636.497
1006 121 COPPERPOND CM SE,9572.872 -13658.791|9586.818 -13652.842|9577.416 -13630.548|9563.470 -13636.497
1014 121 COPPERPOND CM SE,9572.872 -13658.791|9586.818 -13652.842|9577.416 -13630.548|9563.470 -13636.497
1016 121 COPPERPOND CM SE,9572.872 -13658.791|9586.818 -13652.842|9577.416 -13630.548|9563.470 -13636.497
1018 121 COPPERPOND CM SE,9572.872 -13658.791|9586.818 -13652.842|9577.416 -13630.548|9563.470 -13636.497
1004 121 COPPERPOND CM SE,9572.872 -13658.791|9586.818 -13652.842|9577.416 -13630.548|9563.470 -13636.497
1212 121 COPPERPOND CM SE,9568.021 -13633.239|9581.967 -13627.290|9572.565 -13605.006|9558.619 -13610.944
1210 121 COPPERPOND CM SE,9568.021 -13633.239|9581.967 -13627.290|9572.565 -13605.006|9558.619 -13610.944
1208 121 COPPERPOND CM SE,9568.021 -13633.239|9581.967 -13627.290|9572.565 -13605.006|9558.619 -13610.944
1206 121 COPPERPOND CM SE,9568.021 -13633.239|9581.967 -13627.290|9572.565 -13605.006|9558.619 -13610.944
1214 121 COPPERPOND CM SE,9568.021 -13633.239|9581.967 -13627.290|9572.565 -13605.006|9558.619 -13610.944
1216 121 COPPERPOND CM SE,9568.021 -13633.239|9581.967 -13627.290|9572.565 -13605.006|9558.619 -13610.944
1218 121 COPPERPOND CM SE,9568.021 -13633.239|9581.967 -13627.290|9572.565 -13605.006|9558.619 -13610.944
1204 121 COPPERPOND CM SE,9568.021 -13633.239|9581.967 -13627.290|9572.565 -13605.006|9558.619 -13610.944
1412 121 COPPERPOND CM SE,9558.150 -13609.821|9572.152 -13603.861|9562.953 -13582.044|9552.949 -13586.303|9552.942 -13597.467
1410 121 COPPERPOND CM SE,9558.150 -13609.821|9572.152 -13603.861|9562.953 -13582.044|9552.949 -13586.303|9552.942 -13597.467
1408 121 COPPERPOND CM SE,9558.150 -13609.821|9572.152 -13603.861|9562.953 -13582.044|9552.949 -13586.303|9552.942 -13597.467
1406 121 COPPERPOND CM SE,9558.150 -13609.821|9572.152 -13603.861|9562.953 -13582.044|9552.949 -13586.303|9552.942 -13597.467
1414 121 COPPERPOND CM SE,9558.150 -13609.821|9572.152 -13603.861|9562.953 -13582.044|9552.949 -13586.303|9552.942 -13597.467
1416 121 COPPERPOND CM SE,9558.150 -13609.821|9572.152 -13603.861|9562.953 -13582.044|9552.949 -13586.303|9552.942 -13597.467
1418 121 COPPERPOND CM SE,9558.150 -13609.821|9572.152 -13603.861|9562.953 -13582.044|9552.949 -13586.303|9552.942 -13597.467
1404 121 COPPERPOND CM SE,9558.150 -13609.821|9572.152 -13603.861|9562.953 -13582.044|9552.949 -13586.303|9552.942 -13597.467
121 117 COPPERPOND CM SE,9738.372 -13762.136|9724.335 -13741.465|9638.848 -13789.845|9651.920 -13811.117
120 117 COPPERPOND CM SE,9738.372 -13762.136|9724.335 -13741.465|9638.848 -13789.845|9651.920 -13811.117
119 117 COPPERPOND CM SE,9738.372 -13762.136|9724.335 -13741.465|9638.848 -13789.845|9651.920 -13811.117
118 117 COPPERPOND CM SE,9738.372 -13762.136|9724.335 -13741.465|9638.848 -13789.845|9651.920 -13811.117
117 117 COPPERPOND CM SE,9738.372 -13762.136|9724.335 -13741.465|9638.848 -13789.845|9651.920 -13811.117
116 117 COPPERPOND CM SE,9738.372 -13762.136|9724.335 -13741.465|9638.848 -13789.845|9651.920 -13811.117
115 117 COPPERPOND CM SE,9738.372 -13762.136|9724.335 -13741.465|9638.848 -13789.845|9651.920 -13811.117
114 117 COPPERPOND CM SE,9738.372 -13762.136|9724.335 -13741.465|9638.848 -13789.845|9651.920 -13811.117
112 117 COPPERPOND CM SE,9738.372 -13762.136|9724.335 -13741.465|9638.848 -13789.845|9651.920 -13811.117
109 117 COPPERPOND CM SE,9738.372 -13762.136|9724.335 -13741.465|9638.848 -13789.845|9651.920 -13811.117
108 117 COPPERPOND CM SE,9738.372 -13762.136|9724.335 -13741.465|9638.848 -13789.845|9651.920 -13811.117
107 117 COPPERPOND CM SE,9738.372 -13762.136|9724.335 -13741.465|9638.848 -13789.845|9651.920 -13811.117
106 117 COPPERPOND CM SE,9738.372 -13762.136|9724.335 -13741.465|9638.848 -13789.845|9651.920 -13811.117
105 117 COPPERPOND CM SE,9738.372 -13762.136|9724.335 -13741.465|9638.848 -13789.845|9651.920 -13811.117
104 117 COPPERPOND CM SE,9738.372 -13762.136|9724.335 -13741.465|9638.848 -13789.845|9651.920 -13811.117
103 117 COPPERPOND CM SE,9738.372 -13762.136|9724.335 -13741.465|9638.848 -13789.845|9651.920 -13811.117
102 117 COPPERPOND CM SE,9738.372 -13762.136|9724.335 -13741.465|9638.848 -13789.845|9651.920 -13811.117
101 117 COPPERPOND CM SE,9738.372 -13762.136|9724.335 -13741.465|9638.848 -13789.845|9651.920 -13811.117
221 117 COPPERPOND CM SE,9738.372 -13762.136|9724.335 -13741.465|9638.848 -13789.845|9651.920 -13811.117
220 117 COPPERPOND CM SE,9738.372 -13762.136|9724.335 -13741.465|9638.848 -13789.845|9651.920 -13811.117
219 117 COPPERPOND CM SE,9738.372 -13762.136|9724.335 -13741.465|9638.848 -13789.845|9651.920 -13811.117
218 117 COPPERPOND CM SE,9738.372 -13762.136|9724.335 -13741.465|9638.848 -13789.845|9651.920 -13811.117
217 117 COPPERPOND CM SE,9738.372 -13762.136|9724.335 -13741.465|9638.848 -13789.845|9651.920 -13811.117
216 117 COPPERPOND CM SE,9738.372 -13762.136|9724.335 -13741.465|9638.848 -13789.845|9651.920 -13811.117
215 117 COPPERPOND CM SE,9738.372 -13762.136|9724.335 -13741.465|9638.848 -13789.845|9651.920 -13811.117
214 117 COPPERPOND CM SE,9738.372 -13762.136|9724.335 -13741.465|9638.848 -13789.845|9651.920 -13811.117
212 117 COPPERPOND CM SE,9738.372 -13762.136|9724.335 -13741.465|9638.848 -13789.845|9651.920 -13811.117
209 117 COPPERPOND CM SE,9738.372 -13762.136|9724.335 -13741.465|9638.848 -13789.845|9651.920 -13811.117
208 117 COPPERPOND CM SE,9738.372 -13762.136|9724.335 -13741.465|9638.848 -13789.845|9651.920 -13811.117
207 117 COPPERPOND CM SE,9738.372 -13762.136|9724.335 -13741.465|9638.848 -13789.845|9651.920 -13811.117
206 117 COPPERPOND CM SE,9738.372 -13762.136|9724.335 -13741.465|9638.848 -13789.845|9651.920 -13811.117
205 117 COPPERPOND CM SE,9738.372 -13762.136|9724.335 -13741.465|9638.848 -13789.845|9651.920 -13811.117
204 117 COPPERPOND CM SE,9738.372 -13762.136|9724.335 -13741.465|9638.848 -13789.845|9651.920 -13811.117
203 117 COPPERPOND CM SE,9738.372 -13762.136|9724.335 -13741.465|9638.848 -13789.845|9651.920 -13811.117
202 117 COPPERPOND CM SE,9738.372 -13762.136|9724.335 -13741.465|9638.848 -13789.845|9651.920 -13811.117
201 117 COPPERPOND CM SE,9738.372 -13762.136|9724.335 -13741.465|9638.848 -13789.845|9651.920 -13811.117
321 117 COPPERPOND CM SE,9738.372 -13762.136|9724.335 -13741.465|9638.848 -13789.845|9651.920 -13811.117
320 117 COPPERPOND CM SE,9738.372 -13762.136|9724.335 -13741.465|9638.848 -13789.845|9651.920 -13811.117
319 117 COPPERPOND CM SE,9738.372 -13762.136|9724.335 -13741.465|9638.848 -13789.845|9651.920 -13811.117
318 117 COPPERPOND CM SE,9738.372 -13762.136|9724.335 -13741.465|9638.848 -13789.845|9651.920 -13811.117
317 117 COPPERPOND CM SE,9738.372 -13762.136|9724.335 -13741.465|9638.848 -13789.845|9651.920 -13811.117
316 117 COPPERPOND CM SE,9738.372 -13762.136|9724.335 -13741.465|9638.848 -13789.845|9651.920 -13811.117
315 117 COPPERPOND CM SE,9738.372 -13762.136|9724.335 -13741.465|9638.848 -13789.845|9651.920 -13811.117
314 117 COPPERPOND CM SE,9738.372 -13762.136|9724.335 -13741.465|9638.848 -13789.845|9651.920 -13811.117
312 117 COPPERPOND CM SE,9738.372 -13762.136|9724.335 -13741.465|9638.848 -13789.845|9651.920 -13811.117
311 117 COPPERPOND CM SE,9738.372 -13762.136|9724.335 -13741.465|9638.848 -13789.845|9651.920 -13811.117
310 117 COPPERPOND CM SE,9738.372 -13762.136|9724.335 -13741.465|9638.848 -13789.845|9651.920 -13811.117
309 117 COPPERPOND CM SE,9738.372 -13762.136|9724.335 -13741.465|9638.848 -13789.845|9651.920 -13811.117
308 117 COPPERPOND CM SE,9738.372 -13762.136|9724.335 -13741.465|9638.848 -13789.845|9651.920 -13811.117
307 117 COPPERPOND CM SE,9738.372 -13762.136|9724.335 -13741.465|9638.848 -13789.845|9651.920 -13811.117
306 117 COPPERPOND CM SE,9738.372 -13762.136|9724.335 -13741.465|9638.848 -13789.845|9651.920 -13811.117
305 117 COPPERPOND CM SE,9738.372 -13762.136|9724.335 -13741.465|9638.848 -13789.845|9651.920 -13811.117
304 117 COPPERPOND CM SE,9738.372 -13762.136|9724.335 -13741.465|9638.848 -13789.845|9651.920 -13811.117
303 117 COPPERPOND CM SE,9738.372 -13762.136|9724.335 -13741.465|9638.848 -13789.845|9651.920 -13811.117
302 117 COPPERPOND CM SE,9738.372 -13762.136|9724.335 -13741.465|9638.848 -13789.845|9651.920 -13811.117
301 117 COPPERPOND CM SE,9738.372 -13762.136|9724.335 -13741.465|9638.848 -13789.845|9651.920 -13811.117
325 117 COPPERPOND CM SE,9738.372 -13762.136|9724.335 -13741.465|9638.848 -13789.845|9651.920 -13811.117
324 117 COPPERPOND CM SE,9738.372 -13762.136|9724.335 -13741.465|9638.848 -13789.845|9651.920 -13811.117
323 117 COPPERPOND CM SE,9738.372 -13762.136|9724.335 -13741.465|9638.848 -13789.845|9651.920 -13811.117
322 117 COPPERPOND CM SE,9738.372 -13762.136|9724.335 -13741.465|9638.848 -13789.845|9651.920 -13811.117
421 117 COPPERPOND CM SE,9738.372 -13762.136|9724.335 -13741.465|9638.848 -13789.845|9651.920 -13811.117
420 117 COPPERPOND CM SE,9738.372 -13762.136|9724.335 -13741.465|9638.848 -13789.845|9651.920 -13811.117
419 117 COPPERPOND CM SE,9738.372 -13762.136|9724.335 -13741.465|9638.848 -13789.845|9651.920 -13811.117
418 117 COPPERPOND CM SE,9738.372 -13762.136|9724.335 -13741.465|9638.848 -13789.845|9651.920 -13811.117
417 117 COPPERPOND CM SE,9738.372 -13762.136|9724.335 -13741.465|9638.848 -13789.845|9651.920 -13811.117
416 117 COPPERPOND CM SE,9738.372 -13762.136|9724.335 -13741.465|9638.848 -13789.845|9651.920 -13811.117
415 117 COPPERPOND CM SE,9738.372 -13762.136|9724.335 -13741.465|9638.848 -13789.845|9651.920 -13811.117
414 117 COPPERPOND CM SE,9738.372 -13762.136|9724.335 -13741.465|9638.848 -13789.845|9651.920 -13811.117
412 117 COPPERPOND CM SE,9738.372 -13762.136|9724.335 -13741.465|9638.848 -13789.845|9651.920 -13811.117
411 117 COPPERPOND CM SE,9738.372 -13762.136|9724.335 -13741.465|9638.848 -13789.845|9651.920 -13811.117
410 117 COPPERPOND CM SE,9738.372 -13762.136|9724.335 -13741.465|9638.848 -13789.845|9651.920 -13811.117
409 117 COPPERPOND CM SE,9738.372 -13762.136|9724.335 -13741.465|9638.848 -13789.845|9651.920 -13811.117
408 117 COPPERPOND CM SE,9738.372 -13762.136|9724.335 -13741.465|9638.848 -13789.845|9651.920 -13811.117
407 117 COPPERPOND CM SE,9738.372 -13762.136|9724.335 -13741.465|9638.848 -13789.845|9651.920 -13811.117
406 117 COPPERPOND CM SE,9738.372 -13762.136|9724.335 -13741.465|9638.848 -13789.845|9651.920 -13811.117
405 117 COPPERPOND CM SE,9738.372 -13762.136|9724.335 -13741.465|9638.848 -13789.845|9651.920 -13811.117
404 117 COPPERPOND CM SE,9738.372 -13762.136|9724.335 -13741.465|9638.848 -13789.845|9651.920 -13811.117
403 117 COPPERPOND CM SE,9738.372 -13762.136|9724.335 -13741.465|9638.848 -13789.845|9651.920 -13811.117
402 117 COPPERPOND CM SE,9738.372 -13762.136|9724.335 -13741.465|9638.848 -13789.845|9651.920 -13811.117
401 117 COPPERPOND CM SE,9738.372 -13762.136|9724.335 -13741.465|9638.848 -13789.845|9651.920 -13811.117
425 117 COPPERPOND CM SE,9738.372 -13762.136|9724.335 -13741.465|9638.848 -13789.845|9651.920 -13811.117
424 117 COPPERPOND CM SE,9738.372 -13762.136|9724.335 -13741.465|9638.848 -13789.845|9651.920 -13811.117
423 117 COPPERPOND CM SE,9738.372 -13762.136|9724.335 -13741.465|9638.848 -13789.845|9651.920 -13811.117
422 117 COPPERPOND CM SE,9738.372 -13762.136|9724.335 -13741.465|9638.848 -13789.845|9651.920 -13811.117
1101 99 COPPERSTONE PA SE,10685.875 -14777.612|10682.394 -14777.801|10655.704 -14779.247|10668.601 -14878.310|10698.556 -14874.396
1102 99 COPPERSTONE PA SE,10685.875 -14777.612|10682.394 -14777.801|10655.704 -14779.247|10668.601 -14878.310|10698.556 -14874.396
1103 99 COPPERSTONE PA SE,10685.875 -14777.612|10682.394 -14777.801|10655.704 -14779.247|10668.601 -14878.310|10698.556 -14874.396
1104 99 COPPERSTONE PA SE,10685.875 -14777.612|10682.394 -14777.801|10655.704 -14779.247|10668.601 -14878.310|10698.556 -14874.396
1105 99 COPPERSTONE PA SE,10685.875 -14777.612|10682.394 -14777.801|10655.704 -14779.247|10668.601 -14878.310|10698.556 -14874.396
1106 99 COPPERSTONE PA SE,10685.875 -14777.612|10682.394 -14777.801|10655.704 -14779.247|10668.601 -14878.310|10698.556 -14874.396
1107 99 COPPERSTONE PA SE,10685.875 -14777.612|10682.394 -14777.801|10655.704 -14779.247|10668.601 -14878.310|10698.556 -14874.396
1108 99 COPPERSTONE PA SE,10685.875 -14777.612|10682.394 -14777.801|10655.704 -14779.247|10668.601 -14878.310|10698.556 -14874.396
1109 99 COPPERSTONE PA SE,10685.875 -14777.612|10682.394 -14777.801|10655.704 -14779.247|10668.601 -14878.310|10698.556 -14874.396
1110 99 COPPERSTONE PA SE,10685.875 -14777.612|10682.394 -14777.801|10655.704 -14779.247|10668.601 -14878.310|10698.556 -14874.396
1111 99 COPPERSTONE PA SE,10685.875 -14777.612|10682.394 -14777.801|10655.704 -14779.247|10668.601 -14878.310|10698.556 -14874.396
1112 99 COPPERSTONE PA SE,10685.875 -14777.612|10682.394 -14777.801|10655.704 -14779.247|10668.601 -14878.310|10698.556 -14874.396
1113 99 COPPERSTONE PA SE,10685.875 -14777.612|10682.394 -14777.801|10655.704 -14779.247|10668.601 -14878.310|10698.556 -14874.396
1114 99 COPPERSTONE PA SE,10685.875 -14777.612|10682.394 -14777.801|10655.704 -14779.247|10668.601 -14878.310|10698.556 -14874.396
1115 99 COPPERSTONE PA SE,10685.875 -14777.612|10682.394 -14777.801|10655.704 -14779.247|10668.601 -14878.310|10698.556 -14874.396
1116 99 COPPERSTONE PA SE,10685.875 -14777.612|10682.394 -14777.801|10655.704 -14779.247|10668.601 -14878.310|10698.556 -14874.396
1117 99 COPPERSTONE PA SE,10685.875 -14777.612|10682.394 -14777.801|10655.704 -14779.247|10668.601 -14878.310|10698.556 -14874.396
1118 99 COPPERSTONE PA SE,10685.875 -14777.612|10682.394 -14777.801|10655.704 -14779.247|10668.601 -14878.310|10698.556 -14874.396
1119 99 COPPERSTONE PA SE,10685.875 -14777.612|10682.394 -14777.801|10655.704 -14779.247|10668.601 -14878.310|10698.556 -14874.396
1201 99 COPPERSTONE PA SE,10685.875 -14777.612|10682.394 -14777.801|10655.704 -14779.247|10668.601 -14878.310|10698.556 -14874.396
1202 99 COPPERSTONE PA SE,10685.875 -14777.612|10682.394 -14777.801|10655.704 -14779.247|10668.601 -14878.310|10698.556 -14874.396
1203 99 COPPERSTONE PA SE,10685.875 -14777.612|10682.394 -14777.801|10655.704 -14779.247|10668.601 -14878.310|10698.556 -14874.396
1204 99 COPPERSTONE PA SE,10685.875 -14777.612|10682.394 -14777.801|10655.704 -14779.247|10668.601 -14878.310|10698.556 -14874.396
1205 99 COPPERSTONE PA SE,10685.875 -14777.612|10682.394 -14777.801|10655.704 -14779.247|10668.601 -14878.310|10698.556 -14874.396
1206 99 COPPERSTONE PA SE,10685.875 -14777.612|10682.394 -14777.801|10655.704 -14779.247|10668.601 -14878.310|10698.556 -14874.396
1207 99 COPPERSTONE PA SE,10685.875 -14777.612|10682.394 -14777.801|10655.704 -14779.247|10668.601 -14878.310|10698.556 -14874.396
1208 99 COPPERSTONE PA SE,10685.875 -14777.612|10682.394 -14777.801|10655.704 -14779.247|10668.601 -14878.310|10698.556 -14874.396
1209 99 COPPERSTONE PA SE,10685.875 -14777.612|10682.394 -14777.801|10655.704 -14779.247|10668.601 -14878.310|10698.556 -14874.396
1210 99 COPPERSTONE PA SE,10685.875 -14777.612|10682.394 -14777.801|10655.704 -14779.247|10668.601 -14878.310|10698.556 -14874.396
1211 99 COPPERSTONE PA SE,10685.875 -14777.612|10682.394 -14777.801|10655.704 -14779.247|10668.601 -14878.310|10698.556 -14874.396
1212 99 COPPERSTONE PA SE,10685.875 -14777.612|10682.394 -14777.801|10655.704 -14779.247|10668.601 -14878.310|10698.556 -14874.396
1213 99 COPPERSTONE PA SE,10685.875 -14777.612|10682.394 -14777.801|10655.704 -14779.247|10668.601 -14878.310|10698.556 -14874.396
1214 99 COPPERSTONE PA SE,10685.875 -14777.612|10682.394 -14777.801|10655.704 -14779.247|10668.601 -14878.310|10698.556 -14874.396
1215 99 COPPERSTONE PA SE,10685.875 -14777.612|10682.394 -14777.801|10655.704 -14779.247|10668.601 -14878.310|10698.556 -14874.396
1216 99 COPPERSTONE PA SE,10685.875 -14777.612|10682.394 -14777.801|10655.704 -14779.247|10668.601 -14878.310|10698.556 -14874.396
1217 99 COPPERSTONE PA SE,10685.875 -14777.612|10682.394 -14777.801|10655.704 -14779.247|10668.601 -14878.310|10698.556 -14874.396
1218 99 COPPERSTONE PA SE,10685.875 -14777.612|10682.394 -14777.801|10655.704 -14779.247|10668.601 -14878.310|10698.556 -14874.396
1219 99 COPPERSTONE PA SE,10685.875 -14777.612|10682.394 -14777.801|10655.704 -14779.247|10668.601 -14878.310|10698.556 -14874.396
1301 99 COPPERSTONE PA SE,10685.875 -14777.612|10682.394 -14777.801|10655.704 -14779.247|10668.601 -14878.310|10698.556 -14874.396
1302 99 COPPERSTONE PA SE,10685.875 -14777.612|10682.394 -14777.801|10655.704 -14779.247|10668.601 -14878.310|10698.556 -14874.396
1303 99 COPPERSTONE PA SE,10685.875 -14777.612|10682.394 -14777.801|10655.704 -14779.247|10668.601 -14878.310|10698.556 -14874.396
1304 99 COPPERSTONE PA SE,10685.875 -14777.612|10682.394 -14777.801|10655.704 -14779.247|10668.601 -14878.310|10698.556 -14874.396
1305 99 COPPERSTONE PA SE,10685.875 -14777.612|10682.394 -14777.801|10655.704 -14779.247|10668.601 -14878.310|10698.556 -14874.396
1306 99 COPPERSTONE PA SE,10685.875 -14777.612|10682.394 -14777.801|10655.704 -14779.247|10668.601 -14878.310|10698.556 -14874.396
1307 99 COPPERSTONE PA SE,10685.875 -14777.612|10682.394 -14777.801|10655.704 -14779.247|10668.601 -14878.310|10698.556 -14874.396
1308 99 COPPERSTONE PA SE,10685.875 -14777.612|10682.394 -14777.801|10655.704 -14779.247|10668.601 -14878.310|10698.556 -14874.396
1309 99 COPPERSTONE PA SE,10685.875 -14777.612|10682.394 -14777.801|10655.704 -14779.247|10668.601 -14878.310|10698.556 -14874.396
1310 99 COPPERSTONE PA SE,10685.875 -14777.612|10682.394 -14777.801|10655.704 -14779.247|10668.601 -14878.310|10698.556 -14874.396
1311 99 COPPERSTONE PA SE,10685.875 -14777.612|10682.394 -14777.801|10655.704 -14779.247|10668.601 -14878.310|10698.556 -14874.396
1312 99 COPPERSTONE PA SE,10685.875 -14777.612|10682.394 -14777.801|10655.704 -14779.247|10668.601 -14878.310|10698.556 -14874.396
1313 99 COPPERSTONE PA SE,10685.875 -14777.612|10682.394 -14777.801|10655.704 -14779.247|10668.601 -14878.310|10698.556 -14874.396
1314 99 COPPERSTONE PA SE,10685.875 -14777.612|10682.394 -14777.801|10655.704 -14779.247|10668.601 -14878.310|10698.556 -14874.396
1315 99 COPPERSTONE PA SE,10685.875 -14777.612|10682.394 -14777.801|10655.704 -14779.247|10668.601 -14878.310|10698.556 -14874.396
1316 99 COPPERSTONE PA SE,10685.875 -14777.612|10682.394 -14777.801|10655.704 -14779.247|10668.601 -14878.310|10698.556 -14874.396
1317 99 COPPERSTONE PA SE,10685.875 -14777.612|10682.394 -14777.801|10655.704 -14779.247|10668.601 -14878.310|10698.556 -14874.396
1318 99 COPPERSTONE PA SE,10685.875 -14777.612|10682.394 -14777.801|10655.704 -14779.247|10668.601 -14878.310|10698.556 -14874.396
1319 99 COPPERSTONE PA SE,10685.875 -14777.612|10682.394 -14777.801|10655.704 -14779.247|10668.601 -14878.310|10698.556 -14874.396
1401 99 COPPERSTONE PA SE,10685.875 -14777.612|10682.394 -14777.801|10655.704 -14779.247|10668.601 -14878.310|10698.556 -14874.396
1402 99 COPPERSTONE PA SE,10685.875 -14777.612|10682.394 -14777.801|10655.704 -14779.247|10668.601 -14878.310|10698.556 -14874.396
1403 99 COPPERSTONE PA SE,10685.875 -14777.612|10682.394 -14777.801|10655.704 -14779.247|10668.601 -14878.310|10698.556 -14874.396
1404 99 COPPERSTONE PA SE,10685.875 -14777.612|10682.394 -14777.801|10655.704 -14779.247|10668.601 -14878.310|10698.556 -14874.396
1405 99 COPPERSTONE PA SE,10685.875 -14777.612|10682.394 -14777.801|10655.704 -14779.247|10668.601 -14878.310|10698.556 -14874.396
1406 99 COPPERSTONE PA SE,10685.875 -14777.612|10682.394 -14777.801|10655.704 -14779.247|10668.601 -14878.310|10698.556 -14874.396
1407 99 COPPERSTONE PA SE,10685.875 -14777.612|10682.394 -14777.801|10655.704 -14779.247|10668.601 -14878.310|10698.556 -14874.396
1408 99 COPPERSTONE PA SE,10685.875 -14777.612|10682.394 -14777.801|10655.704 -14779.247|10668.601 -14878.310|10698.556 -14874.396
1409 99 COPPERSTONE PA SE,10685.875 -14777.612|10682.394 -14777.801|10655.704 -14779.247|10668.601 -14878.310|10698.556 -14874.396
1410 99 COPPERSTONE PA SE,10685.875 -14777.612|10682.394 -14777.801|10655.704 -14779.247|10668.601 -14878.310|10698.556 -14874.396
1411 99 COPPERSTONE PA SE,10685.875 -14777.612|10682.394 -14777.801|10655.704 -14779.247|10668.601 -14878.310|10698.556 -14874.396
1412 99 COPPERSTONE PA SE,10685.875 -14777.612|10682.394 -14777.801|10655.704 -14779.247|10668.601 -14878.310|10698.556 -14874.396
1413 99 COPPERSTONE PA SE,10685.875 -14777.612|10682.394 -14777.801|10655.704 -14779.247|10668.601 -14878.310|10698.556 -14874.396
1414 99 COPPERSTONE PA SE,10685.875 -14777.612|10682.394 -14777.801|10655.704 -14779.247|10668.601 -14878.310|10698.556 -14874.396
1415 99 COPPERSTONE PA SE,10685.875 -14777.612|10682.394 -14777.801|10655.704 -14779.247|10668.601 -14878.310|10698.556 -14874.396
1416 99 COPPERSTONE PA SE,10685.875 -14777.612|10682.394 -14777.801|10655.704 -14779.247|10668.601 -14878.310|10698.556 -14874.396
1417 99 COPPERSTONE PA SE,10685.875 -14777.612|10682.394 -14777.801|10655.704 -14779.247|10668.601 -14878.310|10698.556 -14874.396
1418 99 COPPERSTONE PA SE,10685.875 -14777.612|10682.394 -14777.801|10655.704 -14779.247|10668.601 -14878.310|10698.556 -14874.396
1419 99 COPPERSTONE PA SE,10685.875 -14777.612|10682.394 -14777.801|10655.704 -14779.247|10668.601 -14878.310|10698.556 -14874.396
208V 99 COPPERSTONE PA SE,10685.875 -14777.612|10682.394 -14777.801|10655.704 -14779.247|10668.601 -14878.310|10698.556 -14874.396
209V 99 COPPERSTONE PA SE,10685.875 -14777.612|10682.394 -14777.801|10655.704 -14779.247|10668.601 -14878.310|10698.556 -14874.396
210V 99 COPPERSTONE PA SE,10685.875 -14777.612|10682.394 -14777.801|10655.704 -14779.247|10668.601 -14878.310|10698.556 -14874.396
211V 99 COPPERSTONE PA SE,10685.875 -14777.612|10682.394 -14777.801|10655.704 -14779.247|10668.601 -14878.310|10698.556 -14874.396
212V 99 COPPERSTONE PA SE,10685.875 -14777.612|10682.394 -14777.801|10655.704 -14779.247|10668.601 -14878.310|10698.556 -14874.396
213V 99 COPPERSTONE PA SE,10685.875 -14777.612|10682.394 -14777.801|10655.704 -14779.247|10668.601 -14878.310|10698.556 -14874.396
214V 99 COPPERSTONE PA SE,10685.875 -14777.612|10682.394 -14777.801|10655.704 -14779.247|10668.601 -14878.310|10698.556 -14874.396
215V 99 COPPERSTONE PA SE,10685.875 -14777.612|10682.394 -14777.801|10655.704 -14779.247|10668.601 -14878.310|10698.556 -14874.396
216V 99 COPPERSTONE PA SE,10685.875 -14777.612|10682.394 -14777.801|10655.704 -14779.247|10668.601 -14878.310|10698.556 -14874.396
217V 99 COPPERSTONE PA SE,10685.875 -14777.612|10682.394 -14777.801|10655.704 -14779.247|10668.601 -14878.310|10698.556 -14874.396
218V 99 COPPERSTONE PA SE,10685.875 -14777.612|10682.394 -14777.801|10655.704 -14779.247|10668.601 -14878.310|10698.556 -14874.396
219V 99 COPPERSTONE PA SE,10685.875 -14777.612|10682.394 -14777.801|10655.704 -14779.247|10668.601 -14878.310|10698.556 -14874.396
220V 99 COPPERSTONE PA SE,10685.875 -14777.612|10682.394 -14777.801|10655.704 -14779.247|10668.601 -14878.310|10698.556 -14874.396
221V 99 COPPERSTONE PA SE,10685.875 -14777.612|10682.394 -14777.801|10655.704 -14779.247|10668.601 -14878.310|10698.556 -14874.396
222V 99 COPPERSTONE PA SE,10685.875 -14777.612|10682.394 -14777.801|10655.704 -14779.247|10668.601 -14878.310|10698.556 -14874.396
223V 99 COPPERSTONE PA SE,10685.875 -14777.612|10682.394 -14777.801|10655.704 -14779.247|10668.601 -14878.310|10698.556 -14874.396
224V 99 COPPERSTONE PA SE,10685.875 -14777.612|10682.394 -14777.801|10655.704 -14779.247|10668.601 -14878.310|10698.556 -14874.396
225V 99 COPPERSTONE PA SE,10685.875 -14777.612|10682.394 -14777.801|10655.704 -14779.247|10668.601 -14878.310|10698.556 -14874.396
226V 99 COPPERSTONE PA SE,10685.875 -14777.612|10682.394 -14777.801|10655.704 -14779.247|10668.601 -14878.310|10698.556 -14874.396
227V 99 COPPERSTONE PA SE,10685.875 -14777.612|10682.394 -14777.801|10655.704 -14779.247|10668.601 -14878.310|10698.556 -14874.396
228V 99 COPPERSTONE PA SE,10685.875 -14777.612|10682.394 -14777.801|10655.704 -14779.247|10668.601 -14878.310|10698.556 -14874.396
229V 99 COPPERSTONE PA SE,10685.875 -14777.612|10682.394 -14777.801|10655.704 -14779.247|10668.601 -14878.310|10698.556 -14874.396
230V 99 COPPERSTONE PA SE,10685.875 -14777.612|10682.394 -14777.801|10655.704 -14779.247|10668.601 -14878.310|10698.556 -14874.396
231V 99 COPPERSTONE PA SE,10685.875 -14777.612|10682.394 -14777.801|10655.704 -14779.247|10668.601 -14878.310|10698.556 -14874.396
232V 99 COPPERSTONE PA SE,10685.875 -14777.612|10682.394 -14777.801|10655.704 -14779.247|10668.601 -14878.310|10698.556 -14874.396
233V 99 COPPERSTONE PA SE,10685.875 -14777.612|10682.394 -14777.801|10655.704 -14779.247|10668.601 -14878.310|10698.556 -14874.396
234V 99 COPPERSTONE PA SE,10685.875 -14777.612|10682.394 -14777.801|10655.704 -14779.247|10668.601 -14878.310|10698.556 -14874.396
235V 99 COPPERSTONE PA SE,10685.875 -14777.612|10682.394 -14777.801|10655.704 -14779.247|10668.601 -14878.310|10698.556 -14874.396
236V 99 COPPERSTONE PA SE,10685.875 -14777.612|10682.394 -14777.801|10655.704 -14779.247|10668.601 -14878.310|10698.556 -14874.396
237V 99 COPPERSTONE PA SE,10685.875 -14777.612|10682.394 -14777.801|10655.704 -14779.247|10668.601 -14878.310|10698.556 -14874.396
238V 99 COPPERSTONE PA SE,10685.875 -14777.612|10682.394 -14777.801|10655.704 -14779.247|10668.601 -14878.310|10698.556 -14874.396
239V 99 COPPERSTONE PA SE,10685.875 -14777.612|10682.394 -14777.801|10655.704 -14779.247|10668.601 -14878.310|10698.556 -14874.396
240V 99 COPPERSTONE PA SE,10685.875 -14777.612|10682.394 -14777.801|10655.704 -14779.247|10668.601 -14878.310|10698.556 -14874.396
241V 99 COPPERSTONE PA SE,10685.875 -14777.612|10682.394 -14777.801|10655.704 -14779.247|10668.601 -14878.310|10698.556 -14874.396
242V 99 COPPERSTONE PA SE,10685.875 -14777.612|10682.394 -14777.801|10655.704 -14779.247|10668.601 -14878.310|10698.556 -14874.396
243V 99 COPPERSTONE PA SE,10685.875 -14777.612|10682.394 -14777.801|10655.704 -14779.247|10668.601 -14878.310|10698.556 -14874.396
244V 99 COPPERSTONE PA SE,10685.875 -14777.612|10682.394 -14777.801|10655.704 -14779.247|10668.601 -14878.310|10698.556 -14874.396
245V 99 COPPERSTONE PA SE,10685.875 -14777.612|10682.394 -14777.801|10655.704 -14779.247|10668.601 -14878.310|10698.556 -14874.396
246V 99 COPPERSTONE PA SE,10685.875 -14777.612|10682.394 -14777.801|10655.704 -14779.247|10668.601 -14878.310|10698.556 -14874.396
247V 99 COPPERSTONE PA SE,10685.875 -14777.612|10682.394 -14777.801|10655.704 -14779.247|10668.601 -14878.310|10698.556 -14874.396
248V 99 COPPERSTONE PA SE,10685.875 -14777.612|10682.394 -14777.801|10655.704 -14779.247|10668.601 -14878.310|10698.556 -14874.396
249V 99 COPPERSTONE PA SE,10685.875 -14777.612|10682.394 -14777.801|10655.704 -14779.247|10668.601 -14878.310|10698.556 -14874.396
250V 99 COPPERSTONE PA SE,10685.875 -14777.612|10682.394 -14777.801|10655.704 -14779.247|10668.601 -14878.310|10698.556 -14874.396
251V 99 COPPERSTONE PA SE,10685.875 -14777.612|10682.394 -14777.801|10655.704 -14779.247|10668.601 -14878.310|10698.556 -14874.396
252V 99 COPPERSTONE PA SE,10685.875 -14777.612|10682.394 -14777.801|10655.704 -14779.247|10668.601 -14878.310|10698.556 -14874.396
253V 99 COPPERSTONE PA SE,10685.875 -14777.612|10682.394 -14777.801|10655.704 -14779.247|10668.601 -14878.310|10698.556 -14874.396
254V 99 COPPERSTONE PA SE,10685.875 -14777.612|10682.394 -14777.801|10655.704 -14779.247|10668.601 -14878.310|10698.556 -14874.396
255V 99 COPPERSTONE PA SE,10685.875 -14777.612|10682.394 -14777.801|10655.704 -14779.247|10668.601 -14878.310|10698.556 -14874.396
256V 99 COPPERSTONE PA SE,10685.875 -14777.612|10682.394 -14777.801|10655.704 -14779.247|10668.601 -14878.310|10698.556 -14874.396
257V 99 COPPERSTONE PA SE,10685.875 -14777.612|10682.394 -14777.801|10655.704 -14779.247|10668.601 -14878.310|10698.556 -14874.396
258V 99 COPPERSTONE PA SE,10685.875 -14777.612|10682.394 -14777.801|10655.704 -14779.247|10668.601 -14878.310|10698.556 -14874.396
259V 99 COPPERSTONE PA SE,10685.875 -14777.612|10682.394 -14777.801|10655.704 -14779.247|10668.601 -14878.310|10698.556 -14874.396
260V 99 COPPERSTONE PA SE,10685.875 -14777.612|10682.394 -14777.801|10655.704 -14779.247|10668.601 -14878.310|10698.556 -14874.396
261V 99 COPPERSTONE PA SE,10685.875 -14777.612|10682.394 -14777.801|10655.704 -14779.247|10668.601 -14878.310|10698.556 -14874.396
262V 99 COPPERSTONE PA SE,10685.875 -14777.612|10682.394 -14777.801|10655.704 -14779.247|10668.601 -14878.310|10698.556 -14874.396
263V 99 COPPERSTONE PA SE,10685.875 -14777.612|10682.394 -14777.801|10655.704 -14779.247|10668.601 -14878.310|10698.556 -14874.396
264V 99 COPPERSTONE PA SE,10685.875 -14777.612|10682.394 -14777.801|10655.704 -14779.247|10668.601 -14878.310|10698.556 -14874.396
2101 99 COPPERSTONE PA SE,10712.012 -14979.186|10711.125 -14972.259|10710.425 -14966.822|10709.824 -14962.118|10709.181 -14957.148|10708.580 -14952.455|10707.888 -14947.018|10706.846 -14938.912|10705.826 -14930.983|10705.134 -14925.546|10704.512 -14920.709|10703.889 -14915.872|10703.274 -14911.046|10702.631 -14906.065|10701.939 -14900.627|10700.024 -14885.705|10670.069 -14889.552|10681.520 -14978.942|10681.569 -14979.331|10712.089 -14979.787
2102 99 COPPERSTONE PA SE,10712.012 -14979.186|10711.125 -14972.259|10710.425 -14966.822|10709.824 -14962.118|10709.181 -14957.148|10708.580 -14952.455|10707.888 -14947.018|10706.846 -14938.912|10705.826 -14930.983|10705.134 -14925.546|10704.512 -14920.709|10703.889 -14915.872|10703.274 -14911.046|10702.631 -14906.065|10701.939 -14900.627|10700.024 -14885.705|10670.069 -14889.552|10681.520 -14978.942|10681.569 -14979.331|10712.089 -14979.787
2103 99 COPPERSTONE PA SE,10712.012 -14979.186|10711.125 -14972.259|10710.425 -14966.822|10709.824 -14962.118|10709.181 -14957.148|10708.580 -14952.455|10707.888 -14947.018|10706.846 -14938.912|10705.826 -14930.983|10705.134 -14925.546|10704.512 -14920.709|10703.889 -14915.872|10703.274 -14911.046|10702.631 -14906.065|10701.939 -14900.627|10700.024 -14885.705|10670.069 -14889.552|10681.520 -14978.942|10681.569 -14979.331|10712.089 -14979.787
2104 99 COPPERSTONE PA SE,10712.012 -14979.186|10711.125 -14972.259|10710.425 -14966.822|10709.824 -14962.118|10709.181 -14957.148|10708.580 -14952.455|10707.888 -14947.018|10706.846 -14938.912|10705.826 -14930.983|10705.134 -14925.546|10704.512 -14920.709|10703.889 -14915.872|10703.274 -14911.046|10702.631 -14906.065|10701.939 -14900.627|10700.024 -14885.705|10670.069 -14889.552|10681.520 -14978.942|10681.569 -14979.331|10712.089 -14979.787
2105 99 COPPERSTONE PA SE,10712.012 -14979.186|10711.125 -14972.259|10710.425 -14966.822|10709.824 -14962.118|10709.181 -14957.148|10708.580 -14952.455|10707.888 -14947.018|10706.846 -14938.912|10705.826 -14930.983|10705.134 -14925.546|10704.512 -14920.709|10703.889 -14915.872|10703.274 -14911.046|10702.631 -14906.065|10701.939 -14900.627|10700.024 -14885.705|10670.069 -14889.552|10681.520 -14978.942|10681.569 -14979.331|10712.089 -14979.787
2106 99 COPPERSTONE PA SE,10712.012 -14979.186|10711.125 -14972.259|10710.425 -14966.822|10709.824 -14962.118|10709.181 -14957.148|10708.580 -14952.455|10707.888 -14947.018|10706.846 -14938.912|10705.826 -14930.983|10705.134 -14925.546|10704.512 -14920.709|10703.889 -14915.872|10703.274 -14911.046|10702.631 -14906.065|10701.939 -14900.627|10700.024 -14885.705|10670.069 -14889.552|10681.520 -14978.942|10681.569 -14979.331|10712.089 -14979.787
2107 99 COPPERSTONE PA SE,10712.012 -14979.186|10711.125 -14972.259|10710.425 -14966.822|10709.824 -14962.118|10709.181 -14957.148|10708.580 -14952.455|10707.888 -14947.018|10706.846 -14938.912|10705.826 -14930.983|10705.134 -14925.546|10704.512 -14920.709|10703.889 -14915.872|10703.274 -14911.046|10702.631 -14906.065|10701.939 -14900.627|10700.024 -14885.705|10670.069 -14889.552|10681.520 -14978.942|10681.569 -14979.331|10712.089 -14979.787
2108 99 COPPERSTONE PA SE,10712.012 -14979.186|10711.125 -14972.259|10710.425 -14966.822|10709.824 -14962.118|10709.181 -14957.148|10708.580 -14952.455|10707.888 -14947.018|10706.846 -14938.912|10705.826 -14930.983|10705.134 -14925.546|10704.512 -14920.709|10703.889 -14915.872|10703.274 -14911.046|10702.631 -14906.065|10701.939 -14900.627|10700.024 -14885.705|10670.069 -14889.552|10681.520 -14978.942|10681.569 -14979.331|10712.089 -14979.787
2109 99 COPPERSTONE PA SE,10712.012 -14979.186|10711.125 -14972.259|10710.425 -14966.822|10709.824 -14962.118|10709.181 -14957.148|10708.580 -14952.455|10707.888 -14947.018|10706.846 -14938.912|10705.826 -14930.983|10705.134 -14925.546|10704.512 -14920.709|10703.889 -14915.872|10703.274 -14911.046|10702.631 -14906.065|10701.939 -14900.627|10700.024 -14885.705|10670.069 -14889.552|10681.520 -14978.942|10681.569 -14979.331|10712.089 -14979.787
2110 99 COPPERSTONE PA SE,10712.012 -14979.186|10711.125 -14972.259|10710.425 -14966.822|10709.824 -14962.118|10709.181 -14957.148|10708.580 -14952.455|10707.888 -14947.018|10706.846 -14938.912|10705.826 -14930.983|10705.134 -14925.546|10704.512 -14920.709|10703.889 -14915.872|10703.274 -14911.046|10702.631 -14906.065|10701.939 -14900.627|10700.024 -14885.705|10670.069 -14889.552|10681.520 -14978.942|10681.569 -14979.331|10712.089 -14979.787
2111 99 COPPERSTONE PA SE,10712.012 -14979.186|10711.125 -14972.259|10710.425 -14966.822|10709.824 -14962.118|10709.181 -14957.148|10708.580 -14952.455|10707.888 -14947.018|10706.846 -14938.912|10705.826 -14930.983|10705.134 -14925.546|10704.512 -14920.709|10703.889 -14915.872|10703.274 -14911.046|10702.631 -14906.065|10701.939 -14900.627|10700.024 -14885.705|10670.069 -14889.552|10681.520 -14978.942|10681.569 -14979.331|10712.089 -14979.787
2112 99 COPPERSTONE PA SE,10712.012 -14979.186|10711.125 -14972.259|10710.425 -14966.822|10709.824 -14962.118|10709.181 -14957.148|10708.580 -14952.455|10707.888 -14947.018|10706.846 -14938.912|10705.826 -14930.983|10705.134 -14925.546|10704.512 -14920.709|10703.889 -14915.872|10703.274 -14911.046|10702.631 -14906.065|10701.939 -14900.627|10700.024 -14885.705|10670.069 -14889.552|10681.520 -14978.942|10681.569 -14979.331|10712.089 -14979.787
2113 99 COPPERSTONE PA SE,10712.012 -14979.186|10711.125 -14972.259|10710.425 -14966.822|10709.824 -14962.118|10709.181 -14957.148|10708.580 -14952.455|10707.888 -14947.018|10706.846 -14938.912|10705.826 -14930.983|10705.134 -14925.546|10704.512 -14920.709|10703.889 -14915.872|10703.274 -14911.046|10702.631 -14906.065|10701.939 -14900.627|10700.024 -14885.705|10670.069 -14889.552|10681.520 -14978.942|10681.569 -14979.331|10712.089 -14979.787
2114 99 COPPERSTONE PA SE,10712.012 -14979.186|10711.125 -14972.259|10710.425 -14966.822|10709.824 -14962.118|10709.181 -14957.148|10708.580 -14952.455|10707.888 -14947.018|10706.846 -14938.912|10705.826 -14930.983|10705.134 -14925.546|10704.512 -14920.709|10703.889 -14915.872|10703.274 -14911.046|10702.631 -14906.065|10701.939 -14900.627|10700.024 -14885.705|10670.069 -14889.552|10681.520 -14978.942|10681.569 -14979.331|10712.089 -14979.787
2115 99 COPPERSTONE PA SE,10712.012 -14979.186|10711.125 -14972.259|10710.425 -14966.822|10709.824 -14962.118|10709.181 -14957.148|10708.580 -14952.455|10707.888 -14947.018|10706.846 -14938.912|10705.826 -14930.983|10705.134 -14925.546|10704.512 -14920.709|10703.889 -14915.872|10703.274 -14911.046|10702.631 -14906.065|10701.939 -14900.627|10700.024 -14885.705|10670.069 -14889.552|10681.520 -14978.942|10681.569 -14979.331|10712.089 -14979.787
2116 99 COPPERSTONE PA SE,10712.012 -14979.186|10711.125 -14972.259|10710.425 -14966.822|10709.824 -14962.118|10709.181 -14957.148|10708.580 -14952.455|10707.888 -14947.018|10706.846 -14938.912|10705.826 -14930.983|10705.134 -14925.546|10704.512 -14920.709|10703.889 -14915.872|10703.274 -14911.046|10702.631 -14906.065|10701.939 -14900.627|10700.024 -14885.705|10670.069 -14889.552|10681.520 -14978.942|10681.569 -14979.331|10712.089 -14979.787
2117 99 COPPERSTONE PA SE,10712.012 -14979.186|10711.125 -14972.259|10710.425 -14966.822|10709.824 -14962.118|10709.181 -14957.148|10708.580 -14952.455|10707.888 -14947.018|10706.846 -14938.912|10705.826 -14930.983|10705.134 -14925.546|10704.512 -14920.709|10703.889 -14915.872|10703.274 -14911.046|10702.631 -14906.065|10701.939 -14900.627|10700.024 -14885.705|10670.069 -14889.552|10681.520 -14978.942|10681.569 -14979.331|10712.089 -14979.787
2118 99 COPPERSTONE PA SE,10712.012 -14979.186|10711.125 -14972.259|10710.425 -14966.822|10709.824 -14962.118|10709.181 -14957.148|10708.580 -14952.455|10707.888 -14947.018|10706.846 -14938.912|10705.826 -14930.983|10705.134 -14925.546|10704.512 -14920.709|10703.889 -14915.872|10703.274 -14911.046|10702.631 -14906.065|10701.939 -14900.627|10700.024 -14885.705|10670.069 -14889.552|10681.520 -14978.942|10681.569 -14979.331|10712.089 -14979.787
2119 99 COPPERSTONE PA SE,10712.012 -14979.186|10711.125 -14972.259|10710.425 -14966.822|10709.824 -14962.118|10709.181 -14957.148|10708.580 -14952.455|10707.888 -14947.018|10706.846 -14938.912|10705.826 -14930.983|10705.134 -14925.546|10704.512 -14920.709|10703.889 -14915.872|10703.274 -14911.046|10702.631 -14906.065|10701.939 -14900.627|10700.024 -14885.705|10670.069 -14889.552|10681.520 -14978.942|10681.569 -14979.331|10712.089 -14979.787
2201 99 COPPERSTONE PA SE,10712.012 -14979.186|10711.125 -14972.259|10710.425 -14966.822|10709.824 -14962.118|10709.181 -14957.148|10708.580 -14952.455|10707.888 -14947.018|10706.846 -14938.912|10705.826 -14930.983|10705.134 -14925.546|10704.512 -14920.709|10703.889 -14915.872|10703.274 -14911.046|10702.631 -14906.065|10701.939 -14900.627|10700.024 -14885.705|10670.069 -14889.552|10681.520 -14978.942|10681.569 -14979.331|10712.089 -14979.787
2202 99 COPPERSTONE PA SE,10712.012 -14979.186|10711.125 -14972.259|10710.425 -14966.822|10709.824 -14962.118|10709.181 -14957.148|10708.580 -14952.455|10707.888 -14947.018|10706.846 -14938.912|10705.826 -14930.983|10705.134 -14925.546|10704.512 -14920.709|10703.889 -14915.872|10703.274 -14911.046|10702.631 -14906.065|10701.939 -14900.627|10700.024 -14885.705|10670.069 -14889.552|10681.520 -14978.942|10681.569 -14979.331|10712.089 -14979.787
2203 99 COPPERSTONE PA SE,10712.012 -14979.186|10711.125 -14972.259|10710.425 -14966.822|10709.824 -14962.118|10709.181 -14957.148|10708.580 -14952.455|10707.888 -14947.018|10706.846 -14938.912|10705.826 -14930.983|10705.134 -14925.546|10704.512 -14920.709|10703.889 -14915.872|10703.274 -14911.046|10702.631 -14906.065|10701.939 -14900.627|10700.024 -14885.705|10670.069 -14889.552|10681.520 -14978.942|10681.569 -14979.331|10712.089 -14979.787
2204 99 COPPERSTONE PA SE,10712.012 -14979.186|10711.125 -14972.259|10710.425 -14966.822|10709.824 -14962.118|10709.181 -14957.148|10708.580 -14952.455|10707.888 -14947.018|10706.846 -14938.912|10705.826 -14930.983|10705.134 -14925.546|10704.512 -14920.709|10703.889 -14915.872|10703.274 -14911.046|10702.631 -14906.065|10701.939 -14900.627|10700.024 -14885.705|10670.069 -14889.552|10681.520 -14978.942|10681.569 -14979.331|10712.089 -14979.787
2205 99 COPPERSTONE PA SE,10712.012 -14979.186|10711.125 -14972.259|10710.425 -14966.822|10709.824 -14962.118|10709.181 -14957.148|10708.580 -14952.455|10707.888 -14947.018|10706.846 -14938.912|10705.826 -14930.983|10705.134 -14925.546|10704.512 -14920.709|10703.889 -14915.872|10703.274 -14911.046|10702.631 -14906.065|10701.939 -14900.627|10700.024 -14885.705|10670.069 -14889.552|10681.520 -14978.942|10681.569 -14979.331|10712.089 -14979.787
2206 99 COPPERSTONE PA SE,10712.012 -14979.186|10711.125 -14972.259|10710.425 -14966.822|10709.824 -14962.118|10709.181 -14957.148|10708.580 -14952.455|10707.888 -14947.018|10706.846 -14938.912|10705.826 -14930.983|10705.134 -14925.546|10704.512 -14920.709|10703.889 -14915.872|10703.274 -14911.046|10702.631 -14906.065|10701.939 -14900.627|10700.024 -14885.705|10670.069 -14889.552|10681.520 -14978.942|10681.569 -14979.331|10712.089 -14979.787
2207 99 COPPERSTONE PA SE,10712.012 -14979.186|10711.125 -14972.259|10710.425 -14966.822|10709.824 -14962.118|10709.181 -14957.148|10708.580 -14952.455|10707.888 -14947.018|10706.846 -14938.912|10705.826 -14930.983|10705.134 -14925.546|10704.512 -14920.709|10703.889 -14915.872|10703.274 -14911.046|10702.631 -14906.065|10701.939 -14900.627|10700.024 -14885.705|10670.069 -14889.552|10681.520 -14978.942|10681.569 -14979.331|10712.089 -14979.787
2208 99 COPPERSTONE PA SE,10712.012 -14979.186|10711.125 -14972.259|10710.425 -14966.822|10709.824 -14962.118|10709.181 -14957.148|10708.580 -14952.455|10707.888 -14947.018|10706.846 -14938.912|10705.826 -14930.983|10705.134 -14925.546|10704.512 -14920.709|10703.889 -14915.872|10703.274 -14911.046|10702.631 -14906.065|10701.939 -14900.627|10700.024 -14885.705|10670.069 -14889.552|10681.520 -14978.942|10681.569 -14979.331|10712.089 -14979.787
2209 99 COPPERSTONE PA SE,10712.012 -14979.186|10711.125 -14972.259|10710.425 -14966.822|10709.824 -14962.118|10709.181 -14957.148|10708.580 -14952.455|10707.888 -14947.018|10706.846 -14938.912|10705.826 -14930.983|10705.134 -14925.546|10704.512 -14920.709|10703.889 -14915.872|10703.274 -14911.046|10702.631 -14906.065|10701.939 -14900.627|10700.024 -14885.705|10670.069 -14889.552|10681.520 -14978.942|10681.569 -14979.331|10712.089 -14979.787
2210 99 COPPERSTONE PA SE,10712.012 -14979.186|10711.125 -14972.259|10710.425 -14966.822|10709.824 -14962.118|10709.181 -14957.148|10708.580 -14952.455|10707.888 -14947.018|10706.846 -14938.912|10705.826 -14930.983|10705.134 -14925.546|10704.512 -14920.709|10703.889 -14915.872|10703.274 -14911.046|10702.631 -14906.065|10701.939 -14900.627|10700.024 -14885.705|10670.069 -14889.552|10681.520 -14978.942|10681.569 -14979.331|10712.089 -14979.787
2211 99 COPPERSTONE PA SE,10712.012 -14979.186|10711.125 -14972.259|10710.425 -14966.822|10709.824 -14962.118|10709.181 -14957.148|10708.580 -14952.455|10707.888 -14947.018|10706.846 -14938.912|10705.826 -14930.983|10705.134 -14925.546|10704.512 -14920.709|10703.889 -14915.872|10703.274 -14911.046|10702.631 -14906.065|10701.939 -14900.627|10700.024 -14885.705|10670.069 -14889.552|10681.520 -14978.942|10681.569 -14979.331|10712.089 -14979.787
2212 99 COPPERSTONE PA SE,10712.012 -14979.186|10711.125 -14972.259|10710.425 -14966.822|10709.824 -14962.118|10709.181 -14957.148|10708.580 -14952.455|10707.888 -14947.018|10706.846 -14938.912|10705.826 -14930.983|10705.134 -14925.546|10704.512 -14920.709|10703.889 -14915.872|10703.274 -14911.046|10702.631 -14906.065|10701.939 -14900.627|10700.024 -14885.705|10670.069 -14889.552|10681.520 -14978.942|10681.569 -14979.331|10712.089 -14979.787
2213 99 COPPERSTONE PA SE,10712.012 -14979.186|10711.125 -14972.259|10710.425 -14966.822|10709.824 -14962.118|10709.181 -14957.148|10708.580 -14952.455|10707.888 -14947.018|10706.846 -14938.912|10705.826 -14930.983|10705.134 -14925.546|10704.512 -14920.709|10703.889 -14915.872|10703.274 -14911.046|10702.631 -14906.065|10701.939 -14900.627|10700.024 -14885.705|10670.069 -14889.552|10681.520 -14978.942|10681.569 -14979.331|10712.089 -14979.787
2214 99 COPPERSTONE PA SE,10712.012 -14979.186|10711.125 -14972.259|10710.425 -14966.822|10709.824 -14962.118|10709.181 -14957.148|10708.580 -14952.455|10707.888 -14947.018|10706.846 -14938.912|10705.826 -14930.983|10705.134 -14925.546|10704.512 -14920.709|10703.889 -14915.872|10703.274 -14911.046|10702.631 -14906.065|10701.939 -14900.627|10700.024 -14885.705|10670.069 -14889.552|10681.520 -14978.942|10681.569 -14979.331|10712.089 -14979.787
2215 99 COPPERSTONE PA SE,10712.012 -14979.186|10711.125 -14972.259|10710.425 -14966.822|10709.824 -14962.118|10709.181 -14957.148|10708.580 -14952.455|10707.888 -14947.018|10706.846 -14938.912|10705.826 -14930.983|10705.134 -14925.546|10704.512 -14920.709|10703.889 -14915.872|10703.274 -14911.046|10702.631 -14906.065|10701.939 -14900.627|10700.024 -14885.705|10670.069 -14889.552|10681.520 -14978.942|10681.569 -14979.331|10712.089 -14979.787
2216 99 COPPERSTONE PA SE,10712.012 -14979.186|10711.125 -14972.259|10710.425 -14966.822|10709.824 -14962.118|10709.181 -14957.148|10708.580 -14952.455|10707.888 -14947.018|10706.846 -14938.912|10705.826 -14930.983|10705.134 -14925.546|10704.512 -14920.709|10703.889 -14915.872|10703.274 -14911.046|10702.631 -14906.065|10701.939 -14900.627|10700.024 -14885.705|10670.069 -14889.552|10681.520 -14978.942|10681.569 -14979.331|10712.089 -14979.787
2217 99 COPPERSTONE PA SE,10712.012 -14979.186|10711.125 -14972.259|10710.425 -14966.822|10709.824 -14962.118|10709.181 -14957.148|10708.580 -14952.455|10707.888 -14947.018|10706.846 -14938.912|10705.826 -14930.983|10705.134 -14925.546|10704.512 -14920.709|10703.889 -14915.872|10703.274 -14911.046|10702.631 -14906.065|10701.939 -14900.627|10700.024 -14885.705|10670.069 -14889.552|10681.520 -14978.942|10681.569 -14979.331|10712.089 -14979.787
2218 99 COPPERSTONE PA SE,10712.012 -14979.186|10711.125 -14972.259|10710.425 -14966.822|10709.824 -14962.118|10709.181 -14957.148|10708.580 -14952.455|10707.888 -14947.018|10706.846 -14938.912|10705.826 -14930.983|10705.134 -14925.546|10704.512 -14920.709|10703.889 -14915.872|10703.274 -14911.046|10702.631 -14906.065|10701.939 -14900.627|10700.024 -14885.705|10670.069 -14889.552|10681.520 -14978.942|10681.569 -14979.331|10712.089 -14979.787
2219 99 COPPERSTONE PA SE,10712.012 -14979.186|10711.125 -14972.259|10710.425 -14966.822|10709.824 -14962.118|10709.181 -14957.148|10708.580 -14952.455|10707.888 -14947.018|10706.846 -14938.912|10705.826 -14930.983|10705.134 -14925.546|10704.512 -14920.709|10703.889 -14915.872|10703.274 -14911.046|10702.631 -14906.065|10701.939 -14900.627|10700.024 -14885.705|10670.069 -14889.552|10681.520 -14978.942|10681.569 -14979.331|10712.089 -14979.787
2301 99 COPPERSTONE PA SE,10712.012 -14979.186|10711.125 -14972.259|10710.425 -14966.822|10709.824 -14962.118|10709.181 -14957.148|10708.580 -14952.455|10707.888 -14947.018|10706.846 -14938.912|10705.826 -14930.983|10705.134 -14925.546|10704.512 -14920.709|10703.889 -14915.872|10703.274 -14911.046|10702.631 -14906.065|10701.939 -14900.627|10700.024 -14885.705|10670.069 -14889.552|10681.520 -14978.942|10681.569 -14979.331|10712.089 -14979.787
2302 99 COPPERSTONE PA SE,10712.012 -14979.186|10711.125 -14972.259|10710.425 -14966.822|10709.824 -14962.118|10709.181 -14957.148|10708.580 -14952.455|10707.888 -14947.018|10706.846 -14938.912|10705.826 -14930.983|10705.134 -14925.546|10704.512 -14920.709|10703.889 -14915.872|10703.274 -14911.046|10702.631 -14906.065|10701.939 -14900.627|10700.024 -14885.705|10670.069 -14889.552|10681.520 -14978.942|10681.569 -14979.331|10712.089 -14979.787
2303 99 COPPERSTONE PA SE,10712.012 -14979.186|10711.125 -14972.259|10710.425 -14966.822|10709.824 -14962.118|10709.181 -14957.148|10708.580 -14952.455|10707.888 -14947.018|10706.846 -14938.912|10705.826 -14930.983|10705.134 -14925.546|10704.512 -14920.709|10703.889 -14915.872|10703.274 -14911.046|10702.631 -14906.065|10701.939 -14900.627|10700.024 -14885.705|10670.069 -14889.552|10681.520 -14978.942|10681.569 -14979.331|10712.089 -14979.787
2304 99 COPPERSTONE PA SE,10712.012 -14979.186|10711.125 -14972.259|10710.425 -14966.822|10709.824 -14962.118|10709.181 -14957.148|10708.580 -14952.455|10707.888 -14947.018|10706.846 -14938.912|10705.826 -14930.983|10705.134 -14925.546|10704.512 -14920.709|10703.889 -14915.872|10703.274 -14911.046|10702.631 -14906.065|10701.939 -14900.627|10700.024 -14885.705|10670.069 -14889.552|10681.520 -14978.942|10681.569 -14979.331|10712.089 -14979.787
2305 99 COPPERSTONE PA SE,10712.012 -14979.186|10711.125 -14972.259|10710.425 -14966.822|10709.824 -14962.118|10709.181 -14957.148|10708.580 -14952.455|10707.888 -14947.018|10706.846 -14938.912|10705.826 -14930.983|10705.134 -14925.546|10704.512 -14920.709|10703.889 -14915.872|10703.274 -14911.046|10702.631 -14906.065|10701.939 -14900.627|10700.024 -14885.705|10670.069 -14889.552|10681.520 -14978.942|10681.569 -14979.331|10712.089 -14979.787
2306 99 COPPERSTONE PA SE,10712.012 -14979.186|10711.125 -14972.259|10710.425 -14966.822|10709.824 -14962.118|10709.181 -14957.148|10708.580 -14952.455|10707.888 -14947.018|10706.846 -14938.912|10705.826 -14930.983|10705.134 -14925.546|10704.512 -14920.709|10703.889 -14915.872|10703.274 -14911.046|10702.631 -14906.065|10701.939 -14900.627|10700.024 -14885.705|10670.069 -14889.552|10681.520 -14978.942|10681.569 -14979.331|10712.089 -14979.787
2307 99 COPPERSTONE PA SE,10712.012 -14979.186|10711.125 -14972.259|10710.425 -14966.822|10709.824 -14962.118|10709.181 -14957.148|10708.580 -14952.455|10707.888 -14947.018|10706.846 -14938.912|10705.826 -14930.983|10705.134 -14925.546|10704.512 -14920.709|10703.889 -14915.872|10703.274 -14911.046|10702.631 -14906.065|10701.939 -14900.627|10700.024 -14885.705|10670.069 -14889.552|10681.520 -14978.942|10681.569 -14979.331|10712.089 -14979.787
2308 99 COPPERSTONE PA SE,10712.012 -14979.186|10711.125 -14972.259|10710.425 -14966.822|10709.824 -14962.118|10709.181 -14957.148|10708.580 -14952.455|10707.888 -14947.018|10706.846 -14938.912|10705.826 -14930.983|10705.134 -14925.546|10704.512 -14920.709|10703.889 -14915.872|10703.274 -14911.046|10702.631 -14906.065|10701.939 -14900.627|10700.024 -14885.705|10670.069 -14889.552|10681.520 -14978.942|10681.569 -14979.331|10712.089 -14979.787
2309 99 COPPERSTONE PA SE,10712.012 -14979.186|10711.125 -14972.259|10710.425 -14966.822|10709.824 -14962.118|10709.181 -14957.148|10708.580 -14952.455|10707.888 -14947.018|10706.846 -14938.912|10705.826 -14930.983|10705.134 -14925.546|10704.512 -14920.709|10703.889 -14915.872|10703.274 -14911.046|10702.631 -14906.065|10701.939 -14900.627|10700.024 -14885.705|10670.069 -14889.552|10681.520 -14978.942|10681.569 -14979.331|10712.089 -14979.787
2310 99 COPPERSTONE PA SE,10712.012 -14979.186|10711.125 -14972.259|10710.425 -14966.822|10709.824 -14962.118|10709.181 -14957.148|10708.580 -14952.455|10707.888 -14947.018|10706.846 -14938.912|10705.826 -14930.983|10705.134 -14925.546|10704.512 -14920.709|10703.889 -14915.872|10703.274 -14911.046|10702.631 -14906.065|10701.939 -14900.627|10700.024 -14885.705|10670.069 -14889.552|10681.520 -14978.942|10681.569 -14979.331|10712.089 -14979.787
2311 99 COPPERSTONE PA SE,10712.012 -14979.186|10711.125 -14972.259|10710.425 -14966.822|10709.824 -14962.118|10709.181 -14957.148|10708.580 -14952.455|10707.888 -14947.018|10706.846 -14938.912|10705.826 -14930.983|10705.134 -14925.546|10704.512 -14920.709|10703.889 -14915.872|10703.274 -14911.046|10702.631 -14906.065|10701.939 -14900.627|10700.024 -14885.705|10670.069 -14889.552|10681.520 -14978.942|10681.569 -14979.331|10712.089 -14979.787
2312 99 COPPERSTONE PA SE,10712.012 -14979.186|10711.125 -14972.259|10710.425 -14966.822|10709.824 -14962.118|10709.181 -14957.148|10708.580 -14952.455|10707.888 -14947.018|10706.846 -14938.912|10705.826 -14930.983|10705.134 -14925.546|10704.512 -14920.709|10703.889 -14915.872|10703.274 -14911.046|10702.631 -14906.065|10701.939 -14900.627|10700.024 -14885.705|10670.069 -14889.552|10681.520 -14978.942|10681.569 -14979.331|10712.089 -14979.787
2313 99 COPPERSTONE PA SE,10712.012 -14979.186|10711.125 -14972.259|10710.425 -14966.822|10709.824 -14962.118|10709.181 -14957.148|10708.580 -14952.455|10707.888 -14947.018|10706.846 -14938.912|10705.826 -14930.983|10705.134 -14925.546|10704.512 -14920.709|10703.889 -14915.872|10703.274 -14911.046|10702.631 -14906.065|10701.939 -14900.627|10700.024 -14885.705|10670.069 -14889.552|10681.520 -14978.942|10681.569 -14979.331|10712.089 -14979.787
2314 99 COPPERSTONE PA SE,10712.012 -14979.186|10711.125 -14972.259|10710.425 -14966.822|10709.824 -14962.118|10709.181 -14957.148|10708.580 -14952.455|10707.888 -14947.018|10706.846 -14938.912|10705.826 -14930.983|10705.134 -14925.546|10704.512 -14920.709|10703.889 -14915.872|10703.274 -14911.046|10702.631 -14906.065|10701.939 -14900.627|10700.024 -14885.705|10670.069 -14889.552|10681.520 -14978.942|10681.569 -14979.331|10712.089 -14979.787
2315 99 COPPERSTONE PA SE,10712.012 -14979.186|10711.125 -14972.259|10710.425 -14966.822|10709.824 -14962.118|10709.181 -14957.148|10708.580 -14952.455|10707.888 -14947.018|10706.846 -14938.912|10705.826 -14930.983|10705.134 -14925.546|10704.512 -14920.709|10703.889 -14915.872|10703.274 -14911.046|10702.631 -14906.065|10701.939 -14900.627|10700.024 -14885.705|10670.069 -14889.552|10681.520 -14978.942|10681.569 -14979.331|10712.089 -14979.787
2316 99 COPPERSTONE PA SE,10712.012 -14979.186|10711.125 -14972.259|10710.425 -14966.822|10709.824 -14962.118|10709.181 -14957.148|10708.580 -14952.455|10707.888 -14947.018|10706.846 -14938.912|10705.826 -14930.983|10705.134 -14925.546|10704.512 -14920.709|10703.889 -14915.872|10703.274 -14911.046|10702.631 -14906.065|10701.939 -14900.627|10700.024 -14885.705|10670.069 -14889.552|10681.520 -14978.942|10681.569 -14979.331|10712.089 -14979.787
2317 99 COPPERSTONE PA SE,10712.012 -14979.186|10711.125 -14972.259|10710.425 -14966.822|10709.824 -14962.118|10709.181 -14957.148|10708.580 -14952.455|10707.888 -14947.018|10706.846 -14938.912|10705.826 -14930.983|10705.134 -14925.546|10704.512 -14920.709|10703.889 -14915.872|10703.274 -14911.046|10702.631 -14906.065|10701.939 -14900.627|10700.024 -14885.705|10670.069 -14889.552|10681.520 -14978.942|10681.569 -14979.331|10712.089 -14979.787
2318 99 COPPERSTONE PA SE,10712.012 -14979.186|10711.125 -14972.259|10710.425 -14966.822|10709.824 -14962.118|10709.181 -14957.148|10708.580 -14952.455|10707.888 -14947.018|10706.846 -14938.912|10705.826 -14930.983|10705.134 -14925.546|10704.512 -14920.709|10703.889 -14915.872|10703.274 -14911.046|10702.631 -14906.065|10701.939 -14900.627|10700.024 -14885.705|10670.069 -14889.552|10681.520 -14978.942|10681.569 -14979.331|10712.089 -14979.787
2319 99 COPPERSTONE PA SE,10712.012 -14979.186|10711.125 -14972.259|10710.425 -14966.822|10709.824 -14962.118|10709.181 -14957.148|10708.580 -14952.455|10707.888 -14947.018|10706.846 -14938.912|10705.826 -14930.983|10705.134 -14925.546|10704.512 -14920.709|10703.889 -14915.872|10703.274 -14911.046|10702.631 -14906.065|10701.939 -14900.627|10700.024 -14885.705|10670.069 -14889.552|10681.520 -14978.942|10681.569 -14979.331|10712.089 -14979.787
2401 99 COPPERSTONE PA SE,10712.012 -14979.186|10711.125 -14972.259|10710.425 -14966.822|10709.824 -14962.118|10709.181 -14957.148|10708.580 -14952.455|10707.888 -14947.018|10706.846 -14938.912|10705.826 -14930.983|10705.134 -14925.546|10704.512 -14920.709|10703.889 -14915.872|10703.274 -14911.046|10702.631 -14906.065|10701.939 -14900.627|10700.024 -14885.705|10670.069 -14889.552|10681.520 -14978.942|10681.569 -14979.331|10712.089 -14979.787
2402 99 COPPERSTONE PA SE,10712.012 -14979.186|10711.125 -14972.259|10710.425 -14966.822|10709.824 -14962.118|10709.181 -14957.148|10708.580 -14952.455|10707.888 -14947.018|10706.846 -14938.912|10705.826 -14930.983|10705.134 -14925.546|10704.512 -14920.709|10703.889 -14915.872|10703.274 -14911.046|10702.631 -14906.065|10701.939 -14900.627|10700.024 -14885.705|10670.069 -14889.552|10681.520 -14978.942|10681.569 -14979.331|10712.089 -14979.787
2403 99 COPPERSTONE PA SE,10712.012 -14979.186|10711.125 -14972.259|10710.425 -14966.822|10709.824 -14962.118|10709.181 -14957.148|10708.580 -14952.455|10707.888 -14947.018|10706.846 -14938.912|10705.826 -14930.983|10705.134 -14925.546|10704.512 -14920.709|10703.889 -14915.872|10703.274 -14911.046|10702.631 -14906.065|10701.939 -14900.627|10700.024 -14885.705|10670.069 -14889.552|10681.520 -14978.942|10681.569 -14979.331|10712.089 -14979.787
2404 99 COPPERSTONE PA SE,10712.012 -14979.186|10711.125 -14972.259|10710.425 -14966.822|10709.824 -14962.118|10709.181 -14957.148|10708.580 -14952.455|10707.888 -14947.018|10706.846 -14938.912|10705.826 -14930.983|10705.134 -14925.546|10704.512 -14920.709|10703.889 -14915.872|10703.274 -14911.046|10702.631 -14906.065|10701.939 -14900.627|10700.024 -14885.705|10670.069 -14889.552|10681.520 -14978.942|10681.569 -14979.331|10712.089 -14979.787
2405 99 COPPERSTONE PA SE,10712.012 -14979.186|10711.125 -14972.259|10710.425 -14966.822|10709.824 -14962.118|10709.181 -14957.148|10708.580 -14952.455|10707.888 -14947.018|10706.846 -14938.912|10705.826 -14930.983|10705.134 -14925.546|10704.512 -14920.709|10703.889 -14915.872|10703.274 -14911.046|10702.631 -14906.065|10701.939 -14900.627|10700.024 -14885.705|10670.069 -14889.552|10681.520 -14978.942|10681.569 -14979.331|10712.089 -14979.787
2406 99 COPPERSTONE PA SE,10712.012 -14979.186|10711.125 -14972.259|10710.425 -14966.822|10709.824 -14962.118|10709.181 -14957.148|10708.580 -14952.455|10707.888 -14947.018|10706.846 -14938.912|10705.826 -14930.983|10705.134 -14925.546|10704.512 -14920.709|10703.889 -14915.872|10703.274 -14911.046|10702.631 -14906.065|10701.939 -14900.627|10700.024 -14885.705|10670.069 -14889.552|10681.520 -14978.942|10681.569 -14979.331|10712.089 -14979.787
2407 99 COPPERSTONE PA SE,10712.012 -14979.186|10711.125 -14972.259|10710.425 -14966.822|10709.824 -14962.118|10709.181 -14957.148|10708.580 -14952.455|10707.888 -14947.018|10706.846 -14938.912|10705.826 -14930.983|10705.134 -14925.546|10704.512 -14920.709|10703.889 -14915.872|10703.274 -14911.046|10702.631 -14906.065|10701.939 -14900.627|10700.024 -14885.705|10670.069 -14889.552|10681.520 -14978.942|10681.569 -14979.331|10712.089 -14979.787
2408 99 COPPERSTONE PA SE,10712.012 -14979.186|10711.125 -14972.259|10710.425 -14966.822|10709.824 -14962.118|10709.181 -14957.148|10708.580 -14952.455|10707.888 -14947.018|10706.846 -14938.912|10705.826 -14930.983|10705.134 -14925.546|10704.512 -14920.709|10703.889 -14915.872|10703.274 -14911.046|10702.631 -14906.065|10701.939 -14900.627|10700.024 -14885.705|10670.069 -14889.552|10681.520 -14978.942|10681.569 -14979.331|10712.089 -14979.787
2409 99 COPPERSTONE PA SE,10712.012 -14979.186|10711.125 -14972.259|10710.425 -14966.822|10709.824 -14962.118|10709.181 -14957.148|10708.580 -14952.455|10707.888 -14947.018|10706.846 -14938.912|10705.826 -14930.983|10705.134 -14925.546|10704.512 -14920.709|10703.889 -14915.872|10703.274 -14911.046|10702.631 -14906.065|10701.939 -14900.627|10700.024 -14885.705|10670.069 -14889.552|10681.520 -14978.942|10681.569 -14979.331|10712.089 -14979.787
2410 99 COPPERSTONE PA SE,10712.012 -14979.186|10711.125 -14972.259|10710.425 -14966.822|10709.824 -14962.118|10709.181 -14957.148|10708.580 -14952.455|10707.888 -14947.018|10706.846 -14938.912|10705.826 -14930.983|10705.134 -14925.546|10704.512 -14920.709|10703.889 -14915.872|10703.274 -14911.046|10702.631 -14906.065|10701.939 -14900.627|10700.024 -14885.705|10670.069 -14889.552|10681.520 -14978.942|10681.569 -14979.331|10712.089 -14979.787
2411 99 COPPERSTONE PA SE,10712.012 -14979.186|10711.125 -14972.259|10710.425 -14966.822|10709.824 -14962.118|10709.181 -14957.148|10708.580 -14952.455|10707.888 -14947.018|10706.846 -14938.912|10705.826 -14930.983|10705.134 -14925.546|10704.512 -14920.709|10703.889 -14915.872|10703.274 -14911.046|10702.631 -14906.065|10701.939 -14900.627|10700.024 -14885.705|10670.069 -14889.552|10681.520 -14978.942|10681.569 -14979.331|10712.089 -14979.787
2412 99 COPPERSTONE PA SE,10712.012 -14979.186|10711.125 -14972.259|10710.425 -14966.822|10709.824 -14962.118|10709.181 -14957.148|10708.580 -14952.455|10707.888 -14947.018|10706.846 -14938.912|10705.826 -14930.983|10705.134 -14925.546|10704.512 -14920.709|10703.889 -14915.872|10703.274 -14911.046|10702.631 -14906.065|10701.939 -14900.627|10700.024 -14885.705|10670.069 -14889.552|10681.520 -14978.942|10681.569 -14979.331|10712.089 -14979.787
2413 99 COPPERSTONE PA SE,10712.012 -14979.186|10711.125 -14972.259|10710.425 -14966.822|10709.824 -14962.118|10709.181 -14957.148|10708.580 -14952.455|10707.888 -14947.018|10706.846 -14938.912|10705.826 -14930.983|10705.134 -14925.546|10704.512 -14920.709|10703.889 -14915.872|10703.274 -14911.046|10702.631 -14906.065|10701.939 -14900.627|10700.024 -14885.705|10670.069 -14889.552|10681.520 -14978.942|10681.569 -14979.331|10712.089 -14979.787
2414 99 COPPERSTONE PA SE,10712.012 -14979.186|10711.125 -14972.259|10710.425 -14966.822|10709.824 -14962.118|10709.181 -14957.148|10708.580 -14952.455|10707.888 -14947.018|10706.846 -14938.912|10705.826 -14930.983|10705.134 -14925.546|10704.512 -14920.709|10703.889 -14915.872|10703.274 -14911.046|10702.631 -14906.065|10701.939 -14900.627|10700.024 -14885.705|10670.069 -14889.552|10681.520 -14978.942|10681.569 -14979.331|10712.089 -14979.787
2415 99 COPPERSTONE PA SE,10712.012 -14979.186|10711.125 -14972.259|10710.425 -14966.822|10709.824 -14962.118|10709.181 -14957.148|10708.580 -14952.455|10707.888 -14947.018|10706.846 -14938.912|10705.826 -14930.983|10705.134 -14925.546|10704.512 -14920.709|10703.889 -14915.872|10703.274 -14911.046|10702.631 -14906.065|10701.939 -14900.627|10700.024 -14885.705|10670.069 -14889.552|10681.520 -14978.942|10681.569 -14979.331|10712.089 -14979.787
2416 99 COPPERSTONE PA SE,10712.012 -14979.186|10711.125 -14972.259|10710.425 -14966.822|10709.824 -14962.118|10709.181 -14957.148|10708.580 -14952.455|10707.888 -14947.018|10706.846 -14938.912|10705.826 -14930.983|10705.134 -14925.546|10704.512 -14920.709|10703.889 -14915.872|10703.274 -14911.046|10702.631 -14906.065|10701.939 -14900.627|10700.024 -14885.705|10670.069 -14889.552|10681.520 -14978.942|10681.569 -14979.331|10712.089 -14979.787
2417 99 COPPERSTONE PA SE,10712.012 -14979.186|10711.125 -14972.259|10710.425 -14966.822|10709.824 -14962.118|10709.181 -14957.148|10708.580 -14952.455|10707.888 -14947.018|10706.846 -14938.912|10705.826 -14930.983|10705.134 -14925.546|10704.512 -14920.709|10703.889 -14915.872|10703.274 -14911.046|10702.631 -14906.065|10701.939 -14900.627|10700.024 -14885.705|10670.069 -14889.552|10681.520 -14978.942|10681.569 -14979.331|10712.089 -14979.787
2418 99 COPPERSTONE PA SE,10712.012 -14979.186|10711.125 -14972.259|10710.425 -14966.822|10709.824 -14962.118|10709.181 -14957.148|10708.580 -14952.455|10707.888 -14947.018|10706.846 -14938.912|10705.826 -14930.983|10705.134 -14925.546|10704.512 -14920.709|10703.889 -14915.872|10703.274 -14911.046|10702.631 -14906.065|10701.939 -14900.627|10700.024 -14885.705|10670.069 -14889.552|10681.520 -14978.942|10681.569 -14979.331|10712.089 -14979.787
2419 99 COPPERSTONE PA SE,10712.012 -14979.186|10711.125 -14972.259|10710.425 -14966.822|10709.824 -14962.118|10709.181 -14957.148|10708.580 -14952.455|10707.888 -14947.018|10706.846 -14938.912|10705.826 -14930.983|10705.134 -14925.546|10704.512 -14920.709|10703.889 -14915.872|10703.274 -14911.046|10702.631 -14906.065|10701.939 -14900.627|10700.024 -14885.705|10670.069 -14889.552|10681.520 -14978.942|10681.569 -14979.331|10712.089 -14979.787
342V 99 COPPERSTONE PA SE,10712.012 -14979.186|10711.125 -14972.259|10710.425 -14966.822|10709.824 -14962.118|10709.181 -14957.148|10708.580 -14952.455|10707.888 -14947.018|10706.846 -14938.912|10705.826 -14930.983|10705.134 -14925.546|10704.512 -14920.709|10703.889 -14915.872|10703.274 -14911.046|10702.631 -14906.065|10701.939 -14900.627|10700.024 -14885.705|10670.069 -14889.552|10681.520 -14978.942|10681.569 -14979.331|10712.089 -14979.787
343V 99 COPPERSTONE PA SE,10712.012 -14979.186|10711.125 -14972.259|10710.425 -14966.822|10709.824 -14962.118|10709.181 -14957.148|10708.580 -14952.455|10707.888 -14947.018|10706.846 -14938.912|10705.826 -14930.983|10705.134 -14925.546|10704.512 -14920.709|10703.889 -14915.872|10703.274 -14911.046|10702.631 -14906.065|10701.939 -14900.627|10700.024 -14885.705|10670.069 -14889.552|10681.520 -14978.942|10681.569 -14979.331|10712.089 -14979.787
344V 99 COPPERSTONE PA SE,10712.012 -14979.186|10711.125 -14972.259|10710.425 -14966.822|10709.824 -14962.118|10709.181 -14957.148|10708.580 -14952.455|10707.888 -14947.018|10706.846 -14938.912|10705.826 -14930.983|10705.134 -14925.546|10704.512 -14920.709|10703.889 -14915.872|10703.274 -14911.046|10702.631 -14906.065|10701.939 -14900.627|10700.024 -14885.705|10670.069 -14889.552|10681.520 -14978.942|10681.569 -14979.331|10712.089 -14979.787
345V 99 COPPERSTONE PA SE,10712.012 -14979.186|10711.125 -14972.259|10710.425 -14966.822|10709.824 -14962.118|10709.181 -14957.148|10708.580 -14952.455|10707.888 -14947.018|10706.846 -14938.912|10705.826 -14930.983|10705.134 -14925.546|10704.512 -14920.709|10703.889 -14915.872|10703.274 -14911.046|10702.631 -14906.065|10701.939 -14900.627|10700.024 -14885.705|10670.069 -14889.552|10681.520 -14978.942|10681.569 -14979.331|10712.089 -14979.787
346V 99 COPPERSTONE PA SE,10712.012 -14979.186|10711.125 -14972.259|10710.425 -14966.822|10709.824 -14962.118|10709.181 -14957.148|10708.580 -14952.455|10707.888 -14947.018|10706.846 -14938.912|10705.826 -14930.983|10705.134 -14925.546|10704.512 -14920.709|10703.889 -14915.872|10703.274 -14911.046|10702.631 -14906.065|10701.939 -14900.627|10700.024 -14885.705|10670.069 -14889.552|10681.520 -14978.942|10681.569 -14979.331|10712.089 -14979.787
347V 99 COPPERSTONE PA SE,10712.012 -14979.186|10711.125 -14972.259|10710.425 -14966.822|10709.824 -14962.118|10709.181 -14957.148|10708.580 -14952.455|10707.888 -14947.018|10706.846 -14938.912|10705.826 -14930.983|10705.134 -14925.546|10704.512 -14920.709|10703.889 -14915.872|10703.274 -14911.046|10702.631 -14906.065|10701.939 -14900.627|10700.024 -14885.705|10670.069 -14889.552|10681.520 -14978.942|10681.569 -14979.331|10712.089 -14979.787
348V 99 COPPERSTONE PA SE,10712.012 -14979.186|10711.125 -14972.259|10710.425 -14966.822|10709.824 -14962.118|10709.181 -14957.148|10708.580 -14952.455|10707.888 -14947.018|10706.846 -14938.912|10705.826 -14930.983|10705.134 -14925.546|10704.512 -14920.709|10703.889 -14915.872|10703.274 -14911.046|10702.631 -14906.065|10701.939 -14900.627|10700.024 -14885.705|10670.069 -14889.552|10681.520 -14978.942|10681.569 -14979.331|10712.089 -14979.787
349V 99 COPPERSTONE PA SE,10712.012 -14979.186|10711.125 -14972.259|10710.425 -14966.822|10709.824 -14962.118|10709.181 -14957.148|10708.580 -14952.455|10707.888 -14947.018|10706.846 -14938.912|10705.826 -14930.983|10705.134 -14925.546|10704.512 -14920.709|10703.889 -14915.872|10703.274 -14911.046|10702.631 -14906.065|10701.939 -14900.627|10700.024 -14885.705|10670.069 -14889.552|10681.520 -14978.942|10681.569 -14979.331|10712.089 -14979.787
350V 99 COPPERSTONE PA SE,10712.012 -14979.186|10711.125 -14972.259|10710.425 -14966.822|10709.824 -14962.118|10709.181 -14957.148|10708.580 -14952.455|10707.888 -14947.018|10706.846 -14938.912|10705.826 -14930.983|10705.134 -14925.546|10704.512 -14920.709|10703.889 -14915.872|10703.274 -14911.046|10702.631 -14906.065|10701.939 -14900.627|10700.024 -14885.705|10670.069 -14889.552|10681.520 -14978.942|10681.569 -14979.331|10712.089 -14979.787
351V 99 COPPERSTONE PA SE,10712.012 -14979.186|10711.125 -14972.259|10710.425 -14966.822|10709.824 -14962.118|10709.181 -14957.148|10708.580 -14952.455|10707.888 -14947.018|10706.846 -14938.912|10705.826 -14930.983|10705.134 -14925.546|10704.512 -14920.709|10703.889 -14915.872|10703.274 -14911.046|10702.631 -14906.065|10701.939 -14900.627|10700.024 -14885.705|10670.069 -14889.552|10681.520 -14978.942|10681.569 -14979.331|10712.089 -14979.787
352V 99 COPPERSTONE PA SE,10712.012 -14979.186|10711.125 -14972.259|10710.425 -14966.822|10709.824 -14962.118|10709.181 -14957.148|10708.580 -14952.455|10707.888 -14947.018|10706.846 -14938.912|10705.826 -14930.983|10705.134 -14925.546|10704.512 -14920.709|10703.889 -14915.872|10703.274 -14911.046|10702.631 -14906.065|10701.939 -14900.627|10700.024 -14885.705|10670.069 -14889.552|10681.520 -14978.942|10681.569 -14979.331|10712.089 -14979.787
353V 99 COPPERSTONE PA SE,10712.012 -14979.186|10711.125 -14972.259|10710.425 -14966.822|10709.824 -14962.118|10709.181 -14957.148|10708.580 -14952.455|10707.888 -14947.018|10706.846 -14938.912|10705.826 -14930.983|10705.134 -14925.546|10704.512 -14920.709|10703.889 -14915.872|10703.274 -14911.046|10702.631 -14906.065|10701.939 -14900.627|10700.024 -14885.705|10670.069 -14889.552|10681.520 -14978.942|10681.569 -14979.331|10712.089 -14979.787
354V 99 COPPERSTONE PA SE,10712.012 -14979.186|10711.125 -14972.259|10710.425 -14966.822|10709.824 -14962.118|10709.181 -14957.148|10708.580 -14952.455|10707.888 -14947.018|10706.846 -14938.912|10705.826 -14930.983|10705.134 -14925.546|10704.512 -14920.709|10703.889 -14915.872|10703.274 -14911.046|10702.631 -14906.065|10701.939 -14900.627|10700.024 -14885.705|10670.069 -14889.552|10681.520 -14978.942|10681.569 -14979.331|10712.089 -14979.787
355V 99 COPPERSTONE PA SE,10712.012 -14979.186|10711.125 -14972.259|10710.425 -14966.822|10709.824 -14962.118|10709.181 -14957.148|10708.580 -14952.455|10707.888 -14947.018|10706.846 -14938.912|10705.826 -14930.983|10705.134 -14925.546|10704.512 -14920.709|10703.889 -14915.872|10703.274 -14911.046|10702.631 -14906.065|10701.939 -14900.627|10700.024 -14885.705|10670.069 -14889.552|10681.520 -14978.942|10681.569 -14979.331|10712.089 -14979.787
356V 99 COPPERSTONE PA SE,10712.012 -14979.186|10711.125 -14972.259|10710.425 -14966.822|10709.824 -14962.118|10709.181 -14957.148|10708.580 -14952.455|10707.888 -14947.018|10706.846 -14938.912|10705.826 -14930.983|10705.134 -14925.546|10704.512 -14920.709|10703.889 -14915.872|10703.274 -14911.046|10702.631 -14906.065|10701.939 -14900.627|10700.024 -14885.705|10670.069 -14889.552|10681.520 -14978.942|10681.569 -14979.331|10712.089 -14979.787
357V 99 COPPERSTONE PA SE,10712.012 -14979.186|10711.125 -14972.259|10710.425 -14966.822|10709.824 -14962.118|10709.181 -14957.148|10708.580 -14952.455|10707.888 -14947.018|10706.846 -14938.912|10705.826 -14930.983|10705.134 -14925.546|10704.512 -14920.709|10703.889 -14915.872|10703.274 -14911.046|10702.631 -14906.065|10701.939 -14900.627|10700.024 -14885.705|10670.069 -14889.552|10681.520 -14978.942|10681.569 -14979.331|10712.089 -14979.787
358V 99 COPPERSTONE PA SE,10712.012 -14979.186|10711.125 -14972.259|10710.425 -14966.822|10709.824 -14962.118|10709.181 -14957.148|10708.580 -14952.455|10707.888 -14947.018|10706.846 -14938.912|10705.826 -14930.983|10705.134 -14925.546|10704.512 -14920.709|10703.889 -14915.872|10703.274 -14911.046|10702.631 -14906.065|10701.939 -14900.627|10700.024 -14885.705|10670.069 -14889.552|10681.520 -14978.942|10681.569 -14979.331|10712.089 -14979.787
359V 99 COPPERSTONE PA SE,10712.012 -14979.186|10711.125 -14972.259|10710.425 -14966.822|10709.824 -14962.118|10709.181 -14957.148|10708.580 -14952.455|10707.888 -14947.018|10706.846 -14938.912|10705.826 -14930.983|10705.134 -14925.546|10704.512 -14920.709|10703.889 -14915.872|10703.274 -14911.046|10702.631 -14906.065|10701.939 -14900.627|10700.024 -14885.705|10670.069 -14889.552|10681.520 -14978.942|10681.569 -14979.331|10712.089 -14979.787
360V 99 COPPERSTONE PA SE,10712.012 -14979.186|10711.125 -14972.259|10710.425 -14966.822|10709.824 -14962.118|10709.181 -14957.148|10708.580 -14952.455|10707.888 -14947.018|10706.846 -14938.912|10705.826 -14930.983|10705.134 -14925.546|10704.512 -14920.709|10703.889 -14915.872|10703.274 -14911.046|10702.631 -14906.065|10701.939 -14900.627|10700.024 -14885.705|10670.069 -14889.552|10681.520 -14978.942|10681.569 -14979.331|10712.089 -14979.787
361V 99 COPPERSTONE PA SE,10712.012 -14979.186|10711.125 -14972.259|10710.425 -14966.822|10709.824 -14962.118|10709.181 -14957.148|10708.580 -14952.455|10707.888 -14947.018|10706.846 -14938.912|10705.826 -14930.983|10705.134 -14925.546|10704.512 -14920.709|10703.889 -14915.872|10703.274 -14911.046|10702.631 -14906.065|10701.939 -14900.627|10700.024 -14885.705|10670.069 -14889.552|10681.520 -14978.942|10681.569 -14979.331|10712.089 -14979.787
362V 99 COPPERSTONE PA SE,10712.012 -14979.186|10711.125 -14972.259|10710.425 -14966.822|10709.824 -14962.118|10709.181 -14957.148|10708.580 -14952.455|10707.888 -14947.018|10706.846 -14938.912|10705.826 -14930.983|10705.134 -14925.546|10704.512 -14920.709|10703.889 -14915.872|10703.274 -14911.046|10702.631 -14906.065|10701.939 -14900.627|10700.024 -14885.705|10670.069 -14889.552|10681.520 -14978.942|10681.569 -14979.331|10712.089 -14979.787
363V 99 COPPERSTONE PA SE,10712.012 -14979.186|10711.125 -14972.259|10710.425 -14966.822|10709.824 -14962.118|10709.181 -14957.148|10708.580 -14952.455|10707.888 -14947.018|10706.846 -14938.912|10705.826 -14930.983|10705.134 -14925.546|10704.512 -14920.709|10703.889 -14915.872|10703.274 -14911.046|10702.631 -14906.065|10701.939 -14900.627|10700.024 -14885.705|10670.069 -14889.552|10681.520 -14978.942|10681.569 -14979.331|10712.089 -14979.787
364V 99 COPPERSTONE PA SE,10712.012 -14979.186|10711.125 -14972.259|10710.425 -14966.822|10709.824 -14962.118|10709.181 -14957.148|10708.580 -14952.455|10707.888 -14947.018|10706.846 -14938.912|10705.826 -14930.983|10705.134 -14925.546|10704.512 -14920.709|10703.889 -14915.872|10703.274 -14911.046|10702.631 -14906.065|10701.939 -14900.627|10700.024 -14885.705|10670.069 -14889.552|10681.520 -14978.942|10681.569 -14979.331|10712.089 -14979.787
365V 99 COPPERSTONE PA SE,10712.012 -14979.186|10711.125 -14972.259|10710.425 -14966.822|10709.824 -14962.118|10709.181 -14957.148|10708.580 -14952.455|10707.888 -14947.018|10706.846 -14938.912|10705.826 -14930.983|10705.134 -14925.546|10704.512 -14920.709|10703.889 -14915.872|10703.274 -14911.046|10702.631 -14906.065|10701.939 -14900.627|10700.024 -14885.705|10670.069 -14889.552|10681.520 -14978.942|10681.569 -14979.331|10712.089 -14979.787
366V 99 COPPERSTONE PA SE,10712.012 -14979.186|10711.125 -14972.259|10710.425 -14966.822|10709.824 -14962.118|10709.181 -14957.148|10708.580 -14952.455|10707.888 -14947.018|10706.846 -14938.912|10705.826 -14930.983|10705.134 -14925.546|10704.512 -14920.709|10703.889 -14915.872|10703.274 -14911.046|10702.631 -14906.065|10701.939 -14900.627|10700.024 -14885.705|10670.069 -14889.552|10681.520 -14978.942|10681.569 -14979.331|10712.089 -14979.787
367V 99 COPPERSTONE PA SE,10712.012 -14979.186|10711.125 -14972.259|10710.425 -14966.822|10709.824 -14962.118|10709.181 -14957.148|10708.580 -14952.455|10707.888 -14947.018|10706.846 -14938.912|10705.826 -14930.983|10705.134 -14925.546|10704.512 -14920.709|10703.889 -14915.872|10703.274 -14911.046|10702.631 -14906.065|10701.939 -14900.627|10700.024 -14885.705|10670.069 -14889.552|10681.520 -14978.942|10681.569 -14979.331|10712.089 -14979.787
368V 99 COPPERSTONE PA SE,10712.012 -14979.186|10711.125 -14972.259|10710.425 -14966.822|10709.824 -14962.118|10709.181 -14957.148|10708.580 -14952.455|10707.888 -14947.018|10706.846 -14938.912|10705.826 -14930.983|10705.134 -14925.546|10704.512 -14920.709|10703.889 -14915.872|10703.274 -14911.046|10702.631 -14906.065|10701.939 -14900.627|10700.024 -14885.705|10670.069 -14889.552|10681.520 -14978.942|10681.569 -14979.331|10712.089 -14979.787
369V 99 COPPERSTONE PA SE,10712.012 -14979.186|10711.125 -14972.259|10710.425 -14966.822|10709.824 -14962.118|10709.181 -14957.148|10708.580 -14952.455|10707.888 -14947.018|10706.846 -14938.912|10705.826 -14930.983|10705.134 -14925.546|10704.512 -14920.709|10703.889 -14915.872|10703.274 -14911.046|10702.631 -14906.065|10701.939 -14900.627|10700.024 -14885.705|10670.069 -14889.552|10681.520 -14978.942|10681.569 -14979.331|10712.089 -14979.787
370V 99 COPPERSTONE PA SE,10712.012 -14979.186|10711.125 -14972.259|10710.425 -14966.822|10709.824 -14962.118|10709.181 -14957.148|10708.580 -14952.455|10707.888 -14947.018|10706.846 -14938.912|10705.826 -14930.983|10705.134 -14925.546|10704.512 -14920.709|10703.889 -14915.872|10703.274 -14911.046|10702.631 -14906.065|10701.939 -14900.627|10700.024 -14885.705|10670.069 -14889.552|10681.520 -14978.942|10681.569 -14979.331|10712.089 -14979.787
371V 99 COPPERSTONE PA SE,10712.012 -14979.186|10711.125 -14972.259|10710.425 -14966.822|10709.824 -14962.118|10709.181 -14957.148|10708.580 -14952.455|10707.888 -14947.018|10706.846 -14938.912|10705.826 -14930.983|10705.134 -14925.546|10704.512 -14920.709|10703.889 -14915.872|10703.274 -14911.046|10702.631 -14906.065|10701.939 -14900.627|10700.024 -14885.705|10670.069 -14889.552|10681.520 -14978.942|10681.569 -14979.331|10712.089 -14979.787
372V 99 COPPERSTONE PA SE,10712.012 -14979.186|10711.125 -14972.259|10710.425 -14966.822|10709.824 -14962.118|10709.181 -14957.148|10708.580 -14952.455|10707.888 -14947.018|10706.846 -14938.912|10705.826 -14930.983|10705.134 -14925.546|10704.512 -14920.709|10703.889 -14915.872|10703.274 -14911.046|10702.631 -14906.065|10701.939 -14900.627|10700.024 -14885.705|10670.069 -14889.552|10681.520 -14978.942|10681.569 -14979.331|10712.089 -14979.787
373V 99 COPPERSTONE PA SE,10712.012 -14979.186|10711.125 -14972.259|10710.425 -14966.822|10709.824 -14962.118|10709.181 -14957.148|10708.580 -14952.455|10707.888 -14947.018|10706.846 -14938.912|10705.826 -14930.983|10705.134 -14925.546|10704.512 -14920.709|10703.889 -14915.872|10703.274 -14911.046|10702.631 -14906.065|10701.939 -14900.627|10700.024 -14885.705|10670.069 -14889.552|10681.520 -14978.942|10681.569 -14979.331|10712.089 -14979.787
374V 99 COPPERSTONE PA SE,10712.012 -14979.186|10711.125 -14972.259|10710.425 -14966.822|10709.824 -14962.118|10709.181 -14957.148|10708.580 -14952.455|10707.888 -14947.018|10706.846 -14938.912|10705.826 -14930.983|10705.134 -14925.546|10704.512 -14920.709|10703.889 -14915.872|10703.274 -14911.046|10702.631 -14906.065|10701.939 -14900.627|10700.024 -14885.705|10670.069 -14889.552|10681.520 -14978.942|10681.569 -14979.331|10712.089 -14979.787
375V 99 COPPERSTONE PA SE,10712.012 -14979.186|10711.125 -14972.259|10710.425 -14966.822|10709.824 -14962.118|10709.181 -14957.148|10708.580 -14952.455|10707.888 -14947.018|10706.846 -14938.912|10705.826 -14930.983|10705.134 -14925.546|10704.512 -14920.709|10703.889 -14915.872|10703.274 -14911.046|10702.631 -14906.065|10701.939 -14900.627|10700.024 -14885.705|10670.069 -14889.552|10681.520 -14978.942|10681.569 -14979.331|10712.089 -14979.787
376V 99 COPPERSTONE PA SE,10712.012 -14979.186|10711.125 -14972.259|10710.425 -14966.822|10709.824 -14962.118|10709.181 -14957.148|10708.580 -14952.455|10707.888 -14947.018|10706.846 -14938.912|10705.826 -14930.983|10705.134 -14925.546|10704.512 -14920.709|10703.889 -14915.872|10703.274 -14911.046|10702.631 -14906.065|10701.939 -14900.627|10700.024 -14885.705|10670.069 -14889.552|10681.520 -14978.942|10681.569 -14979.331|10712.089 -14979.787
377V 99 COPPERSTONE PA SE,10712.012 -14979.186|10711.125 -14972.259|10710.425 -14966.822|10709.824 -14962.118|10709.181 -14957.148|10708.580 -14952.455|10707.888 -14947.018|10706.846 -14938.912|10705.826 -14930.983|10705.134 -14925.546|10704.512 -14920.709|10703.889 -14915.872|10703.274 -14911.046|10702.631 -14906.065|10701.939 -14900.627|10700.024 -14885.705|10670.069 -14889.552|10681.520 -14978.942|10681.569 -14979.331|10712.089 -14979.787
378V 99 COPPERSTONE PA SE,10712.012 -14979.186|10711.125 -14972.259|10710.425 -14966.822|10709.824 -14962.118|10709.181 -14957.148|10708.580 -14952.455|10707.888 -14947.018|10706.846 -14938.912|10705.826 -14930.983|10705.134 -14925.546|10704.512 -14920.709|10703.889 -14915.872|10703.274 -14911.046|10702.631 -14906.065|10701.939 -14900.627|10700.024 -14885.705|10670.069 -14889.552|10681.520 -14978.942|10681.569 -14979.331|10712.089 -14979.787
379V 99 COPPERSTONE PA SE,10712.012 -14979.186|10711.125 -14972.259|10710.425 -14966.822|10709.824 -14962.118|10709.181 -14957.148|10708.580 -14952.455|10707.888 -14947.018|10706.846 -14938.912|10705.826 -14930.983|10705.134 -14925.546|10704.512 -14920.709|10703.889 -14915.872|10703.274 -14911.046|10702.631 -14906.065|10701.939 -14900.627|10700.024 -14885.705|10670.069 -14889.552|10681.520 -14978.942|10681.569 -14979.331|10712.089 -14979.787
380V 99 COPPERSTONE PA SE,10712.012 -14979.186|10711.125 -14972.259|10710.425 -14966.822|10709.824 -14962.118|10709.181 -14957.148|10708.580 -14952.455|10707.888 -14947.018|10706.846 -14938.912|10705.826 -14930.983|10705.134 -14925.546|10704.512 -14920.709|10703.889 -14915.872|10703.274 -14911.046|10702.631 -14906.065|10701.939 -14900.627|10700.024 -14885.705|10670.069 -14889.552|10681.520 -14978.942|10681.569 -14979.331|10712.089 -14979.787
381V 99 COPPERSTONE PA SE,10712.012 -14979.186|10711.125 -14972.259|10710.425 -14966.822|10709.824 -14962.118|10709.181 -14957.148|10708.580 -14952.455|10707.888 -14947.018|10706.846 -14938.912|10705.826 -14930.983|10705.134 -14925.546|10704.512 -14920.709|10703.889 -14915.872|10703.274 -14911.046|10702.631 -14906.065|10701.939 -14900.627|10700.024 -14885.705|10670.069 -14889.552|10681.520 -14978.942|10681.569 -14979.331|10712.089 -14979.787
382V 99 COPPERSTONE PA SE,10712.012 -14979.186|10711.125 -14972.259|10710.425 -14966.822|10709.824 -14962.118|10709.181 -14957.148|10708.580 -14952.455|10707.888 -14947.018|10706.846 -14938.912|10705.826 -14930.983|10705.134 -14925.546|10704.512 -14920.709|10703.889 -14915.872|10703.274 -14911.046|10702.631 -14906.065|10701.939 -14900.627|10700.024 -14885.705|10670.069 -14889.552|10681.520 -14978.942|10681.569 -14979.331|10712.089 -14979.787
383V 99 COPPERSTONE PA SE,10712.012 -14979.186|10711.125 -14972.259|10710.425 -14966.822|10709.824 -14962.118|10709.181 -14957.148|10708.580 -14952.455|10707.888 -14947.018|10706.846 -14938.912|10705.826 -14930.983|10705.134 -14925.546|10704.512 -14920.709|10703.889 -14915.872|10703.274 -14911.046|10702.631 -14906.065|10701.939 -14900.627|10700.024 -14885.705|10670.069 -14889.552|10681.520 -14978.942|10681.569 -14979.331|10712.089 -14979.787
384V 99 COPPERSTONE PA SE,10712.012 -14979.186|10711.125 -14972.259|10710.425 -14966.822|10709.824 -14962.118|10709.181 -14957.148|10708.580 -14952.455|10707.888 -14947.018|10706.846 -14938.912|10705.826 -14930.983|10705.134 -14925.546|10704.512 -14920.709|10703.889 -14915.872|10703.274 -14911.046|10702.631 -14906.065|10701.939 -14900.627|10700.024 -14885.705|10670.069 -14889.552|10681.520 -14978.942|10681.569 -14979.331|10712.089 -14979.787
385V 99 COPPERSTONE PA SE,10712.012 -14979.186|10711.125 -14972.259|10710.425 -14966.822|10709.824 -14962.118|10709.181 -14957.148|10708.580 -14952.455|10707.888 -14947.018|10706.846 -14938.912|10705.826 -14930.983|10705.134 -14925.546|10704.512 -14920.709|10703.889 -14915.872|10703.274 -14911.046|10702.631 -14906.065|10701.939 -14900.627|10700.024 -14885.705|10670.069 -14889.552|10681.520 -14978.942|10681.569 -14979.331|10712.089 -14979.787
386V 99 COPPERSTONE PA SE,10712.012 -14979.186|10711.125 -14972.259|10710.425 -14966.822|10709.824 -14962.118|10709.181 -14957.148|10708.580 -14952.455|10707.888 -14947.018|10706.846 -14938.912|10705.826 -14930.983|10705.134 -14925.546|10704.512 -14920.709|10703.889 -14915.872|10703.274 -14911.046|10702.631 -14906.065|10701.939 -14900.627|10700.024 -14885.705|10670.069 -14889.552|10681.520 -14978.942|10681.569 -14979.331|10712.089 -14979.787
387V 99 COPPERSTONE PA SE,10712.012 -14979.186|10711.125 -14972.259|10710.425 -14966.822|10709.824 -14962.118|10709.181 -14957.148|10708.580 -14952.455|10707.888 -14947.018|10706.846 -14938.912|10705.826 -14930.983|10705.134 -14925.546|10704.512 -14920.709|10703.889 -14915.872|10703.274 -14911.046|10702.631 -14906.065|10701.939 -14900.627|10700.024 -14885.705|10670.069 -14889.552|10681.520 -14978.942|10681.569 -14979.331|10712.089 -14979.787
388V 99 COPPERSTONE PA SE,10712.012 -14979.186|10711.125 -14972.259|10710.425 -14966.822|10709.824 -14962.118|10709.181 -14957.148|10708.580 -14952.455|10707.888 -14947.018|10706.846 -14938.912|10705.826 -14930.983|10705.134 -14925.546|10704.512 -14920.709|10703.889 -14915.872|10703.274 -14911.046|10702.631 -14906.065|10701.939 -14900.627|10700.024 -14885.705|10670.069 -14889.552|10681.520 -14978.942|10681.569 -14979.331|10712.089 -14979.787
389V 99 COPPERSTONE PA SE,10712.012 -14979.186|10711.125 -14972.259|10710.425 -14966.822|10709.824 -14962.118|10709.181 -14957.148|10708.580 -14952.455|10707.888 -14947.018|10706.846 -14938.912|10705.826 -14930.983|10705.134 -14925.546|10704.512 -14920.709|10703.889 -14915.872|10703.274 -14911.046|10702.631 -14906.065|10701.939 -14900.627|10700.024 -14885.705|10670.069 -14889.552|10681.520 -14978.942|10681.569 -14979.331|10712.089 -14979.787
390V 99 COPPERSTONE PA SE,10712.012 -14979.186|10711.125 -14972.259|10710.425 -14966.822|10709.824 -14962.118|10709.181 -14957.148|10708.580 -14952.455|10707.888 -14947.018|10706.846 -14938.912|10705.826 -14930.983|10705.134 -14925.546|10704.512 -14920.709|10703.889 -14915.872|10703.274 -14911.046|10702.631 -14906.065|10701.939 -14900.627|10700.024 -14885.705|10670.069 -14889.552|10681.520 -14978.942|10681.569 -14979.331|10712.089 -14979.787
391V 99 COPPERSTONE PA SE,10712.012 -14979.186|10711.125 -14972.259|10710.425 -14966.822|10709.824 -14962.118|10709.181 -14957.148|10708.580 -14952.455|10707.888 -14947.018|10706.846 -14938.912|10705.826 -14930.983|10705.134 -14925.546|10704.512 -14920.709|10703.889 -14915.872|10703.274 -14911.046|10702.631 -14906.065|10701.939 -14900.627|10700.024 -14885.705|10670.069 -14889.552|10681.520 -14978.942|10681.569 -14979.331|10712.089 -14979.787
392V 99 COPPERSTONE PA SE,10712.012 -14979.186|10711.125 -14972.259|10710.425 -14966.822|10709.824 -14962.118|10709.181 -14957.148|10708.580 -14952.455|10707.888 -14947.018|10706.846 -14938.912|10705.826 -14930.983|10705.134 -14925.546|10704.512 -14920.709|10703.889 -14915.872|10703.274 -14911.046|10702.631 -14906.065|10701.939 -14900.627|10700.024 -14885.705|10670.069 -14889.552|10681.520 -14978.942|10681.569 -14979.331|10712.089 -14979.787
393V 99 COPPERSTONE PA SE,10712.012 -14979.186|10711.125 -14972.259|10710.425 -14966.822|10709.824 -14962.118|10709.181 -14957.148|10708.580 -14952.455|10707.888 -14947.018|10706.846 -14938.912|10705.826 -14930.983|10705.134 -14925.546|10704.512 -14920.709|10703.889 -14915.872|10703.274 -14911.046|10702.631 -14906.065|10701.939 -14900.627|10700.024 -14885.705|10670.069 -14889.552|10681.520 -14978.942|10681.569 -14979.331|10712.089 -14979.787
394V 99 COPPERSTONE PA SE,10712.012 -14979.186|10711.125 -14972.259|10710.425 -14966.822|10709.824 -14962.118|10709.181 -14957.148|10708.580 -14952.455|10707.888 -14947.018|10706.846 -14938.912|10705.826 -14930.983|10705.134 -14925.546|10704.512 -14920.709|10703.889 -14915.872|10703.274 -14911.046|10702.631 -14906.065|10701.939 -14900.627|10700.024 -14885.705|10670.069 -14889.552|10681.520 -14978.942|10681.569 -14979.331|10712.089 -14979.787
395V 99 COPPERSTONE PA SE,10712.012 -14979.186|10711.125 -14972.259|10710.425 -14966.822|10709.824 -14962.118|10709.181 -14957.148|10708.580 -14952.455|10707.888 -14947.018|10706.846 -14938.912|10705.826 -14930.983|10705.134 -14925.546|10704.512 -14920.709|10703.889 -14915.872|10703.274 -14911.046|10702.631 -14906.065|10701.939 -14900.627|10700.024 -14885.705|10670.069 -14889.552|10681.520 -14978.942|10681.569 -14979.331|10712.089 -14979.787
396V 99 COPPERSTONE PA SE,10712.012 -14979.186|10711.125 -14972.259|10710.425 -14966.822|10709.824 -14962.118|10709.181 -14957.148|10708.580 -14952.455|10707.888 -14947.018|10706.846 -14938.912|10705.826 -14930.983|10705.134 -14925.546|10704.512 -14920.709|10703.889 -14915.872|10703.274 -14911.046|10702.631 -14906.065|10701.939 -14900.627|10700.024 -14885.705|10670.069 -14889.552|10681.520 -14978.942|10681.569 -14979.331|10712.089 -14979.787
4101 99 COPPERSTONE PA SE,10628.106 -14866.268|10605.701 -14781.949|10577.278 -14783.494|10599.906 -14875.631|10612.314 -14872.306|10611.867 -14870.616
4102 99 COPPERSTONE PA SE,10628.106 -14866.268|10605.701 -14781.949|10577.278 -14783.494|10599.906 -14875.631|10612.314 -14872.306|10611.867 -14870.616
4103 99 COPPERSTONE PA SE,10628.106 -14866.268|10605.701 -14781.949|10577.278 -14783.494|10599.906 -14875.631|10612.314 -14872.306|10611.867 -14870.616
4104 99 COPPERSTONE PA SE,10628.106 -14866.268|10605.701 -14781.949|10577.278 -14783.494|10599.906 -14875.631|10612.314 -14872.306|10611.867 -14870.616
4105 99 COPPERSTONE PA SE,10628.106 -14866.268|10605.701 -14781.949|10577.278 -14783.494|10599.906 -14875.631|10612.314 -14872.306|10611.867 -14870.616
4106 99 COPPERSTONE PA SE,10628.106 -14866.268|10605.701 -14781.949|10577.278 -14783.494|10599.906 -14875.631|10612.314 -14872.306|10611.867 -14870.616
4107 99 COPPERSTONE PA SE,10628.106 -14866.268|10605.701 -14781.949|10577.278 -14783.494|10599.906 -14875.631|10612.314 -14872.306|10611.867 -14870.616
4108 99 COPPERSTONE PA SE,10628.106 -14866.268|10605.701 -14781.949|10577.278 -14783.494|10599.906 -14875.631|10612.314 -14872.306|10611.867 -14870.616
4109 99 COPPERSTONE PA SE,10628.106 -14866.268|10605.701 -14781.949|10577.278 -14783.494|10599.906 -14875.631|10612.314 -14872.306|10611.867 -14870.616
4110 99 COPPERSTONE PA SE,10628.106 -14866.268|10605.701 -14781.949|10577.278 -14783.494|10599.906 -14875.631|10612.314 -14872.306|10611.867 -14870.616
4111 99 COPPERSTONE PA SE,10628.106 -14866.268|10605.701 -14781.949|10577.278 -14783.494|10599.906 -14875.631|10612.314 -14872.306|10611.867 -14870.616
4112 99 COPPERSTONE PA SE,10628.106 -14866.268|10605.701 -14781.949|10577.278 -14783.494|10599.906 -14875.631|10612.314 -14872.306|10611.867 -14870.616
4113 99 COPPERSTONE PA SE,10628.106 -14866.268|10605.701 -14781.949|10577.278 -14783.494|10599.906 -14875.631|10612.314 -14872.306|10611.867 -14870.616
4114 99 COPPERSTONE PA SE,10628.106 -14866.268|10605.701 -14781.949|10577.278 -14783.494|10599.906 -14875.631|10612.314 -14872.306|10611.867 -14870.616
4115 99 COPPERSTONE PA SE,10628.106 -14866.268|10605.701 -14781.949|10577.278 -14783.494|10599.906 -14875.631|10612.314 -14872.306|10611.867 -14870.616
4116 99 COPPERSTONE PA SE,10628.106 -14866.268|10605.701 -14781.949|10577.278 -14783.494|10599.906 -14875.631|10612.314 -14872.306|10611.867 -14870.616
4117 99 COPPERSTONE PA SE,10628.106 -14866.268|10605.701 -14781.949|10577.278 -14783.494|10599.906 -14875.631|10612.314 -14872.306|10611.867 -14870.616
4118 99 COPPERSTONE PA SE,10628.106 -14866.268|10605.701 -14781.949|10577.278 -14783.494|10599.906 -14875.631|10612.314 -14872.306|10611.867 -14870.616
4119 99 COPPERSTONE PA SE,10628.106 -14866.268|10605.701 -14781.949|10577.278 -14783.494|10599.906 -14875.631|10612.314 -14872.306|10611.867 -14870.616
4201 99 COPPERSTONE PA SE,10628.106 -14866.268|10605.701 -14781.949|10577.278 -14783.494|10599.906 -14875.631|10612.314 -14872.306|10611.867 -14870.616
4202 99 COPPERSTONE PA SE,10628.106 -14866.268|10605.701 -14781.949|10577.278 -14783.494|10599.906 -14875.631|10612.314 -14872.306|10611.867 -14870.616
4203 99 COPPERSTONE PA SE,10628.106 -14866.268|10605.701 -14781.949|10577.278 -14783.494|10599.906 -14875.631|10612.314 -14872.306|10611.867 -14870.616
4204 99 COPPERSTONE PA SE,10628.106 -14866.268|10605.701 -14781.949|10577.278 -14783.494|10599.906 -14875.631|10612.314 -14872.306|10611.867 -14870.616
4205 99 COPPERSTONE PA SE,10628.106 -14866.268|10605.701 -14781.949|10577.278 -14783.494|10599.906 -14875.631|10612.314 -14872.306|10611.867 -14870.616
4206 99 COPPERSTONE PA SE,10628.106 -14866.268|10605.701 -14781.949|10577.278 -14783.494|10599.906 -14875.631|10612.314 -14872.306|10611.867 -14870.616
4207 99 COPPERSTONE PA SE,10628.106 -14866.268|10605.701 -14781.949|10577.278 -14783.494|10599.906 -14875.631|10612.314 -14872.306|10611.867 -14870.616
4208 99 COPPERSTONE PA SE,10628.106 -14866.268|10605.701 -14781.949|10577.278 -14783.494|10599.906 -14875.631|10612.314 -14872.306|10611.867 -14870.616
4209 99 COPPERSTONE PA SE,10628.106 -14866.268|10605.701 -14781.949|10577.278 -14783.494|10599.906 -14875.631|10612.314 -14872.306|10611.867 -14870.616
4210 99 COPPERSTONE PA SE,10628.106 -14866.268|10605.701 -14781.949|10577.278 -14783.494|10599.906 -14875.631|10612.314 -14872.306|10611.867 -14870.616
4211 99 COPPERSTONE PA SE,10628.106 -14866.268|10605.701 -14781.949|10577.278 -14783.494|10599.906 -14875.631|10612.314 -14872.306|10611.867 -14870.616
4212 99 COPPERSTONE PA SE,10628.106 -14866.268|10605.701 -14781.949|10577.278 -14783.494|10599.906 -14875.631|10612.314 -14872.306|10611.867 -14870.616
4213 99 COPPERSTONE PA SE,10628.106 -14866.268|10605.701 -14781.949|10577.278 -14783.494|10599.906 -14875.631|10612.314 -14872.306|10611.867 -14870.616
4214 99 COPPERSTONE PA SE,10628.106 -14866.268|10605.701 -14781.949|10577.278 -14783.494|10599.906 -14875.631|10612.314 -14872.306|10611.867 -14870.616
4215 99 COPPERSTONE PA SE,10628.106 -14866.268|10605.701 -14781.949|10577.278 -14783.494|10599.906 -14875.631|10612.314 -14872.306|10611.867 -14870.616
4216 99 COPPERSTONE PA SE,10628.106 -14866.268|10605.701 -14781.949|10577.278 -14783.494|10599.906 -14875.631|10612.314 -14872.306|10611.867 -14870.616
4217 99 COPPERSTONE PA SE,10628.106 -14866.268|10605.701 -14781.949|10577.278 -14783.494|10599.906 -14875.631|10612.314 -14872.306|10611.867 -14870.616
4218 99 COPPERSTONE PA SE,10628.106 -14866.268|10605.701 -14781.949|10577.278 -14783.494|10599.906 -14875.631|10612.314 -14872.306|10611.867 -14870.616
4219 99 COPPERSTONE PA SE,10628.106 -14866.268|10605.701 -14781.949|10577.278 -14783.494|10599.906 -14875.631|10612.314 -14872.306|10611.867 -14870.616
4301 99 COPPERSTONE PA SE,10628.106 -14866.268|10605.701 -14781.949|10577.278 -14783.494|10599.906 -14875.631|10612.314 -14872.306|10611.867 -14870.616
4302 99 COPPERSTONE PA SE,10628.106 -14866.268|10605.701 -14781.949|10577.278 -14783.494|10599.906 -14875.631|10612.314 -14872.306|10611.867 -14870.616
4303 99 COPPERSTONE PA SE,10628.106 -14866.268|10605.701 -14781.949|10577.278 -14783.494|10599.906 -14875.631|10612.314 -14872.306|10611.867 -14870.616
4304 99 COPPERSTONE PA SE,10628.106 -14866.268|10605.701 -14781.949|10577.278 -14783.494|10599.906 -14875.631|10612.314 -14872.306|10611.867 -14870.616
4305 99 COPPERSTONE PA SE,10628.106 -14866.268|10605.701 -14781.949|10577.278 -14783.494|10599.906 -14875.631|10612.314 -14872.306|10611.867 -14870.616
4306 99 COPPERSTONE PA SE,10628.106 -14866.268|10605.701 -14781.949|10577.278 -14783.494|10599.906 -14875.631|10612.314 -14872.306|10611.867 -14870.616
4307 99 COPPERSTONE PA SE,10628.106 -14866.268|10605.701 -14781.949|10577.278 -14783.494|10599.906 -14875.631|10612.314 -14872.306|10611.867 -14870.616
4308 99 COPPERSTONE PA SE,10628.106 -14866.268|10605.701 -14781.949|10577.278 -14783.494|10599.906 -14875.631|10612.314 -14872.306|10611.867 -14870.616
4309 99 COPPERSTONE PA SE,10628.106 -14866.268|10605.701 -14781.949|10577.278 -14783.494|10599.906 -14875.631|10612.314 -14872.306|10611.867 -14870.616
4310 99 COPPERSTONE PA SE,10628.106 -14866.268|10605.701 -14781.949|10577.278 -14783.494|10599.906 -14875.631|10612.314 -14872.306|10611.867 -14870.616
4311 99 COPPERSTONE PA SE,10628.106 -14866.268|10605.701 -14781.949|10577.278 -14783.494|10599.906 -14875.631|10612.314 -14872.306|10611.867 -14870.616
4312 99 COPPERSTONE PA SE,10628.106 -14866.268|10605.701 -14781.949|10577.278 -14783.494|10599.906 -14875.631|10612.314 -14872.306|10611.867 -14870.616
4313 99 COPPERSTONE PA SE,10628.106 -14866.268|10605.701 -14781.949|10577.278 -14783.494|10599.906 -14875.631|10612.314 -14872.306|10611.867 -14870.616
4314 99 COPPERSTONE PA SE,10628.106 -14866.268|10605.701 -14781.949|10577.278 -14783.494|10599.906 -14875.631|10612.314 -14872.306|10611.867 -14870.616
4315 99 COPPERSTONE PA SE,10628.106 -14866.268|10605.701 -14781.949|10577.278 -14783.494|10599.906 -14875.631|10612.314 -14872.306|10611.867 -14870.616
4316 99 COPPERSTONE PA SE,10628.106 -14866.268|10605.701 -14781.949|10577.278 -14783.494|10599.906 -14875.631|10612.314 -14872.306|10611.867 -14870.616
4317 99 COPPERSTONE PA SE,10628.106 -14866.268|10605.701 -14781.949|10577.278 -14783.494|10599.906 -14875.631|10612.314 -14872.306|10611.867 -14870.616
4318 99 COPPERSTONE PA SE,10628.106 -14866.268|10605.701 -14781.949|10577.278 -14783.494|10599.906 -14875.631|10612.314 -14872.306|10611.867 -14870.616
4319 99 COPPERSTONE PA SE,10628.106 -14866.268|10605.701 -14781.949|10577.278 -14783.494|10599.906 -14875.631|10612.314 -14872.306|10611.867 -14870.616
4401 99 COPPERSTONE PA SE,10628.106 -14866.268|10605.701 -14781.949|10577.278 -14783.494|10599.906 -14875.631|10612.314 -14872.306|10611.867 -14870.616
4402 99 COPPERSTONE PA SE,10628.106 -14866.268|10605.701 -14781.949|10577.278 -14783.494|10599.906 -14875.631|10612.314 -14872.306|10611.867 -14870.616
4403 99 COPPERSTONE PA SE,10628.106 -14866.268|10605.701 -14781.949|10577.278 -14783.494|10599.906 -14875.631|10612.314 -14872.306|10611.867 -14870.616
4404 99 COPPERSTONE PA SE,10628.106 -14866.268|10605.701 -14781.949|10577.278 -14783.494|10599.906 -14875.631|10612.314 -14872.306|10611.867 -14870.616
4405 99 COPPERSTONE PA SE,10628.106 -14866.268|10605.701 -14781.949|10577.278 -14783.494|10599.906 -14875.631|10612.314 -14872.306|10611.867 -14870.616
4406 99 COPPERSTONE PA SE,10628.106 -14866.268|10605.701 -14781.949|10577.278 -14783.494|10599.906 -14875.631|10612.314 -14872.306|10611.867 -14870.616
4407 99 COPPERSTONE PA SE,10628.106 -14866.268|10605.701 -14781.949|10577.278 -14783.494|10599.906 -14875.631|10612.314 -14872.306|10611.867 -14870.616
4408 99 COPPERSTONE PA SE,10628.106 -14866.268|10605.701 -14781.949|10577.278 -14783.494|10599.906 -14875.631|10612.314 -14872.306|10611.867 -14870.616
4409 99 COPPERSTONE PA SE,10628.106 -14866.268|10605.701 -14781.949|10577.278 -14783.494|10599.906 -14875.631|10612.314 -14872.306|10611.867 -14870.616
4410 99 COPPERSTONE PA SE,10628.106 -14866.268|10605.701 -14781.949|10577.278 -14783.494|10599.906 -14875.631|10612.314 -14872.306|10611.867 -14870.616
4411 99 COPPERSTONE PA SE,10628.106 -14866.268|10605.701 -14781.949|10577.278 -14783.494|10599.906 -14875.631|10612.314 -14872.306|10611.867 -14870.616
4412 99 COPPERSTONE PA SE,10628.106 -14866.268|10605.701 -14781.949|10577.278 -14783.494|10599.906 -14875.631|10612.314 -14872.306|10611.867 -14870.616
4413 99 COPPERSTONE PA SE,10628.106 -14866.268|10605.701 -14781.949|10577.278 -14783.494|10599.906 -14875.631|10612.314 -14872.306|10611.867 -14870.616
4414 99 COPPERSTONE PA SE,10628.106 -14866.268|10605.701 -14781.949|10577.278 -14783.494|10599.906 -14875.631|10612.314 -14872.306|10611.867 -14870.616
4415 99 COPPERSTONE PA SE,10628.106 -14866.268|10605.701 -14781.949|10577.278 -14783.494|10599.906 -14875.631|10612.314 -14872.306|10611.867 -14870.616
4416 99 COPPERSTONE PA SE,10628.106 -14866.268|10605.701 -14781.949|10577.278 -14783.494|10599.906 -14875.631|10612.314 -14872.306|10611.867 -14870.616
4417 99 COPPERSTONE PA SE,10628.106 -14866.268|10605.701 -14781.949|10577.278 -14783.494|10599.906 -14875.631|10612.314 -14872.306|10611.867 -14870.616
4418 99 COPPERSTONE PA SE,10628.106 -14866.268|10605.701 -14781.949|10577.278 -14783.494|10599.906 -14875.631|10612.314 -14872.306|10611.867 -14870.616
4419 99 COPPERSTONE PA SE,10628.106 -14866.268|10605.701 -14781.949|10577.278 -14783.494|10599.906 -14875.631|10612.314 -14872.306|10611.867 -14870.616
474V 99 COPPERSTONE PA SE,10628.106 -14866.268|10605.701 -14781.949|10577.278 -14783.494|10599.906 -14875.631|10612.314 -14872.306|10611.867 -14870.616
475V 99 COPPERSTONE PA SE,10628.106 -14866.268|10605.701 -14781.949|10577.278 -14783.494|10599.906 -14875.631|10612.314 -14872.306|10611.867 -14870.616
476V 99 COPPERSTONE PA SE,10628.106 -14866.268|10605.701 -14781.949|10577.278 -14783.494|10599.906 -14875.631|10612.314 -14872.306|10611.867 -14870.616
477V 99 COPPERSTONE PA SE,10628.106 -14866.268|10605.701 -14781.949|10577.278 -14783.494|10599.906 -14875.631|10612.314 -14872.306|10611.867 -14870.616
478V 99 COPPERSTONE PA SE,10628.106 -14866.268|10605.701 -14781.949|10577.278 -14783.494|10599.906 -14875.631|10612.314 -14872.306|10611.867 -14870.616
479V 99 COPPERSTONE PA SE,10628.106 -14866.268|10605.701 -14781.949|10577.278 -14783.494|10599.906 -14875.631|10612.314 -14872.306|10611.867 -14870.616
480V 99 COPPERSTONE PA SE,10628.106 -14866.268|10605.701 -14781.949|10577.278 -14783.494|10599.906 -14875.631|10612.314 -14872.306|10611.867 -14870.616
481V 99 COPPERSTONE PA SE,10628.106 -14866.268|10605.701 -14781.949|10577.278 -14783.494|10599.906 -14875.631|10612.314 -14872.306|10611.867 -14870.616
482V 99 COPPERSTONE PA SE,10628.106 -14866.268|10605.701 -14781.949|10577.278 -14783.494|10599.906 -14875.631|10612.314 -14872.306|10611.867 -14870.616
483V 99 COPPERSTONE PA SE,10628.106 -14866.268|10605.701 -14781.949|10577.278 -14783.494|10599.906 -14875.631|10612.314 -14872.306|10611.867 -14870.616
484V 99 COPPERSTONE PA SE,10628.106 -14866.268|10605.701 -14781.949|10577.278 -14783.494|10599.906 -14875.631|10612.314 -14872.306|10611.867 -14870.616
485V 99 COPPERSTONE PA SE,10628.106 -14866.268|10605.701 -14781.949|10577.278 -14783.494|10599.906 -14875.631|10612.314 -14872.306|10611.867 -14870.616
486V 99 COPPERSTONE PA SE,10628.106 -14866.268|10605.701 -14781.949|10577.278 -14783.494|10599.906 -14875.631|10612.314 -14872.306|10611.867 -14870.616
487V 99 COPPERSTONE PA SE,10628.106 -14866.268|10605.701 -14781.949|10577.278 -14783.494|10599.906 -14875.631|10612.314 -14872.306|10611.867 -14870.616
488V 99 COPPERSTONE PA SE,10628.106 -14866.268|10605.701 -14781.949|10577.278 -14783.494|10599.906 -14875.631|10612.314 -14872.306|10611.867 -14870.616
489V 99 COPPERSTONE PA SE,10628.106 -14866.268|10605.701 -14781.949|10577.278 -14783.494|10599.906 -14875.631|10612.314 -14872.306|10611.867 -14870.616
490V 99 COPPERSTONE PA SE,10628.106 -14866.268|10605.701 -14781.949|10577.278 -14783.494|10599.906 -14875.631|10612.314 -14872.306|10611.867 -14870.616
491V 99 COPPERSTONE PA SE,10628.106 -14866.268|10605.701 -14781.949|10577.278 -14783.494|10599.906 -14875.631|10612.314 -14872.306|10611.867 -14870.616
492V 99 COPPERSTONE PA SE,10628.106 -14866.268|10605.701 -14781.949|10577.278 -14783.494|10599.906 -14875.631|10612.314 -14872.306|10611.867 -14870.616
493V 99 COPPERSTONE PA SE,10628.106 -14866.268|10605.701 -14781.949|10577.278 -14783.494|10599.906 -14875.631|10612.314 -14872.306|10611.867 -14870.616
494V 99 COPPERSTONE PA SE,10628.106 -14866.268|10605.701 -14781.949|10577.278 -14783.494|10599.906 -14875.631|10612.314 -14872.306|10611.867 -14870.616
495V 99 COPPERSTONE PA SE,10628.106 -14866.268|10605.701 -14781.949|10577.278 -14783.494|10599.906 -14875.631|10612.314 -14872.306|10611.867 -14870.616
496V 99 COPPERSTONE PA SE,10628.106 -14866.268|10605.701 -14781.949|10577.278 -14783.494|10599.906 -14875.631|10612.314 -14872.306|10611.867 -14870.616
497V 99 COPPERSTONE PA SE,10628.106 -14866.268|10605.701 -14781.949|10577.278 -14783.494|10599.906 -14875.631|10612.314 -14872.306|10611.867 -14870.616
498V 99 COPPERSTONE PA SE,10628.106 -14866.268|10605.701 -14781.949|10577.278 -14783.494|10599.906 -14875.631|10612.314 -14872.306|10611.867 -14870.616
499V 99 COPPERSTONE PA SE,10628.106 -14866.268|10605.701 -14781.949|10577.278 -14783.494|10599.906 -14875.631|10612.314 -14872.306|10611.867 -14870.616
500V 99 COPPERSTONE PA SE,10628.106 -14866.268|10605.701 -14781.949|10577.278 -14783.494|10599.906 -14875.631|10612.314 -14872.306|10611.867 -14870.616
501V 99 COPPERSTONE PA SE,10628.106 -14866.268|10605.701 -14781.949|10577.278 -14783.494|10599.906 -14875.631|10612.314 -14872.306|10611.867 -14870.616
502V 99 COPPERSTONE PA SE,10628.106 -14866.268|10605.701 -14781.949|10577.278 -14783.494|10599.906 -14875.631|10612.314 -14872.306|10611.867 -14870.616
503V 99 COPPERSTONE PA SE,10628.106 -14866.268|10605.701 -14781.949|10577.278 -14783.494|10599.906 -14875.631|10612.314 -14872.306|10611.867 -14870.616
504V 99 COPPERSTONE PA SE,10628.106 -14866.268|10605.701 -14781.949|10577.278 -14783.494|10599.906 -14875.631|10612.314 -14872.306|10611.867 -14870.616
505V 99 COPPERSTONE PA SE,10628.106 -14866.268|10605.701 -14781.949|10577.278 -14783.494|10599.906 -14875.631|10612.314 -14872.306|10611.867 -14870.616
506V 99 COPPERSTONE PA SE,10628.106 -14866.268|10605.701 -14781.949|10577.278 -14783.494|10599.906 -14875.631|10612.314 -14872.306|10611.867 -14870.616
507V 99 COPPERSTONE PA SE,10628.106 -14866.268|10605.701 -14781.949|10577.278 -14783.494|10599.906 -14875.631|10612.314 -14872.306|10611.867 -14870.616
508V 99 COPPERSTONE PA SE,10628.106 -14866.268|10605.701 -14781.949|10577.278 -14783.494|10599.906 -14875.631|10612.314 -14872.306|10611.867 -14870.616
509V 99 COPPERSTONE PA SE,10628.106 -14866.268|10605.701 -14781.949|10577.278 -14783.494|10599.906 -14875.631|10612.314 -14872.306|10611.867 -14870.616
510V 99 COPPERSTONE PA SE,10628.106 -14866.268|10605.701 -14781.949|10577.278 -14783.494|10599.906 -14875.631|10612.314 -14872.306|10611.867 -14870.616
511V 99 COPPERSTONE PA SE,10628.106 -14866.268|10605.701 -14781.949|10577.278 -14783.494|10599.906 -14875.631|10612.314 -14872.306|10611.867 -14870.616
512V 99 COPPERSTONE PA SE,10628.106 -14866.268|10605.701 -14781.949|10577.278 -14783.494|10599.906 -14875.631|10612.314 -14872.306|10611.867 -14870.616
513V 99 COPPERSTONE PA SE,10628.106 -14866.268|10605.701 -14781.949|10577.278 -14783.494|10599.906 -14875.631|10612.314 -14872.306|10611.867 -14870.616
514V 99 COPPERSTONE PA SE,10628.106 -14866.268|10605.701 -14781.949|10577.278 -14783.494|10599.906 -14875.631|10612.314 -14872.306|10611.867 -14870.616
515V 99 COPPERSTONE PA SE,10628.106 -14866.268|10605.701 -14781.949|10577.278 -14783.494|10599.906 -14875.631|10612.314 -14872.306|10611.867 -14870.616
516V 99 COPPERSTONE PA SE,10628.106 -14866.268|10605.701 -14781.949|10577.278 -14783.494|10599.906 -14875.631|10612.314 -14872.306|10611.867 -14870.616
517V 99 COPPERSTONE PA SE,10628.106 -14866.268|10605.701 -14781.949|10577.278 -14783.494|10599.906 -14875.631|10612.314 -14872.306|10611.867 -14870.616
518V 99 COPPERSTONE PA SE,10628.106 -14866.268|10605.701 -14781.949|10577.278 -14783.494|10599.906 -14875.631|10612.314 -14872.306|10611.867 -14870.616
519V 99 COPPERSTONE PA SE,10628.106 -14866.268|10605.701 -14781.949|10577.278 -14783.494|10599.906 -14875.631|10612.314 -14872.306|10611.867 -14870.616
520V 99 COPPERSTONE PA SE,10628.106 -14866.268|10605.701 -14781.949|10577.278 -14783.494|10599.906 -14875.631|10612.314 -14872.306|10611.867 -14870.616
521V 99 COPPERSTONE PA SE,10628.106 -14866.268|10605.701 -14781.949|10577.278 -14783.494|10599.906 -14875.631|10612.314 -14872.306|10611.867 -14870.616
522V 99 COPPERSTONE PA SE,10628.106 -14866.268|10605.701 -14781.949|10577.278 -14783.494|10599.906 -14875.631|10612.314 -14872.306|10611.867 -14870.616
523V 99 COPPERSTONE PA SE,10628.106 -14866.268|10605.701 -14781.949|10577.278 -14783.494|10599.906 -14875.631|10612.314 -14872.306|10611.867 -14870.616
524V 99 COPPERSTONE PA SE,10628.106 -14866.268|10605.701 -14781.949|10577.278 -14783.494|10599.906 -14875.631|10612.314 -14872.306|10611.867 -14870.616
525V 99 COPPERSTONE PA SE,10628.106 -14866.268|10605.701 -14781.949|10577.278 -14783.494|10599.906 -14875.631|10612.314 -14872.306|10611.867 -14870.616
526V 99 COPPERSTONE PA SE,10628.106 -14866.268|10605.701 -14781.949|10577.278 -14783.494|10599.906 -14875.631|10612.314 -14872.306|10611.867 -14870.616
527V 99 COPPERSTONE PA SE,10628.106 -14866.268|10605.701 -14781.949|10577.278 -14783.494|10599.906 -14875.631|10612.314 -14872.306|10611.867 -14870.616
528V 99 COPPERSTONE PA SE,10628.106 -14866.268|10605.701 -14781.949|10577.278 -14783.494|10599.906 -14875.631|10612.314 -14872.306|10611.867 -14870.616
529V 99 COPPERSTONE PA SE,10628.106 -14866.268|10605.701 -14781.949|10577.278 -14783.494|10599.906 -14875.631|10612.314 -14872.306|10611.867 -14870.616
3101 99 COPPERSTONE PA SE,10633.181 -14978.575|10633.978 -14888.418|10628.106 -14866.268|10611.867 -14870.616|10612.314 -14872.306|10599.906 -14875.631|10603.947 -14892.099|10603.849 -14978.341|10603.849 -14978.475|10633.181 -14978.775
3102 99 COPPERSTONE PA SE,10633.181 -14978.575|10633.978 -14888.418|10628.106 -14866.268|10611.867 -14870.616|10612.314 -14872.306|10599.906 -14875.631|10603.947 -14892.099|10603.849 -14978.341|10603.849 -14978.475|10633.181 -14978.775
3103 99 COPPERSTONE PA SE,10633.181 -14978.575|10633.978 -14888.418|10628.106 -14866.268|10611.867 -14870.616|10612.314 -14872.306|10599.906 -14875.631|10603.947 -14892.099|10603.849 -14978.341|10603.849 -14978.475|10633.181 -14978.775
3104 99 COPPERSTONE PA SE,10633.181 -14978.575|10633.978 -14888.418|10628.106 -14866.268|10611.867 -14870.616|10612.314 -14872.306|10599.906 -14875.631|10603.947 -14892.099|10603.849 -14978.341|10603.849 -14978.475|10633.181 -14978.775
3105 99 COPPERSTONE PA SE,10633.181 -14978.575|10633.978 -14888.418|10628.106 -14866.268|10611.867 -14870.616|10612.314 -14872.306|10599.906 -14875.631|10603.947 -14892.099|10603.849 -14978.341|10603.849 -14978.475|10633.181 -14978.775
3106 99 COPPERSTONE PA SE,10633.181 -14978.575|10633.978 -14888.418|10628.106 -14866.268|10611.867 -14870.616|10612.314 -14872.306|10599.906 -14875.631|10603.947 -14892.099|10603.849 -14978.341|10603.849 -14978.475|10633.181 -14978.775
3107 99 COPPERSTONE PA SE,10633.181 -14978.575|10633.978 -14888.418|10628.106 -14866.268|10611.867 -14870.616|10612.314 -14872.306|10599.906 -14875.631|10603.947 -14892.099|10603.849 -14978.341|10603.849 -14978.475|10633.181 -14978.775
3108 99 COPPERSTONE PA SE,10633.181 -14978.575|10633.978 -14888.418|10628.106 -14866.268|10611.867 -14870.616|10612.314 -14872.306|10599.906 -14875.631|10603.947 -14892.099|10603.849 -14978.341|10603.849 -14978.475|10633.181 -14978.775
3109 99 COPPERSTONE PA SE,10633.181 -14978.575|10633.978 -14888.418|10628.106 -14866.268|10611.867 -14870.616|10612.314 -14872.306|10599.906 -14875.631|10603.947 -14892.099|10603.849 -14978.341|10603.849 -14978.475|10633.181 -14978.775
3110 99 COPPERSTONE PA SE,10633.181 -14978.575|10633.978 -14888.418|10628.106 -14866.268|10611.867 -14870.616|10612.314 -14872.306|10599.906 -14875.631|10603.947 -14892.099|10603.849 -14978.341|10603.849 -14978.475|10633.181 -14978.775
3111 99 COPPERSTONE PA SE,10633.181 -14978.575|10633.978 -14888.418|10628.106 -14866.268|10611.867 -14870.616|10612.314 -14872.306|10599.906 -14875.631|10603.947 -14892.099|10603.849 -14978.341|10603.849 -14978.475|10633.181 -14978.775
3112 99 COPPERSTONE PA SE,10633.181 -14978.575|10633.978 -14888.418|10628.106 -14866.268|10611.867 -14870.616|10612.314 -14872.306|10599.906 -14875.631|10603.947 -14892.099|10603.849 -14978.341|10603.849 -14978.475|10633.181 -14978.775
3113 99 COPPERSTONE PA SE,10633.181 -14978.575|10633.978 -14888.418|10628.106 -14866.268|10611.867 -14870.616|10612.314 -14872.306|10599.906 -14875.631|10603.947 -14892.099|10603.849 -14978.341|10603.849 -14978.475|10633.181 -14978.775
3114 99 COPPERSTONE PA SE,10633.181 -14978.575|10633.978 -14888.418|10628.106 -14866.268|10611.867 -14870.616|10612.314 -14872.306|10599.906 -14875.631|10603.947 -14892.099|10603.849 -14978.341|10603.849 -14978.475|10633.181 -14978.775
3115 99 COPPERSTONE PA SE,10633.181 -14978.575|10633.978 -14888.418|10628.106 -14866.268|10611.867 -14870.616|10612.314 -14872.306|10599.906 -14875.631|10603.947 -14892.099|10603.849 -14978.341|10603.849 -14978.475|10633.181 -14978.775
3116 99 COPPERSTONE PA SE,10633.181 -14978.575|10633.978 -14888.418|10628.106 -14866.268|10611.867 -14870.616|10612.314 -14872.306|10599.906 -14875.631|10603.947 -14892.099|10603.849 -14978.341|10603.849 -14978.475|10633.181 -14978.775
3117 99 COPPERSTONE PA SE,10633.181 -14978.575|10633.978 -14888.418|10628.106 -14866.268|10611.867 -14870.616|10612.314 -14872.306|10599.906 -14875.631|10603.947 -14892.099|10603.849 -14978.341|10603.849 -14978.475|10633.181 -14978.775
3118 99 COPPERSTONE PA SE,10633.181 -14978.575|10633.978 -14888.418|10628.106 -14866.268|10611.867 -14870.616|10612.314 -14872.306|10599.906 -14875.631|10603.947 -14892.099|10603.849 -14978.341|10603.849 -14978.475|10633.181 -14978.775
3119 99 COPPERSTONE PA SE,10633.181 -14978.575|10633.978 -14888.418|10628.106 -14866.268|10611.867 -14870.616|10612.314 -14872.306|10599.906 -14875.631|10603.947 -14892.099|10603.849 -14978.341|10603.849 -14978.475|10633.181 -14978.775
3201 99 COPPERSTONE PA SE,10633.181 -14978.575|10633.978 -14888.418|10628.106 -14866.268|10611.867 -14870.616|10612.314 -14872.306|10599.906 -14875.631|10603.947 -14892.099|10603.849 -14978.341|10603.849 -14978.475|10633.181 -14978.775
3202 99 COPPERSTONE PA SE,10633.181 -14978.575|10633.978 -14888.418|10628.106 -14866.268|10611.867 -14870.616|10612.314 -14872.306|10599.906 -14875.631|10603.947 -14892.099|10603.849 -14978.341|10603.849 -14978.475|10633.181 -14978.775
3203 99 COPPERSTONE PA SE,10633.181 -14978.575|10633.978 -14888.418|10628.106 -14866.268|10611.867 -14870.616|10612.314 -14872.306|10599.906 -14875.631|10603.947 -14892.099|10603.849 -14978.341|10603.849 -14978.475|10633.181 -14978.775
3204 99 COPPERSTONE PA SE,10633.181 -14978.575|10633.978 -14888.418|10628.106 -14866.268|10611.867 -14870.616|10612.314 -14872.306|10599.906 -14875.631|10603.947 -14892.099|10603.849 -14978.341|10603.849 -14978.475|10633.181 -14978.775
3205 99 COPPERSTONE PA SE,10633.181 -14978.575|10633.978 -14888.418|10628.106 -14866.268|10611.867 -14870.616|10612.314 -14872.306|10599.906 -14875.631|10603.947 -14892.099|10603.849 -14978.341|10603.849 -14978.475|10633.181 -14978.775
3206 99 COPPERSTONE PA SE,10633.181 -14978.575|10633.978 -14888.418|10628.106 -14866.268|10611.867 -14870.616|10612.314 -14872.306|10599.906 -14875.631|10603.947 -14892.099|10603.849 -14978.341|10603.849 -14978.475|10633.181 -14978.775
3207 99 COPPERSTONE PA SE,10633.181 -14978.575|10633.978 -14888.418|10628.106 -14866.268|10611.867 -14870.616|10612.314 -14872.306|10599.906 -14875.631|10603.947 -14892.099|10603.849 -14978.341|10603.849 -14978.475|10633.181 -14978.775
3208 99 COPPERSTONE PA SE,10633.181 -14978.575|10633.978 -14888.418|10628.106 -14866.268|10611.867 -14870.616|10612.314 -14872.306|10599.906 -14875.631|10603.947 -14892.099|10603.849 -14978.341|10603.849 -14978.475|10633.181 -14978.775
3209 99 COPPERSTONE PA SE,10633.181 -14978.575|10633.978 -14888.418|10628.106 -14866.268|10611.867 -14870.616|10612.314 -14872.306|10599.906 -14875.631|10603.947 -14892.099|10603.849 -14978.341|10603.849 -14978.475|10633.181 -14978.775
3210 99 COPPERSTONE PA SE,10633.181 -14978.575|10633.978 -14888.418|10628.106 -14866.268|10611.867 -14870.616|10612.314 -14872.306|10599.906 -14875.631|10603.947 -14892.099|10603.849 -14978.341|10603.849 -14978.475|10633.181 -14978.775
3211 99 COPPERSTONE PA SE,10633.181 -14978.575|10633.978 -14888.418|10628.106 -14866.268|10611.867 -14870.616|10612.314 -14872.306|10599.906 -14875.631|10603.947 -14892.099|10603.849 -14978.341|10603.849 -14978.475|10633.181 -14978.775
3212 99 COPPERSTONE PA SE,10633.181 -14978.575|10633.978 -14888.418|10628.106 -14866.268|10611.867 -14870.616|10612.314 -14872.306|10599.906 -14875.631|10603.947 -14892.099|10603.849 -14978.341|10603.849 -14978.475|10633.181 -14978.775
3213 99 COPPERSTONE PA SE,10633.181 -14978.575|10633.978 -14888.418|10628.106 -14866.268|10611.867 -14870.616|10612.314 -14872.306|10599.906 -14875.631|10603.947 -14892.099|10603.849 -14978.341|10603.849 -14978.475|10633.181 -14978.775
3214 99 COPPERSTONE PA SE,10633.181 -14978.575|10633.978 -14888.418|10628.106 -14866.268|10611.867 -14870.616|10612.314 -14872.306|10599.906 -14875.631|10603.947 -14892.099|10603.849 -14978.341|10603.849 -14978.475|10633.181 -14978.775
3215 99 COPPERSTONE PA SE,10633.181 -14978.575|10633.978 -14888.418|10628.106 -14866.268|10611.867 -14870.616|10612.314 -14872.306|10599.906 -14875.631|10603.947 -14892.099|10603.849 -14978.341|10603.849 -14978.475|10633.181 -14978.775
3216 99 COPPERSTONE PA SE,10633.181 -14978.575|10633.978 -14888.418|10628.106 -14866.268|10611.867 -14870.616|10612.314 -14872.306|10599.906 -14875.631|10603.947 -14892.099|10603.849 -14978.341|10603.849 -14978.475|10633.181 -14978.775
3217 99 COPPERSTONE PA SE,10633.181 -14978.575|10633.978 -14888.418|10628.106 -14866.268|10611.867 -14870.616|10612.314 -14872.306|10599.906 -14875.631|10603.947 -14892.099|10603.849 -14978.341|10603.849 -14978.475|10633.181 -14978.775
3218 99 COPPERSTONE PA SE,10633.181 -14978.575|10633.978 -14888.418|10628.106 -14866.268|10611.867 -14870.616|10612.314 -14872.306|10599.906 -14875.631|10603.947 -14892.099|10603.849 -14978.341|10603.849 -14978.475|10633.181 -14978.775
3219 99 COPPERSTONE PA SE,10633.181 -14978.575|10633.978 -14888.418|10628.106 -14866.268|10611.867 -14870.616|10612.314 -14872.306|10599.906 -14875.631|10603.947 -14892.099|10603.849 -14978.341|10603.849 -14978.475|10633.181 -14978.775
3301 99 COPPERSTONE PA SE,10633.181 -14978.575|10633.978 -14888.418|10628.106 -14866.268|10611.867 -14870.616|10612.314 -14872.306|10599.906 -14875.631|10603.947 -14892.099|10603.849 -14978.341|10603.849 -14978.475|10633.181 -14978.775
3302 99 COPPERSTONE PA SE,10633.181 -14978.575|10633.978 -14888.418|10628.106 -14866.268|10611.867 -14870.616|10612.314 -14872.306|10599.906 -14875.631|10603.947 -14892.099|10603.849 -14978.341|10603.849 -14978.475|10633.181 -14978.775
3303 99 COPPERSTONE PA SE,10633.181 -14978.575|10633.978 -14888.418|10628.106 -14866.268|10611.867 -14870.616|10612.314 -14872.306|10599.906 -14875.631|10603.947 -14892.099|10603.849 -14978.341|10603.849 -14978.475|10633.181 -14978.775
3304 99 COPPERSTONE PA SE,10633.181 -14978.575|10633.978 -14888.418|10628.106 -14866.268|10611.867 -14870.616|10612.314 -14872.306|10599.906 -14875.631|10603.947 -14892.099|10603.849 -14978.341|10603.849 -14978.475|10633.181 -14978.775
3305 99 COPPERSTONE PA SE,10633.181 -14978.575|10633.978 -14888.418|10628.106 -14866.268|10611.867 -14870.616|10612.314 -14872.306|10599.906 -14875.631|10603.947 -14892.099|10603.849 -14978.341|10603.849 -14978.475|10633.181 -14978.775
3306 99 COPPERSTONE PA SE,10633.181 -14978.575|10633.978 -14888.418|10628.106 -14866.268|10611.867 -14870.616|10612.314 -14872.306|10599.906 -14875.631|10603.947 -14892.099|10603.849 -14978.341|10603.849 -14978.475|10633.181 -14978.775
3307 99 COPPERSTONE PA SE,10633.181 -14978.575|10633.978 -14888.418|10628.106 -14866.268|10611.867 -14870.616|10612.314 -14872.306|10599.906 -14875.631|10603.947 -14892.099|10603.849 -14978.341|10603.849 -14978.475|10633.181 -14978.775
3308 99 COPPERSTONE PA SE,10633.181 -14978.575|10633.978 -14888.418|10628.106 -14866.268|10611.867 -14870.616|10612.314 -14872.306|10599.906 -14875.631|10603.947 -14892.099|10603.849 -14978.341|10603.849 -14978.475|10633.181 -14978.775
3309 99 COPPERSTONE PA SE,10633.181 -14978.575|10633.978 -14888.418|10628.106 -14866.268|10611.867 -14870.616|10612.314 -14872.306|10599.906 -14875.631|10603.947 -14892.099|10603.849 -14978.341|10603.849 -14978.475|10633.181 -14978.775
3310 99 COPPERSTONE PA SE,10633.181 -14978.575|10633.978 -14888.418|10628.106 -14866.268|10611.867 -14870.616|10612.314 -14872.306|10599.906 -14875.631|10603.947 -14892.099|10603.849 -14978.341|10603.849 -14978.475|10633.181 -14978.775
3311 99 COPPERSTONE PA SE,10633.181 -14978.575|10633.978 -14888.418|10628.106 -14866.268|10611.867 -14870.616|10612.314 -14872.306|10599.906 -14875.631|10603.947 -14892.099|10603.849 -14978.341|10603.849 -14978.475|10633.181 -14978.775
3312 99 COPPERSTONE PA SE,10633.181 -14978.575|10633.978 -14888.418|10628.106 -14866.268|10611.867 -14870.616|10612.314 -14872.306|10599.906 -14875.631|10603.947 -14892.099|10603.849 -14978.341|10603.849 -14978.475|10633.181 -14978.775
3313 99 COPPERSTONE PA SE,10633.181 -14978.575|10633.978 -14888.418|10628.106 -14866.268|10611.867 -14870.616|10612.314 -14872.306|10599.906 -14875.631|10603.947 -14892.099|10603.849 -14978.341|10603.849 -14978.475|10633.181 -14978.775
3314 99 COPPERSTONE PA SE,10633.181 -14978.575|10633.978 -14888.418|10628.106 -14866.268|10611.867 -14870.616|10612.314 -14872.306|10599.906 -14875.631|10603.947 -14892.099|10603.849 -14978.341|10603.849 -14978.475|10633.181 -14978.775
3315 99 COPPERSTONE PA SE,10633.181 -14978.575|10633.978 -14888.418|10628.106 -14866.268|10611.867 -14870.616|10612.314 -14872.306|10599.906 -14875.631|10603.947 -14892.099|10603.849 -14978.341|10603.849 -14978.475|10633.181 -14978.775
3316 99 COPPERSTONE PA SE,10633.181 -14978.575|10633.978 -14888.418|10628.106 -14866.268|10611.867 -14870.616|10612.314 -14872.306|10599.906 -14875.631|10603.947 -14892.099|10603.849 -14978.341|10603.849 -14978.475|10633.181 -14978.775
3317 99 COPPERSTONE PA SE,10633.181 -14978.575|10633.978 -14888.418|10628.106 -14866.268|10611.867 -14870.616|10612.314 -14872.306|10599.906 -14875.631|10603.947 -14892.099|10603.849 -14978.341|10603.849 -14978.475|10633.181 -14978.775
3318 99 COPPERSTONE PA SE,10633.181 -14978.575|10633.978 -14888.418|10628.106 -14866.268|10611.867 -14870.616|10612.314 -14872.306|10599.906 -14875.631|10603.947 -14892.099|10603.849 -14978.341|10603.849 -14978.475|10633.181 -14978.775
3319 99 COPPERSTONE PA SE,10633.181 -14978.575|10633.978 -14888.418|10628.106 -14866.268|10611.867 -14870.616|10612.314 -14872.306|10599.906 -14875.631|10603.947 -14892.099|10603.849 -14978.341|10603.849 -14978.475|10633.181 -14978.775
3401 99 COPPERSTONE PA SE,10633.181 -14978.575|10633.978 -14888.418|10628.106 -14866.268|10611.867 -14870.616|10612.314 -14872.306|10599.906 -14875.631|10603.947 -14892.099|10603.849 -14978.341|10603.849 -14978.475|10633.181 -14978.775
3402 99 COPPERSTONE PA SE,10633.181 -14978.575|10633.978 -14888.418|10628.106 -14866.268|10611.867 -14870.616|10612.314 -14872.306|10599.906 -14875.631|10603.947 -14892.099|10603.849 -14978.341|10603.849 -14978.475|10633.181 -14978.775
3403 99 COPPERSTONE PA SE,10633.181 -14978.575|10633.978 -14888.418|10628.106 -14866.268|10611.867 -14870.616|10612.314 -14872.306|10599.906 -14875.631|10603.947 -14892.099|10603.849 -14978.341|10603.849 -14978.475|10633.181 -14978.775
3404 99 COPPERSTONE PA SE,10633.181 -14978.575|10633.978 -14888.418|10628.106 -14866.268|10611.867 -14870.616|10612.314 -14872.306|10599.906 -14875.631|10603.947 -14892.099|10603.849 -14978.341|10603.849 -14978.475|10633.181 -14978.775
3405 99 COPPERSTONE PA SE,10633.181 -14978.575|10633.978 -14888.418|10628.106 -14866.268|10611.867 -14870.616|10612.314 -14872.306|10599.906 -14875.631|10603.947 -14892.099|10603.849 -14978.341|10603.849 -14978.475|10633.181 -14978.775
3406 99 COPPERSTONE PA SE,10633.181 -14978.575|10633.978 -14888.418|10628.106 -14866.268|10611.867 -14870.616|10612.314 -14872.306|10599.906 -14875.631|10603.947 -14892.099|10603.849 -14978.341|10603.849 -14978.475|10633.181 -14978.775
3407 99 COPPERSTONE PA SE,10633.181 -14978.575|10633.978 -14888.418|10628.106 -14866.268|10611.867 -14870.616|10612.314 -14872.306|10599.906 -14875.631|10603.947 -14892.099|10603.849 -14978.341|10603.849 -14978.475|10633.181 -14978.775
3408 99 COPPERSTONE PA SE,10633.181 -14978.575|10633.978 -14888.418|10628.106 -14866.268|10611.867 -14870.616|10612.314 -14872.306|10599.906 -14875.631|10603.947 -14892.099|10603.849 -14978.341|10603.849 -14978.475|10633.181 -14978.775
3409 99 COPPERSTONE PA SE,10633.181 -14978.575|10633.978 -14888.418|10628.106 -14866.268|10611.867 -14870.616|10612.314 -14872.306|10599.906 -14875.631|10603.947 -14892.099|10603.849 -14978.341|10603.849 -14978.475|10633.181 -14978.775
3410 99 COPPERSTONE PA SE,10633.181 -14978.575|10633.978 -14888.418|10628.106 -14866.268|10611.867 -14870.616|10612.314 -14872.306|10599.906 -14875.631|10603.947 -14892.099|10603.849 -14978.341|10603.849 -14978.475|10633.181 -14978.775
3411 99 COPPERSTONE PA SE,10633.181 -14978.575|10633.978 -14888.418|10628.106 -14866.268|10611.867 -14870.616|10612.314 -14872.306|10599.906 -14875.631|10603.947 -14892.099|10603.849 -14978.341|10603.849 -14978.475|10633.181 -14978.775
3412 99 COPPERSTONE PA SE,10633.181 -14978.575|10633.978 -14888.418|10628.106 -14866.268|10611.867 -14870.616|10612.314 -14872.306|10599.906 -14875.631|10603.947 -14892.099|10603.849 -14978.341|10603.849 -14978.475|10633.181 -14978.775
3413 99 COPPERSTONE PA SE,10633.181 -14978.575|10633.978 -14888.418|10628.106 -14866.268|10611.867 -14870.616|10612.314 -14872.306|10599.906 -14875.631|10603.947 -14892.099|10603.849 -14978.341|10603.849 -14978.475|10633.181 -14978.775
3414 99 COPPERSTONE PA SE,10633.181 -14978.575|10633.978 -14888.418|10628.106 -14866.268|10611.867 -14870.616|10612.314 -14872.306|10599.906 -14875.631|10603.947 -14892.099|10603.849 -14978.341|10603.849 -14978.475|10633.181 -14978.775
3415 99 COPPERSTONE PA SE,10633.181 -14978.575|10633.978 -14888.418|10628.106 -14866.268|10611.867 -14870.616|10612.314 -14872.306|10599.906 -14875.631|10603.947 -14892.099|10603.849 -14978.341|10603.849 -14978.475|10633.181 -14978.775
3416 99 COPPERSTONE PA SE,10633.181 -14978.575|10633.978 -14888.418|10628.106 -14866.268|10611.867 -14870.616|10612.314 -14872.306|10599.906 -14875.631|10603.947 -14892.099|10603.849 -14978.341|10603.849 -14978.475|10633.181 -14978.775
3417 99 COPPERSTONE PA SE,10633.181 -14978.575|10633.978 -14888.418|10628.106 -14866.268|10611.867 -14870.616|10612.314 -14872.306|10599.906 -14875.631|10603.947 -14892.099|10603.849 -14978.341|10603.849 -14978.475|10633.181 -14978.775
3418 99 COPPERSTONE PA SE,10633.181 -14978.575|10633.978 -14888.418|10628.106 -14866.268|10611.867 -14870.616|10612.314 -14872.306|10599.906 -14875.631|10603.947 -14892.099|10603.849 -14978.341|10603.849 -14978.475|10633.181 -14978.775
3419 99 COPPERSTONE PA SE,10633.181 -14978.575|10633.978 -14888.418|10628.106 -14866.268|10611.867 -14870.616|10612.314 -14872.306|10599.906 -14875.631|10603.947 -14892.099|10603.849 -14978.341|10603.849 -14978.475|10633.181 -14978.775
607V 99 COPPERSTONE PA SE,10633.181 -14978.575|10633.978 -14888.418|10628.106 -14866.268|10611.867 -14870.616|10612.314 -14872.306|10599.906 -14875.631|10603.947 -14892.099|10603.849 -14978.341|10603.849 -14978.475|10633.181 -14978.775
608V 99 COPPERSTONE PA SE,10633.181 -14978.575|10633.978 -14888.418|10628.106 -14866.268|10611.867 -14870.616|10612.314 -14872.306|10599.906 -14875.631|10603.947 -14892.099|10603.849 -14978.341|10603.849 -14978.475|10633.181 -14978.775
609V 99 COPPERSTONE PA SE,10633.181 -14978.575|10633.978 -14888.418|10628.106 -14866.268|10611.867 -14870.616|10612.314 -14872.306|10599.906 -14875.631|10603.947 -14892.099|10603.849 -14978.341|10603.849 -14978.475|10633.181 -14978.775
610V 99 COPPERSTONE PA SE,10633.181 -14978.575|10633.978 -14888.418|10628.106 -14866.268|10611.867 -14870.616|10612.314 -14872.306|10599.906 -14875.631|10603.947 -14892.099|10603.849 -14978.341|10603.849 -14978.475|10633.181 -14978.775
611V 99 COPPERSTONE PA SE,10633.181 -14978.575|10633.978 -14888.418|10628.106 -14866.268|10611.867 -14870.616|10612.314 -14872.306|10599.906 -14875.631|10603.947 -14892.099|10603.849 -14978.341|10603.849 -14978.475|10633.181 -14978.775
612V 99 COPPERSTONE PA SE,10633.181 -14978.575|10633.978 -14888.418|10628.106 -14866.268|10611.867 -14870.616|10612.314 -14872.306|10599.906 -14875.631|10603.947 -14892.099|10603.849 -14978.341|10603.849 -14978.475|10633.181 -14978.775
613V 99 COPPERSTONE PA SE,10633.181 -14978.575|10633.978 -14888.418|10628.106 -14866.268|10611.867 -14870.616|10612.314 -14872.306|10599.906 -14875.631|10603.947 -14892.099|10603.849 -14978.341|10603.849 -14978.475|10633.181 -14978.775
614V 99 COPPERSTONE PA SE,10633.181 -14978.575|10633.978 -14888.418|10628.106 -14866.268|10611.867 -14870.616|10612.314 -14872.306|10599.906 -14875.631|10603.947 -14892.099|10603.849 -14978.341|10603.849 -14978.475|10633.181 -14978.775
615V 99 COPPERSTONE PA SE,10633.181 -14978.575|10633.978 -14888.418|10628.106 -14866.268|10611.867 -14870.616|10612.314 -14872.306|10599.906 -14875.631|10603.947 -14892.099|10603.849 -14978.341|10603.849 -14978.475|10633.181 -14978.775
616V 99 COPPERSTONE PA SE,10633.181 -14978.575|10633.978 -14888.418|10628.106 -14866.268|10611.867 -14870.616|10612.314 -14872.306|10599.906 -14875.631|10603.947 -14892.099|10603.849 -14978.341|10603.849 -14978.475|10633.181 -14978.775
617V 99 COPPERSTONE PA SE,10633.181 -14978.575|10633.978 -14888.418|10628.106 -14866.268|10611.867 -14870.616|10612.314 -14872.306|10599.906 -14875.631|10603.947 -14892.099|10603.849 -14978.341|10603.849 -14978.475|10633.181 -14978.775
618V 99 COPPERSTONE PA SE,10633.181 -14978.575|10633.978 -14888.418|10628.106 -14866.268|10611.867 -14870.616|10612.314 -14872.306|10599.906 -14875.631|10603.947 -14892.099|10603.849 -14978.341|10603.849 -14978.475|10633.181 -14978.775
619V 99 COPPERSTONE PA SE,10633.181 -14978.575|10633.978 -14888.418|10628.106 -14866.268|10611.867 -14870.616|10612.314 -14872.306|10599.906 -14875.631|10603.947 -14892.099|10603.849 -14978.341|10603.849 -14978.475|10633.181 -14978.775
620V 99 COPPERSTONE PA SE,10633.181 -14978.575|10633.978 -14888.418|10628.106 -14866.268|10611.867 -14870.616|10612.314 -14872.306|10599.906 -14875.631|10603.947 -14892.099|10603.849 -14978.341|10603.849 -14978.475|10633.181 -14978.775
621V 99 COPPERSTONE PA SE,10633.181 -14978.575|10633.978 -14888.418|10628.106 -14866.268|10611.867 -14870.616|10612.314 -14872.306|10599.906 -14875.631|10603.947 -14892.099|10603.849 -14978.341|10603.849 -14978.475|10633.181 -14978.775
622V 99 COPPERSTONE PA SE,10633.181 -14978.575|10633.978 -14888.418|10628.106 -14866.268|10611.867 -14870.616|10612.314 -14872.306|10599.906 -14875.631|10603.947 -14892.099|10603.849 -14978.341|10603.849 -14978.475|10633.181 -14978.775
623V 99 COPPERSTONE PA SE,10633.181 -14978.575|10633.978 -14888.418|10628.106 -14866.268|10611.867 -14870.616|10612.314 -14872.306|10599.906 -14875.631|10603.947 -14892.099|10603.849 -14978.341|10603.849 -14978.475|10633.181 -14978.775
624V 99 COPPERSTONE PA SE,10633.181 -14978.575|10633.978 -14888.418|10628.106 -14866.268|10611.867 -14870.616|10612.314 -14872.306|10599.906 -14875.631|10603.947 -14892.099|10603.849 -14978.341|10603.849 -14978.475|10633.181 -14978.775
625V 99 COPPERSTONE PA SE,10633.181 -14978.575|10633.978 -14888.418|10628.106 -14866.268|10611.867 -14870.616|10612.314 -14872.306|10599.906 -14875.631|10603.947 -14892.099|10603.849 -14978.341|10603.849 -14978.475|10633.181 -14978.775
626V 99 COPPERSTONE PA SE,10633.181 -14978.575|10633.978 -14888.418|10628.106 -14866.268|10611.867 -14870.616|10612.314 -14872.306|10599.906 -14875.631|10603.947 -14892.099|10603.849 -14978.341|10603.849 -14978.475|10633.181 -14978.775
627V 99 COPPERSTONE PA SE,10633.181 -14978.575|10633.978 -14888.418|10628.106 -14866.268|10611.867 -14870.616|10612.314 -14872.306|10599.906 -14875.631|10603.947 -14892.099|10603.849 -14978.341|10603.849 -14978.475|10633.181 -14978.775
628V 99 COPPERSTONE PA SE,10633.181 -14978.575|10633.978 -14888.418|10628.106 -14866.268|10611.867 -14870.616|10612.314 -14872.306|10599.906 -14875.631|10603.947 -14892.099|10603.849 -14978.341|10603.849 -14978.475|10633.181 -14978.775
629V 99 COPPERSTONE PA SE,10633.181 -14978.575|10633.978 -14888.418|10628.106 -14866.268|10611.867 -14870.616|10612.314 -14872.306|10599.906 -14875.631|10603.947 -14892.099|10603.849 -14978.341|10603.849 -14978.475|10633.181 -14978.775
630V 99 COPPERSTONE PA SE,10633.181 -14978.575|10633.978 -14888.418|10628.106 -14866.268|10611.867 -14870.616|10612.314 -14872.306|10599.906 -14875.631|10603.947 -14892.099|10603.849 -14978.341|10603.849 -14978.475|10633.181 -14978.775
631V 99 COPPERSTONE PA SE,10633.181 -14978.575|10633.978 -14888.418|10628.106 -14866.268|10611.867 -14870.616|10612.314 -14872.306|10599.906 -14875.631|10603.947 -14892.099|10603.849 -14978.341|10603.849 -14978.475|10633.181 -14978.775
632V 99 COPPERSTONE PA SE,10633.181 -14978.575|10633.978 -14888.418|10628.106 -14866.268|10611.867 -14870.616|10612.314 -14872.306|10599.906 -14875.631|10603.947 -14892.099|10603.849 -14978.341|10603.849 -14978.475|10633.181 -14978.775
633V 99 COPPERSTONE PA SE,10633.181 -14978.575|10633.978 -14888.418|10628.106 -14866.268|10611.867 -14870.616|10612.314 -14872.306|10599.906 -14875.631|10603.947 -14892.099|10603.849 -14978.341|10603.849 -14978.475|10633.181 -14978.775
634V 99 COPPERSTONE PA SE,10633.181 -14978.575|10633.978 -14888.418|10628.106 -14866.268|10611.867 -14870.616|10612.314 -14872.306|10599.906 -14875.631|10603.947 -14892.099|10603.849 -14978.341|10603.849 -14978.475|10633.181 -14978.775
635V 99 COPPERSTONE PA SE,10633.181 -14978.575|10633.978 -14888.418|10628.106 -14866.268|10611.867 -14870.616|10612.314 -14872.306|10599.906 -14875.631|10603.947 -14892.099|10603.849 -14978.341|10603.849 -14978.475|10633.181 -14978.775
636V 99 COPPERSTONE PA SE,10633.181 -14978.575|10633.978 -14888.418|10628.106 -14866.268|10611.867 -14870.616|10612.314 -14872.306|10599.906 -14875.631|10603.947 -14892.099|10603.849 -14978.341|10603.849 -14978.475|10633.181 -14978.775
637V 99 COPPERSTONE PA SE,10633.181 -14978.575|10633.978 -14888.418|10628.106 -14866.268|10611.867 -14870.616|10612.314 -14872.306|10599.906 -14875.631|10603.947 -14892.099|10603.849 -14978.341|10603.849 -14978.475|10633.181 -14978.775
638V 99 COPPERSTONE PA SE,10633.181 -14978.575|10633.978 -14888.418|10628.106 -14866.268|10611.867 -14870.616|10612.314 -14872.306|10599.906 -14875.631|10603.947 -14892.099|10603.849 -14978.341|10603.849 -14978.475|10633.181 -14978.775
639V 99 COPPERSTONE PA SE,10633.181 -14978.575|10633.978 -14888.418|10628.106 -14866.268|10611.867 -14870.616|10612.314 -14872.306|10599.906 -14875.631|10603.947 -14892.099|10603.849 -14978.341|10603.849 -14978.475|10633.181 -14978.775
640V 99 COPPERSTONE PA SE,10633.181 -14978.575|10633.978 -14888.418|10628.106 -14866.268|10611.867 -14870.616|10612.314 -14872.306|10599.906 -14875.631|10603.947 -14892.099|10603.849 -14978.341|10603.849 -14978.475|10633.181 -14978.775
641V 99 COPPERSTONE PA SE,10633.181 -14978.575|10633.978 -14888.418|10628.106 -14866.268|10611.867 -14870.616|10612.314 -14872.306|10599.906 -14875.631|10603.947 -14892.099|10603.849 -14978.341|10603.849 -14978.475|10633.181 -14978.775
642V 99 COPPERSTONE PA SE,10633.181 -14978.575|10633.978 -14888.418|10628.106 -14866.268|10611.867 -14870.616|10612.314 -14872.306|10599.906 -14875.631|10603.947 -14892.099|10603.849 -14978.341|10603.849 -14978.475|10633.181 -14978.775
643V 99 COPPERSTONE PA SE,10633.181 -14978.575|10633.978 -14888.418|10628.106 -14866.268|10611.867 -14870.616|10612.314 -14872.306|10599.906 -14875.631|10603.947 -14892.099|10603.849 -14978.341|10603.849 -14978.475|10633.181 -14978.775
644V 99 COPPERSTONE PA SE,10633.181 -14978.575|10633.978 -14888.418|10628.106 -14866.268|10611.867 -14870.616|10612.314 -14872.306|10599.906 -14875.631|10603.947 -14892.099|10603.849 -14978.341|10603.849 -14978.475|10633.181 -14978.775
645V 99 COPPERSTONE PA SE,10633.181 -14978.575|10633.978 -14888.418|10628.106 -14866.268|10611.867 -14870.616|10612.314 -14872.306|10599.906 -14875.631|10603.947 -14892.099|10603.849 -14978.341|10603.849 -14978.475|10633.181 -14978.775
646V 99 COPPERSTONE PA SE,10633.181 -14978.575|10633.978 -14888.418|10628.106 -14866.268|10611.867 -14870.616|10612.314 -14872.306|10599.906 -14875.631|10603.947 -14892.099|10603.849 -14978.341|10603.849 -14978.475|10633.181 -14978.775
647V 99 COPPERSTONE PA SE,10633.181 -14978.575|10633.978 -14888.418|10628.106 -14866.268|10611.867 -14870.616|10612.314 -14872.306|10599.906 -14875.631|10603.947 -14892.099|10603.849 -14978.341|10603.849 -14978.475|10633.181 -14978.775
648V 99 COPPERSTONE PA SE,10633.181 -14978.575|10633.978 -14888.418|10628.106 -14866.268|10611.867 -14870.616|10612.314 -14872.306|10599.906 -14875.631|10603.947 -14892.099|10603.849 -14978.341|10603.849 -14978.475|10633.181 -14978.775
649V 99 COPPERSTONE PA SE,10633.181 -14978.575|10633.978 -14888.418|10628.106 -14866.268|10611.867 -14870.616|10612.314 -14872.306|10599.906 -14875.631|10603.947 -14892.099|10603.849 -14978.341|10603.849 -14978.475|10633.181 -14978.775
650V 99 COPPERSTONE PA SE,10633.181 -14978.575|10633.978 -14888.418|10628.106 -14866.268|10611.867 -14870.616|10612.314 -14872.306|10599.906 -14875.631|10603.947 -14892.099|10603.849 -14978.341|10603.849 -14978.475|10633.181 -14978.775
651V 99 COPPERSTONE PA SE,10633.181 -14978.575|10633.978 -14888.418|10628.106 -14866.268|10611.867 -14870.616|10612.314 -14872.306|10599.906 -14875.631|10603.947 -14892.099|10603.849 -14978.341|10603.849 -14978.475|10633.181 -14978.775
652V 99 COPPERSTONE PA SE,10633.181 -14978.575|10633.978 -14888.418|10628.106 -14866.268|10611.867 -14870.616|10612.314 -14872.306|10599.906 -14875.631|10603.947 -14892.099|10603.849 -14978.341|10603.849 -14978.475|10633.181 -14978.775
653V 99 COPPERSTONE PA SE,10633.181 -14978.575|10633.978 -14888.418|10628.106 -14866.268|10611.867 -14870.616|10612.314 -14872.306|10599.906 -14875.631|10603.947 -14892.099|10603.849 -14978.341|10603.849 -14978.475|10633.181 -14978.775
654V 99 COPPERSTONE PA SE,10633.181 -14978.575|10633.978 -14888.418|10628.106 -14866.268|10611.867 -14870.616|10612.314 -14872.306|10599.906 -14875.631|10603.947 -14892.099|10603.849 -14978.341|10603.849 -14978.475|10633.181 -14978.775
655V 99 COPPERSTONE PA SE,10633.181 -14978.575|10633.978 -14888.418|10628.106 -14866.268|10611.867 -14870.616|10612.314 -14872.306|10599.906 -14875.631|10603.947 -14892.099|10603.849 -14978.341|10603.849 -14978.475|10633.181 -14978.775
656V 99 COPPERSTONE PA SE,10633.181 -14978.575|10633.978 -14888.418|10628.106 -14866.268|10611.867 -14870.616|10612.314 -14872.306|10599.906 -14875.631|10603.947 -14892.099|10603.849 -14978.341|10603.849 -14978.475|10633.181 -14978.775
657V 99 COPPERSTONE PA SE,10633.181 -14978.575|10633.978 -14888.418|10628.106 -14866.268|10611.867 -14870.616|10612.314 -14872.306|10599.906 -14875.631|10603.947 -14892.099|10603.849 -14978.341|10603.849 -14978.475|10633.181 -14978.775
658V 99 COPPERSTONE PA SE,10633.181 -14978.575|10633.978 -14888.418|10628.106 -14866.268|10611.867 -14870.616|10612.314 -14872.306|10599.906 -14875.631|10603.947 -14892.099|10603.849 -14978.341|10603.849 -14978.475|10633.181 -14978.775
659V 99 COPPERSTONE PA SE,10633.181 -14978.575|10633.978 -14888.418|10628.106 -14866.268|10611.867 -14870.616|10612.314 -14872.306|10599.906 -14875.631|10603.947 -14892.099|10603.849 -14978.341|10603.849 -14978.475|10633.181 -14978.775
660V 99 COPPERSTONE PA SE,10633.181 -14978.575|10633.978 -14888.418|10628.106 -14866.268|10611.867 -14870.616|10612.314 -14872.306|10599.906 -14875.631|10603.947 -14892.099|10603.849 -14978.341|10603.849 -14978.475|10633.181 -14978.775
661V 99 COPPERSTONE PA SE,10633.181 -14978.575|10633.978 -14888.418|10628.106 -14866.268|10611.867 -14870.616|10612.314 -14872.306|10599.906 -14875.631|10603.947 -14892.099|10603.849 -14978.341|10603.849 -14978.475|10633.181 -14978.775
662V 99 COPPERSTONE PA SE,10633.181 -14978.575|10633.978 -14888.418|10628.106 -14866.268|10611.867 -14870.616|10612.314 -14872.306|10599.906 -14875.631|10603.947 -14892.099|10603.849 -14978.341|10603.849 -14978.475|10633.181 -14978.775
663V 99 COPPERSTONE PA SE,10633.181 -14978.575|10633.978 -14888.418|10628.106 -14866.268|10611.867 -14870.616|10612.314 -14872.306|10599.906 -14875.631|10603.947 -14892.099|10603.849 -14978.341|10603.849 -14978.475|10633.181 -14978.775
664V 99 COPPERSTONE PA SE,10633.181 -14978.575|10633.978 -14888.418|10628.106 -14866.268|10611.867 -14870.616|10612.314 -14872.306|10599.906 -14875.631|10603.947 -14892.099|10603.849 -14978.341|10603.849 -14978.475|10633.181 -14978.775
665V 99 COPPERSTONE PA SE,10633.181 -14978.575|10633.978 -14888.418|10628.106 -14866.268|10611.867 -14870.616|10612.314 -14872.306|10599.906 -14875.631|10603.947 -14892.099|10603.849 -14978.341|10603.849 -14978.475|10633.181 -14978.775
666V 99 COPPERSTONE PA SE,10633.181 -14978.575|10633.978 -14888.418|10628.106 -14866.268|10611.867 -14870.616|10612.314 -14872.306|10599.906 -14875.631|10603.947 -14892.099|10603.849 -14978.341|10603.849 -14978.475|10633.181 -14978.775
667V 99 COPPERSTONE PA SE,10633.181 -14978.575|10633.978 -14888.418|10628.106 -14866.268|10611.867 -14870.616|10612.314 -14872.306|10599.906 -14875.631|10603.947 -14892.099|10603.849 -14978.341|10603.849 -14978.475|10633.181 -14978.775
668V 99 COPPERSTONE PA SE,10633.181 -14978.575|10633.978 -14888.418|10628.106 -14866.268|10611.867 -14870.616|10612.314 -14872.306|10599.906 -14875.631|10603.947 -14892.099|10603.849 -14978.341|10603.849 -14978.475|10633.181 -14978.775
669V 99 COPPERSTONE PA SE,10633.181 -14978.575|10633.978 -14888.418|10628.106 -14866.268|10611.867 -14870.616|10612.314 -14872.306|10599.906 -14875.631|10603.947 -14892.099|10603.849 -14978.341|10603.849 -14978.475|10633.181 -14978.775
670V 99 COPPERSTONE PA SE,10633.181 -14978.575|10633.978 -14888.418|10628.106 -14866.268|10611.867 -14870.616|10612.314 -14872.306|10599.906 -14875.631|10603.947 -14892.099|10603.849 -14978.341|10603.849 -14978.475|10633.181 -14978.775
671V 99 COPPERSTONE PA SE,10633.181 -14978.575|10633.978 -14888.418|10628.106 -14866.268|10611.867 -14870.616|10612.314 -14872.306|10599.906 -14875.631|10603.947 -14892.099|10603.849 -14978.341|10603.849 -14978.475|10633.181 -14978.775
672V 99 COPPERSTONE PA SE,10633.181 -14978.575|10633.978 -14888.418|10628.106 -14866.268|10611.867 -14870.616|10612.314 -14872.306|10599.906 -14875.631|10603.947 -14892.099|10603.849 -14978.341|10603.849 -14978.475|10633.181 -14978.775
673V 99 COPPERSTONE PA SE,10633.181 -14978.575|10633.978 -14888.418|10628.106 -14866.268|10611.867 -14870.616|10612.314 -14872.306|10599.906 -14875.631|10603.947 -14892.099|10603.849 -14978.341|10603.849 -14978.475|10633.181 -14978.775
674V 99 COPPERSTONE PA SE,10633.181 -14978.575|10633.978 -14888.418|10628.106 -14866.268|10611.867 -14870.616|10612.314 -14872.306|10599.906 -14875.631|10603.947 -14892.099|10603.849 -14978.341|10603.849 -14978.475|10633.181 -14978.775
675V 99 COPPERSTONE PA SE,10633.181 -14978.575|10633.978 -14888.418|10628.106 -14866.268|10611.867 -14870.616|10612.314 -14872.306|10599.906 -14875.631|10603.947 -14892.099|10603.849 -14978.341|10603.849 -14978.475|10633.181 -14978.775
676V 99 COPPERSTONE PA SE,10633.181 -14978.575|10633.978 -14888.418|10628.106 -14866.268|10611.867 -14870.616|10612.314 -14872.306|10599.906 -14875.631|10603.947 -14892.099|10603.849 -14978.341|10603.849 -14978.475|10633.181 -14978.775
677V 99 COPPERSTONE PA SE,10633.181 -14978.575|10633.978 -14888.418|10628.106 -14866.268|10611.867 -14870.616|10612.314 -14872.306|10599.906 -14875.631|10603.947 -14892.099|10603.849 -14978.341|10603.849 -14978.475|10633.181 -14978.775
678V 99 COPPERSTONE PA SE,10633.181 -14978.575|10633.978 -14888.418|10628.106 -14866.268|10611.867 -14870.616|10612.314 -14872.306|10599.906 -14875.631|10603.947 -14892.099|10603.849 -14978.341|10603.849 -14978.475|10633.181 -14978.775
679V 99 COPPERSTONE PA SE,10633.181 -14978.575|10633.978 -14888.418|10628.106 -14866.268|10611.867 -14870.616|10612.314 -14872.306|10599.906 -14875.631|10603.947 -14892.099|10603.849 -14978.341|10603.849 -14978.475|10633.181 -14978.775
