ADDRESS,POINTS
119 CONFLUENCE ME SE,1439.536 -93.399|1444.213 -89.118|1446.806 -31.453|1446.855 -30.229|1447.260 -21.145|1385.395 -3.787|1372.819 -0.262|1369.107 -82.124|1368.743 -90.175|1370.100 -90.241
117 CONFLUENCE ME SE,1439.536 -93.399|1444.213 -89.118|1446.806 -31.453|1446.855 -30.229|1447.260 -21.145|1385.395 -3.787|1372.819 -0.262|1369.107 -82.124|1368.743 -90.175|1370.100 -90.241
115 CONFLUENCE ME SE,1439.536 -93.399|1444.213 -89.118|1446.806 -31.453|1446.855 -30.229|1447.260 -21.145|1385.395 -3.787|1372.819 -0.262|1369.107 -82.124|1368.743 -90.175|1370.100 -90.241
113 CONFLUENCE ME SE,1439.536 -93.399|1444.213 -89.118|1446.806 -31.453|1446.855 -30.229|1447.260 -21.145|1385.395 -3.787|1372.819 -0.262|1369.107 -82.124|1368.743 -90.175|1370.100 -90.241
111 CONFLUENCE ME SE,1439.536 -93.399|1444.213 -89.118|1446.806 -31.453|1446.855 -30.229|1447.260 -21.145|1385.395 -3.787|1372.819 -0.262|1369.107 -82.124|1368.743 -90.175|1370.100 -90.241
201 519 RIVERFRONT AV SE,1439.536 -93.399|1444.213 -89.118|1446.806 -31.453|1446.855 -30.229|1447.260 -21.145|1385.395 -3.787|1372.819 -0.262|1369.107 -82.124|1368.743 -90.175|1370.100 -90.241
202 519 RIVERFRONT AV SE,1439.536 -93.399|1444.213 -89.118|1446.806 -31.453|1446.855 -30.229|1447.260 -21.145|1385.395 -3.787|1372.819 -0.262|1369.107 -82.124|1368.743 -90.175|1370.100 -90.241
203 519 RIVERFRONT AV SE,1439.536 -93.399|1444.213 -89.118|1446.806 -31.453|1446.855 -30.229|1447.260 -21.145|1385.395 -3.787|1372.819 -0.262|1369.107 -82.124|1368.743 -90.175|1370.100 -90.241
204 519 RIVERFRONT AV SE,1439.536 -93.399|1444.213 -89.118|1446.806 -31.453|1446.855 -30.229|1447.260 -21.145|1385.395 -3.787|1372.819 -0.262|1369.107 -82.124|1368.743 -90.175|1370.100 -90.241
205 519 RIVERFRONT AV SE,1439.536 -93.399|1444.213 -89.118|1446.806 -31.453|1446.855 -30.229|1447.260 -21.145|1385.395 -3.787|1372.819 -0.262|1369.107 -82.124|1368.743 -90.175|1370.100 -90.241
206 519 RIVERFRONT AV SE,1439.536 -93.399|1444.213 -89.118|1446.806 -31.453|1446.855 -30.229|1447.260 -21.145|1385.395 -3.787|1372.819 -0.262|1369.107 -82.124|1368.743 -90.175|1370.100 -90.241
207 519 RIVERFRONT AV SE,1439.536 -93.399|1444.213 -89.118|1446.806 -31.453|1446.855 -30.229|1447.260 -21.145|1385.395 -3.787|1372.819 -0.262|1369.107 -82.124|1368.743 -90.175|1370.100 -90.241
301 519 RIVERFRONT AV SE,1439.536 -93.399|1444.213 -89.118|1446.806 -31.453|1446.855 -30.229|1447.260 -21.145|1385.395 -3.787|1372.819 -0.262|1369.107 -82.124|1368.743 -90.175|1370.100 -90.241
302 519 RIVERFRONT AV SE,1439.536 -93.399|1444.213 -89.118|1446.806 -31.453|1446.855 -30.229|1447.260 -21.145|1385.395 -3.787|1372.819 -0.262|1369.107 -82.124|1368.743 -90.175|1370.100 -90.241
303 519 RIVERFRONT AV SE,1439.536 -93.399|1444.213 -89.118|1446.806 -31.453|1446.855 -30.229|1447.260 -21.145|1385.395 -3.787|1372.819 -0.262|1369.107 -82.124|1368.743 -90.175|1370.100 -90.241
304 519 RIVERFRONT AV SE,1439.536 -93.399|1444.213 -89.118|1446.806 -31.453|1446.855 -30.229|1447.260 -21.145|1385.395 -3.787|1372.819 -0.262|1369.107 -82.124|1368.743 -90.175|1370.100 -90.241
305 519 RIVERFRONT AV SE,1439.536 -93.399|1444.213 -89.118|1446.806 -31.453|1446.855 -30.229|1447.260 -21.145|1385.395 -3.787|1372.819 -0.262|1369.107 -82.124|1368.743 -90.175|1370.100 -90.241
306 519 RIVERFRONT AV SE,1439.536 -93.399|1444.213 -89.118|1446.806 -31.453|1446.855 -30.229|1447.260 -21.145|1385.395 -3.787|1372.819 -0.262|1369.107 -82.124|1368.743 -90.175|1370.100 -90.241
307 519 RIVERFRONT AV SE,1439.536 -93.399|1444.213 -89.118|1446.806 -31.453|1446.855 -30.229|1447.260 -21.145|1385.395 -3.787|1372.819 -0.262|1369.107 -82.124|1368.743 -90.175|1370.100 -90.241
308 519 RIVERFRONT AV SE,1439.536 -93.399|1444.213 -89.118|1446.806 -31.453|1446.855 -30.229|1447.260 -21.145|1385.395 -3.787|1372.819 -0.262|1369.107 -82.124|1368.743 -90.175|1370.100 -90.241
401 519 RIVERFRONT AV SE,1439.536 -93.399|1444.213 -89.118|1446.806 -31.453|1446.855 -30.229|1447.260 -21.145|1385.395 -3.787|1372.819 -0.262|1369.107 -82.124|1368.743 -90.175|1370.100 -90.241
402 519 RIVERFRONT AV SE,1439.536 -93.399|1444.213 -89.118|1446.806 -31.453|1446.855 -30.229|1447.260 -21.145|1385.395 -3.787|1372.819 -0.262|1369.107 -82.124|1368.743 -90.175|1370.100 -90.241
403 519 RIVERFRONT AV SE,1439.536 -93.399|1444.213 -89.118|1446.806 -31.453|1446.855 -30.229|1447.260 -21.145|1385.395 -3.787|1372.819 -0.262|1369.107 -82.124|1368.743 -90.175|1370.100 -90.241
404 519 RIVERFRONT AV SE,1439.536 -93.399|1444.213 -89.118|1446.806 -31.453|1446.855 -30.229|1447.260 -21.145|1385.395 -3.787|1372.819 -0.262|1369.107 -82.124|1368.743 -90.175|1370.100 -90.241
405 519 RIVERFRONT AV SE,1439.536 -93.399|1444.213 -89.118|1446.806 -31.453|1446.855 -30.229|1447.260 -21.145|1385.395 -3.787|1372.819 -0.262|1369.107 -82.124|1368.743 -90.175|1370.100 -90.241
406 519 RIVERFRONT AV SE,1439.536 -93.399|1444.213 -89.118|1446.806 -31.453|1446.855 -30.229|1447.260 -21.145|1385.395 -3.787|1372.819 -0.262|1369.107 -82.124|1368.743 -90.175|1370.100 -90.241
407 519 RIVERFRONT AV SE,1439.536 -93.399|1444.213 -89.118|1446.806 -31.453|1446.855 -30.229|1447.260 -21.145|1385.395 -3.787|1372.819 -0.262|1369.107 -82.124|1368.743 -90.175|1370.100 -90.241
408 519 RIVERFRONT AV SE,1439.536 -93.399|1444.213 -89.118|1446.806 -31.453|1446.855 -30.229|1447.260 -21.145|1385.395 -3.787|1372.819 -0.262|1369.107 -82.124|1368.743 -90.175|1370.100 -90.241
501 519 RIVERFRONT AV SE,1439.536 -93.399|1444.213 -89.118|1446.806 -31.453|1446.855 -30.229|1447.260 -21.145|1385.395 -3.787|1372.819 -0.262|1369.107 -82.124|1368.743 -90.175|1370.100 -90.241
502 519 RIVERFRONT AV SE,1439.536 -93.399|1444.213 -89.118|1446.806 -31.453|1446.855 -30.229|1447.260 -21.145|1385.395 -3.787|1372.819 -0.262|1369.107 -82.124|1368.743 -90.175|1370.100 -90.241
503 519 RIVERFRONT AV SE,1439.536 -93.399|1444.213 -89.118|1446.806 -31.453|1446.855 -30.229|1447.260 -21.145|1385.395 -3.787|1372.819 -0.262|1369.107 -82.124|1368.743 -90.175|1370.100 -90.241
504 519 RIVERFRONT AV SE,1439.536 -93.399|1444.213 -89.118|1446.806 -31.453|1446.855 -30.229|1447.260 -21.145|1385.395 -3.787|1372.819 -0.262|1369.107 -82.124|1368.743 -90.175|1370.100 -90.241
505 519 RIVERFRONT AV SE,1439.536 -93.399|1444.213 -89.118|1446.806 -31.453|1446.855 -30.229|1447.260 -21.145|1385.395 -3.787|1372.819 -0.262|1369.107 -82.124|1368.743 -90.175|1370.100 -90.241
507 519 RIVERFRONT AV SE,1439.536 -93.399|1444.213 -89.118|1446.806 -31.453|1446.855 -30.229|1447.260 -21.145|1385.395 -3.787|1372.819 -0.262|1369.107 -82.124|1368.743 -90.175|1370.100 -90.241
508 519 RIVERFRONT AV SE,1439.536 -93.399|1444.213 -89.118|1446.806 -31.453|1446.855 -30.229|1447.260 -21.145|1385.395 -3.787|1372.819 -0.262|1369.107 -82.124|1368.743 -90.175|1370.100 -90.241
601 519 RIVERFRONT AV SE,1439.536 -93.399|1444.213 -89.118|1446.806 -31.453|1446.855 -30.229|1447.260 -21.145|1385.395 -3.787|1372.819 -0.262|1369.107 -82.124|1368.743 -90.175|1370.100 -90.241
602 519 RIVERFRONT AV SE,1439.536 -93.399|1444.213 -89.118|1446.806 -31.453|1446.855 -30.229|1447.260 -21.145|1385.395 -3.787|1372.819 -0.262|1369.107 -82.124|1368.743 -90.175|1370.100 -90.241
604 519 RIVERFRONT AV SE,1439.536 -93.399|1444.213 -89.118|1446.806 -31.453|1446.855 -30.229|1447.260 -21.145|1385.395 -3.787|1372.819 -0.262|1369.107 -82.124|1368.743 -90.175|1370.100 -90.241
605 519 RIVERFRONT AV SE,1439.536 -93.399|1444.213 -89.118|1446.806 -31.453|1446.855 -30.229|1447.260 -21.145|1385.395 -3.787|1372.819 -0.262|1369.107 -82.124|1368.743 -90.175|1370.100 -90.241
606 519 RIVERFRONT AV SE,1439.536 -93.399|1444.213 -89.118|1446.806 -31.453|1446.855 -30.229|1447.260 -21.145|1385.395 -3.787|1372.819 -0.262|1369.107 -82.124|1368.743 -90.175|1370.100 -90.241
607 519 RIVERFRONT AV SE,1439.536 -93.399|1444.213 -89.118|1446.806 -31.453|1446.855 -30.229|1447.260 -21.145|1385.395 -3.787|1372.819 -0.262|1369.107 -82.124|1368.743 -90.175|1370.100 -90.241
608 519 RIVERFRONT AV SE,1439.536 -93.399|1444.213 -89.118|1446.806 -31.453|1446.855 -30.229|1447.260 -21.145|1385.395 -3.787|1372.819 -0.262|1369.107 -82.124|1368.743 -90.175|1370.100 -90.241
701 519 RIVERFRONT AV SE,1439.536 -93.399|1444.213 -89.118|1446.806 -31.453|1446.855 -30.229|1447.260 -21.145|1385.395 -3.787|1372.819 -0.262|1369.107 -82.124|1368.743 -90.175|1370.100 -90.241
702 519 RIVERFRONT AV SE,1439.536 -93.399|1444.213 -89.118|1446.806 -31.453|1446.855 -30.229|1447.260 -21.145|1385.395 -3.787|1372.819 -0.262|1369.107 -82.124|1368.743 -90.175|1370.100 -90.241
703 519 RIVERFRONT AV SE,1439.536 -93.399|1444.213 -89.118|1446.806 -31.453|1446.855 -30.229|1447.260 -21.145|1385.395 -3.787|1372.819 -0.262|1369.107 -82.124|1368.743 -90.175|1370.100 -90.241
704 519 RIVERFRONT AV SE,1439.536 -93.399|1444.213 -89.118|1446.806 -31.453|1446.855 -30.229|1447.260 -21.145|1385.395 -3.787|1372.819 -0.262|1369.107 -82.124|1368.743 -90.175|1370.100 -90.241
705 519 RIVERFRONT AV SE,1439.536 -93.399|1444.213 -89.118|1446.806 -31.453|1446.855 -30.229|1447.260 -21.145|1385.395 -3.787|1372.819 -0.262|1369.107 -82.124|1368.743 -90.175|1370.100 -90.241
706 519 RIVERFRONT AV SE,1439.536 -93.399|1444.213 -89.118|1446.806 -31.453|1446.855 -30.229|1447.260 -21.145|1385.395 -3.787|1372.819 -0.262|1369.107 -82.124|1368.743 -90.175|1370.100 -90.241
707 519 RIVERFRONT AV SE,1439.536 -93.399|1444.213 -89.118|1446.806 -31.453|1446.855 -30.229|1447.260 -21.145|1385.395 -3.787|1372.819 -0.262|1369.107 -82.124|1368.743 -90.175|1370.100 -90.241
708 519 RIVERFRONT AV SE,1439.536 -93.399|1444.213 -89.118|1446.806 -31.453|1446.855 -30.229|1447.260 -21.145|1385.395 -3.787|1372.819 -0.262|1369.107 -82.124|1368.743 -90.175|1370.100 -90.241
801 519 RIVERFRONT AV SE,1439.536 -93.399|1444.213 -89.118|1446.806 -31.453|1446.855 -30.229|1447.260 -21.145|1385.395 -3.787|1372.819 -0.262|1369.107 -82.124|1368.743 -90.175|1370.100 -90.241
802 519 RIVERFRONT AV SE,1439.536 -93.399|1444.213 -89.118|1446.806 -31.453|1446.855 -30.229|1447.260 -21.145|1385.395 -3.787|1372.819 -0.262|1369.107 -82.124|1368.743 -90.175|1370.100 -90.241
803 519 RIVERFRONT AV SE,1439.536 -93.399|1444.213 -89.118|1446.806 -31.453|1446.855 -30.229|1447.260 -21.145|1385.395 -3.787|1372.819 -0.262|1369.107 -82.124|1368.743 -90.175|1370.100 -90.241
804 519 RIVERFRONT AV SE,1439.536 -93.399|1444.213 -89.118|1446.806 -31.453|1446.855 -30.229|1447.260 -21.145|1385.395 -3.787|1372.819 -0.262|1369.107 -82.124|1368.743 -90.175|1370.100 -90.241
805 519 RIVERFRONT AV SE,1439.536 -93.399|1444.213 -89.118|1446.806 -31.453|1446.855 -30.229|1447.260 -21.145|1385.395 -3.787|1372.819 -0.262|1369.107 -82.124|1368.743 -90.175|1370.100 -90.241
806 519 RIVERFRONT AV SE,1439.536 -93.399|1444.213 -89.118|1446.806 -31.453|1446.855 -30.229|1447.260 -21.145|1385.395 -3.787|1372.819 -0.262|1369.107 -82.124|1368.743 -90.175|1370.100 -90.241
807 519 RIVERFRONT AV SE,1439.536 -93.399|1444.213 -89.118|1446.806 -31.453|1446.855 -30.229|1447.260 -21.145|1385.395 -3.787|1372.819 -0.262|1369.107 -82.124|1368.743 -90.175|1370.100 -90.241
808 519 RIVERFRONT AV SE,1439.536 -93.399|1444.213 -89.118|1446.806 -31.453|1446.855 -30.229|1447.260 -21.145|1385.395 -3.787|1372.819 -0.262|1369.107 -82.124|1368.743 -90.175|1370.100 -90.241
901 519 RIVERFRONT AV SE,1439.536 -93.399|1444.213 -89.118|1446.806 -31.453|1446.855 -30.229|1447.260 -21.145|1385.395 -3.787|1372.819 -0.262|1369.107 -82.124|1368.743 -90.175|1370.100 -90.241
902 519 RIVERFRONT AV SE,1439.536 -93.399|1444.213 -89.118|1446.806 -31.453|1446.855 -30.229|1447.260 -21.145|1385.395 -3.787|1372.819 -0.262|1369.107 -82.124|1368.743 -90.175|1370.100 -90.241
903 519 RIVERFRONT AV SE,1439.536 -93.399|1444.213 -89.118|1446.806 -31.453|1446.855 -30.229|1447.260 -21.145|1385.395 -3.787|1372.819 -0.262|1369.107 -82.124|1368.743 -90.175|1370.100 -90.241
904 519 RIVERFRONT AV SE,1439.536 -93.399|1444.213 -89.118|1446.806 -31.453|1446.855 -30.229|1447.260 -21.145|1385.395 -3.787|1372.819 -0.262|1369.107 -82.124|1368.743 -90.175|1370.100 -90.241
905 519 RIVERFRONT AV SE,1439.536 -93.399|1444.213 -89.118|1446.806 -31.453|1446.855 -30.229|1447.260 -21.145|1385.395 -3.787|1372.819 -0.262|1369.107 -82.124|1368.743 -90.175|1370.100 -90.241
906 519 RIVERFRONT AV SE,1439.536 -93.399|1444.213 -89.118|1446.806 -31.453|1446.855 -30.229|1447.260 -21.145|1385.395 -3.787|1372.819 -0.262|1369.107 -82.124|1368.743 -90.175|1370.100 -90.241
907 519 RIVERFRONT AV SE,1439.536 -93.399|1444.213 -89.118|1446.806 -31.453|1446.855 -30.229|1447.260 -21.145|1385.395 -3.787|1372.819 -0.262|1369.107 -82.124|1368.743 -90.175|1370.100 -90.241
908 519 RIVERFRONT AV SE,1439.536 -93.399|1444.213 -89.118|1446.806 -31.453|1446.855 -30.229|1447.260 -21.145|1385.395 -3.787|1372.819 -0.262|1369.107 -82.124|1368.743 -90.175|1370.100 -90.241
1001 519 RIVERFRONT AV SE,1439.536 -93.399|1444.213 -89.118|1446.806 -31.453|1446.855 -30.229|1447.260 -21.145|1385.395 -3.787|1372.819 -0.262|1369.107 -82.124|1368.743 -90.175|1370.100 -90.241
1002 519 RIVERFRONT AV SE,1439.536 -93.399|1444.213 -89.118|1446.806 -31.453|1446.855 -30.229|1447.260 -21.145|1385.395 -3.787|1372.819 -0.262|1369.107 -82.124|1368.743 -90.175|1370.100 -90.241
1003 519 RIVERFRONT AV SE,1439.536 -93.399|1444.213 -89.118|1446.806 -31.453|1446.855 -30.229|1447.260 -21.145|1385.395 -3.787|1372.819 -0.262|1369.107 -82.124|1368.743 -90.175|1370.100 -90.241
1004 519 RIVERFRONT AV SE,1439.536 -93.399|1444.213 -89.118|1446.806 -31.453|1446.855 -30.229|1447.260 -21.145|1385.395 -3.787|1372.819 -0.262|1369.107 -82.124|1368.743 -90.175|1370.100 -90.241
1005 519 RIVERFRONT AV SE,1439.536 -93.399|1444.213 -89.118|1446.806 -31.453|1446.855 -30.229|1447.260 -21.145|1385.395 -3.787|1372.819 -0.262|1369.107 -82.124|1368.743 -90.175|1370.100 -90.241
1006 519 RIVERFRONT AV SE,1439.536 -93.399|1444.213 -89.118|1446.806 -31.453|1446.855 -30.229|1447.260 -21.145|1385.395 -3.787|1372.819 -0.262|1369.107 -82.124|1368.743 -90.175|1370.100 -90.241
1007 519 RIVERFRONT AV SE,1439.536 -93.399|1444.213 -89.118|1446.806 -31.453|1446.855 -30.229|1447.260 -21.145|1385.395 -3.787|1372.819 -0.262|1369.107 -82.124|1368.743 -90.175|1370.100 -90.241
1008 519 RIVERFRONT AV SE,1439.536 -93.399|1444.213 -89.118|1446.806 -31.453|1446.855 -30.229|1447.260 -21.145|1385.395 -3.787|1372.819 -0.262|1369.107 -82.124|1368.743 -90.175|1370.100 -90.241
1101 519 RIVERFRONT AV SE,1439.536 -93.399|1444.213 -89.118|1446.806 -31.453|1446.855 -30.229|1447.260 -21.145|1385.395 -3.787|1372.819 -0.262|1369.107 -82.124|1368.743 -90.175|1370.100 -90.241
1102 519 RIVERFRONT AV SE,1439.536 -93.399|1444.213 -89.118|1446.806 -31.453|1446.855 -30.229|1447.260 -21.145|1385.395 -3.787|1372.819 -0.262|1369.107 -82.124|1368.743 -90.175|1370.100 -90.241
1103 519 RIVERFRONT AV SE,1439.536 -93.399|1444.213 -89.118|1446.806 -31.453|1446.855 -30.229|1447.260 -21.145|1385.395 -3.787|1372.819 -0.262|1369.107 -82.124|1368.743 -90.175|1370.100 -90.241
1104 519 RIVERFRONT AV SE,1439.536 -93.399|1444.213 -89.118|1446.806 -31.453|1446.855 -30.229|1447.260 -21.145|1385.395 -3.787|1372.819 -0.262|1369.107 -82.124|1368.743 -90.175|1370.100 -90.241
1105 519 RIVERFRONT AV SE,1439.536 -93.399|1444.213 -89.118|1446.806 -31.453|1446.855 -30.229|1447.260 -21.145|1385.395 -3.787|1372.819 -0.262|1369.107 -82.124|1368.743 -90.175|1370.100 -90.241
1106 519 RIVERFRONT AV SE,1439.536 -93.399|1444.213 -89.118|1446.806 -31.453|1446.855 -30.229|1447.260 -21.145|1385.395 -3.787|1372.819 -0.262|1369.107 -82.124|1368.743 -90.175|1370.100 -90.241
1107 519 RIVERFRONT AV SE,1439.536 -93.399|1444.213 -89.118|1446.806 -31.453|1446.855 -30.229|1447.260 -21.145|1385.395 -3.787|1372.819 -0.262|1369.107 -82.124|1368.743 -90.175|1370.100 -90.241
1108 519 RIVERFRONT AV SE,1439.536 -93.399|1444.213 -89.118|1446.806 -31.453|1446.855 -30.229|1447.260 -21.145|1385.395 -3.787|1372.819 -0.262|1369.107 -82.124|1368.743 -90.175|1370.100 -90.241
1201 519 RIVERFRONT AV SE,1439.536 -93.399|1444.213 -89.118|1446.806 -31.453|1446.855 -30.229|1447.260 -21.145|1385.395 -3.787|1372.819 -0.262|1369.107 -82.124|1368.743 -90.175|1370.100 -90.241
1202 519 RIVERFRONT AV SE,1439.536 -93.399|1444.213 -89.118|1446.806 -31.453|1446.855 -30.229|1447.260 -21.145|1385.395 -3.787|1372.819 -0.262|1369.107 -82.124|1368.743 -90.175|1370.100 -90.241
1203 519 RIVERFRONT AV SE,1439.536 -93.399|1444.213 -89.118|1446.806 -31.453|1446.855 -30.229|1447.260 -21.145|1385.395 -3.787|1372.819 -0.262|1369.107 -82.124|1368.743 -90.175|1370.100 -90.241
1204 519 RIVERFRONT AV SE,1439.536 -93.399|1444.213 -89.118|1446.806 -31.453|1446.855 -30.229|1447.260 -21.145|1385.395 -3.787|1372.819 -0.262|1369.107 -82.124|1368.743 -90.175|1370.100 -90.241
1205 519 RIVERFRONT AV SE,1439.536 -93.399|1444.213 -89.118|1446.806 -31.453|1446.855 -30.229|1447.260 -21.145|1385.395 -3.787|1372.819 -0.262|1369.107 -82.124|1368.743 -90.175|1370.100 -90.241
1206 519 RIVERFRONT AV SE,1439.536 -93.399|1444.213 -89.118|1446.806 -31.453|1446.855 -30.229|1447.260 -21.145|1385.395 -3.787|1372.819 -0.262|1369.107 -82.124|1368.743 -90.175|1370.100 -90.241
1207 519 RIVERFRONT AV SE,1439.536 -93.399|1444.213 -89.118|1446.806 -31.453|1446.855 -30.229|1447.260 -21.145|1385.395 -3.787|1372.819 -0.262|1369.107 -82.124|1368.743 -90.175|1370.100 -90.241
1208 519 RIVERFRONT AV SE,1439.536 -93.399|1444.213 -89.118|1446.806 -31.453|1446.855 -30.229|1447.260 -21.145|1385.395 -3.787|1372.819 -0.262|1369.107 -82.124|1368.743 -90.175|1370.100 -90.241
1301 519 RIVERFRONT AV SE,1439.536 -93.399|1444.213 -89.118|1446.806 -31.453|1446.855 -30.229|1447.260 -21.145|1385.395 -3.787|1372.819 -0.262|1369.107 -82.124|1368.743 -90.175|1370.100 -90.241
1302 519 RIVERFRONT AV SE,1439.536 -93.399|1444.213 -89.118|1446.806 -31.453|1446.855 -30.229|1447.260 -21.145|1385.395 -3.787|1372.819 -0.262|1369.107 -82.124|1368.743 -90.175|1370.100 -90.241
1303 519 RIVERFRONT AV SE,1439.536 -93.399|1444.213 -89.118|1446.806 -31.453|1446.855 -30.229|1447.260 -21.145|1385.395 -3.787|1372.819 -0.262|1369.107 -82.124|1368.743 -90.175|1370.100 -90.241
1304 519 RIVERFRONT AV SE,1439.536 -93.399|1444.213 -89.118|1446.806 -31.453|1446.855 -30.229|1447.260 -21.145|1385.395 -3.787|1372.819 -0.262|1369.107 -82.124|1368.743 -90.175|1370.100 -90.241
1305 519 RIVERFRONT AV SE,1439.536 -93.399|1444.213 -89.118|1446.806 -31.453|1446.855 -30.229|1447.260 -21.145|1385.395 -3.787|1372.819 -0.262|1369.107 -82.124|1368.743 -90.175|1370.100 -90.241
1306 519 RIVERFRONT AV SE,1439.536 -93.399|1444.213 -89.118|1446.806 -31.453|1446.855 -30.229|1447.260 -21.145|1385.395 -3.787|1372.819 -0.262|1369.107 -82.124|1368.743 -90.175|1370.100 -90.241
1307 519 RIVERFRONT AV SE,1439.536 -93.399|1444.213 -89.118|1446.806 -31.453|1446.855 -30.229|1447.260 -21.145|1385.395 -3.787|1372.819 -0.262|1369.107 -82.124|1368.743 -90.175|1370.100 -90.241
1308 519 RIVERFRONT AV SE,1439.536 -93.399|1444.213 -89.118|1446.806 -31.453|1446.855 -30.229|1447.260 -21.145|1385.395 -3.787|1372.819 -0.262|1369.107 -82.124|1368.743 -90.175|1370.100 -90.241
1401 519 RIVERFRONT AV SE,1439.536 -93.399|1444.213 -89.118|1446.806 -31.453|1446.855 -30.229|1447.260 -21.145|1385.395 -3.787|1372.819 -0.262|1369.107 -82.124|1368.743 -90.175|1370.100 -90.241
1402 519 RIVERFRONT AV SE,1439.536 -93.399|1444.213 -89.118|1446.806 -31.453|1446.855 -30.229|1447.260 -21.145|1385.395 -3.787|1372.819 -0.262|1369.107 -82.124|1368.743 -90.175|1370.100 -90.241
1403 519 RIVERFRONT AV SE,1439.536 -93.399|1444.213 -89.118|1446.806 -31.453|1446.855 -30.229|1447.260 -21.145|1385.395 -3.787|1372.819 -0.262|1369.107 -82.124|1368.743 -90.175|1370.100 -90.241
1404 519 RIVERFRONT AV SE,1439.536 -93.399|1444.213 -89.118|1446.806 -31.453|1446.855 -30.229|1447.260 -21.145|1385.395 -3.787|1372.819 -0.262|1369.107 -82.124|1368.743 -90.175|1370.100 -90.241
1405 519 RIVERFRONT AV SE,1439.536 -93.399|1444.213 -89.118|1446.806 -31.453|1446.855 -30.229|1447.260 -21.145|1385.395 -3.787|1372.819 -0.262|1369.107 -82.124|1368.743 -90.175|1370.100 -90.241
1406 519 RIVERFRONT AV SE,1439.536 -93.399|1444.213 -89.118|1446.806 -31.453|1446.855 -30.229|1447.260 -21.145|1385.395 -3.787|1372.819 -0.262|1369.107 -82.124|1368.743 -90.175|1370.100 -90.241
1407 519 RIVERFRONT AV SE,1439.536 -93.399|1444.213 -89.118|1446.806 -31.453|1446.855 -30.229|1447.260 -21.145|1385.395 -3.787|1372.819 -0.262|1369.107 -82.124|1368.743 -90.175|1370.100 -90.241
1408 519 RIVERFRONT AV SE,1439.536 -93.399|1444.213 -89.118|1446.806 -31.453|1446.855 -30.229|1447.260 -21.145|1385.395 -3.787|1372.819 -0.262|1369.107 -82.124|1368.743 -90.175|1370.100 -90.241
1501 519 RIVERFRONT AV SE,1439.536 -93.399|1444.213 -89.118|1446.806 -31.453|1446.855 -30.229|1447.260 -21.145|1385.395 -3.787|1372.819 -0.262|1369.107 -82.124|1368.743 -90.175|1370.100 -90.241
1502 519 RIVERFRONT AV SE,1439.536 -93.399|1444.213 -89.118|1446.806 -31.453|1446.855 -30.229|1447.260 -21.145|1385.395 -3.787|1372.819 -0.262|1369.107 -82.124|1368.743 -90.175|1370.100 -90.241
1503 519 RIVERFRONT AV SE,1439.536 -93.399|1444.213 -89.118|1446.806 -31.453|1446.855 -30.229|1447.260 -21.145|1385.395 -3.787|1372.819 -0.262|1369.107 -82.124|1368.743 -90.175|1370.100 -90.241
1504 519 RIVERFRONT AV SE,1439.536 -93.399|1444.213 -89.118|1446.806 -31.453|1446.855 -30.229|1447.260 -21.145|1385.395 -3.787|1372.819 -0.262|1369.107 -82.124|1368.743 -90.175|1370.100 -90.241
1505 519 RIVERFRONT AV SE,1439.536 -93.399|1444.213 -89.118|1446.806 -31.453|1446.855 -30.229|1447.260 -21.145|1385.395 -3.787|1372.819 -0.262|1369.107 -82.124|1368.743 -90.175|1370.100 -90.241
1506 519 RIVERFRONT AV SE,1439.536 -93.399|1444.213 -89.118|1446.806 -31.453|1446.855 -30.229|1447.260 -21.145|1385.395 -3.787|1372.819 -0.262|1369.107 -82.124|1368.743 -90.175|1370.100 -90.241
1507 519 RIVERFRONT AV SE,1439.536 -93.399|1444.213 -89.118|1446.806 -31.453|1446.855 -30.229|1447.260 -21.145|1385.395 -3.787|1372.819 -0.262|1369.107 -82.124|1368.743 -90.175|1370.100 -90.241
1508 519 RIVERFRONT AV SE,1439.536 -93.399|1444.213 -89.118|1446.806 -31.453|1446.855 -30.229|1447.260 -21.145|1385.395 -3.787|1372.819 -0.262|1369.107 -82.124|1368.743 -90.175|1370.100 -90.241
1601 519 RIVERFRONT AV SE,1439.536 -93.399|1444.213 -89.118|1446.806 -31.453|1446.855 -30.229|1447.260 -21.145|1385.395 -3.787|1372.819 -0.262|1369.107 -82.124|1368.743 -90.175|1370.100 -90.241
1602 519 RIVERFRONT AV SE,1439.536 -93.399|1444.213 -89.118|1446.806 -31.453|1446.855 -30.229|1447.260 -21.145|1385.395 -3.787|1372.819 -0.262|1369.107 -82.124|1368.743 -90.175|1370.100 -90.241
1603 519 RIVERFRONT AV SE,1439.536 -93.399|1444.213 -89.118|1446.806 -31.453|1446.855 -30.229|1447.260 -21.145|1385.395 -3.787|1372.819 -0.262|1369.107 -82.124|1368.743 -90.175|1370.100 -90.241
1604 519 RIVERFRONT AV SE,1439.536 -93.399|1444.213 -89.118|1446.806 -31.453|1446.855 -30.229|1447.260 -21.145|1385.395 -3.787|1372.819 -0.262|1369.107 -82.124|1368.743 -90.175|1370.100 -90.241
1605 519 RIVERFRONT AV SE,1439.536 -93.399|1444.213 -89.118|1446.806 -31.453|1446.855 -30.229|1447.260 -21.145|1385.395 -3.787|1372.819 -0.262|1369.107 -82.124|1368.743 -90.175|1370.100 -90.241
1606 519 RIVERFRONT AV SE,1439.536 -93.399|1444.213 -89.118|1446.806 -31.453|1446.855 -30.229|1447.260 -21.145|1385.395 -3.787|1372.819 -0.262|1369.107 -82.124|1368.743 -90.175|1370.100 -90.241
1607 519 RIVERFRONT AV SE,1439.536 -93.399|1444.213 -89.118|1446.806 -31.453|1446.855 -30.229|1447.260 -21.145|1385.395 -3.787|1372.819 -0.262|1369.107 -82.124|1368.743 -90.175|1370.100 -90.241
1608 519 RIVERFRONT AV SE,1439.536 -93.399|1444.213 -89.118|1446.806 -31.453|1446.855 -30.229|1447.260 -21.145|1385.395 -3.787|1372.819 -0.262|1369.107 -82.124|1368.743 -90.175|1370.100 -90.241
1701 519 RIVERFRONT AV SE,1439.536 -93.399|1444.213 -89.118|1446.806 -31.453|1446.855 -30.229|1447.260 -21.145|1385.395 -3.787|1372.819 -0.262|1369.107 -82.124|1368.743 -90.175|1370.100 -90.241
1702 519 RIVERFRONT AV SE,1439.536 -93.399|1444.213 -89.118|1446.806 -31.453|1446.855 -30.229|1447.260 -21.145|1385.395 -3.787|1372.819 -0.262|1369.107 -82.124|1368.743 -90.175|1370.100 -90.241
1703 519 RIVERFRONT AV SE,1439.536 -93.399|1444.213 -89.118|1446.806 -31.453|1446.855 -30.229|1447.260 -21.145|1385.395 -3.787|1372.819 -0.262|1369.107 -82.124|1368.743 -90.175|1370.100 -90.241
1704 519 RIVERFRONT AV SE,1439.536 -93.399|1444.213 -89.118|1446.806 -31.453|1446.855 -30.229|1447.260 -21.145|1385.395 -3.787|1372.819 -0.262|1369.107 -82.124|1368.743 -90.175|1370.100 -90.241
1705 519 RIVERFRONT AV SE,1439.536 -93.399|1444.213 -89.118|1446.806 -31.453|1446.855 -30.229|1447.260 -21.145|1385.395 -3.787|1372.819 -0.262|1369.107 -82.124|1368.743 -90.175|1370.100 -90.241
1706 519 RIVERFRONT AV SE,1439.536 -93.399|1444.213 -89.118|1446.806 -31.453|1446.855 -30.229|1447.260 -21.145|1385.395 -3.787|1372.819 -0.262|1369.107 -82.124|1368.743 -90.175|1370.100 -90.241
1707 519 RIVERFRONT AV SE,1439.536 -93.399|1444.213 -89.118|1446.806 -31.453|1446.855 -30.229|1447.260 -21.145|1385.395 -3.787|1372.819 -0.262|1369.107 -82.124|1368.743 -90.175|1370.100 -90.241
1708 519 RIVERFRONT AV SE,1439.536 -93.399|1444.213 -89.118|1446.806 -31.453|1446.855 -30.229|1447.260 -21.145|1385.395 -3.787|1372.819 -0.262|1369.107 -82.124|1368.743 -90.175|1370.100 -90.241
1801 519 RIVERFRONT AV SE,1439.536 -93.399|1444.213 -89.118|1446.806 -31.453|1446.855 -30.229|1447.260 -21.145|1385.395 -3.787|1372.819 -0.262|1369.107 -82.124|1368.743 -90.175|1370.100 -90.241
1802 519 RIVERFRONT AV SE,1439.536 -93.399|1444.213 -89.118|1446.806 -31.453|1446.855 -30.229|1447.260 -21.145|1385.395 -3.787|1372.819 -0.262|1369.107 -82.124|1368.743 -90.175|1370.100 -90.241
1803 519 RIVERFRONT AV SE,1439.536 -93.399|1444.213 -89.118|1446.806 -31.453|1446.855 -30.229|1447.260 -21.145|1385.395 -3.787|1372.819 -0.262|1369.107 -82.124|1368.743 -90.175|1370.100 -90.241
1804 519 RIVERFRONT AV SE,1439.536 -93.399|1444.213 -89.118|1446.806 -31.453|1446.855 -30.229|1447.260 -21.145|1385.395 -3.787|1372.819 -0.262|1369.107 -82.124|1368.743 -90.175|1370.100 -90.241
1805 519 RIVERFRONT AV SE,1439.536 -93.399|1444.213 -89.118|1446.806 -31.453|1446.855 -30.229|1447.260 -21.145|1385.395 -3.787|1372.819 -0.262|1369.107 -82.124|1368.743 -90.175|1370.100 -90.241
1806 519 RIVERFRONT AV SE,1439.536 -93.399|1444.213 -89.118|1446.806 -31.453|1446.855 -30.229|1447.260 -21.145|1385.395 -3.787|1372.819 -0.262|1369.107 -82.124|1368.743 -90.175|1370.100 -90.241
1901 519 RIVERFRONT AV SE,1439.536 -93.399|1444.213 -89.118|1446.806 -31.453|1446.855 -30.229|1447.260 -21.145|1385.395 -3.787|1372.819 -0.262|1369.107 -82.124|1368.743 -90.175|1370.100 -90.241
1902 519 RIVERFRONT AV SE,1439.536 -93.399|1444.213 -89.118|1446.806 -31.453|1446.855 -30.229|1447.260 -21.145|1385.395 -3.787|1372.819 -0.262|1369.107 -82.124|1368.743 -90.175|1370.100 -90.241
1903 519 RIVERFRONT AV SE,1439.536 -93.399|1444.213 -89.118|1446.806 -31.453|1446.855 -30.229|1447.260 -21.145|1385.395 -3.787|1372.819 -0.262|1369.107 -82.124|1368.743 -90.175|1370.100 -90.241
1904 519 RIVERFRONT AV SE,1439.536 -93.399|1444.213 -89.118|1446.806 -31.453|1446.855 -30.229|1447.260 -21.145|1385.395 -3.787|1372.819 -0.262|1369.107 -82.124|1368.743 -90.175|1370.100 -90.241
1905 519 RIVERFRONT AV SE,1439.536 -93.399|1444.213 -89.118|1446.806 -31.453|1446.855 -30.229|1447.260 -21.145|1385.395 -3.787|1372.819 -0.262|1369.107 -82.124|1368.743 -90.175|1370.100 -90.241
201 560 6 AV SE,1439.536 -93.399|1444.213 -89.118|1446.806 -31.453|1446.855 -30.229|1447.260 -21.145|1385.395 -3.787|1372.819 -0.262|1369.107 -82.124|1368.743 -90.175|1370.100 -90.241
202 560 6 AV SE,1439.536 -93.399|1444.213 -89.118|1446.806 -31.453|1446.855 -30.229|1447.260 -21.145|1385.395 -3.787|1372.819 -0.262|1369.107 -82.124|1368.743 -90.175|1370.100 -90.241
203 560 6 AV SE,1439.536 -93.399|1444.213 -89.118|1446.806 -31.453|1446.855 -30.229|1447.260 -21.145|1385.395 -3.787|1372.819 -0.262|1369.107 -82.124|1368.743 -90.175|1370.100 -90.241
204 560 6 AV SE,1439.536 -93.399|1444.213 -89.118|1446.806 -31.453|1446.855 -30.229|1447.260 -21.145|1385.395 -3.787|1372.819 -0.262|1369.107 -82.124|1368.743 -90.175|1370.100 -90.241
205 560 6 AV SE,1439.536 -93.399|1444.213 -89.118|1446.806 -31.453|1446.855 -30.229|1447.260 -21.145|1385.395 -3.787|1372.819 -0.262|1369.107 -82.124|1368.743 -90.175|1370.100 -90.241
206 560 6 AV SE,1439.536 -93.399|1444.213 -89.118|1446.806 -31.453|1446.855 -30.229|1447.260 -21.145|1385.395 -3.787|1372.819 -0.262|1369.107 -82.124|1368.743 -90.175|1370.100 -90.241
207 560 6 AV SE,1439.536 -93.399|1444.213 -89.118|1446.806 -31.453|1446.855 -30.229|1447.260 -21.145|1385.395 -3.787|1372.819 -0.262|1369.107 -82.124|1368.743 -90.175|1370.100 -90.241
208 560 6 AV SE,1439.536 -93.399|1444.213 -89.118|1446.806 -31.453|1446.855 -30.229|1447.260 -21.145|1385.395 -3.787|1372.819 -0.262|1369.107 -82.124|1368.743 -90.175|1370.100 -90.241
209 560 6 AV SE,1439.536 -93.399|1444.213 -89.118|1446.806 -31.453|1446.855 -30.229|1447.260 -21.145|1385.395 -3.787|1372.819 -0.262|1369.107 -82.124|1368.743 -90.175|1370.100 -90.241
210 560 6 AV SE,1439.536 -93.399|1444.213 -89.118|1446.806 -31.453|1446.855 -30.229|1447.260 -21.145|1385.395 -3.787|1372.819 -0.262|1369.107 -82.124|1368.743 -90.175|1370.100 -90.241
301 560 6 AV SE,1439.536 -93.399|1444.213 -89.118|1446.806 -31.453|1446.855 -30.229|1447.260 -21.145|1385.395 -3.787|1372.819 -0.262|1369.107 -82.124|1368.743 -90.175|1370.100 -90.241
302 560 6 AV SE,1439.536 -93.399|1444.213 -89.118|1446.806 -31.453|1446.855 -30.229|1447.260 -21.145|1385.395 -3.787|1372.819 -0.262|1369.107 -82.124|1368.743 -90.175|1370.100 -90.241
303 560 6 AV SE,1439.536 -93.399|1444.213 -89.118|1446.806 -31.453|1446.855 -30.229|1447.260 -21.145|1385.395 -3.787|1372.819 -0.262|1369.107 -82.124|1368.743 -90.175|1370.100 -90.241
304 560 6 AV SE,1439.536 -93.399|1444.213 -89.118|1446.806 -31.453|1446.855 -30.229|1447.260 -21.145|1385.395 -3.787|1372.819 -0.262|1369.107 -82.124|1368.743 -90.175|1370.100 -90.241
305 560 6 AV SE,1439.536 -93.399|1444.213 -89.118|1446.806 -31.453|1446.855 -30.229|1447.260 -21.145|1385.395 -3.787|1372.819 -0.262|1369.107 -82.124|1368.743 -90.175|1370.100 -90.241
306 560 6 AV SE,1439.536 -93.399|1444.213 -89.118|1446.806 -31.453|1446.855 -30.229|1447.260 -21.145|1385.395 -3.787|1372.819 -0.262|1369.107 -82.124|1368.743 -90.175|1370.100 -90.241
307 560 6 AV SE,1439.536 -93.399|1444.213 -89.118|1446.806 -31.453|1446.855 -30.229|1447.260 -21.145|1385.395 -3.787|1372.819 -0.262|1369.107 -82.124|1368.743 -90.175|1370.100 -90.241
308 560 6 AV SE,1439.536 -93.399|1444.213 -89.118|1446.806 -31.453|1446.855 -30.229|1447.260 -21.145|1385.395 -3.787|1372.819 -0.262|1369.107 -82.124|1368.743 -90.175|1370.100 -90.241
309 560 6 AV SE,1439.536 -93.399|1444.213 -89.118|1446.806 -31.453|1446.855 -30.229|1447.260 -21.145|1385.395 -3.787|1372.819 -0.262|1369.107 -82.124|1368.743 -90.175|1370.100 -90.241
310 560 6 AV SE,1439.536 -93.399|1444.213 -89.118|1446.806 -31.453|1446.855 -30.229|1447.260 -21.145|1385.395 -3.787|1372.819 -0.262|1369.107 -82.124|1368.743 -90.175|1370.100 -90.241
401 560 6 AV SE,1439.536 -93.399|1444.213 -89.118|1446.806 -31.453|1446.855 -30.229|1447.260 -21.145|1385.395 -3.787|1372.819 -0.262|1369.107 -82.124|1368.743 -90.175|1370.100 -90.241
402 560 6 AV SE,1439.536 -93.399|1444.213 -89.118|1446.806 -31.453|1446.855 -30.229|1447.260 -21.145|1385.395 -3.787|1372.819 -0.262|1369.107 -82.124|1368.743 -90.175|1370.100 -90.241
403 560 6 AV SE,1439.536 -93.399|1444.213 -89.118|1446.806 -31.453|1446.855 -30.229|1447.260 -21.145|1385.395 -3.787|1372.819 -0.262|1369.107 -82.124|1368.743 -90.175|1370.100 -90.241
404 560 6 AV SE,1439.536 -93.399|1444.213 -89.118|1446.806 -31.453|1446.855 -30.229|1447.260 -21.145|1385.395 -3.787|1372.819 -0.262|1369.107 -82.124|1368.743 -90.175|1370.100 -90.241
405 560 6 AV SE,1439.536 -93.399|1444.213 -89.118|1446.806 -31.453|1446.855 -30.229|1447.260 -21.145|1385.395 -3.787|1372.819 -0.262|1369.107 -82.124|1368.743 -90.175|1370.100 -90.241
406 560 6 AV SE,1439.536 -93.399|1444.213 -89.118|1446.806 -31.453|1446.855 -30.229|1447.260 -21.145|1385.395 -3.787|1372.819 -0.262|1369.107 -82.124|1368.743 -90.175|1370.100 -90.241
407 560 6 AV SE,1439.536 -93.399|1444.213 -89.118|1446.806 -31.453|1446.855 -30.229|1447.260 -21.145|1385.395 -3.787|1372.819 -0.262|1369.107 -82.124|1368.743 -90.175|1370.100 -90.241
408 560 6 AV SE,1439.536 -93.399|1444.213 -89.118|1446.806 -31.453|1446.855 -30.229|1447.260 -21.145|1385.395 -3.787|1372.819 -0.262|1369.107 -82.124|1368.743 -90.175|1370.100 -90.241
409 560 6 AV SE,1439.536 -93.399|1444.213 -89.118|1446.806 -31.453|1446.855 -30.229|1447.260 -21.145|1385.395 -3.787|1372.819 -0.262|1369.107 -82.124|1368.743 -90.175|1370.100 -90.241
410 560 6 AV SE,1439.536 -93.399|1444.213 -89.118|1446.806 -31.453|1446.855 -30.229|1447.260 -21.145|1385.395 -3.787|1372.819 -0.262|1369.107 -82.124|1368.743 -90.175|1370.100 -90.241
501 560 6 AV SE,1439.536 -93.399|1444.213 -89.118|1446.806 -31.453|1446.855 -30.229|1447.260 -21.145|1385.395 -3.787|1372.819 -0.262|1369.107 -82.124|1368.743 -90.175|1370.100 -90.241
502 560 6 AV SE,1439.536 -93.399|1444.213 -89.118|1446.806 -31.453|1446.855 -30.229|1447.260 -21.145|1385.395 -3.787|1372.819 -0.262|1369.107 -82.124|1368.743 -90.175|1370.100 -90.241
503 560 6 AV SE,1439.536 -93.399|1444.213 -89.118|1446.806 -31.453|1446.855 -30.229|1447.260 -21.145|1385.395 -3.787|1372.819 -0.262|1369.107 -82.124|1368.743 -90.175|1370.100 -90.241
504 560 6 AV SE,1439.536 -93.399|1444.213 -89.118|1446.806 -31.453|1446.855 -30.229|1447.260 -21.145|1385.395 -3.787|1372.819 -0.262|1369.107 -82.124|1368.743 -90.175|1370.100 -90.241
505 560 6 AV SE,1439.536 -93.399|1444.213 -89.118|1446.806 -31.453|1446.855 -30.229|1447.260 -21.145|1385.395 -3.787|1372.819 -0.262|1369.107 -82.124|1368.743 -90.175|1370.100 -90.241
506 560 6 AV SE,1439.536 -93.399|1444.213 -89.118|1446.806 -31.453|1446.855 -30.229|1447.260 -21.145|1385.395 -3.787|1372.819 -0.262|1369.107 -82.124|1368.743 -90.175|1370.100 -90.241
507 560 6 AV SE,1439.536 -93.399|1444.213 -89.118|1446.806 -31.453|1446.855 -30.229|1447.260 -21.145|1385.395 -3.787|1372.819 -0.262|1369.107 -82.124|1368.743 -90.175|1370.100 -90.241
508 560 6 AV SE,1439.536 -93.399|1444.213 -89.118|1446.806 -31.453|1446.855 -30.229|1447.260 -21.145|1385.395 -3.787|1372.819 -0.262|1369.107 -82.124|1368.743 -90.175|1370.100 -90.241
509 560 6 AV SE,1439.536 -93.399|1444.213 -89.118|1446.806 -31.453|1446.855 -30.229|1447.260 -21.145|1385.395 -3.787|1372.819 -0.262|1369.107 -82.124|1368.743 -90.175|1370.100 -90.241
510 560 6 AV SE,1439.536 -93.399|1444.213 -89.118|1446.806 -31.453|1446.855 -30.229|1447.260 -21.145|1385.395 -3.787|1372.819 -0.262|1369.107 -82.124|1368.743 -90.175|1370.100 -90.241
601 560 6 AV SE,1439.536 -93.399|1444.213 -89.118|1446.806 -31.453|1446.855 -30.229|1447.260 -21.145|1385.395 -3.787|1372.819 -0.262|1369.107 -82.124|1368.743 -90.175|1370.100 -90.241
602 560 6 AV SE,1439.536 -93.399|1444.213 -89.118|1446.806 -31.453|1446.855 -30.229|1447.260 -21.145|1385.395 -3.787|1372.819 -0.262|1369.107 -82.124|1368.743 -90.175|1370.100 -90.241
603 560 6 AV SE,1439.536 -93.399|1444.213 -89.118|1446.806 -31.453|1446.855 -30.229|1447.260 -21.145|1385.395 -3.787|1372.819 -0.262|1369.107 -82.124|1368.743 -90.175|1370.100 -90.241
604 560 6 AV SE,1439.536 -93.399|1444.213 -89.118|1446.806 -31.453|1446.855 -30.229|1447.260 -21.145|1385.395 -3.787|1372.819 -0.262|1369.107 -82.124|1368.743 -90.175|1370.100 -90.241
605 560 6 AV SE,1439.536 -93.399|1444.213 -89.118|1446.806 -31.453|1446.855 -30.229|1447.260 -21.145|1385.395 -3.787|1372.819 -0.262|1369.107 -82.124|1368.743 -90.175|1370.100 -90.241
606 560 6 AV SE,1439.536 -93.399|1444.213 -89.118|1446.806 -31.453|1446.855 -30.229|1447.260 -21.145|1385.395 -3.787|1372.819 -0.262|1369.107 -82.124|1368.743 -90.175|1370.100 -90.241
607 560 6 AV SE,1439.536 -93.399|1444.213 -89.118|1446.806 -31.453|1446.855 -30.229|1447.260 -21.145|1385.395 -3.787|1372.819 -0.262|1369.107 -82.124|1368.743 -90.175|1370.100 -90.241
608 560 6 AV SE,1439.536 -93.399|1444.213 -89.118|1446.806 -31.453|1446.855 -30.229|1447.260 -21.145|1385.395 -3.787|1372.819 -0.262|1369.107 -82.124|1368.743 -90.175|1370.100 -90.241
609 560 6 AV SE,1439.536 -93.399|1444.213 -89.118|1446.806 -31.453|1446.855 -30.229|1447.260 -21.145|1385.395 -3.787|1372.819 -0.262|1369.107 -82.124|1368.743 -90.175|1370.100 -90.241
610 560 6 AV SE,1439.536 -93.399|1444.213 -89.118|1446.806 -31.453|1446.855 -30.229|1447.260 -21.145|1385.395 -3.787|1372.819 -0.262|1369.107 -82.124|1368.743 -90.175|1370.100 -90.241
701 560 6 AV SE,1439.536 -93.399|1444.213 -89.118|1446.806 -31.453|1446.855 -30.229|1447.260 -21.145|1385.395 -3.787|1372.819 -0.262|1369.107 -82.124|1368.743 -90.175|1370.100 -90.241
702 560 6 AV SE,1439.536 -93.399|1444.213 -89.118|1446.806 -31.453|1446.855 -30.229|1447.260 -21.145|1385.395 -3.787|1372.819 -0.262|1369.107 -82.124|1368.743 -90.175|1370.100 -90.241
703 560 6 AV SE,1439.536 -93.399|1444.213 -89.118|1446.806 -31.453|1446.855 -30.229|1447.260 -21.145|1385.395 -3.787|1372.819 -0.262|1369.107 -82.124|1368.743 -90.175|1370.100 -90.241
704 560 6 AV SE,1439.536 -93.399|1444.213 -89.118|1446.806 -31.453|1446.855 -30.229|1447.260 -21.145|1385.395 -3.787|1372.819 -0.262|1369.107 -82.124|1368.743 -90.175|1370.100 -90.241
705 560 6 AV SE,1439.536 -93.399|1444.213 -89.118|1446.806 -31.453|1446.855 -30.229|1447.260 -21.145|1385.395 -3.787|1372.819 -0.262|1369.107 -82.124|1368.743 -90.175|1370.100 -90.241
706 560 6 AV SE,1439.536 -93.399|1444.213 -89.118|1446.806 -31.453|1446.855 -30.229|1447.260 -21.145|1385.395 -3.787|1372.819 -0.262|1369.107 -82.124|1368.743 -90.175|1370.100 -90.241
707 560 6 AV SE,1439.536 -93.399|1444.213 -89.118|1446.806 -31.453|1446.855 -30.229|1447.260 -21.145|1385.395 -3.787|1372.819 -0.262|1369.107 -82.124|1368.743 -90.175|1370.100 -90.241
708 560 6 AV SE,1439.536 -93.399|1444.213 -89.118|1446.806 -31.453|1446.855 -30.229|1447.260 -21.145|1385.395 -3.787|1372.819 -0.262|1369.107 -82.124|1368.743 -90.175|1370.100 -90.241
709 560 6 AV SE,1439.536 -93.399|1444.213 -89.118|1446.806 -31.453|1446.855 -30.229|1447.260 -21.145|1385.395 -3.787|1372.819 -0.262|1369.107 -82.124|1368.743 -90.175|1370.100 -90.241
710 560 6 AV SE,1439.536 -93.399|1444.213 -89.118|1446.806 -31.453|1446.855 -30.229|1447.260 -21.145|1385.395 -3.787|1372.819 -0.262|1369.107 -82.124|1368.743 -90.175|1370.100 -90.241
506 519 RIVERFRONT AV SE,1439.536 -93.399|1444.213 -89.118|1446.806 -31.453|1446.855 -30.229|1447.260 -21.145|1385.395 -3.787|1372.819 -0.262|1369.107 -82.124|1368.743 -90.175|1370.100 -90.241
603 519 RIVERFRONT AV SE,1439.536 -93.399|1444.213 -89.118|1446.806 -31.453|1446.855 -30.229|1447.260 -21.145|1385.395 -3.787|1372.819 -0.262|1369.107 -82.124|1368.743 -90.175|1370.100 -90.241
586 RIVERFRONT LN SE,1368.743 -90.175|1369.107 -82.124|1372.819 -0.262|1350.268 6.065|1347.961 2.262|1344.605 -3.431|1341.620 -9.325|1339.027 -15.396|1336.832 -21.634|1335.035 -27.994|1333.658 -34.455|1332.693 -40.993|1332.155 -47.576|1330.785 -77.454|1330.897 -79.600|1331.428 -81.679|1332.351 -83.625|1333.637 -85.349|1335.231 -86.794|1337.077 -87.895|1339.104 -88.607|1341.236 -88.918
582 RIVERFRONT LN SE,1368.743 -90.175|1369.107 -82.124|1372.819 -0.262|1350.268 6.065|1347.961 2.262|1344.605 -3.431|1341.620 -9.325|1339.027 -15.396|1336.832 -21.634|1335.035 -27.994|1333.658 -34.455|1332.693 -40.993|1332.155 -47.576|1330.785 -77.454|1330.897 -79.600|1331.428 -81.679|1332.351 -83.625|1333.637 -85.349|1335.231 -86.794|1337.077 -87.895|1339.104 -88.607|1341.236 -88.918
578 RIVERFRONT LN SE,1368.743 -90.175|1369.107 -82.124|1372.819 -0.262|1350.268 6.065|1347.961 2.262|1344.605 -3.431|1341.620 -9.325|1339.027 -15.396|1336.832 -21.634|1335.035 -27.994|1333.658 -34.455|1332.693 -40.993|1332.155 -47.576|1330.785 -77.454|1330.897 -79.600|1331.428 -81.679|1332.351 -83.625|1333.637 -85.349|1335.231 -86.794|1337.077 -87.895|1339.104 -88.607|1341.236 -88.918
574 RIVERFRONT LN SE,1368.743 -90.175|1369.107 -82.124|1372.819 -0.262|1350.268 6.065|1347.961 2.262|1344.605 -3.431|1341.620 -9.325|1339.027 -15.396|1336.832 -21.634|1335.035 -27.994|1333.658 -34.455|1332.693 -40.993|1332.155 -47.576|1330.785 -77.454|1330.897 -79.600|1331.428 -81.679|1332.351 -83.625|1333.637 -85.349|1335.231 -86.794|1337.077 -87.895|1339.104 -88.607|1341.236 -88.918
570 RIVERFRONT LN SE,1368.743 -90.175|1369.107 -82.124|1372.819 -0.262|1350.268 6.065|1347.961 2.262|1344.605 -3.431|1341.620 -9.325|1339.027 -15.396|1336.832 -21.634|1335.035 -27.994|1333.658 -34.455|1332.693 -40.993|1332.155 -47.576|1330.785 -77.454|1330.897 -79.600|1331.428 -81.679|1332.351 -83.625|1333.637 -85.349|1335.231 -86.794|1337.077 -87.895|1339.104 -88.607|1341.236 -88.918
566 RIVERFRONT LN SE,1368.743 -90.175|1369.107 -82.124|1372.819 -0.262|1350.268 6.065|1347.961 2.262|1344.605 -3.431|1341.620 -9.325|1339.027 -15.396|1336.832 -21.634|1335.035 -27.994|1333.658 -34.455|1332.693 -40.993|1332.155 -47.576|1330.785 -77.454|1330.897 -79.600|1331.428 -81.679|1332.351 -83.625|1333.637 -85.349|1335.231 -86.794|1337.077 -87.895|1339.104 -88.607|1341.236 -88.918
562 RIVERFRONT LN SE,1368.743 -90.175|1369.107 -82.124|1372.819 -0.262|1350.268 6.065|1347.961 2.262|1344.605 -3.431|1341.620 -9.325|1339.027 -15.396|1336.832 -21.634|1335.035 -27.994|1333.658 -34.455|1332.693 -40.993|1332.155 -47.576|1330.785 -77.454|1330.897 -79.600|1331.428 -81.679|1332.351 -83.625|1333.637 -85.349|1335.231 -86.794|1337.077 -87.895|1339.104 -88.607|1341.236 -88.918
558 RIVERFRONT LN SE,1368.743 -90.175|1369.107 -82.124|1372.819 -0.262|1350.268 6.065|1347.961 2.262|1344.605 -3.431|1341.620 -9.325|1339.027 -15.396|1336.832 -21.634|1335.035 -27.994|1333.658 -34.455|1332.693 -40.993|1332.155 -47.576|1330.785 -77.454|1330.897 -79.600|1331.428 -81.679|1332.351 -83.625|1333.637 -85.349|1335.231 -86.794|1337.077 -87.895|1339.104 -88.607|1341.236 -88.918
554 RIVERFRONT LN SE,1368.743 -90.175|1369.107 -82.124|1372.819 -0.262|1350.268 6.065|1347.961 2.262|1344.605 -3.431|1341.620 -9.325|1339.027 -15.396|1336.832 -21.634|1335.035 -27.994|1333.658 -34.455|1332.693 -40.993|1332.155 -47.576|1330.785 -77.454|1330.897 -79.600|1331.428 -81.679|1332.351 -83.625|1333.637 -85.349|1335.231 -86.794|1337.077 -87.895|1339.104 -88.607|1341.236 -88.918
127 CONFLUENCE ME SE,1368.743 -90.175|1369.107 -82.124|1372.819 -0.262|1350.268 6.065|1347.961 2.262|1344.605 -3.431|1341.620 -9.325|1339.027 -15.396|1336.832 -21.634|1335.035 -27.994|1333.658 -34.455|1332.693 -40.993|1332.155 -47.576|1330.785 -77.454|1330.897 -79.600|1331.428 -81.679|1332.351 -83.625|1333.637 -85.349|1335.231 -86.794|1337.077 -87.895|1339.104 -88.607|1341.236 -88.918
125 CONFLUENCE ME SE,1368.743 -90.175|1369.107 -82.124|1372.819 -0.262|1350.268 6.065|1347.961 2.262|1344.605 -3.431|1341.620 -9.325|1339.027 -15.396|1336.832 -21.634|1335.035 -27.994|1333.658 -34.455|1332.693 -40.993|1332.155 -47.576|1330.785 -77.454|1330.897 -79.600|1331.428 -81.679|1332.351 -83.625|1333.637 -85.349|1335.231 -86.794|1337.077 -87.895|1339.104 -88.607|1341.236 -88.918
123 CONFLUENCE ME SE,1368.743 -90.175|1369.107 -82.124|1372.819 -0.262|1350.268 6.065|1347.961 2.262|1344.605 -3.431|1341.620 -9.325|1339.027 -15.396|1336.832 -21.634|1335.035 -27.994|1333.658 -34.455|1332.693 -40.993|1332.155 -47.576|1330.785 -77.454|1330.897 -79.600|1331.428 -81.679|1332.351 -83.625|1333.637 -85.349|1335.231 -86.794|1337.077 -87.895|1339.104 -88.607|1341.236 -88.918
212 510 6 AV SE,1368.743 -90.175|1369.107 -82.124|1372.819 -0.262|1350.268 6.065|1347.961 2.262|1344.605 -3.431|1341.620 -9.325|1339.027 -15.396|1336.832 -21.634|1335.035 -27.994|1333.658 -34.455|1332.693 -40.993|1332.155 -47.576|1330.785 -77.454|1330.897 -79.600|1331.428 -81.679|1332.351 -83.625|1333.637 -85.349|1335.231 -86.794|1337.077 -87.895|1339.104 -88.607|1341.236 -88.918
213 510 6 AV SE,1368.743 -90.175|1369.107 -82.124|1372.819 -0.262|1350.268 6.065|1347.961 2.262|1344.605 -3.431|1341.620 -9.325|1339.027 -15.396|1336.832 -21.634|1335.035 -27.994|1333.658 -34.455|1332.693 -40.993|1332.155 -47.576|1330.785 -77.454|1330.897 -79.600|1331.428 -81.679|1332.351 -83.625|1333.637 -85.349|1335.231 -86.794|1337.077 -87.895|1339.104 -88.607|1341.236 -88.918
214 510 6 AV SE,1368.743 -90.175|1369.107 -82.124|1372.819 -0.262|1350.268 6.065|1347.961 2.262|1344.605 -3.431|1341.620 -9.325|1339.027 -15.396|1336.832 -21.634|1335.035 -27.994|1333.658 -34.455|1332.693 -40.993|1332.155 -47.576|1330.785 -77.454|1330.897 -79.600|1331.428 -81.679|1332.351 -83.625|1333.637 -85.349|1335.231 -86.794|1337.077 -87.895|1339.104 -88.607|1341.236 -88.918
201 510 6 AV SE,1368.743 -90.175|1369.107 -82.124|1372.819 -0.262|1350.268 6.065|1347.961 2.262|1344.605 -3.431|1341.620 -9.325|1339.027 -15.396|1336.832 -21.634|1335.035 -27.994|1333.658 -34.455|1332.693 -40.993|1332.155 -47.576|1330.785 -77.454|1330.897 -79.600|1331.428 -81.679|1332.351 -83.625|1333.637 -85.349|1335.231 -86.794|1337.077 -87.895|1339.104 -88.607|1341.236 -88.918
202 510 6 AV SE,1368.743 -90.175|1369.107 -82.124|1372.819 -0.262|1350.268 6.065|1347.961 2.262|1344.605 -3.431|1341.620 -9.325|1339.027 -15.396|1336.832 -21.634|1335.035 -27.994|1333.658 -34.455|1332.693 -40.993|1332.155 -47.576|1330.785 -77.454|1330.897 -79.600|1331.428 -81.679|1332.351 -83.625|1333.637 -85.349|1335.231 -86.794|1337.077 -87.895|1339.104 -88.607|1341.236 -88.918
203 510 6 AV SE,1368.743 -90.175|1369.107 -82.124|1372.819 -0.262|1350.268 6.065|1347.961 2.262|1344.605 -3.431|1341.620 -9.325|1339.027 -15.396|1336.832 -21.634|1335.035 -27.994|1333.658 -34.455|1332.693 -40.993|1332.155 -47.576|1330.785 -77.454|1330.897 -79.600|1331.428 -81.679|1332.351 -83.625|1333.637 -85.349|1335.231 -86.794|1337.077 -87.895|1339.104 -88.607|1341.236 -88.918
204 510 6 AV SE,1368.743 -90.175|1369.107 -82.124|1372.819 -0.262|1350.268 6.065|1347.961 2.262|1344.605 -3.431|1341.620 -9.325|1339.027 -15.396|1336.832 -21.634|1335.035 -27.994|1333.658 -34.455|1332.693 -40.993|1332.155 -47.576|1330.785 -77.454|1330.897 -79.600|1331.428 -81.679|1332.351 -83.625|1333.637 -85.349|1335.231 -86.794|1337.077 -87.895|1339.104 -88.607|1341.236 -88.918
205 510 6 AV SE,1368.743 -90.175|1369.107 -82.124|1372.819 -0.262|1350.268 6.065|1347.961 2.262|1344.605 -3.431|1341.620 -9.325|1339.027 -15.396|1336.832 -21.634|1335.035 -27.994|1333.658 -34.455|1332.693 -40.993|1332.155 -47.576|1330.785 -77.454|1330.897 -79.600|1331.428 -81.679|1332.351 -83.625|1333.637 -85.349|1335.231 -86.794|1337.077 -87.895|1339.104 -88.607|1341.236 -88.918
206 510 6 AV SE,1368.743 -90.175|1369.107 -82.124|1372.819 -0.262|1350.268 6.065|1347.961 2.262|1344.605 -3.431|1341.620 -9.325|1339.027 -15.396|1336.832 -21.634|1335.035 -27.994|1333.658 -34.455|1332.693 -40.993|1332.155 -47.576|1330.785 -77.454|1330.897 -79.600|1331.428 -81.679|1332.351 -83.625|1333.637 -85.349|1335.231 -86.794|1337.077 -87.895|1339.104 -88.607|1341.236 -88.918
207 510 6 AV SE,1368.743 -90.175|1369.107 -82.124|1372.819 -0.262|1350.268 6.065|1347.961 2.262|1344.605 -3.431|1341.620 -9.325|1339.027 -15.396|1336.832 -21.634|1335.035 -27.994|1333.658 -34.455|1332.693 -40.993|1332.155 -47.576|1330.785 -77.454|1330.897 -79.600|1331.428 -81.679|1332.351 -83.625|1333.637 -85.349|1335.231 -86.794|1337.077 -87.895|1339.104 -88.607|1341.236 -88.918
208 510 6 AV SE,1368.743 -90.175|1369.107 -82.124|1372.819 -0.262|1350.268 6.065|1347.961 2.262|1344.605 -3.431|1341.620 -9.325|1339.027 -15.396|1336.832 -21.634|1335.035 -27.994|1333.658 -34.455|1332.693 -40.993|1332.155 -47.576|1330.785 -77.454|1330.897 -79.600|1331.428 -81.679|1332.351 -83.625|1333.637 -85.349|1335.231 -86.794|1337.077 -87.895|1339.104 -88.607|1341.236 -88.918
209 510 6 AV SE,1368.743 -90.175|1369.107 -82.124|1372.819 -0.262|1350.268 6.065|1347.961 2.262|1344.605 -3.431|1341.620 -9.325|1339.027 -15.396|1336.832 -21.634|1335.035 -27.994|1333.658 -34.455|1332.693 -40.993|1332.155 -47.576|1330.785 -77.454|1330.897 -79.600|1331.428 -81.679|1332.351 -83.625|1333.637 -85.349|1335.231 -86.794|1337.077 -87.895|1339.104 -88.607|1341.236 -88.918
210 510 6 AV SE,1368.743 -90.175|1369.107 -82.124|1372.819 -0.262|1350.268 6.065|1347.961 2.262|1344.605 -3.431|1341.620 -9.325|1339.027 -15.396|1336.832 -21.634|1335.035 -27.994|1333.658 -34.455|1332.693 -40.993|1332.155 -47.576|1330.785 -77.454|1330.897 -79.600|1331.428 -81.679|1332.351 -83.625|1333.637 -85.349|1335.231 -86.794|1337.077 -87.895|1339.104 -88.607|1341.236 -88.918
211 510 6 AV SE,1368.743 -90.175|1369.107 -82.124|1372.819 -0.262|1350.268 6.065|1347.961 2.262|1344.605 -3.431|1341.620 -9.325|1339.027 -15.396|1336.832 -21.634|1335.035 -27.994|1333.658 -34.455|1332.693 -40.993|1332.155 -47.576|1330.785 -77.454|1330.897 -79.600|1331.428 -81.679|1332.351 -83.625|1333.637 -85.349|1335.231 -86.794|1337.077 -87.895|1339.104 -88.607|1341.236 -88.918
312 510 6 AV SE,1368.743 -90.175|1369.107 -82.124|1372.819 -0.262|1350.268 6.065|1347.961 2.262|1344.605 -3.431|1341.620 -9.325|1339.027 -15.396|1336.832 -21.634|1335.035 -27.994|1333.658 -34.455|1332.693 -40.993|1332.155 -47.576|1330.785 -77.454|1330.897 -79.600|1331.428 -81.679|1332.351 -83.625|1333.637 -85.349|1335.231 -86.794|1337.077 -87.895|1339.104 -88.607|1341.236 -88.918
313 510 6 AV SE,1368.743 -90.175|1369.107 -82.124|1372.819 -0.262|1350.268 6.065|1347.961 2.262|1344.605 -3.431|1341.620 -9.325|1339.027 -15.396|1336.832 -21.634|1335.035 -27.994|1333.658 -34.455|1332.693 -40.993|1332.155 -47.576|1330.785 -77.454|1330.897 -79.600|1331.428 -81.679|1332.351 -83.625|1333.637 -85.349|1335.231 -86.794|1337.077 -87.895|1339.104 -88.607|1341.236 -88.918
314 510 6 AV SE,1368.743 -90.175|1369.107 -82.124|1372.819 -0.262|1350.268 6.065|1347.961 2.262|1344.605 -3.431|1341.620 -9.325|1339.027 -15.396|1336.832 -21.634|1335.035 -27.994|1333.658 -34.455|1332.693 -40.993|1332.155 -47.576|1330.785 -77.454|1330.897 -79.600|1331.428 -81.679|1332.351 -83.625|1333.637 -85.349|1335.231 -86.794|1337.077 -87.895|1339.104 -88.607|1341.236 -88.918
315 510 6 AV SE,1368.743 -90.175|1369.107 -82.124|1372.819 -0.262|1350.268 6.065|1347.961 2.262|1344.605 -3.431|1341.620 -9.325|1339.027 -15.396|1336.832 -21.634|1335.035 -27.994|1333.658 -34.455|1332.693 -40.993|1332.155 -47.576|1330.785 -77.454|1330.897 -79.600|1331.428 -81.679|1332.351 -83.625|1333.637 -85.349|1335.231 -86.794|1337.077 -87.895|1339.104 -88.607|1341.236 -88.918
301 510 6 AV SE,1368.743 -90.175|1369.107 -82.124|1372.819 -0.262|1350.268 6.065|1347.961 2.262|1344.605 -3.431|1341.620 -9.325|1339.027 -15.396|1336.832 -21.634|1335.035 -27.994|1333.658 -34.455|1332.693 -40.993|1332.155 -47.576|1330.785 -77.454|1330.897 -79.600|1331.428 -81.679|1332.351 -83.625|1333.637 -85.349|1335.231 -86.794|1337.077 -87.895|1339.104 -88.607|1341.236 -88.918
302 510 6 AV SE,1368.743 -90.175|1369.107 -82.124|1372.819 -0.262|1350.268 6.065|1347.961 2.262|1344.605 -3.431|1341.620 -9.325|1339.027 -15.396|1336.832 -21.634|1335.035 -27.994|1333.658 -34.455|1332.693 -40.993|1332.155 -47.576|1330.785 -77.454|1330.897 -79.600|1331.428 -81.679|1332.351 -83.625|1333.637 -85.349|1335.231 -86.794|1337.077 -87.895|1339.104 -88.607|1341.236 -88.918
303 510 6 AV SE,1368.743 -90.175|1369.107 -82.124|1372.819 -0.262|1350.268 6.065|1347.961 2.262|1344.605 -3.431|1341.620 -9.325|1339.027 -15.396|1336.832 -21.634|1335.035 -27.994|1333.658 -34.455|1332.693 -40.993|1332.155 -47.576|1330.785 -77.454|1330.897 -79.600|1331.428 -81.679|1332.351 -83.625|1333.637 -85.349|1335.231 -86.794|1337.077 -87.895|1339.104 -88.607|1341.236 -88.918
304 510 6 AV SE,1368.743 -90.175|1369.107 -82.124|1372.819 -0.262|1350.268 6.065|1347.961 2.262|1344.605 -3.431|1341.620 -9.325|1339.027 -15.396|1336.832 -21.634|1335.035 -27.994|1333.658 -34.455|1332.693 -40.993|1332.155 -47.576|1330.785 -77.454|1330.897 -79.600|1331.428 -81.679|1332.351 -83.625|1333.637 -85.349|1335.231 -86.794|1337.077 -87.895|1339.104 -88.607|1341.236 -88.918
305 510 6 AV SE,1368.743 -90.175|1369.107 -82.124|1372.819 -0.262|1350.268 6.065|1347.961 2.262|1344.605 -3.431|1341.620 -9.325|1339.027 -15.396|1336.832 -21.634|1335.035 -27.994|1333.658 -34.455|1332.693 -40.993|1332.155 -47.576|1330.785 -77.454|1330.897 -79.600|1331.428 -81.679|1332.351 -83.625|1333.637 -85.349|1335.231 -86.794|1337.077 -87.895|1339.104 -88.607|1341.236 -88.918
306 510 6 AV SE,1368.743 -90.175|1369.107 -82.124|1372.819 -0.262|1350.268 6.065|1347.961 2.262|1344.605 -3.431|1341.620 -9.325|1339.027 -15.396|1336.832 -21.634|1335.035 -27.994|1333.658 -34.455|1332.693 -40.993|1332.155 -47.576|1330.785 -77.454|1330.897 -79.600|1331.428 -81.679|1332.351 -83.625|1333.637 -85.349|1335.231 -86.794|1337.077 -87.895|1339.104 -88.607|1341.236 -88.918
307 510 6 AV SE,1368.743 -90.175|1369.107 -82.124|1372.819 -0.262|1350.268 6.065|1347.961 2.262|1344.605 -3.431|1341.620 -9.325|1339.027 -15.396|1336.832 -21.634|1335.035 -27.994|1333.658 -34.455|1332.693 -40.993|1332.155 -47.576|1330.785 -77.454|1330.897 -79.600|1331.428 -81.679|1332.351 -83.625|1333.637 -85.349|1335.231 -86.794|1337.077 -87.895|1339.104 -88.607|1341.236 -88.918
308 510 6 AV SE,1368.743 -90.175|1369.107 -82.124|1372.819 -0.262|1350.268 6.065|1347.961 2.262|1344.605 -3.431|1341.620 -9.325|1339.027 -15.396|1336.832 -21.634|1335.035 -27.994|1333.658 -34.455|1332.693 -40.993|1332.155 -47.576|1330.785 -77.454|1330.897 -79.600|1331.428 -81.679|1332.351 -83.625|1333.637 -85.349|1335.231 -86.794|1337.077 -87.895|1339.104 -88.607|1341.236 -88.918
309 510 6 AV SE,1368.743 -90.175|1369.107 -82.124|1372.819 -0.262|1350.268 6.065|1347.961 2.262|1344.605 -3.431|1341.620 -9.325|1339.027 -15.396|1336.832 -21.634|1335.035 -27.994|1333.658 -34.455|1332.693 -40.993|1332.155 -47.576|1330.785 -77.454|1330.897 -79.600|1331.428 -81.679|1332.351 -83.625|1333.637 -85.349|1335.231 -86.794|1337.077 -87.895|1339.104 -88.607|1341.236 -88.918
310 510 6 AV SE,1368.743 -90.175|1369.107 -82.124|1372.819 -0.262|1350.268 6.065|1347.961 2.262|1344.605 -3.431|1341.620 -9.325|1339.027 -15.396|1336.832 -21.634|1335.035 -27.994|1333.658 -34.455|1332.693 -40.993|1332.155 -47.576|1330.785 -77.454|1330.897 -79.600|1331.428 -81.679|1332.351 -83.625|1333.637 -85.349|1335.231 -86.794|1337.077 -87.895|1339.104 -88.607|1341.236 -88.918
311 510 6 AV SE,1368.743 -90.175|1369.107 -82.124|1372.819 -0.262|1350.268 6.065|1347.961 2.262|1344.605 -3.431|1341.620 -9.325|1339.027 -15.396|1336.832 -21.634|1335.035 -27.994|1333.658 -34.455|1332.693 -40.993|1332.155 -47.576|1330.785 -77.454|1330.897 -79.600|1331.428 -81.679|1332.351 -83.625|1333.637 -85.349|1335.231 -86.794|1337.077 -87.895|1339.104 -88.607|1341.236 -88.918
410 510 6 AV SE,1368.743 -90.175|1369.107 -82.124|1372.819 -0.262|1350.268 6.065|1347.961 2.262|1344.605 -3.431|1341.620 -9.325|1339.027 -15.396|1336.832 -21.634|1335.035 -27.994|1333.658 -34.455|1332.693 -40.993|1332.155 -47.576|1330.785 -77.454|1330.897 -79.600|1331.428 -81.679|1332.351 -83.625|1333.637 -85.349|1335.231 -86.794|1337.077 -87.895|1339.104 -88.607|1341.236 -88.918
411 510 6 AV SE,1368.743 -90.175|1369.107 -82.124|1372.819 -0.262|1350.268 6.065|1347.961 2.262|1344.605 -3.431|1341.620 -9.325|1339.027 -15.396|1336.832 -21.634|1335.035 -27.994|1333.658 -34.455|1332.693 -40.993|1332.155 -47.576|1330.785 -77.454|1330.897 -79.600|1331.428 -81.679|1332.351 -83.625|1333.637 -85.349|1335.231 -86.794|1337.077 -87.895|1339.104 -88.607|1341.236 -88.918
412 510 6 AV SE,1368.743 -90.175|1369.107 -82.124|1372.819 -0.262|1350.268 6.065|1347.961 2.262|1344.605 -3.431|1341.620 -9.325|1339.027 -15.396|1336.832 -21.634|1335.035 -27.994|1333.658 -34.455|1332.693 -40.993|1332.155 -47.576|1330.785 -77.454|1330.897 -79.600|1331.428 -81.679|1332.351 -83.625|1333.637 -85.349|1335.231 -86.794|1337.077 -87.895|1339.104 -88.607|1341.236 -88.918
413 510 6 AV SE,1368.743 -90.175|1369.107 -82.124|1372.819 -0.262|1350.268 6.065|1347.961 2.262|1344.605 -3.431|1341.620 -9.325|1339.027 -15.396|1336.832 -21.634|1335.035 -27.994|1333.658 -34.455|1332.693 -40.993|1332.155 -47.576|1330.785 -77.454|1330.897 -79.600|1331.428 -81.679|1332.351 -83.625|1333.637 -85.349|1335.231 -86.794|1337.077 -87.895|1339.104 -88.607|1341.236 -88.918
401 510 6 AV SE,1368.743 -90.175|1369.107 -82.124|1372.819 -0.262|1350.268 6.065|1347.961 2.262|1344.605 -3.431|1341.620 -9.325|1339.027 -15.396|1336.832 -21.634|1335.035 -27.994|1333.658 -34.455|1332.693 -40.993|1332.155 -47.576|1330.785 -77.454|1330.897 -79.600|1331.428 -81.679|1332.351 -83.625|1333.637 -85.349|1335.231 -86.794|1337.077 -87.895|1339.104 -88.607|1341.236 -88.918
402 510 6 AV SE,1368.743 -90.175|1369.107 -82.124|1372.819 -0.262|1350.268 6.065|1347.961 2.262|1344.605 -3.431|1341.620 -9.325|1339.027 -15.396|1336.832 -21.634|1335.035 -27.994|1333.658 -34.455|1332.693 -40.993|1332.155 -47.576|1330.785 -77.454|1330.897 -79.600|1331.428 -81.679|1332.351 -83.625|1333.637 -85.349|1335.231 -86.794|1337.077 -87.895|1339.104 -88.607|1341.236 -88.918
403 510 6 AV SE,1368.743 -90.175|1369.107 -82.124|1372.819 -0.262|1350.268 6.065|1347.961 2.262|1344.605 -3.431|1341.620 -9.325|1339.027 -15.396|1336.832 -21.634|1335.035 -27.994|1333.658 -34.455|1332.693 -40.993|1332.155 -47.576|1330.785 -77.454|1330.897 -79.600|1331.428 -81.679|1332.351 -83.625|1333.637 -85.349|1335.231 -86.794|1337.077 -87.895|1339.104 -88.607|1341.236 -88.918
404 510 6 AV SE,1368.743 -90.175|1369.107 -82.124|1372.819 -0.262|1350.268 6.065|1347.961 2.262|1344.605 -3.431|1341.620 -9.325|1339.027 -15.396|1336.832 -21.634|1335.035 -27.994|1333.658 -34.455|1332.693 -40.993|1332.155 -47.576|1330.785 -77.454|1330.897 -79.600|1331.428 -81.679|1332.351 -83.625|1333.637 -85.349|1335.231 -86.794|1337.077 -87.895|1339.104 -88.607|1341.236 -88.918
405 510 6 AV SE,1368.743 -90.175|1369.107 -82.124|1372.819 -0.262|1350.268 6.065|1347.961 2.262|1344.605 -3.431|1341.620 -9.325|1339.027 -15.396|1336.832 -21.634|1335.035 -27.994|1333.658 -34.455|1332.693 -40.993|1332.155 -47.576|1330.785 -77.454|1330.897 -79.600|1331.428 -81.679|1332.351 -83.625|1333.637 -85.349|1335.231 -86.794|1337.077 -87.895|1339.104 -88.607|1341.236 -88.918
406 510 6 AV SE,1368.743 -90.175|1369.107 -82.124|1372.819 -0.262|1350.268 6.065|1347.961 2.262|1344.605 -3.431|1341.620 -9.325|1339.027 -15.396|1336.832 -21.634|1335.035 -27.994|1333.658 -34.455|1332.693 -40.993|1332.155 -47.576|1330.785 -77.454|1330.897 -79.600|1331.428 -81.679|1332.351 -83.625|1333.637 -85.349|1335.231 -86.794|1337.077 -87.895|1339.104 -88.607|1341.236 -88.918
407 510 6 AV SE,1368.743 -90.175|1369.107 -82.124|1372.819 -0.262|1350.268 6.065|1347.961 2.262|1344.605 -3.431|1341.620 -9.325|1339.027 -15.396|1336.832 -21.634|1335.035 -27.994|1333.658 -34.455|1332.693 -40.993|1332.155 -47.576|1330.785 -77.454|1330.897 -79.600|1331.428 -81.679|1332.351 -83.625|1333.637 -85.349|1335.231 -86.794|1337.077 -87.895|1339.104 -88.607|1341.236 -88.918
408 510 6 AV SE,1368.743 -90.175|1369.107 -82.124|1372.819 -0.262|1350.268 6.065|1347.961 2.262|1344.605 -3.431|1341.620 -9.325|1339.027 -15.396|1336.832 -21.634|1335.035 -27.994|1333.658 -34.455|1332.693 -40.993|1332.155 -47.576|1330.785 -77.454|1330.897 -79.600|1331.428 -81.679|1332.351 -83.625|1333.637 -85.349|1335.231 -86.794|1337.077 -87.895|1339.104 -88.607|1341.236 -88.918
409 510 6 AV SE,1368.743 -90.175|1369.107 -82.124|1372.819 -0.262|1350.268 6.065|1347.961 2.262|1344.605 -3.431|1341.620 -9.325|1339.027 -15.396|1336.832 -21.634|1335.035 -27.994|1333.658 -34.455|1332.693 -40.993|1332.155 -47.576|1330.785 -77.454|1330.897 -79.600|1331.428 -81.679|1332.351 -83.625|1333.637 -85.349|1335.231 -86.794|1337.077 -87.895|1339.104 -88.607|1341.236 -88.918
510 510 6 AV SE,1368.743 -90.175|1369.107 -82.124|1372.819 -0.262|1350.268 6.065|1347.961 2.262|1344.605 -3.431|1341.620 -9.325|1339.027 -15.396|1336.832 -21.634|1335.035 -27.994|1333.658 -34.455|1332.693 -40.993|1332.155 -47.576|1330.785 -77.454|1330.897 -79.600|1331.428 -81.679|1332.351 -83.625|1333.637 -85.349|1335.231 -86.794|1337.077 -87.895|1339.104 -88.607|1341.236 -88.918
511 510 6 AV SE,1368.743 -90.175|1369.107 -82.124|1372.819 -0.262|1350.268 6.065|1347.961 2.262|1344.605 -3.431|1341.620 -9.325|1339.027 -15.396|1336.832 -21.634|1335.035 -27.994|1333.658 -34.455|1332.693 -40.993|1332.155 -47.576|1330.785 -77.454|1330.897 -79.600|1331.428 -81.679|1332.351 -83.625|1333.637 -85.349|1335.231 -86.794|1337.077 -87.895|1339.104 -88.607|1341.236 -88.918
512 510 6 AV SE,1368.743 -90.175|1369.107 -82.124|1372.819 -0.262|1350.268 6.065|1347.961 2.262|1344.605 -3.431|1341.620 -9.325|1339.027 -15.396|1336.832 -21.634|1335.035 -27.994|1333.658 -34.455|1332.693 -40.993|1332.155 -47.576|1330.785 -77.454|1330.897 -79.600|1331.428 -81.679|1332.351 -83.625|1333.637 -85.349|1335.231 -86.794|1337.077 -87.895|1339.104 -88.607|1341.236 -88.918
513 510 6 AV SE,1368.743 -90.175|1369.107 -82.124|1372.819 -0.262|1350.268 6.065|1347.961 2.262|1344.605 -3.431|1341.620 -9.325|1339.027 -15.396|1336.832 -21.634|1335.035 -27.994|1333.658 -34.455|1332.693 -40.993|1332.155 -47.576|1330.785 -77.454|1330.897 -79.600|1331.428 -81.679|1332.351 -83.625|1333.637 -85.349|1335.231 -86.794|1337.077 -87.895|1339.104 -88.607|1341.236 -88.918
501 510 6 AV SE,1368.743 -90.175|1369.107 -82.124|1372.819 -0.262|1350.268 6.065|1347.961 2.262|1344.605 -3.431|1341.620 -9.325|1339.027 -15.396|1336.832 -21.634|1335.035 -27.994|1333.658 -34.455|1332.693 -40.993|1332.155 -47.576|1330.785 -77.454|1330.897 -79.600|1331.428 -81.679|1332.351 -83.625|1333.637 -85.349|1335.231 -86.794|1337.077 -87.895|1339.104 -88.607|1341.236 -88.918
502 510 6 AV SE,1368.743 -90.175|1369.107 -82.124|1372.819 -0.262|1350.268 6.065|1347.961 2.262|1344.605 -3.431|1341.620 -9.325|1339.027 -15.396|1336.832 -21.634|1335.035 -27.994|1333.658 -34.455|1332.693 -40.993|1332.155 -47.576|1330.785 -77.454|1330.897 -79.600|1331.428 -81.679|1332.351 -83.625|1333.637 -85.349|1335.231 -86.794|1337.077 -87.895|1339.104 -88.607|1341.236 -88.918
503 510 6 AV SE,1368.743 -90.175|1369.107 -82.124|1372.819 -0.262|1350.268 6.065|1347.961 2.262|1344.605 -3.431|1341.620 -9.325|1339.027 -15.396|1336.832 -21.634|1335.035 -27.994|1333.658 -34.455|1332.693 -40.993|1332.155 -47.576|1330.785 -77.454|1330.897 -79.600|1331.428 -81.679|1332.351 -83.625|1333.637 -85.349|1335.231 -86.794|1337.077 -87.895|1339.104 -88.607|1341.236 -88.918
504 510 6 AV SE,1368.743 -90.175|1369.107 -82.124|1372.819 -0.262|1350.268 6.065|1347.961 2.262|1344.605 -3.431|1341.620 -9.325|1339.027 -15.396|1336.832 -21.634|1335.035 -27.994|1333.658 -34.455|1332.693 -40.993|1332.155 -47.576|1330.785 -77.454|1330.897 -79.600|1331.428 -81.679|1332.351 -83.625|1333.637 -85.349|1335.231 -86.794|1337.077 -87.895|1339.104 -88.607|1341.236 -88.918
505 510 6 AV SE,1368.743 -90.175|1369.107 -82.124|1372.819 -0.262|1350.268 6.065|1347.961 2.262|1344.605 -3.431|1341.620 -9.325|1339.027 -15.396|1336.832 -21.634|1335.035 -27.994|1333.658 -34.455|1332.693 -40.993|1332.155 -47.576|1330.785 -77.454|1330.897 -79.600|1331.428 -81.679|1332.351 -83.625|1333.637 -85.349|1335.231 -86.794|1337.077 -87.895|1339.104 -88.607|1341.236 -88.918
506 510 6 AV SE,1368.743 -90.175|1369.107 -82.124|1372.819 -0.262|1350.268 6.065|1347.961 2.262|1344.605 -3.431|1341.620 -9.325|1339.027 -15.396|1336.832 -21.634|1335.035 -27.994|1333.658 -34.455|1332.693 -40.993|1332.155 -47.576|1330.785 -77.454|1330.897 -79.600|1331.428 -81.679|1332.351 -83.625|1333.637 -85.349|1335.231 -86.794|1337.077 -87.895|1339.104 -88.607|1341.236 -88.918
507 510 6 AV SE,1368.743 -90.175|1369.107 -82.124|1372.819 -0.262|1350.268 6.065|1347.961 2.262|1344.605 -3.431|1341.620 -9.325|1339.027 -15.396|1336.832 -21.634|1335.035 -27.994|1333.658 -34.455|1332.693 -40.993|1332.155 -47.576|1330.785 -77.454|1330.897 -79.600|1331.428 -81.679|1332.351 -83.625|1333.637 -85.349|1335.231 -86.794|1337.077 -87.895|1339.104 -88.607|1341.236 -88.918
508 510 6 AV SE,1368.743 -90.175|1369.107 -82.124|1372.819 -0.262|1350.268 6.065|1347.961 2.262|1344.605 -3.431|1341.620 -9.325|1339.027 -15.396|1336.832 -21.634|1335.035 -27.994|1333.658 -34.455|1332.693 -40.993|1332.155 -47.576|1330.785 -77.454|1330.897 -79.600|1331.428 -81.679|1332.351 -83.625|1333.637 -85.349|1335.231 -86.794|1337.077 -87.895|1339.104 -88.607|1341.236 -88.918
509 510 6 AV SE,1368.743 -90.175|1369.107 -82.124|1372.819 -0.262|1350.268 6.065|1347.961 2.262|1344.605 -3.431|1341.620 -9.325|1339.027 -15.396|1336.832 -21.634|1335.035 -27.994|1333.658 -34.455|1332.693 -40.993|1332.155 -47.576|1330.785 -77.454|1330.897 -79.600|1331.428 -81.679|1332.351 -83.625|1333.637 -85.349|1335.231 -86.794|1337.077 -87.895|1339.104 -88.607|1341.236 -88.918
608 510 6 AV SE,1368.743 -90.175|1369.107 -82.124|1372.819 -0.262|1350.268 6.065|1347.961 2.262|1344.605 -3.431|1341.620 -9.325|1339.027 -15.396|1336.832 -21.634|1335.035 -27.994|1333.658 -34.455|1332.693 -40.993|1332.155 -47.576|1330.785 -77.454|1330.897 -79.600|1331.428 -81.679|1332.351 -83.625|1333.637 -85.349|1335.231 -86.794|1337.077 -87.895|1339.104 -88.607|1341.236 -88.918
609 510 6 AV SE,1368.743 -90.175|1369.107 -82.124|1372.819 -0.262|1350.268 6.065|1347.961 2.262|1344.605 -3.431|1341.620 -9.325|1339.027 -15.396|1336.832 -21.634|1335.035 -27.994|1333.658 -34.455|1332.693 -40.993|1332.155 -47.576|1330.785 -77.454|1330.897 -79.600|1331.428 -81.679|1332.351 -83.625|1333.637 -85.349|1335.231 -86.794|1337.077 -87.895|1339.104 -88.607|1341.236 -88.918
610 510 6 AV SE,1368.743 -90.175|1369.107 -82.124|1372.819 -0.262|1350.268 6.065|1347.961 2.262|1344.605 -3.431|1341.620 -9.325|1339.027 -15.396|1336.832 -21.634|1335.035 -27.994|1333.658 -34.455|1332.693 -40.993|1332.155 -47.576|1330.785 -77.454|1330.897 -79.600|1331.428 -81.679|1332.351 -83.625|1333.637 -85.349|1335.231 -86.794|1337.077 -87.895|1339.104 -88.607|1341.236 -88.918
611 510 6 AV SE,1368.743 -90.175|1369.107 -82.124|1372.819 -0.262|1350.268 6.065|1347.961 2.262|1344.605 -3.431|1341.620 -9.325|1339.027 -15.396|1336.832 -21.634|1335.035 -27.994|1333.658 -34.455|1332.693 -40.993|1332.155 -47.576|1330.785 -77.454|1330.897 -79.600|1331.428 -81.679|1332.351 -83.625|1333.637 -85.349|1335.231 -86.794|1337.077 -87.895|1339.104 -88.607|1341.236 -88.918
601 510 6 AV SE,1368.743 -90.175|1369.107 -82.124|1372.819 -0.262|1350.268 6.065|1347.961 2.262|1344.605 -3.431|1341.620 -9.325|1339.027 -15.396|1336.832 -21.634|1335.035 -27.994|1333.658 -34.455|1332.693 -40.993|1332.155 -47.576|1330.785 -77.454|1330.897 -79.600|1331.428 -81.679|1332.351 -83.625|1333.637 -85.349|1335.231 -86.794|1337.077 -87.895|1339.104 -88.607|1341.236 -88.918
602 510 6 AV SE,1368.743 -90.175|1369.107 -82.124|1372.819 -0.262|1350.268 6.065|1347.961 2.262|1344.605 -3.431|1341.620 -9.325|1339.027 -15.396|1336.832 -21.634|1335.035 -27.994|1333.658 -34.455|1332.693 -40.993|1332.155 -47.576|1330.785 -77.454|1330.897 -79.600|1331.428 -81.679|1332.351 -83.625|1333.637 -85.349|1335.231 -86.794|1337.077 -87.895|1339.104 -88.607|1341.236 -88.918
603 510 6 AV SE,1368.743 -90.175|1369.107 -82.124|1372.819 -0.262|1350.268 6.065|1347.961 2.262|1344.605 -3.431|1341.620 -9.325|1339.027 -15.396|1336.832 -21.634|1335.035 -27.994|1333.658 -34.455|1332.693 -40.993|1332.155 -47.576|1330.785 -77.454|1330.897 -79.600|1331.428 -81.679|1332.351 -83.625|1333.637 -85.349|1335.231 -86.794|1337.077 -87.895|1339.104 -88.607|1341.236 -88.918
604 510 6 AV SE,1368.743 -90.175|1369.107 -82.124|1372.819 -0.262|1350.268 6.065|1347.961 2.262|1344.605 -3.431|1341.620 -9.325|1339.027 -15.396|1336.832 -21.634|1335.035 -27.994|1333.658 -34.455|1332.693 -40.993|1332.155 -47.576|1330.785 -77.454|1330.897 -79.600|1331.428 -81.679|1332.351 -83.625|1333.637 -85.349|1335.231 -86.794|1337.077 -87.895|1339.104 -88.607|1341.236 -88.918
605 510 6 AV SE,1368.743 -90.175|1369.107 -82.124|1372.819 -0.262|1350.268 6.065|1347.961 2.262|1344.605 -3.431|1341.620 -9.325|1339.027 -15.396|1336.832 -21.634|1335.035 -27.994|1333.658 -34.455|1332.693 -40.993|1332.155 -47.576|1330.785 -77.454|1330.897 -79.600|1331.428 -81.679|1332.351 -83.625|1333.637 -85.349|1335.231 -86.794|1337.077 -87.895|1339.104 -88.607|1341.236 -88.918
606 510 6 AV SE,1368.743 -90.175|1369.107 -82.124|1372.819 -0.262|1350.268 6.065|1347.961 2.262|1344.605 -3.431|1341.620 -9.325|1339.027 -15.396|1336.832 -21.634|1335.035 -27.994|1333.658 -34.455|1332.693 -40.993|1332.155 -47.576|1330.785 -77.454|1330.897 -79.600|1331.428 -81.679|1332.351 -83.625|1333.637 -85.349|1335.231 -86.794|1337.077 -87.895|1339.104 -88.607|1341.236 -88.918
607 510 6 AV SE,1368.743 -90.175|1369.107 -82.124|1372.819 -0.262|1350.268 6.065|1347.961 2.262|1344.605 -3.431|1341.620 -9.325|1339.027 -15.396|1336.832 -21.634|1335.035 -27.994|1333.658 -34.455|1332.693 -40.993|1332.155 -47.576|1330.785 -77.454|1330.897 -79.600|1331.428 -81.679|1332.351 -83.625|1333.637 -85.349|1335.231 -86.794|1337.077 -87.895|1339.104 -88.607|1341.236 -88.918
708 510 6 AV SE,1368.743 -90.175|1369.107 -82.124|1372.819 -0.262|1350.268 6.065|1347.961 2.262|1344.605 -3.431|1341.620 -9.325|1339.027 -15.396|1336.832 -21.634|1335.035 -27.994|1333.658 -34.455|1332.693 -40.993|1332.155 -47.576|1330.785 -77.454|1330.897 -79.600|1331.428 -81.679|1332.351 -83.625|1333.637 -85.349|1335.231 -86.794|1337.077 -87.895|1339.104 -88.607|1341.236 -88.918
709 510 6 AV SE,1368.743 -90.175|1369.107 -82.124|1372.819 -0.262|1350.268 6.065|1347.961 2.262|1344.605 -3.431|1341.620 -9.325|1339.027 -15.396|1336.832 -21.634|1335.035 -27.994|1333.658 -34.455|1332.693 -40.993|1332.155 -47.576|1330.785 -77.454|1330.897 -79.600|1331.428 -81.679|1332.351 -83.625|1333.637 -85.349|1335.231 -86.794|1337.077 -87.895|1339.104 -88.607|1341.236 -88.918
710 510 6 AV SE,1368.743 -90.175|1369.107 -82.124|1372.819 -0.262|1350.268 6.065|1347.961 2.262|1344.605 -3.431|1341.620 -9.325|1339.027 -15.396|1336.832 -21.634|1335.035 -27.994|1333.658 -34.455|1332.693 -40.993|1332.155 -47.576|1330.785 -77.454|1330.897 -79.600|1331.428 -81.679|1332.351 -83.625|1333.637 -85.349|1335.231 -86.794|1337.077 -87.895|1339.104 -88.607|1341.236 -88.918
711 510 6 AV SE,1368.743 -90.175|1369.107 -82.124|1372.819 -0.262|1350.268 6.065|1347.961 2.262|1344.605 -3.431|1341.620 -9.325|1339.027 -15.396|1336.832 -21.634|1335.035 -27.994|1333.658 -34.455|1332.693 -40.993|1332.155 -47.576|1330.785 -77.454|1330.897 -79.600|1331.428 -81.679|1332.351 -83.625|1333.637 -85.349|1335.231 -86.794|1337.077 -87.895|1339.104 -88.607|1341.236 -88.918
701 510 6 AV SE,1368.743 -90.175|1369.107 -82.124|1372.819 -0.262|1350.268 6.065|1347.961 2.262|1344.605 -3.431|1341.620 -9.325|1339.027 -15.396|1336.832 -21.634|1335.035 -27.994|1333.658 -34.455|1332.693 -40.993|1332.155 -47.576|1330.785 -77.454|1330.897 -79.600|1331.428 -81.679|1332.351 -83.625|1333.637 -85.349|1335.231 -86.794|1337.077 -87.895|1339.104 -88.607|1341.236 -88.918
702 510 6 AV SE,1368.743 -90.175|1369.107 -82.124|1372.819 -0.262|1350.268 6.065|1347.961 2.262|1344.605 -3.431|1341.620 -9.325|1339.027 -15.396|1336.832 -21.634|1335.035 -27.994|1333.658 -34.455|1332.693 -40.993|1332.155 -47.576|1330.785 -77.454|1330.897 -79.600|1331.428 -81.679|1332.351 -83.625|1333.637 -85.349|1335.231 -86.794|1337.077 -87.895|1339.104 -88.607|1341.236 -88.918
703 510 6 AV SE,1368.743 -90.175|1369.107 -82.124|1372.819 -0.262|1350.268 6.065|1347.961 2.262|1344.605 -3.431|1341.620 -9.325|1339.027 -15.396|1336.832 -21.634|1335.035 -27.994|1333.658 -34.455|1332.693 -40.993|1332.155 -47.576|1330.785 -77.454|1330.897 -79.600|1331.428 -81.679|1332.351 -83.625|1333.637 -85.349|1335.231 -86.794|1337.077 -87.895|1339.104 -88.607|1341.236 -88.918
704 510 6 AV SE,1368.743 -90.175|1369.107 -82.124|1372.819 -0.262|1350.268 6.065|1347.961 2.262|1344.605 -3.431|1341.620 -9.325|1339.027 -15.396|1336.832 -21.634|1335.035 -27.994|1333.658 -34.455|1332.693 -40.993|1332.155 -47.576|1330.785 -77.454|1330.897 -79.600|1331.428 -81.679|1332.351 -83.625|1333.637 -85.349|1335.231 -86.794|1337.077 -87.895|1339.104 -88.607|1341.236 -88.918
705 510 6 AV SE,1368.743 -90.175|1369.107 -82.124|1372.819 -0.262|1350.268 6.065|1347.961 2.262|1344.605 -3.431|1341.620 -9.325|1339.027 -15.396|1336.832 -21.634|1335.035 -27.994|1333.658 -34.455|1332.693 -40.993|1332.155 -47.576|1330.785 -77.454|1330.897 -79.600|1331.428 -81.679|1332.351 -83.625|1333.637 -85.349|1335.231 -86.794|1337.077 -87.895|1339.104 -88.607|1341.236 -88.918
706 510 6 AV SE,1368.743 -90.175|1369.107 -82.124|1372.819 -0.262|1350.268 6.065|1347.961 2.262|1344.605 -3.431|1341.620 -9.325|1339.027 -15.396|1336.832 -21.634|1335.035 -27.994|1333.658 -34.455|1332.693 -40.993|1332.155 -47.576|1330.785 -77.454|1330.897 -79.600|1331.428 -81.679|1332.351 -83.625|1333.637 -85.349|1335.231 -86.794|1337.077 -87.895|1339.104 -88.607|1341.236 -88.918
707 510 6 AV SE,1368.743 -90.175|1369.107 -82.124|1372.819 -0.262|1350.268 6.065|1347.961 2.262|1344.605 -3.431|1341.620 -9.325|1339.027 -15.396|1336.832 -21.634|1335.035 -27.994|1333.658 -34.455|1332.693 -40.993|1332.155 -47.576|1330.785 -77.454|1330.897 -79.600|1331.428 -81.679|1332.351 -83.625|1333.637 -85.349|1335.231 -86.794|1337.077 -87.895|1339.104 -88.607|1341.236 -88.918
805 510 6 AV SE,1368.743 -90.175|1369.107 -82.124|1372.819 -0.262|1350.268 6.065|1347.961 2.262|1344.605 -3.431|1341.620 -9.325|1339.027 -15.396|1336.832 -21.634|1335.035 -27.994|1333.658 -34.455|1332.693 -40.993|1332.155 -47.576|1330.785 -77.454|1330.897 -79.600|1331.428 -81.679|1332.351 -83.625|1333.637 -85.349|1335.231 -86.794|1337.077 -87.895|1339.104 -88.607|1341.236 -88.918
806 510 6 AV SE,1368.743 -90.175|1369.107 -82.124|1372.819 -0.262|1350.268 6.065|1347.961 2.262|1344.605 -3.431|1341.620 -9.325|1339.027 -15.396|1336.832 -21.634|1335.035 -27.994|1333.658 -34.455|1332.693 -40.993|1332.155 -47.576|1330.785 -77.454|1330.897 -79.600|1331.428 -81.679|1332.351 -83.625|1333.637 -85.349|1335.231 -86.794|1337.077 -87.895|1339.104 -88.607|1341.236 -88.918
807 510 6 AV SE,1368.743 -90.175|1369.107 -82.124|1372.819 -0.262|1350.268 6.065|1347.961 2.262|1344.605 -3.431|1341.620 -9.325|1339.027 -15.396|1336.832 -21.634|1335.035 -27.994|1333.658 -34.455|1332.693 -40.993|1332.155 -47.576|1330.785 -77.454|1330.897 -79.600|1331.428 -81.679|1332.351 -83.625|1333.637 -85.349|1335.231 -86.794|1337.077 -87.895|1339.104 -88.607|1341.236 -88.918
808 510 6 AV SE,1368.743 -90.175|1369.107 -82.124|1372.819 -0.262|1350.268 6.065|1347.961 2.262|1344.605 -3.431|1341.620 -9.325|1339.027 -15.396|1336.832 -21.634|1335.035 -27.994|1333.658 -34.455|1332.693 -40.993|1332.155 -47.576|1330.785 -77.454|1330.897 -79.600|1331.428 -81.679|1332.351 -83.625|1333.637 -85.349|1335.231 -86.794|1337.077 -87.895|1339.104 -88.607|1341.236 -88.918
801 510 6 AV SE,1368.743 -90.175|1369.107 -82.124|1372.819 -0.262|1350.268 6.065|1347.961 2.262|1344.605 -3.431|1341.620 -9.325|1339.027 -15.396|1336.832 -21.634|1335.035 -27.994|1333.658 -34.455|1332.693 -40.993|1332.155 -47.576|1330.785 -77.454|1330.897 -79.600|1331.428 -81.679|1332.351 -83.625|1333.637 -85.349|1335.231 -86.794|1337.077 -87.895|1339.104 -88.607|1341.236 -88.918
802 510 6 AV SE,1368.743 -90.175|1369.107 -82.124|1372.819 -0.262|1350.268 6.065|1347.961 2.262|1344.605 -3.431|1341.620 -9.325|1339.027 -15.396|1336.832 -21.634|1335.035 -27.994|1333.658 -34.455|1332.693 -40.993|1332.155 -47.576|1330.785 -77.454|1330.897 -79.600|1331.428 -81.679|1332.351 -83.625|1333.637 -85.349|1335.231 -86.794|1337.077 -87.895|1339.104 -88.607|1341.236 -88.918
803 510 6 AV SE,1368.743 -90.175|1369.107 -82.124|1372.819 -0.262|1350.268 6.065|1347.961 2.262|1344.605 -3.431|1341.620 -9.325|1339.027 -15.396|1336.832 -21.634|1335.035 -27.994|1333.658 -34.455|1332.693 -40.993|1332.155 -47.576|1330.785 -77.454|1330.897 -79.600|1331.428 -81.679|1332.351 -83.625|1333.637 -85.349|1335.231 -86.794|1337.077 -87.895|1339.104 -88.607|1341.236 -88.918
804 510 6 AV SE,1368.743 -90.175|1369.107 -82.124|1372.819 -0.262|1350.268 6.065|1347.961 2.262|1344.605 -3.431|1341.620 -9.325|1339.027 -15.396|1336.832 -21.634|1335.035 -27.994|1333.658 -34.455|1332.693 -40.993|1332.155 -47.576|1330.785 -77.454|1330.897 -79.600|1331.428 -81.679|1332.351 -83.625|1333.637 -85.349|1335.231 -86.794|1337.077 -87.895|1339.104 -88.607|1341.236 -88.918
905 510 6 AV SE,1368.743 -90.175|1369.107 -82.124|1372.819 -0.262|1350.268 6.065|1347.961 2.262|1344.605 -3.431|1341.620 -9.325|1339.027 -15.396|1336.832 -21.634|1335.035 -27.994|1333.658 -34.455|1332.693 -40.993|1332.155 -47.576|1330.785 -77.454|1330.897 -79.600|1331.428 -81.679|1332.351 -83.625|1333.637 -85.349|1335.231 -86.794|1337.077 -87.895|1339.104 -88.607|1341.236 -88.918
906 510 6 AV SE,1368.743 -90.175|1369.107 -82.124|1372.819 -0.262|1350.268 6.065|1347.961 2.262|1344.605 -3.431|1341.620 -9.325|1339.027 -15.396|1336.832 -21.634|1335.035 -27.994|1333.658 -34.455|1332.693 -40.993|1332.155 -47.576|1330.785 -77.454|1330.897 -79.600|1331.428 -81.679|1332.351 -83.625|1333.637 -85.349|1335.231 -86.794|1337.077 -87.895|1339.104 -88.607|1341.236 -88.918
907 510 6 AV SE,1368.743 -90.175|1369.107 -82.124|1372.819 -0.262|1350.268 6.065|1347.961 2.262|1344.605 -3.431|1341.620 -9.325|1339.027 -15.396|1336.832 -21.634|1335.035 -27.994|1333.658 -34.455|1332.693 -40.993|1332.155 -47.576|1330.785 -77.454|1330.897 -79.600|1331.428 -81.679|1332.351 -83.625|1333.637 -85.349|1335.231 -86.794|1337.077 -87.895|1339.104 -88.607|1341.236 -88.918
908 510 6 AV SE,1368.743 -90.175|1369.107 -82.124|1372.819 -0.262|1350.268 6.065|1347.961 2.262|1344.605 -3.431|1341.620 -9.325|1339.027 -15.396|1336.832 -21.634|1335.035 -27.994|1333.658 -34.455|1332.693 -40.993|1332.155 -47.576|1330.785 -77.454|1330.897 -79.600|1331.428 -81.679|1332.351 -83.625|1333.637 -85.349|1335.231 -86.794|1337.077 -87.895|1339.104 -88.607|1341.236 -88.918
901 510 6 AV SE,1368.743 -90.175|1369.107 -82.124|1372.819 -0.262|1350.268 6.065|1347.961 2.262|1344.605 -3.431|1341.620 -9.325|1339.027 -15.396|1336.832 -21.634|1335.035 -27.994|1333.658 -34.455|1332.693 -40.993|1332.155 -47.576|1330.785 -77.454|1330.897 -79.600|1331.428 -81.679|1332.351 -83.625|1333.637 -85.349|1335.231 -86.794|1337.077 -87.895|1339.104 -88.607|1341.236 -88.918
902 510 6 AV SE,1368.743 -90.175|1369.107 -82.124|1372.819 -0.262|1350.268 6.065|1347.961 2.262|1344.605 -3.431|1341.620 -9.325|1339.027 -15.396|1336.832 -21.634|1335.035 -27.994|1333.658 -34.455|1332.693 -40.993|1332.155 -47.576|1330.785 -77.454|1330.897 -79.600|1331.428 -81.679|1332.351 -83.625|1333.637 -85.349|1335.231 -86.794|1337.077 -87.895|1339.104 -88.607|1341.236 -88.918
903 510 6 AV SE,1368.743 -90.175|1369.107 -82.124|1372.819 -0.262|1350.268 6.065|1347.961 2.262|1344.605 -3.431|1341.620 -9.325|1339.027 -15.396|1336.832 -21.634|1335.035 -27.994|1333.658 -34.455|1332.693 -40.993|1332.155 -47.576|1330.785 -77.454|1330.897 -79.600|1331.428 -81.679|1332.351 -83.625|1333.637 -85.349|1335.231 -86.794|1337.077 -87.895|1339.104 -88.607|1341.236 -88.918
904 510 6 AV SE,1368.743 -90.175|1369.107 -82.124|1372.819 -0.262|1350.268 6.065|1347.961 2.262|1344.605 -3.431|1341.620 -9.325|1339.027 -15.396|1336.832 -21.634|1335.035 -27.994|1333.658 -34.455|1332.693 -40.993|1332.155 -47.576|1330.785 -77.454|1330.897 -79.600|1331.428 -81.679|1332.351 -83.625|1333.637 -85.349|1335.231 -86.794|1337.077 -87.895|1339.104 -88.607|1341.236 -88.918
1005 510 6 AV SE,1368.743 -90.175|1369.107 -82.124|1372.819 -0.262|1350.268 6.065|1347.961 2.262|1344.605 -3.431|1341.620 -9.325|1339.027 -15.396|1336.832 -21.634|1335.035 -27.994|1333.658 -34.455|1332.693 -40.993|1332.155 -47.576|1330.785 -77.454|1330.897 -79.600|1331.428 -81.679|1332.351 -83.625|1333.637 -85.349|1335.231 -86.794|1337.077 -87.895|1339.104 -88.607|1341.236 -88.918
1006 510 6 AV SE,1368.743 -90.175|1369.107 -82.124|1372.819 -0.262|1350.268 6.065|1347.961 2.262|1344.605 -3.431|1341.620 -9.325|1339.027 -15.396|1336.832 -21.634|1335.035 -27.994|1333.658 -34.455|1332.693 -40.993|1332.155 -47.576|1330.785 -77.454|1330.897 -79.600|1331.428 -81.679|1332.351 -83.625|1333.637 -85.349|1335.231 -86.794|1337.077 -87.895|1339.104 -88.607|1341.236 -88.918
1007 510 6 AV SE,1368.743 -90.175|1369.107 -82.124|1372.819 -0.262|1350.268 6.065|1347.961 2.262|1344.605 -3.431|1341.620 -9.325|1339.027 -15.396|1336.832 -21.634|1335.035 -27.994|1333.658 -34.455|1332.693 -40.993|1332.155 -47.576|1330.785 -77.454|1330.897 -79.600|1331.428 -81.679|1332.351 -83.625|1333.637 -85.349|1335.231 -86.794|1337.077 -87.895|1339.104 -88.607|1341.236 -88.918
1008 510 6 AV SE,1368.743 -90.175|1369.107 -82.124|1372.819 -0.262|1350.268 6.065|1347.961 2.262|1344.605 -3.431|1341.620 -9.325|1339.027 -15.396|1336.832 -21.634|1335.035 -27.994|1333.658 -34.455|1332.693 -40.993|1332.155 -47.576|1330.785 -77.454|1330.897 -79.600|1331.428 -81.679|1332.351 -83.625|1333.637 -85.349|1335.231 -86.794|1337.077 -87.895|1339.104 -88.607|1341.236 -88.918
1001 510 6 AV SE,1368.743 -90.175|1369.107 -82.124|1372.819 -0.262|1350.268 6.065|1347.961 2.262|1344.605 -3.431|1341.620 -9.325|1339.027 -15.396|1336.832 -21.634|1335.035 -27.994|1333.658 -34.455|1332.693 -40.993|1332.155 -47.576|1330.785 -77.454|1330.897 -79.600|1331.428 -81.679|1332.351 -83.625|1333.637 -85.349|1335.231 -86.794|1337.077 -87.895|1339.104 -88.607|1341.236 -88.918
1002 510 6 AV SE,1368.743 -90.175|1369.107 -82.124|1372.819 -0.262|1350.268 6.065|1347.961 2.262|1344.605 -3.431|1341.620 -9.325|1339.027 -15.396|1336.832 -21.634|1335.035 -27.994|1333.658 -34.455|1332.693 -40.993|1332.155 -47.576|1330.785 -77.454|1330.897 -79.600|1331.428 -81.679|1332.351 -83.625|1333.637 -85.349|1335.231 -86.794|1337.077 -87.895|1339.104 -88.607|1341.236 -88.918
1003 510 6 AV SE,1368.743 -90.175|1369.107 -82.124|1372.819 -0.262|1350.268 6.065|1347.961 2.262|1344.605 -3.431|1341.620 -9.325|1339.027 -15.396|1336.832 -21.634|1335.035 -27.994|1333.658 -34.455|1332.693 -40.993|1332.155 -47.576|1330.785 -77.454|1330.897 -79.600|1331.428 -81.679|1332.351 -83.625|1333.637 -85.349|1335.231 -86.794|1337.077 -87.895|1339.104 -88.607|1341.236 -88.918
1004 510 6 AV SE,1368.743 -90.175|1369.107 -82.124|1372.819 -0.262|1350.268 6.065|1347.961 2.262|1344.605 -3.431|1341.620 -9.325|1339.027 -15.396|1336.832 -21.634|1335.035 -27.994|1333.658 -34.455|1332.693 -40.993|1332.155 -47.576|1330.785 -77.454|1330.897 -79.600|1331.428 -81.679|1332.351 -83.625|1333.637 -85.349|1335.231 -86.794|1337.077 -87.895|1339.104 -88.607|1341.236 -88.918
1105 510 6 AV SE,1368.743 -90.175|1369.107 -82.124|1372.819 -0.262|1350.268 6.065|1347.961 2.262|1344.605 -3.431|1341.620 -9.325|1339.027 -15.396|1336.832 -21.634|1335.035 -27.994|1333.658 -34.455|1332.693 -40.993|1332.155 -47.576|1330.785 -77.454|1330.897 -79.600|1331.428 -81.679|1332.351 -83.625|1333.637 -85.349|1335.231 -86.794|1337.077 -87.895|1339.104 -88.607|1341.236 -88.918
1106 510 6 AV SE,1368.743 -90.175|1369.107 -82.124|1372.819 -0.262|1350.268 6.065|1347.961 2.262|1344.605 -3.431|1341.620 -9.325|1339.027 -15.396|1336.832 -21.634|1335.035 -27.994|1333.658 -34.455|1332.693 -40.993|1332.155 -47.576|1330.785 -77.454|1330.897 -79.600|1331.428 -81.679|1332.351 -83.625|1333.637 -85.349|1335.231 -86.794|1337.077 -87.895|1339.104 -88.607|1341.236 -88.918
1107 510 6 AV SE,1368.743 -90.175|1369.107 -82.124|1372.819 -0.262|1350.268 6.065|1347.961 2.262|1344.605 -3.431|1341.620 -9.325|1339.027 -15.396|1336.832 -21.634|1335.035 -27.994|1333.658 -34.455|1332.693 -40.993|1332.155 -47.576|1330.785 -77.454|1330.897 -79.600|1331.428 -81.679|1332.351 -83.625|1333.637 -85.349|1335.231 -86.794|1337.077 -87.895|1339.104 -88.607|1341.236 -88.918
1108 510 6 AV SE,1368.743 -90.175|1369.107 -82.124|1372.819 -0.262|1350.268 6.065|1347.961 2.262|1344.605 -3.431|1341.620 -9.325|1339.027 -15.396|1336.832 -21.634|1335.035 -27.994|1333.658 -34.455|1332.693 -40.993|1332.155 -47.576|1330.785 -77.454|1330.897 -79.600|1331.428 -81.679|1332.351 -83.625|1333.637 -85.349|1335.231 -86.794|1337.077 -87.895|1339.104 -88.607|1341.236 -88.918
1101 510 6 AV SE,1368.743 -90.175|1369.107 -82.124|1372.819 -0.262|1350.268 6.065|1347.961 2.262|1344.605 -3.431|1341.620 -9.325|1339.027 -15.396|1336.832 -21.634|1335.035 -27.994|1333.658 -34.455|1332.693 -40.993|1332.155 -47.576|1330.785 -77.454|1330.897 -79.600|1331.428 -81.679|1332.351 -83.625|1333.637 -85.349|1335.231 -86.794|1337.077 -87.895|1339.104 -88.607|1341.236 -88.918
1102 510 6 AV SE,1368.743 -90.175|1369.107 -82.124|1372.819 -0.262|1350.268 6.065|1347.961 2.262|1344.605 -3.431|1341.620 -9.325|1339.027 -15.396|1336.832 -21.634|1335.035 -27.994|1333.658 -34.455|1332.693 -40.993|1332.155 -47.576|1330.785 -77.454|1330.897 -79.600|1331.428 -81.679|1332.351 -83.625|1333.637 -85.349|1335.231 -86.794|1337.077 -87.895|1339.104 -88.607|1341.236 -88.918
1103 510 6 AV SE,1368.743 -90.175|1369.107 -82.124|1372.819 -0.262|1350.268 6.065|1347.961 2.262|1344.605 -3.431|1341.620 -9.325|1339.027 -15.396|1336.832 -21.634|1335.035 -27.994|1333.658 -34.455|1332.693 -40.993|1332.155 -47.576|1330.785 -77.454|1330.897 -79.600|1331.428 -81.679|1332.351 -83.625|1333.637 -85.349|1335.231 -86.794|1337.077 -87.895|1339.104 -88.607|1341.236 -88.918
1104 510 6 AV SE,1368.743 -90.175|1369.107 -82.124|1372.819 -0.262|1350.268 6.065|1347.961 2.262|1344.605 -3.431|1341.620 -9.325|1339.027 -15.396|1336.832 -21.634|1335.035 -27.994|1333.658 -34.455|1332.693 -40.993|1332.155 -47.576|1330.785 -77.454|1330.897 -79.600|1331.428 -81.679|1332.351 -83.625|1333.637 -85.349|1335.231 -86.794|1337.077 -87.895|1339.104 -88.607|1341.236 -88.918
1205 510 6 AV SE,1368.743 -90.175|1369.107 -82.124|1372.819 -0.262|1350.268 6.065|1347.961 2.262|1344.605 -3.431|1341.620 -9.325|1339.027 -15.396|1336.832 -21.634|1335.035 -27.994|1333.658 -34.455|1332.693 -40.993|1332.155 -47.576|1330.785 -77.454|1330.897 -79.600|1331.428 -81.679|1332.351 -83.625|1333.637 -85.349|1335.231 -86.794|1337.077 -87.895|1339.104 -88.607|1341.236 -88.918
1206 510 6 AV SE,1368.743 -90.175|1369.107 -82.124|1372.819 -0.262|1350.268 6.065|1347.961 2.262|1344.605 -3.431|1341.620 -9.325|1339.027 -15.396|1336.832 -21.634|1335.035 -27.994|1333.658 -34.455|1332.693 -40.993|1332.155 -47.576|1330.785 -77.454|1330.897 -79.600|1331.428 -81.679|1332.351 -83.625|1333.637 -85.349|1335.231 -86.794|1337.077 -87.895|1339.104 -88.607|1341.236 -88.918
1207 510 6 AV SE,1368.743 -90.175|1369.107 -82.124|1372.819 -0.262|1350.268 6.065|1347.961 2.262|1344.605 -3.431|1341.620 -9.325|1339.027 -15.396|1336.832 -21.634|1335.035 -27.994|1333.658 -34.455|1332.693 -40.993|1332.155 -47.576|1330.785 -77.454|1330.897 -79.600|1331.428 -81.679|1332.351 -83.625|1333.637 -85.349|1335.231 -86.794|1337.077 -87.895|1339.104 -88.607|1341.236 -88.918
1208 510 6 AV SE,1368.743 -90.175|1369.107 -82.124|1372.819 -0.262|1350.268 6.065|1347.961 2.262|1344.605 -3.431|1341.620 -9.325|1339.027 -15.396|1336.832 -21.634|1335.035 -27.994|1333.658 -34.455|1332.693 -40.993|1332.155 -47.576|1330.785 -77.454|1330.897 -79.600|1331.428 -81.679|1332.351 -83.625|1333.637 -85.349|1335.231 -86.794|1337.077 -87.895|1339.104 -88.607|1341.236 -88.918
1201 510 6 AV SE,1368.743 -90.175|1369.107 -82.124|1372.819 -0.262|1350.268 6.065|1347.961 2.262|1344.605 -3.431|1341.620 -9.325|1339.027 -15.396|1336.832 -21.634|1335.035 -27.994|1333.658 -34.455|1332.693 -40.993|1332.155 -47.576|1330.785 -77.454|1330.897 -79.600|1331.428 -81.679|1332.351 -83.625|1333.637 -85.349|1335.231 -86.794|1337.077 -87.895|1339.104 -88.607|1341.236 -88.918
1202 510 6 AV SE,1368.743 -90.175|1369.107 -82.124|1372.819 -0.262|1350.268 6.065|1347.961 2.262|1344.605 -3.431|1341.620 -9.325|1339.027 -15.396|1336.832 -21.634|1335.035 -27.994|1333.658 -34.455|1332.693 -40.993|1332.155 -47.576|1330.785 -77.454|1330.897 -79.600|1331.428 -81.679|1332.351 -83.625|1333.637 -85.349|1335.231 -86.794|1337.077 -87.895|1339.104 -88.607|1341.236 -88.918
1203 510 6 AV SE,1368.743 -90.175|1369.107 -82.124|1372.819 -0.262|1350.268 6.065|1347.961 2.262|1344.605 -3.431|1341.620 -9.325|1339.027 -15.396|1336.832 -21.634|1335.035 -27.994|1333.658 -34.455|1332.693 -40.993|1332.155 -47.576|1330.785 -77.454|1330.897 -79.600|1331.428 -81.679|1332.351 -83.625|1333.637 -85.349|1335.231 -86.794|1337.077 -87.895|1339.104 -88.607|1341.236 -88.918
1204 510 6 AV SE,1368.743 -90.175|1369.107 -82.124|1372.819 -0.262|1350.268 6.065|1347.961 2.262|1344.605 -3.431|1341.620 -9.325|1339.027 -15.396|1336.832 -21.634|1335.035 -27.994|1333.658 -34.455|1332.693 -40.993|1332.155 -47.576|1330.785 -77.454|1330.897 -79.600|1331.428 -81.679|1332.351 -83.625|1333.637 -85.349|1335.231 -86.794|1337.077 -87.895|1339.104 -88.607|1341.236 -88.918
1305 510 6 AV SE,1368.743 -90.175|1369.107 -82.124|1372.819 -0.262|1350.268 6.065|1347.961 2.262|1344.605 -3.431|1341.620 -9.325|1339.027 -15.396|1336.832 -21.634|1335.035 -27.994|1333.658 -34.455|1332.693 -40.993|1332.155 -47.576|1330.785 -77.454|1330.897 -79.600|1331.428 -81.679|1332.351 -83.625|1333.637 -85.349|1335.231 -86.794|1337.077 -87.895|1339.104 -88.607|1341.236 -88.918
1306 510 6 AV SE,1368.743 -90.175|1369.107 -82.124|1372.819 -0.262|1350.268 6.065|1347.961 2.262|1344.605 -3.431|1341.620 -9.325|1339.027 -15.396|1336.832 -21.634|1335.035 -27.994|1333.658 -34.455|1332.693 -40.993|1332.155 -47.576|1330.785 -77.454|1330.897 -79.600|1331.428 -81.679|1332.351 -83.625|1333.637 -85.349|1335.231 -86.794|1337.077 -87.895|1339.104 -88.607|1341.236 -88.918
1307 510 6 AV SE,1368.743 -90.175|1369.107 -82.124|1372.819 -0.262|1350.268 6.065|1347.961 2.262|1344.605 -3.431|1341.620 -9.325|1339.027 -15.396|1336.832 -21.634|1335.035 -27.994|1333.658 -34.455|1332.693 -40.993|1332.155 -47.576|1330.785 -77.454|1330.897 -79.600|1331.428 -81.679|1332.351 -83.625|1333.637 -85.349|1335.231 -86.794|1337.077 -87.895|1339.104 -88.607|1341.236 -88.918
1308 510 6 AV SE,1368.743 -90.175|1369.107 -82.124|1372.819 -0.262|1350.268 6.065|1347.961 2.262|1344.605 -3.431|1341.620 -9.325|1339.027 -15.396|1336.832 -21.634|1335.035 -27.994|1333.658 -34.455|1332.693 -40.993|1332.155 -47.576|1330.785 -77.454|1330.897 -79.600|1331.428 -81.679|1332.351 -83.625|1333.637 -85.349|1335.231 -86.794|1337.077 -87.895|1339.104 -88.607|1341.236 -88.918
1302 510 6 AV SE,1368.743 -90.175|1369.107 -82.124|1372.819 -0.262|1350.268 6.065|1347.961 2.262|1344.605 -3.431|1341.620 -9.325|1339.027 -15.396|1336.832 -21.634|1335.035 -27.994|1333.658 -34.455|1332.693 -40.993|1332.155 -47.576|1330.785 -77.454|1330.897 -79.600|1331.428 -81.679|1332.351 -83.625|1333.637 -85.349|1335.231 -86.794|1337.077 -87.895|1339.104 -88.607|1341.236 -88.918
1303 510 6 AV SE,1368.743 -90.175|1369.107 -82.124|1372.819 -0.262|1350.268 6.065|1347.961 2.262|1344.605 -3.431|1341.620 -9.325|1339.027 -15.396|1336.832 -21.634|1335.035 -27.994|1333.658 -34.455|1332.693 -40.993|1332.155 -47.576|1330.785 -77.454|1330.897 -79.600|1331.428 -81.679|1332.351 -83.625|1333.637 -85.349|1335.231 -86.794|1337.077 -87.895|1339.104 -88.607|1341.236 -88.918
1304 510 6 AV SE,1368.743 -90.175|1369.107 -82.124|1372.819 -0.262|1350.268 6.065|1347.961 2.262|1344.605 -3.431|1341.620 -9.325|1339.027 -15.396|1336.832 -21.634|1335.035 -27.994|1333.658 -34.455|1332.693 -40.993|1332.155 -47.576|1330.785 -77.454|1330.897 -79.600|1331.428 -81.679|1332.351 -83.625|1333.637 -85.349|1335.231 -86.794|1337.077 -87.895|1339.104 -88.607|1341.236 -88.918
1405 510 6 AV SE,1368.743 -90.175|1369.107 -82.124|1372.819 -0.262|1350.268 6.065|1347.961 2.262|1344.605 -3.431|1341.620 -9.325|1339.027 -15.396|1336.832 -21.634|1335.035 -27.994|1333.658 -34.455|1332.693 -40.993|1332.155 -47.576|1330.785 -77.454|1330.897 -79.600|1331.428 -81.679|1332.351 -83.625|1333.637 -85.349|1335.231 -86.794|1337.077 -87.895|1339.104 -88.607|1341.236 -88.918
1406 510 6 AV SE,1368.743 -90.175|1369.107 -82.124|1372.819 -0.262|1350.268 6.065|1347.961 2.262|1344.605 -3.431|1341.620 -9.325|1339.027 -15.396|1336.832 -21.634|1335.035 -27.994|1333.658 -34.455|1332.693 -40.993|1332.155 -47.576|1330.785 -77.454|1330.897 -79.600|1331.428 -81.679|1332.351 -83.625|1333.637 -85.349|1335.231 -86.794|1337.077 -87.895|1339.104 -88.607|1341.236 -88.918
1407 510 6 AV SE,1368.743 -90.175|1369.107 -82.124|1372.819 -0.262|1350.268 6.065|1347.961 2.262|1344.605 -3.431|1341.620 -9.325|1339.027 -15.396|1336.832 -21.634|1335.035 -27.994|1333.658 -34.455|1332.693 -40.993|1332.155 -47.576|1330.785 -77.454|1330.897 -79.600|1331.428 -81.679|1332.351 -83.625|1333.637 -85.349|1335.231 -86.794|1337.077 -87.895|1339.104 -88.607|1341.236 -88.918
1408 510 6 AV SE,1368.743 -90.175|1369.107 -82.124|1372.819 -0.262|1350.268 6.065|1347.961 2.262|1344.605 -3.431|1341.620 -9.325|1339.027 -15.396|1336.832 -21.634|1335.035 -27.994|1333.658 -34.455|1332.693 -40.993|1332.155 -47.576|1330.785 -77.454|1330.897 -79.600|1331.428 -81.679|1332.351 -83.625|1333.637 -85.349|1335.231 -86.794|1337.077 -87.895|1339.104 -88.607|1341.236 -88.918
1401 510 6 AV SE,1368.743 -90.175|1369.107 -82.124|1372.819 -0.262|1350.268 6.065|1347.961 2.262|1344.605 -3.431|1341.620 -9.325|1339.027 -15.396|1336.832 -21.634|1335.035 -27.994|1333.658 -34.455|1332.693 -40.993|1332.155 -47.576|1330.785 -77.454|1330.897 -79.600|1331.428 -81.679|1332.351 -83.625|1333.637 -85.349|1335.231 -86.794|1337.077 -87.895|1339.104 -88.607|1341.236 -88.918
1402 510 6 AV SE,1368.743 -90.175|1369.107 -82.124|1372.819 -0.262|1350.268 6.065|1347.961 2.262|1344.605 -3.431|1341.620 -9.325|1339.027 -15.396|1336.832 -21.634|1335.035 -27.994|1333.658 -34.455|1332.693 -40.993|1332.155 -47.576|1330.785 -77.454|1330.897 -79.600|1331.428 -81.679|1332.351 -83.625|1333.637 -85.349|1335.231 -86.794|1337.077 -87.895|1339.104 -88.607|1341.236 -88.918
1403 510 6 AV SE,1368.743 -90.175|1369.107 -82.124|1372.819 -0.262|1350.268 6.065|1347.961 2.262|1344.605 -3.431|1341.620 -9.325|1339.027 -15.396|1336.832 -21.634|1335.035 -27.994|1333.658 -34.455|1332.693 -40.993|1332.155 -47.576|1330.785 -77.454|1330.897 -79.600|1331.428 -81.679|1332.351 -83.625|1333.637 -85.349|1335.231 -86.794|1337.077 -87.895|1339.104 -88.607|1341.236 -88.918
1404 510 6 AV SE,1368.743 -90.175|1369.107 -82.124|1372.819 -0.262|1350.268 6.065|1347.961 2.262|1344.605 -3.431|1341.620 -9.325|1339.027 -15.396|1336.832 -21.634|1335.035 -27.994|1333.658 -34.455|1332.693 -40.993|1332.155 -47.576|1330.785 -77.454|1330.897 -79.600|1331.428 -81.679|1332.351 -83.625|1333.637 -85.349|1335.231 -86.794|1337.077 -87.895|1339.104 -88.607|1341.236 -88.918
1505 510 6 AV SE,1368.743 -90.175|1369.107 -82.124|1372.819 -0.262|1350.268 6.065|1347.961 2.262|1344.605 -3.431|1341.620 -9.325|1339.027 -15.396|1336.832 -21.634|1335.035 -27.994|1333.658 -34.455|1332.693 -40.993|1332.155 -47.576|1330.785 -77.454|1330.897 -79.600|1331.428 -81.679|1332.351 -83.625|1333.637 -85.349|1335.231 -86.794|1337.077 -87.895|1339.104 -88.607|1341.236 -88.918
1506 510 6 AV SE,1368.743 -90.175|1369.107 -82.124|1372.819 -0.262|1350.268 6.065|1347.961 2.262|1344.605 -3.431|1341.620 -9.325|1339.027 -15.396|1336.832 -21.634|1335.035 -27.994|1333.658 -34.455|1332.693 -40.993|1332.155 -47.576|1330.785 -77.454|1330.897 -79.600|1331.428 -81.679|1332.351 -83.625|1333.637 -85.349|1335.231 -86.794|1337.077 -87.895|1339.104 -88.607|1341.236 -88.918
1507 510 6 AV SE,1368.743 -90.175|1369.107 -82.124|1372.819 -0.262|1350.268 6.065|1347.961 2.262|1344.605 -3.431|1341.620 -9.325|1339.027 -15.396|1336.832 -21.634|1335.035 -27.994|1333.658 -34.455|1332.693 -40.993|1332.155 -47.576|1330.785 -77.454|1330.897 -79.600|1331.428 -81.679|1332.351 -83.625|1333.637 -85.349|1335.231 -86.794|1337.077 -87.895|1339.104 -88.607|1341.236 -88.918
1508 510 6 AV SE,1368.743 -90.175|1369.107 -82.124|1372.819 -0.262|1350.268 6.065|1347.961 2.262|1344.605 -3.431|1341.620 -9.325|1339.027 -15.396|1336.832 -21.634|1335.035 -27.994|1333.658 -34.455|1332.693 -40.993|1332.155 -47.576|1330.785 -77.454|1330.897 -79.600|1331.428 -81.679|1332.351 -83.625|1333.637 -85.349|1335.231 -86.794|1337.077 -87.895|1339.104 -88.607|1341.236 -88.918
1501 510 6 AV SE,1368.743 -90.175|1369.107 -82.124|1372.819 -0.262|1350.268 6.065|1347.961 2.262|1344.605 -3.431|1341.620 -9.325|1339.027 -15.396|1336.832 -21.634|1335.035 -27.994|1333.658 -34.455|1332.693 -40.993|1332.155 -47.576|1330.785 -77.454|1330.897 -79.600|1331.428 -81.679|1332.351 -83.625|1333.637 -85.349|1335.231 -86.794|1337.077 -87.895|1339.104 -88.607|1341.236 -88.918
1502 510 6 AV SE,1368.743 -90.175|1369.107 -82.124|1372.819 -0.262|1350.268 6.065|1347.961 2.262|1344.605 -3.431|1341.620 -9.325|1339.027 -15.396|1336.832 -21.634|1335.035 -27.994|1333.658 -34.455|1332.693 -40.993|1332.155 -47.576|1330.785 -77.454|1330.897 -79.600|1331.428 -81.679|1332.351 -83.625|1333.637 -85.349|1335.231 -86.794|1337.077 -87.895|1339.104 -88.607|1341.236 -88.918
1503 510 6 AV SE,1368.743 -90.175|1369.107 -82.124|1372.819 -0.262|1350.268 6.065|1347.961 2.262|1344.605 -3.431|1341.620 -9.325|1339.027 -15.396|1336.832 -21.634|1335.035 -27.994|1333.658 -34.455|1332.693 -40.993|1332.155 -47.576|1330.785 -77.454|1330.897 -79.600|1331.428 -81.679|1332.351 -83.625|1333.637 -85.349|1335.231 -86.794|1337.077 -87.895|1339.104 -88.607|1341.236 -88.918
1504 510 6 AV SE,1368.743 -90.175|1369.107 -82.124|1372.819 -0.262|1350.268 6.065|1347.961 2.262|1344.605 -3.431|1341.620 -9.325|1339.027 -15.396|1336.832 -21.634|1335.035 -27.994|1333.658 -34.455|1332.693 -40.993|1332.155 -47.576|1330.785 -77.454|1330.897 -79.600|1331.428 -81.679|1332.351 -83.625|1333.637 -85.349|1335.231 -86.794|1337.077 -87.895|1339.104 -88.607|1341.236 -88.918
1605 510 6 AV SE,1368.743 -90.175|1369.107 -82.124|1372.819 -0.262|1350.268 6.065|1347.961 2.262|1344.605 -3.431|1341.620 -9.325|1339.027 -15.396|1336.832 -21.634|1335.035 -27.994|1333.658 -34.455|1332.693 -40.993|1332.155 -47.576|1330.785 -77.454|1330.897 -79.600|1331.428 -81.679|1332.351 -83.625|1333.637 -85.349|1335.231 -86.794|1337.077 -87.895|1339.104 -88.607|1341.236 -88.918
1606 510 6 AV SE,1368.743 -90.175|1369.107 -82.124|1372.819 -0.262|1350.268 6.065|1347.961 2.262|1344.605 -3.431|1341.620 -9.325|1339.027 -15.396|1336.832 -21.634|1335.035 -27.994|1333.658 -34.455|1332.693 -40.993|1332.155 -47.576|1330.785 -77.454|1330.897 -79.600|1331.428 -81.679|1332.351 -83.625|1333.637 -85.349|1335.231 -86.794|1337.077 -87.895|1339.104 -88.607|1341.236 -88.918
1608 510 6 AV SE,1368.743 -90.175|1369.107 -82.124|1372.819 -0.262|1350.268 6.065|1347.961 2.262|1344.605 -3.431|1341.620 -9.325|1339.027 -15.396|1336.832 -21.634|1335.035 -27.994|1333.658 -34.455|1332.693 -40.993|1332.155 -47.576|1330.785 -77.454|1330.897 -79.600|1331.428 -81.679|1332.351 -83.625|1333.637 -85.349|1335.231 -86.794|1337.077 -87.895|1339.104 -88.607|1341.236 -88.918
1601 510 6 AV SE,1368.743 -90.175|1369.107 -82.124|1372.819 -0.262|1350.268 6.065|1347.961 2.262|1344.605 -3.431|1341.620 -9.325|1339.027 -15.396|1336.832 -21.634|1335.035 -27.994|1333.658 -34.455|1332.693 -40.993|1332.155 -47.576|1330.785 -77.454|1330.897 -79.600|1331.428 -81.679|1332.351 -83.625|1333.637 -85.349|1335.231 -86.794|1337.077 -87.895|1339.104 -88.607|1341.236 -88.918
1602 510 6 AV SE,1368.743 -90.175|1369.107 -82.124|1372.819 -0.262|1350.268 6.065|1347.961 2.262|1344.605 -3.431|1341.620 -9.325|1339.027 -15.396|1336.832 -21.634|1335.035 -27.994|1333.658 -34.455|1332.693 -40.993|1332.155 -47.576|1330.785 -77.454|1330.897 -79.600|1331.428 -81.679|1332.351 -83.625|1333.637 -85.349|1335.231 -86.794|1337.077 -87.895|1339.104 -88.607|1341.236 -88.918
1603 510 6 AV SE,1368.743 -90.175|1369.107 -82.124|1372.819 -0.262|1350.268 6.065|1347.961 2.262|1344.605 -3.431|1341.620 -9.325|1339.027 -15.396|1336.832 -21.634|1335.035 -27.994|1333.658 -34.455|1332.693 -40.993|1332.155 -47.576|1330.785 -77.454|1330.897 -79.600|1331.428 -81.679|1332.351 -83.625|1333.637 -85.349|1335.231 -86.794|1337.077 -87.895|1339.104 -88.607|1341.236 -88.918
1604 510 6 AV SE,1368.743 -90.175|1369.107 -82.124|1372.819 -0.262|1350.268 6.065|1347.961 2.262|1344.605 -3.431|1341.620 -9.325|1339.027 -15.396|1336.832 -21.634|1335.035 -27.994|1333.658 -34.455|1332.693 -40.993|1332.155 -47.576|1330.785 -77.454|1330.897 -79.600|1331.428 -81.679|1332.351 -83.625|1333.637 -85.349|1335.231 -86.794|1337.077 -87.895|1339.104 -88.607|1341.236 -88.918
1705 510 6 AV SE,1368.743 -90.175|1369.107 -82.124|1372.819 -0.262|1350.268 6.065|1347.961 2.262|1344.605 -3.431|1341.620 -9.325|1339.027 -15.396|1336.832 -21.634|1335.035 -27.994|1333.658 -34.455|1332.693 -40.993|1332.155 -47.576|1330.785 -77.454|1330.897 -79.600|1331.428 -81.679|1332.351 -83.625|1333.637 -85.349|1335.231 -86.794|1337.077 -87.895|1339.104 -88.607|1341.236 -88.918
1706 510 6 AV SE,1368.743 -90.175|1369.107 -82.124|1372.819 -0.262|1350.268 6.065|1347.961 2.262|1344.605 -3.431|1341.620 -9.325|1339.027 -15.396|1336.832 -21.634|1335.035 -27.994|1333.658 -34.455|1332.693 -40.993|1332.155 -47.576|1330.785 -77.454|1330.897 -79.600|1331.428 -81.679|1332.351 -83.625|1333.637 -85.349|1335.231 -86.794|1337.077 -87.895|1339.104 -88.607|1341.236 -88.918
1707 510 6 AV SE,1368.743 -90.175|1369.107 -82.124|1372.819 -0.262|1350.268 6.065|1347.961 2.262|1344.605 -3.431|1341.620 -9.325|1339.027 -15.396|1336.832 -21.634|1335.035 -27.994|1333.658 -34.455|1332.693 -40.993|1332.155 -47.576|1330.785 -77.454|1330.897 -79.600|1331.428 -81.679|1332.351 -83.625|1333.637 -85.349|1335.231 -86.794|1337.077 -87.895|1339.104 -88.607|1341.236 -88.918
1708 510 6 AV SE,1368.743 -90.175|1369.107 -82.124|1372.819 -0.262|1350.268 6.065|1347.961 2.262|1344.605 -3.431|1341.620 -9.325|1339.027 -15.396|1336.832 -21.634|1335.035 -27.994|1333.658 -34.455|1332.693 -40.993|1332.155 -47.576|1330.785 -77.454|1330.897 -79.600|1331.428 -81.679|1332.351 -83.625|1333.637 -85.349|1335.231 -86.794|1337.077 -87.895|1339.104 -88.607|1341.236 -88.918
1701 510 6 AV SE,1368.743 -90.175|1369.107 -82.124|1372.819 -0.262|1350.268 6.065|1347.961 2.262|1344.605 -3.431|1341.620 -9.325|1339.027 -15.396|1336.832 -21.634|1335.035 -27.994|1333.658 -34.455|1332.693 -40.993|1332.155 -47.576|1330.785 -77.454|1330.897 -79.600|1331.428 -81.679|1332.351 -83.625|1333.637 -85.349|1335.231 -86.794|1337.077 -87.895|1339.104 -88.607|1341.236 -88.918
1702 510 6 AV SE,1368.743 -90.175|1369.107 -82.124|1372.819 -0.262|1350.268 6.065|1347.961 2.262|1344.605 -3.431|1341.620 -9.325|1339.027 -15.396|1336.832 -21.634|1335.035 -27.994|1333.658 -34.455|1332.693 -40.993|1332.155 -47.576|1330.785 -77.454|1330.897 -79.600|1331.428 -81.679|1332.351 -83.625|1333.637 -85.349|1335.231 -86.794|1337.077 -87.895|1339.104 -88.607|1341.236 -88.918
1703 510 6 AV SE,1368.743 -90.175|1369.107 -82.124|1372.819 -0.262|1350.268 6.065|1347.961 2.262|1344.605 -3.431|1341.620 -9.325|1339.027 -15.396|1336.832 -21.634|1335.035 -27.994|1333.658 -34.455|1332.693 -40.993|1332.155 -47.576|1330.785 -77.454|1330.897 -79.600|1331.428 -81.679|1332.351 -83.625|1333.637 -85.349|1335.231 -86.794|1337.077 -87.895|1339.104 -88.607|1341.236 -88.918
1704 510 6 AV SE,1368.743 -90.175|1369.107 -82.124|1372.819 -0.262|1350.268 6.065|1347.961 2.262|1344.605 -3.431|1341.620 -9.325|1339.027 -15.396|1336.832 -21.634|1335.035 -27.994|1333.658 -34.455|1332.693 -40.993|1332.155 -47.576|1330.785 -77.454|1330.897 -79.600|1331.428 -81.679|1332.351 -83.625|1333.637 -85.349|1335.231 -86.794|1337.077 -87.895|1339.104 -88.607|1341.236 -88.918
1805 510 6 AV SE,1368.743 -90.175|1369.107 -82.124|1372.819 -0.262|1350.268 6.065|1347.961 2.262|1344.605 -3.431|1341.620 -9.325|1339.027 -15.396|1336.832 -21.634|1335.035 -27.994|1333.658 -34.455|1332.693 -40.993|1332.155 -47.576|1330.785 -77.454|1330.897 -79.600|1331.428 -81.679|1332.351 -83.625|1333.637 -85.349|1335.231 -86.794|1337.077 -87.895|1339.104 -88.607|1341.236 -88.918
1806 510 6 AV SE,1368.743 -90.175|1369.107 -82.124|1372.819 -0.262|1350.268 6.065|1347.961 2.262|1344.605 -3.431|1341.620 -9.325|1339.027 -15.396|1336.832 -21.634|1335.035 -27.994|1333.658 -34.455|1332.693 -40.993|1332.155 -47.576|1330.785 -77.454|1330.897 -79.600|1331.428 -81.679|1332.351 -83.625|1333.637 -85.349|1335.231 -86.794|1337.077 -87.895|1339.104 -88.607|1341.236 -88.918
1807 510 6 AV SE,1368.743 -90.175|1369.107 -82.124|1372.819 -0.262|1350.268 6.065|1347.961 2.262|1344.605 -3.431|1341.620 -9.325|1339.027 -15.396|1336.832 -21.634|1335.035 -27.994|1333.658 -34.455|1332.693 -40.993|1332.155 -47.576|1330.785 -77.454|1330.897 -79.600|1331.428 -81.679|1332.351 -83.625|1333.637 -85.349|1335.231 -86.794|1337.077 -87.895|1339.104 -88.607|1341.236 -88.918
1808 510 6 AV SE,1368.743 -90.175|1369.107 -82.124|1372.819 -0.262|1350.268 6.065|1347.961 2.262|1344.605 -3.431|1341.620 -9.325|1339.027 -15.396|1336.832 -21.634|1335.035 -27.994|1333.658 -34.455|1332.693 -40.993|1332.155 -47.576|1330.785 -77.454|1330.897 -79.600|1331.428 -81.679|1332.351 -83.625|1333.637 -85.349|1335.231 -86.794|1337.077 -87.895|1339.104 -88.607|1341.236 -88.918
1801 510 6 AV SE,1368.743 -90.175|1369.107 -82.124|1372.819 -0.262|1350.268 6.065|1347.961 2.262|1344.605 -3.431|1341.620 -9.325|1339.027 -15.396|1336.832 -21.634|1335.035 -27.994|1333.658 -34.455|1332.693 -40.993|1332.155 -47.576|1330.785 -77.454|1330.897 -79.600|1331.428 -81.679|1332.351 -83.625|1333.637 -85.349|1335.231 -86.794|1337.077 -87.895|1339.104 -88.607|1341.236 -88.918
1802 510 6 AV SE,1368.743 -90.175|1369.107 -82.124|1372.819 -0.262|1350.268 6.065|1347.961 2.262|1344.605 -3.431|1341.620 -9.325|1339.027 -15.396|1336.832 -21.634|1335.035 -27.994|1333.658 -34.455|1332.693 -40.993|1332.155 -47.576|1330.785 -77.454|1330.897 -79.600|1331.428 -81.679|1332.351 -83.625|1333.637 -85.349|1335.231 -86.794|1337.077 -87.895|1339.104 -88.607|1341.236 -88.918
1803 510 6 AV SE,1368.743 -90.175|1369.107 -82.124|1372.819 -0.262|1350.268 6.065|1347.961 2.262|1344.605 -3.431|1341.620 -9.325|1339.027 -15.396|1336.832 -21.634|1335.035 -27.994|1333.658 -34.455|1332.693 -40.993|1332.155 -47.576|1330.785 -77.454|1330.897 -79.600|1331.428 -81.679|1332.351 -83.625|1333.637 -85.349|1335.231 -86.794|1337.077 -87.895|1339.104 -88.607|1341.236 -88.918
1804 510 6 AV SE,1368.743 -90.175|1369.107 -82.124|1372.819 -0.262|1350.268 6.065|1347.961 2.262|1344.605 -3.431|1341.620 -9.325|1339.027 -15.396|1336.832 -21.634|1335.035 -27.994|1333.658 -34.455|1332.693 -40.993|1332.155 -47.576|1330.785 -77.454|1330.897 -79.600|1331.428 -81.679|1332.351 -83.625|1333.637 -85.349|1335.231 -86.794|1337.077 -87.895|1339.104 -88.607|1341.236 -88.918
1905 510 6 AV SE,1368.743 -90.175|1369.107 -82.124|1372.819 -0.262|1350.268 6.065|1347.961 2.262|1344.605 -3.431|1341.620 -9.325|1339.027 -15.396|1336.832 -21.634|1335.035 -27.994|1333.658 -34.455|1332.693 -40.993|1332.155 -47.576|1330.785 -77.454|1330.897 -79.600|1331.428 -81.679|1332.351 -83.625|1333.637 -85.349|1335.231 -86.794|1337.077 -87.895|1339.104 -88.607|1341.236 -88.918
1906 510 6 AV SE,1368.743 -90.175|1369.107 -82.124|1372.819 -0.262|1350.268 6.065|1347.961 2.262|1344.605 -3.431|1341.620 -9.325|1339.027 -15.396|1336.832 -21.634|1335.035 -27.994|1333.658 -34.455|1332.693 -40.993|1332.155 -47.576|1330.785 -77.454|1330.897 -79.600|1331.428 -81.679|1332.351 -83.625|1333.637 -85.349|1335.231 -86.794|1337.077 -87.895|1339.104 -88.607|1341.236 -88.918
1907 510 6 AV SE,1368.743 -90.175|1369.107 -82.124|1372.819 -0.262|1350.268 6.065|1347.961 2.262|1344.605 -3.431|1341.620 -9.325|1339.027 -15.396|1336.832 -21.634|1335.035 -27.994|1333.658 -34.455|1332.693 -40.993|1332.155 -47.576|1330.785 -77.454|1330.897 -79.600|1331.428 -81.679|1332.351 -83.625|1333.637 -85.349|1335.231 -86.794|1337.077 -87.895|1339.104 -88.607|1341.236 -88.918
1908 510 6 AV SE,1368.743 -90.175|1369.107 -82.124|1372.819 -0.262|1350.268 6.065|1347.961 2.262|1344.605 -3.431|1341.620 -9.325|1339.027 -15.396|1336.832 -21.634|1335.035 -27.994|1333.658 -34.455|1332.693 -40.993|1332.155 -47.576|1330.785 -77.454|1330.897 -79.600|1331.428 -81.679|1332.351 -83.625|1333.637 -85.349|1335.231 -86.794|1337.077 -87.895|1339.104 -88.607|1341.236 -88.918
1901 510 6 AV SE,1368.743 -90.175|1369.107 -82.124|1372.819 -0.262|1350.268 6.065|1347.961 2.262|1344.605 -3.431|1341.620 -9.325|1339.027 -15.396|1336.832 -21.634|1335.035 -27.994|1333.658 -34.455|1332.693 -40.993|1332.155 -47.576|1330.785 -77.454|1330.897 -79.600|1331.428 -81.679|1332.351 -83.625|1333.637 -85.349|1335.231 -86.794|1337.077 -87.895|1339.104 -88.607|1341.236 -88.918
1902 510 6 AV SE,1368.743 -90.175|1369.107 -82.124|1372.819 -0.262|1350.268 6.065|1347.961 2.262|1344.605 -3.431|1341.620 -9.325|1339.027 -15.396|1336.832 -21.634|1335.035 -27.994|1333.658 -34.455|1332.693 -40.993|1332.155 -47.576|1330.785 -77.454|1330.897 -79.600|1331.428 -81.679|1332.351 -83.625|1333.637 -85.349|1335.231 -86.794|1337.077 -87.895|1339.104 -88.607|1341.236 -88.918
1903 510 6 AV SE,1368.743 -90.175|1369.107 -82.124|1372.819 -0.262|1350.268 6.065|1347.961 2.262|1344.605 -3.431|1341.620 -9.325|1339.027 -15.396|1336.832 -21.634|1335.035 -27.994|1333.658 -34.455|1332.693 -40.993|1332.155 -47.576|1330.785 -77.454|1330.897 -79.600|1331.428 -81.679|1332.351 -83.625|1333.637 -85.349|1335.231 -86.794|1337.077 -87.895|1339.104 -88.607|1341.236 -88.918
1904 510 6 AV SE,1368.743 -90.175|1369.107 -82.124|1372.819 -0.262|1350.268 6.065|1347.961 2.262|1344.605 -3.431|1341.620 -9.325|1339.027 -15.396|1336.832 -21.634|1335.035 -27.994|1333.658 -34.455|1332.693 -40.993|1332.155 -47.576|1330.785 -77.454|1330.897 -79.600|1331.428 -81.679|1332.351 -83.625|1333.637 -85.349|1335.231 -86.794|1337.077 -87.895|1339.104 -88.607|1341.236 -88.918
2005 510 6 AV SE,1368.743 -90.175|1369.107 -82.124|1372.819 -0.262|1350.268 6.065|1347.961 2.262|1344.605 -3.431|1341.620 -9.325|1339.027 -15.396|1336.832 -21.634|1335.035 -27.994|1333.658 -34.455|1332.693 -40.993|1332.155 -47.576|1330.785 -77.454|1330.897 -79.600|1331.428 -81.679|1332.351 -83.625|1333.637 -85.349|1335.231 -86.794|1337.077 -87.895|1339.104 -88.607|1341.236 -88.918
2006 510 6 AV SE,1368.743 -90.175|1369.107 -82.124|1372.819 -0.262|1350.268 6.065|1347.961 2.262|1344.605 -3.431|1341.620 -9.325|1339.027 -15.396|1336.832 -21.634|1335.035 -27.994|1333.658 -34.455|1332.693 -40.993|1332.155 -47.576|1330.785 -77.454|1330.897 -79.600|1331.428 -81.679|1332.351 -83.625|1333.637 -85.349|1335.231 -86.794|1337.077 -87.895|1339.104 -88.607|1341.236 -88.918
2007 510 6 AV SE,1368.743 -90.175|1369.107 -82.124|1372.819 -0.262|1350.268 6.065|1347.961 2.262|1344.605 -3.431|1341.620 -9.325|1339.027 -15.396|1336.832 -21.634|1335.035 -27.994|1333.658 -34.455|1332.693 -40.993|1332.155 -47.576|1330.785 -77.454|1330.897 -79.600|1331.428 -81.679|1332.351 -83.625|1333.637 -85.349|1335.231 -86.794|1337.077 -87.895|1339.104 -88.607|1341.236 -88.918
2008 510 6 AV SE,1368.743 -90.175|1369.107 -82.124|1372.819 -0.262|1350.268 6.065|1347.961 2.262|1344.605 -3.431|1341.620 -9.325|1339.027 -15.396|1336.832 -21.634|1335.035 -27.994|1333.658 -34.455|1332.693 -40.993|1332.155 -47.576|1330.785 -77.454|1330.897 -79.600|1331.428 -81.679|1332.351 -83.625|1333.637 -85.349|1335.231 -86.794|1337.077 -87.895|1339.104 -88.607|1341.236 -88.918
2001 510 6 AV SE,1368.743 -90.175|1369.107 -82.124|1372.819 -0.262|1350.268 6.065|1347.961 2.262|1344.605 -3.431|1341.620 -9.325|1339.027 -15.396|1336.832 -21.634|1335.035 -27.994|1333.658 -34.455|1332.693 -40.993|1332.155 -47.576|1330.785 -77.454|1330.897 -79.600|1331.428 -81.679|1332.351 -83.625|1333.637 -85.349|1335.231 -86.794|1337.077 -87.895|1339.104 -88.607|1341.236 -88.918
2002 510 6 AV SE,1368.743 -90.175|1369.107 -82.124|1372.819 -0.262|1350.268 6.065|1347.961 2.262|1344.605 -3.431|1341.620 -9.325|1339.027 -15.396|1336.832 -21.634|1335.035 -27.994|1333.658 -34.455|1332.693 -40.993|1332.155 -47.576|1330.785 -77.454|1330.897 -79.600|1331.428 -81.679|1332.351 -83.625|1333.637 -85.349|1335.231 -86.794|1337.077 -87.895|1339.104 -88.607|1341.236 -88.918
2003 510 6 AV SE,1368.743 -90.175|1369.107 -82.124|1372.819 -0.262|1350.268 6.065|1347.961 2.262|1344.605 -3.431|1341.620 -9.325|1339.027 -15.396|1336.832 -21.634|1335.035 -27.994|1333.658 -34.455|1332.693 -40.993|1332.155 -47.576|1330.785 -77.454|1330.897 -79.600|1331.428 -81.679|1332.351 -83.625|1333.637 -85.349|1335.231 -86.794|1337.077 -87.895|1339.104 -88.607|1341.236 -88.918
2004 510 6 AV SE,1368.743 -90.175|1369.107 -82.124|1372.819 -0.262|1350.268 6.065|1347.961 2.262|1344.605 -3.431|1341.620 -9.325|1339.027 -15.396|1336.832 -21.634|1335.035 -27.994|1333.658 -34.455|1332.693 -40.993|1332.155 -47.576|1330.785 -77.454|1330.897 -79.600|1331.428 -81.679|1332.351 -83.625|1333.637 -85.349|1335.231 -86.794|1337.077 -87.895|1339.104 -88.607|1341.236 -88.918
2105 510 6 AV SE,1368.743 -90.175|1369.107 -82.124|1372.819 -0.262|1350.268 6.065|1347.961 2.262|1344.605 -3.431|1341.620 -9.325|1339.027 -15.396|1336.832 -21.634|1335.035 -27.994|1333.658 -34.455|1332.693 -40.993|1332.155 -47.576|1330.785 -77.454|1330.897 -79.600|1331.428 -81.679|1332.351 -83.625|1333.637 -85.349|1335.231 -86.794|1337.077 -87.895|1339.104 -88.607|1341.236 -88.918
2106 510 6 AV SE,1368.743 -90.175|1369.107 -82.124|1372.819 -0.262|1350.268 6.065|1347.961 2.262|1344.605 -3.431|1341.620 -9.325|1339.027 -15.396|1336.832 -21.634|1335.035 -27.994|1333.658 -34.455|1332.693 -40.993|1332.155 -47.576|1330.785 -77.454|1330.897 -79.600|1331.428 -81.679|1332.351 -83.625|1333.637 -85.349|1335.231 -86.794|1337.077 -87.895|1339.104 -88.607|1341.236 -88.918
2107 510 6 AV SE,1368.743 -90.175|1369.107 -82.124|1372.819 -0.262|1350.268 6.065|1347.961 2.262|1344.605 -3.431|1341.620 -9.325|1339.027 -15.396|1336.832 -21.634|1335.035 -27.994|1333.658 -34.455|1332.693 -40.993|1332.155 -47.576|1330.785 -77.454|1330.897 -79.600|1331.428 -81.679|1332.351 -83.625|1333.637 -85.349|1335.231 -86.794|1337.077 -87.895|1339.104 -88.607|1341.236 -88.918
2108 510 6 AV SE,1368.743 -90.175|1369.107 -82.124|1372.819 -0.262|1350.268 6.065|1347.961 2.262|1344.605 -3.431|1341.620 -9.325|1339.027 -15.396|1336.832 -21.634|1335.035 -27.994|1333.658 -34.455|1332.693 -40.993|1332.155 -47.576|1330.785 -77.454|1330.897 -79.600|1331.428 -81.679|1332.351 -83.625|1333.637 -85.349|1335.231 -86.794|1337.077 -87.895|1339.104 -88.607|1341.236 -88.918
2101 510 6 AV SE,1368.743 -90.175|1369.107 -82.124|1372.819 -0.262|1350.268 6.065|1347.961 2.262|1344.605 -3.431|1341.620 -9.325|1339.027 -15.396|1336.832 -21.634|1335.035 -27.994|1333.658 -34.455|1332.693 -40.993|1332.155 -47.576|1330.785 -77.454|1330.897 -79.600|1331.428 -81.679|1332.351 -83.625|1333.637 -85.349|1335.231 -86.794|1337.077 -87.895|1339.104 -88.607|1341.236 -88.918
2102 510 6 AV SE,1368.743 -90.175|1369.107 -82.124|1372.819 -0.262|1350.268 6.065|1347.961 2.262|1344.605 -3.431|1341.620 -9.325|1339.027 -15.396|1336.832 -21.634|1335.035 -27.994|1333.658 -34.455|1332.693 -40.993|1332.155 -47.576|1330.785 -77.454|1330.897 -79.600|1331.428 -81.679|1332.351 -83.625|1333.637 -85.349|1335.231 -86.794|1337.077 -87.895|1339.104 -88.607|1341.236 -88.918
2103 510 6 AV SE,1368.743 -90.175|1369.107 -82.124|1372.819 -0.262|1350.268 6.065|1347.961 2.262|1344.605 -3.431|1341.620 -9.325|1339.027 -15.396|1336.832 -21.634|1335.035 -27.994|1333.658 -34.455|1332.693 -40.993|1332.155 -47.576|1330.785 -77.454|1330.897 -79.600|1331.428 -81.679|1332.351 -83.625|1333.637 -85.349|1335.231 -86.794|1337.077 -87.895|1339.104 -88.607|1341.236 -88.918
2104 510 6 AV SE,1368.743 -90.175|1369.107 -82.124|1372.819 -0.262|1350.268 6.065|1347.961 2.262|1344.605 -3.431|1341.620 -9.325|1339.027 -15.396|1336.832 -21.634|1335.035 -27.994|1333.658 -34.455|1332.693 -40.993|1332.155 -47.576|1330.785 -77.454|1330.897 -79.600|1331.428 -81.679|1332.351 -83.625|1333.637 -85.349|1335.231 -86.794|1337.077 -87.895|1339.104 -88.607|1341.236 -88.918
2205 510 6 AV SE,1368.743 -90.175|1369.107 -82.124|1372.819 -0.262|1350.268 6.065|1347.961 2.262|1344.605 -3.431|1341.620 -9.325|1339.027 -15.396|1336.832 -21.634|1335.035 -27.994|1333.658 -34.455|1332.693 -40.993|1332.155 -47.576|1330.785 -77.454|1330.897 -79.600|1331.428 -81.679|1332.351 -83.625|1333.637 -85.349|1335.231 -86.794|1337.077 -87.895|1339.104 -88.607|1341.236 -88.918
2206 510 6 AV SE,1368.743 -90.175|1369.107 -82.124|1372.819 -0.262|1350.268 6.065|1347.961 2.262|1344.605 -3.431|1341.620 -9.325|1339.027 -15.396|1336.832 -21.634|1335.035 -27.994|1333.658 -34.455|1332.693 -40.993|1332.155 -47.576|1330.785 -77.454|1330.897 -79.600|1331.428 -81.679|1332.351 -83.625|1333.637 -85.349|1335.231 -86.794|1337.077 -87.895|1339.104 -88.607|1341.236 -88.918
2207 510 6 AV SE,1368.743 -90.175|1369.107 -82.124|1372.819 -0.262|1350.268 6.065|1347.961 2.262|1344.605 -3.431|1341.620 -9.325|1339.027 -15.396|1336.832 -21.634|1335.035 -27.994|1333.658 -34.455|1332.693 -40.993|1332.155 -47.576|1330.785 -77.454|1330.897 -79.600|1331.428 -81.679|1332.351 -83.625|1333.637 -85.349|1335.231 -86.794|1337.077 -87.895|1339.104 -88.607|1341.236 -88.918
2208 510 6 AV SE,1368.743 -90.175|1369.107 -82.124|1372.819 -0.262|1350.268 6.065|1347.961 2.262|1344.605 -3.431|1341.620 -9.325|1339.027 -15.396|1336.832 -21.634|1335.035 -27.994|1333.658 -34.455|1332.693 -40.993|1332.155 -47.576|1330.785 -77.454|1330.897 -79.600|1331.428 -81.679|1332.351 -83.625|1333.637 -85.349|1335.231 -86.794|1337.077 -87.895|1339.104 -88.607|1341.236 -88.918
2201 510 6 AV SE,1368.743 -90.175|1369.107 -82.124|1372.819 -0.262|1350.268 6.065|1347.961 2.262|1344.605 -3.431|1341.620 -9.325|1339.027 -15.396|1336.832 -21.634|1335.035 -27.994|1333.658 -34.455|1332.693 -40.993|1332.155 -47.576|1330.785 -77.454|1330.897 -79.600|1331.428 -81.679|1332.351 -83.625|1333.637 -85.349|1335.231 -86.794|1337.077 -87.895|1339.104 -88.607|1341.236 -88.918
2202 510 6 AV SE,1368.743 -90.175|1369.107 -82.124|1372.819 -0.262|1350.268 6.065|1347.961 2.262|1344.605 -3.431|1341.620 -9.325|1339.027 -15.396|1336.832 -21.634|1335.035 -27.994|1333.658 -34.455|1332.693 -40.993|1332.155 -47.576|1330.785 -77.454|1330.897 -79.600|1331.428 -81.679|1332.351 -83.625|1333.637 -85.349|1335.231 -86.794|1337.077 -87.895|1339.104 -88.607|1341.236 -88.918
2203 510 6 AV SE,1368.743 -90.175|1369.107 -82.124|1372.819 -0.262|1350.268 6.065|1347.961 2.262|1344.605 -3.431|1341.620 -9.325|1339.027 -15.396|1336.832 -21.634|1335.035 -27.994|1333.658 -34.455|1332.693 -40.993|1332.155 -47.576|1330.785 -77.454|1330.897 -79.600|1331.428 -81.679|1332.351 -83.625|1333.637 -85.349|1335.231 -86.794|1337.077 -87.895|1339.104 -88.607|1341.236 -88.918
2204 510 6 AV SE,1368.743 -90.175|1369.107 -82.124|1372.819 -0.262|1350.268 6.065|1347.961 2.262|1344.605 -3.431|1341.620 -9.325|1339.027 -15.396|1336.832 -21.634|1335.035 -27.994|1333.658 -34.455|1332.693 -40.993|1332.155 -47.576|1330.785 -77.454|1330.897 -79.600|1331.428 -81.679|1332.351 -83.625|1333.637 -85.349|1335.231 -86.794|1337.077 -87.895|1339.104 -88.607|1341.236 -88.918
2305 510 6 AV SE,1368.743 -90.175|1369.107 -82.124|1372.819 -0.262|1350.268 6.065|1347.961 2.262|1344.605 -3.431|1341.620 -9.325|1339.027 -15.396|1336.832 -21.634|1335.035 -27.994|1333.658 -34.455|1332.693 -40.993|1332.155 -47.576|1330.785 -77.454|1330.897 -79.600|1331.428 -81.679|1332.351 -83.625|1333.637 -85.349|1335.231 -86.794|1337.077 -87.895|1339.104 -88.607|1341.236 -88.918
2306 510 6 AV SE,1368.743 -90.175|1369.107 -82.124|1372.819 -0.262|1350.268 6.065|1347.961 2.262|1344.605 -3.431|1341.620 -9.325|1339.027 -15.396|1336.832 -21.634|1335.035 -27.994|1333.658 -34.455|1332.693 -40.993|1332.155 -47.576|1330.785 -77.454|1330.897 -79.600|1331.428 -81.679|1332.351 -83.625|1333.637 -85.349|1335.231 -86.794|1337.077 -87.895|1339.104 -88.607|1341.236 -88.918
2307 510 6 AV SE,1368.743 -90.175|1369.107 -82.124|1372.819 -0.262|1350.268 6.065|1347.961 2.262|1344.605 -3.431|1341.620 -9.325|1339.027 -15.396|1336.832 -21.634|1335.035 -27.994|1333.658 -34.455|1332.693 -40.993|1332.155 -47.576|1330.785 -77.454|1330.897 -79.600|1331.428 -81.679|1332.351 -83.625|1333.637 -85.349|1335.231 -86.794|1337.077 -87.895|1339.104 -88.607|1341.236 -88.918
2308 510 6 AV SE,1368.743 -90.175|1369.107 -82.124|1372.819 -0.262|1350.268 6.065|1347.961 2.262|1344.605 -3.431|1341.620 -9.325|1339.027 -15.396|1336.832 -21.634|1335.035 -27.994|1333.658 -34.455|1332.693 -40.993|1332.155 -47.576|1330.785 -77.454|1330.897 -79.600|1331.428 -81.679|1332.351 -83.625|1333.637 -85.349|1335.231 -86.794|1337.077 -87.895|1339.104 -88.607|1341.236 -88.918
2301 510 6 AV SE,1368.743 -90.175|1369.107 -82.124|1372.819 -0.262|1350.268 6.065|1347.961 2.262|1344.605 -3.431|1341.620 -9.325|1339.027 -15.396|1336.832 -21.634|1335.035 -27.994|1333.658 -34.455|1332.693 -40.993|1332.155 -47.576|1330.785 -77.454|1330.897 -79.600|1331.428 -81.679|1332.351 -83.625|1333.637 -85.349|1335.231 -86.794|1337.077 -87.895|1339.104 -88.607|1341.236 -88.918
2302 510 6 AV SE,1368.743 -90.175|1369.107 -82.124|1372.819 -0.262|1350.268 6.065|1347.961 2.262|1344.605 -3.431|1341.620 -9.325|1339.027 -15.396|1336.832 -21.634|1335.035 -27.994|1333.658 -34.455|1332.693 -40.993|1332.155 -47.576|1330.785 -77.454|1330.897 -79.600|1331.428 -81.679|1332.351 -83.625|1333.637 -85.349|1335.231 -86.794|1337.077 -87.895|1339.104 -88.607|1341.236 -88.918
2303 510 6 AV SE,1368.743 -90.175|1369.107 -82.124|1372.819 -0.262|1350.268 6.065|1347.961 2.262|1344.605 -3.431|1341.620 -9.325|1339.027 -15.396|1336.832 -21.634|1335.035 -27.994|1333.658 -34.455|1332.693 -40.993|1332.155 -47.576|1330.785 -77.454|1330.897 -79.600|1331.428 -81.679|1332.351 -83.625|1333.637 -85.349|1335.231 -86.794|1337.077 -87.895|1339.104 -88.607|1341.236 -88.918
2304 510 6 AV SE,1368.743 -90.175|1369.107 -82.124|1372.819 -0.262|1350.268 6.065|1347.961 2.262|1344.605 -3.431|1341.620 -9.325|1339.027 -15.396|1336.832 -21.634|1335.035 -27.994|1333.658 -34.455|1332.693 -40.993|1332.155 -47.576|1330.785 -77.454|1330.897 -79.600|1331.428 -81.679|1332.351 -83.625|1333.637 -85.349|1335.231 -86.794|1337.077 -87.895|1339.104 -88.607|1341.236 -88.918
2405 510 6 AV SE,1368.743 -90.175|1369.107 -82.124|1372.819 -0.262|1350.268 6.065|1347.961 2.262|1344.605 -3.431|1341.620 -9.325|1339.027 -15.396|1336.832 -21.634|1335.035 -27.994|1333.658 -34.455|1332.693 -40.993|1332.155 -47.576|1330.785 -77.454|1330.897 -79.600|1331.428 -81.679|1332.351 -83.625|1333.637 -85.349|1335.231 -86.794|1337.077 -87.895|1339.104 -88.607|1341.236 -88.918
2406 510 6 AV SE,1368.743 -90.175|1369.107 -82.124|1372.819 -0.262|1350.268 6.065|1347.961 2.262|1344.605 -3.431|1341.620 -9.325|1339.027 -15.396|1336.832 -21.634|1335.035 -27.994|1333.658 -34.455|1332.693 -40.993|1332.155 -47.576|1330.785 -77.454|1330.897 -79.600|1331.428 -81.679|1332.351 -83.625|1333.637 -85.349|1335.231 -86.794|1337.077 -87.895|1339.104 -88.607|1341.236 -88.918
2407 510 6 AV SE,1368.743 -90.175|1369.107 -82.124|1372.819 -0.262|1350.268 6.065|1347.961 2.262|1344.605 -3.431|1341.620 -9.325|1339.027 -15.396|1336.832 -21.634|1335.035 -27.994|1333.658 -34.455|1332.693 -40.993|1332.155 -47.576|1330.785 -77.454|1330.897 -79.600|1331.428 -81.679|1332.351 -83.625|1333.637 -85.349|1335.231 -86.794|1337.077 -87.895|1339.104 -88.607|1341.236 -88.918
2408 510 6 AV SE,1368.743 -90.175|1369.107 -82.124|1372.819 -0.262|1350.268 6.065|1347.961 2.262|1344.605 -3.431|1341.620 -9.325|1339.027 -15.396|1336.832 -21.634|1335.035 -27.994|1333.658 -34.455|1332.693 -40.993|1332.155 -47.576|1330.785 -77.454|1330.897 -79.600|1331.428 -81.679|1332.351 -83.625|1333.637 -85.349|1335.231 -86.794|1337.077 -87.895|1339.104 -88.607|1341.236 -88.918
2401 510 6 AV SE,1368.743 -90.175|1369.107 -82.124|1372.819 -0.262|1350.268 6.065|1347.961 2.262|1344.605 -3.431|1341.620 -9.325|1339.027 -15.396|1336.832 -21.634|1335.035 -27.994|1333.658 -34.455|1332.693 -40.993|1332.155 -47.576|1330.785 -77.454|1330.897 -79.600|1331.428 -81.679|1332.351 -83.625|1333.637 -85.349|1335.231 -86.794|1337.077 -87.895|1339.104 -88.607|1341.236 -88.918
2402 510 6 AV SE,1368.743 -90.175|1369.107 -82.124|1372.819 -0.262|1350.268 6.065|1347.961 2.262|1344.605 -3.431|1341.620 -9.325|1339.027 -15.396|1336.832 -21.634|1335.035 -27.994|1333.658 -34.455|1332.693 -40.993|1332.155 -47.576|1330.785 -77.454|1330.897 -79.600|1331.428 -81.679|1332.351 -83.625|1333.637 -85.349|1335.231 -86.794|1337.077 -87.895|1339.104 -88.607|1341.236 -88.918
2403 510 6 AV SE,1368.743 -90.175|1369.107 -82.124|1372.819 -0.262|1350.268 6.065|1347.961 2.262|1344.605 -3.431|1341.620 -9.325|1339.027 -15.396|1336.832 -21.634|1335.035 -27.994|1333.658 -34.455|1332.693 -40.993|1332.155 -47.576|1330.785 -77.454|1330.897 -79.600|1331.428 -81.679|1332.351 -83.625|1333.637 -85.349|1335.231 -86.794|1337.077 -87.895|1339.104 -88.607|1341.236 -88.918
2404 510 6 AV SE,1368.743 -90.175|1369.107 -82.124|1372.819 -0.262|1350.268 6.065|1347.961 2.262|1344.605 -3.431|1341.620 -9.325|1339.027 -15.396|1336.832 -21.634|1335.035 -27.994|1333.658 -34.455|1332.693 -40.993|1332.155 -47.576|1330.785 -77.454|1330.897 -79.600|1331.428 -81.679|1332.351 -83.625|1333.637 -85.349|1335.231 -86.794|1337.077 -87.895|1339.104 -88.607|1341.236 -88.918
2505 510 6 AV SE,1368.743 -90.175|1369.107 -82.124|1372.819 -0.262|1350.268 6.065|1347.961 2.262|1344.605 -3.431|1341.620 -9.325|1339.027 -15.396|1336.832 -21.634|1335.035 -27.994|1333.658 -34.455|1332.693 -40.993|1332.155 -47.576|1330.785 -77.454|1330.897 -79.600|1331.428 -81.679|1332.351 -83.625|1333.637 -85.349|1335.231 -86.794|1337.077 -87.895|1339.104 -88.607|1341.236 -88.918
2506 510 6 AV SE,1368.743 -90.175|1369.107 -82.124|1372.819 -0.262|1350.268 6.065|1347.961 2.262|1344.605 -3.431|1341.620 -9.325|1339.027 -15.396|1336.832 -21.634|1335.035 -27.994|1333.658 -34.455|1332.693 -40.993|1332.155 -47.576|1330.785 -77.454|1330.897 -79.600|1331.428 -81.679|1332.351 -83.625|1333.637 -85.349|1335.231 -86.794|1337.077 -87.895|1339.104 -88.607|1341.236 -88.918
2507 510 6 AV SE,1368.743 -90.175|1369.107 -82.124|1372.819 -0.262|1350.268 6.065|1347.961 2.262|1344.605 -3.431|1341.620 -9.325|1339.027 -15.396|1336.832 -21.634|1335.035 -27.994|1333.658 -34.455|1332.693 -40.993|1332.155 -47.576|1330.785 -77.454|1330.897 -79.600|1331.428 -81.679|1332.351 -83.625|1333.637 -85.349|1335.231 -86.794|1337.077 -87.895|1339.104 -88.607|1341.236 -88.918
2508 510 6 AV SE,1368.743 -90.175|1369.107 -82.124|1372.819 -0.262|1350.268 6.065|1347.961 2.262|1344.605 -3.431|1341.620 -9.325|1339.027 -15.396|1336.832 -21.634|1335.035 -27.994|1333.658 -34.455|1332.693 -40.993|1332.155 -47.576|1330.785 -77.454|1330.897 -79.600|1331.428 -81.679|1332.351 -83.625|1333.637 -85.349|1335.231 -86.794|1337.077 -87.895|1339.104 -88.607|1341.236 -88.918
2501 510 6 AV SE,1368.743 -90.175|1369.107 -82.124|1372.819 -0.262|1350.268 6.065|1347.961 2.262|1344.605 -3.431|1341.620 -9.325|1339.027 -15.396|1336.832 -21.634|1335.035 -27.994|1333.658 -34.455|1332.693 -40.993|1332.155 -47.576|1330.785 -77.454|1330.897 -79.600|1331.428 -81.679|1332.351 -83.625|1333.637 -85.349|1335.231 -86.794|1337.077 -87.895|1339.104 -88.607|1341.236 -88.918
2502 510 6 AV SE,1368.743 -90.175|1369.107 -82.124|1372.819 -0.262|1350.268 6.065|1347.961 2.262|1344.605 -3.431|1341.620 -9.325|1339.027 -15.396|1336.832 -21.634|1335.035 -27.994|1333.658 -34.455|1332.693 -40.993|1332.155 -47.576|1330.785 -77.454|1330.897 -79.600|1331.428 -81.679|1332.351 -83.625|1333.637 -85.349|1335.231 -86.794|1337.077 -87.895|1339.104 -88.607|1341.236 -88.918
2503 510 6 AV SE,1368.743 -90.175|1369.107 -82.124|1372.819 -0.262|1350.268 6.065|1347.961 2.262|1344.605 -3.431|1341.620 -9.325|1339.027 -15.396|1336.832 -21.634|1335.035 -27.994|1333.658 -34.455|1332.693 -40.993|1332.155 -47.576|1330.785 -77.454|1330.897 -79.600|1331.428 -81.679|1332.351 -83.625|1333.637 -85.349|1335.231 -86.794|1337.077 -87.895|1339.104 -88.607|1341.236 -88.918
2504 510 6 AV SE,1368.743 -90.175|1369.107 -82.124|1372.819 -0.262|1350.268 6.065|1347.961 2.262|1344.605 -3.431|1341.620 -9.325|1339.027 -15.396|1336.832 -21.634|1335.035 -27.994|1333.658 -34.455|1332.693 -40.993|1332.155 -47.576|1330.785 -77.454|1330.897 -79.600|1331.428 -81.679|1332.351 -83.625|1333.637 -85.349|1335.231 -86.794|1337.077 -87.895|1339.104 -88.607|1341.236 -88.918
2605 510 6 AV SE,1368.743 -90.175|1369.107 -82.124|1372.819 -0.262|1350.268 6.065|1347.961 2.262|1344.605 -3.431|1341.620 -9.325|1339.027 -15.396|1336.832 -21.634|1335.035 -27.994|1333.658 -34.455|1332.693 -40.993|1332.155 -47.576|1330.785 -77.454|1330.897 -79.600|1331.428 -81.679|1332.351 -83.625|1333.637 -85.349|1335.231 -86.794|1337.077 -87.895|1339.104 -88.607|1341.236 -88.918
2606 510 6 AV SE,1368.743 -90.175|1369.107 -82.124|1372.819 -0.262|1350.268 6.065|1347.961 2.262|1344.605 -3.431|1341.620 -9.325|1339.027 -15.396|1336.832 -21.634|1335.035 -27.994|1333.658 -34.455|1332.693 -40.993|1332.155 -47.576|1330.785 -77.454|1330.897 -79.600|1331.428 -81.679|1332.351 -83.625|1333.637 -85.349|1335.231 -86.794|1337.077 -87.895|1339.104 -88.607|1341.236 -88.918
2601 510 6 AV SE,1368.743 -90.175|1369.107 -82.124|1372.819 -0.262|1350.268 6.065|1347.961 2.262|1344.605 -3.431|1341.620 -9.325|1339.027 -15.396|1336.832 -21.634|1335.035 -27.994|1333.658 -34.455|1332.693 -40.993|1332.155 -47.576|1330.785 -77.454|1330.897 -79.600|1331.428 -81.679|1332.351 -83.625|1333.637 -85.349|1335.231 -86.794|1337.077 -87.895|1339.104 -88.607|1341.236 -88.918
2602 510 6 AV SE,1368.743 -90.175|1369.107 -82.124|1372.819 -0.262|1350.268 6.065|1347.961 2.262|1344.605 -3.431|1341.620 -9.325|1339.027 -15.396|1336.832 -21.634|1335.035 -27.994|1333.658 -34.455|1332.693 -40.993|1332.155 -47.576|1330.785 -77.454|1330.897 -79.600|1331.428 -81.679|1332.351 -83.625|1333.637 -85.349|1335.231 -86.794|1337.077 -87.895|1339.104 -88.607|1341.236 -88.918
2603 510 6 AV SE,1368.743 -90.175|1369.107 -82.124|1372.819 -0.262|1350.268 6.065|1347.961 2.262|1344.605 -3.431|1341.620 -9.325|1339.027 -15.396|1336.832 -21.634|1335.035 -27.994|1333.658 -34.455|1332.693 -40.993|1332.155 -47.576|1330.785 -77.454|1330.897 -79.600|1331.428 -81.679|1332.351 -83.625|1333.637 -85.349|1335.231 -86.794|1337.077 -87.895|1339.104 -88.607|1341.236 -88.918
2604 510 6 AV SE,1368.743 -90.175|1369.107 -82.124|1372.819 -0.262|1350.268 6.065|1347.961 2.262|1344.605 -3.431|1341.620 -9.325|1339.027 -15.396|1336.832 -21.634|1335.035 -27.994|1333.658 -34.455|1332.693 -40.993|1332.155 -47.576|1330.785 -77.454|1330.897 -79.600|1331.428 -81.679|1332.351 -83.625|1333.637 -85.349|1335.231 -86.794|1337.077 -87.895|1339.104 -88.607|1341.236 -88.918
2705 510 6 AV SE,1368.743 -90.175|1369.107 -82.124|1372.819 -0.262|1350.268 6.065|1347.961 2.262|1344.605 -3.431|1341.620 -9.325|1339.027 -15.396|1336.832 -21.634|1335.035 -27.994|1333.658 -34.455|1332.693 -40.993|1332.155 -47.576|1330.785 -77.454|1330.897 -79.600|1331.428 -81.679|1332.351 -83.625|1333.637 -85.349|1335.231 -86.794|1337.077 -87.895|1339.104 -88.607|1341.236 -88.918
2706 510 6 AV SE,1368.743 -90.175|1369.107 -82.124|1372.819 -0.262|1350.268 6.065|1347.961 2.262|1344.605 -3.431|1341.620 -9.325|1339.027 -15.396|1336.832 -21.634|1335.035 -27.994|1333.658 -34.455|1332.693 -40.993|1332.155 -47.576|1330.785 -77.454|1330.897 -79.600|1331.428 -81.679|1332.351 -83.625|1333.637 -85.349|1335.231 -86.794|1337.077 -87.895|1339.104 -88.607|1341.236 -88.918
2701 510 6 AV SE,1368.743 -90.175|1369.107 -82.124|1372.819 -0.262|1350.268 6.065|1347.961 2.262|1344.605 -3.431|1341.620 -9.325|1339.027 -15.396|1336.832 -21.634|1335.035 -27.994|1333.658 -34.455|1332.693 -40.993|1332.155 -47.576|1330.785 -77.454|1330.897 -79.600|1331.428 -81.679|1332.351 -83.625|1333.637 -85.349|1335.231 -86.794|1337.077 -87.895|1339.104 -88.607|1341.236 -88.918
2702 510 6 AV SE,1368.743 -90.175|1369.107 -82.124|1372.819 -0.262|1350.268 6.065|1347.961 2.262|1344.605 -3.431|1341.620 -9.325|1339.027 -15.396|1336.832 -21.634|1335.035 -27.994|1333.658 -34.455|1332.693 -40.993|1332.155 -47.576|1330.785 -77.454|1330.897 -79.600|1331.428 -81.679|1332.351 -83.625|1333.637 -85.349|1335.231 -86.794|1337.077 -87.895|1339.104 -88.607|1341.236 -88.918
2703 510 6 AV SE,1368.743 -90.175|1369.107 -82.124|1372.819 -0.262|1350.268 6.065|1347.961 2.262|1344.605 -3.431|1341.620 -9.325|1339.027 -15.396|1336.832 -21.634|1335.035 -27.994|1333.658 -34.455|1332.693 -40.993|1332.155 -47.576|1330.785 -77.454|1330.897 -79.600|1331.428 -81.679|1332.351 -83.625|1333.637 -85.349|1335.231 -86.794|1337.077 -87.895|1339.104 -88.607|1341.236 -88.918
2704 510 6 AV SE,1368.743 -90.175|1369.107 -82.124|1372.819 -0.262|1350.268 6.065|1347.961 2.262|1344.605 -3.431|1341.620 -9.325|1339.027 -15.396|1336.832 -21.634|1335.035 -27.994|1333.658 -34.455|1332.693 -40.993|1332.155 -47.576|1330.785 -77.454|1330.897 -79.600|1331.428 -81.679|1332.351 -83.625|1333.637 -85.349|1335.231 -86.794|1337.077 -87.895|1339.104 -88.607|1341.236 -88.918
2805 510 6 AV SE,1368.743 -90.175|1369.107 -82.124|1372.819 -0.262|1350.268 6.065|1347.961 2.262|1344.605 -3.431|1341.620 -9.325|1339.027 -15.396|1336.832 -21.634|1335.035 -27.994|1333.658 -34.455|1332.693 -40.993|1332.155 -47.576|1330.785 -77.454|1330.897 -79.600|1331.428 -81.679|1332.351 -83.625|1333.637 -85.349|1335.231 -86.794|1337.077 -87.895|1339.104 -88.607|1341.236 -88.918
2806 510 6 AV SE,1368.743 -90.175|1369.107 -82.124|1372.819 -0.262|1350.268 6.065|1347.961 2.262|1344.605 -3.431|1341.620 -9.325|1339.027 -15.396|1336.832 -21.634|1335.035 -27.994|1333.658 -34.455|1332.693 -40.993|1332.155 -47.576|1330.785 -77.454|1330.897 -79.600|1331.428 -81.679|1332.351 -83.625|1333.637 -85.349|1335.231 -86.794|1337.077 -87.895|1339.104 -88.607|1341.236 -88.918
2801 510 6 AV SE,1368.743 -90.175|1369.107 -82.124|1372.819 -0.262|1350.268 6.065|1347.961 2.262|1344.605 -3.431|1341.620 -9.325|1339.027 -15.396|1336.832 -21.634|1335.035 -27.994|1333.658 -34.455|1332.693 -40.993|1332.155 -47.576|1330.785 -77.454|1330.897 -79.600|1331.428 -81.679|1332.351 -83.625|1333.637 -85.349|1335.231 -86.794|1337.077 -87.895|1339.104 -88.607|1341.236 -88.918
2802 510 6 AV SE,1368.743 -90.175|1369.107 -82.124|1372.819 -0.262|1350.268 6.065|1347.961 2.262|1344.605 -3.431|1341.620 -9.325|1339.027 -15.396|1336.832 -21.634|1335.035 -27.994|1333.658 -34.455|1332.693 -40.993|1332.155 -47.576|1330.785 -77.454|1330.897 -79.600|1331.428 -81.679|1332.351 -83.625|1333.637 -85.349|1335.231 -86.794|1337.077 -87.895|1339.104 -88.607|1341.236 -88.918
2803 510 6 AV SE,1368.743 -90.175|1369.107 -82.124|1372.819 -0.262|1350.268 6.065|1347.961 2.262|1344.605 -3.431|1341.620 -9.325|1339.027 -15.396|1336.832 -21.634|1335.035 -27.994|1333.658 -34.455|1332.693 -40.993|1332.155 -47.576|1330.785 -77.454|1330.897 -79.600|1331.428 -81.679|1332.351 -83.625|1333.637 -85.349|1335.231 -86.794|1337.077 -87.895|1339.104 -88.607|1341.236 -88.918
2804 510 6 AV SE,1368.743 -90.175|1369.107 -82.124|1372.819 -0.262|1350.268 6.065|1347.961 2.262|1344.605 -3.431|1341.620 -9.325|1339.027 -15.396|1336.832 -21.634|1335.035 -27.994|1333.658 -34.455|1332.693 -40.993|1332.155 -47.576|1330.785 -77.454|1330.897 -79.600|1331.428 -81.679|1332.351 -83.625|1333.637 -85.349|1335.231 -86.794|1337.077 -87.895|1339.104 -88.607|1341.236 -88.918
2905 510 6 AV SE,1368.743 -90.175|1369.107 -82.124|1372.819 -0.262|1350.268 6.065|1347.961 2.262|1344.605 -3.431|1341.620 -9.325|1339.027 -15.396|1336.832 -21.634|1335.035 -27.994|1333.658 -34.455|1332.693 -40.993|1332.155 -47.576|1330.785 -77.454|1330.897 -79.600|1331.428 -81.679|1332.351 -83.625|1333.637 -85.349|1335.231 -86.794|1337.077 -87.895|1339.104 -88.607|1341.236 -88.918
2906 510 6 AV SE,1368.743 -90.175|1369.107 -82.124|1372.819 -0.262|1350.268 6.065|1347.961 2.262|1344.605 -3.431|1341.620 -9.325|1339.027 -15.396|1336.832 -21.634|1335.035 -27.994|1333.658 -34.455|1332.693 -40.993|1332.155 -47.576|1330.785 -77.454|1330.897 -79.600|1331.428 -81.679|1332.351 -83.625|1333.637 -85.349|1335.231 -86.794|1337.077 -87.895|1339.104 -88.607|1341.236 -88.918
2901 510 6 AV SE,1368.743 -90.175|1369.107 -82.124|1372.819 -0.262|1350.268 6.065|1347.961 2.262|1344.605 -3.431|1341.620 -9.325|1339.027 -15.396|1336.832 -21.634|1335.035 -27.994|1333.658 -34.455|1332.693 -40.993|1332.155 -47.576|1330.785 -77.454|1330.897 -79.600|1331.428 -81.679|1332.351 -83.625|1333.637 -85.349|1335.231 -86.794|1337.077 -87.895|1339.104 -88.607|1341.236 -88.918
2902 510 6 AV SE,1368.743 -90.175|1369.107 -82.124|1372.819 -0.262|1350.268 6.065|1347.961 2.262|1344.605 -3.431|1341.620 -9.325|1339.027 -15.396|1336.832 -21.634|1335.035 -27.994|1333.658 -34.455|1332.693 -40.993|1332.155 -47.576|1330.785 -77.454|1330.897 -79.600|1331.428 -81.679|1332.351 -83.625|1333.637 -85.349|1335.231 -86.794|1337.077 -87.895|1339.104 -88.607|1341.236 -88.918
2903 510 6 AV SE,1368.743 -90.175|1369.107 -82.124|1372.819 -0.262|1350.268 6.065|1347.961 2.262|1344.605 -3.431|1341.620 -9.325|1339.027 -15.396|1336.832 -21.634|1335.035 -27.994|1333.658 -34.455|1332.693 -40.993|1332.155 -47.576|1330.785 -77.454|1330.897 -79.600|1331.428 -81.679|1332.351 -83.625|1333.637 -85.349|1335.231 -86.794|1337.077 -87.895|1339.104 -88.607|1341.236 -88.918
2904 510 6 AV SE,1368.743 -90.175|1369.107 -82.124|1372.819 -0.262|1350.268 6.065|1347.961 2.262|1344.605 -3.431|1341.620 -9.325|1339.027 -15.396|1336.832 -21.634|1335.035 -27.994|1333.658 -34.455|1332.693 -40.993|1332.155 -47.576|1330.785 -77.454|1330.897 -79.600|1331.428 -81.679|1332.351 -83.625|1333.637 -85.349|1335.231 -86.794|1337.077 -87.895|1339.104 -88.607|1341.236 -88.918
3005 510 6 AV SE,1368.743 -90.175|1369.107 -82.124|1372.819 -0.262|1350.268 6.065|1347.961 2.262|1344.605 -3.431|1341.620 -9.325|1339.027 -15.396|1336.832 -21.634|1335.035 -27.994|1333.658 -34.455|1332.693 -40.993|1332.155 -47.576|1330.785 -77.454|1330.897 -79.600|1331.428 -81.679|1332.351 -83.625|1333.637 -85.349|1335.231 -86.794|1337.077 -87.895|1339.104 -88.607|1341.236 -88.918
3006 510 6 AV SE,1368.743 -90.175|1369.107 -82.124|1372.819 -0.262|1350.268 6.065|1347.961 2.262|1344.605 -3.431|1341.620 -9.325|1339.027 -15.396|1336.832 -21.634|1335.035 -27.994|1333.658 -34.455|1332.693 -40.993|1332.155 -47.576|1330.785 -77.454|1330.897 -79.600|1331.428 -81.679|1332.351 -83.625|1333.637 -85.349|1335.231 -86.794|1337.077 -87.895|1339.104 -88.607|1341.236 -88.918
3001 510 6 AV SE,1368.743 -90.175|1369.107 -82.124|1372.819 -0.262|1350.268 6.065|1347.961 2.262|1344.605 -3.431|1341.620 -9.325|1339.027 -15.396|1336.832 -21.634|1335.035 -27.994|1333.658 -34.455|1332.693 -40.993|1332.155 -47.576|1330.785 -77.454|1330.897 -79.600|1331.428 -81.679|1332.351 -83.625|1333.637 -85.349|1335.231 -86.794|1337.077 -87.895|1339.104 -88.607|1341.236 -88.918
3002 510 6 AV SE,1368.743 -90.175|1369.107 -82.124|1372.819 -0.262|1350.268 6.065|1347.961 2.262|1344.605 -3.431|1341.620 -9.325|1339.027 -15.396|1336.832 -21.634|1335.035 -27.994|1333.658 -34.455|1332.693 -40.993|1332.155 -47.576|1330.785 -77.454|1330.897 -79.600|1331.428 -81.679|1332.351 -83.625|1333.637 -85.349|1335.231 -86.794|1337.077 -87.895|1339.104 -88.607|1341.236 -88.918
3003 510 6 AV SE,1368.743 -90.175|1369.107 -82.124|1372.819 -0.262|1350.268 6.065|1347.961 2.262|1344.605 -3.431|1341.620 -9.325|1339.027 -15.396|1336.832 -21.634|1335.035 -27.994|1333.658 -34.455|1332.693 -40.993|1332.155 -47.576|1330.785 -77.454|1330.897 -79.600|1331.428 -81.679|1332.351 -83.625|1333.637 -85.349|1335.231 -86.794|1337.077 -87.895|1339.104 -88.607|1341.236 -88.918
3004 510 6 AV SE,1368.743 -90.175|1369.107 -82.124|1372.819 -0.262|1350.268 6.065|1347.961 2.262|1344.605 -3.431|1341.620 -9.325|1339.027 -15.396|1336.832 -21.634|1335.035 -27.994|1333.658 -34.455|1332.693 -40.993|1332.155 -47.576|1330.785 -77.454|1330.897 -79.600|1331.428 -81.679|1332.351 -83.625|1333.637 -85.349|1335.231 -86.794|1337.077 -87.895|1339.104 -88.607|1341.236 -88.918
3103 510 6 AV SE,1368.743 -90.175|1369.107 -82.124|1372.819 -0.262|1350.268 6.065|1347.961 2.262|1344.605 -3.431|1341.620 -9.325|1339.027 -15.396|1336.832 -21.634|1335.035 -27.994|1333.658 -34.455|1332.693 -40.993|1332.155 -47.576|1330.785 -77.454|1330.897 -79.600|1331.428 -81.679|1332.351 -83.625|1333.637 -85.349|1335.231 -86.794|1337.077 -87.895|1339.104 -88.607|1341.236 -88.918
3104 510 6 AV SE,1368.743 -90.175|1369.107 -82.124|1372.819 -0.262|1350.268 6.065|1347.961 2.262|1344.605 -3.431|1341.620 -9.325|1339.027 -15.396|1336.832 -21.634|1335.035 -27.994|1333.658 -34.455|1332.693 -40.993|1332.155 -47.576|1330.785 -77.454|1330.897 -79.600|1331.428 -81.679|1332.351 -83.625|1333.637 -85.349|1335.231 -86.794|1337.077 -87.895|1339.104 -88.607|1341.236 -88.918
3101 510 6 AV SE,1368.743 -90.175|1369.107 -82.124|1372.819 -0.262|1350.268 6.065|1347.961 2.262|1344.605 -3.431|1341.620 -9.325|1339.027 -15.396|1336.832 -21.634|1335.035 -27.994|1333.658 -34.455|1332.693 -40.993|1332.155 -47.576|1330.785 -77.454|1330.897 -79.600|1331.428 -81.679|1332.351 -83.625|1333.637 -85.349|1335.231 -86.794|1337.077 -87.895|1339.104 -88.607|1341.236 -88.918
3102 510 6 AV SE,1368.743 -90.175|1369.107 -82.124|1372.819 -0.262|1350.268 6.065|1347.961 2.262|1344.605 -3.431|1341.620 -9.325|1339.027 -15.396|1336.832 -21.634|1335.035 -27.994|1333.658 -34.455|1332.693 -40.993|1332.155 -47.576|1330.785 -77.454|1330.897 -79.600|1331.428 -81.679|1332.351 -83.625|1333.637 -85.349|1335.231 -86.794|1337.077 -87.895|1339.104 -88.607|1341.236 -88.918
3202 510 6 AV SE,1368.743 -90.175|1369.107 -82.124|1372.819 -0.262|1350.268 6.065|1347.961 2.262|1344.605 -3.431|1341.620 -9.325|1339.027 -15.396|1336.832 -21.634|1335.035 -27.994|1333.658 -34.455|1332.693 -40.993|1332.155 -47.576|1330.785 -77.454|1330.897 -79.600|1331.428 -81.679|1332.351 -83.625|1333.637 -85.349|1335.231 -86.794|1337.077 -87.895|1339.104 -88.607|1341.236 -88.918
3203 510 6 AV SE,1368.743 -90.175|1369.107 -82.124|1372.819 -0.262|1350.268 6.065|1347.961 2.262|1344.605 -3.431|1341.620 -9.325|1339.027 -15.396|1336.832 -21.634|1335.035 -27.994|1333.658 -34.455|1332.693 -40.993|1332.155 -47.576|1330.785 -77.454|1330.897 -79.600|1331.428 -81.679|1332.351 -83.625|1333.637 -85.349|1335.231 -86.794|1337.077 -87.895|1339.104 -88.607|1341.236 -88.918
3204 510 6 AV SE,1368.743 -90.175|1369.107 -82.124|1372.819 -0.262|1350.268 6.065|1347.961 2.262|1344.605 -3.431|1341.620 -9.325|1339.027 -15.396|1336.832 -21.634|1335.035 -27.994|1333.658 -34.455|1332.693 -40.993|1332.155 -47.576|1330.785 -77.454|1330.897 -79.600|1331.428 -81.679|1332.351 -83.625|1333.637 -85.349|1335.231 -86.794|1337.077 -87.895|1339.104 -88.607|1341.236 -88.918
3201 510 6 AV SE,1368.743 -90.175|1369.107 -82.124|1372.819 -0.262|1350.268 6.065|1347.961 2.262|1344.605 -3.431|1341.620 -9.325|1339.027 -15.396|1336.832 -21.634|1335.035 -27.994|1333.658 -34.455|1332.693 -40.993|1332.155 -47.576|1330.785 -77.454|1330.897 -79.600|1331.428 -81.679|1332.351 -83.625|1333.637 -85.349|1335.231 -86.794|1337.077 -87.895|1339.104 -88.607|1341.236 -88.918
1301 510 6 AV SE,1368.743 -90.175|1369.107 -82.124|1372.819 -0.262|1350.268 6.065|1347.961 2.262|1344.605 -3.431|1341.620 -9.325|1339.027 -15.396|1336.832 -21.634|1335.035 -27.994|1333.658 -34.455|1332.693 -40.993|1332.155 -47.576|1330.785 -77.454|1330.897 -79.600|1331.428 -81.679|1332.351 -83.625|1333.637 -85.349|1335.231 -86.794|1337.077 -87.895|1339.104 -88.607|1341.236 -88.918
1607 510 6 AV SE,1368.743 -90.175|1369.107 -82.124|1372.819 -0.262|1350.268 6.065|1347.961 2.262|1344.605 -3.431|1341.620 -9.325|1339.027 -15.396|1336.832 -21.634|1335.035 -27.994|1333.658 -34.455|1332.693 -40.993|1332.155 -47.576|1330.785 -77.454|1330.897 -79.600|1331.428 -81.679|1332.351 -83.625|1333.637 -85.349|1335.231 -86.794|1337.077 -87.895|1339.104 -88.607|1341.236 -88.918
607 CONFLUENCE WY SE,1526.588 -53.858|1519.102 -51.757|1511.608 -49.655|1504.114 -47.554|1496.627 -45.452|1489.133 -43.350|1481.640 -41.249|1474.153 -39.136|1470.958 -38.247|1466.435 -41.527|1464.261 -90.041|1468.546 -94.745|1471.629 -94.878|1479.207 -95.223|1486.778 -95.568|1494.355 -95.912|1501.926 -96.246|1509.504 -96.591|1517.074 -96.935|1524.624 -97.280|1525.260 -83.247|1525.540 -77.065|1525.742 -72.561
609 CONFLUENCE WY SE,1526.588 -53.858|1519.102 -51.757|1511.608 -49.655|1504.114 -47.554|1496.627 -45.452|1489.133 -43.350|1481.640 -41.249|1474.153 -39.136|1470.958 -38.247|1466.435 -41.527|1464.261 -90.041|1468.546 -94.745|1471.629 -94.878|1479.207 -95.223|1486.778 -95.568|1494.355 -95.912|1501.926 -96.246|1509.504 -96.591|1517.074 -96.935|1524.624 -97.280|1525.260 -83.247|1525.540 -77.065|1525.742 -72.561
611 CONFLUENCE WY SE,1526.588 -53.858|1519.102 -51.757|1511.608 -49.655|1504.114 -47.554|1496.627 -45.452|1489.133 -43.350|1481.640 -41.249|1474.153 -39.136|1470.958 -38.247|1466.435 -41.527|1464.261 -90.041|1468.546 -94.745|1471.629 -94.878|1479.207 -95.223|1486.778 -95.568|1494.355 -95.912|1501.926 -96.246|1509.504 -96.591|1517.074 -96.935|1524.624 -97.280|1525.260 -83.247|1525.540 -77.065|1525.742 -72.561
613 CONFLUENCE WY SE,1526.588 -53.858|1519.102 -51.757|1511.608 -49.655|1504.114 -47.554|1496.627 -45.452|1489.133 -43.350|1481.640 -41.249|1474.153 -39.136|1470.958 -38.247|1466.435 -41.527|1464.261 -90.041|1468.546 -94.745|1471.629 -94.878|1479.207 -95.223|1486.778 -95.568|1494.355 -95.912|1501.926 -96.246|1509.504 -96.591|1517.074 -96.935|1524.624 -97.280|1525.260 -83.247|1525.540 -77.065|1525.742 -72.561
615 CONFLUENCE WY SE,1526.588 -53.858|1519.102 -51.757|1511.608 -49.655|1504.114 -47.554|1496.627 -45.452|1489.133 -43.350|1481.640 -41.249|1474.153 -39.136|1470.958 -38.247|1466.435 -41.527|1464.261 -90.041|1468.546 -94.745|1471.629 -94.878|1479.207 -95.223|1486.778 -95.568|1494.355 -95.912|1501.926 -96.246|1509.504 -96.591|1517.074 -96.935|1524.624 -97.280|1525.260 -83.247|1525.540 -77.065|1525.742 -72.561
120 619 CONFLUENCE WY SE,1526.588 -53.858|1519.102 -51.757|1511.608 -49.655|1504.114 -47.554|1496.627 -45.452|1489.133 -43.350|1481.640 -41.249|1474.153 -39.136|1470.958 -38.247|1466.435 -41.527|1464.261 -90.041|1468.546 -94.745|1471.629 -94.878|1479.207 -95.223|1486.778 -95.568|1494.355 -95.912|1501.926 -96.246|1509.504 -96.591|1517.074 -96.935|1524.624 -97.280|1525.260 -83.247|1525.540 -77.065|1525.742 -72.561
121 619 CONFLUENCE WY SE,1526.588 -53.858|1519.102 -51.757|1511.608 -49.655|1504.114 -47.554|1496.627 -45.452|1489.133 -43.350|1481.640 -41.249|1474.153 -39.136|1470.958 -38.247|1466.435 -41.527|1464.261 -90.041|1468.546 -94.745|1471.629 -94.878|1479.207 -95.223|1486.778 -95.568|1494.355 -95.912|1501.926 -96.246|1509.504 -96.591|1517.074 -96.935|1524.624 -97.280|1525.260 -83.247|1525.540 -77.065|1525.742 -72.561
122 619 CONFLUENCE WY SE,1526.588 -53.858|1519.102 -51.757|1511.608 -49.655|1504.114 -47.554|1496.627 -45.452|1489.133 -43.350|1481.640 -41.249|1474.153 -39.136|1470.958 -38.247|1466.435 -41.527|1464.261 -90.041|1468.546 -94.745|1471.629 -94.878|1479.207 -95.223|1486.778 -95.568|1494.355 -95.912|1501.926 -96.246|1509.504 -96.591|1517.074 -96.935|1524.624 -97.280|1525.260 -83.247|1525.540 -77.065|1525.742 -72.561
123 619 CONFLUENCE WY SE,1526.588 -53.858|1519.102 -51.757|1511.608 -49.655|1504.114 -47.554|1496.627 -45.452|1489.133 -43.350|1481.640 -41.249|1474.153 -39.136|1470.958 -38.247|1466.435 -41.527|1464.261 -90.041|1468.546 -94.745|1471.629 -94.878|1479.207 -95.223|1486.778 -95.568|1494.355 -95.912|1501.926 -96.246|1509.504 -96.591|1517.074 -96.935|1524.624 -97.280|1525.260 -83.247|1525.540 -77.065|1525.742 -72.561
124 619 CONFLUENCE WY SE,1526.588 -53.858|1519.102 -51.757|1511.608 -49.655|1504.114 -47.554|1496.627 -45.452|1489.133 -43.350|1481.640 -41.249|1474.153 -39.136|1470.958 -38.247|1466.435 -41.527|1464.261 -90.041|1468.546 -94.745|1471.629 -94.878|1479.207 -95.223|1486.778 -95.568|1494.355 -95.912|1501.926 -96.246|1509.504 -96.591|1517.074 -96.935|1524.624 -97.280|1525.260 -83.247|1525.540 -77.065|1525.742 -72.561
220 619 CONFLUENCE WY SE,1526.588 -53.858|1519.102 -51.757|1511.608 -49.655|1504.114 -47.554|1496.627 -45.452|1489.133 -43.350|1481.640 -41.249|1474.153 -39.136|1470.958 -38.247|1466.435 -41.527|1464.261 -90.041|1468.546 -94.745|1471.629 -94.878|1479.207 -95.223|1486.778 -95.568|1494.355 -95.912|1501.926 -96.246|1509.504 -96.591|1517.074 -96.935|1524.624 -97.280|1525.260 -83.247|1525.540 -77.065|1525.742 -72.561
221 619 CONFLUENCE WY SE,1526.588 -53.858|1519.102 -51.757|1511.608 -49.655|1504.114 -47.554|1496.627 -45.452|1489.133 -43.350|1481.640 -41.249|1474.153 -39.136|1470.958 -38.247|1466.435 -41.527|1464.261 -90.041|1468.546 -94.745|1471.629 -94.878|1479.207 -95.223|1486.778 -95.568|1494.355 -95.912|1501.926 -96.246|1509.504 -96.591|1517.074 -96.935|1524.624 -97.280|1525.260 -83.247|1525.540 -77.065|1525.742 -72.561
222 619 CONFLUENCE WY SE,1526.588 -53.858|1519.102 -51.757|1511.608 -49.655|1504.114 -47.554|1496.627 -45.452|1489.133 -43.350|1481.640 -41.249|1474.153 -39.136|1470.958 -38.247|1466.435 -41.527|1464.261 -90.041|1468.546 -94.745|1471.629 -94.878|1479.207 -95.223|1486.778 -95.568|1494.355 -95.912|1501.926 -96.246|1509.504 -96.591|1517.074 -96.935|1524.624 -97.280|1525.260 -83.247|1525.540 -77.065|1525.742 -72.561
223 619 CONFLUENCE WY SE,1526.588 -53.858|1519.102 -51.757|1511.608 -49.655|1504.114 -47.554|1496.627 -45.452|1489.133 -43.350|1481.640 -41.249|1474.153 -39.136|1470.958 -38.247|1466.435 -41.527|1464.261 -90.041|1468.546 -94.745|1471.629 -94.878|1479.207 -95.223|1486.778 -95.568|1494.355 -95.912|1501.926 -96.246|1509.504 -96.591|1517.074 -96.935|1524.624 -97.280|1525.260 -83.247|1525.540 -77.065|1525.742 -72.561
224 619 CONFLUENCE WY SE,1526.588 -53.858|1519.102 -51.757|1511.608 -49.655|1504.114 -47.554|1496.627 -45.452|1489.133 -43.350|1481.640 -41.249|1474.153 -39.136|1470.958 -38.247|1466.435 -41.527|1464.261 -90.041|1468.546 -94.745|1471.629 -94.878|1479.207 -95.223|1486.778 -95.568|1494.355 -95.912|1501.926 -96.246|1509.504 -96.591|1517.074 -96.935|1524.624 -97.280|1525.260 -83.247|1525.540 -77.065|1525.742 -72.561
312 619 CONFLUENCE WY SE,1526.588 -53.858|1519.102 -51.757|1511.608 -49.655|1504.114 -47.554|1496.627 -45.452|1489.133 -43.350|1481.640 -41.249|1474.153 -39.136|1470.958 -38.247|1466.435 -41.527|1464.261 -90.041|1468.546 -94.745|1471.629 -94.878|1479.207 -95.223|1486.778 -95.568|1494.355 -95.912|1501.926 -96.246|1509.504 -96.591|1517.074 -96.935|1524.624 -97.280|1525.260 -83.247|1525.540 -77.065|1525.742 -72.561
313 619 CONFLUENCE WY SE,1526.588 -53.858|1519.102 -51.757|1511.608 -49.655|1504.114 -47.554|1496.627 -45.452|1489.133 -43.350|1481.640 -41.249|1474.153 -39.136|1470.958 -38.247|1466.435 -41.527|1464.261 -90.041|1468.546 -94.745|1471.629 -94.878|1479.207 -95.223|1486.778 -95.568|1494.355 -95.912|1501.926 -96.246|1509.504 -96.591|1517.074 -96.935|1524.624 -97.280|1525.260 -83.247|1525.540 -77.065|1525.742 -72.561
314 619 CONFLUENCE WY SE,1526.588 -53.858|1519.102 -51.757|1511.608 -49.655|1504.114 -47.554|1496.627 -45.452|1489.133 -43.350|1481.640 -41.249|1474.153 -39.136|1470.958 -38.247|1466.435 -41.527|1464.261 -90.041|1468.546 -94.745|1471.629 -94.878|1479.207 -95.223|1486.778 -95.568|1494.355 -95.912|1501.926 -96.246|1509.504 -96.591|1517.074 -96.935|1524.624 -97.280|1525.260 -83.247|1525.540 -77.065|1525.742 -72.561
315 619 CONFLUENCE WY SE,1526.588 -53.858|1519.102 -51.757|1511.608 -49.655|1504.114 -47.554|1496.627 -45.452|1489.133 -43.350|1481.640 -41.249|1474.153 -39.136|1470.958 -38.247|1466.435 -41.527|1464.261 -90.041|1468.546 -94.745|1471.629 -94.878|1479.207 -95.223|1486.778 -95.568|1494.355 -95.912|1501.926 -96.246|1509.504 -96.591|1517.074 -96.935|1524.624 -97.280|1525.260 -83.247|1525.540 -77.065|1525.742 -72.561
316 619 CONFLUENCE WY SE,1526.588 -53.858|1519.102 -51.757|1511.608 -49.655|1504.114 -47.554|1496.627 -45.452|1489.133 -43.350|1481.640 -41.249|1474.153 -39.136|1470.958 -38.247|1466.435 -41.527|1464.261 -90.041|1468.546 -94.745|1471.629 -94.878|1479.207 -95.223|1486.778 -95.568|1494.355 -95.912|1501.926 -96.246|1509.504 -96.591|1517.074 -96.935|1524.624 -97.280|1525.260 -83.247|1525.540 -77.065|1525.742 -72.561
317 619 CONFLUENCE WY SE,1526.588 -53.858|1519.102 -51.757|1511.608 -49.655|1504.114 -47.554|1496.627 -45.452|1489.133 -43.350|1481.640 -41.249|1474.153 -39.136|1470.958 -38.247|1466.435 -41.527|1464.261 -90.041|1468.546 -94.745|1471.629 -94.878|1479.207 -95.223|1486.778 -95.568|1494.355 -95.912|1501.926 -96.246|1509.504 -96.591|1517.074 -96.935|1524.624 -97.280|1525.260 -83.247|1525.540 -77.065|1525.742 -72.561
318 619 CONFLUENCE WY SE,1526.588 -53.858|1519.102 -51.757|1511.608 -49.655|1504.114 -47.554|1496.627 -45.452|1489.133 -43.350|1481.640 -41.249|1474.153 -39.136|1470.958 -38.247|1466.435 -41.527|1464.261 -90.041|1468.546 -94.745|1471.629 -94.878|1479.207 -95.223|1486.778 -95.568|1494.355 -95.912|1501.926 -96.246|1509.504 -96.591|1517.074 -96.935|1524.624 -97.280|1525.260 -83.247|1525.540 -77.065|1525.742 -72.561
319 619 CONFLUENCE WY SE,1526.588 -53.858|1519.102 -51.757|1511.608 -49.655|1504.114 -47.554|1496.627 -45.452|1489.133 -43.350|1481.640 -41.249|1474.153 -39.136|1470.958 -38.247|1466.435 -41.527|1464.261 -90.041|1468.546 -94.745|1471.629 -94.878|1479.207 -95.223|1486.778 -95.568|1494.355 -95.912|1501.926 -96.246|1509.504 -96.591|1517.074 -96.935|1524.624 -97.280|1525.260 -83.247|1525.540 -77.065|1525.742 -72.561
320 619 CONFLUENCE WY SE,1526.588 -53.858|1519.102 -51.757|1511.608 -49.655|1504.114 -47.554|1496.627 -45.452|1489.133 -43.350|1481.640 -41.249|1474.153 -39.136|1470.958 -38.247|1466.435 -41.527|1464.261 -90.041|1468.546 -94.745|1471.629 -94.878|1479.207 -95.223|1486.778 -95.568|1494.355 -95.912|1501.926 -96.246|1509.504 -96.591|1517.074 -96.935|1524.624 -97.280|1525.260 -83.247|1525.540 -77.065|1525.742 -72.561
321 619 CONFLUENCE WY SE,1526.588 -53.858|1519.102 -51.757|1511.608 -49.655|1504.114 -47.554|1496.627 -45.452|1489.133 -43.350|1481.640 -41.249|1474.153 -39.136|1470.958 -38.247|1466.435 -41.527|1464.261 -90.041|1468.546 -94.745|1471.629 -94.878|1479.207 -95.223|1486.778 -95.568|1494.355 -95.912|1501.926 -96.246|1509.504 -96.591|1517.074 -96.935|1524.624 -97.280|1525.260 -83.247|1525.540 -77.065|1525.742 -72.561
322 619 CONFLUENCE WY SE,1526.588 -53.858|1519.102 -51.757|1511.608 -49.655|1504.114 -47.554|1496.627 -45.452|1489.133 -43.350|1481.640 -41.249|1474.153 -39.136|1470.958 -38.247|1466.435 -41.527|1464.261 -90.041|1468.546 -94.745|1471.629 -94.878|1479.207 -95.223|1486.778 -95.568|1494.355 -95.912|1501.926 -96.246|1509.504 -96.591|1517.074 -96.935|1524.624 -97.280|1525.260 -83.247|1525.540 -77.065|1525.742 -72.561
323 619 CONFLUENCE WY SE,1526.588 -53.858|1519.102 -51.757|1511.608 -49.655|1504.114 -47.554|1496.627 -45.452|1489.133 -43.350|1481.640 -41.249|1474.153 -39.136|1470.958 -38.247|1466.435 -41.527|1464.261 -90.041|1468.546 -94.745|1471.629 -94.878|1479.207 -95.223|1486.778 -95.568|1494.355 -95.912|1501.926 -96.246|1509.504 -96.591|1517.074 -96.935|1524.624 -97.280|1525.260 -83.247|1525.540 -77.065|1525.742 -72.561
324 619 CONFLUENCE WY SE,1526.588 -53.858|1519.102 -51.757|1511.608 -49.655|1504.114 -47.554|1496.627 -45.452|1489.133 -43.350|1481.640 -41.249|1474.153 -39.136|1470.958 -38.247|1466.435 -41.527|1464.261 -90.041|1468.546 -94.745|1471.629 -94.878|1479.207 -95.223|1486.778 -95.568|1494.355 -95.912|1501.926 -96.246|1509.504 -96.591|1517.074 -96.935|1524.624 -97.280|1525.260 -83.247|1525.540 -77.065|1525.742 -72.561
412 619 CONFLUENCE WY SE,1526.588 -53.858|1519.102 -51.757|1511.608 -49.655|1504.114 -47.554|1496.627 -45.452|1489.133 -43.350|1481.640 -41.249|1474.153 -39.136|1470.958 -38.247|1466.435 -41.527|1464.261 -90.041|1468.546 -94.745|1471.629 -94.878|1479.207 -95.223|1486.778 -95.568|1494.355 -95.912|1501.926 -96.246|1509.504 -96.591|1517.074 -96.935|1524.624 -97.280|1525.260 -83.247|1525.540 -77.065|1525.742 -72.561
413 619 CONFLUENCE WY SE,1526.588 -53.858|1519.102 -51.757|1511.608 -49.655|1504.114 -47.554|1496.627 -45.452|1489.133 -43.350|1481.640 -41.249|1474.153 -39.136|1470.958 -38.247|1466.435 -41.527|1464.261 -90.041|1468.546 -94.745|1471.629 -94.878|1479.207 -95.223|1486.778 -95.568|1494.355 -95.912|1501.926 -96.246|1509.504 -96.591|1517.074 -96.935|1524.624 -97.280|1525.260 -83.247|1525.540 -77.065|1525.742 -72.561
414 619 CONFLUENCE WY SE,1526.588 -53.858|1519.102 -51.757|1511.608 -49.655|1504.114 -47.554|1496.627 -45.452|1489.133 -43.350|1481.640 -41.249|1474.153 -39.136|1470.958 -38.247|1466.435 -41.527|1464.261 -90.041|1468.546 -94.745|1471.629 -94.878|1479.207 -95.223|1486.778 -95.568|1494.355 -95.912|1501.926 -96.246|1509.504 -96.591|1517.074 -96.935|1524.624 -97.280|1525.260 -83.247|1525.540 -77.065|1525.742 -72.561
415 619 CONFLUENCE WY SE,1526.588 -53.858|1519.102 -51.757|1511.608 -49.655|1504.114 -47.554|1496.627 -45.452|1489.133 -43.350|1481.640 -41.249|1474.153 -39.136|1470.958 -38.247|1466.435 -41.527|1464.261 -90.041|1468.546 -94.745|1471.629 -94.878|1479.207 -95.223|1486.778 -95.568|1494.355 -95.912|1501.926 -96.246|1509.504 -96.591|1517.074 -96.935|1524.624 -97.280|1525.260 -83.247|1525.540 -77.065|1525.742 -72.561
416 619 CONFLUENCE WY SE,1526.588 -53.858|1519.102 -51.757|1511.608 -49.655|1504.114 -47.554|1496.627 -45.452|1489.133 -43.350|1481.640 -41.249|1474.153 -39.136|1470.958 -38.247|1466.435 -41.527|1464.261 -90.041|1468.546 -94.745|1471.629 -94.878|1479.207 -95.223|1486.778 -95.568|1494.355 -95.912|1501.926 -96.246|1509.504 -96.591|1517.074 -96.935|1524.624 -97.280|1525.260 -83.247|1525.540 -77.065|1525.742 -72.561
417 619 CONFLUENCE WY SE,1526.588 -53.858|1519.102 -51.757|1511.608 -49.655|1504.114 -47.554|1496.627 -45.452|1489.133 -43.350|1481.640 -41.249|1474.153 -39.136|1470.958 -38.247|1466.435 -41.527|1464.261 -90.041|1468.546 -94.745|1471.629 -94.878|1479.207 -95.223|1486.778 -95.568|1494.355 -95.912|1501.926 -96.246|1509.504 -96.591|1517.074 -96.935|1524.624 -97.280|1525.260 -83.247|1525.540 -77.065|1525.742 -72.561
418 619 CONFLUENCE WY SE,1526.588 -53.858|1519.102 -51.757|1511.608 -49.655|1504.114 -47.554|1496.627 -45.452|1489.133 -43.350|1481.640 -41.249|1474.153 -39.136|1470.958 -38.247|1466.435 -41.527|1464.261 -90.041|1468.546 -94.745|1471.629 -94.878|1479.207 -95.223|1486.778 -95.568|1494.355 -95.912|1501.926 -96.246|1509.504 -96.591|1517.074 -96.935|1524.624 -97.280|1525.260 -83.247|1525.540 -77.065|1525.742 -72.561
419 619 CONFLUENCE WY SE,1526.588 -53.858|1519.102 -51.757|1511.608 -49.655|1504.114 -47.554|1496.627 -45.452|1489.133 -43.350|1481.640 -41.249|1474.153 -39.136|1470.958 -38.247|1466.435 -41.527|1464.261 -90.041|1468.546 -94.745|1471.629 -94.878|1479.207 -95.223|1486.778 -95.568|1494.355 -95.912|1501.926 -96.246|1509.504 -96.591|1517.074 -96.935|1524.624 -97.280|1525.260 -83.247|1525.540 -77.065|1525.742 -72.561
420 619 CONFLUENCE WY SE,1526.588 -53.858|1519.102 -51.757|1511.608 -49.655|1504.114 -47.554|1496.627 -45.452|1489.133 -43.350|1481.640 -41.249|1474.153 -39.136|1470.958 -38.247|1466.435 -41.527|1464.261 -90.041|1468.546 -94.745|1471.629 -94.878|1479.207 -95.223|1486.778 -95.568|1494.355 -95.912|1501.926 -96.246|1509.504 -96.591|1517.074 -96.935|1524.624 -97.280|1525.260 -83.247|1525.540 -77.065|1525.742 -72.561
421 619 CONFLUENCE WY SE,1526.588 -53.858|1519.102 -51.757|1511.608 -49.655|1504.114 -47.554|1496.627 -45.452|1489.133 -43.350|1481.640 -41.249|1474.153 -39.136|1470.958 -38.247|1466.435 -41.527|1464.261 -90.041|1468.546 -94.745|1471.629 -94.878|1479.207 -95.223|1486.778 -95.568|1494.355 -95.912|1501.926 -96.246|1509.504 -96.591|1517.074 -96.935|1524.624 -97.280|1525.260 -83.247|1525.540 -77.065|1525.742 -72.561
422 619 CONFLUENCE WY SE,1526.588 -53.858|1519.102 -51.757|1511.608 -49.655|1504.114 -47.554|1496.627 -45.452|1489.133 -43.350|1481.640 -41.249|1474.153 -39.136|1470.958 -38.247|1466.435 -41.527|1464.261 -90.041|1468.546 -94.745|1471.629 -94.878|1479.207 -95.223|1486.778 -95.568|1494.355 -95.912|1501.926 -96.246|1509.504 -96.591|1517.074 -96.935|1524.624 -97.280|1525.260 -83.247|1525.540 -77.065|1525.742 -72.561
423 619 CONFLUENCE WY SE,1526.588 -53.858|1519.102 -51.757|1511.608 -49.655|1504.114 -47.554|1496.627 -45.452|1489.133 -43.350|1481.640 -41.249|1474.153 -39.136|1470.958 -38.247|1466.435 -41.527|1464.261 -90.041|1468.546 -94.745|1471.629 -94.878|1479.207 -95.223|1486.778 -95.568|1494.355 -95.912|1501.926 -96.246|1509.504 -96.591|1517.074 -96.935|1524.624 -97.280|1525.260 -83.247|1525.540 -77.065|1525.742 -72.561
424 619 CONFLUENCE WY SE,1526.588 -53.858|1519.102 -51.757|1511.608 -49.655|1504.114 -47.554|1496.627 -45.452|1489.133 -43.350|1481.640 -41.249|1474.153 -39.136|1470.958 -38.247|1466.435 -41.527|1464.261 -90.041|1468.546 -94.745|1471.629 -94.878|1479.207 -95.223|1486.778 -95.568|1494.355 -95.912|1501.926 -96.246|1509.504 -96.591|1517.074 -96.935|1524.624 -97.280|1525.260 -83.247|1525.540 -77.065|1525.742 -72.561
307 550 RIVERFRONT AV SE,1526.588 -53.858|1519.102 -51.757|1511.608 -49.655|1504.114 -47.554|1496.627 -45.452|1489.133 -43.350|1481.640 -41.249|1474.153 -39.136|1470.958 -38.247|1466.435 -41.527|1464.261 -90.041|1468.546 -94.745|1471.629 -94.878|1479.207 -95.223|1486.778 -95.568|1494.355 -95.912|1501.926 -96.246|1509.504 -96.591|1517.074 -96.935|1524.624 -97.280|1525.260 -83.247|1525.540 -77.065|1525.742 -72.561
305 550 RIVERFRONT AV SE,1526.588 -53.858|1519.102 -51.757|1511.608 -49.655|1504.114 -47.554|1496.627 -45.452|1489.133 -43.350|1481.640 -41.249|1474.153 -39.136|1470.958 -38.247|1466.435 -41.527|1464.261 -90.041|1468.546 -94.745|1471.629 -94.878|1479.207 -95.223|1486.778 -95.568|1494.355 -95.912|1501.926 -96.246|1509.504 -96.591|1517.074 -96.935|1524.624 -97.280|1525.260 -83.247|1525.540 -77.065|1525.742 -72.561
303 550 RIVERFRONT AV SE,1526.588 -53.858|1519.102 -51.757|1511.608 -49.655|1504.114 -47.554|1496.627 -45.452|1489.133 -43.350|1481.640 -41.249|1474.153 -39.136|1470.958 -38.247|1466.435 -41.527|1464.261 -90.041|1468.546 -94.745|1471.629 -94.878|1479.207 -95.223|1486.778 -95.568|1494.355 -95.912|1501.926 -96.246|1509.504 -96.591|1517.074 -96.935|1524.624 -97.280|1525.260 -83.247|1525.540 -77.065|1525.742 -72.561
301 550 RIVERFRONT AV SE,1526.588 -53.858|1519.102 -51.757|1511.608 -49.655|1504.114 -47.554|1496.627 -45.452|1489.133 -43.350|1481.640 -41.249|1474.153 -39.136|1470.958 -38.247|1466.435 -41.527|1464.261 -90.041|1468.546 -94.745|1471.629 -94.878|1479.207 -95.223|1486.778 -95.568|1494.355 -95.912|1501.926 -96.246|1509.504 -96.591|1517.074 -96.935|1524.624 -97.280|1525.260 -83.247|1525.540 -77.065|1525.742 -72.561
302 550 RIVERFRONT AV SE,1526.588 -53.858|1519.102 -51.757|1511.608 -49.655|1504.114 -47.554|1496.627 -45.452|1489.133 -43.350|1481.640 -41.249|1474.153 -39.136|1470.958 -38.247|1466.435 -41.527|1464.261 -90.041|1468.546 -94.745|1471.629 -94.878|1479.207 -95.223|1486.778 -95.568|1494.355 -95.912|1501.926 -96.246|1509.504 -96.591|1517.074 -96.935|1524.624 -97.280|1525.260 -83.247|1525.540 -77.065|1525.742 -72.561
304 550 RIVERFRONT AV SE,1526.588 -53.858|1519.102 -51.757|1511.608 -49.655|1504.114 -47.554|1496.627 -45.452|1489.133 -43.350|1481.640 -41.249|1474.153 -39.136|1470.958 -38.247|1466.435 -41.527|1464.261 -90.041|1468.546 -94.745|1471.629 -94.878|1479.207 -95.223|1486.778 -95.568|1494.355 -95.912|1501.926 -96.246|1509.504 -96.591|1517.074 -96.935|1524.624 -97.280|1525.260 -83.247|1525.540 -77.065|1525.742 -72.561
306 550 RIVERFRONT AV SE,1526.588 -53.858|1519.102 -51.757|1511.608 -49.655|1504.114 -47.554|1496.627 -45.452|1489.133 -43.350|1481.640 -41.249|1474.153 -39.136|1470.958 -38.247|1466.435 -41.527|1464.261 -90.041|1468.546 -94.745|1471.629 -94.878|1479.207 -95.223|1486.778 -95.568|1494.355 -95.912|1501.926 -96.246|1509.504 -96.591|1517.074 -96.935|1524.624 -97.280|1525.260 -83.247|1525.540 -77.065|1525.742 -72.561
308 550 RIVERFRONT AV SE,1526.588 -53.858|1519.102 -51.757|1511.608 -49.655|1504.114 -47.554|1496.627 -45.452|1489.133 -43.350|1481.640 -41.249|1474.153 -39.136|1470.958 -38.247|1466.435 -41.527|1464.261 -90.041|1468.546 -94.745|1471.629 -94.878|1479.207 -95.223|1486.778 -95.568|1494.355 -95.912|1501.926 -96.246|1509.504 -96.591|1517.074 -96.935|1524.624 -97.280|1525.260 -83.247|1525.540 -77.065|1525.742 -72.561
310 550 RIVERFRONT AV SE,1526.588 -53.858|1519.102 -51.757|1511.608 -49.655|1504.114 -47.554|1496.627 -45.452|1489.133 -43.350|1481.640 -41.249|1474.153 -39.136|1470.958 -38.247|1466.435 -41.527|1464.261 -90.041|1468.546 -94.745|1471.629 -94.878|1479.207 -95.223|1486.778 -95.568|1494.355 -95.912|1501.926 -96.246|1509.504 -96.591|1517.074 -96.935|1524.624 -97.280|1525.260 -83.247|1525.540 -77.065|1525.742 -72.561
311 550 RIVERFRONT AV SE,1526.588 -53.858|1519.102 -51.757|1511.608 -49.655|1504.114 -47.554|1496.627 -45.452|1489.133 -43.350|1481.640 -41.249|1474.153 -39.136|1470.958 -38.247|1466.435 -41.527|1464.261 -90.041|1468.546 -94.745|1471.629 -94.878|1479.207 -95.223|1486.778 -95.568|1494.355 -95.912|1501.926 -96.246|1509.504 -96.591|1517.074 -96.935|1524.624 -97.280|1525.260 -83.247|1525.540 -77.065|1525.742 -72.561
309 550 RIVERFRONT AV SE,1526.588 -53.858|1519.102 -51.757|1511.608 -49.655|1504.114 -47.554|1496.627 -45.452|1489.133 -43.350|1481.640 -41.249|1474.153 -39.136|1470.958 -38.247|1466.435 -41.527|1464.261 -90.041|1468.546 -94.745|1471.629 -94.878|1479.207 -95.223|1486.778 -95.568|1494.355 -95.912|1501.926 -96.246|1509.504 -96.591|1517.074 -96.935|1524.624 -97.280|1525.260 -83.247|1525.540 -77.065|1525.742 -72.561
407 550 RIVERFRONT AV SE,1526.588 -53.858|1519.102 -51.757|1511.608 -49.655|1504.114 -47.554|1496.627 -45.452|1489.133 -43.350|1481.640 -41.249|1474.153 -39.136|1470.958 -38.247|1466.435 -41.527|1464.261 -90.041|1468.546 -94.745|1471.629 -94.878|1479.207 -95.223|1486.778 -95.568|1494.355 -95.912|1501.926 -96.246|1509.504 -96.591|1517.074 -96.935|1524.624 -97.280|1525.260 -83.247|1525.540 -77.065|1525.742 -72.561
405 550 RIVERFRONT AV SE,1526.588 -53.858|1519.102 -51.757|1511.608 -49.655|1504.114 -47.554|1496.627 -45.452|1489.133 -43.350|1481.640 -41.249|1474.153 -39.136|1470.958 -38.247|1466.435 -41.527|1464.261 -90.041|1468.546 -94.745|1471.629 -94.878|1479.207 -95.223|1486.778 -95.568|1494.355 -95.912|1501.926 -96.246|1509.504 -96.591|1517.074 -96.935|1524.624 -97.280|1525.260 -83.247|1525.540 -77.065|1525.742 -72.561
403 550 RIVERFRONT AV SE,1526.588 -53.858|1519.102 -51.757|1511.608 -49.655|1504.114 -47.554|1496.627 -45.452|1489.133 -43.350|1481.640 -41.249|1474.153 -39.136|1470.958 -38.247|1466.435 -41.527|1464.261 -90.041|1468.546 -94.745|1471.629 -94.878|1479.207 -95.223|1486.778 -95.568|1494.355 -95.912|1501.926 -96.246|1509.504 -96.591|1517.074 -96.935|1524.624 -97.280|1525.260 -83.247|1525.540 -77.065|1525.742 -72.561
401 550 RIVERFRONT AV SE,1526.588 -53.858|1519.102 -51.757|1511.608 -49.655|1504.114 -47.554|1496.627 -45.452|1489.133 -43.350|1481.640 -41.249|1474.153 -39.136|1470.958 -38.247|1466.435 -41.527|1464.261 -90.041|1468.546 -94.745|1471.629 -94.878|1479.207 -95.223|1486.778 -95.568|1494.355 -95.912|1501.926 -96.246|1509.504 -96.591|1517.074 -96.935|1524.624 -97.280|1525.260 -83.247|1525.540 -77.065|1525.742 -72.561
402 550 RIVERFRONT AV SE,1526.588 -53.858|1519.102 -51.757|1511.608 -49.655|1504.114 -47.554|1496.627 -45.452|1489.133 -43.350|1481.640 -41.249|1474.153 -39.136|1470.958 -38.247|1466.435 -41.527|1464.261 -90.041|1468.546 -94.745|1471.629 -94.878|1479.207 -95.223|1486.778 -95.568|1494.355 -95.912|1501.926 -96.246|1509.504 -96.591|1517.074 -96.935|1524.624 -97.280|1525.260 -83.247|1525.540 -77.065|1525.742 -72.561
404 550 RIVERFRONT AV SE,1526.588 -53.858|1519.102 -51.757|1511.608 -49.655|1504.114 -47.554|1496.627 -45.452|1489.133 -43.350|1481.640 -41.249|1474.153 -39.136|1470.958 -38.247|1466.435 -41.527|1464.261 -90.041|1468.546 -94.745|1471.629 -94.878|1479.207 -95.223|1486.778 -95.568|1494.355 -95.912|1501.926 -96.246|1509.504 -96.591|1517.074 -96.935|1524.624 -97.280|1525.260 -83.247|1525.540 -77.065|1525.742 -72.561
406 550 RIVERFRONT AV SE,1526.588 -53.858|1519.102 -51.757|1511.608 -49.655|1504.114 -47.554|1496.627 -45.452|1489.133 -43.350|1481.640 -41.249|1474.153 -39.136|1470.958 -38.247|1466.435 -41.527|1464.261 -90.041|1468.546 -94.745|1471.629 -94.878|1479.207 -95.223|1486.778 -95.568|1494.355 -95.912|1501.926 -96.246|1509.504 -96.591|1517.074 -96.935|1524.624 -97.280|1525.260 -83.247|1525.540 -77.065|1525.742 -72.561
408 550 RIVERFRONT AV SE,1526.588 -53.858|1519.102 -51.757|1511.608 -49.655|1504.114 -47.554|1496.627 -45.452|1489.133 -43.350|1481.640 -41.249|1474.153 -39.136|1470.958 -38.247|1466.435 -41.527|1464.261 -90.041|1468.546 -94.745|1471.629 -94.878|1479.207 -95.223|1486.778 -95.568|1494.355 -95.912|1501.926 -96.246|1509.504 -96.591|1517.074 -96.935|1524.624 -97.280|1525.260 -83.247|1525.540 -77.065|1525.742 -72.561
410 550 RIVERFRONT AV SE,1526.588 -53.858|1519.102 -51.757|1511.608 -49.655|1504.114 -47.554|1496.627 -45.452|1489.133 -43.350|1481.640 -41.249|1474.153 -39.136|1470.958 -38.247|1466.435 -41.527|1464.261 -90.041|1468.546 -94.745|1471.629 -94.878|1479.207 -95.223|1486.778 -95.568|1494.355 -95.912|1501.926 -96.246|1509.504 -96.591|1517.074 -96.935|1524.624 -97.280|1525.260 -83.247|1525.540 -77.065|1525.742 -72.561
411 550 RIVERFRONT AV SE,1526.588 -53.858|1519.102 -51.757|1511.608 -49.655|1504.114 -47.554|1496.627 -45.452|1489.133 -43.350|1481.640 -41.249|1474.153 -39.136|1470.958 -38.247|1466.435 -41.527|1464.261 -90.041|1468.546 -94.745|1471.629 -94.878|1479.207 -95.223|1486.778 -95.568|1494.355 -95.912|1501.926 -96.246|1509.504 -96.591|1517.074 -96.935|1524.624 -97.280|1525.260 -83.247|1525.540 -77.065|1525.742 -72.561
409 550 RIVERFRONT AV SE,1526.588 -53.858|1519.102 -51.757|1511.608 -49.655|1504.114 -47.554|1496.627 -45.452|1489.133 -43.350|1481.640 -41.249|1474.153 -39.136|1470.958 -38.247|1466.435 -41.527|1464.261 -90.041|1468.546 -94.745|1471.629 -94.878|1479.207 -95.223|1486.778 -95.568|1494.355 -95.912|1501.926 -96.246|1509.504 -96.591|1517.074 -96.935|1524.624 -97.280|1525.260 -83.247|1525.540 -77.065|1525.742 -72.561
507 550 RIVERFRONT AV SE,1526.588 -53.858|1519.102 -51.757|1511.608 -49.655|1504.114 -47.554|1496.627 -45.452|1489.133 -43.350|1481.640 -41.249|1474.153 -39.136|1470.958 -38.247|1466.435 -41.527|1464.261 -90.041|1468.546 -94.745|1471.629 -94.878|1479.207 -95.223|1486.778 -95.568|1494.355 -95.912|1501.926 -96.246|1509.504 -96.591|1517.074 -96.935|1524.624 -97.280|1525.260 -83.247|1525.540 -77.065|1525.742 -72.561
505 550 RIVERFRONT AV SE,1526.588 -53.858|1519.102 -51.757|1511.608 -49.655|1504.114 -47.554|1496.627 -45.452|1489.133 -43.350|1481.640 -41.249|1474.153 -39.136|1470.958 -38.247|1466.435 -41.527|1464.261 -90.041|1468.546 -94.745|1471.629 -94.878|1479.207 -95.223|1486.778 -95.568|1494.355 -95.912|1501.926 -96.246|1509.504 -96.591|1517.074 -96.935|1524.624 -97.280|1525.260 -83.247|1525.540 -77.065|1525.742 -72.561
503 550 RIVERFRONT AV SE,1526.588 -53.858|1519.102 -51.757|1511.608 -49.655|1504.114 -47.554|1496.627 -45.452|1489.133 -43.350|1481.640 -41.249|1474.153 -39.136|1470.958 -38.247|1466.435 -41.527|1464.261 -90.041|1468.546 -94.745|1471.629 -94.878|1479.207 -95.223|1486.778 -95.568|1494.355 -95.912|1501.926 -96.246|1509.504 -96.591|1517.074 -96.935|1524.624 -97.280|1525.260 -83.247|1525.540 -77.065|1525.742 -72.561
501 550 RIVERFRONT AV SE,1526.588 -53.858|1519.102 -51.757|1511.608 -49.655|1504.114 -47.554|1496.627 -45.452|1489.133 -43.350|1481.640 -41.249|1474.153 -39.136|1470.958 -38.247|1466.435 -41.527|1464.261 -90.041|1468.546 -94.745|1471.629 -94.878|1479.207 -95.223|1486.778 -95.568|1494.355 -95.912|1501.926 -96.246|1509.504 -96.591|1517.074 -96.935|1524.624 -97.280|1525.260 -83.247|1525.540 -77.065|1525.742 -72.561
502 550 RIVERFRONT AV SE,1526.588 -53.858|1519.102 -51.757|1511.608 -49.655|1504.114 -47.554|1496.627 -45.452|1489.133 -43.350|1481.640 -41.249|1474.153 -39.136|1470.958 -38.247|1466.435 -41.527|1464.261 -90.041|1468.546 -94.745|1471.629 -94.878|1479.207 -95.223|1486.778 -95.568|1494.355 -95.912|1501.926 -96.246|1509.504 -96.591|1517.074 -96.935|1524.624 -97.280|1525.260 -83.247|1525.540 -77.065|1525.742 -72.561
504 550 RIVERFRONT AV SE,1526.588 -53.858|1519.102 -51.757|1511.608 -49.655|1504.114 -47.554|1496.627 -45.452|1489.133 -43.350|1481.640 -41.249|1474.153 -39.136|1470.958 -38.247|1466.435 -41.527|1464.261 -90.041|1468.546 -94.745|1471.629 -94.878|1479.207 -95.223|1486.778 -95.568|1494.355 -95.912|1501.926 -96.246|1509.504 -96.591|1517.074 -96.935|1524.624 -97.280|1525.260 -83.247|1525.540 -77.065|1525.742 -72.561
506 550 RIVERFRONT AV SE,1526.588 -53.858|1519.102 -51.757|1511.608 -49.655|1504.114 -47.554|1496.627 -45.452|1489.133 -43.350|1481.640 -41.249|1474.153 -39.136|1470.958 -38.247|1466.435 -41.527|1464.261 -90.041|1468.546 -94.745|1471.629 -94.878|1479.207 -95.223|1486.778 -95.568|1494.355 -95.912|1501.926 -96.246|1509.504 -96.591|1517.074 -96.935|1524.624 -97.280|1525.260 -83.247|1525.540 -77.065|1525.742 -72.561
508 550 RIVERFRONT AV SE,1526.588 -53.858|1519.102 -51.757|1511.608 -49.655|1504.114 -47.554|1496.627 -45.452|1489.133 -43.350|1481.640 -41.249|1474.153 -39.136|1470.958 -38.247|1466.435 -41.527|1464.261 -90.041|1468.546 -94.745|1471.629 -94.878|1479.207 -95.223|1486.778 -95.568|1494.355 -95.912|1501.926 -96.246|1509.504 -96.591|1517.074 -96.935|1524.624 -97.280|1525.260 -83.247|1525.540 -77.065|1525.742 -72.561
510 550 RIVERFRONT AV SE,1526.588 -53.858|1519.102 -51.757|1511.608 -49.655|1504.114 -47.554|1496.627 -45.452|1489.133 -43.350|1481.640 -41.249|1474.153 -39.136|1470.958 -38.247|1466.435 -41.527|1464.261 -90.041|1468.546 -94.745|1471.629 -94.878|1479.207 -95.223|1486.778 -95.568|1494.355 -95.912|1501.926 -96.246|1509.504 -96.591|1517.074 -96.935|1524.624 -97.280|1525.260 -83.247|1525.540 -77.065|1525.742 -72.561
511 550 RIVERFRONT AV SE,1526.588 -53.858|1519.102 -51.757|1511.608 -49.655|1504.114 -47.554|1496.627 -45.452|1489.133 -43.350|1481.640 -41.249|1474.153 -39.136|1470.958 -38.247|1466.435 -41.527|1464.261 -90.041|1468.546 -94.745|1471.629 -94.878|1479.207 -95.223|1486.778 -95.568|1494.355 -95.912|1501.926 -96.246|1509.504 -96.591|1517.074 -96.935|1524.624 -97.280|1525.260 -83.247|1525.540 -77.065|1525.742 -72.561
509 550 RIVERFRONT AV SE,1526.588 -53.858|1519.102 -51.757|1511.608 -49.655|1504.114 -47.554|1496.627 -45.452|1489.133 -43.350|1481.640 -41.249|1474.153 -39.136|1470.958 -38.247|1466.435 -41.527|1464.261 -90.041|1468.546 -94.745|1471.629 -94.878|1479.207 -95.223|1486.778 -95.568|1494.355 -95.912|1501.926 -96.246|1509.504 -96.591|1517.074 -96.935|1524.624 -97.280|1525.260 -83.247|1525.540 -77.065|1525.742 -72.561
607 550 RIVERFRONT AV SE,1526.588 -53.858|1519.102 -51.757|1511.608 -49.655|1504.114 -47.554|1496.627 -45.452|1489.133 -43.350|1481.640 -41.249|1474.153 -39.136|1470.958 -38.247|1466.435 -41.527|1464.261 -90.041|1468.546 -94.745|1471.629 -94.878|1479.207 -95.223|1486.778 -95.568|1494.355 -95.912|1501.926 -96.246|1509.504 -96.591|1517.074 -96.935|1524.624 -97.280|1525.260 -83.247|1525.540 -77.065|1525.742 -72.561
605 550 RIVERFRONT AV SE,1526.588 -53.858|1519.102 -51.757|1511.608 -49.655|1504.114 -47.554|1496.627 -45.452|1489.133 -43.350|1481.640 -41.249|1474.153 -39.136|1470.958 -38.247|1466.435 -41.527|1464.261 -90.041|1468.546 -94.745|1471.629 -94.878|1479.207 -95.223|1486.778 -95.568|1494.355 -95.912|1501.926 -96.246|1509.504 -96.591|1517.074 -96.935|1524.624 -97.280|1525.260 -83.247|1525.540 -77.065|1525.742 -72.561
603 550 RIVERFRONT AV SE,1526.588 -53.858|1519.102 -51.757|1511.608 -49.655|1504.114 -47.554|1496.627 -45.452|1489.133 -43.350|1481.640 -41.249|1474.153 -39.136|1470.958 -38.247|1466.435 -41.527|1464.261 -90.041|1468.546 -94.745|1471.629 -94.878|1479.207 -95.223|1486.778 -95.568|1494.355 -95.912|1501.926 -96.246|1509.504 -96.591|1517.074 -96.935|1524.624 -97.280|1525.260 -83.247|1525.540 -77.065|1525.742 -72.561
601 550 RIVERFRONT AV SE,1526.588 -53.858|1519.102 -51.757|1511.608 -49.655|1504.114 -47.554|1496.627 -45.452|1489.133 -43.350|1481.640 -41.249|1474.153 -39.136|1470.958 -38.247|1466.435 -41.527|1464.261 -90.041|1468.546 -94.745|1471.629 -94.878|1479.207 -95.223|1486.778 -95.568|1494.355 -95.912|1501.926 -96.246|1509.504 -96.591|1517.074 -96.935|1524.624 -97.280|1525.260 -83.247|1525.540 -77.065|1525.742 -72.561
602 550 RIVERFRONT AV SE,1526.588 -53.858|1519.102 -51.757|1511.608 -49.655|1504.114 -47.554|1496.627 -45.452|1489.133 -43.350|1481.640 -41.249|1474.153 -39.136|1470.958 -38.247|1466.435 -41.527|1464.261 -90.041|1468.546 -94.745|1471.629 -94.878|1479.207 -95.223|1486.778 -95.568|1494.355 -95.912|1501.926 -96.246|1509.504 -96.591|1517.074 -96.935|1524.624 -97.280|1525.260 -83.247|1525.540 -77.065|1525.742 -72.561
604 550 RIVERFRONT AV SE,1526.588 -53.858|1519.102 -51.757|1511.608 -49.655|1504.114 -47.554|1496.627 -45.452|1489.133 -43.350|1481.640 -41.249|1474.153 -39.136|1470.958 -38.247|1466.435 -41.527|1464.261 -90.041|1468.546 -94.745|1471.629 -94.878|1479.207 -95.223|1486.778 -95.568|1494.355 -95.912|1501.926 -96.246|1509.504 -96.591|1517.074 -96.935|1524.624 -97.280|1525.260 -83.247|1525.540 -77.065|1525.742 -72.561
606 550 RIVERFRONT AV SE,1526.588 -53.858|1519.102 -51.757|1511.608 -49.655|1504.114 -47.554|1496.627 -45.452|1489.133 -43.350|1481.640 -41.249|1474.153 -39.136|1470.958 -38.247|1466.435 -41.527|1464.261 -90.041|1468.546 -94.745|1471.629 -94.878|1479.207 -95.223|1486.778 -95.568|1494.355 -95.912|1501.926 -96.246|1509.504 -96.591|1517.074 -96.935|1524.624 -97.280|1525.260 -83.247|1525.540 -77.065|1525.742 -72.561
608 550 RIVERFRONT AV SE,1526.588 -53.858|1519.102 -51.757|1511.608 -49.655|1504.114 -47.554|1496.627 -45.452|1489.133 -43.350|1481.640 -41.249|1474.153 -39.136|1470.958 -38.247|1466.435 -41.527|1464.261 -90.041|1468.546 -94.745|1471.629 -94.878|1479.207 -95.223|1486.778 -95.568|1494.355 -95.912|1501.926 -96.246|1509.504 -96.591|1517.074 -96.935|1524.624 -97.280|1525.260 -83.247|1525.540 -77.065|1525.742 -72.561
610 550 RIVERFRONT AV SE,1526.588 -53.858|1519.102 -51.757|1511.608 -49.655|1504.114 -47.554|1496.627 -45.452|1489.133 -43.350|1481.640 -41.249|1474.153 -39.136|1470.958 -38.247|1466.435 -41.527|1464.261 -90.041|1468.546 -94.745|1471.629 -94.878|1479.207 -95.223|1486.778 -95.568|1494.355 -95.912|1501.926 -96.246|1509.504 -96.591|1517.074 -96.935|1524.624 -97.280|1525.260 -83.247|1525.540 -77.065|1525.742 -72.561
611 550 RIVERFRONT AV SE,1526.588 -53.858|1519.102 -51.757|1511.608 -49.655|1504.114 -47.554|1496.627 -45.452|1489.133 -43.350|1481.640 -41.249|1474.153 -39.136|1470.958 -38.247|1466.435 -41.527|1464.261 -90.041|1468.546 -94.745|1471.629 -94.878|1479.207 -95.223|1486.778 -95.568|1494.355 -95.912|1501.926 -96.246|1509.504 -96.591|1517.074 -96.935|1524.624 -97.280|1525.260 -83.247|1525.540 -77.065|1525.742 -72.561
609 550 RIVERFRONT AV SE,1526.588 -53.858|1519.102 -51.757|1511.608 -49.655|1504.114 -47.554|1496.627 -45.452|1489.133 -43.350|1481.640 -41.249|1474.153 -39.136|1470.958 -38.247|1466.435 -41.527|1464.261 -90.041|1468.546 -94.745|1471.629 -94.878|1479.207 -95.223|1486.778 -95.568|1494.355 -95.912|1501.926 -96.246|1509.504 -96.591|1517.074 -96.935|1524.624 -97.280|1525.260 -83.247|1525.540 -77.065|1525.742 -72.561
707 550 RIVERFRONT AV SE,1526.588 -53.858|1519.102 -51.757|1511.608 -49.655|1504.114 -47.554|1496.627 -45.452|1489.133 -43.350|1481.640 -41.249|1474.153 -39.136|1470.958 -38.247|1466.435 -41.527|1464.261 -90.041|1468.546 -94.745|1471.629 -94.878|1479.207 -95.223|1486.778 -95.568|1494.355 -95.912|1501.926 -96.246|1509.504 -96.591|1517.074 -96.935|1524.624 -97.280|1525.260 -83.247|1525.540 -77.065|1525.742 -72.561
705 550 RIVERFRONT AV SE,1526.588 -53.858|1519.102 -51.757|1511.608 -49.655|1504.114 -47.554|1496.627 -45.452|1489.133 -43.350|1481.640 -41.249|1474.153 -39.136|1470.958 -38.247|1466.435 -41.527|1464.261 -90.041|1468.546 -94.745|1471.629 -94.878|1479.207 -95.223|1486.778 -95.568|1494.355 -95.912|1501.926 -96.246|1509.504 -96.591|1517.074 -96.935|1524.624 -97.280|1525.260 -83.247|1525.540 -77.065|1525.742 -72.561
703 550 RIVERFRONT AV SE,1526.588 -53.858|1519.102 -51.757|1511.608 -49.655|1504.114 -47.554|1496.627 -45.452|1489.133 -43.350|1481.640 -41.249|1474.153 -39.136|1470.958 -38.247|1466.435 -41.527|1464.261 -90.041|1468.546 -94.745|1471.629 -94.878|1479.207 -95.223|1486.778 -95.568|1494.355 -95.912|1501.926 -96.246|1509.504 -96.591|1517.074 -96.935|1524.624 -97.280|1525.260 -83.247|1525.540 -77.065|1525.742 -72.561
701 550 RIVERFRONT AV SE,1526.588 -53.858|1519.102 -51.757|1511.608 -49.655|1504.114 -47.554|1496.627 -45.452|1489.133 -43.350|1481.640 -41.249|1474.153 -39.136|1470.958 -38.247|1466.435 -41.527|1464.261 -90.041|1468.546 -94.745|1471.629 -94.878|1479.207 -95.223|1486.778 -95.568|1494.355 -95.912|1501.926 -96.246|1509.504 -96.591|1517.074 -96.935|1524.624 -97.280|1525.260 -83.247|1525.540 -77.065|1525.742 -72.561
702 550 RIVERFRONT AV SE,1526.588 -53.858|1519.102 -51.757|1511.608 -49.655|1504.114 -47.554|1496.627 -45.452|1489.133 -43.350|1481.640 -41.249|1474.153 -39.136|1470.958 -38.247|1466.435 -41.527|1464.261 -90.041|1468.546 -94.745|1471.629 -94.878|1479.207 -95.223|1486.778 -95.568|1494.355 -95.912|1501.926 -96.246|1509.504 -96.591|1517.074 -96.935|1524.624 -97.280|1525.260 -83.247|1525.540 -77.065|1525.742 -72.561
704 550 RIVERFRONT AV SE,1526.588 -53.858|1519.102 -51.757|1511.608 -49.655|1504.114 -47.554|1496.627 -45.452|1489.133 -43.350|1481.640 -41.249|1474.153 -39.136|1470.958 -38.247|1466.435 -41.527|1464.261 -90.041|1468.546 -94.745|1471.629 -94.878|1479.207 -95.223|1486.778 -95.568|1494.355 -95.912|1501.926 -96.246|1509.504 -96.591|1517.074 -96.935|1524.624 -97.280|1525.260 -83.247|1525.540 -77.065|1525.742 -72.561
706 550 RIVERFRONT AV SE,1526.588 -53.858|1519.102 -51.757|1511.608 -49.655|1504.114 -47.554|1496.627 -45.452|1489.133 -43.350|1481.640 -41.249|1474.153 -39.136|1470.958 -38.247|1466.435 -41.527|1464.261 -90.041|1468.546 -94.745|1471.629 -94.878|1479.207 -95.223|1486.778 -95.568|1494.355 -95.912|1501.926 -96.246|1509.504 -96.591|1517.074 -96.935|1524.624 -97.280|1525.260 -83.247|1525.540 -77.065|1525.742 -72.561
708 550 RIVERFRONT AV SE,1526.588 -53.858|1519.102 -51.757|1511.608 -49.655|1504.114 -47.554|1496.627 -45.452|1489.133 -43.350|1481.640 -41.249|1474.153 -39.136|1470.958 -38.247|1466.435 -41.527|1464.261 -90.041|1468.546 -94.745|1471.629 -94.878|1479.207 -95.223|1486.778 -95.568|1494.355 -95.912|1501.926 -96.246|1509.504 -96.591|1517.074 -96.935|1524.624 -97.280|1525.260 -83.247|1525.540 -77.065|1525.742 -72.561
710 550 RIVERFRONT AV SE,1526.588 -53.858|1519.102 -51.757|1511.608 -49.655|1504.114 -47.554|1496.627 -45.452|1489.133 -43.350|1481.640 -41.249|1474.153 -39.136|1470.958 -38.247|1466.435 -41.527|1464.261 -90.041|1468.546 -94.745|1471.629 -94.878|1479.207 -95.223|1486.778 -95.568|1494.355 -95.912|1501.926 -96.246|1509.504 -96.591|1517.074 -96.935|1524.624 -97.280|1525.260 -83.247|1525.540 -77.065|1525.742 -72.561
711 550 RIVERFRONT AV SE,1526.588 -53.858|1519.102 -51.757|1511.608 -49.655|1504.114 -47.554|1496.627 -45.452|1489.133 -43.350|1481.640 -41.249|1474.153 -39.136|1470.958 -38.247|1466.435 -41.527|1464.261 -90.041|1468.546 -94.745|1471.629 -94.878|1479.207 -95.223|1486.778 -95.568|1494.355 -95.912|1501.926 -96.246|1509.504 -96.591|1517.074 -96.935|1524.624 -97.280|1525.260 -83.247|1525.540 -77.065|1525.742 -72.561
709 550 RIVERFRONT AV SE,1526.588 -53.858|1519.102 -51.757|1511.608 -49.655|1504.114 -47.554|1496.627 -45.452|1489.133 -43.350|1481.640 -41.249|1474.153 -39.136|1470.958 -38.247|1466.435 -41.527|1464.261 -90.041|1468.546 -94.745|1471.629 -94.878|1479.207 -95.223|1486.778 -95.568|1494.355 -95.912|1501.926 -96.246|1509.504 -96.591|1517.074 -96.935|1524.624 -97.280|1525.260 -83.247|1525.540 -77.065|1525.742 -72.561
807 550 RIVERFRONT AV SE,1526.588 -53.858|1519.102 -51.757|1511.608 -49.655|1504.114 -47.554|1496.627 -45.452|1489.133 -43.350|1481.640 -41.249|1474.153 -39.136|1470.958 -38.247|1466.435 -41.527|1464.261 -90.041|1468.546 -94.745|1471.629 -94.878|1479.207 -95.223|1486.778 -95.568|1494.355 -95.912|1501.926 -96.246|1509.504 -96.591|1517.074 -96.935|1524.624 -97.280|1525.260 -83.247|1525.540 -77.065|1525.742 -72.561
805 550 RIVERFRONT AV SE,1526.588 -53.858|1519.102 -51.757|1511.608 -49.655|1504.114 -47.554|1496.627 -45.452|1489.133 -43.350|1481.640 -41.249|1474.153 -39.136|1470.958 -38.247|1466.435 -41.527|1464.261 -90.041|1468.546 -94.745|1471.629 -94.878|1479.207 -95.223|1486.778 -95.568|1494.355 -95.912|1501.926 -96.246|1509.504 -96.591|1517.074 -96.935|1524.624 -97.280|1525.260 -83.247|1525.540 -77.065|1525.742 -72.561
803 550 RIVERFRONT AV SE,1526.588 -53.858|1519.102 -51.757|1511.608 -49.655|1504.114 -47.554|1496.627 -45.452|1489.133 -43.350|1481.640 -41.249|1474.153 -39.136|1470.958 -38.247|1466.435 -41.527|1464.261 -90.041|1468.546 -94.745|1471.629 -94.878|1479.207 -95.223|1486.778 -95.568|1494.355 -95.912|1501.926 -96.246|1509.504 -96.591|1517.074 -96.935|1524.624 -97.280|1525.260 -83.247|1525.540 -77.065|1525.742 -72.561
801 550 RIVERFRONT AV SE,1526.588 -53.858|1519.102 -51.757|1511.608 -49.655|1504.114 -47.554|1496.627 -45.452|1489.133 -43.350|1481.640 -41.249|1474.153 -39.136|1470.958 -38.247|1466.435 -41.527|1464.261 -90.041|1468.546 -94.745|1471.629 -94.878|1479.207 -95.223|1486.778 -95.568|1494.355 -95.912|1501.926 -96.246|1509.504 -96.591|1517.074 -96.935|1524.624 -97.280|1525.260 -83.247|1525.540 -77.065|1525.742 -72.561
802 550 RIVERFRONT AV SE,1526.588 -53.858|1519.102 -51.757|1511.608 -49.655|1504.114 -47.554|1496.627 -45.452|1489.133 -43.350|1481.640 -41.249|1474.153 -39.136|1470.958 -38.247|1466.435 -41.527|1464.261 -90.041|1468.546 -94.745|1471.629 -94.878|1479.207 -95.223|1486.778 -95.568|1494.355 -95.912|1501.926 -96.246|1509.504 -96.591|1517.074 -96.935|1524.624 -97.280|1525.260 -83.247|1525.540 -77.065|1525.742 -72.561
804 550 RIVERFRONT AV SE,1526.588 -53.858|1519.102 -51.757|1511.608 -49.655|1504.114 -47.554|1496.627 -45.452|1489.133 -43.350|1481.640 -41.249|1474.153 -39.136|1470.958 -38.247|1466.435 -41.527|1464.261 -90.041|1468.546 -94.745|1471.629 -94.878|1479.207 -95.223|1486.778 -95.568|1494.355 -95.912|1501.926 -96.246|1509.504 -96.591|1517.074 -96.935|1524.624 -97.280|1525.260 -83.247|1525.540 -77.065|1525.742 -72.561
806 550 RIVERFRONT AV SE,1526.588 -53.858|1519.102 -51.757|1511.608 -49.655|1504.114 -47.554|1496.627 -45.452|1489.133 -43.350|1481.640 -41.249|1474.153 -39.136|1470.958 -38.247|1466.435 -41.527|1464.261 -90.041|1468.546 -94.745|1471.629 -94.878|1479.207 -95.223|1486.778 -95.568|1494.355 -95.912|1501.926 -96.246|1509.504 -96.591|1517.074 -96.935|1524.624 -97.280|1525.260 -83.247|1525.540 -77.065|1525.742 -72.561
808 550 RIVERFRONT AV SE,1526.588 -53.858|1519.102 -51.757|1511.608 -49.655|1504.114 -47.554|1496.627 -45.452|1489.133 -43.350|1481.640 -41.249|1474.153 -39.136|1470.958 -38.247|1466.435 -41.527|1464.261 -90.041|1468.546 -94.745|1471.629 -94.878|1479.207 -95.223|1486.778 -95.568|1494.355 -95.912|1501.926 -96.246|1509.504 -96.591|1517.074 -96.935|1524.624 -97.280|1525.260 -83.247|1525.540 -77.065|1525.742 -72.561
810 550 RIVERFRONT AV SE,1526.588 -53.858|1519.102 -51.757|1511.608 -49.655|1504.114 -47.554|1496.627 -45.452|1489.133 -43.350|1481.640 -41.249|1474.153 -39.136|1470.958 -38.247|1466.435 -41.527|1464.261 -90.041|1468.546 -94.745|1471.629 -94.878|1479.207 -95.223|1486.778 -95.568|1494.355 -95.912|1501.926 -96.246|1509.504 -96.591|1517.074 -96.935|1524.624 -97.280|1525.260 -83.247|1525.540 -77.065|1525.742 -72.561
811 550 RIVERFRONT AV SE,1526.588 -53.858|1519.102 -51.757|1511.608 -49.655|1504.114 -47.554|1496.627 -45.452|1489.133 -43.350|1481.640 -41.249|1474.153 -39.136|1470.958 -38.247|1466.435 -41.527|1464.261 -90.041|1468.546 -94.745|1471.629 -94.878|1479.207 -95.223|1486.778 -95.568|1494.355 -95.912|1501.926 -96.246|1509.504 -96.591|1517.074 -96.935|1524.624 -97.280|1525.260 -83.247|1525.540 -77.065|1525.742 -72.561
809 550 RIVERFRONT AV SE,1526.588 -53.858|1519.102 -51.757|1511.608 -49.655|1504.114 -47.554|1496.627 -45.452|1489.133 -43.350|1481.640 -41.249|1474.153 -39.136|1470.958 -38.247|1466.435 -41.527|1464.261 -90.041|1468.546 -94.745|1471.629 -94.878|1479.207 -95.223|1486.778 -95.568|1494.355 -95.912|1501.926 -96.246|1509.504 -96.591|1517.074 -96.935|1524.624 -97.280|1525.260 -83.247|1525.540 -77.065|1525.742 -72.561
907 550 RIVERFRONT AV SE,1526.588 -53.858|1519.102 -51.757|1511.608 -49.655|1504.114 -47.554|1496.627 -45.452|1489.133 -43.350|1481.640 -41.249|1474.153 -39.136|1470.958 -38.247|1466.435 -41.527|1464.261 -90.041|1468.546 -94.745|1471.629 -94.878|1479.207 -95.223|1486.778 -95.568|1494.355 -95.912|1501.926 -96.246|1509.504 -96.591|1517.074 -96.935|1524.624 -97.280|1525.260 -83.247|1525.540 -77.065|1525.742 -72.561
905 550 RIVERFRONT AV SE,1526.588 -53.858|1519.102 -51.757|1511.608 -49.655|1504.114 -47.554|1496.627 -45.452|1489.133 -43.350|1481.640 -41.249|1474.153 -39.136|1470.958 -38.247|1466.435 -41.527|1464.261 -90.041|1468.546 -94.745|1471.629 -94.878|1479.207 -95.223|1486.778 -95.568|1494.355 -95.912|1501.926 -96.246|1509.504 -96.591|1517.074 -96.935|1524.624 -97.280|1525.260 -83.247|1525.540 -77.065|1525.742 -72.561
903 550 RIVERFRONT AV SE,1526.588 -53.858|1519.102 -51.757|1511.608 -49.655|1504.114 -47.554|1496.627 -45.452|1489.133 -43.350|1481.640 -41.249|1474.153 -39.136|1470.958 -38.247|1466.435 -41.527|1464.261 -90.041|1468.546 -94.745|1471.629 -94.878|1479.207 -95.223|1486.778 -95.568|1494.355 -95.912|1501.926 -96.246|1509.504 -96.591|1517.074 -96.935|1524.624 -97.280|1525.260 -83.247|1525.540 -77.065|1525.742 -72.561
901 550 RIVERFRONT AV SE,1526.588 -53.858|1519.102 -51.757|1511.608 -49.655|1504.114 -47.554|1496.627 -45.452|1489.133 -43.350|1481.640 -41.249|1474.153 -39.136|1470.958 -38.247|1466.435 -41.527|1464.261 -90.041|1468.546 -94.745|1471.629 -94.878|1479.207 -95.223|1486.778 -95.568|1494.355 -95.912|1501.926 -96.246|1509.504 -96.591|1517.074 -96.935|1524.624 -97.280|1525.260 -83.247|1525.540 -77.065|1525.742 -72.561
902 550 RIVERFRONT AV SE,1526.588 -53.858|1519.102 -51.757|1511.608 -49.655|1504.114 -47.554|1496.627 -45.452|1489.133 -43.350|1481.640 -41.249|1474.153 -39.136|1470.958 -38.247|1466.435 -41.527|1464.261 -90.041|1468.546 -94.745|1471.629 -94.878|1479.207 -95.223|1486.778 -95.568|1494.355 -95.912|1501.926 -96.246|1509.504 -96.591|1517.074 -96.935|1524.624 -97.280|1525.260 -83.247|1525.540 -77.065|1525.742 -72.561
904 550 RIVERFRONT AV SE,1526.588 -53.858|1519.102 -51.757|1511.608 -49.655|1504.114 -47.554|1496.627 -45.452|1489.133 -43.350|1481.640 -41.249|1474.153 -39.136|1470.958 -38.247|1466.435 -41.527|1464.261 -90.041|1468.546 -94.745|1471.629 -94.878|1479.207 -95.223|1486.778 -95.568|1494.355 -95.912|1501.926 -96.246|1509.504 -96.591|1517.074 -96.935|1524.624 -97.280|1525.260 -83.247|1525.540 -77.065|1525.742 -72.561
906 550 RIVERFRONT AV SE,1526.588 -53.858|1519.102 -51.757|1511.608 -49.655|1504.114 -47.554|1496.627 -45.452|1489.133 -43.350|1481.640 -41.249|1474.153 -39.136|1470.958 -38.247|1466.435 -41.527|1464.261 -90.041|1468.546 -94.745|1471.629 -94.878|1479.207 -95.223|1486.778 -95.568|1494.355 -95.912|1501.926 -96.246|1509.504 -96.591|1517.074 -96.935|1524.624 -97.280|1525.260 -83.247|1525.540 -77.065|1525.742 -72.561
908 550 RIVERFRONT AV SE,1526.588 -53.858|1519.102 -51.757|1511.608 -49.655|1504.114 -47.554|1496.627 -45.452|1489.133 -43.350|1481.640 -41.249|1474.153 -39.136|1470.958 -38.247|1466.435 -41.527|1464.261 -90.041|1468.546 -94.745|1471.629 -94.878|1479.207 -95.223|1486.778 -95.568|1494.355 -95.912|1501.926 -96.246|1509.504 -96.591|1517.074 -96.935|1524.624 -97.280|1525.260 -83.247|1525.540 -77.065|1525.742 -72.561
910 550 RIVERFRONT AV SE,1526.588 -53.858|1519.102 -51.757|1511.608 -49.655|1504.114 -47.554|1496.627 -45.452|1489.133 -43.350|1481.640 -41.249|1474.153 -39.136|1470.958 -38.247|1466.435 -41.527|1464.261 -90.041|1468.546 -94.745|1471.629 -94.878|1479.207 -95.223|1486.778 -95.568|1494.355 -95.912|1501.926 -96.246|1509.504 -96.591|1517.074 -96.935|1524.624 -97.280|1525.260 -83.247|1525.540 -77.065|1525.742 -72.561
911 550 RIVERFRONT AV SE,1526.588 -53.858|1519.102 -51.757|1511.608 -49.655|1504.114 -47.554|1496.627 -45.452|1489.133 -43.350|1481.640 -41.249|1474.153 -39.136|1470.958 -38.247|1466.435 -41.527|1464.261 -90.041|1468.546 -94.745|1471.629 -94.878|1479.207 -95.223|1486.778 -95.568|1494.355 -95.912|1501.926 -96.246|1509.504 -96.591|1517.074 -96.935|1524.624 -97.280|1525.260 -83.247|1525.540 -77.065|1525.742 -72.561
909 550 RIVERFRONT AV SE,1526.588 -53.858|1519.102 -51.757|1511.608 -49.655|1504.114 -47.554|1496.627 -45.452|1489.133 -43.350|1481.640 -41.249|1474.153 -39.136|1470.958 -38.247|1466.435 -41.527|1464.261 -90.041|1468.546 -94.745|1471.629 -94.878|1479.207 -95.223|1486.778 -95.568|1494.355 -95.912|1501.926 -96.246|1509.504 -96.591|1517.074 -96.935|1524.624 -97.280|1525.260 -83.247|1525.540 -77.065|1525.742 -72.561
1007 550 RIVERFRONT AV SE,1526.588 -53.858|1519.102 -51.757|1511.608 -49.655|1504.114 -47.554|1496.627 -45.452|1489.133 -43.350|1481.640 -41.249|1474.153 -39.136|1470.958 -38.247|1466.435 -41.527|1464.261 -90.041|1468.546 -94.745|1471.629 -94.878|1479.207 -95.223|1486.778 -95.568|1494.355 -95.912|1501.926 -96.246|1509.504 -96.591|1517.074 -96.935|1524.624 -97.280|1525.260 -83.247|1525.540 -77.065|1525.742 -72.561
1005 550 RIVERFRONT AV SE,1526.588 -53.858|1519.102 -51.757|1511.608 -49.655|1504.114 -47.554|1496.627 -45.452|1489.133 -43.350|1481.640 -41.249|1474.153 -39.136|1470.958 -38.247|1466.435 -41.527|1464.261 -90.041|1468.546 -94.745|1471.629 -94.878|1479.207 -95.223|1486.778 -95.568|1494.355 -95.912|1501.926 -96.246|1509.504 -96.591|1517.074 -96.935|1524.624 -97.280|1525.260 -83.247|1525.540 -77.065|1525.742 -72.561
1003 550 RIVERFRONT AV SE,1526.588 -53.858|1519.102 -51.757|1511.608 -49.655|1504.114 -47.554|1496.627 -45.452|1489.133 -43.350|1481.640 -41.249|1474.153 -39.136|1470.958 -38.247|1466.435 -41.527|1464.261 -90.041|1468.546 -94.745|1471.629 -94.878|1479.207 -95.223|1486.778 -95.568|1494.355 -95.912|1501.926 -96.246|1509.504 -96.591|1517.074 -96.935|1524.624 -97.280|1525.260 -83.247|1525.540 -77.065|1525.742 -72.561
1001 550 RIVERFRONT AV SE,1526.588 -53.858|1519.102 -51.757|1511.608 -49.655|1504.114 -47.554|1496.627 -45.452|1489.133 -43.350|1481.640 -41.249|1474.153 -39.136|1470.958 -38.247|1466.435 -41.527|1464.261 -90.041|1468.546 -94.745|1471.629 -94.878|1479.207 -95.223|1486.778 -95.568|1494.355 -95.912|1501.926 -96.246|1509.504 -96.591|1517.074 -96.935|1524.624 -97.280|1525.260 -83.247|1525.540 -77.065|1525.742 -72.561
1002 550 RIVERFRONT AV SE,1526.588 -53.858|1519.102 -51.757|1511.608 -49.655|1504.114 -47.554|1496.627 -45.452|1489.133 -43.350|1481.640 -41.249|1474.153 -39.136|1470.958 -38.247|1466.435 -41.527|1464.261 -90.041|1468.546 -94.745|1471.629 -94.878|1479.207 -95.223|1486.778 -95.568|1494.355 -95.912|1501.926 -96.246|1509.504 -96.591|1517.074 -96.935|1524.624 -97.280|1525.260 -83.247|1525.540 -77.065|1525.742 -72.561
1004 550 RIVERFRONT AV SE,1526.588 -53.858|1519.102 -51.757|1511.608 -49.655|1504.114 -47.554|1496.627 -45.452|1489.133 -43.350|1481.640 -41.249|1474.153 -39.136|1470.958 -38.247|1466.435 -41.527|1464.261 -90.041|1468.546 -94.745|1471.629 -94.878|1479.207 -95.223|1486.778 -95.568|1494.355 -95.912|1501.926 -96.246|1509.504 -96.591|1517.074 -96.935|1524.624 -97.280|1525.260 -83.247|1525.540 -77.065|1525.742 -72.561
1006 550 RIVERFRONT AV SE,1526.588 -53.858|1519.102 -51.757|1511.608 -49.655|1504.114 -47.554|1496.627 -45.452|1489.133 -43.350|1481.640 -41.249|1474.153 -39.136|1470.958 -38.247|1466.435 -41.527|1464.261 -90.041|1468.546 -94.745|1471.629 -94.878|1479.207 -95.223|1486.778 -95.568|1494.355 -95.912|1501.926 -96.246|1509.504 -96.591|1517.074 -96.935|1524.624 -97.280|1525.260 -83.247|1525.540 -77.065|1525.742 -72.561
1008 550 RIVERFRONT AV SE,1526.588 -53.858|1519.102 -51.757|1511.608 -49.655|1504.114 -47.554|1496.627 -45.452|1489.133 -43.350|1481.640 -41.249|1474.153 -39.136|1470.958 -38.247|1466.435 -41.527|1464.261 -90.041|1468.546 -94.745|1471.629 -94.878|1479.207 -95.223|1486.778 -95.568|1494.355 -95.912|1501.926 -96.246|1509.504 -96.591|1517.074 -96.935|1524.624 -97.280|1525.260 -83.247|1525.540 -77.065|1525.742 -72.561
1010 550 RIVERFRONT AV SE,1526.588 -53.858|1519.102 -51.757|1511.608 -49.655|1504.114 -47.554|1496.627 -45.452|1489.133 -43.350|1481.640 -41.249|1474.153 -39.136|1470.958 -38.247|1466.435 -41.527|1464.261 -90.041|1468.546 -94.745|1471.629 -94.878|1479.207 -95.223|1486.778 -95.568|1494.355 -95.912|1501.926 -96.246|1509.504 -96.591|1517.074 -96.935|1524.624 -97.280|1525.260 -83.247|1525.540 -77.065|1525.742 -72.561
1011 550 RIVERFRONT AV SE,1526.588 -53.858|1519.102 -51.757|1511.608 -49.655|1504.114 -47.554|1496.627 -45.452|1489.133 -43.350|1481.640 -41.249|1474.153 -39.136|1470.958 -38.247|1466.435 -41.527|1464.261 -90.041|1468.546 -94.745|1471.629 -94.878|1479.207 -95.223|1486.778 -95.568|1494.355 -95.912|1501.926 -96.246|1509.504 -96.591|1517.074 -96.935|1524.624 -97.280|1525.260 -83.247|1525.540 -77.065|1525.742 -72.561
1009 550 RIVERFRONT AV SE,1526.588 -53.858|1519.102 -51.757|1511.608 -49.655|1504.114 -47.554|1496.627 -45.452|1489.133 -43.350|1481.640 -41.249|1474.153 -39.136|1470.958 -38.247|1466.435 -41.527|1464.261 -90.041|1468.546 -94.745|1471.629 -94.878|1479.207 -95.223|1486.778 -95.568|1494.355 -95.912|1501.926 -96.246|1509.504 -96.591|1517.074 -96.935|1524.624 -97.280|1525.260 -83.247|1525.540 -77.065|1525.742 -72.561
1107 550 RIVERFRONT AV SE,1526.588 -53.858|1519.102 -51.757|1511.608 -49.655|1504.114 -47.554|1496.627 -45.452|1489.133 -43.350|1481.640 -41.249|1474.153 -39.136|1470.958 -38.247|1466.435 -41.527|1464.261 -90.041|1468.546 -94.745|1471.629 -94.878|1479.207 -95.223|1486.778 -95.568|1494.355 -95.912|1501.926 -96.246|1509.504 -96.591|1517.074 -96.935|1524.624 -97.280|1525.260 -83.247|1525.540 -77.065|1525.742 -72.561
1105 550 RIVERFRONT AV SE,1526.588 -53.858|1519.102 -51.757|1511.608 -49.655|1504.114 -47.554|1496.627 -45.452|1489.133 -43.350|1481.640 -41.249|1474.153 -39.136|1470.958 -38.247|1466.435 -41.527|1464.261 -90.041|1468.546 -94.745|1471.629 -94.878|1479.207 -95.223|1486.778 -95.568|1494.355 -95.912|1501.926 -96.246|1509.504 -96.591|1517.074 -96.935|1524.624 -97.280|1525.260 -83.247|1525.540 -77.065|1525.742 -72.561
1103 550 RIVERFRONT AV SE,1526.588 -53.858|1519.102 -51.757|1511.608 -49.655|1504.114 -47.554|1496.627 -45.452|1489.133 -43.350|1481.640 -41.249|1474.153 -39.136|1470.958 -38.247|1466.435 -41.527|1464.261 -90.041|1468.546 -94.745|1471.629 -94.878|1479.207 -95.223|1486.778 -95.568|1494.355 -95.912|1501.926 -96.246|1509.504 -96.591|1517.074 -96.935|1524.624 -97.280|1525.260 -83.247|1525.540 -77.065|1525.742 -72.561
1101 550 RIVERFRONT AV SE,1526.588 -53.858|1519.102 -51.757|1511.608 -49.655|1504.114 -47.554|1496.627 -45.452|1489.133 -43.350|1481.640 -41.249|1474.153 -39.136|1470.958 -38.247|1466.435 -41.527|1464.261 -90.041|1468.546 -94.745|1471.629 -94.878|1479.207 -95.223|1486.778 -95.568|1494.355 -95.912|1501.926 -96.246|1509.504 -96.591|1517.074 -96.935|1524.624 -97.280|1525.260 -83.247|1525.540 -77.065|1525.742 -72.561
1102 550 RIVERFRONT AV SE,1526.588 -53.858|1519.102 -51.757|1511.608 -49.655|1504.114 -47.554|1496.627 -45.452|1489.133 -43.350|1481.640 -41.249|1474.153 -39.136|1470.958 -38.247|1466.435 -41.527|1464.261 -90.041|1468.546 -94.745|1471.629 -94.878|1479.207 -95.223|1486.778 -95.568|1494.355 -95.912|1501.926 -96.246|1509.504 -96.591|1517.074 -96.935|1524.624 -97.280|1525.260 -83.247|1525.540 -77.065|1525.742 -72.561
1104 550 RIVERFRONT AV SE,1526.588 -53.858|1519.102 -51.757|1511.608 -49.655|1504.114 -47.554|1496.627 -45.452|1489.133 -43.350|1481.640 -41.249|1474.153 -39.136|1470.958 -38.247|1466.435 -41.527|1464.261 -90.041|1468.546 -94.745|1471.629 -94.878|1479.207 -95.223|1486.778 -95.568|1494.355 -95.912|1501.926 -96.246|1509.504 -96.591|1517.074 -96.935|1524.624 -97.280|1525.260 -83.247|1525.540 -77.065|1525.742 -72.561
1106 550 RIVERFRONT AV SE,1526.588 -53.858|1519.102 -51.757|1511.608 -49.655|1504.114 -47.554|1496.627 -45.452|1489.133 -43.350|1481.640 -41.249|1474.153 -39.136|1470.958 -38.247|1466.435 -41.527|1464.261 -90.041|1468.546 -94.745|1471.629 -94.878|1479.207 -95.223|1486.778 -95.568|1494.355 -95.912|1501.926 -96.246|1509.504 -96.591|1517.074 -96.935|1524.624 -97.280|1525.260 -83.247|1525.540 -77.065|1525.742 -72.561
1108 550 RIVERFRONT AV SE,1526.588 -53.858|1519.102 -51.757|1511.608 -49.655|1504.114 -47.554|1496.627 -45.452|1489.133 -43.350|1481.640 -41.249|1474.153 -39.136|1470.958 -38.247|1466.435 -41.527|1464.261 -90.041|1468.546 -94.745|1471.629 -94.878|1479.207 -95.223|1486.778 -95.568|1494.355 -95.912|1501.926 -96.246|1509.504 -96.591|1517.074 -96.935|1524.624 -97.280|1525.260 -83.247|1525.540 -77.065|1525.742 -72.561
1110 550 RIVERFRONT AV SE,1526.588 -53.858|1519.102 -51.757|1511.608 -49.655|1504.114 -47.554|1496.627 -45.452|1489.133 -43.350|1481.640 -41.249|1474.153 -39.136|1470.958 -38.247|1466.435 -41.527|1464.261 -90.041|1468.546 -94.745|1471.629 -94.878|1479.207 -95.223|1486.778 -95.568|1494.355 -95.912|1501.926 -96.246|1509.504 -96.591|1517.074 -96.935|1524.624 -97.280|1525.260 -83.247|1525.540 -77.065|1525.742 -72.561
1111 550 RIVERFRONT AV SE,1526.588 -53.858|1519.102 -51.757|1511.608 -49.655|1504.114 -47.554|1496.627 -45.452|1489.133 -43.350|1481.640 -41.249|1474.153 -39.136|1470.958 -38.247|1466.435 -41.527|1464.261 -90.041|1468.546 -94.745|1471.629 -94.878|1479.207 -95.223|1486.778 -95.568|1494.355 -95.912|1501.926 -96.246|1509.504 -96.591|1517.074 -96.935|1524.624 -97.280|1525.260 -83.247|1525.540 -77.065|1525.742 -72.561
1109 550 RIVERFRONT AV SE,1526.588 -53.858|1519.102 -51.757|1511.608 -49.655|1504.114 -47.554|1496.627 -45.452|1489.133 -43.350|1481.640 -41.249|1474.153 -39.136|1470.958 -38.247|1466.435 -41.527|1464.261 -90.041|1468.546 -94.745|1471.629 -94.878|1479.207 -95.223|1486.778 -95.568|1494.355 -95.912|1501.926 -96.246|1509.504 -96.591|1517.074 -96.935|1524.624 -97.280|1525.260 -83.247|1525.540 -77.065|1525.742 -72.561
1207 550 RIVERFRONT AV SE,1526.588 -53.858|1519.102 -51.757|1511.608 -49.655|1504.114 -47.554|1496.627 -45.452|1489.133 -43.350|1481.640 -41.249|1474.153 -39.136|1470.958 -38.247|1466.435 -41.527|1464.261 -90.041|1468.546 -94.745|1471.629 -94.878|1479.207 -95.223|1486.778 -95.568|1494.355 -95.912|1501.926 -96.246|1509.504 -96.591|1517.074 -96.935|1524.624 -97.280|1525.260 -83.247|1525.540 -77.065|1525.742 -72.561
1205 550 RIVERFRONT AV SE,1526.588 -53.858|1519.102 -51.757|1511.608 -49.655|1504.114 -47.554|1496.627 -45.452|1489.133 -43.350|1481.640 -41.249|1474.153 -39.136|1470.958 -38.247|1466.435 -41.527|1464.261 -90.041|1468.546 -94.745|1471.629 -94.878|1479.207 -95.223|1486.778 -95.568|1494.355 -95.912|1501.926 -96.246|1509.504 -96.591|1517.074 -96.935|1524.624 -97.280|1525.260 -83.247|1525.540 -77.065|1525.742 -72.561
1203 550 RIVERFRONT AV SE,1526.588 -53.858|1519.102 -51.757|1511.608 -49.655|1504.114 -47.554|1496.627 -45.452|1489.133 -43.350|1481.640 -41.249|1474.153 -39.136|1470.958 -38.247|1466.435 -41.527|1464.261 -90.041|1468.546 -94.745|1471.629 -94.878|1479.207 -95.223|1486.778 -95.568|1494.355 -95.912|1501.926 -96.246|1509.504 -96.591|1517.074 -96.935|1524.624 -97.280|1525.260 -83.247|1525.540 -77.065|1525.742 -72.561
1201 550 RIVERFRONT AV SE,1526.588 -53.858|1519.102 -51.757|1511.608 -49.655|1504.114 -47.554|1496.627 -45.452|1489.133 -43.350|1481.640 -41.249|1474.153 -39.136|1470.958 -38.247|1466.435 -41.527|1464.261 -90.041|1468.546 -94.745|1471.629 -94.878|1479.207 -95.223|1486.778 -95.568|1494.355 -95.912|1501.926 -96.246|1509.504 -96.591|1517.074 -96.935|1524.624 -97.280|1525.260 -83.247|1525.540 -77.065|1525.742 -72.561
1202 550 RIVERFRONT AV SE,1526.588 -53.858|1519.102 -51.757|1511.608 -49.655|1504.114 -47.554|1496.627 -45.452|1489.133 -43.350|1481.640 -41.249|1474.153 -39.136|1470.958 -38.247|1466.435 -41.527|1464.261 -90.041|1468.546 -94.745|1471.629 -94.878|1479.207 -95.223|1486.778 -95.568|1494.355 -95.912|1501.926 -96.246|1509.504 -96.591|1517.074 -96.935|1524.624 -97.280|1525.260 -83.247|1525.540 -77.065|1525.742 -72.561
1204 550 RIVERFRONT AV SE,1526.588 -53.858|1519.102 -51.757|1511.608 -49.655|1504.114 -47.554|1496.627 -45.452|1489.133 -43.350|1481.640 -41.249|1474.153 -39.136|1470.958 -38.247|1466.435 -41.527|1464.261 -90.041|1468.546 -94.745|1471.629 -94.878|1479.207 -95.223|1486.778 -95.568|1494.355 -95.912|1501.926 -96.246|1509.504 -96.591|1517.074 -96.935|1524.624 -97.280|1525.260 -83.247|1525.540 -77.065|1525.742 -72.561
1206 550 RIVERFRONT AV SE,1526.588 -53.858|1519.102 -51.757|1511.608 -49.655|1504.114 -47.554|1496.627 -45.452|1489.133 -43.350|1481.640 -41.249|1474.153 -39.136|1470.958 -38.247|1466.435 -41.527|1464.261 -90.041|1468.546 -94.745|1471.629 -94.878|1479.207 -95.223|1486.778 -95.568|1494.355 -95.912|1501.926 -96.246|1509.504 -96.591|1517.074 -96.935|1524.624 -97.280|1525.260 -83.247|1525.540 -77.065|1525.742 -72.561
1208 550 RIVERFRONT AV SE,1526.588 -53.858|1519.102 -51.757|1511.608 -49.655|1504.114 -47.554|1496.627 -45.452|1489.133 -43.350|1481.640 -41.249|1474.153 -39.136|1470.958 -38.247|1466.435 -41.527|1464.261 -90.041|1468.546 -94.745|1471.629 -94.878|1479.207 -95.223|1486.778 -95.568|1494.355 -95.912|1501.926 -96.246|1509.504 -96.591|1517.074 -96.935|1524.624 -97.280|1525.260 -83.247|1525.540 -77.065|1525.742 -72.561
1210 550 RIVERFRONT AV SE,1526.588 -53.858|1519.102 -51.757|1511.608 -49.655|1504.114 -47.554|1496.627 -45.452|1489.133 -43.350|1481.640 -41.249|1474.153 -39.136|1470.958 -38.247|1466.435 -41.527|1464.261 -90.041|1468.546 -94.745|1471.629 -94.878|1479.207 -95.223|1486.778 -95.568|1494.355 -95.912|1501.926 -96.246|1509.504 -96.591|1517.074 -96.935|1524.624 -97.280|1525.260 -83.247|1525.540 -77.065|1525.742 -72.561
1211 550 RIVERFRONT AV SE,1526.588 -53.858|1519.102 -51.757|1511.608 -49.655|1504.114 -47.554|1496.627 -45.452|1489.133 -43.350|1481.640 -41.249|1474.153 -39.136|1470.958 -38.247|1466.435 -41.527|1464.261 -90.041|1468.546 -94.745|1471.629 -94.878|1479.207 -95.223|1486.778 -95.568|1494.355 -95.912|1501.926 -96.246|1509.504 -96.591|1517.074 -96.935|1524.624 -97.280|1525.260 -83.247|1525.540 -77.065|1525.742 -72.561
1209 550 RIVERFRONT AV SE,1526.588 -53.858|1519.102 -51.757|1511.608 -49.655|1504.114 -47.554|1496.627 -45.452|1489.133 -43.350|1481.640 -41.249|1474.153 -39.136|1470.958 -38.247|1466.435 -41.527|1464.261 -90.041|1468.546 -94.745|1471.629 -94.878|1479.207 -95.223|1486.778 -95.568|1494.355 -95.912|1501.926 -96.246|1509.504 -96.591|1517.074 -96.935|1524.624 -97.280|1525.260 -83.247|1525.540 -77.065|1525.742 -72.561
1305 550 RIVERFRONT AV SE,1526.588 -53.858|1519.102 -51.757|1511.608 -49.655|1504.114 -47.554|1496.627 -45.452|1489.133 -43.350|1481.640 -41.249|1474.153 -39.136|1470.958 -38.247|1466.435 -41.527|1464.261 -90.041|1468.546 -94.745|1471.629 -94.878|1479.207 -95.223|1486.778 -95.568|1494.355 -95.912|1501.926 -96.246|1509.504 -96.591|1517.074 -96.935|1524.624 -97.280|1525.260 -83.247|1525.540 -77.065|1525.742 -72.561
1303 550 RIVERFRONT AV SE,1526.588 -53.858|1519.102 -51.757|1511.608 -49.655|1504.114 -47.554|1496.627 -45.452|1489.133 -43.350|1481.640 -41.249|1474.153 -39.136|1470.958 -38.247|1466.435 -41.527|1464.261 -90.041|1468.546 -94.745|1471.629 -94.878|1479.207 -95.223|1486.778 -95.568|1494.355 -95.912|1501.926 -96.246|1509.504 -96.591|1517.074 -96.935|1524.624 -97.280|1525.260 -83.247|1525.540 -77.065|1525.742 -72.561
1301 550 RIVERFRONT AV SE,1526.588 -53.858|1519.102 -51.757|1511.608 -49.655|1504.114 -47.554|1496.627 -45.452|1489.133 -43.350|1481.640 -41.249|1474.153 -39.136|1470.958 -38.247|1466.435 -41.527|1464.261 -90.041|1468.546 -94.745|1471.629 -94.878|1479.207 -95.223|1486.778 -95.568|1494.355 -95.912|1501.926 -96.246|1509.504 -96.591|1517.074 -96.935|1524.624 -97.280|1525.260 -83.247|1525.540 -77.065|1525.742 -72.561
1302 550 RIVERFRONT AV SE,1526.588 -53.858|1519.102 -51.757|1511.608 -49.655|1504.114 -47.554|1496.627 -45.452|1489.133 -43.350|1481.640 -41.249|1474.153 -39.136|1470.958 -38.247|1466.435 -41.527|1464.261 -90.041|1468.546 -94.745|1471.629 -94.878|1479.207 -95.223|1486.778 -95.568|1494.355 -95.912|1501.926 -96.246|1509.504 -96.591|1517.074 -96.935|1524.624 -97.280|1525.260 -83.247|1525.540 -77.065|1525.742 -72.561
1304 550 RIVERFRONT AV SE,1526.588 -53.858|1519.102 -51.757|1511.608 -49.655|1504.114 -47.554|1496.627 -45.452|1489.133 -43.350|1481.640 -41.249|1474.153 -39.136|1470.958 -38.247|1466.435 -41.527|1464.261 -90.041|1468.546 -94.745|1471.629 -94.878|1479.207 -95.223|1486.778 -95.568|1494.355 -95.912|1501.926 -96.246|1509.504 -96.591|1517.074 -96.935|1524.624 -97.280|1525.260 -83.247|1525.540 -77.065|1525.742 -72.561
1306 550 RIVERFRONT AV SE,1526.588 -53.858|1519.102 -51.757|1511.608 -49.655|1504.114 -47.554|1496.627 -45.452|1489.133 -43.350|1481.640 -41.249|1474.153 -39.136|1470.958 -38.247|1466.435 -41.527|1464.261 -90.041|1468.546 -94.745|1471.629 -94.878|1479.207 -95.223|1486.778 -95.568|1494.355 -95.912|1501.926 -96.246|1509.504 -96.591|1517.074 -96.935|1524.624 -97.280|1525.260 -83.247|1525.540 -77.065|1525.742 -72.561
1308 550 RIVERFRONT AV SE,1526.588 -53.858|1519.102 -51.757|1511.608 -49.655|1504.114 -47.554|1496.627 -45.452|1489.133 -43.350|1481.640 -41.249|1474.153 -39.136|1470.958 -38.247|1466.435 -41.527|1464.261 -90.041|1468.546 -94.745|1471.629 -94.878|1479.207 -95.223|1486.778 -95.568|1494.355 -95.912|1501.926 -96.246|1509.504 -96.591|1517.074 -96.935|1524.624 -97.280|1525.260 -83.247|1525.540 -77.065|1525.742 -72.561
1310 550 RIVERFRONT AV SE,1526.588 -53.858|1519.102 -51.757|1511.608 -49.655|1504.114 -47.554|1496.627 -45.452|1489.133 -43.350|1481.640 -41.249|1474.153 -39.136|1470.958 -38.247|1466.435 -41.527|1464.261 -90.041|1468.546 -94.745|1471.629 -94.878|1479.207 -95.223|1486.778 -95.568|1494.355 -95.912|1501.926 -96.246|1509.504 -96.591|1517.074 -96.935|1524.624 -97.280|1525.260 -83.247|1525.540 -77.065|1525.742 -72.561
1309 550 RIVERFRONT AV SE,1526.588 -53.858|1519.102 -51.757|1511.608 -49.655|1504.114 -47.554|1496.627 -45.452|1489.133 -43.350|1481.640 -41.249|1474.153 -39.136|1470.958 -38.247|1466.435 -41.527|1464.261 -90.041|1468.546 -94.745|1471.629 -94.878|1479.207 -95.223|1486.778 -95.568|1494.355 -95.912|1501.926 -96.246|1509.504 -96.591|1517.074 -96.935|1524.624 -97.280|1525.260 -83.247|1525.540 -77.065|1525.742 -72.561
1307 550 RIVERFRONT AV SE,1526.588 -53.858|1519.102 -51.757|1511.608 -49.655|1504.114 -47.554|1496.627 -45.452|1489.133 -43.350|1481.640 -41.249|1474.153 -39.136|1470.958 -38.247|1466.435 -41.527|1464.261 -90.041|1468.546 -94.745|1471.629 -94.878|1479.207 -95.223|1486.778 -95.568|1494.355 -95.912|1501.926 -96.246|1509.504 -96.591|1517.074 -96.935|1524.624 -97.280|1525.260 -83.247|1525.540 -77.065|1525.742 -72.561
1405 550 RIVERFRONT AV SE,1526.588 -53.858|1519.102 -51.757|1511.608 -49.655|1504.114 -47.554|1496.627 -45.452|1489.133 -43.350|1481.640 -41.249|1474.153 -39.136|1470.958 -38.247|1466.435 -41.527|1464.261 -90.041|1468.546 -94.745|1471.629 -94.878|1479.207 -95.223|1486.778 -95.568|1494.355 -95.912|1501.926 -96.246|1509.504 -96.591|1517.074 -96.935|1524.624 -97.280|1525.260 -83.247|1525.540 -77.065|1525.742 -72.561
1403 550 RIVERFRONT AV SE,1526.588 -53.858|1519.102 -51.757|1511.608 -49.655|1504.114 -47.554|1496.627 -45.452|1489.133 -43.350|1481.640 -41.249|1474.153 -39.136|1470.958 -38.247|1466.435 -41.527|1464.261 -90.041|1468.546 -94.745|1471.629 -94.878|1479.207 -95.223|1486.778 -95.568|1494.355 -95.912|1501.926 -96.246|1509.504 -96.591|1517.074 -96.935|1524.624 -97.280|1525.260 -83.247|1525.540 -77.065|1525.742 -72.561
1401 550 RIVERFRONT AV SE,1526.588 -53.858|1519.102 -51.757|1511.608 -49.655|1504.114 -47.554|1496.627 -45.452|1489.133 -43.350|1481.640 -41.249|1474.153 -39.136|1470.958 -38.247|1466.435 -41.527|1464.261 -90.041|1468.546 -94.745|1471.629 -94.878|1479.207 -95.223|1486.778 -95.568|1494.355 -95.912|1501.926 -96.246|1509.504 -96.591|1517.074 -96.935|1524.624 -97.280|1525.260 -83.247|1525.540 -77.065|1525.742 -72.561
1402 550 RIVERFRONT AV SE,1526.588 -53.858|1519.102 -51.757|1511.608 -49.655|1504.114 -47.554|1496.627 -45.452|1489.133 -43.350|1481.640 -41.249|1474.153 -39.136|1470.958 -38.247|1466.435 -41.527|1464.261 -90.041|1468.546 -94.745|1471.629 -94.878|1479.207 -95.223|1486.778 -95.568|1494.355 -95.912|1501.926 -96.246|1509.504 -96.591|1517.074 -96.935|1524.624 -97.280|1525.260 -83.247|1525.540 -77.065|1525.742 -72.561
1404 550 RIVERFRONT AV SE,1526.588 -53.858|1519.102 -51.757|1511.608 -49.655|1504.114 -47.554|1496.627 -45.452|1489.133 -43.350|1481.640 -41.249|1474.153 -39.136|1470.958 -38.247|1466.435 -41.527|1464.261 -90.041|1468.546 -94.745|1471.629 -94.878|1479.207 -95.223|1486.778 -95.568|1494.355 -95.912|1501.926 -96.246|1509.504 -96.591|1517.074 -96.935|1524.624 -97.280|1525.260 -83.247|1525.540 -77.065|1525.742 -72.561
1406 550 RIVERFRONT AV SE,1526.588 -53.858|1519.102 -51.757|1511.608 -49.655|1504.114 -47.554|1496.627 -45.452|1489.133 -43.350|1481.640 -41.249|1474.153 -39.136|1470.958 -38.247|1466.435 -41.527|1464.261 -90.041|1468.546 -94.745|1471.629 -94.878|1479.207 -95.223|1486.778 -95.568|1494.355 -95.912|1501.926 -96.246|1509.504 -96.591|1517.074 -96.935|1524.624 -97.280|1525.260 -83.247|1525.540 -77.065|1525.742 -72.561
1408 550 RIVERFRONT AV SE,1526.588 -53.858|1519.102 -51.757|1511.608 -49.655|1504.114 -47.554|1496.627 -45.452|1489.133 -43.350|1481.640 -41.249|1474.153 -39.136|1470.958 -38.247|1466.435 -41.527|1464.261 -90.041|1468.546 -94.745|1471.629 -94.878|1479.207 -95.223|1486.778 -95.568|1494.355 -95.912|1501.926 -96.246|1509.504 -96.591|1517.074 -96.935|1524.624 -97.280|1525.260 -83.247|1525.540 -77.065|1525.742 -72.561
1410 550 RIVERFRONT AV SE,1526.588 -53.858|1519.102 -51.757|1511.608 -49.655|1504.114 -47.554|1496.627 -45.452|1489.133 -43.350|1481.640 -41.249|1474.153 -39.136|1470.958 -38.247|1466.435 -41.527|1464.261 -90.041|1468.546 -94.745|1471.629 -94.878|1479.207 -95.223|1486.778 -95.568|1494.355 -95.912|1501.926 -96.246|1509.504 -96.591|1517.074 -96.935|1524.624 -97.280|1525.260 -83.247|1525.540 -77.065|1525.742 -72.561
1409 550 RIVERFRONT AV SE,1526.588 -53.858|1519.102 -51.757|1511.608 -49.655|1504.114 -47.554|1496.627 -45.452|1489.133 -43.350|1481.640 -41.249|1474.153 -39.136|1470.958 -38.247|1466.435 -41.527|1464.261 -90.041|1468.546 -94.745|1471.629 -94.878|1479.207 -95.223|1486.778 -95.568|1494.355 -95.912|1501.926 -96.246|1509.504 -96.591|1517.074 -96.935|1524.624 -97.280|1525.260 -83.247|1525.540 -77.065|1525.742 -72.561
1407 550 RIVERFRONT AV SE,1526.588 -53.858|1519.102 -51.757|1511.608 -49.655|1504.114 -47.554|1496.627 -45.452|1489.133 -43.350|1481.640 -41.249|1474.153 -39.136|1470.958 -38.247|1466.435 -41.527|1464.261 -90.041|1468.546 -94.745|1471.629 -94.878|1479.207 -95.223|1486.778 -95.568|1494.355 -95.912|1501.926 -96.246|1509.504 -96.591|1517.074 -96.935|1524.624 -97.280|1525.260 -83.247|1525.540 -77.065|1525.742 -72.561
1505 550 RIVERFRONT AV SE,1526.588 -53.858|1519.102 -51.757|1511.608 -49.655|1504.114 -47.554|1496.627 -45.452|1489.133 -43.350|1481.640 -41.249|1474.153 -39.136|1470.958 -38.247|1466.435 -41.527|1464.261 -90.041|1468.546 -94.745|1471.629 -94.878|1479.207 -95.223|1486.778 -95.568|1494.355 -95.912|1501.926 -96.246|1509.504 -96.591|1517.074 -96.935|1524.624 -97.280|1525.260 -83.247|1525.540 -77.065|1525.742 -72.561
1503 550 RIVERFRONT AV SE,1526.588 -53.858|1519.102 -51.757|1511.608 -49.655|1504.114 -47.554|1496.627 -45.452|1489.133 -43.350|1481.640 -41.249|1474.153 -39.136|1470.958 -38.247|1466.435 -41.527|1464.261 -90.041|1468.546 -94.745|1471.629 -94.878|1479.207 -95.223|1486.778 -95.568|1494.355 -95.912|1501.926 -96.246|1509.504 -96.591|1517.074 -96.935|1524.624 -97.280|1525.260 -83.247|1525.540 -77.065|1525.742 -72.561
1501 550 RIVERFRONT AV SE,1526.588 -53.858|1519.102 -51.757|1511.608 -49.655|1504.114 -47.554|1496.627 -45.452|1489.133 -43.350|1481.640 -41.249|1474.153 -39.136|1470.958 -38.247|1466.435 -41.527|1464.261 -90.041|1468.546 -94.745|1471.629 -94.878|1479.207 -95.223|1486.778 -95.568|1494.355 -95.912|1501.926 -96.246|1509.504 -96.591|1517.074 -96.935|1524.624 -97.280|1525.260 -83.247|1525.540 -77.065|1525.742 -72.561
1502 550 RIVERFRONT AV SE,1526.588 -53.858|1519.102 -51.757|1511.608 -49.655|1504.114 -47.554|1496.627 -45.452|1489.133 -43.350|1481.640 -41.249|1474.153 -39.136|1470.958 -38.247|1466.435 -41.527|1464.261 -90.041|1468.546 -94.745|1471.629 -94.878|1479.207 -95.223|1486.778 -95.568|1494.355 -95.912|1501.926 -96.246|1509.504 -96.591|1517.074 -96.935|1524.624 -97.280|1525.260 -83.247|1525.540 -77.065|1525.742 -72.561
1504 550 RIVERFRONT AV SE,1526.588 -53.858|1519.102 -51.757|1511.608 -49.655|1504.114 -47.554|1496.627 -45.452|1489.133 -43.350|1481.640 -41.249|1474.153 -39.136|1470.958 -38.247|1466.435 -41.527|1464.261 -90.041|1468.546 -94.745|1471.629 -94.878|1479.207 -95.223|1486.778 -95.568|1494.355 -95.912|1501.926 -96.246|1509.504 -96.591|1517.074 -96.935|1524.624 -97.280|1525.260 -83.247|1525.540 -77.065|1525.742 -72.561
1506 550 RIVERFRONT AV SE,1526.588 -53.858|1519.102 -51.757|1511.608 -49.655|1504.114 -47.554|1496.627 -45.452|1489.133 -43.350|1481.640 -41.249|1474.153 -39.136|1470.958 -38.247|1466.435 -41.527|1464.261 -90.041|1468.546 -94.745|1471.629 -94.878|1479.207 -95.223|1486.778 -95.568|1494.355 -95.912|1501.926 -96.246|1509.504 -96.591|1517.074 -96.935|1524.624 -97.280|1525.260 -83.247|1525.540 -77.065|1525.742 -72.561
1508 550 RIVERFRONT AV SE,1526.588 -53.858|1519.102 -51.757|1511.608 -49.655|1504.114 -47.554|1496.627 -45.452|1489.133 -43.350|1481.640 -41.249|1474.153 -39.136|1470.958 -38.247|1466.435 -41.527|1464.261 -90.041|1468.546 -94.745|1471.629 -94.878|1479.207 -95.223|1486.778 -95.568|1494.355 -95.912|1501.926 -96.246|1509.504 -96.591|1517.074 -96.935|1524.624 -97.280|1525.260 -83.247|1525.540 -77.065|1525.742 -72.561
1510 550 RIVERFRONT AV SE,1526.588 -53.858|1519.102 -51.757|1511.608 -49.655|1504.114 -47.554|1496.627 -45.452|1489.133 -43.350|1481.640 -41.249|1474.153 -39.136|1470.958 -38.247|1466.435 -41.527|1464.261 -90.041|1468.546 -94.745|1471.629 -94.878|1479.207 -95.223|1486.778 -95.568|1494.355 -95.912|1501.926 -96.246|1509.504 -96.591|1517.074 -96.935|1524.624 -97.280|1525.260 -83.247|1525.540 -77.065|1525.742 -72.561
1509 550 RIVERFRONT AV SE,1526.588 -53.858|1519.102 -51.757|1511.608 -49.655|1504.114 -47.554|1496.627 -45.452|1489.133 -43.350|1481.640 -41.249|1474.153 -39.136|1470.958 -38.247|1466.435 -41.527|1464.261 -90.041|1468.546 -94.745|1471.629 -94.878|1479.207 -95.223|1486.778 -95.568|1494.355 -95.912|1501.926 -96.246|1509.504 -96.591|1517.074 -96.935|1524.624 -97.280|1525.260 -83.247|1525.540 -77.065|1525.742 -72.561
1507 550 RIVERFRONT AV SE,1526.588 -53.858|1519.102 -51.757|1511.608 -49.655|1504.114 -47.554|1496.627 -45.452|1489.133 -43.350|1481.640 -41.249|1474.153 -39.136|1470.958 -38.247|1466.435 -41.527|1464.261 -90.041|1468.546 -94.745|1471.629 -94.878|1479.207 -95.223|1486.778 -95.568|1494.355 -95.912|1501.926 -96.246|1509.504 -96.591|1517.074 -96.935|1524.624 -97.280|1525.260 -83.247|1525.540 -77.065|1525.742 -72.561
1605 550 RIVERFRONT AV SE,1526.588 -53.858|1519.102 -51.757|1511.608 -49.655|1504.114 -47.554|1496.627 -45.452|1489.133 -43.350|1481.640 -41.249|1474.153 -39.136|1470.958 -38.247|1466.435 -41.527|1464.261 -90.041|1468.546 -94.745|1471.629 -94.878|1479.207 -95.223|1486.778 -95.568|1494.355 -95.912|1501.926 -96.246|1509.504 -96.591|1517.074 -96.935|1524.624 -97.280|1525.260 -83.247|1525.540 -77.065|1525.742 -72.561
1603 550 RIVERFRONT AV SE,1526.588 -53.858|1519.102 -51.757|1511.608 -49.655|1504.114 -47.554|1496.627 -45.452|1489.133 -43.350|1481.640 -41.249|1474.153 -39.136|1470.958 -38.247|1466.435 -41.527|1464.261 -90.041|1468.546 -94.745|1471.629 -94.878|1479.207 -95.223|1486.778 -95.568|1494.355 -95.912|1501.926 -96.246|1509.504 -96.591|1517.074 -96.935|1524.624 -97.280|1525.260 -83.247|1525.540 -77.065|1525.742 -72.561
1601 550 RIVERFRONT AV SE,1526.588 -53.858|1519.102 -51.757|1511.608 -49.655|1504.114 -47.554|1496.627 -45.452|1489.133 -43.350|1481.640 -41.249|1474.153 -39.136|1470.958 -38.247|1466.435 -41.527|1464.261 -90.041|1468.546 -94.745|1471.629 -94.878|1479.207 -95.223|1486.778 -95.568|1494.355 -95.912|1501.926 -96.246|1509.504 -96.591|1517.074 -96.935|1524.624 -97.280|1525.260 -83.247|1525.540 -77.065|1525.742 -72.561
1602 550 RIVERFRONT AV SE,1526.588 -53.858|1519.102 -51.757|1511.608 -49.655|1504.114 -47.554|1496.627 -45.452|1489.133 -43.350|1481.640 -41.249|1474.153 -39.136|1470.958 -38.247|1466.435 -41.527|1464.261 -90.041|1468.546 -94.745|1471.629 -94.878|1479.207 -95.223|1486.778 -95.568|1494.355 -95.912|1501.926 -96.246|1509.504 -96.591|1517.074 -96.935|1524.624 -97.280|1525.260 -83.247|1525.540 -77.065|1525.742 -72.561
1604 550 RIVERFRONT AV SE,1526.588 -53.858|1519.102 -51.757|1511.608 -49.655|1504.114 -47.554|1496.627 -45.452|1489.133 -43.350|1481.640 -41.249|1474.153 -39.136|1470.958 -38.247|1466.435 -41.527|1464.261 -90.041|1468.546 -94.745|1471.629 -94.878|1479.207 -95.223|1486.778 -95.568|1494.355 -95.912|1501.926 -96.246|1509.504 -96.591|1517.074 -96.935|1524.624 -97.280|1525.260 -83.247|1525.540 -77.065|1525.742 -72.561
1606 550 RIVERFRONT AV SE,1526.588 -53.858|1519.102 -51.757|1511.608 -49.655|1504.114 -47.554|1496.627 -45.452|1489.133 -43.350|1481.640 -41.249|1474.153 -39.136|1470.958 -38.247|1466.435 -41.527|1464.261 -90.041|1468.546 -94.745|1471.629 -94.878|1479.207 -95.223|1486.778 -95.568|1494.355 -95.912|1501.926 -96.246|1509.504 -96.591|1517.074 -96.935|1524.624 -97.280|1525.260 -83.247|1525.540 -77.065|1525.742 -72.561
1608 550 RIVERFRONT AV SE,1526.588 -53.858|1519.102 -51.757|1511.608 -49.655|1504.114 -47.554|1496.627 -45.452|1489.133 -43.350|1481.640 -41.249|1474.153 -39.136|1470.958 -38.247|1466.435 -41.527|1464.261 -90.041|1468.546 -94.745|1471.629 -94.878|1479.207 -95.223|1486.778 -95.568|1494.355 -95.912|1501.926 -96.246|1509.504 -96.591|1517.074 -96.935|1524.624 -97.280|1525.260 -83.247|1525.540 -77.065|1525.742 -72.561
1610 550 RIVERFRONT AV SE,1526.588 -53.858|1519.102 -51.757|1511.608 -49.655|1504.114 -47.554|1496.627 -45.452|1489.133 -43.350|1481.640 -41.249|1474.153 -39.136|1470.958 -38.247|1466.435 -41.527|1464.261 -90.041|1468.546 -94.745|1471.629 -94.878|1479.207 -95.223|1486.778 -95.568|1494.355 -95.912|1501.926 -96.246|1509.504 -96.591|1517.074 -96.935|1524.624 -97.280|1525.260 -83.247|1525.540 -77.065|1525.742 -72.561
1609 550 RIVERFRONT AV SE,1526.588 -53.858|1519.102 -51.757|1511.608 -49.655|1504.114 -47.554|1496.627 -45.452|1489.133 -43.350|1481.640 -41.249|1474.153 -39.136|1470.958 -38.247|1466.435 -41.527|1464.261 -90.041|1468.546 -94.745|1471.629 -94.878|1479.207 -95.223|1486.778 -95.568|1494.355 -95.912|1501.926 -96.246|1509.504 -96.591|1517.074 -96.935|1524.624 -97.280|1525.260 -83.247|1525.540 -77.065|1525.742 -72.561
1607 550 RIVERFRONT AV SE,1526.588 -53.858|1519.102 -51.757|1511.608 -49.655|1504.114 -47.554|1496.627 -45.452|1489.133 -43.350|1481.640 -41.249|1474.153 -39.136|1470.958 -38.247|1466.435 -41.527|1464.261 -90.041|1468.546 -94.745|1471.629 -94.878|1479.207 -95.223|1486.778 -95.568|1494.355 -95.912|1501.926 -96.246|1509.504 -96.591|1517.074 -96.935|1524.624 -97.280|1525.260 -83.247|1525.540 -77.065|1525.742 -72.561
1701 550 RIVERFRONT AV SE,1526.588 -53.858|1519.102 -51.757|1511.608 -49.655|1504.114 -47.554|1496.627 -45.452|1489.133 -43.350|1481.640 -41.249|1474.153 -39.136|1470.958 -38.247|1466.435 -41.527|1464.261 -90.041|1468.546 -94.745|1471.629 -94.878|1479.207 -95.223|1486.778 -95.568|1494.355 -95.912|1501.926 -96.246|1509.504 -96.591|1517.074 -96.935|1524.624 -97.280|1525.260 -83.247|1525.540 -77.065|1525.742 -72.561
1702 550 RIVERFRONT AV SE,1526.588 -53.858|1519.102 -51.757|1511.608 -49.655|1504.114 -47.554|1496.627 -45.452|1489.133 -43.350|1481.640 -41.249|1474.153 -39.136|1470.958 -38.247|1466.435 -41.527|1464.261 -90.041|1468.546 -94.745|1471.629 -94.878|1479.207 -95.223|1486.778 -95.568|1494.355 -95.912|1501.926 -96.246|1509.504 -96.591|1517.074 -96.935|1524.624 -97.280|1525.260 -83.247|1525.540 -77.065|1525.742 -72.561
1703 550 RIVERFRONT AV SE,1526.588 -53.858|1519.102 -51.757|1511.608 -49.655|1504.114 -47.554|1496.627 -45.452|1489.133 -43.350|1481.640 -41.249|1474.153 -39.136|1470.958 -38.247|1466.435 -41.527|1464.261 -90.041|1468.546 -94.745|1471.629 -94.878|1479.207 -95.223|1486.778 -95.568|1494.355 -95.912|1501.926 -96.246|1509.504 -96.591|1517.074 -96.935|1524.624 -97.280|1525.260 -83.247|1525.540 -77.065|1525.742 -72.561
1704 550 RIVERFRONT AV SE,1526.588 -53.858|1519.102 -51.757|1511.608 -49.655|1504.114 -47.554|1496.627 -45.452|1489.133 -43.350|1481.640 -41.249|1474.153 -39.136|1470.958 -38.247|1466.435 -41.527|1464.261 -90.041|1468.546 -94.745|1471.629 -94.878|1479.207 -95.223|1486.778 -95.568|1494.355 -95.912|1501.926 -96.246|1509.504 -96.591|1517.074 -96.935|1524.624 -97.280|1525.260 -83.247|1525.540 -77.065|1525.742 -72.561
1705 550 RIVERFRONT AV SE,1526.588 -53.858|1519.102 -51.757|1511.608 -49.655|1504.114 -47.554|1496.627 -45.452|1489.133 -43.350|1481.640 -41.249|1474.153 -39.136|1470.958 -38.247|1466.435 -41.527|1464.261 -90.041|1468.546 -94.745|1471.629 -94.878|1479.207 -95.223|1486.778 -95.568|1494.355 -95.912|1501.926 -96.246|1509.504 -96.591|1517.074 -96.935|1524.624 -97.280|1525.260 -83.247|1525.540 -77.065|1525.742 -72.561
206V 550 RIVERFRONT AV SE,1526.588 -53.858|1519.102 -51.757|1511.608 -49.655|1504.114 -47.554|1496.627 -45.452|1489.133 -43.350|1481.640 -41.249|1474.153 -39.136|1470.958 -38.247|1466.435 -41.527|1464.261 -90.041|1468.546 -94.745|1471.629 -94.878|1479.207 -95.223|1486.778 -95.568|1494.355 -95.912|1501.926 -96.246|1509.504 -96.591|1517.074 -96.935|1524.624 -97.280|1525.260 -83.247|1525.540 -77.065|1525.742 -72.561
207V 550 RIVERFRONT AV SE,1526.588 -53.858|1519.102 -51.757|1511.608 -49.655|1504.114 -47.554|1496.627 -45.452|1489.133 -43.350|1481.640 -41.249|1474.153 -39.136|1470.958 -38.247|1466.435 -41.527|1464.261 -90.041|1468.546 -94.745|1471.629 -94.878|1479.207 -95.223|1486.778 -95.568|1494.355 -95.912|1501.926 -96.246|1509.504 -96.591|1517.074 -96.935|1524.624 -97.280|1525.260 -83.247|1525.540 -77.065|1525.742 -72.561
208V 550 RIVERFRONT AV SE,1526.588 -53.858|1519.102 -51.757|1511.608 -49.655|1504.114 -47.554|1496.627 -45.452|1489.133 -43.350|1481.640 -41.249|1474.153 -39.136|1470.958 -38.247|1466.435 -41.527|1464.261 -90.041|1468.546 -94.745|1471.629 -94.878|1479.207 -95.223|1486.778 -95.568|1494.355 -95.912|1501.926 -96.246|1509.504 -96.591|1517.074 -96.935|1524.624 -97.280|1525.260 -83.247|1525.540 -77.065|1525.742 -72.561
209V 550 RIVERFRONT AV SE,1526.588 -53.858|1519.102 -51.757|1511.608 -49.655|1504.114 -47.554|1496.627 -45.452|1489.133 -43.350|1481.640 -41.249|1474.153 -39.136|1470.958 -38.247|1466.435 -41.527|1464.261 -90.041|1468.546 -94.745|1471.629 -94.878|1479.207 -95.223|1486.778 -95.568|1494.355 -95.912|1501.926 -96.246|1509.504 -96.591|1517.074 -96.935|1524.624 -97.280|1525.260 -83.247|1525.540 -77.065|1525.742 -72.561
210V 550 RIVERFRONT AV SE,1526.588 -53.858|1519.102 -51.757|1511.608 -49.655|1504.114 -47.554|1496.627 -45.452|1489.133 -43.350|1481.640 -41.249|1474.153 -39.136|1470.958 -38.247|1466.435 -41.527|1464.261 -90.041|1468.546 -94.745|1471.629 -94.878|1479.207 -95.223|1486.778 -95.568|1494.355 -95.912|1501.926 -96.246|1509.504 -96.591|1517.074 -96.935|1524.624 -97.280|1525.260 -83.247|1525.540 -77.065|1525.742 -72.561
211V 550 RIVERFRONT AV SE,1526.588 -53.858|1519.102 -51.757|1511.608 -49.655|1504.114 -47.554|1496.627 -45.452|1489.133 -43.350|1481.640 -41.249|1474.153 -39.136|1470.958 -38.247|1466.435 -41.527|1464.261 -90.041|1468.546 -94.745|1471.629 -94.878|1479.207 -95.223|1486.778 -95.568|1494.355 -95.912|1501.926 -96.246|1509.504 -96.591|1517.074 -96.935|1524.624 -97.280|1525.260 -83.247|1525.540 -77.065|1525.742 -72.561
212V 550 RIVERFRONT AV SE,1526.588 -53.858|1519.102 -51.757|1511.608 -49.655|1504.114 -47.554|1496.627 -45.452|1489.133 -43.350|1481.640 -41.249|1474.153 -39.136|1470.958 -38.247|1466.435 -41.527|1464.261 -90.041|1468.546 -94.745|1471.629 -94.878|1479.207 -95.223|1486.778 -95.568|1494.355 -95.912|1501.926 -96.246|1509.504 -96.591|1517.074 -96.935|1524.624 -97.280|1525.260 -83.247|1525.540 -77.065|1525.742 -72.561
213V 550 RIVERFRONT AV SE,1526.588 -53.858|1519.102 -51.757|1511.608 -49.655|1504.114 -47.554|1496.627 -45.452|1489.133 -43.350|1481.640 -41.249|1474.153 -39.136|1470.958 -38.247|1466.435 -41.527|1464.261 -90.041|1468.546 -94.745|1471.629 -94.878|1479.207 -95.223|1486.778 -95.568|1494.355 -95.912|1501.926 -96.246|1509.504 -96.591|1517.074 -96.935|1524.624 -97.280|1525.260 -83.247|1525.540 -77.065|1525.742 -72.561
214V 550 RIVERFRONT AV SE,1526.588 -53.858|1519.102 -51.757|1511.608 -49.655|1504.114 -47.554|1496.627 -45.452|1489.133 -43.350|1481.640 -41.249|1474.153 -39.136|1470.958 -38.247|1466.435 -41.527|1464.261 -90.041|1468.546 -94.745|1471.629 -94.878|1479.207 -95.223|1486.778 -95.568|1494.355 -95.912|1501.926 -96.246|1509.504 -96.591|1517.074 -96.935|1524.624 -97.280|1525.260 -83.247|1525.540 -77.065|1525.742 -72.561
215V 550 RIVERFRONT AV SE,1526.588 -53.858|1519.102 -51.757|1511.608 -49.655|1504.114 -47.554|1496.627 -45.452|1489.133 -43.350|1481.640 -41.249|1474.153 -39.136|1470.958 -38.247|1466.435 -41.527|1464.261 -90.041|1468.546 -94.745|1471.629 -94.878|1479.207 -95.223|1486.778 -95.568|1494.355 -95.912|1501.926 -96.246|1509.504 -96.591|1517.074 -96.935|1524.624 -97.280|1525.260 -83.247|1525.540 -77.065|1525.742 -72.561
216V 550 RIVERFRONT AV SE,1526.588 -53.858|1519.102 -51.757|1511.608 -49.655|1504.114 -47.554|1496.627 -45.452|1489.133 -43.350|1481.640 -41.249|1474.153 -39.136|1470.958 -38.247|1466.435 -41.527|1464.261 -90.041|1468.546 -94.745|1471.629 -94.878|1479.207 -95.223|1486.778 -95.568|1494.355 -95.912|1501.926 -96.246|1509.504 -96.591|1517.074 -96.935|1524.624 -97.280|1525.260 -83.247|1525.540 -77.065|1525.742 -72.561
217V 550 RIVERFRONT AV SE,1526.588 -53.858|1519.102 -51.757|1511.608 -49.655|1504.114 -47.554|1496.627 -45.452|1489.133 -43.350|1481.640 -41.249|1474.153 -39.136|1470.958 -38.247|1466.435 -41.527|1464.261 -90.041|1468.546 -94.745|1471.629 -94.878|1479.207 -95.223|1486.778 -95.568|1494.355 -95.912|1501.926 -96.246|1509.504 -96.591|1517.074 -96.935|1524.624 -97.280|1525.260 -83.247|1525.540 -77.065|1525.742 -72.561
218V 550 RIVERFRONT AV SE,1526.588 -53.858|1519.102 -51.757|1511.608 -49.655|1504.114 -47.554|1496.627 -45.452|1489.133 -43.350|1481.640 -41.249|1474.153 -39.136|1470.958 -38.247|1466.435 -41.527|1464.261 -90.041|1468.546 -94.745|1471.629 -94.878|1479.207 -95.223|1486.778 -95.568|1494.355 -95.912|1501.926 -96.246|1509.504 -96.591|1517.074 -96.935|1524.624 -97.280|1525.260 -83.247|1525.540 -77.065|1525.742 -72.561
219V 550 RIVERFRONT AV SE,1526.588 -53.858|1519.102 -51.757|1511.608 -49.655|1504.114 -47.554|1496.627 -45.452|1489.133 -43.350|1481.640 -41.249|1474.153 -39.136|1470.958 -38.247|1466.435 -41.527|1464.261 -90.041|1468.546 -94.745|1471.629 -94.878|1479.207 -95.223|1486.778 -95.568|1494.355 -95.912|1501.926 -96.246|1509.504 -96.591|1517.074 -96.935|1524.624 -97.280|1525.260 -83.247|1525.540 -77.065|1525.742 -72.561
220V 550 RIVERFRONT AV SE,1526.588 -53.858|1519.102 -51.757|1511.608 -49.655|1504.114 -47.554|1496.627 -45.452|1489.133 -43.350|1481.640 -41.249|1474.153 -39.136|1470.958 -38.247|1466.435 -41.527|1464.261 -90.041|1468.546 -94.745|1471.629 -94.878|1479.207 -95.223|1486.778 -95.568|1494.355 -95.912|1501.926 -96.246|1509.504 -96.591|1517.074 -96.935|1524.624 -97.280|1525.260 -83.247|1525.540 -77.065|1525.742 -72.561
221V 550 RIVERFRONT AV SE,1526.588 -53.858|1519.102 -51.757|1511.608 -49.655|1504.114 -47.554|1496.627 -45.452|1489.133 -43.350|1481.640 -41.249|1474.153 -39.136|1470.958 -38.247|1466.435 -41.527|1464.261 -90.041|1468.546 -94.745|1471.629 -94.878|1479.207 -95.223|1486.778 -95.568|1494.355 -95.912|1501.926 -96.246|1509.504 -96.591|1517.074 -96.935|1524.624 -97.280|1525.260 -83.247|1525.540 -77.065|1525.742 -72.561
222V 550 RIVERFRONT AV SE,1526.588 -53.858|1519.102 -51.757|1511.608 -49.655|1504.114 -47.554|1496.627 -45.452|1489.133 -43.350|1481.640 -41.249|1474.153 -39.136|1470.958 -38.247|1466.435 -41.527|1464.261 -90.041|1468.546 -94.745|1471.629 -94.878|1479.207 -95.223|1486.778 -95.568|1494.355 -95.912|1501.926 -96.246|1509.504 -96.591|1517.074 -96.935|1524.624 -97.280|1525.260 -83.247|1525.540 -77.065|1525.742 -72.561
223V 550 RIVERFRONT AV SE,1526.588 -53.858|1519.102 -51.757|1511.608 -49.655|1504.114 -47.554|1496.627 -45.452|1489.133 -43.350|1481.640 -41.249|1474.153 -39.136|1470.958 -38.247|1466.435 -41.527|1464.261 -90.041|1468.546 -94.745|1471.629 -94.878|1479.207 -95.223|1486.778 -95.568|1494.355 -95.912|1501.926 -96.246|1509.504 -96.591|1517.074 -96.935|1524.624 -97.280|1525.260 -83.247|1525.540 -77.065|1525.742 -72.561
224V 550 RIVERFRONT AV SE,1526.588 -53.858|1519.102 -51.757|1511.608 -49.655|1504.114 -47.554|1496.627 -45.452|1489.133 -43.350|1481.640 -41.249|1474.153 -39.136|1470.958 -38.247|1466.435 -41.527|1464.261 -90.041|1468.546 -94.745|1471.629 -94.878|1479.207 -95.223|1486.778 -95.568|1494.355 -95.912|1501.926 -96.246|1509.504 -96.591|1517.074 -96.935|1524.624 -97.280|1525.260 -83.247|1525.540 -77.065|1525.742 -72.561
225V 550 RIVERFRONT AV SE,1526.588 -53.858|1519.102 -51.757|1511.608 -49.655|1504.114 -47.554|1496.627 -45.452|1489.133 -43.350|1481.640 -41.249|1474.153 -39.136|1470.958 -38.247|1466.435 -41.527|1464.261 -90.041|1468.546 -94.745|1471.629 -94.878|1479.207 -95.223|1486.778 -95.568|1494.355 -95.912|1501.926 -96.246|1509.504 -96.591|1517.074 -96.935|1524.624 -97.280|1525.260 -83.247|1525.540 -77.065|1525.742 -72.561
226V 550 RIVERFRONT AV SE,1526.588 -53.858|1519.102 -51.757|1511.608 -49.655|1504.114 -47.554|1496.627 -45.452|1489.133 -43.350|1481.640 -41.249|1474.153 -39.136|1470.958 -38.247|1466.435 -41.527|1464.261 -90.041|1468.546 -94.745|1471.629 -94.878|1479.207 -95.223|1486.778 -95.568|1494.355 -95.912|1501.926 -96.246|1509.504 -96.591|1517.074 -96.935|1524.624 -97.280|1525.260 -83.247|1525.540 -77.065|1525.742 -72.561
227V 550 RIVERFRONT AV SE,1526.588 -53.858|1519.102 -51.757|1511.608 -49.655|1504.114 -47.554|1496.627 -45.452|1489.133 -43.350|1481.640 -41.249|1474.153 -39.136|1470.958 -38.247|1466.435 -41.527|1464.261 -90.041|1468.546 -94.745|1471.629 -94.878|1479.207 -95.223|1486.778 -95.568|1494.355 -95.912|1501.926 -96.246|1509.504 -96.591|1517.074 -96.935|1524.624 -97.280|1525.260 -83.247|1525.540 -77.065|1525.742 -72.561
228V 550 RIVERFRONT AV SE,1526.588 -53.858|1519.102 -51.757|1511.608 -49.655|1504.114 -47.554|1496.627 -45.452|1489.133 -43.350|1481.640 -41.249|1474.153 -39.136|1470.958 -38.247|1466.435 -41.527|1464.261 -90.041|1468.546 -94.745|1471.629 -94.878|1479.207 -95.223|1486.778 -95.568|1494.355 -95.912|1501.926 -96.246|1509.504 -96.591|1517.074 -96.935|1524.624 -97.280|1525.260 -83.247|1525.540 -77.065|1525.742 -72.561
229V 550 RIVERFRONT AV SE,1526.588 -53.858|1519.102 -51.757|1511.608 -49.655|1504.114 -47.554|1496.627 -45.452|1489.133 -43.350|1481.640 -41.249|1474.153 -39.136|1470.958 -38.247|1466.435 -41.527|1464.261 -90.041|1468.546 -94.745|1471.629 -94.878|1479.207 -95.223|1486.778 -95.568|1494.355 -95.912|1501.926 -96.246|1509.504 -96.591|1517.074 -96.935|1524.624 -97.280|1525.260 -83.247|1525.540 -77.065|1525.742 -72.561
230V 550 RIVERFRONT AV SE,1526.588 -53.858|1519.102 -51.757|1511.608 -49.655|1504.114 -47.554|1496.627 -45.452|1489.133 -43.350|1481.640 -41.249|1474.153 -39.136|1470.958 -38.247|1466.435 -41.527|1464.261 -90.041|1468.546 -94.745|1471.629 -94.878|1479.207 -95.223|1486.778 -95.568|1494.355 -95.912|1501.926 -96.246|1509.504 -96.591|1517.074 -96.935|1524.624 -97.280|1525.260 -83.247|1525.540 -77.065|1525.742 -72.561
231V 550 RIVERFRONT AV SE,1526.588 -53.858|1519.102 -51.757|1511.608 -49.655|1504.114 -47.554|1496.627 -45.452|1489.133 -43.350|1481.640 -41.249|1474.153 -39.136|1470.958 -38.247|1466.435 -41.527|1464.261 -90.041|1468.546 -94.745|1471.629 -94.878|1479.207 -95.223|1486.778 -95.568|1494.355 -95.912|1501.926 -96.246|1509.504 -96.591|1517.074 -96.935|1524.624 -97.280|1525.260 -83.247|1525.540 -77.065|1525.742 -72.561
232V 550 RIVERFRONT AV SE,1526.588 -53.858|1519.102 -51.757|1511.608 -49.655|1504.114 -47.554|1496.627 -45.452|1489.133 -43.350|1481.640 -41.249|1474.153 -39.136|1470.958 -38.247|1466.435 -41.527|1464.261 -90.041|1468.546 -94.745|1471.629 -94.878|1479.207 -95.223|1486.778 -95.568|1494.355 -95.912|1501.926 -96.246|1509.504 -96.591|1517.074 -96.935|1524.624 -97.280|1525.260 -83.247|1525.540 -77.065|1525.742 -72.561
233V 550 RIVERFRONT AV SE,1526.588 -53.858|1519.102 -51.757|1511.608 -49.655|1504.114 -47.554|1496.627 -45.452|1489.133 -43.350|1481.640 -41.249|1474.153 -39.136|1470.958 -38.247|1466.435 -41.527|1464.261 -90.041|1468.546 -94.745|1471.629 -94.878|1479.207 -95.223|1486.778 -95.568|1494.355 -95.912|1501.926 -96.246|1509.504 -96.591|1517.074 -96.935|1524.624 -97.280|1525.260 -83.247|1525.540 -77.065|1525.742 -72.561
234V 550 RIVERFRONT AV SE,1526.588 -53.858|1519.102 -51.757|1511.608 -49.655|1504.114 -47.554|1496.627 -45.452|1489.133 -43.350|1481.640 -41.249|1474.153 -39.136|1470.958 -38.247|1466.435 -41.527|1464.261 -90.041|1468.546 -94.745|1471.629 -94.878|1479.207 -95.223|1486.778 -95.568|1494.355 -95.912|1501.926 -96.246|1509.504 -96.591|1517.074 -96.935|1524.624 -97.280|1525.260 -83.247|1525.540 -77.065|1525.742 -72.561
235V 550 RIVERFRONT AV SE,1526.588 -53.858|1519.102 -51.757|1511.608 -49.655|1504.114 -47.554|1496.627 -45.452|1489.133 -43.350|1481.640 -41.249|1474.153 -39.136|1470.958 -38.247|1466.435 -41.527|1464.261 -90.041|1468.546 -94.745|1471.629 -94.878|1479.207 -95.223|1486.778 -95.568|1494.355 -95.912|1501.926 -96.246|1509.504 -96.591|1517.074 -96.935|1524.624 -97.280|1525.260 -83.247|1525.540 -77.065|1525.742 -72.561
236V 550 RIVERFRONT AV SE,1526.588 -53.858|1519.102 -51.757|1511.608 -49.655|1504.114 -47.554|1496.627 -45.452|1489.133 -43.350|1481.640 -41.249|1474.153 -39.136|1470.958 -38.247|1466.435 -41.527|1464.261 -90.041|1468.546 -94.745|1471.629 -94.878|1479.207 -95.223|1486.778 -95.568|1494.355 -95.912|1501.926 -96.246|1509.504 -96.591|1517.074 -96.935|1524.624 -97.280|1525.260 -83.247|1525.540 -77.065|1525.742 -72.561
237V 550 RIVERFRONT AV SE,1526.588 -53.858|1519.102 -51.757|1511.608 -49.655|1504.114 -47.554|1496.627 -45.452|1489.133 -43.350|1481.640 -41.249|1474.153 -39.136|1470.958 -38.247|1466.435 -41.527|1464.261 -90.041|1468.546 -94.745|1471.629 -94.878|1479.207 -95.223|1486.778 -95.568|1494.355 -95.912|1501.926 -96.246|1509.504 -96.591|1517.074 -96.935|1524.624 -97.280|1525.260 -83.247|1525.540 -77.065|1525.742 -72.561
238V 550 RIVERFRONT AV SE,1526.588 -53.858|1519.102 -51.757|1511.608 -49.655|1504.114 -47.554|1496.627 -45.452|1489.133 -43.350|1481.640 -41.249|1474.153 -39.136|1470.958 -38.247|1466.435 -41.527|1464.261 -90.041|1468.546 -94.745|1471.629 -94.878|1479.207 -95.223|1486.778 -95.568|1494.355 -95.912|1501.926 -96.246|1509.504 -96.591|1517.074 -96.935|1524.624 -97.280|1525.260 -83.247|1525.540 -77.065|1525.742 -72.561
239V 550 RIVERFRONT AV SE,1526.588 -53.858|1519.102 -51.757|1511.608 -49.655|1504.114 -47.554|1496.627 -45.452|1489.133 -43.350|1481.640 -41.249|1474.153 -39.136|1470.958 -38.247|1466.435 -41.527|1464.261 -90.041|1468.546 -94.745|1471.629 -94.878|1479.207 -95.223|1486.778 -95.568|1494.355 -95.912|1501.926 -96.246|1509.504 -96.591|1517.074 -96.935|1524.624 -97.280|1525.260 -83.247|1525.540 -77.065|1525.742 -72.561
240V 550 RIVERFRONT AV SE,1526.588 -53.858|1519.102 -51.757|1511.608 -49.655|1504.114 -47.554|1496.627 -45.452|1489.133 -43.350|1481.640 -41.249|1474.153 -39.136|1470.958 -38.247|1466.435 -41.527|1464.261 -90.041|1468.546 -94.745|1471.629 -94.878|1479.207 -95.223|1486.778 -95.568|1494.355 -95.912|1501.926 -96.246|1509.504 -96.591|1517.074 -96.935|1524.624 -97.280|1525.260 -83.247|1525.540 -77.065|1525.742 -72.561
241V 550 RIVERFRONT AV SE,1526.588 -53.858|1519.102 -51.757|1511.608 -49.655|1504.114 -47.554|1496.627 -45.452|1489.133 -43.350|1481.640 -41.249|1474.153 -39.136|1470.958 -38.247|1466.435 -41.527|1464.261 -90.041|1468.546 -94.745|1471.629 -94.878|1479.207 -95.223|1486.778 -95.568|1494.355 -95.912|1501.926 -96.246|1509.504 -96.591|1517.074 -96.935|1524.624 -97.280|1525.260 -83.247|1525.540 -77.065|1525.742 -72.561
242V 550 RIVERFRONT AV SE,1526.588 -53.858|1519.102 -51.757|1511.608 -49.655|1504.114 -47.554|1496.627 -45.452|1489.133 -43.350|1481.640 -41.249|1474.153 -39.136|1470.958 -38.247|1466.435 -41.527|1464.261 -90.041|1468.546 -94.745|1471.629 -94.878|1479.207 -95.223|1486.778 -95.568|1494.355 -95.912|1501.926 -96.246|1509.504 -96.591|1517.074 -96.935|1524.624 -97.280|1525.260 -83.247|1525.540 -77.065|1525.742 -72.561
243V 550 RIVERFRONT AV SE,1526.588 -53.858|1519.102 -51.757|1511.608 -49.655|1504.114 -47.554|1496.627 -45.452|1489.133 -43.350|1481.640 -41.249|1474.153 -39.136|1470.958 -38.247|1466.435 -41.527|1464.261 -90.041|1468.546 -94.745|1471.629 -94.878|1479.207 -95.223|1486.778 -95.568|1494.355 -95.912|1501.926 -96.246|1509.504 -96.591|1517.074 -96.935|1524.624 -97.280|1525.260 -83.247|1525.540 -77.065|1525.742 -72.561
244V 550 RIVERFRONT AV SE,1526.588 -53.858|1519.102 -51.757|1511.608 -49.655|1504.114 -47.554|1496.627 -45.452|1489.133 -43.350|1481.640 -41.249|1474.153 -39.136|1470.958 -38.247|1466.435 -41.527|1464.261 -90.041|1468.546 -94.745|1471.629 -94.878|1479.207 -95.223|1486.778 -95.568|1494.355 -95.912|1501.926 -96.246|1509.504 -96.591|1517.074 -96.935|1524.624 -97.280|1525.260 -83.247|1525.540 -77.065|1525.742 -72.561
245V 550 RIVERFRONT AV SE,1526.588 -53.858|1519.102 -51.757|1511.608 -49.655|1504.114 -47.554|1496.627 -45.452|1489.133 -43.350|1481.640 -41.249|1474.153 -39.136|1470.958 -38.247|1466.435 -41.527|1464.261 -90.041|1468.546 -94.745|1471.629 -94.878|1479.207 -95.223|1486.778 -95.568|1494.355 -95.912|1501.926 -96.246|1509.504 -96.591|1517.074 -96.935|1524.624 -97.280|1525.260 -83.247|1525.540 -77.065|1525.742 -72.561
246V 550 RIVERFRONT AV SE,1526.588 -53.858|1519.102 -51.757|1511.608 -49.655|1504.114 -47.554|1496.627 -45.452|1489.133 -43.350|1481.640 -41.249|1474.153 -39.136|1470.958 -38.247|1466.435 -41.527|1464.261 -90.041|1468.546 -94.745|1471.629 -94.878|1479.207 -95.223|1486.778 -95.568|1494.355 -95.912|1501.926 -96.246|1509.504 -96.591|1517.074 -96.935|1524.624 -97.280|1525.260 -83.247|1525.540 -77.065|1525.742 -72.561
247V 550 RIVERFRONT AV SE,1526.588 -53.858|1519.102 -51.757|1511.608 -49.655|1504.114 -47.554|1496.627 -45.452|1489.133 -43.350|1481.640 -41.249|1474.153 -39.136|1470.958 -38.247|1466.435 -41.527|1464.261 -90.041|1468.546 -94.745|1471.629 -94.878|1479.207 -95.223|1486.778 -95.568|1494.355 -95.912|1501.926 -96.246|1509.504 -96.591|1517.074 -96.935|1524.624 -97.280|1525.260 -83.247|1525.540 -77.065|1525.742 -72.561
248V 550 RIVERFRONT AV SE,1526.588 -53.858|1519.102 -51.757|1511.608 -49.655|1504.114 -47.554|1496.627 -45.452|1489.133 -43.350|1481.640 -41.249|1474.153 -39.136|1470.958 -38.247|1466.435 -41.527|1464.261 -90.041|1468.546 -94.745|1471.629 -94.878|1479.207 -95.223|1486.778 -95.568|1494.355 -95.912|1501.926 -96.246|1509.504 -96.591|1517.074 -96.935|1524.624 -97.280|1525.260 -83.247|1525.540 -77.065|1525.742 -72.561
249V 550 RIVERFRONT AV SE,1526.588 -53.858|1519.102 -51.757|1511.608 -49.655|1504.114 -47.554|1496.627 -45.452|1489.133 -43.350|1481.640 -41.249|1474.153 -39.136|1470.958 -38.247|1466.435 -41.527|1464.261 -90.041|1468.546 -94.745|1471.629 -94.878|1479.207 -95.223|1486.778 -95.568|1494.355 -95.912|1501.926 -96.246|1509.504 -96.591|1517.074 -96.935|1524.624 -97.280|1525.260 -83.247|1525.540 -77.065|1525.742 -72.561
250V 550 RIVERFRONT AV SE,1526.588 -53.858|1519.102 -51.757|1511.608 -49.655|1504.114 -47.554|1496.627 -45.452|1489.133 -43.350|1481.640 -41.249|1474.153 -39.136|1470.958 -38.247|1466.435 -41.527|1464.261 -90.041|1468.546 -94.745|1471.629 -94.878|1479.207 -95.223|1486.778 -95.568|1494.355 -95.912|1501.926 -96.246|1509.504 -96.591|1517.074 -96.935|1524.624 -97.280|1525.260 -83.247|1525.540 -77.065|1525.742 -72.561
251V 550 RIVERFRONT AV SE,1526.588 -53.858|1519.102 -51.757|1511.608 -49.655|1504.114 -47.554|1496.627 -45.452|1489.133 -43.350|1481.640 -41.249|1474.153 -39.136|1470.958 -38.247|1466.435 -41.527|1464.261 -90.041|1468.546 -94.745|1471.629 -94.878|1479.207 -95.223|1486.778 -95.568|1494.355 -95.912|1501.926 -96.246|1509.504 -96.591|1517.074 -96.935|1524.624 -97.280|1525.260 -83.247|1525.540 -77.065|1525.742 -72.561
252V 550 RIVERFRONT AV SE,1526.588 -53.858|1519.102 -51.757|1511.608 -49.655|1504.114 -47.554|1496.627 -45.452|1489.133 -43.350|1481.640 -41.249|1474.153 -39.136|1470.958 -38.247|1466.435 -41.527|1464.261 -90.041|1468.546 -94.745|1471.629 -94.878|1479.207 -95.223|1486.778 -95.568|1494.355 -95.912|1501.926 -96.246|1509.504 -96.591|1517.074 -96.935|1524.624 -97.280|1525.260 -83.247|1525.540 -77.065|1525.742 -72.561
253V 550 RIVERFRONT AV SE,1526.588 -53.858|1519.102 -51.757|1511.608 -49.655|1504.114 -47.554|1496.627 -45.452|1489.133 -43.350|1481.640 -41.249|1474.153 -39.136|1470.958 -38.247|1466.435 -41.527|1464.261 -90.041|1468.546 -94.745|1471.629 -94.878|1479.207 -95.223|1486.778 -95.568|1494.355 -95.912|1501.926 -96.246|1509.504 -96.591|1517.074 -96.935|1524.624 -97.280|1525.260 -83.247|1525.540 -77.065|1525.742 -72.561
254V 550 RIVERFRONT AV SE,1526.588 -53.858|1519.102 -51.757|1511.608 -49.655|1504.114 -47.554|1496.627 -45.452|1489.133 -43.350|1481.640 -41.249|1474.153 -39.136|1470.958 -38.247|1466.435 -41.527|1464.261 -90.041|1468.546 -94.745|1471.629 -94.878|1479.207 -95.223|1486.778 -95.568|1494.355 -95.912|1501.926 -96.246|1509.504 -96.591|1517.074 -96.935|1524.624 -97.280|1525.260 -83.247|1525.540 -77.065|1525.742 -72.561
255V 550 RIVERFRONT AV SE,1526.588 -53.858|1519.102 -51.757|1511.608 -49.655|1504.114 -47.554|1496.627 -45.452|1489.133 -43.350|1481.640 -41.249|1474.153 -39.136|1470.958 -38.247|1466.435 -41.527|1464.261 -90.041|1468.546 -94.745|1471.629 -94.878|1479.207 -95.223|1486.778 -95.568|1494.355 -95.912|1501.926 -96.246|1509.504 -96.591|1517.074 -96.935|1524.624 -97.280|1525.260 -83.247|1525.540 -77.065|1525.742 -72.561
256V 550 RIVERFRONT AV SE,1526.588 -53.858|1519.102 -51.757|1511.608 -49.655|1504.114 -47.554|1496.627 -45.452|1489.133 -43.350|1481.640 -41.249|1474.153 -39.136|1470.958 -38.247|1466.435 -41.527|1464.261 -90.041|1468.546 -94.745|1471.629 -94.878|1479.207 -95.223|1486.778 -95.568|1494.355 -95.912|1501.926 -96.246|1509.504 -96.591|1517.074 -96.935|1524.624 -97.280|1525.260 -83.247|1525.540 -77.065|1525.742 -72.561
257V 550 RIVERFRONT AV SE,1526.588 -53.858|1519.102 -51.757|1511.608 -49.655|1504.114 -47.554|1496.627 -45.452|1489.133 -43.350|1481.640 -41.249|1474.153 -39.136|1470.958 -38.247|1466.435 -41.527|1464.261 -90.041|1468.546 -94.745|1471.629 -94.878|1479.207 -95.223|1486.778 -95.568|1494.355 -95.912|1501.926 -96.246|1509.504 -96.591|1517.074 -96.935|1524.624 -97.280|1525.260 -83.247|1525.540 -77.065|1525.742 -72.561
258V 550 RIVERFRONT AV SE,1526.588 -53.858|1519.102 -51.757|1511.608 -49.655|1504.114 -47.554|1496.627 -45.452|1489.133 -43.350|1481.640 -41.249|1474.153 -39.136|1470.958 -38.247|1466.435 -41.527|1464.261 -90.041|1468.546 -94.745|1471.629 -94.878|1479.207 -95.223|1486.778 -95.568|1494.355 -95.912|1501.926 -96.246|1509.504 -96.591|1517.074 -96.935|1524.624 -97.280|1525.260 -83.247|1525.540 -77.065|1525.742 -72.561
259V 550 RIVERFRONT AV SE,1526.588 -53.858|1519.102 -51.757|1511.608 -49.655|1504.114 -47.554|1496.627 -45.452|1489.133 -43.350|1481.640 -41.249|1474.153 -39.136|1470.958 -38.247|1466.435 -41.527|1464.261 -90.041|1468.546 -94.745|1471.629 -94.878|1479.207 -95.223|1486.778 -95.568|1494.355 -95.912|1501.926 -96.246|1509.504 -96.591|1517.074 -96.935|1524.624 -97.280|1525.260 -83.247|1525.540 -77.065|1525.742 -72.561
260V 550 RIVERFRONT AV SE,1526.588 -53.858|1519.102 -51.757|1511.608 -49.655|1504.114 -47.554|1496.627 -45.452|1489.133 -43.350|1481.640 -41.249|1474.153 -39.136|1470.958 -38.247|1466.435 -41.527|1464.261 -90.041|1468.546 -94.745|1471.629 -94.878|1479.207 -95.223|1486.778 -95.568|1494.355 -95.912|1501.926 -96.246|1509.504 -96.591|1517.074 -96.935|1524.624 -97.280|1525.260 -83.247|1525.540 -77.065|1525.742 -72.561
261V 550 RIVERFRONT AV SE,1526.588 -53.858|1519.102 -51.757|1511.608 -49.655|1504.114 -47.554|1496.627 -45.452|1489.133 -43.350|1481.640 -41.249|1474.153 -39.136|1470.958 -38.247|1466.435 -41.527|1464.261 -90.041|1468.546 -94.745|1471.629 -94.878|1479.207 -95.223|1486.778 -95.568|1494.355 -95.912|1501.926 -96.246|1509.504 -96.591|1517.074 -96.935|1524.624 -97.280|1525.260 -83.247|1525.540 -77.065|1525.742 -72.561
262V 550 RIVERFRONT AV SE,1526.588 -53.858|1519.102 -51.757|1511.608 -49.655|1504.114 -47.554|1496.627 -45.452|1489.133 -43.350|1481.640 -41.249|1474.153 -39.136|1470.958 -38.247|1466.435 -41.527|1464.261 -90.041|1468.546 -94.745|1471.629 -94.878|1479.207 -95.223|1486.778 -95.568|1494.355 -95.912|1501.926 -96.246|1509.504 -96.591|1517.074 -96.935|1524.624 -97.280|1525.260 -83.247|1525.540 -77.065|1525.742 -72.561
263V 550 RIVERFRONT AV SE,1526.588 -53.858|1519.102 -51.757|1511.608 -49.655|1504.114 -47.554|1496.627 -45.452|1489.133 -43.350|1481.640 -41.249|1474.153 -39.136|1470.958 -38.247|1466.435 -41.527|1464.261 -90.041|1468.546 -94.745|1471.629 -94.878|1479.207 -95.223|1486.778 -95.568|1494.355 -95.912|1501.926 -96.246|1509.504 -96.591|1517.074 -96.935|1524.624 -97.280|1525.260 -83.247|1525.540 -77.065|1525.742 -72.561
264V 550 RIVERFRONT AV SE,1526.588 -53.858|1519.102 -51.757|1511.608 -49.655|1504.114 -47.554|1496.627 -45.452|1489.133 -43.350|1481.640 -41.249|1474.153 -39.136|1470.958 -38.247|1466.435 -41.527|1464.261 -90.041|1468.546 -94.745|1471.629 -94.878|1479.207 -95.223|1486.778 -95.568|1494.355 -95.912|1501.926 -96.246|1509.504 -96.591|1517.074 -96.935|1524.624 -97.280|1525.260 -83.247|1525.540 -77.065|1525.742 -72.561
265V 550 RIVERFRONT AV SE,1526.588 -53.858|1519.102 -51.757|1511.608 -49.655|1504.114 -47.554|1496.627 -45.452|1489.133 -43.350|1481.640 -41.249|1474.153 -39.136|1470.958 -38.247|1466.435 -41.527|1464.261 -90.041|1468.546 -94.745|1471.629 -94.878|1479.207 -95.223|1486.778 -95.568|1494.355 -95.912|1501.926 -96.246|1509.504 -96.591|1517.074 -96.935|1524.624 -97.280|1525.260 -83.247|1525.540 -77.065|1525.742 -72.561
266V 550 RIVERFRONT AV SE,1526.588 -53.858|1519.102 -51.757|1511.608 -49.655|1504.114 -47.554|1496.627 -45.452|1489.133 -43.350|1481.640 -41.249|1474.153 -39.136|1470.958 -38.247|1466.435 -41.527|1464.261 -90.041|1468.546 -94.745|1471.629 -94.878|1479.207 -95.223|1486.778 -95.568|1494.355 -95.912|1501.926 -96.246|1509.504 -96.591|1517.074 -96.935|1524.624 -97.280|1525.260 -83.247|1525.540 -77.065|1525.742 -72.561
267V 550 RIVERFRONT AV SE,1526.588 -53.858|1519.102 -51.757|1511.608 -49.655|1504.114 -47.554|1496.627 -45.452|1489.133 -43.350|1481.640 -41.249|1474.153 -39.136|1470.958 -38.247|1466.435 -41.527|1464.261 -90.041|1468.546 -94.745|1471.629 -94.878|1479.207 -95.223|1486.778 -95.568|1494.355 -95.912|1501.926 -96.246|1509.504 -96.591|1517.074 -96.935|1524.624 -97.280|1525.260 -83.247|1525.540 -77.065|1525.742 -72.561
268V 550 RIVERFRONT AV SE,1526.588 -53.858|1519.102 -51.757|1511.608 -49.655|1504.114 -47.554|1496.627 -45.452|1489.133 -43.350|1481.640 -41.249|1474.153 -39.136|1470.958 -38.247|1466.435 -41.527|1464.261 -90.041|1468.546 -94.745|1471.629 -94.878|1479.207 -95.223|1486.778 -95.568|1494.355 -95.912|1501.926 -96.246|1509.504 -96.591|1517.074 -96.935|1524.624 -97.280|1525.260 -83.247|1525.540 -77.065|1525.742 -72.561
269V 550 RIVERFRONT AV SE,1526.588 -53.858|1519.102 -51.757|1511.608 -49.655|1504.114 -47.554|1496.627 -45.452|1489.133 -43.350|1481.640 -41.249|1474.153 -39.136|1470.958 -38.247|1466.435 -41.527|1464.261 -90.041|1468.546 -94.745|1471.629 -94.878|1479.207 -95.223|1486.778 -95.568|1494.355 -95.912|1501.926 -96.246|1509.504 -96.591|1517.074 -96.935|1524.624 -97.280|1525.260 -83.247|1525.540 -77.065|1525.742 -72.561
270V 550 RIVERFRONT AV SE,1526.588 -53.858|1519.102 -51.757|1511.608 -49.655|1504.114 -47.554|1496.627 -45.452|1489.133 -43.350|1481.640 -41.249|1474.153 -39.136|1470.958 -38.247|1466.435 -41.527|1464.261 -90.041|1468.546 -94.745|1471.629 -94.878|1479.207 -95.223|1486.778 -95.568|1494.355 -95.912|1501.926 -96.246|1509.504 -96.591|1517.074 -96.935|1524.624 -97.280|1525.260 -83.247|1525.540 -77.065|1525.742 -72.561
271V 550 RIVERFRONT AV SE,1526.588 -53.858|1519.102 -51.757|1511.608 -49.655|1504.114 -47.554|1496.627 -45.452|1489.133 -43.350|1481.640 -41.249|1474.153 -39.136|1470.958 -38.247|1466.435 -41.527|1464.261 -90.041|1468.546 -94.745|1471.629 -94.878|1479.207 -95.223|1486.778 -95.568|1494.355 -95.912|1501.926 -96.246|1509.504 -96.591|1517.074 -96.935|1524.624 -97.280|1525.260 -83.247|1525.540 -77.065|1525.742 -72.561
272V 550 RIVERFRONT AV SE,1526.588 -53.858|1519.102 -51.757|1511.608 -49.655|1504.114 -47.554|1496.627 -45.452|1489.133 -43.350|1481.640 -41.249|1474.153 -39.136|1470.958 -38.247|1466.435 -41.527|1464.261 -90.041|1468.546 -94.745|1471.629 -94.878|1479.207 -95.223|1486.778 -95.568|1494.355 -95.912|1501.926 -96.246|1509.504 -96.591|1517.074 -96.935|1524.624 -97.280|1525.260 -83.247|1525.540 -77.065|1525.742 -72.561
273V 550 RIVERFRONT AV SE,1526.588 -53.858|1519.102 -51.757|1511.608 -49.655|1504.114 -47.554|1496.627 -45.452|1489.133 -43.350|1481.640 -41.249|1474.153 -39.136|1470.958 -38.247|1466.435 -41.527|1464.261 -90.041|1468.546 -94.745|1471.629 -94.878|1479.207 -95.223|1486.778 -95.568|1494.355 -95.912|1501.926 -96.246|1509.504 -96.591|1517.074 -96.935|1524.624 -97.280|1525.260 -83.247|1525.540 -77.065|1525.742 -72.561
274V 550 RIVERFRONT AV SE,1526.588 -53.858|1519.102 -51.757|1511.608 -49.655|1504.114 -47.554|1496.627 -45.452|1489.133 -43.350|1481.640 -41.249|1474.153 -39.136|1470.958 -38.247|1466.435 -41.527|1464.261 -90.041|1468.546 -94.745|1471.629 -94.878|1479.207 -95.223|1486.778 -95.568|1494.355 -95.912|1501.926 -96.246|1509.504 -96.591|1517.074 -96.935|1524.624 -97.280|1525.260 -83.247|1525.540 -77.065|1525.742 -72.561
275V 550 RIVERFRONT AV SE,1526.588 -53.858|1519.102 -51.757|1511.608 -49.655|1504.114 -47.554|1496.627 -45.452|1489.133 -43.350|1481.640 -41.249|1474.153 -39.136|1470.958 -38.247|1466.435 -41.527|1464.261 -90.041|1468.546 -94.745|1471.629 -94.878|1479.207 -95.223|1486.778 -95.568|1494.355 -95.912|1501.926 -96.246|1509.504 -96.591|1517.074 -96.935|1524.624 -97.280|1525.260 -83.247|1525.540 -77.065|1525.742 -72.561
276V 550 RIVERFRONT AV SE,1526.588 -53.858|1519.102 -51.757|1511.608 -49.655|1504.114 -47.554|1496.627 -45.452|1489.133 -43.350|1481.640 -41.249|1474.153 -39.136|1470.958 -38.247|1466.435 -41.527|1464.261 -90.041|1468.546 -94.745|1471.629 -94.878|1479.207 -95.223|1486.778 -95.568|1494.355 -95.912|1501.926 -96.246|1509.504 -96.591|1517.074 -96.935|1524.624 -97.280|1525.260 -83.247|1525.540 -77.065|1525.742 -72.561
277V 550 RIVERFRONT AV SE,1526.588 -53.858|1519.102 -51.757|1511.608 -49.655|1504.114 -47.554|1496.627 -45.452|1489.133 -43.350|1481.640 -41.249|1474.153 -39.136|1470.958 -38.247|1466.435 -41.527|1464.261 -90.041|1468.546 -94.745|1471.629 -94.878|1479.207 -95.223|1486.778 -95.568|1494.355 -95.912|1501.926 -96.246|1509.504 -96.591|1517.074 -96.935|1524.624 -97.280|1525.260 -83.247|1525.540 -77.065|1525.742 -72.561
278V 550 RIVERFRONT AV SE,1526.588 -53.858|1519.102 -51.757|1511.608 -49.655|1504.114 -47.554|1496.627 -45.452|1489.133 -43.350|1481.640 -41.249|1474.153 -39.136|1470.958 -38.247|1466.435 -41.527|1464.261 -90.041|1468.546 -94.745|1471.629 -94.878|1479.207 -95.223|1486.778 -95.568|1494.355 -95.912|1501.926 -96.246|1509.504 -96.591|1517.074 -96.935|1524.624 -97.280|1525.260 -83.247|1525.540 -77.065|1525.742 -72.561
279V 550 RIVERFRONT AV SE,1526.588 -53.858|1519.102 -51.757|1511.608 -49.655|1504.114 -47.554|1496.627 -45.452|1489.133 -43.350|1481.640 -41.249|1474.153 -39.136|1470.958 -38.247|1466.435 -41.527|1464.261 -90.041|1468.546 -94.745|1471.629 -94.878|1479.207 -95.223|1486.778 -95.568|1494.355 -95.912|1501.926 -96.246|1509.504 -96.591|1517.074 -96.935|1524.624 -97.280|1525.260 -83.247|1525.540 -77.065|1525.742 -72.561
280V 550 RIVERFRONT AV SE,1526.588 -53.858|1519.102 -51.757|1511.608 -49.655|1504.114 -47.554|1496.627 -45.452|1489.133 -43.350|1481.640 -41.249|1474.153 -39.136|1470.958 -38.247|1466.435 -41.527|1464.261 -90.041|1468.546 -94.745|1471.629 -94.878|1479.207 -95.223|1486.778 -95.568|1494.355 -95.912|1501.926 -96.246|1509.504 -96.591|1517.074 -96.935|1524.624 -97.280|1525.260 -83.247|1525.540 -77.065|1525.742 -72.561
281V 550 RIVERFRONT AV SE,1526.588 -53.858|1519.102 -51.757|1511.608 -49.655|1504.114 -47.554|1496.627 -45.452|1489.133 -43.350|1481.640 -41.249|1474.153 -39.136|1470.958 -38.247|1466.435 -41.527|1464.261 -90.041|1468.546 -94.745|1471.629 -94.878|1479.207 -95.223|1486.778 -95.568|1494.355 -95.912|1501.926 -96.246|1509.504 -96.591|1517.074 -96.935|1524.624 -97.280|1525.260 -83.247|1525.540 -77.065|1525.742 -72.561
282V 550 RIVERFRONT AV SE,1526.588 -53.858|1519.102 -51.757|1511.608 -49.655|1504.114 -47.554|1496.627 -45.452|1489.133 -43.350|1481.640 -41.249|1474.153 -39.136|1470.958 -38.247|1466.435 -41.527|1464.261 -90.041|1468.546 -94.745|1471.629 -94.878|1479.207 -95.223|1486.778 -95.568|1494.355 -95.912|1501.926 -96.246|1509.504 -96.591|1517.074 -96.935|1524.624 -97.280|1525.260 -83.247|1525.540 -77.065|1525.742 -72.561
283V 550 RIVERFRONT AV SE,1526.588 -53.858|1519.102 -51.757|1511.608 -49.655|1504.114 -47.554|1496.627 -45.452|1489.133 -43.350|1481.640 -41.249|1474.153 -39.136|1470.958 -38.247|1466.435 -41.527|1464.261 -90.041|1468.546 -94.745|1471.629 -94.878|1479.207 -95.223|1486.778 -95.568|1494.355 -95.912|1501.926 -96.246|1509.504 -96.591|1517.074 -96.935|1524.624 -97.280|1525.260 -83.247|1525.540 -77.065|1525.742 -72.561
284V 550 RIVERFRONT AV SE,1526.588 -53.858|1519.102 -51.757|1511.608 -49.655|1504.114 -47.554|1496.627 -45.452|1489.133 -43.350|1481.640 -41.249|1474.153 -39.136|1470.958 -38.247|1466.435 -41.527|1464.261 -90.041|1468.546 -94.745|1471.629 -94.878|1479.207 -95.223|1486.778 -95.568|1494.355 -95.912|1501.926 -96.246|1509.504 -96.591|1517.074 -96.935|1524.624 -97.280|1525.260 -83.247|1525.540 -77.065|1525.742 -72.561
285V 550 RIVERFRONT AV SE,1526.588 -53.858|1519.102 -51.757|1511.608 -49.655|1504.114 -47.554|1496.627 -45.452|1489.133 -43.350|1481.640 -41.249|1474.153 -39.136|1470.958 -38.247|1466.435 -41.527|1464.261 -90.041|1468.546 -94.745|1471.629 -94.878|1479.207 -95.223|1486.778 -95.568|1494.355 -95.912|1501.926 -96.246|1509.504 -96.591|1517.074 -96.935|1524.624 -97.280|1525.260 -83.247|1525.540 -77.065|1525.742 -72.561
286V 550 RIVERFRONT AV SE,1526.588 -53.858|1519.102 -51.757|1511.608 -49.655|1504.114 -47.554|1496.627 -45.452|1489.133 -43.350|1481.640 -41.249|1474.153 -39.136|1470.958 -38.247|1466.435 -41.527|1464.261 -90.041|1468.546 -94.745|1471.629 -94.878|1479.207 -95.223|1486.778 -95.568|1494.355 -95.912|1501.926 -96.246|1509.504 -96.591|1517.074 -96.935|1524.624 -97.280|1525.260 -83.247|1525.540 -77.065|1525.742 -72.561
287V 550 RIVERFRONT AV SE,1526.588 -53.858|1519.102 -51.757|1511.608 -49.655|1504.114 -47.554|1496.627 -45.452|1489.133 -43.350|1481.640 -41.249|1474.153 -39.136|1470.958 -38.247|1466.435 -41.527|1464.261 -90.041|1468.546 -94.745|1471.629 -94.878|1479.207 -95.223|1486.778 -95.568|1494.355 -95.912|1501.926 -96.246|1509.504 -96.591|1517.074 -96.935|1524.624 -97.280|1525.260 -83.247|1525.540 -77.065|1525.742 -72.561
288V 550 RIVERFRONT AV SE,1526.588 -53.858|1519.102 -51.757|1511.608 -49.655|1504.114 -47.554|1496.627 -45.452|1489.133 -43.350|1481.640 -41.249|1474.153 -39.136|1470.958 -38.247|1466.435 -41.527|1464.261 -90.041|1468.546 -94.745|1471.629 -94.878|1479.207 -95.223|1486.778 -95.568|1494.355 -95.912|1501.926 -96.246|1509.504 -96.591|1517.074 -96.935|1524.624 -97.280|1525.260 -83.247|1525.540 -77.065|1525.742 -72.561
289V 550 RIVERFRONT AV SE,1526.588 -53.858|1519.102 -51.757|1511.608 -49.655|1504.114 -47.554|1496.627 -45.452|1489.133 -43.350|1481.640 -41.249|1474.153 -39.136|1470.958 -38.247|1466.435 -41.527|1464.261 -90.041|1468.546 -94.745|1471.629 -94.878|1479.207 -95.223|1486.778 -95.568|1494.355 -95.912|1501.926 -96.246|1509.504 -96.591|1517.074 -96.935|1524.624 -97.280|1525.260 -83.247|1525.540 -77.065|1525.742 -72.561
290V 550 RIVERFRONT AV SE,1526.588 -53.858|1519.102 -51.757|1511.608 -49.655|1504.114 -47.554|1496.627 -45.452|1489.133 -43.350|1481.640 -41.249|1474.153 -39.136|1470.958 -38.247|1466.435 -41.527|1464.261 -90.041|1468.546 -94.745|1471.629 -94.878|1479.207 -95.223|1486.778 -95.568|1494.355 -95.912|1501.926 -96.246|1509.504 -96.591|1517.074 -96.935|1524.624 -97.280|1525.260 -83.247|1525.540 -77.065|1525.742 -72.561
291V 550 RIVERFRONT AV SE,1526.588 -53.858|1519.102 -51.757|1511.608 -49.655|1504.114 -47.554|1496.627 -45.452|1489.133 -43.350|1481.640 -41.249|1474.153 -39.136|1470.958 -38.247|1466.435 -41.527|1464.261 -90.041|1468.546 -94.745|1471.629 -94.878|1479.207 -95.223|1486.778 -95.568|1494.355 -95.912|1501.926 -96.246|1509.504 -96.591|1517.074 -96.935|1524.624 -97.280|1525.260 -83.247|1525.540 -77.065|1525.742 -72.561
292V 550 RIVERFRONT AV SE,1526.588 -53.858|1519.102 -51.757|1511.608 -49.655|1504.114 -47.554|1496.627 -45.452|1489.133 -43.350|1481.640 -41.249|1474.153 -39.136|1470.958 -38.247|1466.435 -41.527|1464.261 -90.041|1468.546 -94.745|1471.629 -94.878|1479.207 -95.223|1486.778 -95.568|1494.355 -95.912|1501.926 -96.246|1509.504 -96.591|1517.074 -96.935|1524.624 -97.280|1525.260 -83.247|1525.540 -77.065|1525.742 -72.561
293V 550 RIVERFRONT AV SE,1526.588 -53.858|1519.102 -51.757|1511.608 -49.655|1504.114 -47.554|1496.627 -45.452|1489.133 -43.350|1481.640 -41.249|1474.153 -39.136|1470.958 -38.247|1466.435 -41.527|1464.261 -90.041|1468.546 -94.745|1471.629 -94.878|1479.207 -95.223|1486.778 -95.568|1494.355 -95.912|1501.926 -96.246|1509.504 -96.591|1517.074 -96.935|1524.624 -97.280|1525.260 -83.247|1525.540 -77.065|1525.742 -72.561
294V 550 RIVERFRONT AV SE,1526.588 -53.858|1519.102 -51.757|1511.608 -49.655|1504.114 -47.554|1496.627 -45.452|1489.133 -43.350|1481.640 -41.249|1474.153 -39.136|1470.958 -38.247|1466.435 -41.527|1464.261 -90.041|1468.546 -94.745|1471.629 -94.878|1479.207 -95.223|1486.778 -95.568|1494.355 -95.912|1501.926 -96.246|1509.504 -96.591|1517.074 -96.935|1524.624 -97.280|1525.260 -83.247|1525.540 -77.065|1525.742 -72.561
295V 550 RIVERFRONT AV SE,1526.588 -53.858|1519.102 -51.757|1511.608 -49.655|1504.114 -47.554|1496.627 -45.452|1489.133 -43.350|1481.640 -41.249|1474.153 -39.136|1470.958 -38.247|1466.435 -41.527|1464.261 -90.041|1468.546 -94.745|1471.629 -94.878|1479.207 -95.223|1486.778 -95.568|1494.355 -95.912|1501.926 -96.246|1509.504 -96.591|1517.074 -96.935|1524.624 -97.280|1525.260 -83.247|1525.540 -77.065|1525.742 -72.561
296V 550 RIVERFRONT AV SE,1526.588 -53.858|1519.102 -51.757|1511.608 -49.655|1504.114 -47.554|1496.627 -45.452|1489.133 -43.350|1481.640 -41.249|1474.153 -39.136|1470.958 -38.247|1466.435 -41.527|1464.261 -90.041|1468.546 -94.745|1471.629 -94.878|1479.207 -95.223|1486.778 -95.568|1494.355 -95.912|1501.926 -96.246|1509.504 -96.591|1517.074 -96.935|1524.624 -97.280|1525.260 -83.247|1525.540 -77.065|1525.742 -72.561
297V 550 RIVERFRONT AV SE,1526.588 -53.858|1519.102 -51.757|1511.608 -49.655|1504.114 -47.554|1496.627 -45.452|1489.133 -43.350|1481.640 -41.249|1474.153 -39.136|1470.958 -38.247|1466.435 -41.527|1464.261 -90.041|1468.546 -94.745|1471.629 -94.878|1479.207 -95.223|1486.778 -95.568|1494.355 -95.912|1501.926 -96.246|1509.504 -96.591|1517.074 -96.935|1524.624 -97.280|1525.260 -83.247|1525.540 -77.065|1525.742 -72.561
298V 550 RIVERFRONT AV SE,1526.588 -53.858|1519.102 -51.757|1511.608 -49.655|1504.114 -47.554|1496.627 -45.452|1489.133 -43.350|1481.640 -41.249|1474.153 -39.136|1470.958 -38.247|1466.435 -41.527|1464.261 -90.041|1468.546 -94.745|1471.629 -94.878|1479.207 -95.223|1486.778 -95.568|1494.355 -95.912|1501.926 -96.246|1509.504 -96.591|1517.074 -96.935|1524.624 -97.280|1525.260 -83.247|1525.540 -77.065|1525.742 -72.561
299V 550 RIVERFRONT AV SE,1526.588 -53.858|1519.102 -51.757|1511.608 -49.655|1504.114 -47.554|1496.627 -45.452|1489.133 -43.350|1481.640 -41.249|1474.153 -39.136|1470.958 -38.247|1466.435 -41.527|1464.261 -90.041|1468.546 -94.745|1471.629 -94.878|1479.207 -95.223|1486.778 -95.568|1494.355 -95.912|1501.926 -96.246|1509.504 -96.591|1517.074 -96.935|1524.624 -97.280|1525.260 -83.247|1525.540 -77.065|1525.742 -72.561
300V 550 RIVERFRONT AV SE,1526.588 -53.858|1519.102 -51.757|1511.608 -49.655|1504.114 -47.554|1496.627 -45.452|1489.133 -43.350|1481.640 -41.249|1474.153 -39.136|1470.958 -38.247|1466.435 -41.527|1464.261 -90.041|1468.546 -94.745|1471.629 -94.878|1479.207 -95.223|1486.778 -95.568|1494.355 -95.912|1501.926 -96.246|1509.504 -96.591|1517.074 -96.935|1524.624 -97.280|1525.260 -83.247|1525.540 -77.065|1525.742 -72.561
301V 550 RIVERFRONT AV SE,1526.588 -53.858|1519.102 -51.757|1511.608 -49.655|1504.114 -47.554|1496.627 -45.452|1489.133 -43.350|1481.640 -41.249|1474.153 -39.136|1470.958 -38.247|1466.435 -41.527|1464.261 -90.041|1468.546 -94.745|1471.629 -94.878|1479.207 -95.223|1486.778 -95.568|1494.355 -95.912|1501.926 -96.246|1509.504 -96.591|1517.074 -96.935|1524.624 -97.280|1525.260 -83.247|1525.540 -77.065|1525.742 -72.561
302V 550 RIVERFRONT AV SE,1526.588 -53.858|1519.102 -51.757|1511.608 -49.655|1504.114 -47.554|1496.627 -45.452|1489.133 -43.350|1481.640 -41.249|1474.153 -39.136|1470.958 -38.247|1466.435 -41.527|1464.261 -90.041|1468.546 -94.745|1471.629 -94.878|1479.207 -95.223|1486.778 -95.568|1494.355 -95.912|1501.926 -96.246|1509.504 -96.591|1517.074 -96.935|1524.624 -97.280|1525.260 -83.247|1525.540 -77.065|1525.742 -72.561
303V 550 RIVERFRONT AV SE,1526.588 -53.858|1519.102 -51.757|1511.608 -49.655|1504.114 -47.554|1496.627 -45.452|1489.133 -43.350|1481.640 -41.249|1474.153 -39.136|1470.958 -38.247|1466.435 -41.527|1464.261 -90.041|1468.546 -94.745|1471.629 -94.878|1479.207 -95.223|1486.778 -95.568|1494.355 -95.912|1501.926 -96.246|1509.504 -96.591|1517.074 -96.935|1524.624 -97.280|1525.260 -83.247|1525.540 -77.065|1525.742 -72.561
304V 550 RIVERFRONT AV SE,1526.588 -53.858|1519.102 -51.757|1511.608 -49.655|1504.114 -47.554|1496.627 -45.452|1489.133 -43.350|1481.640 -41.249|1474.153 -39.136|1470.958 -38.247|1466.435 -41.527|1464.261 -90.041|1468.546 -94.745|1471.629 -94.878|1479.207 -95.223|1486.778 -95.568|1494.355 -95.912|1501.926 -96.246|1509.504 -96.591|1517.074 -96.935|1524.624 -97.280|1525.260 -83.247|1525.540 -77.065|1525.742 -72.561
305V 550 RIVERFRONT AV SE,1526.588 -53.858|1519.102 -51.757|1511.608 -49.655|1504.114 -47.554|1496.627 -45.452|1489.133 -43.350|1481.640 -41.249|1474.153 -39.136|1470.958 -38.247|1466.435 -41.527|1464.261 -90.041|1468.546 -94.745|1471.629 -94.878|1479.207 -95.223|1486.778 -95.568|1494.355 -95.912|1501.926 -96.246|1509.504 -96.591|1517.074 -96.935|1524.624 -97.280|1525.260 -83.247|1525.540 -77.065|1525.742 -72.561
306V 550 RIVERFRONT AV SE,1526.588 -53.858|1519.102 -51.757|1511.608 -49.655|1504.114 -47.554|1496.627 -45.452|1489.133 -43.350|1481.640 -41.249|1474.153 -39.136|1470.958 -38.247|1466.435 -41.527|1464.261 -90.041|1468.546 -94.745|1471.629 -94.878|1479.207 -95.223|1486.778 -95.568|1494.355 -95.912|1501.926 -96.246|1509.504 -96.591|1517.074 -96.935|1524.624 -97.280|1525.260 -83.247|1525.540 -77.065|1525.742 -72.561
307V 550 RIVERFRONT AV SE,1526.588 -53.858|1519.102 -51.757|1511.608 -49.655|1504.114 -47.554|1496.627 -45.452|1489.133 -43.350|1481.640 -41.249|1474.153 -39.136|1470.958 -38.247|1466.435 -41.527|1464.261 -90.041|1468.546 -94.745|1471.629 -94.878|1479.207 -95.223|1486.778 -95.568|1494.355 -95.912|1501.926 -96.246|1509.504 -96.591|1517.074 -96.935|1524.624 -97.280|1525.260 -83.247|1525.540 -77.065|1525.742 -72.561
308V 550 RIVERFRONT AV SE,1526.588 -53.858|1519.102 -51.757|1511.608 -49.655|1504.114 -47.554|1496.627 -45.452|1489.133 -43.350|1481.640 -41.249|1474.153 -39.136|1470.958 -38.247|1466.435 -41.527|1464.261 -90.041|1468.546 -94.745|1471.629 -94.878|1479.207 -95.223|1486.778 -95.568|1494.355 -95.912|1501.926 -96.246|1509.504 -96.591|1517.074 -96.935|1524.624 -97.280|1525.260 -83.247|1525.540 -77.065|1525.742 -72.561
309V 550 RIVERFRONT AV SE,1526.588 -53.858|1519.102 -51.757|1511.608 -49.655|1504.114 -47.554|1496.627 -45.452|1489.133 -43.350|1481.640 -41.249|1474.153 -39.136|1470.958 -38.247|1466.435 -41.527|1464.261 -90.041|1468.546 -94.745|1471.629 -94.878|1479.207 -95.223|1486.778 -95.568|1494.355 -95.912|1501.926 -96.246|1509.504 -96.591|1517.074 -96.935|1524.624 -97.280|1525.260 -83.247|1525.540 -77.065|1525.742 -72.561
310V 550 RIVERFRONT AV SE,1526.588 -53.858|1519.102 -51.757|1511.608 -49.655|1504.114 -47.554|1496.627 -45.452|1489.133 -43.350|1481.640 -41.249|1474.153 -39.136|1470.958 -38.247|1466.435 -41.527|1464.261 -90.041|1468.546 -94.745|1471.629 -94.878|1479.207 -95.223|1486.778 -95.568|1494.355 -95.912|1501.926 -96.246|1509.504 -96.591|1517.074 -96.935|1524.624 -97.280|1525.260 -83.247|1525.540 -77.065|1525.742 -72.561
311V 550 RIVERFRONT AV SE,1526.588 -53.858|1519.102 -51.757|1511.608 -49.655|1504.114 -47.554|1496.627 -45.452|1489.133 -43.350|1481.640 -41.249|1474.153 -39.136|1470.958 -38.247|1466.435 -41.527|1464.261 -90.041|1468.546 -94.745|1471.629 -94.878|1479.207 -95.223|1486.778 -95.568|1494.355 -95.912|1501.926 -96.246|1509.504 -96.591|1517.074 -96.935|1524.624 -97.280|1525.260 -83.247|1525.540 -77.065|1525.742 -72.561
312V 550 RIVERFRONT AV SE,1526.588 -53.858|1519.102 -51.757|1511.608 -49.655|1504.114 -47.554|1496.627 -45.452|1489.133 -43.350|1481.640 -41.249|1474.153 -39.136|1470.958 -38.247|1466.435 -41.527|1464.261 -90.041|1468.546 -94.745|1471.629 -94.878|1479.207 -95.223|1486.778 -95.568|1494.355 -95.912|1501.926 -96.246|1509.504 -96.591|1517.074 -96.935|1524.624 -97.280|1525.260 -83.247|1525.540 -77.065|1525.742 -72.561
313V 550 RIVERFRONT AV SE,1526.588 -53.858|1519.102 -51.757|1511.608 -49.655|1504.114 -47.554|1496.627 -45.452|1489.133 -43.350|1481.640 -41.249|1474.153 -39.136|1470.958 -38.247|1466.435 -41.527|1464.261 -90.041|1468.546 -94.745|1471.629 -94.878|1479.207 -95.223|1486.778 -95.568|1494.355 -95.912|1501.926 -96.246|1509.504 -96.591|1517.074 -96.935|1524.624 -97.280|1525.260 -83.247|1525.540 -77.065|1525.742 -72.561
314V 550 RIVERFRONT AV SE,1526.588 -53.858|1519.102 -51.757|1511.608 -49.655|1504.114 -47.554|1496.627 -45.452|1489.133 -43.350|1481.640 -41.249|1474.153 -39.136|1470.958 -38.247|1466.435 -41.527|1464.261 -90.041|1468.546 -94.745|1471.629 -94.878|1479.207 -95.223|1486.778 -95.568|1494.355 -95.912|1501.926 -96.246|1509.504 -96.591|1517.074 -96.935|1524.624 -97.280|1525.260 -83.247|1525.540 -77.065|1525.742 -72.561
315V 550 RIVERFRONT AV SE,1526.588 -53.858|1519.102 -51.757|1511.608 -49.655|1504.114 -47.554|1496.627 -45.452|1489.133 -43.350|1481.640 -41.249|1474.153 -39.136|1470.958 -38.247|1466.435 -41.527|1464.261 -90.041|1468.546 -94.745|1471.629 -94.878|1479.207 -95.223|1486.778 -95.568|1494.355 -95.912|1501.926 -96.246|1509.504 -96.591|1517.074 -96.935|1524.624 -97.280|1525.260 -83.247|1525.540 -77.065|1525.742 -72.561
316V 550 RIVERFRONT AV SE,1526.588 -53.858|1519.102 -51.757|1511.608 -49.655|1504.114 -47.554|1496.627 -45.452|1489.133 -43.350|1481.640 -41.249|1474.153 -39.136|1470.958 -38.247|1466.435 -41.527|1464.261 -90.041|1468.546 -94.745|1471.629 -94.878|1479.207 -95.223|1486.778 -95.568|1494.355 -95.912|1501.926 -96.246|1509.504 -96.591|1517.074 -96.935|1524.624 -97.280|1525.260 -83.247|1525.540 -77.065|1525.742 -72.561
317V 550 RIVERFRONT AV SE,1526.588 -53.858|1519.102 -51.757|1511.608 -49.655|1504.114 -47.554|1496.627 -45.452|1489.133 -43.350|1481.640 -41.249|1474.153 -39.136|1470.958 -38.247|1466.435 -41.527|1464.261 -90.041|1468.546 -94.745|1471.629 -94.878|1479.207 -95.223|1486.778 -95.568|1494.355 -95.912|1501.926 -96.246|1509.504 -96.591|1517.074 -96.935|1524.624 -97.280|1525.260 -83.247|1525.540 -77.065|1525.742 -72.561
318V 550 RIVERFRONT AV SE,1526.588 -53.858|1519.102 -51.757|1511.608 -49.655|1504.114 -47.554|1496.627 -45.452|1489.133 -43.350|1481.640 -41.249|1474.153 -39.136|1470.958 -38.247|1466.435 -41.527|1464.261 -90.041|1468.546 -94.745|1471.629 -94.878|1479.207 -95.223|1486.778 -95.568|1494.355 -95.912|1501.926 -96.246|1509.504 -96.591|1517.074 -96.935|1524.624 -97.280|1525.260 -83.247|1525.540 -77.065|1525.742 -72.561
319V 550 RIVERFRONT AV SE,1526.588 -53.858|1519.102 -51.757|1511.608 -49.655|1504.114 -47.554|1496.627 -45.452|1489.133 -43.350|1481.640 -41.249|1474.153 -39.136|1470.958 -38.247|1466.435 -41.527|1464.261 -90.041|1468.546 -94.745|1471.629 -94.878|1479.207 -95.223|1486.778 -95.568|1494.355 -95.912|1501.926 -96.246|1509.504 -96.591|1517.074 -96.935|1524.624 -97.280|1525.260 -83.247|1525.540 -77.065|1525.742 -72.561
320V 550 RIVERFRONT AV SE,1526.588 -53.858|1519.102 -51.757|1511.608 -49.655|1504.114 -47.554|1496.627 -45.452|1489.133 -43.350|1481.640 -41.249|1474.153 -39.136|1470.958 -38.247|1466.435 -41.527|1464.261 -90.041|1468.546 -94.745|1471.629 -94.878|1479.207 -95.223|1486.778 -95.568|1494.355 -95.912|1501.926 -96.246|1509.504 -96.591|1517.074 -96.935|1524.624 -97.280|1525.260 -83.247|1525.540 -77.065|1525.742 -72.561
321V 550 RIVERFRONT AV SE,1526.588 -53.858|1519.102 -51.757|1511.608 -49.655|1504.114 -47.554|1496.627 -45.452|1489.133 -43.350|1481.640 -41.249|1474.153 -39.136|1470.958 -38.247|1466.435 -41.527|1464.261 -90.041|1468.546 -94.745|1471.629 -94.878|1479.207 -95.223|1486.778 -95.568|1494.355 -95.912|1501.926 -96.246|1509.504 -96.591|1517.074 -96.935|1524.624 -97.280|1525.260 -83.247|1525.540 -77.065|1525.742 -72.561
322V 550 RIVERFRONT AV SE,1526.588 -53.858|1519.102 -51.757|1511.608 -49.655|1504.114 -47.554|1496.627 -45.452|1489.133 -43.350|1481.640 -41.249|1474.153 -39.136|1470.958 -38.247|1466.435 -41.527|1464.261 -90.041|1468.546 -94.745|1471.629 -94.878|1479.207 -95.223|1486.778 -95.568|1494.355 -95.912|1501.926 -96.246|1509.504 -96.591|1517.074 -96.935|1524.624 -97.280|1525.260 -83.247|1525.540 -77.065|1525.742 -72.561
323V 550 RIVERFRONT AV SE,1526.588 -53.858|1519.102 -51.757|1511.608 -49.655|1504.114 -47.554|1496.627 -45.452|1489.133 -43.350|1481.640 -41.249|1474.153 -39.136|1470.958 -38.247|1466.435 -41.527|1464.261 -90.041|1468.546 -94.745|1471.629 -94.878|1479.207 -95.223|1486.778 -95.568|1494.355 -95.912|1501.926 -96.246|1509.504 -96.591|1517.074 -96.935|1524.624 -97.280|1525.260 -83.247|1525.540 -77.065|1525.742 -72.561
324V 550 RIVERFRONT AV SE,1526.588 -53.858|1519.102 -51.757|1511.608 -49.655|1504.114 -47.554|1496.627 -45.452|1489.133 -43.350|1481.640 -41.249|1474.153 -39.136|1470.958 -38.247|1466.435 -41.527|1464.261 -90.041|1468.546 -94.745|1471.629 -94.878|1479.207 -95.223|1486.778 -95.568|1494.355 -95.912|1501.926 -96.246|1509.504 -96.591|1517.074 -96.935|1524.624 -97.280|1525.260 -83.247|1525.540 -77.065|1525.742 -72.561
325V 550 RIVERFRONT AV SE,1526.588 -53.858|1519.102 -51.757|1511.608 -49.655|1504.114 -47.554|1496.627 -45.452|1489.133 -43.350|1481.640 -41.249|1474.153 -39.136|1470.958 -38.247|1466.435 -41.527|1464.261 -90.041|1468.546 -94.745|1471.629 -94.878|1479.207 -95.223|1486.778 -95.568|1494.355 -95.912|1501.926 -96.246|1509.504 -96.591|1517.074 -96.935|1524.624 -97.280|1525.260 -83.247|1525.540 -77.065|1525.742 -72.561
326V 550 RIVERFRONT AV SE,1526.588 -53.858|1519.102 -51.757|1511.608 -49.655|1504.114 -47.554|1496.627 -45.452|1489.133 -43.350|1481.640 -41.249|1474.153 -39.136|1470.958 -38.247|1466.435 -41.527|1464.261 -90.041|1468.546 -94.745|1471.629 -94.878|1479.207 -95.223|1486.778 -95.568|1494.355 -95.912|1501.926 -96.246|1509.504 -96.591|1517.074 -96.935|1524.624 -97.280|1525.260 -83.247|1525.540 -77.065|1525.742 -72.561
327V 550 RIVERFRONT AV SE,1526.588 -53.858|1519.102 -51.757|1511.608 -49.655|1504.114 -47.554|1496.627 -45.452|1489.133 -43.350|1481.640 -41.249|1474.153 -39.136|1470.958 -38.247|1466.435 -41.527|1464.261 -90.041|1468.546 -94.745|1471.629 -94.878|1479.207 -95.223|1486.778 -95.568|1494.355 -95.912|1501.926 -96.246|1509.504 -96.591|1517.074 -96.935|1524.624 -97.280|1525.260 -83.247|1525.540 -77.065|1525.742 -72.561
328V 550 RIVERFRONT AV SE,1526.588 -53.858|1519.102 -51.757|1511.608 -49.655|1504.114 -47.554|1496.627 -45.452|1489.133 -43.350|1481.640 -41.249|1474.153 -39.136|1470.958 -38.247|1466.435 -41.527|1464.261 -90.041|1468.546 -94.745|1471.629 -94.878|1479.207 -95.223|1486.778 -95.568|1494.355 -95.912|1501.926 -96.246|1509.504 -96.591|1517.074 -96.935|1524.624 -97.280|1525.260 -83.247|1525.540 -77.065|1525.742 -72.561
329V 550 RIVERFRONT AV SE,1526.588 -53.858|1519.102 -51.757|1511.608 -49.655|1504.114 -47.554|1496.627 -45.452|1489.133 -43.350|1481.640 -41.249|1474.153 -39.136|1470.958 -38.247|1466.435 -41.527|1464.261 -90.041|1468.546 -94.745|1471.629 -94.878|1479.207 -95.223|1486.778 -95.568|1494.355 -95.912|1501.926 -96.246|1509.504 -96.591|1517.074 -96.935|1524.624 -97.280|1525.260 -83.247|1525.540 -77.065|1525.742 -72.561
330V 550 RIVERFRONT AV SE,1526.588 -53.858|1519.102 -51.757|1511.608 -49.655|1504.114 -47.554|1496.627 -45.452|1489.133 -43.350|1481.640 -41.249|1474.153 -39.136|1470.958 -38.247|1466.435 -41.527|1464.261 -90.041|1468.546 -94.745|1471.629 -94.878|1479.207 -95.223|1486.778 -95.568|1494.355 -95.912|1501.926 -96.246|1509.504 -96.591|1517.074 -96.935|1524.624 -97.280|1525.260 -83.247|1525.540 -77.065|1525.742 -72.561
331V 550 RIVERFRONT AV SE,1526.588 -53.858|1519.102 -51.757|1511.608 -49.655|1504.114 -47.554|1496.627 -45.452|1489.133 -43.350|1481.640 -41.249|1474.153 -39.136|1470.958 -38.247|1466.435 -41.527|1464.261 -90.041|1468.546 -94.745|1471.629 -94.878|1479.207 -95.223|1486.778 -95.568|1494.355 -95.912|1501.926 -96.246|1509.504 -96.591|1517.074 -96.935|1524.624 -97.280|1525.260 -83.247|1525.540 -77.065|1525.742 -72.561
332V 550 RIVERFRONT AV SE,1526.588 -53.858|1519.102 -51.757|1511.608 -49.655|1504.114 -47.554|1496.627 -45.452|1489.133 -43.350|1481.640 -41.249|1474.153 -39.136|1470.958 -38.247|1466.435 -41.527|1464.261 -90.041|1468.546 -94.745|1471.629 -94.878|1479.207 -95.223|1486.778 -95.568|1494.355 -95.912|1501.926 -96.246|1509.504 -96.591|1517.074 -96.935|1524.624 -97.280|1525.260 -83.247|1525.540 -77.065|1525.742 -72.561
333V 550 RIVERFRONT AV SE,1526.588 -53.858|1519.102 -51.757|1511.608 -49.655|1504.114 -47.554|1496.627 -45.452|1489.133 -43.350|1481.640 -41.249|1474.153 -39.136|1470.958 -38.247|1466.435 -41.527|1464.261 -90.041|1468.546 -94.745|1471.629 -94.878|1479.207 -95.223|1486.778 -95.568|1494.355 -95.912|1501.926 -96.246|1509.504 -96.591|1517.074 -96.935|1524.624 -97.280|1525.260 -83.247|1525.540 -77.065|1525.742 -72.561
334V 550 RIVERFRONT AV SE,1526.588 -53.858|1519.102 -51.757|1511.608 -49.655|1504.114 -47.554|1496.627 -45.452|1489.133 -43.350|1481.640 -41.249|1474.153 -39.136|1470.958 -38.247|1466.435 -41.527|1464.261 -90.041|1468.546 -94.745|1471.629 -94.878|1479.207 -95.223|1486.778 -95.568|1494.355 -95.912|1501.926 -96.246|1509.504 -96.591|1517.074 -96.935|1524.624 -97.280|1525.260 -83.247|1525.540 -77.065|1525.742 -72.561
335V 550 RIVERFRONT AV SE,1526.588 -53.858|1519.102 -51.757|1511.608 -49.655|1504.114 -47.554|1496.627 -45.452|1489.133 -43.350|1481.640 -41.249|1474.153 -39.136|1470.958 -38.247|1466.435 -41.527|1464.261 -90.041|1468.546 -94.745|1471.629 -94.878|1479.207 -95.223|1486.778 -95.568|1494.355 -95.912|1501.926 -96.246|1509.504 -96.591|1517.074 -96.935|1524.624 -97.280|1525.260 -83.247|1525.540 -77.065|1525.742 -72.561
336V 550 RIVERFRONT AV SE,1526.588 -53.858|1519.102 -51.757|1511.608 -49.655|1504.114 -47.554|1496.627 -45.452|1489.133 -43.350|1481.640 -41.249|1474.153 -39.136|1470.958 -38.247|1466.435 -41.527|1464.261 -90.041|1468.546 -94.745|1471.629 -94.878|1479.207 -95.223|1486.778 -95.568|1494.355 -95.912|1501.926 -96.246|1509.504 -96.591|1517.074 -96.935|1524.624 -97.280|1525.260 -83.247|1525.540 -77.065|1525.742 -72.561
337V 550 RIVERFRONT AV SE,1526.588 -53.858|1519.102 -51.757|1511.608 -49.655|1504.114 -47.554|1496.627 -45.452|1489.133 -43.350|1481.640 -41.249|1474.153 -39.136|1470.958 -38.247|1466.435 -41.527|1464.261 -90.041|1468.546 -94.745|1471.629 -94.878|1479.207 -95.223|1486.778 -95.568|1494.355 -95.912|1501.926 -96.246|1509.504 -96.591|1517.074 -96.935|1524.624 -97.280|1525.260 -83.247|1525.540 -77.065|1525.742 -72.561
338V 550 RIVERFRONT AV SE,1526.588 -53.858|1519.102 -51.757|1511.608 -49.655|1504.114 -47.554|1496.627 -45.452|1489.133 -43.350|1481.640 -41.249|1474.153 -39.136|1470.958 -38.247|1466.435 -41.527|1464.261 -90.041|1468.546 -94.745|1471.629 -94.878|1479.207 -95.223|1486.778 -95.568|1494.355 -95.912|1501.926 -96.246|1509.504 -96.591|1517.074 -96.935|1524.624 -97.280|1525.260 -83.247|1525.540 -77.065|1525.742 -72.561
339V 550 RIVERFRONT AV SE,1526.588 -53.858|1519.102 -51.757|1511.608 -49.655|1504.114 -47.554|1496.627 -45.452|1489.133 -43.350|1481.640 -41.249|1474.153 -39.136|1470.958 -38.247|1466.435 -41.527|1464.261 -90.041|1468.546 -94.745|1471.629 -94.878|1479.207 -95.223|1486.778 -95.568|1494.355 -95.912|1501.926 -96.246|1509.504 -96.591|1517.074 -96.935|1524.624 -97.280|1525.260 -83.247|1525.540 -77.065|1525.742 -72.561
340V 550 RIVERFRONT AV SE,1526.588 -53.858|1519.102 -51.757|1511.608 -49.655|1504.114 -47.554|1496.627 -45.452|1489.133 -43.350|1481.640 -41.249|1474.153 -39.136|1470.958 -38.247|1466.435 -41.527|1464.261 -90.041|1468.546 -94.745|1471.629 -94.878|1479.207 -95.223|1486.778 -95.568|1494.355 -95.912|1501.926 -96.246|1509.504 -96.591|1517.074 -96.935|1524.624 -97.280|1525.260 -83.247|1525.540 -77.065|1525.742 -72.561
341V 550 RIVERFRONT AV SE,1526.588 -53.858|1519.102 -51.757|1511.608 -49.655|1504.114 -47.554|1496.627 -45.452|1489.133 -43.350|1481.640 -41.249|1474.153 -39.136|1470.958 -38.247|1466.435 -41.527|1464.261 -90.041|1468.546 -94.745|1471.629 -94.878|1479.207 -95.223|1486.778 -95.568|1494.355 -95.912|1501.926 -96.246|1509.504 -96.591|1517.074 -96.935|1524.624 -97.280|1525.260 -83.247|1525.540 -77.065|1525.742 -72.561
342V 550 RIVERFRONT AV SE,1526.588 -53.858|1519.102 -51.757|1511.608 -49.655|1504.114 -47.554|1496.627 -45.452|1489.133 -43.350|1481.640 -41.249|1474.153 -39.136|1470.958 -38.247|1466.435 -41.527|1464.261 -90.041|1468.546 -94.745|1471.629 -94.878|1479.207 -95.223|1486.778 -95.568|1494.355 -95.912|1501.926 -96.246|1509.504 -96.591|1517.074 -96.935|1524.624 -97.280|1525.260 -83.247|1525.540 -77.065|1525.742 -72.561
343V 550 RIVERFRONT AV SE,1526.588 -53.858|1519.102 -51.757|1511.608 -49.655|1504.114 -47.554|1496.627 -45.452|1489.133 -43.350|1481.640 -41.249|1474.153 -39.136|1470.958 -38.247|1466.435 -41.527|1464.261 -90.041|1468.546 -94.745|1471.629 -94.878|1479.207 -95.223|1486.778 -95.568|1494.355 -95.912|1501.926 -96.246|1509.504 -96.591|1517.074 -96.935|1524.624 -97.280|1525.260 -83.247|1525.540 -77.065|1525.742 -72.561
344V 550 RIVERFRONT AV SE,1526.588 -53.858|1519.102 -51.757|1511.608 -49.655|1504.114 -47.554|1496.627 -45.452|1489.133 -43.350|1481.640 -41.249|1474.153 -39.136|1470.958 -38.247|1466.435 -41.527|1464.261 -90.041|1468.546 -94.745|1471.629 -94.878|1479.207 -95.223|1486.778 -95.568|1494.355 -95.912|1501.926 -96.246|1509.504 -96.591|1517.074 -96.935|1524.624 -97.280|1525.260 -83.247|1525.540 -77.065|1525.742 -72.561
345V 550 RIVERFRONT AV SE,1526.588 -53.858|1519.102 -51.757|1511.608 -49.655|1504.114 -47.554|1496.627 -45.452|1489.133 -43.350|1481.640 -41.249|1474.153 -39.136|1470.958 -38.247|1466.435 -41.527|1464.261 -90.041|1468.546 -94.745|1471.629 -94.878|1479.207 -95.223|1486.778 -95.568|1494.355 -95.912|1501.926 -96.246|1509.504 -96.591|1517.074 -96.935|1524.624 -97.280|1525.260 -83.247|1525.540 -77.065|1525.742 -72.561
346V 550 RIVERFRONT AV SE,1526.588 -53.858|1519.102 -51.757|1511.608 -49.655|1504.114 -47.554|1496.627 -45.452|1489.133 -43.350|1481.640 -41.249|1474.153 -39.136|1470.958 -38.247|1466.435 -41.527|1464.261 -90.041|1468.546 -94.745|1471.629 -94.878|1479.207 -95.223|1486.778 -95.568|1494.355 -95.912|1501.926 -96.246|1509.504 -96.591|1517.074 -96.935|1524.624 -97.280|1525.260 -83.247|1525.540 -77.065|1525.742 -72.561
347V 550 RIVERFRONT AV SE,1526.588 -53.858|1519.102 -51.757|1511.608 -49.655|1504.114 -47.554|1496.627 -45.452|1489.133 -43.350|1481.640 -41.249|1474.153 -39.136|1470.958 -38.247|1466.435 -41.527|1464.261 -90.041|1468.546 -94.745|1471.629 -94.878|1479.207 -95.223|1486.778 -95.568|1494.355 -95.912|1501.926 -96.246|1509.504 -96.591|1517.074 -96.935|1524.624 -97.280|1525.260 -83.247|1525.540 -77.065|1525.742 -72.561
348V 550 RIVERFRONT AV SE,1526.588 -53.858|1519.102 -51.757|1511.608 -49.655|1504.114 -47.554|1496.627 -45.452|1489.133 -43.350|1481.640 -41.249|1474.153 -39.136|1470.958 -38.247|1466.435 -41.527|1464.261 -90.041|1468.546 -94.745|1471.629 -94.878|1479.207 -95.223|1486.778 -95.568|1494.355 -95.912|1501.926 -96.246|1509.504 -96.591|1517.074 -96.935|1524.624 -97.280|1525.260 -83.247|1525.540 -77.065|1525.742 -72.561
349V 550 RIVERFRONT AV SE,1526.588 -53.858|1519.102 -51.757|1511.608 -49.655|1504.114 -47.554|1496.627 -45.452|1489.133 -43.350|1481.640 -41.249|1474.153 -39.136|1470.958 -38.247|1466.435 -41.527|1464.261 -90.041|1468.546 -94.745|1471.629 -94.878|1479.207 -95.223|1486.778 -95.568|1494.355 -95.912|1501.926 -96.246|1509.504 -96.591|1517.074 -96.935|1524.624 -97.280|1525.260 -83.247|1525.540 -77.065|1525.742 -72.561
350V 550 RIVERFRONT AV SE,1526.588 -53.858|1519.102 -51.757|1511.608 -49.655|1504.114 -47.554|1496.627 -45.452|1489.133 -43.350|1481.640 -41.249|1474.153 -39.136|1470.958 -38.247|1466.435 -41.527|1464.261 -90.041|1468.546 -94.745|1471.629 -94.878|1479.207 -95.223|1486.778 -95.568|1494.355 -95.912|1501.926 -96.246|1509.504 -96.591|1517.074 -96.935|1524.624 -97.280|1525.260 -83.247|1525.540 -77.065|1525.742 -72.561
351V 550 RIVERFRONT AV SE,1526.588 -53.858|1519.102 -51.757|1511.608 -49.655|1504.114 -47.554|1496.627 -45.452|1489.133 -43.350|1481.640 -41.249|1474.153 -39.136|1470.958 -38.247|1466.435 -41.527|1464.261 -90.041|1468.546 -94.745|1471.629 -94.878|1479.207 -95.223|1486.778 -95.568|1494.355 -95.912|1501.926 -96.246|1509.504 -96.591|1517.074 -96.935|1524.624 -97.280|1525.260 -83.247|1525.540 -77.065|1525.742 -72.561
352V 550 RIVERFRONT AV SE,1526.588 -53.858|1519.102 -51.757|1511.608 -49.655|1504.114 -47.554|1496.627 -45.452|1489.133 -43.350|1481.640 -41.249|1474.153 -39.136|1470.958 -38.247|1466.435 -41.527|1464.261 -90.041|1468.546 -94.745|1471.629 -94.878|1479.207 -95.223|1486.778 -95.568|1494.355 -95.912|1501.926 -96.246|1509.504 -96.591|1517.074 -96.935|1524.624 -97.280|1525.260 -83.247|1525.540 -77.065|1525.742 -72.561
353V 550 RIVERFRONT AV SE,1526.588 -53.858|1519.102 -51.757|1511.608 -49.655|1504.114 -47.554|1496.627 -45.452|1489.133 -43.350|1481.640 -41.249|1474.153 -39.136|1470.958 -38.247|1466.435 -41.527|1464.261 -90.041|1468.546 -94.745|1471.629 -94.878|1479.207 -95.223|1486.778 -95.568|1494.355 -95.912|1501.926 -96.246|1509.504 -96.591|1517.074 -96.935|1524.624 -97.280|1525.260 -83.247|1525.540 -77.065|1525.742 -72.561
354V 550 RIVERFRONT AV SE,1526.588 -53.858|1519.102 -51.757|1511.608 -49.655|1504.114 -47.554|1496.627 -45.452|1489.133 -43.350|1481.640 -41.249|1474.153 -39.136|1470.958 -38.247|1466.435 -41.527|1464.261 -90.041|1468.546 -94.745|1471.629 -94.878|1479.207 -95.223|1486.778 -95.568|1494.355 -95.912|1501.926 -96.246|1509.504 -96.591|1517.074 -96.935|1524.624 -97.280|1525.260 -83.247|1525.540 -77.065|1525.742 -72.561
355V 550 RIVERFRONT AV SE,1526.588 -53.858|1519.102 -51.757|1511.608 -49.655|1504.114 -47.554|1496.627 -45.452|1489.133 -43.350|1481.640 -41.249|1474.153 -39.136|1470.958 -38.247|1466.435 -41.527|1464.261 -90.041|1468.546 -94.745|1471.629 -94.878|1479.207 -95.223|1486.778 -95.568|1494.355 -95.912|1501.926 -96.246|1509.504 -96.591|1517.074 -96.935|1524.624 -97.280|1525.260 -83.247|1525.540 -77.065|1525.742 -72.561
356V 550 RIVERFRONT AV SE,1526.588 -53.858|1519.102 -51.757|1511.608 -49.655|1504.114 -47.554|1496.627 -45.452|1489.133 -43.350|1481.640 -41.249|1474.153 -39.136|1470.958 -38.247|1466.435 -41.527|1464.261 -90.041|1468.546 -94.745|1471.629 -94.878|1479.207 -95.223|1486.778 -95.568|1494.355 -95.912|1501.926 -96.246|1509.504 -96.591|1517.074 -96.935|1524.624 -97.280|1525.260 -83.247|1525.540 -77.065|1525.742 -72.561
357V 550 RIVERFRONT AV SE,1526.588 -53.858|1519.102 -51.757|1511.608 -49.655|1504.114 -47.554|1496.627 -45.452|1489.133 -43.350|1481.640 -41.249|1474.153 -39.136|1470.958 -38.247|1466.435 -41.527|1464.261 -90.041|1468.546 -94.745|1471.629 -94.878|1479.207 -95.223|1486.778 -95.568|1494.355 -95.912|1501.926 -96.246|1509.504 -96.591|1517.074 -96.935|1524.624 -97.280|1525.260 -83.247|1525.540 -77.065|1525.742 -72.561
358V 550 RIVERFRONT AV SE,1526.588 -53.858|1519.102 -51.757|1511.608 -49.655|1504.114 -47.554|1496.627 -45.452|1489.133 -43.350|1481.640 -41.249|1474.153 -39.136|1470.958 -38.247|1466.435 -41.527|1464.261 -90.041|1468.546 -94.745|1471.629 -94.878|1479.207 -95.223|1486.778 -95.568|1494.355 -95.912|1501.926 -96.246|1509.504 -96.591|1517.074 -96.935|1524.624 -97.280|1525.260 -83.247|1525.540 -77.065|1525.742 -72.561
359V 550 RIVERFRONT AV SE,1526.588 -53.858|1519.102 -51.757|1511.608 -49.655|1504.114 -47.554|1496.627 -45.452|1489.133 -43.350|1481.640 -41.249|1474.153 -39.136|1470.958 -38.247|1466.435 -41.527|1464.261 -90.041|1468.546 -94.745|1471.629 -94.878|1479.207 -95.223|1486.778 -95.568|1494.355 -95.912|1501.926 -96.246|1509.504 -96.591|1517.074 -96.935|1524.624 -97.280|1525.260 -83.247|1525.540 -77.065|1525.742 -72.561
360V 550 RIVERFRONT AV SE,1526.588 -53.858|1519.102 -51.757|1511.608 -49.655|1504.114 -47.554|1496.627 -45.452|1489.133 -43.350|1481.640 -41.249|1474.153 -39.136|1470.958 -38.247|1466.435 -41.527|1464.261 -90.041|1468.546 -94.745|1471.629 -94.878|1479.207 -95.223|1486.778 -95.568|1494.355 -95.912|1501.926 -96.246|1509.504 -96.591|1517.074 -96.935|1524.624 -97.280|1525.260 -83.247|1525.540 -77.065|1525.742 -72.561
361V 550 RIVERFRONT AV SE,1526.588 -53.858|1519.102 -51.757|1511.608 -49.655|1504.114 -47.554|1496.627 -45.452|1489.133 -43.350|1481.640 -41.249|1474.153 -39.136|1470.958 -38.247|1466.435 -41.527|1464.261 -90.041|1468.546 -94.745|1471.629 -94.878|1479.207 -95.223|1486.778 -95.568|1494.355 -95.912|1501.926 -96.246|1509.504 -96.591|1517.074 -96.935|1524.624 -97.280|1525.260 -83.247|1525.540 -77.065|1525.742 -72.561
362V 550 RIVERFRONT AV SE,1526.588 -53.858|1519.102 -51.757|1511.608 -49.655|1504.114 -47.554|1496.627 -45.452|1489.133 -43.350|1481.640 -41.249|1474.153 -39.136|1470.958 -38.247|1466.435 -41.527|1464.261 -90.041|1468.546 -94.745|1471.629 -94.878|1479.207 -95.223|1486.778 -95.568|1494.355 -95.912|1501.926 -96.246|1509.504 -96.591|1517.074 -96.935|1524.624 -97.280|1525.260 -83.247|1525.540 -77.065|1525.742 -72.561
363V 550 RIVERFRONT AV SE,1526.588 -53.858|1519.102 -51.757|1511.608 -49.655|1504.114 -47.554|1496.627 -45.452|1489.133 -43.350|1481.640 -41.249|1474.153 -39.136|1470.958 -38.247|1466.435 -41.527|1464.261 -90.041|1468.546 -94.745|1471.629 -94.878|1479.207 -95.223|1486.778 -95.568|1494.355 -95.912|1501.926 -96.246|1509.504 -96.591|1517.074 -96.935|1524.624 -97.280|1525.260 -83.247|1525.540 -77.065|1525.742 -72.561
364V 550 RIVERFRONT AV SE,1526.588 -53.858|1519.102 -51.757|1511.608 -49.655|1504.114 -47.554|1496.627 -45.452|1489.133 -43.350|1481.640 -41.249|1474.153 -39.136|1470.958 -38.247|1466.435 -41.527|1464.261 -90.041|1468.546 -94.745|1471.629 -94.878|1479.207 -95.223|1486.778 -95.568|1494.355 -95.912|1501.926 -96.246|1509.504 -96.591|1517.074 -96.935|1524.624 -97.280|1525.260 -83.247|1525.540 -77.065|1525.742 -72.561
365V 550 RIVERFRONT AV SE,1526.588 -53.858|1519.102 -51.757|1511.608 -49.655|1504.114 -47.554|1496.627 -45.452|1489.133 -43.350|1481.640 -41.249|1474.153 -39.136|1470.958 -38.247|1466.435 -41.527|1464.261 -90.041|1468.546 -94.745|1471.629 -94.878|1479.207 -95.223|1486.778 -95.568|1494.355 -95.912|1501.926 -96.246|1509.504 -96.591|1517.074 -96.935|1524.624 -97.280|1525.260 -83.247|1525.540 -77.065|1525.742 -72.561
366V 550 RIVERFRONT AV SE,1526.588 -53.858|1519.102 -51.757|1511.608 -49.655|1504.114 -47.554|1496.627 -45.452|1489.133 -43.350|1481.640 -41.249|1474.153 -39.136|1470.958 -38.247|1466.435 -41.527|1464.261 -90.041|1468.546 -94.745|1471.629 -94.878|1479.207 -95.223|1486.778 -95.568|1494.355 -95.912|1501.926 -96.246|1509.504 -96.591|1517.074 -96.935|1524.624 -97.280|1525.260 -83.247|1525.540 -77.065|1525.742 -72.561
367V 550 RIVERFRONT AV SE,1526.588 -53.858|1519.102 -51.757|1511.608 -49.655|1504.114 -47.554|1496.627 -45.452|1489.133 -43.350|1481.640 -41.249|1474.153 -39.136|1470.958 -38.247|1466.435 -41.527|1464.261 -90.041|1468.546 -94.745|1471.629 -94.878|1479.207 -95.223|1486.778 -95.568|1494.355 -95.912|1501.926 -96.246|1509.504 -96.591|1517.074 -96.935|1524.624 -97.280|1525.260 -83.247|1525.540 -77.065|1525.742 -72.561
368V 550 RIVERFRONT AV SE,1526.588 -53.858|1519.102 -51.757|1511.608 -49.655|1504.114 -47.554|1496.627 -45.452|1489.133 -43.350|1481.640 -41.249|1474.153 -39.136|1470.958 -38.247|1466.435 -41.527|1464.261 -90.041|1468.546 -94.745|1471.629 -94.878|1479.207 -95.223|1486.778 -95.568|1494.355 -95.912|1501.926 -96.246|1509.504 -96.591|1517.074 -96.935|1524.624 -97.280|1525.260 -83.247|1525.540 -77.065|1525.742 -72.561
369V 550 RIVERFRONT AV SE,1526.588 -53.858|1519.102 -51.757|1511.608 -49.655|1504.114 -47.554|1496.627 -45.452|1489.133 -43.350|1481.640 -41.249|1474.153 -39.136|1470.958 -38.247|1466.435 -41.527|1464.261 -90.041|1468.546 -94.745|1471.629 -94.878|1479.207 -95.223|1486.778 -95.568|1494.355 -95.912|1501.926 -96.246|1509.504 -96.591|1517.074 -96.935|1524.624 -97.280|1525.260 -83.247|1525.540 -77.065|1525.742 -72.561
370V 550 RIVERFRONT AV SE,1526.588 -53.858|1519.102 -51.757|1511.608 -49.655|1504.114 -47.554|1496.627 -45.452|1489.133 -43.350|1481.640 -41.249|1474.153 -39.136|1470.958 -38.247|1466.435 -41.527|1464.261 -90.041|1468.546 -94.745|1471.629 -94.878|1479.207 -95.223|1486.778 -95.568|1494.355 -95.912|1501.926 -96.246|1509.504 -96.591|1517.074 -96.935|1524.624 -97.280|1525.260 -83.247|1525.540 -77.065|1525.742 -72.561
371V 550 RIVERFRONT AV SE,1526.588 -53.858|1519.102 -51.757|1511.608 -49.655|1504.114 -47.554|1496.627 -45.452|1489.133 -43.350|1481.640 -41.249|1474.153 -39.136|1470.958 -38.247|1466.435 -41.527|1464.261 -90.041|1468.546 -94.745|1471.629 -94.878|1479.207 -95.223|1486.778 -95.568|1494.355 -95.912|1501.926 -96.246|1509.504 -96.591|1517.074 -96.935|1524.624 -97.280|1525.260 -83.247|1525.540 -77.065|1525.742 -72.561
372V 550 RIVERFRONT AV SE,1526.588 -53.858|1519.102 -51.757|1511.608 -49.655|1504.114 -47.554|1496.627 -45.452|1489.133 -43.350|1481.640 -41.249|1474.153 -39.136|1470.958 -38.247|1466.435 -41.527|1464.261 -90.041|1468.546 -94.745|1471.629 -94.878|1479.207 -95.223|1486.778 -95.568|1494.355 -95.912|1501.926 -96.246|1509.504 -96.591|1517.074 -96.935|1524.624 -97.280|1525.260 -83.247|1525.540 -77.065|1525.742 -72.561
373V 550 RIVERFRONT AV SE,1526.588 -53.858|1519.102 -51.757|1511.608 -49.655|1504.114 -47.554|1496.627 -45.452|1489.133 -43.350|1481.640 -41.249|1474.153 -39.136|1470.958 -38.247|1466.435 -41.527|1464.261 -90.041|1468.546 -94.745|1471.629 -94.878|1479.207 -95.223|1486.778 -95.568|1494.355 -95.912|1501.926 -96.246|1509.504 -96.591|1517.074 -96.935|1524.624 -97.280|1525.260 -83.247|1525.540 -77.065|1525.742 -72.561
374V 550 RIVERFRONT AV SE,1526.588 -53.858|1519.102 -51.757|1511.608 -49.655|1504.114 -47.554|1496.627 -45.452|1489.133 -43.350|1481.640 -41.249|1474.153 -39.136|1470.958 -38.247|1466.435 -41.527|1464.261 -90.041|1468.546 -94.745|1471.629 -94.878|1479.207 -95.223|1486.778 -95.568|1494.355 -95.912|1501.926 -96.246|1509.504 -96.591|1517.074 -96.935|1524.624 -97.280|1525.260 -83.247|1525.540 -77.065|1525.742 -72.561
375V 550 RIVERFRONT AV SE,1526.588 -53.858|1519.102 -51.757|1511.608 -49.655|1504.114 -47.554|1496.627 -45.452|1489.133 -43.350|1481.640 -41.249|1474.153 -39.136|1470.958 -38.247|1466.435 -41.527|1464.261 -90.041|1468.546 -94.745|1471.629 -94.878|1479.207 -95.223|1486.778 -95.568|1494.355 -95.912|1501.926 -96.246|1509.504 -96.591|1517.074 -96.935|1524.624 -97.280|1525.260 -83.247|1525.540 -77.065|1525.742 -72.561
376V 550 RIVERFRONT AV SE,1526.588 -53.858|1519.102 -51.757|1511.608 -49.655|1504.114 -47.554|1496.627 -45.452|1489.133 -43.350|1481.640 -41.249|1474.153 -39.136|1470.958 -38.247|1466.435 -41.527|1464.261 -90.041|1468.546 -94.745|1471.629 -94.878|1479.207 -95.223|1486.778 -95.568|1494.355 -95.912|1501.926 -96.246|1509.504 -96.591|1517.074 -96.935|1524.624 -97.280|1525.260 -83.247|1525.540 -77.065|1525.742 -72.561
377V 550 RIVERFRONT AV SE,1526.588 -53.858|1519.102 -51.757|1511.608 -49.655|1504.114 -47.554|1496.627 -45.452|1489.133 -43.350|1481.640 -41.249|1474.153 -39.136|1470.958 -38.247|1466.435 -41.527|1464.261 -90.041|1468.546 -94.745|1471.629 -94.878|1479.207 -95.223|1486.778 -95.568|1494.355 -95.912|1501.926 -96.246|1509.504 -96.591|1517.074 -96.935|1524.624 -97.280|1525.260 -83.247|1525.540 -77.065|1525.742 -72.561
378V 550 RIVERFRONT AV SE,1526.588 -53.858|1519.102 -51.757|1511.608 -49.655|1504.114 -47.554|1496.627 -45.452|1489.133 -43.350|1481.640 -41.249|1474.153 -39.136|1470.958 -38.247|1466.435 -41.527|1464.261 -90.041|1468.546 -94.745|1471.629 -94.878|1479.207 -95.223|1486.778 -95.568|1494.355 -95.912|1501.926 -96.246|1509.504 -96.591|1517.074 -96.935|1524.624 -97.280|1525.260 -83.247|1525.540 -77.065|1525.742 -72.561
379V 550 RIVERFRONT AV SE,1526.588 -53.858|1519.102 -51.757|1511.608 -49.655|1504.114 -47.554|1496.627 -45.452|1489.133 -43.350|1481.640 -41.249|1474.153 -39.136|1470.958 -38.247|1466.435 -41.527|1464.261 -90.041|1468.546 -94.745|1471.629 -94.878|1479.207 -95.223|1486.778 -95.568|1494.355 -95.912|1501.926 -96.246|1509.504 -96.591|1517.074 -96.935|1524.624 -97.280|1525.260 -83.247|1525.540 -77.065|1525.742 -72.561
380V 550 RIVERFRONT AV SE,1526.588 -53.858|1519.102 -51.757|1511.608 -49.655|1504.114 -47.554|1496.627 -45.452|1489.133 -43.350|1481.640 -41.249|1474.153 -39.136|1470.958 -38.247|1466.435 -41.527|1464.261 -90.041|1468.546 -94.745|1471.629 -94.878|1479.207 -95.223|1486.778 -95.568|1494.355 -95.912|1501.926 -96.246|1509.504 -96.591|1517.074 -96.935|1524.624 -97.280|1525.260 -83.247|1525.540 -77.065|1525.742 -72.561
381V 550 RIVERFRONT AV SE,1526.588 -53.858|1519.102 -51.757|1511.608 -49.655|1504.114 -47.554|1496.627 -45.452|1489.133 -43.350|1481.640 -41.249|1474.153 -39.136|1470.958 -38.247|1466.435 -41.527|1464.261 -90.041|1468.546 -94.745|1471.629 -94.878|1479.207 -95.223|1486.778 -95.568|1494.355 -95.912|1501.926 -96.246|1509.504 -96.591|1517.074 -96.935|1524.624 -97.280|1525.260 -83.247|1525.540 -77.065|1525.742 -72.561
382V 550 RIVERFRONT AV SE,1526.588 -53.858|1519.102 -51.757|1511.608 -49.655|1504.114 -47.554|1496.627 -45.452|1489.133 -43.350|1481.640 -41.249|1474.153 -39.136|1470.958 -38.247|1466.435 -41.527|1464.261 -90.041|1468.546 -94.745|1471.629 -94.878|1479.207 -95.223|1486.778 -95.568|1494.355 -95.912|1501.926 -96.246|1509.504 -96.591|1517.074 -96.935|1524.624 -97.280|1525.260 -83.247|1525.540 -77.065|1525.742 -72.561
383V 550 RIVERFRONT AV SE,1526.588 -53.858|1519.102 -51.757|1511.608 -49.655|1504.114 -47.554|1496.627 -45.452|1489.133 -43.350|1481.640 -41.249|1474.153 -39.136|1470.958 -38.247|1466.435 -41.527|1464.261 -90.041|1468.546 -94.745|1471.629 -94.878|1479.207 -95.223|1486.778 -95.568|1494.355 -95.912|1501.926 -96.246|1509.504 -96.591|1517.074 -96.935|1524.624 -97.280|1525.260 -83.247|1525.540 -77.065|1525.742 -72.561
384V 550 RIVERFRONT AV SE,1526.588 -53.858|1519.102 -51.757|1511.608 -49.655|1504.114 -47.554|1496.627 -45.452|1489.133 -43.350|1481.640 -41.249|1474.153 -39.136|1470.958 -38.247|1466.435 -41.527|1464.261 -90.041|1468.546 -94.745|1471.629 -94.878|1479.207 -95.223|1486.778 -95.568|1494.355 -95.912|1501.926 -96.246|1509.504 -96.591|1517.074 -96.935|1524.624 -97.280|1525.260 -83.247|1525.540 -77.065|1525.742 -72.561
385V 550 RIVERFRONT AV SE,1526.588 -53.858|1519.102 -51.757|1511.608 -49.655|1504.114 -47.554|1496.627 -45.452|1489.133 -43.350|1481.640 -41.249|1474.153 -39.136|1470.958 -38.247|1466.435 -41.527|1464.261 -90.041|1468.546 -94.745|1471.629 -94.878|1479.207 -95.223|1486.778 -95.568|1494.355 -95.912|1501.926 -96.246|1509.504 -96.591|1517.074 -96.935|1524.624 -97.280|1525.260 -83.247|1525.540 -77.065|1525.742 -72.561
386V 550 RIVERFRONT AV SE,1526.588 -53.858|1519.102 -51.757|1511.608 -49.655|1504.114 -47.554|1496.627 -45.452|1489.133 -43.350|1481.640 -41.249|1474.153 -39.136|1470.958 -38.247|1466.435 -41.527|1464.261 -90.041|1468.546 -94.745|1471.629 -94.878|1479.207 -95.223|1486.778 -95.568|1494.355 -95.912|1501.926 -96.246|1509.504 -96.591|1517.074 -96.935|1524.624 -97.280|1525.260 -83.247|1525.540 -77.065|1525.742 -72.561
387V 550 RIVERFRONT AV SE,1526.588 -53.858|1519.102 -51.757|1511.608 -49.655|1504.114 -47.554|1496.627 -45.452|1489.133 -43.350|1481.640 -41.249|1474.153 -39.136|1470.958 -38.247|1466.435 -41.527|1464.261 -90.041|1468.546 -94.745|1471.629 -94.878|1479.207 -95.223|1486.778 -95.568|1494.355 -95.912|1501.926 -96.246|1509.504 -96.591|1517.074 -96.935|1524.624 -97.280|1525.260 -83.247|1525.540 -77.065|1525.742 -72.561
388V 550 RIVERFRONT AV SE,1526.588 -53.858|1519.102 -51.757|1511.608 -49.655|1504.114 -47.554|1496.627 -45.452|1489.133 -43.350|1481.640 -41.249|1474.153 -39.136|1470.958 -38.247|1466.435 -41.527|1464.261 -90.041|1468.546 -94.745|1471.629 -94.878|1479.207 -95.223|1486.778 -95.568|1494.355 -95.912|1501.926 -96.246|1509.504 -96.591|1517.074 -96.935|1524.624 -97.280|1525.260 -83.247|1525.540 -77.065|1525.742 -72.561
389V 550 RIVERFRONT AV SE,1526.588 -53.858|1519.102 -51.757|1511.608 -49.655|1504.114 -47.554|1496.627 -45.452|1489.133 -43.350|1481.640 -41.249|1474.153 -39.136|1470.958 -38.247|1466.435 -41.527|1464.261 -90.041|1468.546 -94.745|1471.629 -94.878|1479.207 -95.223|1486.778 -95.568|1494.355 -95.912|1501.926 -96.246|1509.504 -96.591|1517.074 -96.935|1524.624 -97.280|1525.260 -83.247|1525.540 -77.065|1525.742 -72.561
390V 550 RIVERFRONT AV SE,1526.588 -53.858|1519.102 -51.757|1511.608 -49.655|1504.114 -47.554|1496.627 -45.452|1489.133 -43.350|1481.640 -41.249|1474.153 -39.136|1470.958 -38.247|1466.435 -41.527|1464.261 -90.041|1468.546 -94.745|1471.629 -94.878|1479.207 -95.223|1486.778 -95.568|1494.355 -95.912|1501.926 -96.246|1509.504 -96.591|1517.074 -96.935|1524.624 -97.280|1525.260 -83.247|1525.540 -77.065|1525.742 -72.561
391V 550 RIVERFRONT AV SE,1526.588 -53.858|1519.102 -51.757|1511.608 -49.655|1504.114 -47.554|1496.627 -45.452|1489.133 -43.350|1481.640 -41.249|1474.153 -39.136|1470.958 -38.247|1466.435 -41.527|1464.261 -90.041|1468.546 -94.745|1471.629 -94.878|1479.207 -95.223|1486.778 -95.568|1494.355 -95.912|1501.926 -96.246|1509.504 -96.591|1517.074 -96.935|1524.624 -97.280|1525.260 -83.247|1525.540 -77.065|1525.742 -72.561
392V 550 RIVERFRONT AV SE,1526.588 -53.858|1519.102 -51.757|1511.608 -49.655|1504.114 -47.554|1496.627 -45.452|1489.133 -43.350|1481.640 -41.249|1474.153 -39.136|1470.958 -38.247|1466.435 -41.527|1464.261 -90.041|1468.546 -94.745|1471.629 -94.878|1479.207 -95.223|1486.778 -95.568|1494.355 -95.912|1501.926 -96.246|1509.504 -96.591|1517.074 -96.935|1524.624 -97.280|1525.260 -83.247|1525.540 -77.065|1525.742 -72.561
393V 550 RIVERFRONT AV SE,1526.588 -53.858|1519.102 -51.757|1511.608 -49.655|1504.114 -47.554|1496.627 -45.452|1489.133 -43.350|1481.640 -41.249|1474.153 -39.136|1470.958 -38.247|1466.435 -41.527|1464.261 -90.041|1468.546 -94.745|1471.629 -94.878|1479.207 -95.223|1486.778 -95.568|1494.355 -95.912|1501.926 -96.246|1509.504 -96.591|1517.074 -96.935|1524.624 -97.280|1525.260 -83.247|1525.540 -77.065|1525.742 -72.561
394V 550 RIVERFRONT AV SE,1526.588 -53.858|1519.102 -51.757|1511.608 -49.655|1504.114 -47.554|1496.627 -45.452|1489.133 -43.350|1481.640 -41.249|1474.153 -39.136|1470.958 -38.247|1466.435 -41.527|1464.261 -90.041|1468.546 -94.745|1471.629 -94.878|1479.207 -95.223|1486.778 -95.568|1494.355 -95.912|1501.926 -96.246|1509.504 -96.591|1517.074 -96.935|1524.624 -97.280|1525.260 -83.247|1525.540 -77.065|1525.742 -72.561
395V 550 RIVERFRONT AV SE,1526.588 -53.858|1519.102 -51.757|1511.608 -49.655|1504.114 -47.554|1496.627 -45.452|1489.133 -43.350|1481.640 -41.249|1474.153 -39.136|1470.958 -38.247|1466.435 -41.527|1464.261 -90.041|1468.546 -94.745|1471.629 -94.878|1479.207 -95.223|1486.778 -95.568|1494.355 -95.912|1501.926 -96.246|1509.504 -96.591|1517.074 -96.935|1524.624 -97.280|1525.260 -83.247|1525.540 -77.065|1525.742 -72.561
396V 550 RIVERFRONT AV SE,1526.588 -53.858|1519.102 -51.757|1511.608 -49.655|1504.114 -47.554|1496.627 -45.452|1489.133 -43.350|1481.640 -41.249|1474.153 -39.136|1470.958 -38.247|1466.435 -41.527|1464.261 -90.041|1468.546 -94.745|1471.629 -94.878|1479.207 -95.223|1486.778 -95.568|1494.355 -95.912|1501.926 -96.246|1509.504 -96.591|1517.074 -96.935|1524.624 -97.280|1525.260 -83.247|1525.540 -77.065|1525.742 -72.561
397V 550 RIVERFRONT AV SE,1526.588 -53.858|1519.102 -51.757|1511.608 -49.655|1504.114 -47.554|1496.627 -45.452|1489.133 -43.350|1481.640 -41.249|1474.153 -39.136|1470.958 -38.247|1466.435 -41.527|1464.261 -90.041|1468.546 -94.745|1471.629 -94.878|1479.207 -95.223|1486.778 -95.568|1494.355 -95.912|1501.926 -96.246|1509.504 -96.591|1517.074 -96.935|1524.624 -97.280|1525.260 -83.247|1525.540 -77.065|1525.742 -72.561
398V 550 RIVERFRONT AV SE,1526.588 -53.858|1519.102 -51.757|1511.608 -49.655|1504.114 -47.554|1496.627 -45.452|1489.133 -43.350|1481.640 -41.249|1474.153 -39.136|1470.958 -38.247|1466.435 -41.527|1464.261 -90.041|1468.546 -94.745|1471.629 -94.878|1479.207 -95.223|1486.778 -95.568|1494.355 -95.912|1501.926 -96.246|1509.504 -96.591|1517.074 -96.935|1524.624 -97.280|1525.260 -83.247|1525.540 -77.065|1525.742 -72.561
399V 550 RIVERFRONT AV SE,1526.588 -53.858|1519.102 -51.757|1511.608 -49.655|1504.114 -47.554|1496.627 -45.452|1489.133 -43.350|1481.640 -41.249|1474.153 -39.136|1470.958 -38.247|1466.435 -41.527|1464.261 -90.041|1468.546 -94.745|1471.629 -94.878|1479.207 -95.223|1486.778 -95.568|1494.355 -95.912|1501.926 -96.246|1509.504 -96.591|1517.074 -96.935|1524.624 -97.280|1525.260 -83.247|1525.540 -77.065|1525.742 -72.561
400V 550 RIVERFRONT AV SE,1526.588 -53.858|1519.102 -51.757|1511.608 -49.655|1504.114 -47.554|1496.627 -45.452|1489.133 -43.350|1481.640 -41.249|1474.153 -39.136|1470.958 -38.247|1466.435 -41.527|1464.261 -90.041|1468.546 -94.745|1471.629 -94.878|1479.207 -95.223|1486.778 -95.568|1494.355 -95.912|1501.926 -96.246|1509.504 -96.591|1517.074 -96.935|1524.624 -97.280|1525.260 -83.247|1525.540 -77.065|1525.742 -72.561
401V 550 RIVERFRONT AV SE,1526.588 -53.858|1519.102 -51.757|1511.608 -49.655|1504.114 -47.554|1496.627 -45.452|1489.133 -43.350|1481.640 -41.249|1474.153 -39.136|1470.958 -38.247|1466.435 -41.527|1464.261 -90.041|1468.546 -94.745|1471.629 -94.878|1479.207 -95.223|1486.778 -95.568|1494.355 -95.912|1501.926 -96.246|1509.504 -96.591|1517.074 -96.935|1524.624 -97.280|1525.260 -83.247|1525.540 -77.065|1525.742 -72.561
402V 550 RIVERFRONT AV SE,1526.588 -53.858|1519.102 -51.757|1511.608 -49.655|1504.114 -47.554|1496.627 -45.452|1489.133 -43.350|1481.640 -41.249|1474.153 -39.136|1470.958 -38.247|1466.435 -41.527|1464.261 -90.041|1468.546 -94.745|1471.629 -94.878|1479.207 -95.223|1486.778 -95.568|1494.355 -95.912|1501.926 -96.246|1509.504 -96.591|1517.074 -96.935|1524.624 -97.280|1525.260 -83.247|1525.540 -77.065|1525.742 -72.561
403V 550 RIVERFRONT AV SE,1526.588 -53.858|1519.102 -51.757|1511.608 -49.655|1504.114 -47.554|1496.627 -45.452|1489.133 -43.350|1481.640 -41.249|1474.153 -39.136|1470.958 -38.247|1466.435 -41.527|1464.261 -90.041|1468.546 -94.745|1471.629 -94.878|1479.207 -95.223|1486.778 -95.568|1494.355 -95.912|1501.926 -96.246|1509.504 -96.591|1517.074 -96.935|1524.624 -97.280|1525.260 -83.247|1525.540 -77.065|1525.742 -72.561
404V 550 RIVERFRONT AV SE,1526.588 -53.858|1519.102 -51.757|1511.608 -49.655|1504.114 -47.554|1496.627 -45.452|1489.133 -43.350|1481.640 -41.249|1474.153 -39.136|1470.958 -38.247|1466.435 -41.527|1464.261 -90.041|1468.546 -94.745|1471.629 -94.878|1479.207 -95.223|1486.778 -95.568|1494.355 -95.912|1501.926 -96.246|1509.504 -96.591|1517.074 -96.935|1524.624 -97.280|1525.260 -83.247|1525.540 -77.065|1525.742 -72.561
405V 550 RIVERFRONT AV SE,1526.588 -53.858|1519.102 -51.757|1511.608 -49.655|1504.114 -47.554|1496.627 -45.452|1489.133 -43.350|1481.640 -41.249|1474.153 -39.136|1470.958 -38.247|1466.435 -41.527|1464.261 -90.041|1468.546 -94.745|1471.629 -94.878|1479.207 -95.223|1486.778 -95.568|1494.355 -95.912|1501.926 -96.246|1509.504 -96.591|1517.074 -96.935|1524.624 -97.280|1525.260 -83.247|1525.540 -77.065|1525.742 -72.561
406V 550 RIVERFRONT AV SE,1526.588 -53.858|1519.102 -51.757|1511.608 -49.655|1504.114 -47.554|1496.627 -45.452|1489.133 -43.350|1481.640 -41.249|1474.153 -39.136|1470.958 -38.247|1466.435 -41.527|1464.261 -90.041|1468.546 -94.745|1471.629 -94.878|1479.207 -95.223|1486.778 -95.568|1494.355 -95.912|1501.926 -96.246|1509.504 -96.591|1517.074 -96.935|1524.624 -97.280|1525.260 -83.247|1525.540 -77.065|1525.742 -72.561
407V 550 RIVERFRONT AV SE,1526.588 -53.858|1519.102 -51.757|1511.608 -49.655|1504.114 -47.554|1496.627 -45.452|1489.133 -43.350|1481.640 -41.249|1474.153 -39.136|1470.958 -38.247|1466.435 -41.527|1464.261 -90.041|1468.546 -94.745|1471.629 -94.878|1479.207 -95.223|1486.778 -95.568|1494.355 -95.912|1501.926 -96.246|1509.504 -96.591|1517.074 -96.935|1524.624 -97.280|1525.260 -83.247|1525.540 -77.065|1525.742 -72.561
408V 550 RIVERFRONT AV SE,1526.588 -53.858|1519.102 -51.757|1511.608 -49.655|1504.114 -47.554|1496.627 -45.452|1489.133 -43.350|1481.640 -41.249|1474.153 -39.136|1470.958 -38.247|1466.435 -41.527|1464.261 -90.041|1468.546 -94.745|1471.629 -94.878|1479.207 -95.223|1486.778 -95.568|1494.355 -95.912|1501.926 -96.246|1509.504 -96.591|1517.074 -96.935|1524.624 -97.280|1525.260 -83.247|1525.540 -77.065|1525.742 -72.561
400 632 CONFLUENCE WY SE,1577.996 -51.634|1579.304 -49.477|1584.567 -40.771|1553.320 -19.722|1535.683 -9.792|1533.893 -8.780|1527.141 -33.132|1529.063 -33.676|1533.257 -34.855|1533.823 -35.011|1566.196 -44.118|1567.888 -44.651|1569.531 -45.319|1571.125 -46.097|1572.656 -46.998|1574.117 -48.010|1575.501 -49.121|1576.794 -50.322
600 CONFLUENCE WY SE,1476.879 21.209|1476.271 21.621|1475.663 19.375|1469.651 -2.108|1465.785 -15.919|1465.596 -16.586|1471.909 -18.365|1492.971 -24.292|1493.160 -23.591|1487.665 -22.057|1472.091 -17.687|1468.288 -11.905|1469.197 -7.079|1470.378 -2.320|1476.390 19.174
553 RIVERFRONT AV SE,1362.200 20.331|1358.097 16.005|1354.252 11.446|1350.268 6.065|1372.819 -0.262|1385.395 -3.787|1447.260 -21.145|1447.302 -20.378|1447.876 -13.172|1448.141 -10.959|1449.351 -3.865|1451.049 3.118|1451.839 5.942|1456.628 23.066|1457.005 24.934|1457.096 26.847|1456.900 28.748|1456.418 30.605|1455.663 32.362|1454.656 33.986|1453.419 35.442|1451.972 36.688|1415.454 63.786|1414.251 64.531|1412.937 65.042|1411.553 65.309|1410.141 65.331|1408.750 65.109|1407.422 64.642|1406.191 63.942|1405.108 63.041
