ADDRESS,POINTS
402 GARRISON SQ SW,-2942.731 -2909.489|-2942.780 -2876.008|-3000.556 -2876.097|-3002.549 -2876.097|-3003.423 -2881.912|-3004.045 -2887.761|-3004.415 -2893.632|-3004.534 -2899.514|-3004.520 -2905.085|-3000.032 -2909.578
406 GARRISON SQ SW,-2942.731 -2909.489|-2942.780 -2876.008|-3000.556 -2876.097|-3002.549 -2876.097|-3003.423 -2881.912|-3004.045 -2887.761|-3004.415 -2893.632|-3004.534 -2899.514|-3004.520 -2905.085|-3000.032 -2909.578
410 GARRISON SQ SW,-2942.731 -2909.489|-2942.780 -2876.008|-3000.556 -2876.097|-3002.549 -2876.097|-3003.423 -2881.912|-3004.045 -2887.761|-3004.415 -2893.632|-3004.534 -2899.514|-3004.520 -2905.085|-3000.032 -2909.578
414 GARRISON SQ SW,-2942.731 -2909.489|-2942.780 -2876.008|-3000.556 -2876.097|-3002.549 -2876.097|-3003.423 -2881.912|-3004.045 -2887.761|-3004.415 -2893.632|-3004.534 -2899.514|-3004.520 -2905.085|-3000.032 -2909.578
418 GARRISON SQ SW,-2942.731 -2909.489|-2942.780 -2876.008|-3000.556 -2876.097|-3002.549 -2876.097|-3003.423 -2881.912|-3004.045 -2887.761|-3004.415 -2893.632|-3004.534 -2899.514|-3004.520 -2905.085|-3000.032 -2909.578
422 GARRISON SQ SW,-2942.731 -2909.489|-2942.780 -2876.008|-3000.556 -2876.097|-3002.549 -2876.097|-3003.423 -2881.912|-3004.045 -2887.761|-3004.415 -2893.632|-3004.534 -2899.514|-3004.520 -2905.085|-3000.032 -2909.578
426 GARRISON SQ SW,-2942.731 -2909.489|-2942.780 -2876.008|-3000.556 -2876.097|-3002.549 -2876.097|-3003.423 -2881.912|-3004.045 -2887.761|-3004.415 -2893.632|-3004.534 -2899.514|-3004.520 -2905.085|-3000.032 -2909.578
430 GARRISON SQ SW,-2942.731 -2909.489|-2942.780 -2876.008|-3000.556 -2876.097|-3002.549 -2876.097|-3003.423 -2881.912|-3004.045 -2887.761|-3004.415 -2893.632|-3004.534 -2899.514|-3004.520 -2905.085|-3000.032 -2909.578
434 GARRISON SQ SW,-2942.731 -2909.489|-2942.780 -2876.008|-3000.556 -2876.097|-3002.549 -2876.097|-3003.423 -2881.912|-3004.045 -2887.761|-3004.415 -2893.632|-3004.534 -2899.514|-3004.520 -2905.085|-3000.032 -2909.578
438 GARRISON SQ SW,-2942.731 -2909.489|-2942.780 -2876.008|-3000.556 -2876.097|-3002.549 -2876.097|-3003.423 -2881.912|-3004.045 -2887.761|-3004.415 -2893.632|-3004.534 -2899.514|-3004.520 -2905.085|-3000.032 -2909.578
442 GARRISON SQ SW,-2942.731 -2909.489|-2942.780 -2876.008|-3000.556 -2876.097|-3002.549 -2876.097|-3003.423 -2881.912|-3004.045 -2887.761|-3004.415 -2893.632|-3004.534 -2899.514|-3004.520 -2905.085|-3000.032 -2909.578
446 GARRISON SQ SW,-2942.731 -2909.489|-2942.780 -2876.008|-3000.556 -2876.097|-3002.549 -2876.097|-3003.423 -2881.912|-3004.045 -2887.761|-3004.415 -2893.632|-3004.534 -2899.514|-3004.520 -2905.085|-3000.032 -2909.578
502 GARRISON SQ SW,-2942.731 -2909.489|-2942.780 -2876.008|-3000.556 -2876.097|-3002.549 -2876.097|-3003.423 -2881.912|-3004.045 -2887.761|-3004.415 -2893.632|-3004.534 -2899.514|-3004.520 -2905.085|-3000.032 -2909.578
506 GARRISON SQ SW,-2942.731 -2909.489|-2942.780 -2876.008|-3000.556 -2876.097|-3002.549 -2876.097|-3003.423 -2881.912|-3004.045 -2887.761|-3004.415 -2893.632|-3004.534 -2899.514|-3004.520 -2905.085|-3000.032 -2909.578
510 GARRISON SQ SW,-2942.731 -2909.489|-2942.780 -2876.008|-3000.556 -2876.097|-3002.549 -2876.097|-3003.423 -2881.912|-3004.045 -2887.761|-3004.415 -2893.632|-3004.534 -2899.514|-3004.520 -2905.085|-3000.032 -2909.578
514 GARRISON SQ SW,-2942.731 -2909.489|-2942.780 -2876.008|-3000.556 -2876.097|-3002.549 -2876.097|-3003.423 -2881.912|-3004.045 -2887.761|-3004.415 -2893.632|-3004.534 -2899.514|-3004.520 -2905.085|-3000.032 -2909.578
518 GARRISON SQ SW,-2942.731 -2909.489|-2942.780 -2876.008|-3000.556 -2876.097|-3002.549 -2876.097|-3003.423 -2881.912|-3004.045 -2887.761|-3004.415 -2893.632|-3004.534 -2899.514|-3004.520 -2905.085|-3000.032 -2909.578
522 GARRISON SQ SW,-2942.731 -2909.489|-2942.780 -2876.008|-3000.556 -2876.097|-3002.549 -2876.097|-3003.423 -2881.912|-3004.045 -2887.761|-3004.415 -2893.632|-3004.534 -2899.514|-3004.520 -2905.085|-3000.032 -2909.578
526 GARRISON SQ SW,-2942.731 -2909.489|-2942.780 -2876.008|-3000.556 -2876.097|-3002.549 -2876.097|-3003.423 -2881.912|-3004.045 -2887.761|-3004.415 -2893.632|-3004.534 -2899.514|-3004.520 -2905.085|-3000.032 -2909.578
530 GARRISON SQ SW,-2942.731 -2909.489|-2942.780 -2876.008|-3000.556 -2876.097|-3002.549 -2876.097|-3003.423 -2881.912|-3004.045 -2887.761|-3004.415 -2893.632|-3004.534 -2899.514|-3004.520 -2905.085|-3000.032 -2909.578
534 GARRISON SQ SW,-2942.731 -2909.489|-2942.780 -2876.008|-3000.556 -2876.097|-3002.549 -2876.097|-3003.423 -2881.912|-3004.045 -2887.761|-3004.415 -2893.632|-3004.534 -2899.514|-3004.520 -2905.085|-3000.032 -2909.578
602 GARRISON SQ SW,-2942.731 -2909.489|-2942.780 -2876.008|-3000.556 -2876.097|-3002.549 -2876.097|-3003.423 -2881.912|-3004.045 -2887.761|-3004.415 -2893.632|-3004.534 -2899.514|-3004.520 -2905.085|-3000.032 -2909.578
606 GARRISON SQ SW,-2942.731 -2909.489|-2942.780 -2876.008|-3000.556 -2876.097|-3002.549 -2876.097|-3003.423 -2881.912|-3004.045 -2887.761|-3004.415 -2893.632|-3004.534 -2899.514|-3004.520 -2905.085|-3000.032 -2909.578
610 GARRISON SQ SW,-2942.731 -2909.489|-2942.780 -2876.008|-3000.556 -2876.097|-3002.549 -2876.097|-3003.423 -2881.912|-3004.045 -2887.761|-3004.415 -2893.632|-3004.534 -2899.514|-3004.520 -2905.085|-3000.032 -2909.578
614 GARRISON SQ SW,-2942.731 -2909.489|-2942.780 -2876.008|-3000.556 -2876.097|-3002.549 -2876.097|-3003.423 -2881.912|-3004.045 -2887.761|-3004.415 -2893.632|-3004.534 -2899.514|-3004.520 -2905.085|-3000.032 -2909.578
618 GARRISON SQ SW,-2942.731 -2909.489|-2942.780 -2876.008|-3000.556 -2876.097|-3002.549 -2876.097|-3003.423 -2881.912|-3004.045 -2887.761|-3004.415 -2893.632|-3004.534 -2899.514|-3004.520 -2905.085|-3000.032 -2909.578
622 GARRISON SQ SW,-2942.731 -2909.489|-2942.780 -2876.008|-3000.556 -2876.097|-3002.549 -2876.097|-3003.423 -2881.912|-3004.045 -2887.761|-3004.415 -2893.632|-3004.534 -2899.514|-3004.520 -2905.085|-3000.032 -2909.578
626 GARRISON SQ SW,-2942.731 -2909.489|-2942.780 -2876.008|-3000.556 -2876.097|-3002.549 -2876.097|-3003.423 -2881.912|-3004.045 -2887.761|-3004.415 -2893.632|-3004.534 -2899.514|-3004.520 -2905.085|-3000.032 -2909.578
630 GARRISON SQ SW,-2942.731 -2909.489|-2942.780 -2876.008|-3000.556 -2876.097|-3002.549 -2876.097|-3003.423 -2881.912|-3004.045 -2887.761|-3004.415 -2893.632|-3004.534 -2899.514|-3004.520 -2905.085|-3000.032 -2909.578
634 GARRISON SQ SW,-2942.731 -2909.489|-2942.780 -2876.008|-3000.556 -2876.097|-3002.549 -2876.097|-3003.423 -2881.912|-3004.045 -2887.761|-3004.415 -2893.632|-3004.534 -2899.514|-3004.520 -2905.085|-3000.032 -2909.578
124 CAMBRAI AV SW,-2688.956 -3363.642|-2688.921 -3332.941|-2688.998 -3331.863|-2689.229 -3330.795|-2689.606 -3329.783|-2690.130 -3328.838|-2690.787 -3327.971|-2691.556 -3327.215|-2692.430 -3326.570|-2693.388 -3326.069|-2694.178 -3325.713|-2708.054 -3356.715|-2708.872 -3358.527|-2704.468 -3360.417|-2699.994 -3362.152|-2695.464 -3363.709|-2690.878 -3365.110
128 CAMBRAI AV SW,-2694.178 -3325.713|-2698.449 -3323.656|-2702.622 -3321.399|-2720.476 -3352.589|-2714.751 -3355.703|-2708.872 -3358.527|-2708.054 -3356.715
132 CAMBRAI AV SW,-2702.622 -3321.399|-2706.670 -3318.919|-2710.591 -3316.251|-2730.284 -3343.905|-2731.444 -3345.528|-2726.047 -3349.198|-2720.476 -3352.589
136 CAMBRAI AV SW,-2710.591 -3316.251|-2714.380 -3313.393|-2718.022 -3310.346|-2741.657 -3337.411|-2736.652 -3341.592|-2731.444 -3345.528|-2730.284 -3343.905
148 CAMBRAI AV SW,-2718.022 -3310.346|-2721.504 -3307.133|-2724.831 -3303.741|-2751.017 -3328.315|-2746.446 -3332.975|-2741.657 -3337.411
152 CAMBRAI AV SW,-2724.831 -3303.741|-2728.340 -3299.761|-2731.626 -3295.591|-2760.364 -3317.107|-2755.841 -3322.834|-2751.017 -3328.315
156 CAMBRAI AV SW,-2731.626 -3295.591|-2734.674 -3291.243|-2737.477 -3286.729|-2768.410 -3304.931|-2764.558 -3311.125|-2760.364 -3317.107
160 CAMBRAI AV SW,-2737.477 -3286.729|-2740.028 -3282.081|-2742.321 -3277.288|-2775.072 -3291.944|-2771.919 -3298.526|-2768.410 -3304.931
164 CAMBRAI AV SW,-2742.321 -3277.288|-2744.397 -3272.229|-2746.187 -3267.058|-2747.452 -3266.335|-2753.177 -3267.770|-2758.854 -3269.382|-2764.481 -3271.161|-2770.052 -3273.096|-2776.456 -3275.431|-2779.280 -3281.247|-2777.288 -3286.640|-2775.072 -3291.944
4095 20 ST SW,-2650.117 -3365.532|-2650.096 -3353.957|-2650.103 -3353.457|-2682.972 -3353.412|-2682.986 -3366.088|-2682.014 -3367.300|-2675.227 -3368.546|-2668.383 -3369.435|-2661.504 -3369.958|-2654.605 -3370.114
4087 20 ST SW,-2650.075 -3333.664|-2682.944 -3333.619|-2682.958 -3343.516|-2650.089 -3343.560
4091 20 ST SW,-2650.089 -3343.560|-2682.958 -3343.516|-2682.972 -3353.412|-2650.103 -3353.457
19 11 SCARPE DR SW,-2649.984 -3265.613|-2654.458 -3261.109|-2675.143 -3261.076|-2701.658 -3261.043|-2710.962 -3261.254|-2720.238 -3261.888|-2729.480 -3262.966|-2738.658 -3264.478|-2740.000 -3266.758|-2739.008 -3269.582|-2737.533 -3273.296|-2735.694 -3277.366|-2733.653 -3281.347|-2731.416 -3285.216|-2728.990 -3288.975|-2726.383 -3292.611|-2723.594 -3296.102|-2720.637 -3299.460|-2717.519 -3302.663|-2714.240 -3305.698|-2710.815 -3308.578|-2707.257 -3311.280|-2703.566 -3313.793|-2699.749 -3316.128|-2695.828 -3318.275|-2691.801 -3320.209|-2687.684 -3321.955|-2686.670 -3322.433|-2685.747 -3323.067|-2684.929 -3323.834|-2684.230 -3324.713|-2683.671 -3325.680|-2683.266 -3326.725|-2683.021 -3327.826|-2682.937 -3328.938|-2682.944 -3333.631|-2650.075 -3333.664
20 11 SCARPE DR SW,-2649.984 -3265.613|-2654.458 -3261.109|-2675.143 -3261.076|-2701.658 -3261.043|-2710.962 -3261.254|-2720.238 -3261.888|-2729.480 -3262.966|-2738.658 -3264.478|-2740.000 -3266.758|-2739.008 -3269.582|-2737.533 -3273.296|-2735.694 -3277.366|-2733.653 -3281.347|-2731.416 -3285.216|-2728.990 -3288.975|-2726.383 -3292.611|-2723.594 -3296.102|-2720.637 -3299.460|-2717.519 -3302.663|-2714.240 -3305.698|-2710.815 -3308.578|-2707.257 -3311.280|-2703.566 -3313.793|-2699.749 -3316.128|-2695.828 -3318.275|-2691.801 -3320.209|-2687.684 -3321.955|-2686.670 -3322.433|-2685.747 -3323.067|-2684.929 -3323.834|-2684.230 -3324.713|-2683.671 -3325.680|-2683.266 -3326.725|-2683.021 -3327.826|-2682.937 -3328.938|-2682.944 -3333.631|-2650.075 -3333.664
18 11 SCARPE DR SW,-2649.984 -3265.613|-2654.458 -3261.109|-2675.143 -3261.076|-2701.658 -3261.043|-2710.962 -3261.254|-2720.238 -3261.888|-2729.480 -3262.966|-2738.658 -3264.478|-2740.000 -3266.758|-2739.008 -3269.582|-2737.533 -3273.296|-2735.694 -3277.366|-2733.653 -3281.347|-2731.416 -3285.216|-2728.990 -3288.975|-2726.383 -3292.611|-2723.594 -3296.102|-2720.637 -3299.460|-2717.519 -3302.663|-2714.240 -3305.698|-2710.815 -3308.578|-2707.257 -3311.280|-2703.566 -3313.793|-2699.749 -3316.128|-2695.828 -3318.275|-2691.801 -3320.209|-2687.684 -3321.955|-2686.670 -3322.433|-2685.747 -3323.067|-2684.929 -3323.834|-2684.230 -3324.713|-2683.671 -3325.680|-2683.266 -3326.725|-2683.021 -3327.826|-2682.937 -3328.938|-2682.944 -3333.631|-2650.075 -3333.664
17 11 SCARPE DR SW,-2649.984 -3265.613|-2654.458 -3261.109|-2675.143 -3261.076|-2701.658 -3261.043|-2710.962 -3261.254|-2720.238 -3261.888|-2729.480 -3262.966|-2738.658 -3264.478|-2740.000 -3266.758|-2739.008 -3269.582|-2737.533 -3273.296|-2735.694 -3277.366|-2733.653 -3281.347|-2731.416 -3285.216|-2728.990 -3288.975|-2726.383 -3292.611|-2723.594 -3296.102|-2720.637 -3299.460|-2717.519 -3302.663|-2714.240 -3305.698|-2710.815 -3308.578|-2707.257 -3311.280|-2703.566 -3313.793|-2699.749 -3316.128|-2695.828 -3318.275|-2691.801 -3320.209|-2687.684 -3321.955|-2686.670 -3322.433|-2685.747 -3323.067|-2684.929 -3323.834|-2684.230 -3324.713|-2683.671 -3325.680|-2683.266 -3326.725|-2683.021 -3327.826|-2682.937 -3328.938|-2682.944 -3333.631|-2650.075 -3333.664
16 11 SCARPE DR SW,-2649.984 -3265.613|-2654.458 -3261.109|-2675.143 -3261.076|-2701.658 -3261.043|-2710.962 -3261.254|-2720.238 -3261.888|-2729.480 -3262.966|-2738.658 -3264.478|-2740.000 -3266.758|-2739.008 -3269.582|-2737.533 -3273.296|-2735.694 -3277.366|-2733.653 -3281.347|-2731.416 -3285.216|-2728.990 -3288.975|-2726.383 -3292.611|-2723.594 -3296.102|-2720.637 -3299.460|-2717.519 -3302.663|-2714.240 -3305.698|-2710.815 -3308.578|-2707.257 -3311.280|-2703.566 -3313.793|-2699.749 -3316.128|-2695.828 -3318.275|-2691.801 -3320.209|-2687.684 -3321.955|-2686.670 -3322.433|-2685.747 -3323.067|-2684.929 -3323.834|-2684.230 -3324.713|-2683.671 -3325.680|-2683.266 -3326.725|-2683.021 -3327.826|-2682.937 -3328.938|-2682.944 -3333.631|-2650.075 -3333.664
15 11 SCARPE DR SW,-2649.984 -3265.613|-2654.458 -3261.109|-2675.143 -3261.076|-2701.658 -3261.043|-2710.962 -3261.254|-2720.238 -3261.888|-2729.480 -3262.966|-2738.658 -3264.478|-2740.000 -3266.758|-2739.008 -3269.582|-2737.533 -3273.296|-2735.694 -3277.366|-2733.653 -3281.347|-2731.416 -3285.216|-2728.990 -3288.975|-2726.383 -3292.611|-2723.594 -3296.102|-2720.637 -3299.460|-2717.519 -3302.663|-2714.240 -3305.698|-2710.815 -3308.578|-2707.257 -3311.280|-2703.566 -3313.793|-2699.749 -3316.128|-2695.828 -3318.275|-2691.801 -3320.209|-2687.684 -3321.955|-2686.670 -3322.433|-2685.747 -3323.067|-2684.929 -3323.834|-2684.230 -3324.713|-2683.671 -3325.680|-2683.266 -3326.725|-2683.021 -3327.826|-2682.937 -3328.938|-2682.944 -3333.631|-2650.075 -3333.664
14 11 SCARPE DR SW,-2649.984 -3265.613|-2654.458 -3261.109|-2675.143 -3261.076|-2701.658 -3261.043|-2710.962 -3261.254|-2720.238 -3261.888|-2729.480 -3262.966|-2738.658 -3264.478|-2740.000 -3266.758|-2739.008 -3269.582|-2737.533 -3273.296|-2735.694 -3277.366|-2733.653 -3281.347|-2731.416 -3285.216|-2728.990 -3288.975|-2726.383 -3292.611|-2723.594 -3296.102|-2720.637 -3299.460|-2717.519 -3302.663|-2714.240 -3305.698|-2710.815 -3308.578|-2707.257 -3311.280|-2703.566 -3313.793|-2699.749 -3316.128|-2695.828 -3318.275|-2691.801 -3320.209|-2687.684 -3321.955|-2686.670 -3322.433|-2685.747 -3323.067|-2684.929 -3323.834|-2684.230 -3324.713|-2683.671 -3325.680|-2683.266 -3326.725|-2683.021 -3327.826|-2682.937 -3328.938|-2682.944 -3333.631|-2650.075 -3333.664
13 11 SCARPE DR SW,-2649.984 -3265.613|-2654.458 -3261.109|-2675.143 -3261.076|-2701.658 -3261.043|-2710.962 -3261.254|-2720.238 -3261.888|-2729.480 -3262.966|-2738.658 -3264.478|-2740.000 -3266.758|-2739.008 -3269.582|-2737.533 -3273.296|-2735.694 -3277.366|-2733.653 -3281.347|-2731.416 -3285.216|-2728.990 -3288.975|-2726.383 -3292.611|-2723.594 -3296.102|-2720.637 -3299.460|-2717.519 -3302.663|-2714.240 -3305.698|-2710.815 -3308.578|-2707.257 -3311.280|-2703.566 -3313.793|-2699.749 -3316.128|-2695.828 -3318.275|-2691.801 -3320.209|-2687.684 -3321.955|-2686.670 -3322.433|-2685.747 -3323.067|-2684.929 -3323.834|-2684.230 -3324.713|-2683.671 -3325.680|-2683.266 -3326.725|-2683.021 -3327.826|-2682.937 -3328.938|-2682.944 -3333.631|-2650.075 -3333.664
12 11 SCARPE DR SW,-2649.984 -3265.613|-2654.458 -3261.109|-2675.143 -3261.076|-2701.658 -3261.043|-2710.962 -3261.254|-2720.238 -3261.888|-2729.480 -3262.966|-2738.658 -3264.478|-2740.000 -3266.758|-2739.008 -3269.582|-2737.533 -3273.296|-2735.694 -3277.366|-2733.653 -3281.347|-2731.416 -3285.216|-2728.990 -3288.975|-2726.383 -3292.611|-2723.594 -3296.102|-2720.637 -3299.460|-2717.519 -3302.663|-2714.240 -3305.698|-2710.815 -3308.578|-2707.257 -3311.280|-2703.566 -3313.793|-2699.749 -3316.128|-2695.828 -3318.275|-2691.801 -3320.209|-2687.684 -3321.955|-2686.670 -3322.433|-2685.747 -3323.067|-2684.929 -3323.834|-2684.230 -3324.713|-2683.671 -3325.680|-2683.266 -3326.725|-2683.021 -3327.826|-2682.937 -3328.938|-2682.944 -3333.631|-2650.075 -3333.664
3 11 SCARPE DR SW,-2649.984 -3265.613|-2654.458 -3261.109|-2675.143 -3261.076|-2701.658 -3261.043|-2710.962 -3261.254|-2720.238 -3261.888|-2729.480 -3262.966|-2738.658 -3264.478|-2740.000 -3266.758|-2739.008 -3269.582|-2737.533 -3273.296|-2735.694 -3277.366|-2733.653 -3281.347|-2731.416 -3285.216|-2728.990 -3288.975|-2726.383 -3292.611|-2723.594 -3296.102|-2720.637 -3299.460|-2717.519 -3302.663|-2714.240 -3305.698|-2710.815 -3308.578|-2707.257 -3311.280|-2703.566 -3313.793|-2699.749 -3316.128|-2695.828 -3318.275|-2691.801 -3320.209|-2687.684 -3321.955|-2686.670 -3322.433|-2685.747 -3323.067|-2684.929 -3323.834|-2684.230 -3324.713|-2683.671 -3325.680|-2683.266 -3326.725|-2683.021 -3327.826|-2682.937 -3328.938|-2682.944 -3333.631|-2650.075 -3333.664
2 11 SCARPE DR SW,-2649.984 -3265.613|-2654.458 -3261.109|-2675.143 -3261.076|-2701.658 -3261.043|-2710.962 -3261.254|-2720.238 -3261.888|-2729.480 -3262.966|-2738.658 -3264.478|-2740.000 -3266.758|-2739.008 -3269.582|-2737.533 -3273.296|-2735.694 -3277.366|-2733.653 -3281.347|-2731.416 -3285.216|-2728.990 -3288.975|-2726.383 -3292.611|-2723.594 -3296.102|-2720.637 -3299.460|-2717.519 -3302.663|-2714.240 -3305.698|-2710.815 -3308.578|-2707.257 -3311.280|-2703.566 -3313.793|-2699.749 -3316.128|-2695.828 -3318.275|-2691.801 -3320.209|-2687.684 -3321.955|-2686.670 -3322.433|-2685.747 -3323.067|-2684.929 -3323.834|-2684.230 -3324.713|-2683.671 -3325.680|-2683.266 -3326.725|-2683.021 -3327.826|-2682.937 -3328.938|-2682.944 -3333.631|-2650.075 -3333.664
1 11 SCARPE DR SW,-2649.984 -3265.613|-2654.458 -3261.109|-2675.143 -3261.076|-2701.658 -3261.043|-2710.962 -3261.254|-2720.238 -3261.888|-2729.480 -3262.966|-2738.658 -3264.478|-2740.000 -3266.758|-2739.008 -3269.582|-2737.533 -3273.296|-2735.694 -3277.366|-2733.653 -3281.347|-2731.416 -3285.216|-2728.990 -3288.975|-2726.383 -3292.611|-2723.594 -3296.102|-2720.637 -3299.460|-2717.519 -3302.663|-2714.240 -3305.698|-2710.815 -3308.578|-2707.257 -3311.280|-2703.566 -3313.793|-2699.749 -3316.128|-2695.828 -3318.275|-2691.801 -3320.209|-2687.684 -3321.955|-2686.670 -3322.433|-2685.747 -3323.067|-2684.929 -3323.834|-2684.230 -3324.713|-2683.671 -3325.680|-2683.266 -3326.725|-2683.021 -3327.826|-2682.937 -3328.938|-2682.944 -3333.631|-2650.075 -3333.664
5 11 SCARPE DR SW,-2649.984 -3265.613|-2654.458 -3261.109|-2675.143 -3261.076|-2701.658 -3261.043|-2710.962 -3261.254|-2720.238 -3261.888|-2729.480 -3262.966|-2738.658 -3264.478|-2740.000 -3266.758|-2739.008 -3269.582|-2737.533 -3273.296|-2735.694 -3277.366|-2733.653 -3281.347|-2731.416 -3285.216|-2728.990 -3288.975|-2726.383 -3292.611|-2723.594 -3296.102|-2720.637 -3299.460|-2717.519 -3302.663|-2714.240 -3305.698|-2710.815 -3308.578|-2707.257 -3311.280|-2703.566 -3313.793|-2699.749 -3316.128|-2695.828 -3318.275|-2691.801 -3320.209|-2687.684 -3321.955|-2686.670 -3322.433|-2685.747 -3323.067|-2684.929 -3323.834|-2684.230 -3324.713|-2683.671 -3325.680|-2683.266 -3326.725|-2683.021 -3327.826|-2682.937 -3328.938|-2682.944 -3333.631|-2650.075 -3333.664
4 11 SCARPE DR SW,-2649.984 -3265.613|-2654.458 -3261.109|-2675.143 -3261.076|-2701.658 -3261.043|-2710.962 -3261.254|-2720.238 -3261.888|-2729.480 -3262.966|-2738.658 -3264.478|-2740.000 -3266.758|-2739.008 -3269.582|-2737.533 -3273.296|-2735.694 -3277.366|-2733.653 -3281.347|-2731.416 -3285.216|-2728.990 -3288.975|-2726.383 -3292.611|-2723.594 -3296.102|-2720.637 -3299.460|-2717.519 -3302.663|-2714.240 -3305.698|-2710.815 -3308.578|-2707.257 -3311.280|-2703.566 -3313.793|-2699.749 -3316.128|-2695.828 -3318.275|-2691.801 -3320.209|-2687.684 -3321.955|-2686.670 -3322.433|-2685.747 -3323.067|-2684.929 -3323.834|-2684.230 -3324.713|-2683.671 -3325.680|-2683.266 -3326.725|-2683.021 -3327.826|-2682.937 -3328.938|-2682.944 -3333.631|-2650.075 -3333.664
10A 11 SCARPE DR SW,-2649.984 -3265.613|-2654.458 -3261.109|-2675.143 -3261.076|-2701.658 -3261.043|-2710.962 -3261.254|-2720.238 -3261.888|-2729.480 -3262.966|-2738.658 -3264.478|-2740.000 -3266.758|-2739.008 -3269.582|-2737.533 -3273.296|-2735.694 -3277.366|-2733.653 -3281.347|-2731.416 -3285.216|-2728.990 -3288.975|-2726.383 -3292.611|-2723.594 -3296.102|-2720.637 -3299.460|-2717.519 -3302.663|-2714.240 -3305.698|-2710.815 -3308.578|-2707.257 -3311.280|-2703.566 -3313.793|-2699.749 -3316.128|-2695.828 -3318.275|-2691.801 -3320.209|-2687.684 -3321.955|-2686.670 -3322.433|-2685.747 -3323.067|-2684.929 -3323.834|-2684.230 -3324.713|-2683.671 -3325.680|-2683.266 -3326.725|-2683.021 -3327.826|-2682.937 -3328.938|-2682.944 -3333.631|-2650.075 -3333.664
10 11 SCARPE DR SW,-2649.984 -3265.613|-2654.458 -3261.109|-2675.143 -3261.076|-2701.658 -3261.043|-2710.962 -3261.254|-2720.238 -3261.888|-2729.480 -3262.966|-2738.658 -3264.478|-2740.000 -3266.758|-2739.008 -3269.582|-2737.533 -3273.296|-2735.694 -3277.366|-2733.653 -3281.347|-2731.416 -3285.216|-2728.990 -3288.975|-2726.383 -3292.611|-2723.594 -3296.102|-2720.637 -3299.460|-2717.519 -3302.663|-2714.240 -3305.698|-2710.815 -3308.578|-2707.257 -3311.280|-2703.566 -3313.793|-2699.749 -3316.128|-2695.828 -3318.275|-2691.801 -3320.209|-2687.684 -3321.955|-2686.670 -3322.433|-2685.747 -3323.067|-2684.929 -3323.834|-2684.230 -3324.713|-2683.671 -3325.680|-2683.266 -3326.725|-2683.021 -3327.826|-2682.937 -3328.938|-2682.944 -3333.631|-2650.075 -3333.664
9 11 SCARPE DR SW,-2649.984 -3265.613|-2654.458 -3261.109|-2675.143 -3261.076|-2701.658 -3261.043|-2710.962 -3261.254|-2720.238 -3261.888|-2729.480 -3262.966|-2738.658 -3264.478|-2740.000 -3266.758|-2739.008 -3269.582|-2737.533 -3273.296|-2735.694 -3277.366|-2733.653 -3281.347|-2731.416 -3285.216|-2728.990 -3288.975|-2726.383 -3292.611|-2723.594 -3296.102|-2720.637 -3299.460|-2717.519 -3302.663|-2714.240 -3305.698|-2710.815 -3308.578|-2707.257 -3311.280|-2703.566 -3313.793|-2699.749 -3316.128|-2695.828 -3318.275|-2691.801 -3320.209|-2687.684 -3321.955|-2686.670 -3322.433|-2685.747 -3323.067|-2684.929 -3323.834|-2684.230 -3324.713|-2683.671 -3325.680|-2683.266 -3326.725|-2683.021 -3327.826|-2682.937 -3328.938|-2682.944 -3333.631|-2650.075 -3333.664
8 11 SCARPE DR SW,-2649.984 -3265.613|-2654.458 -3261.109|-2675.143 -3261.076|-2701.658 -3261.043|-2710.962 -3261.254|-2720.238 -3261.888|-2729.480 -3262.966|-2738.658 -3264.478|-2740.000 -3266.758|-2739.008 -3269.582|-2737.533 -3273.296|-2735.694 -3277.366|-2733.653 -3281.347|-2731.416 -3285.216|-2728.990 -3288.975|-2726.383 -3292.611|-2723.594 -3296.102|-2720.637 -3299.460|-2717.519 -3302.663|-2714.240 -3305.698|-2710.815 -3308.578|-2707.257 -3311.280|-2703.566 -3313.793|-2699.749 -3316.128|-2695.828 -3318.275|-2691.801 -3320.209|-2687.684 -3321.955|-2686.670 -3322.433|-2685.747 -3323.067|-2684.929 -3323.834|-2684.230 -3324.713|-2683.671 -3325.680|-2683.266 -3326.725|-2683.021 -3327.826|-2682.937 -3328.938|-2682.944 -3333.631|-2650.075 -3333.664
7 11 SCARPE DR SW,-2649.984 -3265.613|-2654.458 -3261.109|-2675.143 -3261.076|-2701.658 -3261.043|-2710.962 -3261.254|-2720.238 -3261.888|-2729.480 -3262.966|-2738.658 -3264.478|-2740.000 -3266.758|-2739.008 -3269.582|-2737.533 -3273.296|-2735.694 -3277.366|-2733.653 -3281.347|-2731.416 -3285.216|-2728.990 -3288.975|-2726.383 -3292.611|-2723.594 -3296.102|-2720.637 -3299.460|-2717.519 -3302.663|-2714.240 -3305.698|-2710.815 -3308.578|-2707.257 -3311.280|-2703.566 -3313.793|-2699.749 -3316.128|-2695.828 -3318.275|-2691.801 -3320.209|-2687.684 -3321.955|-2686.670 -3322.433|-2685.747 -3323.067|-2684.929 -3323.834|-2684.230 -3324.713|-2683.671 -3325.680|-2683.266 -3326.725|-2683.021 -3327.826|-2682.937 -3328.938|-2682.944 -3333.631|-2650.075 -3333.664
6 11 SCARPE DR SW,-2649.984 -3265.613|-2654.458 -3261.109|-2675.143 -3261.076|-2701.658 -3261.043|-2710.962 -3261.254|-2720.238 -3261.888|-2729.480 -3262.966|-2738.658 -3264.478|-2740.000 -3266.758|-2739.008 -3269.582|-2737.533 -3273.296|-2735.694 -3277.366|-2733.653 -3281.347|-2731.416 -3285.216|-2728.990 -3288.975|-2726.383 -3292.611|-2723.594 -3296.102|-2720.637 -3299.460|-2717.519 -3302.663|-2714.240 -3305.698|-2710.815 -3308.578|-2707.257 -3311.280|-2703.566 -3313.793|-2699.749 -3316.128|-2695.828 -3318.275|-2691.801 -3320.209|-2687.684 -3321.955|-2686.670 -3322.433|-2685.747 -3323.067|-2684.929 -3323.834|-2684.230 -3324.713|-2683.671 -3325.680|-2683.266 -3326.725|-2683.021 -3327.826|-2682.937 -3328.938|-2682.944 -3333.631|-2650.075 -3333.664
3803 20 ST SW,-2654.430 -3060.591|-2654.437 -3055.043|-2658.925 -3050.551|-2692.283 -3050.595|-2693.283 -3051.596|-2693.269 -3060.647
3807 20 ST SW,-2654.430 -3060.591|-2693.269 -3060.647|-2693.255 -3069.787|-2654.423 -3069.732
3811 20 ST SW,-2654.423 -3069.732|-2693.255 -3069.787|-2693.248 -3078.927|-2654.409 -3078.872
3815 20 ST SW,-2654.409 -3078.872|-2693.248 -3078.927|-2693.234 -3088.068|-2654.395 -3088.012
3819 20 ST SW,-2654.395 -3088.012|-2693.234 -3088.068|-2693.227 -3094.017|-2693.570 -3096.596|-2654.388 -3096.541
3823 20 ST SW,-2654.388 -3096.541|-2693.570 -3096.596|-2694.688 -3105.125|-2654.374 -3105.069
3827 20 ST SW,-2654.374 -3105.069|-2694.688 -3105.125|-2695.184 -3108.894|-2695.177 -3113.654|-2654.360 -3113.598
3831 20 ST SW,-2654.360 -3113.598|-2695.177 -3113.654|-2695.170 -3122.783|-2654.353 -3122.738
3835 20 ST SW,-2654.353 -3122.738|-2695.170 -3122.783|-2695.156 -3131.311|-2654.339 -3131.267
3839 20 ST SW,-2654.339 -3131.267|-2695.156 -3131.311|-2695.150 -3140.452|-2654.325 -3140.396
3843 20 ST SW,-2654.325 -3140.396|-2695.150 -3140.452|-2695.136 -3148.980|-2654.318 -3148.925
3905 20 ST SW,-2654.297 -3162.023|-2654.311 -3153.495|-2695.129 -3153.550|-2695.122 -3162.079
3909 20 ST SW,-2654.297 -3162.023|-2695.122 -3162.079|-2695.108 -3170.608|-2651.753 -3170.552|-2652.158 -3163.046|-2654.297 -3163.046
3913 20 ST SW,-2651.753 -3170.552|-2695.108 -3170.608|-2695.101 -3179.136|-2693.108 -3179.136|-2651.298 -3179.081
375S 2233 34 AV SW,-2871.883 -2771.429|-2883.864 -2771.451|-2962.857 -2771.574|-2965.716 -2771.562|-2965.709 -2774.698|-2965.583 -2830.262|-2947.555 -2830.218|-2947.478 -2862.920|-2901.956 -2862.853|-2901.949 -2869.948|-2897.964 -2869.948|-2897.943 -2875.941|-2883.892 -2875.919|-2871.932 -2875.908|-2871.939 -2862.842|-2871.932 -2841.515|-2871.925 -2820.188|-2871.925 -2814.094
376S 2233 34 AV SW,-2871.883 -2771.429|-2883.864 -2771.451|-2962.857 -2771.574|-2965.716 -2771.562|-2965.709 -2774.698|-2965.583 -2830.262|-2947.555 -2830.218|-2947.478 -2862.920|-2901.956 -2862.853|-2901.949 -2869.948|-2897.964 -2869.948|-2897.943 -2875.941|-2883.892 -2875.919|-2871.932 -2875.908|-2871.939 -2862.842|-2871.932 -2841.515|-2871.925 -2820.188|-2871.925 -2814.094
377S 2233 34 AV SW,-2871.883 -2771.429|-2883.864 -2771.451|-2962.857 -2771.574|-2965.716 -2771.562|-2965.709 -2774.698|-2965.583 -2830.262|-2947.555 -2830.218|-2947.478 -2862.920|-2901.956 -2862.853|-2901.949 -2869.948|-2897.964 -2869.948|-2897.943 -2875.941|-2883.892 -2875.919|-2871.932 -2875.908|-2871.939 -2862.842|-2871.932 -2841.515|-2871.925 -2820.188|-2871.925 -2814.094
378S 2233 34 AV SW,-2871.883 -2771.429|-2883.864 -2771.451|-2962.857 -2771.574|-2965.716 -2771.562|-2965.709 -2774.698|-2965.583 -2830.262|-2947.555 -2830.218|-2947.478 -2862.920|-2901.956 -2862.853|-2901.949 -2869.948|-2897.964 -2869.948|-2897.943 -2875.941|-2883.892 -2875.919|-2871.932 -2875.908|-2871.939 -2862.842|-2871.932 -2841.515|-2871.925 -2820.188|-2871.925 -2814.094
379S 2233 34 AV SW,-2871.883 -2771.429|-2883.864 -2771.451|-2962.857 -2771.574|-2965.716 -2771.562|-2965.709 -2774.698|-2965.583 -2830.262|-2947.555 -2830.218|-2947.478 -2862.920|-2901.956 -2862.853|-2901.949 -2869.948|-2897.964 -2869.948|-2897.943 -2875.941|-2883.892 -2875.919|-2871.932 -2875.908|-2871.939 -2862.842|-2871.932 -2841.515|-2871.925 -2820.188|-2871.925 -2814.094
380S 2233 34 AV SW,-2871.883 -2771.429|-2883.864 -2771.451|-2962.857 -2771.574|-2965.716 -2771.562|-2965.709 -2774.698|-2965.583 -2830.262|-2947.555 -2830.218|-2947.478 -2862.920|-2901.956 -2862.853|-2901.949 -2869.948|-2897.964 -2869.948|-2897.943 -2875.941|-2883.892 -2875.919|-2871.932 -2875.908|-2871.939 -2862.842|-2871.932 -2841.515|-2871.925 -2820.188|-2871.925 -2814.094
387S 2233 34 AV SW,-2871.883 -2771.429|-2883.864 -2771.451|-2962.857 -2771.574|-2965.716 -2771.562|-2965.709 -2774.698|-2965.583 -2830.262|-2947.555 -2830.218|-2947.478 -2862.920|-2901.956 -2862.853|-2901.949 -2869.948|-2897.964 -2869.948|-2897.943 -2875.941|-2883.892 -2875.919|-2871.932 -2875.908|-2871.939 -2862.842|-2871.932 -2841.515|-2871.925 -2820.188|-2871.925 -2814.094
388S 2233 34 AV SW,-2871.883 -2771.429|-2883.864 -2771.451|-2962.857 -2771.574|-2965.716 -2771.562|-2965.709 -2774.698|-2965.583 -2830.262|-2947.555 -2830.218|-2947.478 -2862.920|-2901.956 -2862.853|-2901.949 -2869.948|-2897.964 -2869.948|-2897.943 -2875.941|-2883.892 -2875.919|-2871.932 -2875.908|-2871.939 -2862.842|-2871.932 -2841.515|-2871.925 -2820.188|-2871.925 -2814.094
381S 2233 34 AV SW,-2871.883 -2771.429|-2883.864 -2771.451|-2962.857 -2771.574|-2965.716 -2771.562|-2965.709 -2774.698|-2965.583 -2830.262|-2947.555 -2830.218|-2947.478 -2862.920|-2901.956 -2862.853|-2901.949 -2869.948|-2897.964 -2869.948|-2897.943 -2875.941|-2883.892 -2875.919|-2871.932 -2875.908|-2871.939 -2862.842|-2871.932 -2841.515|-2871.925 -2820.188|-2871.925 -2814.094
382S 2233 34 AV SW,-2871.883 -2771.429|-2883.864 -2771.451|-2962.857 -2771.574|-2965.716 -2771.562|-2965.709 -2774.698|-2965.583 -2830.262|-2947.555 -2830.218|-2947.478 -2862.920|-2901.956 -2862.853|-2901.949 -2869.948|-2897.964 -2869.948|-2897.943 -2875.941|-2883.892 -2875.919|-2871.932 -2875.908|-2871.939 -2862.842|-2871.932 -2841.515|-2871.925 -2820.188|-2871.925 -2814.094
383S 2233 34 AV SW,-2871.883 -2771.429|-2883.864 -2771.451|-2962.857 -2771.574|-2965.716 -2771.562|-2965.709 -2774.698|-2965.583 -2830.262|-2947.555 -2830.218|-2947.478 -2862.920|-2901.956 -2862.853|-2901.949 -2869.948|-2897.964 -2869.948|-2897.943 -2875.941|-2883.892 -2875.919|-2871.932 -2875.908|-2871.939 -2862.842|-2871.932 -2841.515|-2871.925 -2820.188|-2871.925 -2814.094
384S 2233 34 AV SW,-2871.883 -2771.429|-2883.864 -2771.451|-2962.857 -2771.574|-2965.716 -2771.562|-2965.709 -2774.698|-2965.583 -2830.262|-2947.555 -2830.218|-2947.478 -2862.920|-2901.956 -2862.853|-2901.949 -2869.948|-2897.964 -2869.948|-2897.943 -2875.941|-2883.892 -2875.919|-2871.932 -2875.908|-2871.939 -2862.842|-2871.932 -2841.515|-2871.925 -2820.188|-2871.925 -2814.094
385S 2233 34 AV SW,-2871.883 -2771.429|-2883.864 -2771.451|-2962.857 -2771.574|-2965.716 -2771.562|-2965.709 -2774.698|-2965.583 -2830.262|-2947.555 -2830.218|-2947.478 -2862.920|-2901.956 -2862.853|-2901.949 -2869.948|-2897.964 -2869.948|-2897.943 -2875.941|-2883.892 -2875.919|-2871.932 -2875.908|-2871.939 -2862.842|-2871.932 -2841.515|-2871.925 -2820.188|-2871.925 -2814.094
386S 2233 34 AV SW,-2871.883 -2771.429|-2883.864 -2771.451|-2962.857 -2771.574|-2965.716 -2771.562|-2965.709 -2774.698|-2965.583 -2830.262|-2947.555 -2830.218|-2947.478 -2862.920|-2901.956 -2862.853|-2901.949 -2869.948|-2897.964 -2869.948|-2897.943 -2875.941|-2883.892 -2875.919|-2871.932 -2875.908|-2871.939 -2862.842|-2871.932 -2841.515|-2871.925 -2820.188|-2871.925 -2814.094
389S 2233 34 AV SW,-2871.883 -2771.429|-2883.864 -2771.451|-2962.857 -2771.574|-2965.716 -2771.562|-2965.709 -2774.698|-2965.583 -2830.262|-2947.555 -2830.218|-2947.478 -2862.920|-2901.956 -2862.853|-2901.949 -2869.948|-2897.964 -2869.948|-2897.943 -2875.941|-2883.892 -2875.919|-2871.932 -2875.908|-2871.939 -2862.842|-2871.932 -2841.515|-2871.925 -2820.188|-2871.925 -2814.094
390S 2233 34 AV SW,-2871.883 -2771.429|-2883.864 -2771.451|-2962.857 -2771.574|-2965.716 -2771.562|-2965.709 -2774.698|-2965.583 -2830.262|-2947.555 -2830.218|-2947.478 -2862.920|-2901.956 -2862.853|-2901.949 -2869.948|-2897.964 -2869.948|-2897.943 -2875.941|-2883.892 -2875.919|-2871.932 -2875.908|-2871.939 -2862.842|-2871.932 -2841.515|-2871.925 -2820.188|-2871.925 -2814.094
391S 2233 34 AV SW,-2871.883 -2771.429|-2883.864 -2771.451|-2962.857 -2771.574|-2965.716 -2771.562|-2965.709 -2774.698|-2965.583 -2830.262|-2947.555 -2830.218|-2947.478 -2862.920|-2901.956 -2862.853|-2901.949 -2869.948|-2897.964 -2869.948|-2897.943 -2875.941|-2883.892 -2875.919|-2871.932 -2875.908|-2871.939 -2862.842|-2871.932 -2841.515|-2871.925 -2820.188|-2871.925 -2814.094
392S 2233 34 AV SW,-2871.883 -2771.429|-2883.864 -2771.451|-2962.857 -2771.574|-2965.716 -2771.562|-2965.709 -2774.698|-2965.583 -2830.262|-2947.555 -2830.218|-2947.478 -2862.920|-2901.956 -2862.853|-2901.949 -2869.948|-2897.964 -2869.948|-2897.943 -2875.941|-2883.892 -2875.919|-2871.932 -2875.908|-2871.939 -2862.842|-2871.932 -2841.515|-2871.925 -2820.188|-2871.925 -2814.094
393S 2233 34 AV SW,-2871.883 -2771.429|-2883.864 -2771.451|-2962.857 -2771.574|-2965.716 -2771.562|-2965.709 -2774.698|-2965.583 -2830.262|-2947.555 -2830.218|-2947.478 -2862.920|-2901.956 -2862.853|-2901.949 -2869.948|-2897.964 -2869.948|-2897.943 -2875.941|-2883.892 -2875.919|-2871.932 -2875.908|-2871.939 -2862.842|-2871.932 -2841.515|-2871.925 -2820.188|-2871.925 -2814.094
394S 2233 34 AV SW,-2871.883 -2771.429|-2883.864 -2771.451|-2962.857 -2771.574|-2965.716 -2771.562|-2965.709 -2774.698|-2965.583 -2830.262|-2947.555 -2830.218|-2947.478 -2862.920|-2901.956 -2862.853|-2901.949 -2869.948|-2897.964 -2869.948|-2897.943 -2875.941|-2883.892 -2875.919|-2871.932 -2875.908|-2871.939 -2862.842|-2871.932 -2841.515|-2871.925 -2820.188|-2871.925 -2814.094
395S 2233 34 AV SW,-2871.883 -2771.429|-2883.864 -2771.451|-2962.857 -2771.574|-2965.716 -2771.562|-2965.709 -2774.698|-2965.583 -2830.262|-2947.555 -2830.218|-2947.478 -2862.920|-2901.956 -2862.853|-2901.949 -2869.948|-2897.964 -2869.948|-2897.943 -2875.941|-2883.892 -2875.919|-2871.932 -2875.908|-2871.939 -2862.842|-2871.932 -2841.515|-2871.925 -2820.188|-2871.925 -2814.094
261V 2233 34 AV SW,-2871.883 -2771.429|-2883.864 -2771.451|-2962.857 -2771.574|-2965.716 -2771.562|-2965.709 -2774.698|-2965.583 -2830.262|-2947.555 -2830.218|-2947.478 -2862.920|-2901.956 -2862.853|-2901.949 -2869.948|-2897.964 -2869.948|-2897.943 -2875.941|-2883.892 -2875.919|-2871.932 -2875.908|-2871.939 -2862.842|-2871.932 -2841.515|-2871.925 -2820.188|-2871.925 -2814.094
262V 2233 34 AV SW,-2871.883 -2771.429|-2883.864 -2771.451|-2962.857 -2771.574|-2965.716 -2771.562|-2965.709 -2774.698|-2965.583 -2830.262|-2947.555 -2830.218|-2947.478 -2862.920|-2901.956 -2862.853|-2901.949 -2869.948|-2897.964 -2869.948|-2897.943 -2875.941|-2883.892 -2875.919|-2871.932 -2875.908|-2871.939 -2862.842|-2871.932 -2841.515|-2871.925 -2820.188|-2871.925 -2814.094
263V 2233 34 AV SW,-2871.883 -2771.429|-2883.864 -2771.451|-2962.857 -2771.574|-2965.716 -2771.562|-2965.709 -2774.698|-2965.583 -2830.262|-2947.555 -2830.218|-2947.478 -2862.920|-2901.956 -2862.853|-2901.949 -2869.948|-2897.964 -2869.948|-2897.943 -2875.941|-2883.892 -2875.919|-2871.932 -2875.908|-2871.939 -2862.842|-2871.932 -2841.515|-2871.925 -2820.188|-2871.925 -2814.094
264V 2233 34 AV SW,-2871.883 -2771.429|-2883.864 -2771.451|-2962.857 -2771.574|-2965.716 -2771.562|-2965.709 -2774.698|-2965.583 -2830.262|-2947.555 -2830.218|-2947.478 -2862.920|-2901.956 -2862.853|-2901.949 -2869.948|-2897.964 -2869.948|-2897.943 -2875.941|-2883.892 -2875.919|-2871.932 -2875.908|-2871.939 -2862.842|-2871.932 -2841.515|-2871.925 -2820.188|-2871.925 -2814.094
265V 2233 34 AV SW,-2871.883 -2771.429|-2883.864 -2771.451|-2962.857 -2771.574|-2965.716 -2771.562|-2965.709 -2774.698|-2965.583 -2830.262|-2947.555 -2830.218|-2947.478 -2862.920|-2901.956 -2862.853|-2901.949 -2869.948|-2897.964 -2869.948|-2897.943 -2875.941|-2883.892 -2875.919|-2871.932 -2875.908|-2871.939 -2862.842|-2871.932 -2841.515|-2871.925 -2820.188|-2871.925 -2814.094
266V 2233 34 AV SW,-2871.883 -2771.429|-2883.864 -2771.451|-2962.857 -2771.574|-2965.716 -2771.562|-2965.709 -2774.698|-2965.583 -2830.262|-2947.555 -2830.218|-2947.478 -2862.920|-2901.956 -2862.853|-2901.949 -2869.948|-2897.964 -2869.948|-2897.943 -2875.941|-2883.892 -2875.919|-2871.932 -2875.908|-2871.939 -2862.842|-2871.932 -2841.515|-2871.925 -2820.188|-2871.925 -2814.094
267V 2233 34 AV SW,-2871.883 -2771.429|-2883.864 -2771.451|-2962.857 -2771.574|-2965.716 -2771.562|-2965.709 -2774.698|-2965.583 -2830.262|-2947.555 -2830.218|-2947.478 -2862.920|-2901.956 -2862.853|-2901.949 -2869.948|-2897.964 -2869.948|-2897.943 -2875.941|-2883.892 -2875.919|-2871.932 -2875.908|-2871.939 -2862.842|-2871.932 -2841.515|-2871.925 -2820.188|-2871.925 -2814.094
268V 2233 34 AV SW,-2871.883 -2771.429|-2883.864 -2771.451|-2962.857 -2771.574|-2965.716 -2771.562|-2965.709 -2774.698|-2965.583 -2830.262|-2947.555 -2830.218|-2947.478 -2862.920|-2901.956 -2862.853|-2901.949 -2869.948|-2897.964 -2869.948|-2897.943 -2875.941|-2883.892 -2875.919|-2871.932 -2875.908|-2871.939 -2862.842|-2871.932 -2841.515|-2871.925 -2820.188|-2871.925 -2814.094
269V 2233 34 AV SW,-2871.883 -2771.429|-2883.864 -2771.451|-2962.857 -2771.574|-2965.716 -2771.562|-2965.709 -2774.698|-2965.583 -2830.262|-2947.555 -2830.218|-2947.478 -2862.920|-2901.956 -2862.853|-2901.949 -2869.948|-2897.964 -2869.948|-2897.943 -2875.941|-2883.892 -2875.919|-2871.932 -2875.908|-2871.939 -2862.842|-2871.932 -2841.515|-2871.925 -2820.188|-2871.925 -2814.094
270V 2233 34 AV SW,-2871.883 -2771.429|-2883.864 -2771.451|-2962.857 -2771.574|-2965.716 -2771.562|-2965.709 -2774.698|-2965.583 -2830.262|-2947.555 -2830.218|-2947.478 -2862.920|-2901.956 -2862.853|-2901.949 -2869.948|-2897.964 -2869.948|-2897.943 -2875.941|-2883.892 -2875.919|-2871.932 -2875.908|-2871.939 -2862.842|-2871.932 -2841.515|-2871.925 -2820.188|-2871.925 -2814.094
271V 2233 34 AV SW,-2871.883 -2771.429|-2883.864 -2771.451|-2962.857 -2771.574|-2965.716 -2771.562|-2965.709 -2774.698|-2965.583 -2830.262|-2947.555 -2830.218|-2947.478 -2862.920|-2901.956 -2862.853|-2901.949 -2869.948|-2897.964 -2869.948|-2897.943 -2875.941|-2883.892 -2875.919|-2871.932 -2875.908|-2871.939 -2862.842|-2871.932 -2841.515|-2871.925 -2820.188|-2871.925 -2814.094
272V 2233 34 AV SW,-2871.883 -2771.429|-2883.864 -2771.451|-2962.857 -2771.574|-2965.716 -2771.562|-2965.709 -2774.698|-2965.583 -2830.262|-2947.555 -2830.218|-2947.478 -2862.920|-2901.956 -2862.853|-2901.949 -2869.948|-2897.964 -2869.948|-2897.943 -2875.941|-2883.892 -2875.919|-2871.932 -2875.908|-2871.939 -2862.842|-2871.932 -2841.515|-2871.925 -2820.188|-2871.925 -2814.094
273V 2233 34 AV SW,-2871.883 -2771.429|-2883.864 -2771.451|-2962.857 -2771.574|-2965.716 -2771.562|-2965.709 -2774.698|-2965.583 -2830.262|-2947.555 -2830.218|-2947.478 -2862.920|-2901.956 -2862.853|-2901.949 -2869.948|-2897.964 -2869.948|-2897.943 -2875.941|-2883.892 -2875.919|-2871.932 -2875.908|-2871.939 -2862.842|-2871.932 -2841.515|-2871.925 -2820.188|-2871.925 -2814.094
274V 2233 34 AV SW,-2871.883 -2771.429|-2883.864 -2771.451|-2962.857 -2771.574|-2965.716 -2771.562|-2965.709 -2774.698|-2965.583 -2830.262|-2947.555 -2830.218|-2947.478 -2862.920|-2901.956 -2862.853|-2901.949 -2869.948|-2897.964 -2869.948|-2897.943 -2875.941|-2883.892 -2875.919|-2871.932 -2875.908|-2871.939 -2862.842|-2871.932 -2841.515|-2871.925 -2820.188|-2871.925 -2814.094
275V 2233 34 AV SW,-2871.883 -2771.429|-2883.864 -2771.451|-2962.857 -2771.574|-2965.716 -2771.562|-2965.709 -2774.698|-2965.583 -2830.262|-2947.555 -2830.218|-2947.478 -2862.920|-2901.956 -2862.853|-2901.949 -2869.948|-2897.964 -2869.948|-2897.943 -2875.941|-2883.892 -2875.919|-2871.932 -2875.908|-2871.939 -2862.842|-2871.932 -2841.515|-2871.925 -2820.188|-2871.925 -2814.094
276V 2233 34 AV SW,-2871.883 -2771.429|-2883.864 -2771.451|-2962.857 -2771.574|-2965.716 -2771.562|-2965.709 -2774.698|-2965.583 -2830.262|-2947.555 -2830.218|-2947.478 -2862.920|-2901.956 -2862.853|-2901.949 -2869.948|-2897.964 -2869.948|-2897.943 -2875.941|-2883.892 -2875.919|-2871.932 -2875.908|-2871.939 -2862.842|-2871.932 -2841.515|-2871.925 -2820.188|-2871.925 -2814.094
277V 2233 34 AV SW,-2871.883 -2771.429|-2883.864 -2771.451|-2962.857 -2771.574|-2965.716 -2771.562|-2965.709 -2774.698|-2965.583 -2830.262|-2947.555 -2830.218|-2947.478 -2862.920|-2901.956 -2862.853|-2901.949 -2869.948|-2897.964 -2869.948|-2897.943 -2875.941|-2883.892 -2875.919|-2871.932 -2875.908|-2871.939 -2862.842|-2871.932 -2841.515|-2871.925 -2820.188|-2871.925 -2814.094
278V 2233 34 AV SW,-2871.883 -2771.429|-2883.864 -2771.451|-2962.857 -2771.574|-2965.716 -2771.562|-2965.709 -2774.698|-2965.583 -2830.262|-2947.555 -2830.218|-2947.478 -2862.920|-2901.956 -2862.853|-2901.949 -2869.948|-2897.964 -2869.948|-2897.943 -2875.941|-2883.892 -2875.919|-2871.932 -2875.908|-2871.939 -2862.842|-2871.932 -2841.515|-2871.925 -2820.188|-2871.925 -2814.094
279V 2233 34 AV SW,-2871.883 -2771.429|-2883.864 -2771.451|-2962.857 -2771.574|-2965.716 -2771.562|-2965.709 -2774.698|-2965.583 -2830.262|-2947.555 -2830.218|-2947.478 -2862.920|-2901.956 -2862.853|-2901.949 -2869.948|-2897.964 -2869.948|-2897.943 -2875.941|-2883.892 -2875.919|-2871.932 -2875.908|-2871.939 -2862.842|-2871.932 -2841.515|-2871.925 -2820.188|-2871.925 -2814.094
280V 2233 34 AV SW,-2871.883 -2771.429|-2883.864 -2771.451|-2962.857 -2771.574|-2965.716 -2771.562|-2965.709 -2774.698|-2965.583 -2830.262|-2947.555 -2830.218|-2947.478 -2862.920|-2901.956 -2862.853|-2901.949 -2869.948|-2897.964 -2869.948|-2897.943 -2875.941|-2883.892 -2875.919|-2871.932 -2875.908|-2871.939 -2862.842|-2871.932 -2841.515|-2871.925 -2820.188|-2871.925 -2814.094
396S 2233 34 AV SW,-2871.883 -2771.429|-2883.864 -2771.451|-2962.857 -2771.574|-2965.716 -2771.562|-2965.709 -2774.698|-2965.583 -2830.262|-2947.555 -2830.218|-2947.478 -2862.920|-2901.956 -2862.853|-2901.949 -2869.948|-2897.964 -2869.948|-2897.943 -2875.941|-2883.892 -2875.919|-2871.932 -2875.908|-2871.939 -2862.842|-2871.932 -2841.515|-2871.925 -2820.188|-2871.925 -2814.094
397S 2233 34 AV SW,-2871.883 -2771.429|-2883.864 -2771.451|-2962.857 -2771.574|-2965.716 -2771.562|-2965.709 -2774.698|-2965.583 -2830.262|-2947.555 -2830.218|-2947.478 -2862.920|-2901.956 -2862.853|-2901.949 -2869.948|-2897.964 -2869.948|-2897.943 -2875.941|-2883.892 -2875.919|-2871.932 -2875.908|-2871.939 -2862.842|-2871.932 -2841.515|-2871.925 -2820.188|-2871.925 -2814.094
398S 2233 34 AV SW,-2871.883 -2771.429|-2883.864 -2771.451|-2962.857 -2771.574|-2965.716 -2771.562|-2965.709 -2774.698|-2965.583 -2830.262|-2947.555 -2830.218|-2947.478 -2862.920|-2901.956 -2862.853|-2901.949 -2869.948|-2897.964 -2869.948|-2897.943 -2875.941|-2883.892 -2875.919|-2871.932 -2875.908|-2871.939 -2862.842|-2871.932 -2841.515|-2871.925 -2820.188|-2871.925 -2814.094
399S 2233 34 AV SW,-2871.883 -2771.429|-2883.864 -2771.451|-2962.857 -2771.574|-2965.716 -2771.562|-2965.709 -2774.698|-2965.583 -2830.262|-2947.555 -2830.218|-2947.478 -2862.920|-2901.956 -2862.853|-2901.949 -2869.948|-2897.964 -2869.948|-2897.943 -2875.941|-2883.892 -2875.919|-2871.932 -2875.908|-2871.939 -2862.842|-2871.932 -2841.515|-2871.925 -2820.188|-2871.925 -2814.094
400S 2233 34 AV SW,-2871.883 -2771.429|-2883.864 -2771.451|-2962.857 -2771.574|-2965.716 -2771.562|-2965.709 -2774.698|-2965.583 -2830.262|-2947.555 -2830.218|-2947.478 -2862.920|-2901.956 -2862.853|-2901.949 -2869.948|-2897.964 -2869.948|-2897.943 -2875.941|-2883.892 -2875.919|-2871.932 -2875.908|-2871.939 -2862.842|-2871.932 -2841.515|-2871.925 -2820.188|-2871.925 -2814.094
401S 2233 34 AV SW,-2871.883 -2771.429|-2883.864 -2771.451|-2962.857 -2771.574|-2965.716 -2771.562|-2965.709 -2774.698|-2965.583 -2830.262|-2947.555 -2830.218|-2947.478 -2862.920|-2901.956 -2862.853|-2901.949 -2869.948|-2897.964 -2869.948|-2897.943 -2875.941|-2883.892 -2875.919|-2871.932 -2875.908|-2871.939 -2862.842|-2871.932 -2841.515|-2871.925 -2820.188|-2871.925 -2814.094
402S 2233 34 AV SW,-2871.883 -2771.429|-2883.864 -2771.451|-2962.857 -2771.574|-2965.716 -2771.562|-2965.709 -2774.698|-2965.583 -2830.262|-2947.555 -2830.218|-2947.478 -2862.920|-2901.956 -2862.853|-2901.949 -2869.948|-2897.964 -2869.948|-2897.943 -2875.941|-2883.892 -2875.919|-2871.932 -2875.908|-2871.939 -2862.842|-2871.932 -2841.515|-2871.925 -2820.188|-2871.925 -2814.094
403S 2233 34 AV SW,-2871.883 -2771.429|-2883.864 -2771.451|-2962.857 -2771.574|-2965.716 -2771.562|-2965.709 -2774.698|-2965.583 -2830.262|-2947.555 -2830.218|-2947.478 -2862.920|-2901.956 -2862.853|-2901.949 -2869.948|-2897.964 -2869.948|-2897.943 -2875.941|-2883.892 -2875.919|-2871.932 -2875.908|-2871.939 -2862.842|-2871.932 -2841.515|-2871.925 -2820.188|-2871.925 -2814.094
404S 2233 34 AV SW,-2871.883 -2771.429|-2883.864 -2771.451|-2962.857 -2771.574|-2965.716 -2771.562|-2965.709 -2774.698|-2965.583 -2830.262|-2947.555 -2830.218|-2947.478 -2862.920|-2901.956 -2862.853|-2901.949 -2869.948|-2897.964 -2869.948|-2897.943 -2875.941|-2883.892 -2875.919|-2871.932 -2875.908|-2871.939 -2862.842|-2871.932 -2841.515|-2871.925 -2820.188|-2871.925 -2814.094
405S 2233 34 AV SW,-2871.883 -2771.429|-2883.864 -2771.451|-2962.857 -2771.574|-2965.716 -2771.562|-2965.709 -2774.698|-2965.583 -2830.262|-2947.555 -2830.218|-2947.478 -2862.920|-2901.956 -2862.853|-2901.949 -2869.948|-2897.964 -2869.948|-2897.943 -2875.941|-2883.892 -2875.919|-2871.932 -2875.908|-2871.939 -2862.842|-2871.932 -2841.515|-2871.925 -2820.188|-2871.925 -2814.094
406S 2233 34 AV SW,-2871.883 -2771.429|-2883.864 -2771.451|-2962.857 -2771.574|-2965.716 -2771.562|-2965.709 -2774.698|-2965.583 -2830.262|-2947.555 -2830.218|-2947.478 -2862.920|-2901.956 -2862.853|-2901.949 -2869.948|-2897.964 -2869.948|-2897.943 -2875.941|-2883.892 -2875.919|-2871.932 -2875.908|-2871.939 -2862.842|-2871.932 -2841.515|-2871.925 -2820.188|-2871.925 -2814.094
407S 2233 34 AV SW,-2871.883 -2771.429|-2883.864 -2771.451|-2962.857 -2771.574|-2965.716 -2771.562|-2965.709 -2774.698|-2965.583 -2830.262|-2947.555 -2830.218|-2947.478 -2862.920|-2901.956 -2862.853|-2901.949 -2869.948|-2897.964 -2869.948|-2897.943 -2875.941|-2883.892 -2875.919|-2871.932 -2875.908|-2871.939 -2862.842|-2871.932 -2841.515|-2871.925 -2820.188|-2871.925 -2814.094
408S 2233 34 AV SW,-2871.883 -2771.429|-2883.864 -2771.451|-2962.857 -2771.574|-2965.716 -2771.562|-2965.709 -2774.698|-2965.583 -2830.262|-2947.555 -2830.218|-2947.478 -2862.920|-2901.956 -2862.853|-2901.949 -2869.948|-2897.964 -2869.948|-2897.943 -2875.941|-2883.892 -2875.919|-2871.932 -2875.908|-2871.939 -2862.842|-2871.932 -2841.515|-2871.925 -2820.188|-2871.925 -2814.094
409S 2233 34 AV SW,-2871.883 -2771.429|-2883.864 -2771.451|-2962.857 -2771.574|-2965.716 -2771.562|-2965.709 -2774.698|-2965.583 -2830.262|-2947.555 -2830.218|-2947.478 -2862.920|-2901.956 -2862.853|-2901.949 -2869.948|-2897.964 -2869.948|-2897.943 -2875.941|-2883.892 -2875.919|-2871.932 -2875.908|-2871.939 -2862.842|-2871.932 -2841.515|-2871.925 -2820.188|-2871.925 -2814.094
410S 2233 34 AV SW,-2871.883 -2771.429|-2883.864 -2771.451|-2962.857 -2771.574|-2965.716 -2771.562|-2965.709 -2774.698|-2965.583 -2830.262|-2947.555 -2830.218|-2947.478 -2862.920|-2901.956 -2862.853|-2901.949 -2869.948|-2897.964 -2869.948|-2897.943 -2875.941|-2883.892 -2875.919|-2871.932 -2875.908|-2871.939 -2862.842|-2871.932 -2841.515|-2871.925 -2820.188|-2871.925 -2814.094
411S 2233 34 AV SW,-2871.883 -2771.429|-2883.864 -2771.451|-2962.857 -2771.574|-2965.716 -2771.562|-2965.709 -2774.698|-2965.583 -2830.262|-2947.555 -2830.218|-2947.478 -2862.920|-2901.956 -2862.853|-2901.949 -2869.948|-2897.964 -2869.948|-2897.943 -2875.941|-2883.892 -2875.919|-2871.932 -2875.908|-2871.939 -2862.842|-2871.932 -2841.515|-2871.925 -2820.188|-2871.925 -2814.094
412S 2233 34 AV SW,-2871.883 -2771.429|-2883.864 -2771.451|-2962.857 -2771.574|-2965.716 -2771.562|-2965.709 -2774.698|-2965.583 -2830.262|-2947.555 -2830.218|-2947.478 -2862.920|-2901.956 -2862.853|-2901.949 -2869.948|-2897.964 -2869.948|-2897.943 -2875.941|-2883.892 -2875.919|-2871.932 -2875.908|-2871.939 -2862.842|-2871.932 -2841.515|-2871.925 -2820.188|-2871.925 -2814.094
413S 2233 34 AV SW,-2871.883 -2771.429|-2883.864 -2771.451|-2962.857 -2771.574|-2965.716 -2771.562|-2965.709 -2774.698|-2965.583 -2830.262|-2947.555 -2830.218|-2947.478 -2862.920|-2901.956 -2862.853|-2901.949 -2869.948|-2897.964 -2869.948|-2897.943 -2875.941|-2883.892 -2875.919|-2871.932 -2875.908|-2871.939 -2862.842|-2871.932 -2841.515|-2871.925 -2820.188|-2871.925 -2814.094
414S 2233 34 AV SW,-2871.883 -2771.429|-2883.864 -2771.451|-2962.857 -2771.574|-2965.716 -2771.562|-2965.709 -2774.698|-2965.583 -2830.262|-2947.555 -2830.218|-2947.478 -2862.920|-2901.956 -2862.853|-2901.949 -2869.948|-2897.964 -2869.948|-2897.943 -2875.941|-2883.892 -2875.919|-2871.932 -2875.908|-2871.939 -2862.842|-2871.932 -2841.515|-2871.925 -2820.188|-2871.925 -2814.094
415S 2233 34 AV SW,-2871.883 -2771.429|-2883.864 -2771.451|-2962.857 -2771.574|-2965.716 -2771.562|-2965.709 -2774.698|-2965.583 -2830.262|-2947.555 -2830.218|-2947.478 -2862.920|-2901.956 -2862.853|-2901.949 -2869.948|-2897.964 -2869.948|-2897.943 -2875.941|-2883.892 -2875.919|-2871.932 -2875.908|-2871.939 -2862.842|-2871.932 -2841.515|-2871.925 -2820.188|-2871.925 -2814.094
416S 2233 34 AV SW,-2871.883 -2771.429|-2883.864 -2771.451|-2962.857 -2771.574|-2965.716 -2771.562|-2965.709 -2774.698|-2965.583 -2830.262|-2947.555 -2830.218|-2947.478 -2862.920|-2901.956 -2862.853|-2901.949 -2869.948|-2897.964 -2869.948|-2897.943 -2875.941|-2883.892 -2875.919|-2871.932 -2875.908|-2871.939 -2862.842|-2871.932 -2841.515|-2871.925 -2820.188|-2871.925 -2814.094
417S 2233 34 AV SW,-2871.883 -2771.429|-2883.864 -2771.451|-2962.857 -2771.574|-2965.716 -2771.562|-2965.709 -2774.698|-2965.583 -2830.262|-2947.555 -2830.218|-2947.478 -2862.920|-2901.956 -2862.853|-2901.949 -2869.948|-2897.964 -2869.948|-2897.943 -2875.941|-2883.892 -2875.919|-2871.932 -2875.908|-2871.939 -2862.842|-2871.932 -2841.515|-2871.925 -2820.188|-2871.925 -2814.094
418S 2233 34 AV SW,-2871.883 -2771.429|-2883.864 -2771.451|-2962.857 -2771.574|-2965.716 -2771.562|-2965.709 -2774.698|-2965.583 -2830.262|-2947.555 -2830.218|-2947.478 -2862.920|-2901.956 -2862.853|-2901.949 -2869.948|-2897.964 -2869.948|-2897.943 -2875.941|-2883.892 -2875.919|-2871.932 -2875.908|-2871.939 -2862.842|-2871.932 -2841.515|-2871.925 -2820.188|-2871.925 -2814.094
419S 2233 34 AV SW,-2871.883 -2771.429|-2883.864 -2771.451|-2962.857 -2771.574|-2965.716 -2771.562|-2965.709 -2774.698|-2965.583 -2830.262|-2947.555 -2830.218|-2947.478 -2862.920|-2901.956 -2862.853|-2901.949 -2869.948|-2897.964 -2869.948|-2897.943 -2875.941|-2883.892 -2875.919|-2871.932 -2875.908|-2871.939 -2862.842|-2871.932 -2841.515|-2871.925 -2820.188|-2871.925 -2814.094
420S 2233 34 AV SW,-2871.883 -2771.429|-2883.864 -2771.451|-2962.857 -2771.574|-2965.716 -2771.562|-2965.709 -2774.698|-2965.583 -2830.262|-2947.555 -2830.218|-2947.478 -2862.920|-2901.956 -2862.853|-2901.949 -2869.948|-2897.964 -2869.948|-2897.943 -2875.941|-2883.892 -2875.919|-2871.932 -2875.908|-2871.939 -2862.842|-2871.932 -2841.515|-2871.925 -2820.188|-2871.925 -2814.094
421S 2233 34 AV SW,-2871.883 -2771.429|-2883.864 -2771.451|-2962.857 -2771.574|-2965.716 -2771.562|-2965.709 -2774.698|-2965.583 -2830.262|-2947.555 -2830.218|-2947.478 -2862.920|-2901.956 -2862.853|-2901.949 -2869.948|-2897.964 -2869.948|-2897.943 -2875.941|-2883.892 -2875.919|-2871.932 -2875.908|-2871.939 -2862.842|-2871.932 -2841.515|-2871.925 -2820.188|-2871.925 -2814.094
422S 2233 34 AV SW,-2871.883 -2771.429|-2883.864 -2771.451|-2962.857 -2771.574|-2965.716 -2771.562|-2965.709 -2774.698|-2965.583 -2830.262|-2947.555 -2830.218|-2947.478 -2862.920|-2901.956 -2862.853|-2901.949 -2869.948|-2897.964 -2869.948|-2897.943 -2875.941|-2883.892 -2875.919|-2871.932 -2875.908|-2871.939 -2862.842|-2871.932 -2841.515|-2871.925 -2820.188|-2871.925 -2814.094
423S 2233 34 AV SW,-2871.883 -2771.429|-2883.864 -2771.451|-2962.857 -2771.574|-2965.716 -2771.562|-2965.709 -2774.698|-2965.583 -2830.262|-2947.555 -2830.218|-2947.478 -2862.920|-2901.956 -2862.853|-2901.949 -2869.948|-2897.964 -2869.948|-2897.943 -2875.941|-2883.892 -2875.919|-2871.932 -2875.908|-2871.939 -2862.842|-2871.932 -2841.515|-2871.925 -2820.188|-2871.925 -2814.094
424S 2233 34 AV SW,-2871.883 -2771.429|-2883.864 -2771.451|-2962.857 -2771.574|-2965.716 -2771.562|-2965.709 -2774.698|-2965.583 -2830.262|-2947.555 -2830.218|-2947.478 -2862.920|-2901.956 -2862.853|-2901.949 -2869.948|-2897.964 -2869.948|-2897.943 -2875.941|-2883.892 -2875.919|-2871.932 -2875.908|-2871.939 -2862.842|-2871.932 -2841.515|-2871.925 -2820.188|-2871.925 -2814.094
425S 2233 34 AV SW,-2871.883 -2771.429|-2883.864 -2771.451|-2962.857 -2771.574|-2965.716 -2771.562|-2965.709 -2774.698|-2965.583 -2830.262|-2947.555 -2830.218|-2947.478 -2862.920|-2901.956 -2862.853|-2901.949 -2869.948|-2897.964 -2869.948|-2897.943 -2875.941|-2883.892 -2875.919|-2871.932 -2875.908|-2871.939 -2862.842|-2871.932 -2841.515|-2871.925 -2820.188|-2871.925 -2814.094
426S 2233 34 AV SW,-2871.883 -2771.429|-2883.864 -2771.451|-2962.857 -2771.574|-2965.716 -2771.562|-2965.709 -2774.698|-2965.583 -2830.262|-2947.555 -2830.218|-2947.478 -2862.920|-2901.956 -2862.853|-2901.949 -2869.948|-2897.964 -2869.948|-2897.943 -2875.941|-2883.892 -2875.919|-2871.932 -2875.908|-2871.939 -2862.842|-2871.932 -2841.515|-2871.925 -2820.188|-2871.925 -2814.094
427S 2233 34 AV SW,-2871.883 -2771.429|-2883.864 -2771.451|-2962.857 -2771.574|-2965.716 -2771.562|-2965.709 -2774.698|-2965.583 -2830.262|-2947.555 -2830.218|-2947.478 -2862.920|-2901.956 -2862.853|-2901.949 -2869.948|-2897.964 -2869.948|-2897.943 -2875.941|-2883.892 -2875.919|-2871.932 -2875.908|-2871.939 -2862.842|-2871.932 -2841.515|-2871.925 -2820.188|-2871.925 -2814.094
428S 2233 34 AV SW,-2871.883 -2771.429|-2883.864 -2771.451|-2962.857 -2771.574|-2965.716 -2771.562|-2965.709 -2774.698|-2965.583 -2830.262|-2947.555 -2830.218|-2947.478 -2862.920|-2901.956 -2862.853|-2901.949 -2869.948|-2897.964 -2869.948|-2897.943 -2875.941|-2883.892 -2875.919|-2871.932 -2875.908|-2871.939 -2862.842|-2871.932 -2841.515|-2871.925 -2820.188|-2871.925 -2814.094
429S 2233 34 AV SW,-2871.883 -2771.429|-2883.864 -2771.451|-2962.857 -2771.574|-2965.716 -2771.562|-2965.709 -2774.698|-2965.583 -2830.262|-2947.555 -2830.218|-2947.478 -2862.920|-2901.956 -2862.853|-2901.949 -2869.948|-2897.964 -2869.948|-2897.943 -2875.941|-2883.892 -2875.919|-2871.932 -2875.908|-2871.939 -2862.842|-2871.932 -2841.515|-2871.925 -2820.188|-2871.925 -2814.094
430S 2233 34 AV SW,-2871.883 -2771.429|-2883.864 -2771.451|-2962.857 -2771.574|-2965.716 -2771.562|-2965.709 -2774.698|-2965.583 -2830.262|-2947.555 -2830.218|-2947.478 -2862.920|-2901.956 -2862.853|-2901.949 -2869.948|-2897.964 -2869.948|-2897.943 -2875.941|-2883.892 -2875.919|-2871.932 -2875.908|-2871.939 -2862.842|-2871.932 -2841.515|-2871.925 -2820.188|-2871.925 -2814.094
431S 2233 34 AV SW,-2871.883 -2771.429|-2883.864 -2771.451|-2962.857 -2771.574|-2965.716 -2771.562|-2965.709 -2774.698|-2965.583 -2830.262|-2947.555 -2830.218|-2947.478 -2862.920|-2901.956 -2862.853|-2901.949 -2869.948|-2897.964 -2869.948|-2897.943 -2875.941|-2883.892 -2875.919|-2871.932 -2875.908|-2871.939 -2862.842|-2871.932 -2841.515|-2871.925 -2820.188|-2871.925 -2814.094
331S 2233 34 AV SW,-2871.883 -2771.429|-2883.864 -2771.451|-2962.857 -2771.574|-2965.716 -2771.562|-2965.709 -2774.698|-2965.583 -2830.262|-2947.555 -2830.218|-2947.478 -2862.920|-2901.956 -2862.853|-2901.949 -2869.948|-2897.964 -2869.948|-2897.943 -2875.941|-2883.892 -2875.919|-2871.932 -2875.908|-2871.939 -2862.842|-2871.932 -2841.515|-2871.925 -2820.188|-2871.925 -2814.094
332S 2233 34 AV SW,-2871.883 -2771.429|-2883.864 -2771.451|-2962.857 -2771.574|-2965.716 -2771.562|-2965.709 -2774.698|-2965.583 -2830.262|-2947.555 -2830.218|-2947.478 -2862.920|-2901.956 -2862.853|-2901.949 -2869.948|-2897.964 -2869.948|-2897.943 -2875.941|-2883.892 -2875.919|-2871.932 -2875.908|-2871.939 -2862.842|-2871.932 -2841.515|-2871.925 -2820.188|-2871.925 -2814.094
333S 2233 34 AV SW,-2871.883 -2771.429|-2883.864 -2771.451|-2962.857 -2771.574|-2965.716 -2771.562|-2965.709 -2774.698|-2965.583 -2830.262|-2947.555 -2830.218|-2947.478 -2862.920|-2901.956 -2862.853|-2901.949 -2869.948|-2897.964 -2869.948|-2897.943 -2875.941|-2883.892 -2875.919|-2871.932 -2875.908|-2871.939 -2862.842|-2871.932 -2841.515|-2871.925 -2820.188|-2871.925 -2814.094
334S 2233 34 AV SW,-2871.883 -2771.429|-2883.864 -2771.451|-2962.857 -2771.574|-2965.716 -2771.562|-2965.709 -2774.698|-2965.583 -2830.262|-2947.555 -2830.218|-2947.478 -2862.920|-2901.956 -2862.853|-2901.949 -2869.948|-2897.964 -2869.948|-2897.943 -2875.941|-2883.892 -2875.919|-2871.932 -2875.908|-2871.939 -2862.842|-2871.932 -2841.515|-2871.925 -2820.188|-2871.925 -2814.094
335S 2233 34 AV SW,-2871.883 -2771.429|-2883.864 -2771.451|-2962.857 -2771.574|-2965.716 -2771.562|-2965.709 -2774.698|-2965.583 -2830.262|-2947.555 -2830.218|-2947.478 -2862.920|-2901.956 -2862.853|-2901.949 -2869.948|-2897.964 -2869.948|-2897.943 -2875.941|-2883.892 -2875.919|-2871.932 -2875.908|-2871.939 -2862.842|-2871.932 -2841.515|-2871.925 -2820.188|-2871.925 -2814.094
336S 2233 34 AV SW,-2871.883 -2771.429|-2883.864 -2771.451|-2962.857 -2771.574|-2965.716 -2771.562|-2965.709 -2774.698|-2965.583 -2830.262|-2947.555 -2830.218|-2947.478 -2862.920|-2901.956 -2862.853|-2901.949 -2869.948|-2897.964 -2869.948|-2897.943 -2875.941|-2883.892 -2875.919|-2871.932 -2875.908|-2871.939 -2862.842|-2871.932 -2841.515|-2871.925 -2820.188|-2871.925 -2814.094
330S 2233 34 AV SW,-2871.883 -2771.429|-2883.864 -2771.451|-2962.857 -2771.574|-2965.716 -2771.562|-2965.709 -2774.698|-2965.583 -2830.262|-2947.555 -2830.218|-2947.478 -2862.920|-2901.956 -2862.853|-2901.949 -2869.948|-2897.964 -2869.948|-2897.943 -2875.941|-2883.892 -2875.919|-2871.932 -2875.908|-2871.939 -2862.842|-2871.932 -2841.515|-2871.925 -2820.188|-2871.925 -2814.094
337S 2233 34 AV SW,-2871.883 -2771.429|-2883.864 -2771.451|-2962.857 -2771.574|-2965.716 -2771.562|-2965.709 -2774.698|-2965.583 -2830.262|-2947.555 -2830.218|-2947.478 -2862.920|-2901.956 -2862.853|-2901.949 -2869.948|-2897.964 -2869.948|-2897.943 -2875.941|-2883.892 -2875.919|-2871.932 -2875.908|-2871.939 -2862.842|-2871.932 -2841.515|-2871.925 -2820.188|-2871.925 -2814.094
338S 2233 34 AV SW,-2871.883 -2771.429|-2883.864 -2771.451|-2962.857 -2771.574|-2965.716 -2771.562|-2965.709 -2774.698|-2965.583 -2830.262|-2947.555 -2830.218|-2947.478 -2862.920|-2901.956 -2862.853|-2901.949 -2869.948|-2897.964 -2869.948|-2897.943 -2875.941|-2883.892 -2875.919|-2871.932 -2875.908|-2871.939 -2862.842|-2871.932 -2841.515|-2871.925 -2820.188|-2871.925 -2814.094
339S 2233 34 AV SW,-2871.883 -2771.429|-2883.864 -2771.451|-2962.857 -2771.574|-2965.716 -2771.562|-2965.709 -2774.698|-2965.583 -2830.262|-2947.555 -2830.218|-2947.478 -2862.920|-2901.956 -2862.853|-2901.949 -2869.948|-2897.964 -2869.948|-2897.943 -2875.941|-2883.892 -2875.919|-2871.932 -2875.908|-2871.939 -2862.842|-2871.932 -2841.515|-2871.925 -2820.188|-2871.925 -2814.094
340S 2233 34 AV SW,-2871.883 -2771.429|-2883.864 -2771.451|-2962.857 -2771.574|-2965.716 -2771.562|-2965.709 -2774.698|-2965.583 -2830.262|-2947.555 -2830.218|-2947.478 -2862.920|-2901.956 -2862.853|-2901.949 -2869.948|-2897.964 -2869.948|-2897.943 -2875.941|-2883.892 -2875.919|-2871.932 -2875.908|-2871.939 -2862.842|-2871.932 -2841.515|-2871.925 -2820.188|-2871.925 -2814.094
341S 2233 34 AV SW,-2871.883 -2771.429|-2883.864 -2771.451|-2962.857 -2771.574|-2965.716 -2771.562|-2965.709 -2774.698|-2965.583 -2830.262|-2947.555 -2830.218|-2947.478 -2862.920|-2901.956 -2862.853|-2901.949 -2869.948|-2897.964 -2869.948|-2897.943 -2875.941|-2883.892 -2875.919|-2871.932 -2875.908|-2871.939 -2862.842|-2871.932 -2841.515|-2871.925 -2820.188|-2871.925 -2814.094
342S 2233 34 AV SW,-2871.883 -2771.429|-2883.864 -2771.451|-2962.857 -2771.574|-2965.716 -2771.562|-2965.709 -2774.698|-2965.583 -2830.262|-2947.555 -2830.218|-2947.478 -2862.920|-2901.956 -2862.853|-2901.949 -2869.948|-2897.964 -2869.948|-2897.943 -2875.941|-2883.892 -2875.919|-2871.932 -2875.908|-2871.939 -2862.842|-2871.932 -2841.515|-2871.925 -2820.188|-2871.925 -2814.094
343S 2233 34 AV SW,-2871.883 -2771.429|-2883.864 -2771.451|-2962.857 -2771.574|-2965.716 -2771.562|-2965.709 -2774.698|-2965.583 -2830.262|-2947.555 -2830.218|-2947.478 -2862.920|-2901.956 -2862.853|-2901.949 -2869.948|-2897.964 -2869.948|-2897.943 -2875.941|-2883.892 -2875.919|-2871.932 -2875.908|-2871.939 -2862.842|-2871.932 -2841.515|-2871.925 -2820.188|-2871.925 -2814.094
344S 2233 34 AV SW,-2871.883 -2771.429|-2883.864 -2771.451|-2962.857 -2771.574|-2965.716 -2771.562|-2965.709 -2774.698|-2965.583 -2830.262|-2947.555 -2830.218|-2947.478 -2862.920|-2901.956 -2862.853|-2901.949 -2869.948|-2897.964 -2869.948|-2897.943 -2875.941|-2883.892 -2875.919|-2871.932 -2875.908|-2871.939 -2862.842|-2871.932 -2841.515|-2871.925 -2820.188|-2871.925 -2814.094
345S 2233 34 AV SW,-2871.883 -2771.429|-2883.864 -2771.451|-2962.857 -2771.574|-2965.716 -2771.562|-2965.709 -2774.698|-2965.583 -2830.262|-2947.555 -2830.218|-2947.478 -2862.920|-2901.956 -2862.853|-2901.949 -2869.948|-2897.964 -2869.948|-2897.943 -2875.941|-2883.892 -2875.919|-2871.932 -2875.908|-2871.939 -2862.842|-2871.932 -2841.515|-2871.925 -2820.188|-2871.925 -2814.094
346S 2233 34 AV SW,-2871.883 -2771.429|-2883.864 -2771.451|-2962.857 -2771.574|-2965.716 -2771.562|-2965.709 -2774.698|-2965.583 -2830.262|-2947.555 -2830.218|-2947.478 -2862.920|-2901.956 -2862.853|-2901.949 -2869.948|-2897.964 -2869.948|-2897.943 -2875.941|-2883.892 -2875.919|-2871.932 -2875.908|-2871.939 -2862.842|-2871.932 -2841.515|-2871.925 -2820.188|-2871.925 -2814.094
347S 2233 34 AV SW,-2871.883 -2771.429|-2883.864 -2771.451|-2962.857 -2771.574|-2965.716 -2771.562|-2965.709 -2774.698|-2965.583 -2830.262|-2947.555 -2830.218|-2947.478 -2862.920|-2901.956 -2862.853|-2901.949 -2869.948|-2897.964 -2869.948|-2897.943 -2875.941|-2883.892 -2875.919|-2871.932 -2875.908|-2871.939 -2862.842|-2871.932 -2841.515|-2871.925 -2820.188|-2871.925 -2814.094
348S 2233 34 AV SW,-2871.883 -2771.429|-2883.864 -2771.451|-2962.857 -2771.574|-2965.716 -2771.562|-2965.709 -2774.698|-2965.583 -2830.262|-2947.555 -2830.218|-2947.478 -2862.920|-2901.956 -2862.853|-2901.949 -2869.948|-2897.964 -2869.948|-2897.943 -2875.941|-2883.892 -2875.919|-2871.932 -2875.908|-2871.939 -2862.842|-2871.932 -2841.515|-2871.925 -2820.188|-2871.925 -2814.094
349S 2233 34 AV SW,-2871.883 -2771.429|-2883.864 -2771.451|-2962.857 -2771.574|-2965.716 -2771.562|-2965.709 -2774.698|-2965.583 -2830.262|-2947.555 -2830.218|-2947.478 -2862.920|-2901.956 -2862.853|-2901.949 -2869.948|-2897.964 -2869.948|-2897.943 -2875.941|-2883.892 -2875.919|-2871.932 -2875.908|-2871.939 -2862.842|-2871.932 -2841.515|-2871.925 -2820.188|-2871.925 -2814.094
350S 2233 34 AV SW,-2871.883 -2771.429|-2883.864 -2771.451|-2962.857 -2771.574|-2965.716 -2771.562|-2965.709 -2774.698|-2965.583 -2830.262|-2947.555 -2830.218|-2947.478 -2862.920|-2901.956 -2862.853|-2901.949 -2869.948|-2897.964 -2869.948|-2897.943 -2875.941|-2883.892 -2875.919|-2871.932 -2875.908|-2871.939 -2862.842|-2871.932 -2841.515|-2871.925 -2820.188|-2871.925 -2814.094
351S 2233 34 AV SW,-2871.883 -2771.429|-2883.864 -2771.451|-2962.857 -2771.574|-2965.716 -2771.562|-2965.709 -2774.698|-2965.583 -2830.262|-2947.555 -2830.218|-2947.478 -2862.920|-2901.956 -2862.853|-2901.949 -2869.948|-2897.964 -2869.948|-2897.943 -2875.941|-2883.892 -2875.919|-2871.932 -2875.908|-2871.939 -2862.842|-2871.932 -2841.515|-2871.925 -2820.188|-2871.925 -2814.094
352S 2233 34 AV SW,-2871.883 -2771.429|-2883.864 -2771.451|-2962.857 -2771.574|-2965.716 -2771.562|-2965.709 -2774.698|-2965.583 -2830.262|-2947.555 -2830.218|-2947.478 -2862.920|-2901.956 -2862.853|-2901.949 -2869.948|-2897.964 -2869.948|-2897.943 -2875.941|-2883.892 -2875.919|-2871.932 -2875.908|-2871.939 -2862.842|-2871.932 -2841.515|-2871.925 -2820.188|-2871.925 -2814.094
353S 2233 34 AV SW,-2871.883 -2771.429|-2883.864 -2771.451|-2962.857 -2771.574|-2965.716 -2771.562|-2965.709 -2774.698|-2965.583 -2830.262|-2947.555 -2830.218|-2947.478 -2862.920|-2901.956 -2862.853|-2901.949 -2869.948|-2897.964 -2869.948|-2897.943 -2875.941|-2883.892 -2875.919|-2871.932 -2875.908|-2871.939 -2862.842|-2871.932 -2841.515|-2871.925 -2820.188|-2871.925 -2814.094
354S 2233 34 AV SW,-2871.883 -2771.429|-2883.864 -2771.451|-2962.857 -2771.574|-2965.716 -2771.562|-2965.709 -2774.698|-2965.583 -2830.262|-2947.555 -2830.218|-2947.478 -2862.920|-2901.956 -2862.853|-2901.949 -2869.948|-2897.964 -2869.948|-2897.943 -2875.941|-2883.892 -2875.919|-2871.932 -2875.908|-2871.939 -2862.842|-2871.932 -2841.515|-2871.925 -2820.188|-2871.925 -2814.094
355S 2233 34 AV SW,-2871.883 -2771.429|-2883.864 -2771.451|-2962.857 -2771.574|-2965.716 -2771.562|-2965.709 -2774.698|-2965.583 -2830.262|-2947.555 -2830.218|-2947.478 -2862.920|-2901.956 -2862.853|-2901.949 -2869.948|-2897.964 -2869.948|-2897.943 -2875.941|-2883.892 -2875.919|-2871.932 -2875.908|-2871.939 -2862.842|-2871.932 -2841.515|-2871.925 -2820.188|-2871.925 -2814.094
356S 2233 34 AV SW,-2871.883 -2771.429|-2883.864 -2771.451|-2962.857 -2771.574|-2965.716 -2771.562|-2965.709 -2774.698|-2965.583 -2830.262|-2947.555 -2830.218|-2947.478 -2862.920|-2901.956 -2862.853|-2901.949 -2869.948|-2897.964 -2869.948|-2897.943 -2875.941|-2883.892 -2875.919|-2871.932 -2875.908|-2871.939 -2862.842|-2871.932 -2841.515|-2871.925 -2820.188|-2871.925 -2814.094
357S 2233 34 AV SW,-2871.883 -2771.429|-2883.864 -2771.451|-2962.857 -2771.574|-2965.716 -2771.562|-2965.709 -2774.698|-2965.583 -2830.262|-2947.555 -2830.218|-2947.478 -2862.920|-2901.956 -2862.853|-2901.949 -2869.948|-2897.964 -2869.948|-2897.943 -2875.941|-2883.892 -2875.919|-2871.932 -2875.908|-2871.939 -2862.842|-2871.932 -2841.515|-2871.925 -2820.188|-2871.925 -2814.094
358S 2233 34 AV SW,-2871.883 -2771.429|-2883.864 -2771.451|-2962.857 -2771.574|-2965.716 -2771.562|-2965.709 -2774.698|-2965.583 -2830.262|-2947.555 -2830.218|-2947.478 -2862.920|-2901.956 -2862.853|-2901.949 -2869.948|-2897.964 -2869.948|-2897.943 -2875.941|-2883.892 -2875.919|-2871.932 -2875.908|-2871.939 -2862.842|-2871.932 -2841.515|-2871.925 -2820.188|-2871.925 -2814.094
359S 2233 34 AV SW,-2871.883 -2771.429|-2883.864 -2771.451|-2962.857 -2771.574|-2965.716 -2771.562|-2965.709 -2774.698|-2965.583 -2830.262|-2947.555 -2830.218|-2947.478 -2862.920|-2901.956 -2862.853|-2901.949 -2869.948|-2897.964 -2869.948|-2897.943 -2875.941|-2883.892 -2875.919|-2871.932 -2875.908|-2871.939 -2862.842|-2871.932 -2841.515|-2871.925 -2820.188|-2871.925 -2814.094
360S 2233 34 AV SW,-2871.883 -2771.429|-2883.864 -2771.451|-2962.857 -2771.574|-2965.716 -2771.562|-2965.709 -2774.698|-2965.583 -2830.262|-2947.555 -2830.218|-2947.478 -2862.920|-2901.956 -2862.853|-2901.949 -2869.948|-2897.964 -2869.948|-2897.943 -2875.941|-2883.892 -2875.919|-2871.932 -2875.908|-2871.939 -2862.842|-2871.932 -2841.515|-2871.925 -2820.188|-2871.925 -2814.094
361S 2233 34 AV SW,-2871.883 -2771.429|-2883.864 -2771.451|-2962.857 -2771.574|-2965.716 -2771.562|-2965.709 -2774.698|-2965.583 -2830.262|-2947.555 -2830.218|-2947.478 -2862.920|-2901.956 -2862.853|-2901.949 -2869.948|-2897.964 -2869.948|-2897.943 -2875.941|-2883.892 -2875.919|-2871.932 -2875.908|-2871.939 -2862.842|-2871.932 -2841.515|-2871.925 -2820.188|-2871.925 -2814.094
362S 2233 34 AV SW,-2871.883 -2771.429|-2883.864 -2771.451|-2962.857 -2771.574|-2965.716 -2771.562|-2965.709 -2774.698|-2965.583 -2830.262|-2947.555 -2830.218|-2947.478 -2862.920|-2901.956 -2862.853|-2901.949 -2869.948|-2897.964 -2869.948|-2897.943 -2875.941|-2883.892 -2875.919|-2871.932 -2875.908|-2871.939 -2862.842|-2871.932 -2841.515|-2871.925 -2820.188|-2871.925 -2814.094
363S 2233 34 AV SW,-2871.883 -2771.429|-2883.864 -2771.451|-2962.857 -2771.574|-2965.716 -2771.562|-2965.709 -2774.698|-2965.583 -2830.262|-2947.555 -2830.218|-2947.478 -2862.920|-2901.956 -2862.853|-2901.949 -2869.948|-2897.964 -2869.948|-2897.943 -2875.941|-2883.892 -2875.919|-2871.932 -2875.908|-2871.939 -2862.842|-2871.932 -2841.515|-2871.925 -2820.188|-2871.925 -2814.094
364S 2233 34 AV SW,-2871.883 -2771.429|-2883.864 -2771.451|-2962.857 -2771.574|-2965.716 -2771.562|-2965.709 -2774.698|-2965.583 -2830.262|-2947.555 -2830.218|-2947.478 -2862.920|-2901.956 -2862.853|-2901.949 -2869.948|-2897.964 -2869.948|-2897.943 -2875.941|-2883.892 -2875.919|-2871.932 -2875.908|-2871.939 -2862.842|-2871.932 -2841.515|-2871.925 -2820.188|-2871.925 -2814.094
365S 2233 34 AV SW,-2871.883 -2771.429|-2883.864 -2771.451|-2962.857 -2771.574|-2965.716 -2771.562|-2965.709 -2774.698|-2965.583 -2830.262|-2947.555 -2830.218|-2947.478 -2862.920|-2901.956 -2862.853|-2901.949 -2869.948|-2897.964 -2869.948|-2897.943 -2875.941|-2883.892 -2875.919|-2871.932 -2875.908|-2871.939 -2862.842|-2871.932 -2841.515|-2871.925 -2820.188|-2871.925 -2814.094
366S 2233 34 AV SW,-2871.883 -2771.429|-2883.864 -2771.451|-2962.857 -2771.574|-2965.716 -2771.562|-2965.709 -2774.698|-2965.583 -2830.262|-2947.555 -2830.218|-2947.478 -2862.920|-2901.956 -2862.853|-2901.949 -2869.948|-2897.964 -2869.948|-2897.943 -2875.941|-2883.892 -2875.919|-2871.932 -2875.908|-2871.939 -2862.842|-2871.932 -2841.515|-2871.925 -2820.188|-2871.925 -2814.094
367S 2233 34 AV SW,-2871.883 -2771.429|-2883.864 -2771.451|-2962.857 -2771.574|-2965.716 -2771.562|-2965.709 -2774.698|-2965.583 -2830.262|-2947.555 -2830.218|-2947.478 -2862.920|-2901.956 -2862.853|-2901.949 -2869.948|-2897.964 -2869.948|-2897.943 -2875.941|-2883.892 -2875.919|-2871.932 -2875.908|-2871.939 -2862.842|-2871.932 -2841.515|-2871.925 -2820.188|-2871.925 -2814.094
368S 2233 34 AV SW,-2871.883 -2771.429|-2883.864 -2771.451|-2962.857 -2771.574|-2965.716 -2771.562|-2965.709 -2774.698|-2965.583 -2830.262|-2947.555 -2830.218|-2947.478 -2862.920|-2901.956 -2862.853|-2901.949 -2869.948|-2897.964 -2869.948|-2897.943 -2875.941|-2883.892 -2875.919|-2871.932 -2875.908|-2871.939 -2862.842|-2871.932 -2841.515|-2871.925 -2820.188|-2871.925 -2814.094
369S 2233 34 AV SW,-2871.883 -2771.429|-2883.864 -2771.451|-2962.857 -2771.574|-2965.716 -2771.562|-2965.709 -2774.698|-2965.583 -2830.262|-2947.555 -2830.218|-2947.478 -2862.920|-2901.956 -2862.853|-2901.949 -2869.948|-2897.964 -2869.948|-2897.943 -2875.941|-2883.892 -2875.919|-2871.932 -2875.908|-2871.939 -2862.842|-2871.932 -2841.515|-2871.925 -2820.188|-2871.925 -2814.094
370S 2233 34 AV SW,-2871.883 -2771.429|-2883.864 -2771.451|-2962.857 -2771.574|-2965.716 -2771.562|-2965.709 -2774.698|-2965.583 -2830.262|-2947.555 -2830.218|-2947.478 -2862.920|-2901.956 -2862.853|-2901.949 -2869.948|-2897.964 -2869.948|-2897.943 -2875.941|-2883.892 -2875.919|-2871.932 -2875.908|-2871.939 -2862.842|-2871.932 -2841.515|-2871.925 -2820.188|-2871.925 -2814.094
371S 2233 34 AV SW,-2871.883 -2771.429|-2883.864 -2771.451|-2962.857 -2771.574|-2965.716 -2771.562|-2965.709 -2774.698|-2965.583 -2830.262|-2947.555 -2830.218|-2947.478 -2862.920|-2901.956 -2862.853|-2901.949 -2869.948|-2897.964 -2869.948|-2897.943 -2875.941|-2883.892 -2875.919|-2871.932 -2875.908|-2871.939 -2862.842|-2871.932 -2841.515|-2871.925 -2820.188|-2871.925 -2814.094
372S 2233 34 AV SW,-2871.883 -2771.429|-2883.864 -2771.451|-2962.857 -2771.574|-2965.716 -2771.562|-2965.709 -2774.698|-2965.583 -2830.262|-2947.555 -2830.218|-2947.478 -2862.920|-2901.956 -2862.853|-2901.949 -2869.948|-2897.964 -2869.948|-2897.943 -2875.941|-2883.892 -2875.919|-2871.932 -2875.908|-2871.939 -2862.842|-2871.932 -2841.515|-2871.925 -2820.188|-2871.925 -2814.094
373S 2233 34 AV SW,-2871.883 -2771.429|-2883.864 -2771.451|-2962.857 -2771.574|-2965.716 -2771.562|-2965.709 -2774.698|-2965.583 -2830.262|-2947.555 -2830.218|-2947.478 -2862.920|-2901.956 -2862.853|-2901.949 -2869.948|-2897.964 -2869.948|-2897.943 -2875.941|-2883.892 -2875.919|-2871.932 -2875.908|-2871.939 -2862.842|-2871.932 -2841.515|-2871.925 -2820.188|-2871.925 -2814.094
374S 2233 34 AV SW,-2871.883 -2771.429|-2883.864 -2771.451|-2962.857 -2771.574|-2965.716 -2771.562|-2965.709 -2774.698|-2965.583 -2830.262|-2947.555 -2830.218|-2947.478 -2862.920|-2901.956 -2862.853|-2901.949 -2869.948|-2897.964 -2869.948|-2897.943 -2875.941|-2883.892 -2875.919|-2871.932 -2875.908|-2871.939 -2862.842|-2871.932 -2841.515|-2871.925 -2820.188|-2871.925 -2814.094
206 2233 34 AV SW,-2871.883 -2771.429|-2883.864 -2771.451|-2962.857 -2771.574|-2965.716 -2771.562|-2965.709 -2774.698|-2965.583 -2830.262|-2947.555 -2830.218|-2947.478 -2862.920|-2901.956 -2862.853|-2901.949 -2869.948|-2897.964 -2869.948|-2897.943 -2875.941|-2883.892 -2875.919|-2871.932 -2875.908|-2871.939 -2862.842|-2871.932 -2841.515|-2871.925 -2820.188|-2871.925 -2814.094
205 2233 34 AV SW,-2871.883 -2771.429|-2883.864 -2771.451|-2962.857 -2771.574|-2965.716 -2771.562|-2965.709 -2774.698|-2965.583 -2830.262|-2947.555 -2830.218|-2947.478 -2862.920|-2901.956 -2862.853|-2901.949 -2869.948|-2897.964 -2869.948|-2897.943 -2875.941|-2883.892 -2875.919|-2871.932 -2875.908|-2871.939 -2862.842|-2871.932 -2841.515|-2871.925 -2820.188|-2871.925 -2814.094
204 2233 34 AV SW,-2871.883 -2771.429|-2883.864 -2771.451|-2962.857 -2771.574|-2965.716 -2771.562|-2965.709 -2774.698|-2965.583 -2830.262|-2947.555 -2830.218|-2947.478 -2862.920|-2901.956 -2862.853|-2901.949 -2869.948|-2897.964 -2869.948|-2897.943 -2875.941|-2883.892 -2875.919|-2871.932 -2875.908|-2871.939 -2862.842|-2871.932 -2841.515|-2871.925 -2820.188|-2871.925 -2814.094
203 2233 34 AV SW,-2871.883 -2771.429|-2883.864 -2771.451|-2962.857 -2771.574|-2965.716 -2771.562|-2965.709 -2774.698|-2965.583 -2830.262|-2947.555 -2830.218|-2947.478 -2862.920|-2901.956 -2862.853|-2901.949 -2869.948|-2897.964 -2869.948|-2897.943 -2875.941|-2883.892 -2875.919|-2871.932 -2875.908|-2871.939 -2862.842|-2871.932 -2841.515|-2871.925 -2820.188|-2871.925 -2814.094
202 2233 34 AV SW,-2871.883 -2771.429|-2883.864 -2771.451|-2962.857 -2771.574|-2965.716 -2771.562|-2965.709 -2774.698|-2965.583 -2830.262|-2947.555 -2830.218|-2947.478 -2862.920|-2901.956 -2862.853|-2901.949 -2869.948|-2897.964 -2869.948|-2897.943 -2875.941|-2883.892 -2875.919|-2871.932 -2875.908|-2871.939 -2862.842|-2871.932 -2841.515|-2871.925 -2820.188|-2871.925 -2814.094
201 2233 34 AV SW,-2871.883 -2771.429|-2883.864 -2771.451|-2962.857 -2771.574|-2965.716 -2771.562|-2965.709 -2774.698|-2965.583 -2830.262|-2947.555 -2830.218|-2947.478 -2862.920|-2901.956 -2862.853|-2901.949 -2869.948|-2897.964 -2869.948|-2897.943 -2875.941|-2883.892 -2875.919|-2871.932 -2875.908|-2871.939 -2862.842|-2871.932 -2841.515|-2871.925 -2820.188|-2871.925 -2814.094
242 2233 34 AV SW,-2871.883 -2771.429|-2883.864 -2771.451|-2962.857 -2771.574|-2965.716 -2771.562|-2965.709 -2774.698|-2965.583 -2830.262|-2947.555 -2830.218|-2947.478 -2862.920|-2901.956 -2862.853|-2901.949 -2869.948|-2897.964 -2869.948|-2897.943 -2875.941|-2883.892 -2875.919|-2871.932 -2875.908|-2871.939 -2862.842|-2871.932 -2841.515|-2871.925 -2820.188|-2871.925 -2814.094
241 2233 34 AV SW,-2871.883 -2771.429|-2883.864 -2771.451|-2962.857 -2771.574|-2965.716 -2771.562|-2965.709 -2774.698|-2965.583 -2830.262|-2947.555 -2830.218|-2947.478 -2862.920|-2901.956 -2862.853|-2901.949 -2869.948|-2897.964 -2869.948|-2897.943 -2875.941|-2883.892 -2875.919|-2871.932 -2875.908|-2871.939 -2862.842|-2871.932 -2841.515|-2871.925 -2820.188|-2871.925 -2814.094
240 2233 34 AV SW,-2871.883 -2771.429|-2883.864 -2771.451|-2962.857 -2771.574|-2965.716 -2771.562|-2965.709 -2774.698|-2965.583 -2830.262|-2947.555 -2830.218|-2947.478 -2862.920|-2901.956 -2862.853|-2901.949 -2869.948|-2897.964 -2869.948|-2897.943 -2875.941|-2883.892 -2875.919|-2871.932 -2875.908|-2871.939 -2862.842|-2871.932 -2841.515|-2871.925 -2820.188|-2871.925 -2814.094
239 2233 34 AV SW,-2871.883 -2771.429|-2883.864 -2771.451|-2962.857 -2771.574|-2965.716 -2771.562|-2965.709 -2774.698|-2965.583 -2830.262|-2947.555 -2830.218|-2947.478 -2862.920|-2901.956 -2862.853|-2901.949 -2869.948|-2897.964 -2869.948|-2897.943 -2875.941|-2883.892 -2875.919|-2871.932 -2875.908|-2871.939 -2862.842|-2871.932 -2841.515|-2871.925 -2820.188|-2871.925 -2814.094
238 2233 34 AV SW,-2871.883 -2771.429|-2883.864 -2771.451|-2962.857 -2771.574|-2965.716 -2771.562|-2965.709 -2774.698|-2965.583 -2830.262|-2947.555 -2830.218|-2947.478 -2862.920|-2901.956 -2862.853|-2901.949 -2869.948|-2897.964 -2869.948|-2897.943 -2875.941|-2883.892 -2875.919|-2871.932 -2875.908|-2871.939 -2862.842|-2871.932 -2841.515|-2871.925 -2820.188|-2871.925 -2814.094
237 2233 34 AV SW,-2871.883 -2771.429|-2883.864 -2771.451|-2962.857 -2771.574|-2965.716 -2771.562|-2965.709 -2774.698|-2965.583 -2830.262|-2947.555 -2830.218|-2947.478 -2862.920|-2901.956 -2862.853|-2901.949 -2869.948|-2897.964 -2869.948|-2897.943 -2875.941|-2883.892 -2875.919|-2871.932 -2875.908|-2871.939 -2862.842|-2871.932 -2841.515|-2871.925 -2820.188|-2871.925 -2814.094
236 2233 34 AV SW,-2871.883 -2771.429|-2883.864 -2771.451|-2962.857 -2771.574|-2965.716 -2771.562|-2965.709 -2774.698|-2965.583 -2830.262|-2947.555 -2830.218|-2947.478 -2862.920|-2901.956 -2862.853|-2901.949 -2869.948|-2897.964 -2869.948|-2897.943 -2875.941|-2883.892 -2875.919|-2871.932 -2875.908|-2871.939 -2862.842|-2871.932 -2841.515|-2871.925 -2820.188|-2871.925 -2814.094
235 2233 34 AV SW,-2871.883 -2771.429|-2883.864 -2771.451|-2962.857 -2771.574|-2965.716 -2771.562|-2965.709 -2774.698|-2965.583 -2830.262|-2947.555 -2830.218|-2947.478 -2862.920|-2901.956 -2862.853|-2901.949 -2869.948|-2897.964 -2869.948|-2897.943 -2875.941|-2883.892 -2875.919|-2871.932 -2875.908|-2871.939 -2862.842|-2871.932 -2841.515|-2871.925 -2820.188|-2871.925 -2814.094
221 2233 34 AV SW,-2871.883 -2771.429|-2883.864 -2771.451|-2962.857 -2771.574|-2965.716 -2771.562|-2965.709 -2774.698|-2965.583 -2830.262|-2947.555 -2830.218|-2947.478 -2862.920|-2901.956 -2862.853|-2901.949 -2869.948|-2897.964 -2869.948|-2897.943 -2875.941|-2883.892 -2875.919|-2871.932 -2875.908|-2871.939 -2862.842|-2871.932 -2841.515|-2871.925 -2820.188|-2871.925 -2814.094
234 2233 34 AV SW,-2871.883 -2771.429|-2883.864 -2771.451|-2962.857 -2771.574|-2965.716 -2771.562|-2965.709 -2774.698|-2965.583 -2830.262|-2947.555 -2830.218|-2947.478 -2862.920|-2901.956 -2862.853|-2901.949 -2869.948|-2897.964 -2869.948|-2897.943 -2875.941|-2883.892 -2875.919|-2871.932 -2875.908|-2871.939 -2862.842|-2871.932 -2841.515|-2871.925 -2820.188|-2871.925 -2814.094
233 2233 34 AV SW,-2871.883 -2771.429|-2883.864 -2771.451|-2962.857 -2771.574|-2965.716 -2771.562|-2965.709 -2774.698|-2965.583 -2830.262|-2947.555 -2830.218|-2947.478 -2862.920|-2901.956 -2862.853|-2901.949 -2869.948|-2897.964 -2869.948|-2897.943 -2875.941|-2883.892 -2875.919|-2871.932 -2875.908|-2871.939 -2862.842|-2871.932 -2841.515|-2871.925 -2820.188|-2871.925 -2814.094
232 2233 34 AV SW,-2871.883 -2771.429|-2883.864 -2771.451|-2962.857 -2771.574|-2965.716 -2771.562|-2965.709 -2774.698|-2965.583 -2830.262|-2947.555 -2830.218|-2947.478 -2862.920|-2901.956 -2862.853|-2901.949 -2869.948|-2897.964 -2869.948|-2897.943 -2875.941|-2883.892 -2875.919|-2871.932 -2875.908|-2871.939 -2862.842|-2871.932 -2841.515|-2871.925 -2820.188|-2871.925 -2814.094
231 2233 34 AV SW,-2871.883 -2771.429|-2883.864 -2771.451|-2962.857 -2771.574|-2965.716 -2771.562|-2965.709 -2774.698|-2965.583 -2830.262|-2947.555 -2830.218|-2947.478 -2862.920|-2901.956 -2862.853|-2901.949 -2869.948|-2897.964 -2869.948|-2897.943 -2875.941|-2883.892 -2875.919|-2871.932 -2875.908|-2871.939 -2862.842|-2871.932 -2841.515|-2871.925 -2820.188|-2871.925 -2814.094
230 2233 34 AV SW,-2871.883 -2771.429|-2883.864 -2771.451|-2962.857 -2771.574|-2965.716 -2771.562|-2965.709 -2774.698|-2965.583 -2830.262|-2947.555 -2830.218|-2947.478 -2862.920|-2901.956 -2862.853|-2901.949 -2869.948|-2897.964 -2869.948|-2897.943 -2875.941|-2883.892 -2875.919|-2871.932 -2875.908|-2871.939 -2862.842|-2871.932 -2841.515|-2871.925 -2820.188|-2871.925 -2814.094
229 2233 34 AV SW,-2871.883 -2771.429|-2883.864 -2771.451|-2962.857 -2771.574|-2965.716 -2771.562|-2965.709 -2774.698|-2965.583 -2830.262|-2947.555 -2830.218|-2947.478 -2862.920|-2901.956 -2862.853|-2901.949 -2869.948|-2897.964 -2869.948|-2897.943 -2875.941|-2883.892 -2875.919|-2871.932 -2875.908|-2871.939 -2862.842|-2871.932 -2841.515|-2871.925 -2820.188|-2871.925 -2814.094
325 2233 34 AV SW,-2871.883 -2771.429|-2883.864 -2771.451|-2962.857 -2771.574|-2965.716 -2771.562|-2965.709 -2774.698|-2965.583 -2830.262|-2947.555 -2830.218|-2947.478 -2862.920|-2901.956 -2862.853|-2901.949 -2869.948|-2897.964 -2869.948|-2897.943 -2875.941|-2883.892 -2875.919|-2871.932 -2875.908|-2871.939 -2862.842|-2871.932 -2841.515|-2871.925 -2820.188|-2871.925 -2814.094
324 2233 34 AV SW,-2871.883 -2771.429|-2883.864 -2771.451|-2962.857 -2771.574|-2965.716 -2771.562|-2965.709 -2774.698|-2965.583 -2830.262|-2947.555 -2830.218|-2947.478 -2862.920|-2901.956 -2862.853|-2901.949 -2869.948|-2897.964 -2869.948|-2897.943 -2875.941|-2883.892 -2875.919|-2871.932 -2875.908|-2871.939 -2862.842|-2871.932 -2841.515|-2871.925 -2820.188|-2871.925 -2814.094
323 2233 34 AV SW,-2871.883 -2771.429|-2883.864 -2771.451|-2962.857 -2771.574|-2965.716 -2771.562|-2965.709 -2774.698|-2965.583 -2830.262|-2947.555 -2830.218|-2947.478 -2862.920|-2901.956 -2862.853|-2901.949 -2869.948|-2897.964 -2869.948|-2897.943 -2875.941|-2883.892 -2875.919|-2871.932 -2875.908|-2871.939 -2862.842|-2871.932 -2841.515|-2871.925 -2820.188|-2871.925 -2814.094
322 2233 34 AV SW,-2871.883 -2771.429|-2883.864 -2771.451|-2962.857 -2771.574|-2965.716 -2771.562|-2965.709 -2774.698|-2965.583 -2830.262|-2947.555 -2830.218|-2947.478 -2862.920|-2901.956 -2862.853|-2901.949 -2869.948|-2897.964 -2869.948|-2897.943 -2875.941|-2883.892 -2875.919|-2871.932 -2875.908|-2871.939 -2862.842|-2871.932 -2841.515|-2871.925 -2820.188|-2871.925 -2814.094
321 2233 34 AV SW,-2871.883 -2771.429|-2883.864 -2771.451|-2962.857 -2771.574|-2965.716 -2771.562|-2965.709 -2774.698|-2965.583 -2830.262|-2947.555 -2830.218|-2947.478 -2862.920|-2901.956 -2862.853|-2901.949 -2869.948|-2897.964 -2869.948|-2897.943 -2875.941|-2883.892 -2875.919|-2871.932 -2875.908|-2871.939 -2862.842|-2871.932 -2841.515|-2871.925 -2820.188|-2871.925 -2814.094
320 2233 34 AV SW,-2871.883 -2771.429|-2883.864 -2771.451|-2962.857 -2771.574|-2965.716 -2771.562|-2965.709 -2774.698|-2965.583 -2830.262|-2947.555 -2830.218|-2947.478 -2862.920|-2901.956 -2862.853|-2901.949 -2869.948|-2897.964 -2869.948|-2897.943 -2875.941|-2883.892 -2875.919|-2871.932 -2875.908|-2871.939 -2862.842|-2871.932 -2841.515|-2871.925 -2820.188|-2871.925 -2814.094
319 2233 34 AV SW,-2871.883 -2771.429|-2883.864 -2771.451|-2962.857 -2771.574|-2965.716 -2771.562|-2965.709 -2774.698|-2965.583 -2830.262|-2947.555 -2830.218|-2947.478 -2862.920|-2901.956 -2862.853|-2901.949 -2869.948|-2897.964 -2869.948|-2897.943 -2875.941|-2883.892 -2875.919|-2871.932 -2875.908|-2871.939 -2862.842|-2871.932 -2841.515|-2871.925 -2820.188|-2871.925 -2814.094
318 2233 34 AV SW,-2871.883 -2771.429|-2883.864 -2771.451|-2962.857 -2771.574|-2965.716 -2771.562|-2965.709 -2774.698|-2965.583 -2830.262|-2947.555 -2830.218|-2947.478 -2862.920|-2901.956 -2862.853|-2901.949 -2869.948|-2897.964 -2869.948|-2897.943 -2875.941|-2883.892 -2875.919|-2871.932 -2875.908|-2871.939 -2862.842|-2871.932 -2841.515|-2871.925 -2820.188|-2871.925 -2814.094
317 2233 34 AV SW,-2871.883 -2771.429|-2883.864 -2771.451|-2962.857 -2771.574|-2965.716 -2771.562|-2965.709 -2774.698|-2965.583 -2830.262|-2947.555 -2830.218|-2947.478 -2862.920|-2901.956 -2862.853|-2901.949 -2869.948|-2897.964 -2869.948|-2897.943 -2875.941|-2883.892 -2875.919|-2871.932 -2875.908|-2871.939 -2862.842|-2871.932 -2841.515|-2871.925 -2820.188|-2871.925 -2814.094
316 2233 34 AV SW,-2871.883 -2771.429|-2883.864 -2771.451|-2962.857 -2771.574|-2965.716 -2771.562|-2965.709 -2774.698|-2965.583 -2830.262|-2947.555 -2830.218|-2947.478 -2862.920|-2901.956 -2862.853|-2901.949 -2869.948|-2897.964 -2869.948|-2897.943 -2875.941|-2883.892 -2875.919|-2871.932 -2875.908|-2871.939 -2862.842|-2871.932 -2841.515|-2871.925 -2820.188|-2871.925 -2814.094
315 2233 34 AV SW,-2871.883 -2771.429|-2883.864 -2771.451|-2962.857 -2771.574|-2965.716 -2771.562|-2965.709 -2774.698|-2965.583 -2830.262|-2947.555 -2830.218|-2947.478 -2862.920|-2901.956 -2862.853|-2901.949 -2869.948|-2897.964 -2869.948|-2897.943 -2875.941|-2883.892 -2875.919|-2871.932 -2875.908|-2871.939 -2862.842|-2871.932 -2841.515|-2871.925 -2820.188|-2871.925 -2814.094
314 2233 34 AV SW,-2871.883 -2771.429|-2883.864 -2771.451|-2962.857 -2771.574|-2965.716 -2771.562|-2965.709 -2774.698|-2965.583 -2830.262|-2947.555 -2830.218|-2947.478 -2862.920|-2901.956 -2862.853|-2901.949 -2869.948|-2897.964 -2869.948|-2897.943 -2875.941|-2883.892 -2875.919|-2871.932 -2875.908|-2871.939 -2862.842|-2871.932 -2841.515|-2871.925 -2820.188|-2871.925 -2814.094
313 2233 34 AV SW,-2871.883 -2771.429|-2883.864 -2771.451|-2962.857 -2771.574|-2965.716 -2771.562|-2965.709 -2774.698|-2965.583 -2830.262|-2947.555 -2830.218|-2947.478 -2862.920|-2901.956 -2862.853|-2901.949 -2869.948|-2897.964 -2869.948|-2897.943 -2875.941|-2883.892 -2875.919|-2871.932 -2875.908|-2871.939 -2862.842|-2871.932 -2841.515|-2871.925 -2820.188|-2871.925 -2814.094
312 2233 34 AV SW,-2871.883 -2771.429|-2883.864 -2771.451|-2962.857 -2771.574|-2965.716 -2771.562|-2965.709 -2774.698|-2965.583 -2830.262|-2947.555 -2830.218|-2947.478 -2862.920|-2901.956 -2862.853|-2901.949 -2869.948|-2897.964 -2869.948|-2897.943 -2875.941|-2883.892 -2875.919|-2871.932 -2875.908|-2871.939 -2862.842|-2871.932 -2841.515|-2871.925 -2820.188|-2871.925 -2814.094
311 2233 34 AV SW,-2871.883 -2771.429|-2883.864 -2771.451|-2962.857 -2771.574|-2965.716 -2771.562|-2965.709 -2774.698|-2965.583 -2830.262|-2947.555 -2830.218|-2947.478 -2862.920|-2901.956 -2862.853|-2901.949 -2869.948|-2897.964 -2869.948|-2897.943 -2875.941|-2883.892 -2875.919|-2871.932 -2875.908|-2871.939 -2862.842|-2871.932 -2841.515|-2871.925 -2820.188|-2871.925 -2814.094
310 2233 34 AV SW,-2871.883 -2771.429|-2883.864 -2771.451|-2962.857 -2771.574|-2965.716 -2771.562|-2965.709 -2774.698|-2965.583 -2830.262|-2947.555 -2830.218|-2947.478 -2862.920|-2901.956 -2862.853|-2901.949 -2869.948|-2897.964 -2869.948|-2897.943 -2875.941|-2883.892 -2875.919|-2871.932 -2875.908|-2871.939 -2862.842|-2871.932 -2841.515|-2871.925 -2820.188|-2871.925 -2814.094
309 2233 34 AV SW,-2871.883 -2771.429|-2883.864 -2771.451|-2962.857 -2771.574|-2965.716 -2771.562|-2965.709 -2774.698|-2965.583 -2830.262|-2947.555 -2830.218|-2947.478 -2862.920|-2901.956 -2862.853|-2901.949 -2869.948|-2897.964 -2869.948|-2897.943 -2875.941|-2883.892 -2875.919|-2871.932 -2875.908|-2871.939 -2862.842|-2871.932 -2841.515|-2871.925 -2820.188|-2871.925 -2814.094
308 2233 34 AV SW,-2871.883 -2771.429|-2883.864 -2771.451|-2962.857 -2771.574|-2965.716 -2771.562|-2965.709 -2774.698|-2965.583 -2830.262|-2947.555 -2830.218|-2947.478 -2862.920|-2901.956 -2862.853|-2901.949 -2869.948|-2897.964 -2869.948|-2897.943 -2875.941|-2883.892 -2875.919|-2871.932 -2875.908|-2871.939 -2862.842|-2871.932 -2841.515|-2871.925 -2820.188|-2871.925 -2814.094
307 2233 34 AV SW,-2871.883 -2771.429|-2883.864 -2771.451|-2962.857 -2771.574|-2965.716 -2771.562|-2965.709 -2774.698|-2965.583 -2830.262|-2947.555 -2830.218|-2947.478 -2862.920|-2901.956 -2862.853|-2901.949 -2869.948|-2897.964 -2869.948|-2897.943 -2875.941|-2883.892 -2875.919|-2871.932 -2875.908|-2871.939 -2862.842|-2871.932 -2841.515|-2871.925 -2820.188|-2871.925 -2814.094
306 2233 34 AV SW,-2871.883 -2771.429|-2883.864 -2771.451|-2962.857 -2771.574|-2965.716 -2771.562|-2965.709 -2774.698|-2965.583 -2830.262|-2947.555 -2830.218|-2947.478 -2862.920|-2901.956 -2862.853|-2901.949 -2869.948|-2897.964 -2869.948|-2897.943 -2875.941|-2883.892 -2875.919|-2871.932 -2875.908|-2871.939 -2862.842|-2871.932 -2841.515|-2871.925 -2820.188|-2871.925 -2814.094
321V 2233 34 AV SW,-2871.883 -2771.429|-2883.864 -2771.451|-2962.857 -2771.574|-2965.716 -2771.562|-2965.709 -2774.698|-2965.583 -2830.262|-2947.555 -2830.218|-2947.478 -2862.920|-2901.956 -2862.853|-2901.949 -2869.948|-2897.964 -2869.948|-2897.943 -2875.941|-2883.892 -2875.919|-2871.932 -2875.908|-2871.939 -2862.842|-2871.932 -2841.515|-2871.925 -2820.188|-2871.925 -2814.094
322V 2233 34 AV SW,-2871.883 -2771.429|-2883.864 -2771.451|-2962.857 -2771.574|-2965.716 -2771.562|-2965.709 -2774.698|-2965.583 -2830.262|-2947.555 -2830.218|-2947.478 -2862.920|-2901.956 -2862.853|-2901.949 -2869.948|-2897.964 -2869.948|-2897.943 -2875.941|-2883.892 -2875.919|-2871.932 -2875.908|-2871.939 -2862.842|-2871.932 -2841.515|-2871.925 -2820.188|-2871.925 -2814.094
323V 2233 34 AV SW,-2871.883 -2771.429|-2883.864 -2771.451|-2962.857 -2771.574|-2965.716 -2771.562|-2965.709 -2774.698|-2965.583 -2830.262|-2947.555 -2830.218|-2947.478 -2862.920|-2901.956 -2862.853|-2901.949 -2869.948|-2897.964 -2869.948|-2897.943 -2875.941|-2883.892 -2875.919|-2871.932 -2875.908|-2871.939 -2862.842|-2871.932 -2841.515|-2871.925 -2820.188|-2871.925 -2814.094
324V 2233 34 AV SW,-2871.883 -2771.429|-2883.864 -2771.451|-2962.857 -2771.574|-2965.716 -2771.562|-2965.709 -2774.698|-2965.583 -2830.262|-2947.555 -2830.218|-2947.478 -2862.920|-2901.956 -2862.853|-2901.949 -2869.948|-2897.964 -2869.948|-2897.943 -2875.941|-2883.892 -2875.919|-2871.932 -2875.908|-2871.939 -2862.842|-2871.932 -2841.515|-2871.925 -2820.188|-2871.925 -2814.094
325V 2233 34 AV SW,-2871.883 -2771.429|-2883.864 -2771.451|-2962.857 -2771.574|-2965.716 -2771.562|-2965.709 -2774.698|-2965.583 -2830.262|-2947.555 -2830.218|-2947.478 -2862.920|-2901.956 -2862.853|-2901.949 -2869.948|-2897.964 -2869.948|-2897.943 -2875.941|-2883.892 -2875.919|-2871.932 -2875.908|-2871.939 -2862.842|-2871.932 -2841.515|-2871.925 -2820.188|-2871.925 -2814.094
326V 2233 34 AV SW,-2871.883 -2771.429|-2883.864 -2771.451|-2962.857 -2771.574|-2965.716 -2771.562|-2965.709 -2774.698|-2965.583 -2830.262|-2947.555 -2830.218|-2947.478 -2862.920|-2901.956 -2862.853|-2901.949 -2869.948|-2897.964 -2869.948|-2897.943 -2875.941|-2883.892 -2875.919|-2871.932 -2875.908|-2871.939 -2862.842|-2871.932 -2841.515|-2871.925 -2820.188|-2871.925 -2814.094
327V 2233 34 AV SW,-2871.883 -2771.429|-2883.864 -2771.451|-2962.857 -2771.574|-2965.716 -2771.562|-2965.709 -2774.698|-2965.583 -2830.262|-2947.555 -2830.218|-2947.478 -2862.920|-2901.956 -2862.853|-2901.949 -2869.948|-2897.964 -2869.948|-2897.943 -2875.941|-2883.892 -2875.919|-2871.932 -2875.908|-2871.939 -2862.842|-2871.932 -2841.515|-2871.925 -2820.188|-2871.925 -2814.094
328V 2233 34 AV SW,-2871.883 -2771.429|-2883.864 -2771.451|-2962.857 -2771.574|-2965.716 -2771.562|-2965.709 -2774.698|-2965.583 -2830.262|-2947.555 -2830.218|-2947.478 -2862.920|-2901.956 -2862.853|-2901.949 -2869.948|-2897.964 -2869.948|-2897.943 -2875.941|-2883.892 -2875.919|-2871.932 -2875.908|-2871.939 -2862.842|-2871.932 -2841.515|-2871.925 -2820.188|-2871.925 -2814.094
329V 2233 34 AV SW,-2871.883 -2771.429|-2883.864 -2771.451|-2962.857 -2771.574|-2965.716 -2771.562|-2965.709 -2774.698|-2965.583 -2830.262|-2947.555 -2830.218|-2947.478 -2862.920|-2901.956 -2862.853|-2901.949 -2869.948|-2897.964 -2869.948|-2897.943 -2875.941|-2883.892 -2875.919|-2871.932 -2875.908|-2871.939 -2862.842|-2871.932 -2841.515|-2871.925 -2820.188|-2871.925 -2814.094
191V 2233 34 AV SW,-2871.883 -2771.429|-2883.864 -2771.451|-2962.857 -2771.574|-2965.716 -2771.562|-2965.709 -2774.698|-2965.583 -2830.262|-2947.555 -2830.218|-2947.478 -2862.920|-2901.956 -2862.853|-2901.949 -2869.948|-2897.964 -2869.948|-2897.943 -2875.941|-2883.892 -2875.919|-2871.932 -2875.908|-2871.939 -2862.842|-2871.932 -2841.515|-2871.925 -2820.188|-2871.925 -2814.094
192V 2233 34 AV SW,-2871.883 -2771.429|-2883.864 -2771.451|-2962.857 -2771.574|-2965.716 -2771.562|-2965.709 -2774.698|-2965.583 -2830.262|-2947.555 -2830.218|-2947.478 -2862.920|-2901.956 -2862.853|-2901.949 -2869.948|-2897.964 -2869.948|-2897.943 -2875.941|-2883.892 -2875.919|-2871.932 -2875.908|-2871.939 -2862.842|-2871.932 -2841.515|-2871.925 -2820.188|-2871.925 -2814.094
193V 2233 34 AV SW,-2871.883 -2771.429|-2883.864 -2771.451|-2962.857 -2771.574|-2965.716 -2771.562|-2965.709 -2774.698|-2965.583 -2830.262|-2947.555 -2830.218|-2947.478 -2862.920|-2901.956 -2862.853|-2901.949 -2869.948|-2897.964 -2869.948|-2897.943 -2875.941|-2883.892 -2875.919|-2871.932 -2875.908|-2871.939 -2862.842|-2871.932 -2841.515|-2871.925 -2820.188|-2871.925 -2814.094
194V 2233 34 AV SW,-2871.883 -2771.429|-2883.864 -2771.451|-2962.857 -2771.574|-2965.716 -2771.562|-2965.709 -2774.698|-2965.583 -2830.262|-2947.555 -2830.218|-2947.478 -2862.920|-2901.956 -2862.853|-2901.949 -2869.948|-2897.964 -2869.948|-2897.943 -2875.941|-2883.892 -2875.919|-2871.932 -2875.908|-2871.939 -2862.842|-2871.932 -2841.515|-2871.925 -2820.188|-2871.925 -2814.094
195V 2233 34 AV SW,-2871.883 -2771.429|-2883.864 -2771.451|-2962.857 -2771.574|-2965.716 -2771.562|-2965.709 -2774.698|-2965.583 -2830.262|-2947.555 -2830.218|-2947.478 -2862.920|-2901.956 -2862.853|-2901.949 -2869.948|-2897.964 -2869.948|-2897.943 -2875.941|-2883.892 -2875.919|-2871.932 -2875.908|-2871.939 -2862.842|-2871.932 -2841.515|-2871.925 -2820.188|-2871.925 -2814.094
196V 2233 34 AV SW,-2871.883 -2771.429|-2883.864 -2771.451|-2962.857 -2771.574|-2965.716 -2771.562|-2965.709 -2774.698|-2965.583 -2830.262|-2947.555 -2830.218|-2947.478 -2862.920|-2901.956 -2862.853|-2901.949 -2869.948|-2897.964 -2869.948|-2897.943 -2875.941|-2883.892 -2875.919|-2871.932 -2875.908|-2871.939 -2862.842|-2871.932 -2841.515|-2871.925 -2820.188|-2871.925 -2814.094
197V 2233 34 AV SW,-2871.883 -2771.429|-2883.864 -2771.451|-2962.857 -2771.574|-2965.716 -2771.562|-2965.709 -2774.698|-2965.583 -2830.262|-2947.555 -2830.218|-2947.478 -2862.920|-2901.956 -2862.853|-2901.949 -2869.948|-2897.964 -2869.948|-2897.943 -2875.941|-2883.892 -2875.919|-2871.932 -2875.908|-2871.939 -2862.842|-2871.932 -2841.515|-2871.925 -2820.188|-2871.925 -2814.094
198V 2233 34 AV SW,-2871.883 -2771.429|-2883.864 -2771.451|-2962.857 -2771.574|-2965.716 -2771.562|-2965.709 -2774.698|-2965.583 -2830.262|-2947.555 -2830.218|-2947.478 -2862.920|-2901.956 -2862.853|-2901.949 -2869.948|-2897.964 -2869.948|-2897.943 -2875.941|-2883.892 -2875.919|-2871.932 -2875.908|-2871.939 -2862.842|-2871.932 -2841.515|-2871.925 -2820.188|-2871.925 -2814.094
199V 2233 34 AV SW,-2871.883 -2771.429|-2883.864 -2771.451|-2962.857 -2771.574|-2965.716 -2771.562|-2965.709 -2774.698|-2965.583 -2830.262|-2947.555 -2830.218|-2947.478 -2862.920|-2901.956 -2862.853|-2901.949 -2869.948|-2897.964 -2869.948|-2897.943 -2875.941|-2883.892 -2875.919|-2871.932 -2875.908|-2871.939 -2862.842|-2871.932 -2841.515|-2871.925 -2820.188|-2871.925 -2814.094
200V 2233 34 AV SW,-2871.883 -2771.429|-2883.864 -2771.451|-2962.857 -2771.574|-2965.716 -2771.562|-2965.709 -2774.698|-2965.583 -2830.262|-2947.555 -2830.218|-2947.478 -2862.920|-2901.956 -2862.853|-2901.949 -2869.948|-2897.964 -2869.948|-2897.943 -2875.941|-2883.892 -2875.919|-2871.932 -2875.908|-2871.939 -2862.842|-2871.932 -2841.515|-2871.925 -2820.188|-2871.925 -2814.094
201V 2233 34 AV SW,-2871.883 -2771.429|-2883.864 -2771.451|-2962.857 -2771.574|-2965.716 -2771.562|-2965.709 -2774.698|-2965.583 -2830.262|-2947.555 -2830.218|-2947.478 -2862.920|-2901.956 -2862.853|-2901.949 -2869.948|-2897.964 -2869.948|-2897.943 -2875.941|-2883.892 -2875.919|-2871.932 -2875.908|-2871.939 -2862.842|-2871.932 -2841.515|-2871.925 -2820.188|-2871.925 -2814.094
202V 2233 34 AV SW,-2871.883 -2771.429|-2883.864 -2771.451|-2962.857 -2771.574|-2965.716 -2771.562|-2965.709 -2774.698|-2965.583 -2830.262|-2947.555 -2830.218|-2947.478 -2862.920|-2901.956 -2862.853|-2901.949 -2869.948|-2897.964 -2869.948|-2897.943 -2875.941|-2883.892 -2875.919|-2871.932 -2875.908|-2871.939 -2862.842|-2871.932 -2841.515|-2871.925 -2820.188|-2871.925 -2814.094
203V 2233 34 AV SW,-2871.883 -2771.429|-2883.864 -2771.451|-2962.857 -2771.574|-2965.716 -2771.562|-2965.709 -2774.698|-2965.583 -2830.262|-2947.555 -2830.218|-2947.478 -2862.920|-2901.956 -2862.853|-2901.949 -2869.948|-2897.964 -2869.948|-2897.943 -2875.941|-2883.892 -2875.919|-2871.932 -2875.908|-2871.939 -2862.842|-2871.932 -2841.515|-2871.925 -2820.188|-2871.925 -2814.094
204V 2233 34 AV SW,-2871.883 -2771.429|-2883.864 -2771.451|-2962.857 -2771.574|-2965.716 -2771.562|-2965.709 -2774.698|-2965.583 -2830.262|-2947.555 -2830.218|-2947.478 -2862.920|-2901.956 -2862.853|-2901.949 -2869.948|-2897.964 -2869.948|-2897.943 -2875.941|-2883.892 -2875.919|-2871.932 -2875.908|-2871.939 -2862.842|-2871.932 -2841.515|-2871.925 -2820.188|-2871.925 -2814.094
205V 2233 34 AV SW,-2871.883 -2771.429|-2883.864 -2771.451|-2962.857 -2771.574|-2965.716 -2771.562|-2965.709 -2774.698|-2965.583 -2830.262|-2947.555 -2830.218|-2947.478 -2862.920|-2901.956 -2862.853|-2901.949 -2869.948|-2897.964 -2869.948|-2897.943 -2875.941|-2883.892 -2875.919|-2871.932 -2875.908|-2871.939 -2862.842|-2871.932 -2841.515|-2871.925 -2820.188|-2871.925 -2814.094
206V 2233 34 AV SW,-2871.883 -2771.429|-2883.864 -2771.451|-2962.857 -2771.574|-2965.716 -2771.562|-2965.709 -2774.698|-2965.583 -2830.262|-2947.555 -2830.218|-2947.478 -2862.920|-2901.956 -2862.853|-2901.949 -2869.948|-2897.964 -2869.948|-2897.943 -2875.941|-2883.892 -2875.919|-2871.932 -2875.908|-2871.939 -2862.842|-2871.932 -2841.515|-2871.925 -2820.188|-2871.925 -2814.094
207V 2233 34 AV SW,-2871.883 -2771.429|-2883.864 -2771.451|-2962.857 -2771.574|-2965.716 -2771.562|-2965.709 -2774.698|-2965.583 -2830.262|-2947.555 -2830.218|-2947.478 -2862.920|-2901.956 -2862.853|-2901.949 -2869.948|-2897.964 -2869.948|-2897.943 -2875.941|-2883.892 -2875.919|-2871.932 -2875.908|-2871.939 -2862.842|-2871.932 -2841.515|-2871.925 -2820.188|-2871.925 -2814.094
208V 2233 34 AV SW,-2871.883 -2771.429|-2883.864 -2771.451|-2962.857 -2771.574|-2965.716 -2771.562|-2965.709 -2774.698|-2965.583 -2830.262|-2947.555 -2830.218|-2947.478 -2862.920|-2901.956 -2862.853|-2901.949 -2869.948|-2897.964 -2869.948|-2897.943 -2875.941|-2883.892 -2875.919|-2871.932 -2875.908|-2871.939 -2862.842|-2871.932 -2841.515|-2871.925 -2820.188|-2871.925 -2814.094
209V 2233 34 AV SW,-2871.883 -2771.429|-2883.864 -2771.451|-2962.857 -2771.574|-2965.716 -2771.562|-2965.709 -2774.698|-2965.583 -2830.262|-2947.555 -2830.218|-2947.478 -2862.920|-2901.956 -2862.853|-2901.949 -2869.948|-2897.964 -2869.948|-2897.943 -2875.941|-2883.892 -2875.919|-2871.932 -2875.908|-2871.939 -2862.842|-2871.932 -2841.515|-2871.925 -2820.188|-2871.925 -2814.094
210V 2233 34 AV SW,-2871.883 -2771.429|-2883.864 -2771.451|-2962.857 -2771.574|-2965.716 -2771.562|-2965.709 -2774.698|-2965.583 -2830.262|-2947.555 -2830.218|-2947.478 -2862.920|-2901.956 -2862.853|-2901.949 -2869.948|-2897.964 -2869.948|-2897.943 -2875.941|-2883.892 -2875.919|-2871.932 -2875.908|-2871.939 -2862.842|-2871.932 -2841.515|-2871.925 -2820.188|-2871.925 -2814.094
211V 2233 34 AV SW,-2871.883 -2771.429|-2883.864 -2771.451|-2962.857 -2771.574|-2965.716 -2771.562|-2965.709 -2774.698|-2965.583 -2830.262|-2947.555 -2830.218|-2947.478 -2862.920|-2901.956 -2862.853|-2901.949 -2869.948|-2897.964 -2869.948|-2897.943 -2875.941|-2883.892 -2875.919|-2871.932 -2875.908|-2871.939 -2862.842|-2871.932 -2841.515|-2871.925 -2820.188|-2871.925 -2814.094
212V 2233 34 AV SW,-2871.883 -2771.429|-2883.864 -2771.451|-2962.857 -2771.574|-2965.716 -2771.562|-2965.709 -2774.698|-2965.583 -2830.262|-2947.555 -2830.218|-2947.478 -2862.920|-2901.956 -2862.853|-2901.949 -2869.948|-2897.964 -2869.948|-2897.943 -2875.941|-2883.892 -2875.919|-2871.932 -2875.908|-2871.939 -2862.842|-2871.932 -2841.515|-2871.925 -2820.188|-2871.925 -2814.094
213V 2233 34 AV SW,-2871.883 -2771.429|-2883.864 -2771.451|-2962.857 -2771.574|-2965.716 -2771.562|-2965.709 -2774.698|-2965.583 -2830.262|-2947.555 -2830.218|-2947.478 -2862.920|-2901.956 -2862.853|-2901.949 -2869.948|-2897.964 -2869.948|-2897.943 -2875.941|-2883.892 -2875.919|-2871.932 -2875.908|-2871.939 -2862.842|-2871.932 -2841.515|-2871.925 -2820.188|-2871.925 -2814.094
214V 2233 34 AV SW,-2871.883 -2771.429|-2883.864 -2771.451|-2962.857 -2771.574|-2965.716 -2771.562|-2965.709 -2774.698|-2965.583 -2830.262|-2947.555 -2830.218|-2947.478 -2862.920|-2901.956 -2862.853|-2901.949 -2869.948|-2897.964 -2869.948|-2897.943 -2875.941|-2883.892 -2875.919|-2871.932 -2875.908|-2871.939 -2862.842|-2871.932 -2841.515|-2871.925 -2820.188|-2871.925 -2814.094
215V 2233 34 AV SW,-2871.883 -2771.429|-2883.864 -2771.451|-2962.857 -2771.574|-2965.716 -2771.562|-2965.709 -2774.698|-2965.583 -2830.262|-2947.555 -2830.218|-2947.478 -2862.920|-2901.956 -2862.853|-2901.949 -2869.948|-2897.964 -2869.948|-2897.943 -2875.941|-2883.892 -2875.919|-2871.932 -2875.908|-2871.939 -2862.842|-2871.932 -2841.515|-2871.925 -2820.188|-2871.925 -2814.094
216V 2233 34 AV SW,-2871.883 -2771.429|-2883.864 -2771.451|-2962.857 -2771.574|-2965.716 -2771.562|-2965.709 -2774.698|-2965.583 -2830.262|-2947.555 -2830.218|-2947.478 -2862.920|-2901.956 -2862.853|-2901.949 -2869.948|-2897.964 -2869.948|-2897.943 -2875.941|-2883.892 -2875.919|-2871.932 -2875.908|-2871.939 -2862.842|-2871.932 -2841.515|-2871.925 -2820.188|-2871.925 -2814.094
217V 2233 34 AV SW,-2871.883 -2771.429|-2883.864 -2771.451|-2962.857 -2771.574|-2965.716 -2771.562|-2965.709 -2774.698|-2965.583 -2830.262|-2947.555 -2830.218|-2947.478 -2862.920|-2901.956 -2862.853|-2901.949 -2869.948|-2897.964 -2869.948|-2897.943 -2875.941|-2883.892 -2875.919|-2871.932 -2875.908|-2871.939 -2862.842|-2871.932 -2841.515|-2871.925 -2820.188|-2871.925 -2814.094
218V 2233 34 AV SW,-2871.883 -2771.429|-2883.864 -2771.451|-2962.857 -2771.574|-2965.716 -2771.562|-2965.709 -2774.698|-2965.583 -2830.262|-2947.555 -2830.218|-2947.478 -2862.920|-2901.956 -2862.853|-2901.949 -2869.948|-2897.964 -2869.948|-2897.943 -2875.941|-2883.892 -2875.919|-2871.932 -2875.908|-2871.939 -2862.842|-2871.932 -2841.515|-2871.925 -2820.188|-2871.925 -2814.094
219V 2233 34 AV SW,-2871.883 -2771.429|-2883.864 -2771.451|-2962.857 -2771.574|-2965.716 -2771.562|-2965.709 -2774.698|-2965.583 -2830.262|-2947.555 -2830.218|-2947.478 -2862.920|-2901.956 -2862.853|-2901.949 -2869.948|-2897.964 -2869.948|-2897.943 -2875.941|-2883.892 -2875.919|-2871.932 -2875.908|-2871.939 -2862.842|-2871.932 -2841.515|-2871.925 -2820.188|-2871.925 -2814.094
220V 2233 34 AV SW,-2871.883 -2771.429|-2883.864 -2771.451|-2962.857 -2771.574|-2965.716 -2771.562|-2965.709 -2774.698|-2965.583 -2830.262|-2947.555 -2830.218|-2947.478 -2862.920|-2901.956 -2862.853|-2901.949 -2869.948|-2897.964 -2869.948|-2897.943 -2875.941|-2883.892 -2875.919|-2871.932 -2875.908|-2871.939 -2862.842|-2871.932 -2841.515|-2871.925 -2820.188|-2871.925 -2814.094
221V 2233 34 AV SW,-2871.883 -2771.429|-2883.864 -2771.451|-2962.857 -2771.574|-2965.716 -2771.562|-2965.709 -2774.698|-2965.583 -2830.262|-2947.555 -2830.218|-2947.478 -2862.920|-2901.956 -2862.853|-2901.949 -2869.948|-2897.964 -2869.948|-2897.943 -2875.941|-2883.892 -2875.919|-2871.932 -2875.908|-2871.939 -2862.842|-2871.932 -2841.515|-2871.925 -2820.188|-2871.925 -2814.094
222V 2233 34 AV SW,-2871.883 -2771.429|-2883.864 -2771.451|-2962.857 -2771.574|-2965.716 -2771.562|-2965.709 -2774.698|-2965.583 -2830.262|-2947.555 -2830.218|-2947.478 -2862.920|-2901.956 -2862.853|-2901.949 -2869.948|-2897.964 -2869.948|-2897.943 -2875.941|-2883.892 -2875.919|-2871.932 -2875.908|-2871.939 -2862.842|-2871.932 -2841.515|-2871.925 -2820.188|-2871.925 -2814.094
223V 2233 34 AV SW,-2871.883 -2771.429|-2883.864 -2771.451|-2962.857 -2771.574|-2965.716 -2771.562|-2965.709 -2774.698|-2965.583 -2830.262|-2947.555 -2830.218|-2947.478 -2862.920|-2901.956 -2862.853|-2901.949 -2869.948|-2897.964 -2869.948|-2897.943 -2875.941|-2883.892 -2875.919|-2871.932 -2875.908|-2871.939 -2862.842|-2871.932 -2841.515|-2871.925 -2820.188|-2871.925 -2814.094
224V 2233 34 AV SW,-2871.883 -2771.429|-2883.864 -2771.451|-2962.857 -2771.574|-2965.716 -2771.562|-2965.709 -2774.698|-2965.583 -2830.262|-2947.555 -2830.218|-2947.478 -2862.920|-2901.956 -2862.853|-2901.949 -2869.948|-2897.964 -2869.948|-2897.943 -2875.941|-2883.892 -2875.919|-2871.932 -2875.908|-2871.939 -2862.842|-2871.932 -2841.515|-2871.925 -2820.188|-2871.925 -2814.094
225V 2233 34 AV SW,-2871.883 -2771.429|-2883.864 -2771.451|-2962.857 -2771.574|-2965.716 -2771.562|-2965.709 -2774.698|-2965.583 -2830.262|-2947.555 -2830.218|-2947.478 -2862.920|-2901.956 -2862.853|-2901.949 -2869.948|-2897.964 -2869.948|-2897.943 -2875.941|-2883.892 -2875.919|-2871.932 -2875.908|-2871.939 -2862.842|-2871.932 -2841.515|-2871.925 -2820.188|-2871.925 -2814.094
226V 2233 34 AV SW,-2871.883 -2771.429|-2883.864 -2771.451|-2962.857 -2771.574|-2965.716 -2771.562|-2965.709 -2774.698|-2965.583 -2830.262|-2947.555 -2830.218|-2947.478 -2862.920|-2901.956 -2862.853|-2901.949 -2869.948|-2897.964 -2869.948|-2897.943 -2875.941|-2883.892 -2875.919|-2871.932 -2875.908|-2871.939 -2862.842|-2871.932 -2841.515|-2871.925 -2820.188|-2871.925 -2814.094
227V 2233 34 AV SW,-2871.883 -2771.429|-2883.864 -2771.451|-2962.857 -2771.574|-2965.716 -2771.562|-2965.709 -2774.698|-2965.583 -2830.262|-2947.555 -2830.218|-2947.478 -2862.920|-2901.956 -2862.853|-2901.949 -2869.948|-2897.964 -2869.948|-2897.943 -2875.941|-2883.892 -2875.919|-2871.932 -2875.908|-2871.939 -2862.842|-2871.932 -2841.515|-2871.925 -2820.188|-2871.925 -2814.094
228V 2233 34 AV SW,-2871.883 -2771.429|-2883.864 -2771.451|-2962.857 -2771.574|-2965.716 -2771.562|-2965.709 -2774.698|-2965.583 -2830.262|-2947.555 -2830.218|-2947.478 -2862.920|-2901.956 -2862.853|-2901.949 -2869.948|-2897.964 -2869.948|-2897.943 -2875.941|-2883.892 -2875.919|-2871.932 -2875.908|-2871.939 -2862.842|-2871.932 -2841.515|-2871.925 -2820.188|-2871.925 -2814.094
229V 2233 34 AV SW,-2871.883 -2771.429|-2883.864 -2771.451|-2962.857 -2771.574|-2965.716 -2771.562|-2965.709 -2774.698|-2965.583 -2830.262|-2947.555 -2830.218|-2947.478 -2862.920|-2901.956 -2862.853|-2901.949 -2869.948|-2897.964 -2869.948|-2897.943 -2875.941|-2883.892 -2875.919|-2871.932 -2875.908|-2871.939 -2862.842|-2871.932 -2841.515|-2871.925 -2820.188|-2871.925 -2814.094
230V 2233 34 AV SW,-2871.883 -2771.429|-2883.864 -2771.451|-2962.857 -2771.574|-2965.716 -2771.562|-2965.709 -2774.698|-2965.583 -2830.262|-2947.555 -2830.218|-2947.478 -2862.920|-2901.956 -2862.853|-2901.949 -2869.948|-2897.964 -2869.948|-2897.943 -2875.941|-2883.892 -2875.919|-2871.932 -2875.908|-2871.939 -2862.842|-2871.932 -2841.515|-2871.925 -2820.188|-2871.925 -2814.094
231V 2233 34 AV SW,-2871.883 -2771.429|-2883.864 -2771.451|-2962.857 -2771.574|-2965.716 -2771.562|-2965.709 -2774.698|-2965.583 -2830.262|-2947.555 -2830.218|-2947.478 -2862.920|-2901.956 -2862.853|-2901.949 -2869.948|-2897.964 -2869.948|-2897.943 -2875.941|-2883.892 -2875.919|-2871.932 -2875.908|-2871.939 -2862.842|-2871.932 -2841.515|-2871.925 -2820.188|-2871.925 -2814.094
232V 2233 34 AV SW,-2871.883 -2771.429|-2883.864 -2771.451|-2962.857 -2771.574|-2965.716 -2771.562|-2965.709 -2774.698|-2965.583 -2830.262|-2947.555 -2830.218|-2947.478 -2862.920|-2901.956 -2862.853|-2901.949 -2869.948|-2897.964 -2869.948|-2897.943 -2875.941|-2883.892 -2875.919|-2871.932 -2875.908|-2871.939 -2862.842|-2871.932 -2841.515|-2871.925 -2820.188|-2871.925 -2814.094
233V 2233 34 AV SW,-2871.883 -2771.429|-2883.864 -2771.451|-2962.857 -2771.574|-2965.716 -2771.562|-2965.709 -2774.698|-2965.583 -2830.262|-2947.555 -2830.218|-2947.478 -2862.920|-2901.956 -2862.853|-2901.949 -2869.948|-2897.964 -2869.948|-2897.943 -2875.941|-2883.892 -2875.919|-2871.932 -2875.908|-2871.939 -2862.842|-2871.932 -2841.515|-2871.925 -2820.188|-2871.925 -2814.094
234V 2233 34 AV SW,-2871.883 -2771.429|-2883.864 -2771.451|-2962.857 -2771.574|-2965.716 -2771.562|-2965.709 -2774.698|-2965.583 -2830.262|-2947.555 -2830.218|-2947.478 -2862.920|-2901.956 -2862.853|-2901.949 -2869.948|-2897.964 -2869.948|-2897.943 -2875.941|-2883.892 -2875.919|-2871.932 -2875.908|-2871.939 -2862.842|-2871.932 -2841.515|-2871.925 -2820.188|-2871.925 -2814.094
235V 2233 34 AV SW,-2871.883 -2771.429|-2883.864 -2771.451|-2962.857 -2771.574|-2965.716 -2771.562|-2965.709 -2774.698|-2965.583 -2830.262|-2947.555 -2830.218|-2947.478 -2862.920|-2901.956 -2862.853|-2901.949 -2869.948|-2897.964 -2869.948|-2897.943 -2875.941|-2883.892 -2875.919|-2871.932 -2875.908|-2871.939 -2862.842|-2871.932 -2841.515|-2871.925 -2820.188|-2871.925 -2814.094
236V 2233 34 AV SW,-2871.883 -2771.429|-2883.864 -2771.451|-2962.857 -2771.574|-2965.716 -2771.562|-2965.709 -2774.698|-2965.583 -2830.262|-2947.555 -2830.218|-2947.478 -2862.920|-2901.956 -2862.853|-2901.949 -2869.948|-2897.964 -2869.948|-2897.943 -2875.941|-2883.892 -2875.919|-2871.932 -2875.908|-2871.939 -2862.842|-2871.932 -2841.515|-2871.925 -2820.188|-2871.925 -2814.094
237V 2233 34 AV SW,-2871.883 -2771.429|-2883.864 -2771.451|-2962.857 -2771.574|-2965.716 -2771.562|-2965.709 -2774.698|-2965.583 -2830.262|-2947.555 -2830.218|-2947.478 -2862.920|-2901.956 -2862.853|-2901.949 -2869.948|-2897.964 -2869.948|-2897.943 -2875.941|-2883.892 -2875.919|-2871.932 -2875.908|-2871.939 -2862.842|-2871.932 -2841.515|-2871.925 -2820.188|-2871.925 -2814.094
238V 2233 34 AV SW,-2871.883 -2771.429|-2883.864 -2771.451|-2962.857 -2771.574|-2965.716 -2771.562|-2965.709 -2774.698|-2965.583 -2830.262|-2947.555 -2830.218|-2947.478 -2862.920|-2901.956 -2862.853|-2901.949 -2869.948|-2897.964 -2869.948|-2897.943 -2875.941|-2883.892 -2875.919|-2871.932 -2875.908|-2871.939 -2862.842|-2871.932 -2841.515|-2871.925 -2820.188|-2871.925 -2814.094
239V 2233 34 AV SW,-2871.883 -2771.429|-2883.864 -2771.451|-2962.857 -2771.574|-2965.716 -2771.562|-2965.709 -2774.698|-2965.583 -2830.262|-2947.555 -2830.218|-2947.478 -2862.920|-2901.956 -2862.853|-2901.949 -2869.948|-2897.964 -2869.948|-2897.943 -2875.941|-2883.892 -2875.919|-2871.932 -2875.908|-2871.939 -2862.842|-2871.932 -2841.515|-2871.925 -2820.188|-2871.925 -2814.094
240V 2233 34 AV SW,-2871.883 -2771.429|-2883.864 -2771.451|-2962.857 -2771.574|-2965.716 -2771.562|-2965.709 -2774.698|-2965.583 -2830.262|-2947.555 -2830.218|-2947.478 -2862.920|-2901.956 -2862.853|-2901.949 -2869.948|-2897.964 -2869.948|-2897.943 -2875.941|-2883.892 -2875.919|-2871.932 -2875.908|-2871.939 -2862.842|-2871.932 -2841.515|-2871.925 -2820.188|-2871.925 -2814.094
241V 2233 34 AV SW,-2871.883 -2771.429|-2883.864 -2771.451|-2962.857 -2771.574|-2965.716 -2771.562|-2965.709 -2774.698|-2965.583 -2830.262|-2947.555 -2830.218|-2947.478 -2862.920|-2901.956 -2862.853|-2901.949 -2869.948|-2897.964 -2869.948|-2897.943 -2875.941|-2883.892 -2875.919|-2871.932 -2875.908|-2871.939 -2862.842|-2871.932 -2841.515|-2871.925 -2820.188|-2871.925 -2814.094
242V 2233 34 AV SW,-2871.883 -2771.429|-2883.864 -2771.451|-2962.857 -2771.574|-2965.716 -2771.562|-2965.709 -2774.698|-2965.583 -2830.262|-2947.555 -2830.218|-2947.478 -2862.920|-2901.956 -2862.853|-2901.949 -2869.948|-2897.964 -2869.948|-2897.943 -2875.941|-2883.892 -2875.919|-2871.932 -2875.908|-2871.939 -2862.842|-2871.932 -2841.515|-2871.925 -2820.188|-2871.925 -2814.094
243V 2233 34 AV SW,-2871.883 -2771.429|-2883.864 -2771.451|-2962.857 -2771.574|-2965.716 -2771.562|-2965.709 -2774.698|-2965.583 -2830.262|-2947.555 -2830.218|-2947.478 -2862.920|-2901.956 -2862.853|-2901.949 -2869.948|-2897.964 -2869.948|-2897.943 -2875.941|-2883.892 -2875.919|-2871.932 -2875.908|-2871.939 -2862.842|-2871.932 -2841.515|-2871.925 -2820.188|-2871.925 -2814.094
244V 2233 34 AV SW,-2871.883 -2771.429|-2883.864 -2771.451|-2962.857 -2771.574|-2965.716 -2771.562|-2965.709 -2774.698|-2965.583 -2830.262|-2947.555 -2830.218|-2947.478 -2862.920|-2901.956 -2862.853|-2901.949 -2869.948|-2897.964 -2869.948|-2897.943 -2875.941|-2883.892 -2875.919|-2871.932 -2875.908|-2871.939 -2862.842|-2871.932 -2841.515|-2871.925 -2820.188|-2871.925 -2814.094
245V 2233 34 AV SW,-2871.883 -2771.429|-2883.864 -2771.451|-2962.857 -2771.574|-2965.716 -2771.562|-2965.709 -2774.698|-2965.583 -2830.262|-2947.555 -2830.218|-2947.478 -2862.920|-2901.956 -2862.853|-2901.949 -2869.948|-2897.964 -2869.948|-2897.943 -2875.941|-2883.892 -2875.919|-2871.932 -2875.908|-2871.939 -2862.842|-2871.932 -2841.515|-2871.925 -2820.188|-2871.925 -2814.094
246V 2233 34 AV SW,-2871.883 -2771.429|-2883.864 -2771.451|-2962.857 -2771.574|-2965.716 -2771.562|-2965.709 -2774.698|-2965.583 -2830.262|-2947.555 -2830.218|-2947.478 -2862.920|-2901.956 -2862.853|-2901.949 -2869.948|-2897.964 -2869.948|-2897.943 -2875.941|-2883.892 -2875.919|-2871.932 -2875.908|-2871.939 -2862.842|-2871.932 -2841.515|-2871.925 -2820.188|-2871.925 -2814.094
247V 2233 34 AV SW,-2871.883 -2771.429|-2883.864 -2771.451|-2962.857 -2771.574|-2965.716 -2771.562|-2965.709 -2774.698|-2965.583 -2830.262|-2947.555 -2830.218|-2947.478 -2862.920|-2901.956 -2862.853|-2901.949 -2869.948|-2897.964 -2869.948|-2897.943 -2875.941|-2883.892 -2875.919|-2871.932 -2875.908|-2871.939 -2862.842|-2871.932 -2841.515|-2871.925 -2820.188|-2871.925 -2814.094
248V 2233 34 AV SW,-2871.883 -2771.429|-2883.864 -2771.451|-2962.857 -2771.574|-2965.716 -2771.562|-2965.709 -2774.698|-2965.583 -2830.262|-2947.555 -2830.218|-2947.478 -2862.920|-2901.956 -2862.853|-2901.949 -2869.948|-2897.964 -2869.948|-2897.943 -2875.941|-2883.892 -2875.919|-2871.932 -2875.908|-2871.939 -2862.842|-2871.932 -2841.515|-2871.925 -2820.188|-2871.925 -2814.094
249V 2233 34 AV SW,-2871.883 -2771.429|-2883.864 -2771.451|-2962.857 -2771.574|-2965.716 -2771.562|-2965.709 -2774.698|-2965.583 -2830.262|-2947.555 -2830.218|-2947.478 -2862.920|-2901.956 -2862.853|-2901.949 -2869.948|-2897.964 -2869.948|-2897.943 -2875.941|-2883.892 -2875.919|-2871.932 -2875.908|-2871.939 -2862.842|-2871.932 -2841.515|-2871.925 -2820.188|-2871.925 -2814.094
250V 2233 34 AV SW,-2871.883 -2771.429|-2883.864 -2771.451|-2962.857 -2771.574|-2965.716 -2771.562|-2965.709 -2774.698|-2965.583 -2830.262|-2947.555 -2830.218|-2947.478 -2862.920|-2901.956 -2862.853|-2901.949 -2869.948|-2897.964 -2869.948|-2897.943 -2875.941|-2883.892 -2875.919|-2871.932 -2875.908|-2871.939 -2862.842|-2871.932 -2841.515|-2871.925 -2820.188|-2871.925 -2814.094
251V 2233 34 AV SW,-2871.883 -2771.429|-2883.864 -2771.451|-2962.857 -2771.574|-2965.716 -2771.562|-2965.709 -2774.698|-2965.583 -2830.262|-2947.555 -2830.218|-2947.478 -2862.920|-2901.956 -2862.853|-2901.949 -2869.948|-2897.964 -2869.948|-2897.943 -2875.941|-2883.892 -2875.919|-2871.932 -2875.908|-2871.939 -2862.842|-2871.932 -2841.515|-2871.925 -2820.188|-2871.925 -2814.094
252V 2233 34 AV SW,-2871.883 -2771.429|-2883.864 -2771.451|-2962.857 -2771.574|-2965.716 -2771.562|-2965.709 -2774.698|-2965.583 -2830.262|-2947.555 -2830.218|-2947.478 -2862.920|-2901.956 -2862.853|-2901.949 -2869.948|-2897.964 -2869.948|-2897.943 -2875.941|-2883.892 -2875.919|-2871.932 -2875.908|-2871.939 -2862.842|-2871.932 -2841.515|-2871.925 -2820.188|-2871.925 -2814.094
253V 2233 34 AV SW,-2871.883 -2771.429|-2883.864 -2771.451|-2962.857 -2771.574|-2965.716 -2771.562|-2965.709 -2774.698|-2965.583 -2830.262|-2947.555 -2830.218|-2947.478 -2862.920|-2901.956 -2862.853|-2901.949 -2869.948|-2897.964 -2869.948|-2897.943 -2875.941|-2883.892 -2875.919|-2871.932 -2875.908|-2871.939 -2862.842|-2871.932 -2841.515|-2871.925 -2820.188|-2871.925 -2814.094
190V 2233 34 AV SW,-2871.883 -2771.429|-2883.864 -2771.451|-2962.857 -2771.574|-2965.716 -2771.562|-2965.709 -2774.698|-2965.583 -2830.262|-2947.555 -2830.218|-2947.478 -2862.920|-2901.956 -2862.853|-2901.949 -2869.948|-2897.964 -2869.948|-2897.943 -2875.941|-2883.892 -2875.919|-2871.932 -2875.908|-2871.939 -2862.842|-2871.932 -2841.515|-2871.925 -2820.188|-2871.925 -2814.094
254V 2233 34 AV SW,-2871.883 -2771.429|-2883.864 -2771.451|-2962.857 -2771.574|-2965.716 -2771.562|-2965.709 -2774.698|-2965.583 -2830.262|-2947.555 -2830.218|-2947.478 -2862.920|-2901.956 -2862.853|-2901.949 -2869.948|-2897.964 -2869.948|-2897.943 -2875.941|-2883.892 -2875.919|-2871.932 -2875.908|-2871.939 -2862.842|-2871.932 -2841.515|-2871.925 -2820.188|-2871.925 -2814.094
255V 2233 34 AV SW,-2871.883 -2771.429|-2883.864 -2771.451|-2962.857 -2771.574|-2965.716 -2771.562|-2965.709 -2774.698|-2965.583 -2830.262|-2947.555 -2830.218|-2947.478 -2862.920|-2901.956 -2862.853|-2901.949 -2869.948|-2897.964 -2869.948|-2897.943 -2875.941|-2883.892 -2875.919|-2871.932 -2875.908|-2871.939 -2862.842|-2871.932 -2841.515|-2871.925 -2820.188|-2871.925 -2814.094
256V 2233 34 AV SW,-2871.883 -2771.429|-2883.864 -2771.451|-2962.857 -2771.574|-2965.716 -2771.562|-2965.709 -2774.698|-2965.583 -2830.262|-2947.555 -2830.218|-2947.478 -2862.920|-2901.956 -2862.853|-2901.949 -2869.948|-2897.964 -2869.948|-2897.943 -2875.941|-2883.892 -2875.919|-2871.932 -2875.908|-2871.939 -2862.842|-2871.932 -2841.515|-2871.925 -2820.188|-2871.925 -2814.094
257V 2233 34 AV SW,-2871.883 -2771.429|-2883.864 -2771.451|-2962.857 -2771.574|-2965.716 -2771.562|-2965.709 -2774.698|-2965.583 -2830.262|-2947.555 -2830.218|-2947.478 -2862.920|-2901.956 -2862.853|-2901.949 -2869.948|-2897.964 -2869.948|-2897.943 -2875.941|-2883.892 -2875.919|-2871.932 -2875.908|-2871.939 -2862.842|-2871.932 -2841.515|-2871.925 -2820.188|-2871.925 -2814.094
258V 2233 34 AV SW,-2871.883 -2771.429|-2883.864 -2771.451|-2962.857 -2771.574|-2965.716 -2771.562|-2965.709 -2774.698|-2965.583 -2830.262|-2947.555 -2830.218|-2947.478 -2862.920|-2901.956 -2862.853|-2901.949 -2869.948|-2897.964 -2869.948|-2897.943 -2875.941|-2883.892 -2875.919|-2871.932 -2875.908|-2871.939 -2862.842|-2871.932 -2841.515|-2871.925 -2820.188|-2871.925 -2814.094
259V 2233 34 AV SW,-2871.883 -2771.429|-2883.864 -2771.451|-2962.857 -2771.574|-2965.716 -2771.562|-2965.709 -2774.698|-2965.583 -2830.262|-2947.555 -2830.218|-2947.478 -2862.920|-2901.956 -2862.853|-2901.949 -2869.948|-2897.964 -2869.948|-2897.943 -2875.941|-2883.892 -2875.919|-2871.932 -2875.908|-2871.939 -2862.842|-2871.932 -2841.515|-2871.925 -2820.188|-2871.925 -2814.094
363 2233 34 AV SW,-2871.883 -2771.429|-2883.864 -2771.451|-2962.857 -2771.574|-2965.716 -2771.562|-2965.709 -2774.698|-2965.583 -2830.262|-2947.555 -2830.218|-2947.478 -2862.920|-2901.956 -2862.853|-2901.949 -2869.948|-2897.964 -2869.948|-2897.943 -2875.941|-2883.892 -2875.919|-2871.932 -2875.908|-2871.939 -2862.842|-2871.932 -2841.515|-2871.925 -2820.188|-2871.925 -2814.094
362 2233 34 AV SW,-2871.883 -2771.429|-2883.864 -2771.451|-2962.857 -2771.574|-2965.716 -2771.562|-2965.709 -2774.698|-2965.583 -2830.262|-2947.555 -2830.218|-2947.478 -2862.920|-2901.956 -2862.853|-2901.949 -2869.948|-2897.964 -2869.948|-2897.943 -2875.941|-2883.892 -2875.919|-2871.932 -2875.908|-2871.939 -2862.842|-2871.932 -2841.515|-2871.925 -2820.188|-2871.925 -2814.094
361 2233 34 AV SW,-2871.883 -2771.429|-2883.864 -2771.451|-2962.857 -2771.574|-2965.716 -2771.562|-2965.709 -2774.698|-2965.583 -2830.262|-2947.555 -2830.218|-2947.478 -2862.920|-2901.956 -2862.853|-2901.949 -2869.948|-2897.964 -2869.948|-2897.943 -2875.941|-2883.892 -2875.919|-2871.932 -2875.908|-2871.939 -2862.842|-2871.932 -2841.515|-2871.925 -2820.188|-2871.925 -2814.094
304 2233 34 AV SW,-2871.883 -2771.429|-2883.864 -2771.451|-2962.857 -2771.574|-2965.716 -2771.562|-2965.709 -2774.698|-2965.583 -2830.262|-2947.555 -2830.218|-2947.478 -2862.920|-2901.956 -2862.853|-2901.949 -2869.948|-2897.964 -2869.948|-2897.943 -2875.941|-2883.892 -2875.919|-2871.932 -2875.908|-2871.939 -2862.842|-2871.932 -2841.515|-2871.925 -2820.188|-2871.925 -2814.094
303 2233 34 AV SW,-2871.883 -2771.429|-2883.864 -2771.451|-2962.857 -2771.574|-2965.716 -2771.562|-2965.709 -2774.698|-2965.583 -2830.262|-2947.555 -2830.218|-2947.478 -2862.920|-2901.956 -2862.853|-2901.949 -2869.948|-2897.964 -2869.948|-2897.943 -2875.941|-2883.892 -2875.919|-2871.932 -2875.908|-2871.939 -2862.842|-2871.932 -2841.515|-2871.925 -2820.188|-2871.925 -2814.094
302 2233 34 AV SW,-2871.883 -2771.429|-2883.864 -2771.451|-2962.857 -2771.574|-2965.716 -2771.562|-2965.709 -2774.698|-2965.583 -2830.262|-2947.555 -2830.218|-2947.478 -2862.920|-2901.956 -2862.853|-2901.949 -2869.948|-2897.964 -2869.948|-2897.943 -2875.941|-2883.892 -2875.919|-2871.932 -2875.908|-2871.939 -2862.842|-2871.932 -2841.515|-2871.925 -2820.188|-2871.925 -2814.094
301 2233 34 AV SW,-2871.883 -2771.429|-2883.864 -2771.451|-2962.857 -2771.574|-2965.716 -2771.562|-2965.709 -2774.698|-2965.583 -2830.262|-2947.555 -2830.218|-2947.478 -2862.920|-2901.956 -2862.853|-2901.949 -2869.948|-2897.964 -2869.948|-2897.943 -2875.941|-2883.892 -2875.919|-2871.932 -2875.908|-2871.939 -2862.842|-2871.932 -2841.515|-2871.925 -2820.188|-2871.925 -2814.094
373 2233 34 AV SW,-2871.883 -2771.429|-2883.864 -2771.451|-2962.857 -2771.574|-2965.716 -2771.562|-2965.709 -2774.698|-2965.583 -2830.262|-2947.555 -2830.218|-2947.478 -2862.920|-2901.956 -2862.853|-2901.949 -2869.948|-2897.964 -2869.948|-2897.943 -2875.941|-2883.892 -2875.919|-2871.932 -2875.908|-2871.939 -2862.842|-2871.932 -2841.515|-2871.925 -2820.188|-2871.925 -2814.094
372 2233 34 AV SW,-2871.883 -2771.429|-2883.864 -2771.451|-2962.857 -2771.574|-2965.716 -2771.562|-2965.709 -2774.698|-2965.583 -2830.262|-2947.555 -2830.218|-2947.478 -2862.920|-2901.956 -2862.853|-2901.949 -2869.948|-2897.964 -2869.948|-2897.943 -2875.941|-2883.892 -2875.919|-2871.932 -2875.908|-2871.939 -2862.842|-2871.932 -2841.515|-2871.925 -2820.188|-2871.925 -2814.094
371 2233 34 AV SW,-2871.883 -2771.429|-2883.864 -2771.451|-2962.857 -2771.574|-2965.716 -2771.562|-2965.709 -2774.698|-2965.583 -2830.262|-2947.555 -2830.218|-2947.478 -2862.920|-2901.956 -2862.853|-2901.949 -2869.948|-2897.964 -2869.948|-2897.943 -2875.941|-2883.892 -2875.919|-2871.932 -2875.908|-2871.939 -2862.842|-2871.932 -2841.515|-2871.925 -2820.188|-2871.925 -2814.094
370 2233 34 AV SW,-2871.883 -2771.429|-2883.864 -2771.451|-2962.857 -2771.574|-2965.716 -2771.562|-2965.709 -2774.698|-2965.583 -2830.262|-2947.555 -2830.218|-2947.478 -2862.920|-2901.956 -2862.853|-2901.949 -2869.948|-2897.964 -2869.948|-2897.943 -2875.941|-2883.892 -2875.919|-2871.932 -2875.908|-2871.939 -2862.842|-2871.932 -2841.515|-2871.925 -2820.188|-2871.925 -2814.094
369 2233 34 AV SW,-2871.883 -2771.429|-2883.864 -2771.451|-2962.857 -2771.574|-2965.716 -2771.562|-2965.709 -2774.698|-2965.583 -2830.262|-2947.555 -2830.218|-2947.478 -2862.920|-2901.956 -2862.853|-2901.949 -2869.948|-2897.964 -2869.948|-2897.943 -2875.941|-2883.892 -2875.919|-2871.932 -2875.908|-2871.939 -2862.842|-2871.932 -2841.515|-2871.925 -2820.188|-2871.925 -2814.094
368 2233 34 AV SW,-2871.883 -2771.429|-2883.864 -2771.451|-2962.857 -2771.574|-2965.716 -2771.562|-2965.709 -2774.698|-2965.583 -2830.262|-2947.555 -2830.218|-2947.478 -2862.920|-2901.956 -2862.853|-2901.949 -2869.948|-2897.964 -2869.948|-2897.943 -2875.941|-2883.892 -2875.919|-2871.932 -2875.908|-2871.939 -2862.842|-2871.932 -2841.515|-2871.925 -2820.188|-2871.925 -2814.094
367 2233 34 AV SW,-2871.883 -2771.429|-2883.864 -2771.451|-2962.857 -2771.574|-2965.716 -2771.562|-2965.709 -2774.698|-2965.583 -2830.262|-2947.555 -2830.218|-2947.478 -2862.920|-2901.956 -2862.853|-2901.949 -2869.948|-2897.964 -2869.948|-2897.943 -2875.941|-2883.892 -2875.919|-2871.932 -2875.908|-2871.939 -2862.842|-2871.932 -2841.515|-2871.925 -2820.188|-2871.925 -2814.094
142 2233 34 AV SW,-2871.883 -2771.429|-2883.864 -2771.451|-2962.857 -2771.574|-2965.716 -2771.562|-2965.709 -2774.698|-2965.583 -2830.262|-2947.555 -2830.218|-2947.478 -2862.920|-2901.956 -2862.853|-2901.949 -2869.948|-2897.964 -2869.948|-2897.943 -2875.941|-2883.892 -2875.919|-2871.932 -2875.908|-2871.939 -2862.842|-2871.932 -2841.515|-2871.925 -2820.188|-2871.925 -2814.094
305 2233 34 AV SW,-2871.883 -2771.429|-2883.864 -2771.451|-2962.857 -2771.574|-2965.716 -2771.562|-2965.709 -2774.698|-2965.583 -2830.262|-2947.555 -2830.218|-2947.478 -2862.920|-2901.956 -2862.853|-2901.949 -2869.948|-2897.964 -2869.948|-2897.943 -2875.941|-2883.892 -2875.919|-2871.932 -2875.908|-2871.939 -2862.842|-2871.932 -2841.515|-2871.925 -2820.188|-2871.925 -2814.094
207 2233 34 AV SW,-2871.883 -2771.429|-2883.864 -2771.451|-2962.857 -2771.574|-2965.716 -2771.562|-2965.709 -2774.698|-2965.583 -2830.262|-2947.555 -2830.218|-2947.478 -2862.920|-2901.956 -2862.853|-2901.949 -2869.948|-2897.964 -2869.948|-2897.943 -2875.941|-2883.892 -2875.919|-2871.932 -2875.908|-2871.939 -2862.842|-2871.932 -2841.515|-2871.925 -2820.188|-2871.925 -2814.094
208 2233 34 AV SW,-2871.883 -2771.429|-2883.864 -2771.451|-2962.857 -2771.574|-2965.716 -2771.562|-2965.709 -2774.698|-2965.583 -2830.262|-2947.555 -2830.218|-2947.478 -2862.920|-2901.956 -2862.853|-2901.949 -2869.948|-2897.964 -2869.948|-2897.943 -2875.941|-2883.892 -2875.919|-2871.932 -2875.908|-2871.939 -2862.842|-2871.932 -2841.515|-2871.925 -2820.188|-2871.925 -2814.094
209 2233 34 AV SW,-2871.883 -2771.429|-2883.864 -2771.451|-2962.857 -2771.574|-2965.716 -2771.562|-2965.709 -2774.698|-2965.583 -2830.262|-2947.555 -2830.218|-2947.478 -2862.920|-2901.956 -2862.853|-2901.949 -2869.948|-2897.964 -2869.948|-2897.943 -2875.941|-2883.892 -2875.919|-2871.932 -2875.908|-2871.939 -2862.842|-2871.932 -2841.515|-2871.925 -2820.188|-2871.925 -2814.094
210 2233 34 AV SW,-2871.883 -2771.429|-2883.864 -2771.451|-2962.857 -2771.574|-2965.716 -2771.562|-2965.709 -2774.698|-2965.583 -2830.262|-2947.555 -2830.218|-2947.478 -2862.920|-2901.956 -2862.853|-2901.949 -2869.948|-2897.964 -2869.948|-2897.943 -2875.941|-2883.892 -2875.919|-2871.932 -2875.908|-2871.939 -2862.842|-2871.932 -2841.515|-2871.925 -2820.188|-2871.925 -2814.094
211 2233 34 AV SW,-2871.883 -2771.429|-2883.864 -2771.451|-2962.857 -2771.574|-2965.716 -2771.562|-2965.709 -2774.698|-2965.583 -2830.262|-2947.555 -2830.218|-2947.478 -2862.920|-2901.956 -2862.853|-2901.949 -2869.948|-2897.964 -2869.948|-2897.943 -2875.941|-2883.892 -2875.919|-2871.932 -2875.908|-2871.939 -2862.842|-2871.932 -2841.515|-2871.925 -2820.188|-2871.925 -2814.094
212 2233 34 AV SW,-2871.883 -2771.429|-2883.864 -2771.451|-2962.857 -2771.574|-2965.716 -2771.562|-2965.709 -2774.698|-2965.583 -2830.262|-2947.555 -2830.218|-2947.478 -2862.920|-2901.956 -2862.853|-2901.949 -2869.948|-2897.964 -2869.948|-2897.943 -2875.941|-2883.892 -2875.919|-2871.932 -2875.908|-2871.939 -2862.842|-2871.932 -2841.515|-2871.925 -2820.188|-2871.925 -2814.094
213 2233 34 AV SW,-2871.883 -2771.429|-2883.864 -2771.451|-2962.857 -2771.574|-2965.716 -2771.562|-2965.709 -2774.698|-2965.583 -2830.262|-2947.555 -2830.218|-2947.478 -2862.920|-2901.956 -2862.853|-2901.949 -2869.948|-2897.964 -2869.948|-2897.943 -2875.941|-2883.892 -2875.919|-2871.932 -2875.908|-2871.939 -2862.842|-2871.932 -2841.515|-2871.925 -2820.188|-2871.925 -2814.094
214 2233 34 AV SW,-2871.883 -2771.429|-2883.864 -2771.451|-2962.857 -2771.574|-2965.716 -2771.562|-2965.709 -2774.698|-2965.583 -2830.262|-2947.555 -2830.218|-2947.478 -2862.920|-2901.956 -2862.853|-2901.949 -2869.948|-2897.964 -2869.948|-2897.943 -2875.941|-2883.892 -2875.919|-2871.932 -2875.908|-2871.939 -2862.842|-2871.932 -2841.515|-2871.925 -2820.188|-2871.925 -2814.094
215 2233 34 AV SW,-2871.883 -2771.429|-2883.864 -2771.451|-2962.857 -2771.574|-2965.716 -2771.562|-2965.709 -2774.698|-2965.583 -2830.262|-2947.555 -2830.218|-2947.478 -2862.920|-2901.956 -2862.853|-2901.949 -2869.948|-2897.964 -2869.948|-2897.943 -2875.941|-2883.892 -2875.919|-2871.932 -2875.908|-2871.939 -2862.842|-2871.932 -2841.515|-2871.925 -2820.188|-2871.925 -2814.094
216 2233 34 AV SW,-2871.883 -2771.429|-2883.864 -2771.451|-2962.857 -2771.574|-2965.716 -2771.562|-2965.709 -2774.698|-2965.583 -2830.262|-2947.555 -2830.218|-2947.478 -2862.920|-2901.956 -2862.853|-2901.949 -2869.948|-2897.964 -2869.948|-2897.943 -2875.941|-2883.892 -2875.919|-2871.932 -2875.908|-2871.939 -2862.842|-2871.932 -2841.515|-2871.925 -2820.188|-2871.925 -2814.094
217 2233 34 AV SW,-2871.883 -2771.429|-2883.864 -2771.451|-2962.857 -2771.574|-2965.716 -2771.562|-2965.709 -2774.698|-2965.583 -2830.262|-2947.555 -2830.218|-2947.478 -2862.920|-2901.956 -2862.853|-2901.949 -2869.948|-2897.964 -2869.948|-2897.943 -2875.941|-2883.892 -2875.919|-2871.932 -2875.908|-2871.939 -2862.842|-2871.932 -2841.515|-2871.925 -2820.188|-2871.925 -2814.094
218 2233 34 AV SW,-2871.883 -2771.429|-2883.864 -2771.451|-2962.857 -2771.574|-2965.716 -2771.562|-2965.709 -2774.698|-2965.583 -2830.262|-2947.555 -2830.218|-2947.478 -2862.920|-2901.956 -2862.853|-2901.949 -2869.948|-2897.964 -2869.948|-2897.943 -2875.941|-2883.892 -2875.919|-2871.932 -2875.908|-2871.939 -2862.842|-2871.932 -2841.515|-2871.925 -2820.188|-2871.925 -2814.094
219 2233 34 AV SW,-2871.883 -2771.429|-2883.864 -2771.451|-2962.857 -2771.574|-2965.716 -2771.562|-2965.709 -2774.698|-2965.583 -2830.262|-2947.555 -2830.218|-2947.478 -2862.920|-2901.956 -2862.853|-2901.949 -2869.948|-2897.964 -2869.948|-2897.943 -2875.941|-2883.892 -2875.919|-2871.932 -2875.908|-2871.939 -2862.842|-2871.932 -2841.515|-2871.925 -2820.188|-2871.925 -2814.094
220 2233 34 AV SW,-2871.883 -2771.429|-2883.864 -2771.451|-2962.857 -2771.574|-2965.716 -2771.562|-2965.709 -2774.698|-2965.583 -2830.262|-2947.555 -2830.218|-2947.478 -2862.920|-2901.956 -2862.853|-2901.949 -2869.948|-2897.964 -2869.948|-2897.943 -2875.941|-2883.892 -2875.919|-2871.932 -2875.908|-2871.939 -2862.842|-2871.932 -2841.515|-2871.925 -2820.188|-2871.925 -2814.094
189V 2233 34 AV SW,-2871.883 -2771.429|-2883.864 -2771.451|-2962.857 -2771.574|-2965.716 -2771.562|-2965.709 -2774.698|-2965.583 -2830.262|-2947.555 -2830.218|-2947.478 -2862.920|-2901.956 -2862.853|-2901.949 -2869.948|-2897.964 -2869.948|-2897.943 -2875.941|-2883.892 -2875.919|-2871.932 -2875.908|-2871.939 -2862.842|-2871.932 -2841.515|-2871.925 -2820.188|-2871.925 -2814.094
188V 2233 34 AV SW,-2871.883 -2771.429|-2883.864 -2771.451|-2962.857 -2771.574|-2965.716 -2771.562|-2965.709 -2774.698|-2965.583 -2830.262|-2947.555 -2830.218|-2947.478 -2862.920|-2901.956 -2862.853|-2901.949 -2869.948|-2897.964 -2869.948|-2897.943 -2875.941|-2883.892 -2875.919|-2871.932 -2875.908|-2871.939 -2862.842|-2871.932 -2841.515|-2871.925 -2820.188|-2871.925 -2814.094
187V 2233 34 AV SW,-2871.883 -2771.429|-2883.864 -2771.451|-2962.857 -2771.574|-2965.716 -2771.562|-2965.709 -2774.698|-2965.583 -2830.262|-2947.555 -2830.218|-2947.478 -2862.920|-2901.956 -2862.853|-2901.949 -2869.948|-2897.964 -2869.948|-2897.943 -2875.941|-2883.892 -2875.919|-2871.932 -2875.908|-2871.939 -2862.842|-2871.932 -2841.515|-2871.925 -2820.188|-2871.925 -2814.094
186V 2233 34 AV SW,-2871.883 -2771.429|-2883.864 -2771.451|-2962.857 -2771.574|-2965.716 -2771.562|-2965.709 -2774.698|-2965.583 -2830.262|-2947.555 -2830.218|-2947.478 -2862.920|-2901.956 -2862.853|-2901.949 -2869.948|-2897.964 -2869.948|-2897.943 -2875.941|-2883.892 -2875.919|-2871.932 -2875.908|-2871.939 -2862.842|-2871.932 -2841.515|-2871.925 -2820.188|-2871.925 -2814.094
185V 2233 34 AV SW,-2871.883 -2771.429|-2883.864 -2771.451|-2962.857 -2771.574|-2965.716 -2771.562|-2965.709 -2774.698|-2965.583 -2830.262|-2947.555 -2830.218|-2947.478 -2862.920|-2901.956 -2862.853|-2901.949 -2869.948|-2897.964 -2869.948|-2897.943 -2875.941|-2883.892 -2875.919|-2871.932 -2875.908|-2871.939 -2862.842|-2871.932 -2841.515|-2871.925 -2820.188|-2871.925 -2814.094
184V 2233 34 AV SW,-2871.883 -2771.429|-2883.864 -2771.451|-2962.857 -2771.574|-2965.716 -2771.562|-2965.709 -2774.698|-2965.583 -2830.262|-2947.555 -2830.218|-2947.478 -2862.920|-2901.956 -2862.853|-2901.949 -2869.948|-2897.964 -2869.948|-2897.943 -2875.941|-2883.892 -2875.919|-2871.932 -2875.908|-2871.939 -2862.842|-2871.932 -2841.515|-2871.925 -2820.188|-2871.925 -2814.094
183V 2233 34 AV SW,-2871.883 -2771.429|-2883.864 -2771.451|-2962.857 -2771.574|-2965.716 -2771.562|-2965.709 -2774.698|-2965.583 -2830.262|-2947.555 -2830.218|-2947.478 -2862.920|-2901.956 -2862.853|-2901.949 -2869.948|-2897.964 -2869.948|-2897.943 -2875.941|-2883.892 -2875.919|-2871.932 -2875.908|-2871.939 -2862.842|-2871.932 -2841.515|-2871.925 -2820.188|-2871.925 -2814.094
182V 2233 34 AV SW,-2871.883 -2771.429|-2883.864 -2771.451|-2962.857 -2771.574|-2965.716 -2771.562|-2965.709 -2774.698|-2965.583 -2830.262|-2947.555 -2830.218|-2947.478 -2862.920|-2901.956 -2862.853|-2901.949 -2869.948|-2897.964 -2869.948|-2897.943 -2875.941|-2883.892 -2875.919|-2871.932 -2875.908|-2871.939 -2862.842|-2871.932 -2841.515|-2871.925 -2820.188|-2871.925 -2814.094
181V 2233 34 AV SW,-2871.883 -2771.429|-2883.864 -2771.451|-2962.857 -2771.574|-2965.716 -2771.562|-2965.709 -2774.698|-2965.583 -2830.262|-2947.555 -2830.218|-2947.478 -2862.920|-2901.956 -2862.853|-2901.949 -2869.948|-2897.964 -2869.948|-2897.943 -2875.941|-2883.892 -2875.919|-2871.932 -2875.908|-2871.939 -2862.842|-2871.932 -2841.515|-2871.925 -2820.188|-2871.925 -2814.094
180V 2233 34 AV SW,-2871.883 -2771.429|-2883.864 -2771.451|-2962.857 -2771.574|-2965.716 -2771.562|-2965.709 -2774.698|-2965.583 -2830.262|-2947.555 -2830.218|-2947.478 -2862.920|-2901.956 -2862.853|-2901.949 -2869.948|-2897.964 -2869.948|-2897.943 -2875.941|-2883.892 -2875.919|-2871.932 -2875.908|-2871.939 -2862.842|-2871.932 -2841.515|-2871.925 -2820.188|-2871.925 -2814.094
179V 2233 34 AV SW,-2871.883 -2771.429|-2883.864 -2771.451|-2962.857 -2771.574|-2965.716 -2771.562|-2965.709 -2774.698|-2965.583 -2830.262|-2947.555 -2830.218|-2947.478 -2862.920|-2901.956 -2862.853|-2901.949 -2869.948|-2897.964 -2869.948|-2897.943 -2875.941|-2883.892 -2875.919|-2871.932 -2875.908|-2871.939 -2862.842|-2871.932 -2841.515|-2871.925 -2820.188|-2871.925 -2814.094
178V 2233 34 AV SW,-2871.883 -2771.429|-2883.864 -2771.451|-2962.857 -2771.574|-2965.716 -2771.562|-2965.709 -2774.698|-2965.583 -2830.262|-2947.555 -2830.218|-2947.478 -2862.920|-2901.956 -2862.853|-2901.949 -2869.948|-2897.964 -2869.948|-2897.943 -2875.941|-2883.892 -2875.919|-2871.932 -2875.908|-2871.939 -2862.842|-2871.932 -2841.515|-2871.925 -2820.188|-2871.925 -2814.094
177V 2233 34 AV SW,-2871.883 -2771.429|-2883.864 -2771.451|-2962.857 -2771.574|-2965.716 -2771.562|-2965.709 -2774.698|-2965.583 -2830.262|-2947.555 -2830.218|-2947.478 -2862.920|-2901.956 -2862.853|-2901.949 -2869.948|-2897.964 -2869.948|-2897.943 -2875.941|-2883.892 -2875.919|-2871.932 -2875.908|-2871.939 -2862.842|-2871.932 -2841.515|-2871.925 -2820.188|-2871.925 -2814.094
176V 2233 34 AV SW,-2871.883 -2771.429|-2883.864 -2771.451|-2962.857 -2771.574|-2965.716 -2771.562|-2965.709 -2774.698|-2965.583 -2830.262|-2947.555 -2830.218|-2947.478 -2862.920|-2901.956 -2862.853|-2901.949 -2869.948|-2897.964 -2869.948|-2897.943 -2875.941|-2883.892 -2875.919|-2871.932 -2875.908|-2871.939 -2862.842|-2871.932 -2841.515|-2871.925 -2820.188|-2871.925 -2814.094
175V 2233 34 AV SW,-2871.883 -2771.429|-2883.864 -2771.451|-2962.857 -2771.574|-2965.716 -2771.562|-2965.709 -2774.698|-2965.583 -2830.262|-2947.555 -2830.218|-2947.478 -2862.920|-2901.956 -2862.853|-2901.949 -2869.948|-2897.964 -2869.948|-2897.943 -2875.941|-2883.892 -2875.919|-2871.932 -2875.908|-2871.939 -2862.842|-2871.932 -2841.515|-2871.925 -2820.188|-2871.925 -2814.094
174V 2233 34 AV SW,-2871.883 -2771.429|-2883.864 -2771.451|-2962.857 -2771.574|-2965.716 -2771.562|-2965.709 -2774.698|-2965.583 -2830.262|-2947.555 -2830.218|-2947.478 -2862.920|-2901.956 -2862.853|-2901.949 -2869.948|-2897.964 -2869.948|-2897.943 -2875.941|-2883.892 -2875.919|-2871.932 -2875.908|-2871.939 -2862.842|-2871.932 -2841.515|-2871.925 -2820.188|-2871.925 -2814.094
173V 2233 34 AV SW,-2871.883 -2771.429|-2883.864 -2771.451|-2962.857 -2771.574|-2965.716 -2771.562|-2965.709 -2774.698|-2965.583 -2830.262|-2947.555 -2830.218|-2947.478 -2862.920|-2901.956 -2862.853|-2901.949 -2869.948|-2897.964 -2869.948|-2897.943 -2875.941|-2883.892 -2875.919|-2871.932 -2875.908|-2871.939 -2862.842|-2871.932 -2841.515|-2871.925 -2820.188|-2871.925 -2814.094
172V 2233 34 AV SW,-2871.883 -2771.429|-2883.864 -2771.451|-2962.857 -2771.574|-2965.716 -2771.562|-2965.709 -2774.698|-2965.583 -2830.262|-2947.555 -2830.218|-2947.478 -2862.920|-2901.956 -2862.853|-2901.949 -2869.948|-2897.964 -2869.948|-2897.943 -2875.941|-2883.892 -2875.919|-2871.932 -2875.908|-2871.939 -2862.842|-2871.932 -2841.515|-2871.925 -2820.188|-2871.925 -2814.094
171V 2233 34 AV SW,-2871.883 -2771.429|-2883.864 -2771.451|-2962.857 -2771.574|-2965.716 -2771.562|-2965.709 -2774.698|-2965.583 -2830.262|-2947.555 -2830.218|-2947.478 -2862.920|-2901.956 -2862.853|-2901.949 -2869.948|-2897.964 -2869.948|-2897.943 -2875.941|-2883.892 -2875.919|-2871.932 -2875.908|-2871.939 -2862.842|-2871.932 -2841.515|-2871.925 -2820.188|-2871.925 -2814.094
170V 2233 34 AV SW,-2871.883 -2771.429|-2883.864 -2771.451|-2962.857 -2771.574|-2965.716 -2771.562|-2965.709 -2774.698|-2965.583 -2830.262|-2947.555 -2830.218|-2947.478 -2862.920|-2901.956 -2862.853|-2901.949 -2869.948|-2897.964 -2869.948|-2897.943 -2875.941|-2883.892 -2875.919|-2871.932 -2875.908|-2871.939 -2862.842|-2871.932 -2841.515|-2871.925 -2820.188|-2871.925 -2814.094
169V 2233 34 AV SW,-2871.883 -2771.429|-2883.864 -2771.451|-2962.857 -2771.574|-2965.716 -2771.562|-2965.709 -2774.698|-2965.583 -2830.262|-2947.555 -2830.218|-2947.478 -2862.920|-2901.956 -2862.853|-2901.949 -2869.948|-2897.964 -2869.948|-2897.943 -2875.941|-2883.892 -2875.919|-2871.932 -2875.908|-2871.939 -2862.842|-2871.932 -2841.515|-2871.925 -2820.188|-2871.925 -2814.094
168V 2233 34 AV SW,-2871.883 -2771.429|-2883.864 -2771.451|-2962.857 -2771.574|-2965.716 -2771.562|-2965.709 -2774.698|-2965.583 -2830.262|-2947.555 -2830.218|-2947.478 -2862.920|-2901.956 -2862.853|-2901.949 -2869.948|-2897.964 -2869.948|-2897.943 -2875.941|-2883.892 -2875.919|-2871.932 -2875.908|-2871.939 -2862.842|-2871.932 -2841.515|-2871.925 -2820.188|-2871.925 -2814.094
167V 2233 34 AV SW,-2871.883 -2771.429|-2883.864 -2771.451|-2962.857 -2771.574|-2965.716 -2771.562|-2965.709 -2774.698|-2965.583 -2830.262|-2947.555 -2830.218|-2947.478 -2862.920|-2901.956 -2862.853|-2901.949 -2869.948|-2897.964 -2869.948|-2897.943 -2875.941|-2883.892 -2875.919|-2871.932 -2875.908|-2871.939 -2862.842|-2871.932 -2841.515|-2871.925 -2820.188|-2871.925 -2814.094
166V 2233 34 AV SW,-2871.883 -2771.429|-2883.864 -2771.451|-2962.857 -2771.574|-2965.716 -2771.562|-2965.709 -2774.698|-2965.583 -2830.262|-2947.555 -2830.218|-2947.478 -2862.920|-2901.956 -2862.853|-2901.949 -2869.948|-2897.964 -2869.948|-2897.943 -2875.941|-2883.892 -2875.919|-2871.932 -2875.908|-2871.939 -2862.842|-2871.932 -2841.515|-2871.925 -2820.188|-2871.925 -2814.094
165V 2233 34 AV SW,-2871.883 -2771.429|-2883.864 -2771.451|-2962.857 -2771.574|-2965.716 -2771.562|-2965.709 -2774.698|-2965.583 -2830.262|-2947.555 -2830.218|-2947.478 -2862.920|-2901.956 -2862.853|-2901.949 -2869.948|-2897.964 -2869.948|-2897.943 -2875.941|-2883.892 -2875.919|-2871.932 -2875.908|-2871.939 -2862.842|-2871.932 -2841.515|-2871.925 -2820.188|-2871.925 -2814.094
164V 2233 34 AV SW,-2871.883 -2771.429|-2883.864 -2771.451|-2962.857 -2771.574|-2965.716 -2771.562|-2965.709 -2774.698|-2965.583 -2830.262|-2947.555 -2830.218|-2947.478 -2862.920|-2901.956 -2862.853|-2901.949 -2869.948|-2897.964 -2869.948|-2897.943 -2875.941|-2883.892 -2875.919|-2871.932 -2875.908|-2871.939 -2862.842|-2871.932 -2841.515|-2871.925 -2820.188|-2871.925 -2814.094
163V 2233 34 AV SW,-2871.883 -2771.429|-2883.864 -2771.451|-2962.857 -2771.574|-2965.716 -2771.562|-2965.709 -2774.698|-2965.583 -2830.262|-2947.555 -2830.218|-2947.478 -2862.920|-2901.956 -2862.853|-2901.949 -2869.948|-2897.964 -2869.948|-2897.943 -2875.941|-2883.892 -2875.919|-2871.932 -2875.908|-2871.939 -2862.842|-2871.932 -2841.515|-2871.925 -2820.188|-2871.925 -2814.094
222 2233 34 AV SW,-2871.883 -2771.429|-2883.864 -2771.451|-2962.857 -2771.574|-2965.716 -2771.562|-2965.709 -2774.698|-2965.583 -2830.262|-2947.555 -2830.218|-2947.478 -2862.920|-2901.956 -2862.853|-2901.949 -2869.948|-2897.964 -2869.948|-2897.943 -2875.941|-2883.892 -2875.919|-2871.932 -2875.908|-2871.939 -2862.842|-2871.932 -2841.515|-2871.925 -2820.188|-2871.925 -2814.094
223 2233 34 AV SW,-2871.883 -2771.429|-2883.864 -2771.451|-2962.857 -2771.574|-2965.716 -2771.562|-2965.709 -2774.698|-2965.583 -2830.262|-2947.555 -2830.218|-2947.478 -2862.920|-2901.956 -2862.853|-2901.949 -2869.948|-2897.964 -2869.948|-2897.943 -2875.941|-2883.892 -2875.919|-2871.932 -2875.908|-2871.939 -2862.842|-2871.932 -2841.515|-2871.925 -2820.188|-2871.925 -2814.094
224 2233 34 AV SW,-2871.883 -2771.429|-2883.864 -2771.451|-2962.857 -2771.574|-2965.716 -2771.562|-2965.709 -2774.698|-2965.583 -2830.262|-2947.555 -2830.218|-2947.478 -2862.920|-2901.956 -2862.853|-2901.949 -2869.948|-2897.964 -2869.948|-2897.943 -2875.941|-2883.892 -2875.919|-2871.932 -2875.908|-2871.939 -2862.842|-2871.932 -2841.515|-2871.925 -2820.188|-2871.925 -2814.094
225 2233 34 AV SW,-2871.883 -2771.429|-2883.864 -2771.451|-2962.857 -2771.574|-2965.716 -2771.562|-2965.709 -2774.698|-2965.583 -2830.262|-2947.555 -2830.218|-2947.478 -2862.920|-2901.956 -2862.853|-2901.949 -2869.948|-2897.964 -2869.948|-2897.943 -2875.941|-2883.892 -2875.919|-2871.932 -2875.908|-2871.939 -2862.842|-2871.932 -2841.515|-2871.925 -2820.188|-2871.925 -2814.094
226 2233 34 AV SW,-2871.883 -2771.429|-2883.864 -2771.451|-2962.857 -2771.574|-2965.716 -2771.562|-2965.709 -2774.698|-2965.583 -2830.262|-2947.555 -2830.218|-2947.478 -2862.920|-2901.956 -2862.853|-2901.949 -2869.948|-2897.964 -2869.948|-2897.943 -2875.941|-2883.892 -2875.919|-2871.932 -2875.908|-2871.939 -2862.842|-2871.932 -2841.515|-2871.925 -2820.188|-2871.925 -2814.094
227 2233 34 AV SW,-2871.883 -2771.429|-2883.864 -2771.451|-2962.857 -2771.574|-2965.716 -2771.562|-2965.709 -2774.698|-2965.583 -2830.262|-2947.555 -2830.218|-2947.478 -2862.920|-2901.956 -2862.853|-2901.949 -2869.948|-2897.964 -2869.948|-2897.943 -2875.941|-2883.892 -2875.919|-2871.932 -2875.908|-2871.939 -2862.842|-2871.932 -2841.515|-2871.925 -2820.188|-2871.925 -2814.094
228 2233 34 AV SW,-2871.883 -2771.429|-2883.864 -2771.451|-2962.857 -2771.574|-2965.716 -2771.562|-2965.709 -2774.698|-2965.583 -2830.262|-2947.555 -2830.218|-2947.478 -2862.920|-2901.956 -2862.853|-2901.949 -2869.948|-2897.964 -2869.948|-2897.943 -2875.941|-2883.892 -2875.919|-2871.932 -2875.908|-2871.939 -2862.842|-2871.932 -2841.515|-2871.925 -2820.188|-2871.925 -2814.094
129 2233 34 AV SW,-2871.883 -2771.429|-2883.864 -2771.451|-2962.857 -2771.574|-2965.716 -2771.562|-2965.709 -2774.698|-2965.583 -2830.262|-2947.555 -2830.218|-2947.478 -2862.920|-2901.956 -2862.853|-2901.949 -2869.948|-2897.964 -2869.948|-2897.943 -2875.941|-2883.892 -2875.919|-2871.932 -2875.908|-2871.939 -2862.842|-2871.932 -2841.515|-2871.925 -2820.188|-2871.925 -2814.094
130 2233 34 AV SW,-2871.883 -2771.429|-2883.864 -2771.451|-2962.857 -2771.574|-2965.716 -2771.562|-2965.709 -2774.698|-2965.583 -2830.262|-2947.555 -2830.218|-2947.478 -2862.920|-2901.956 -2862.853|-2901.949 -2869.948|-2897.964 -2869.948|-2897.943 -2875.941|-2883.892 -2875.919|-2871.932 -2875.908|-2871.939 -2862.842|-2871.932 -2841.515|-2871.925 -2820.188|-2871.925 -2814.094
131 2233 34 AV SW,-2871.883 -2771.429|-2883.864 -2771.451|-2962.857 -2771.574|-2965.716 -2771.562|-2965.709 -2774.698|-2965.583 -2830.262|-2947.555 -2830.218|-2947.478 -2862.920|-2901.956 -2862.853|-2901.949 -2869.948|-2897.964 -2869.948|-2897.943 -2875.941|-2883.892 -2875.919|-2871.932 -2875.908|-2871.939 -2862.842|-2871.932 -2841.515|-2871.925 -2820.188|-2871.925 -2814.094
132 2233 34 AV SW,-2871.883 -2771.429|-2883.864 -2771.451|-2962.857 -2771.574|-2965.716 -2771.562|-2965.709 -2774.698|-2965.583 -2830.262|-2947.555 -2830.218|-2947.478 -2862.920|-2901.956 -2862.853|-2901.949 -2869.948|-2897.964 -2869.948|-2897.943 -2875.941|-2883.892 -2875.919|-2871.932 -2875.908|-2871.939 -2862.842|-2871.932 -2841.515|-2871.925 -2820.188|-2871.925 -2814.094
133 2233 34 AV SW,-2871.883 -2771.429|-2883.864 -2771.451|-2962.857 -2771.574|-2965.716 -2771.562|-2965.709 -2774.698|-2965.583 -2830.262|-2947.555 -2830.218|-2947.478 -2862.920|-2901.956 -2862.853|-2901.949 -2869.948|-2897.964 -2869.948|-2897.943 -2875.941|-2883.892 -2875.919|-2871.932 -2875.908|-2871.939 -2862.842|-2871.932 -2841.515|-2871.925 -2820.188|-2871.925 -2814.094
134 2233 34 AV SW,-2871.883 -2771.429|-2883.864 -2771.451|-2962.857 -2771.574|-2965.716 -2771.562|-2965.709 -2774.698|-2965.583 -2830.262|-2947.555 -2830.218|-2947.478 -2862.920|-2901.956 -2862.853|-2901.949 -2869.948|-2897.964 -2869.948|-2897.943 -2875.941|-2883.892 -2875.919|-2871.932 -2875.908|-2871.939 -2862.842|-2871.932 -2841.515|-2871.925 -2820.188|-2871.925 -2814.094
135 2233 34 AV SW,-2871.883 -2771.429|-2883.864 -2771.451|-2962.857 -2771.574|-2965.716 -2771.562|-2965.709 -2774.698|-2965.583 -2830.262|-2947.555 -2830.218|-2947.478 -2862.920|-2901.956 -2862.853|-2901.949 -2869.948|-2897.964 -2869.948|-2897.943 -2875.941|-2883.892 -2875.919|-2871.932 -2875.908|-2871.939 -2862.842|-2871.932 -2841.515|-2871.925 -2820.188|-2871.925 -2814.094
136 2233 34 AV SW,-2871.883 -2771.429|-2883.864 -2771.451|-2962.857 -2771.574|-2965.716 -2771.562|-2965.709 -2774.698|-2965.583 -2830.262|-2947.555 -2830.218|-2947.478 -2862.920|-2901.956 -2862.853|-2901.949 -2869.948|-2897.964 -2869.948|-2897.943 -2875.941|-2883.892 -2875.919|-2871.932 -2875.908|-2871.939 -2862.842|-2871.932 -2841.515|-2871.925 -2820.188|-2871.925 -2814.094
137 2233 34 AV SW,-2871.883 -2771.429|-2883.864 -2771.451|-2962.857 -2771.574|-2965.716 -2771.562|-2965.709 -2774.698|-2965.583 -2830.262|-2947.555 -2830.218|-2947.478 -2862.920|-2901.956 -2862.853|-2901.949 -2869.948|-2897.964 -2869.948|-2897.943 -2875.941|-2883.892 -2875.919|-2871.932 -2875.908|-2871.939 -2862.842|-2871.932 -2841.515|-2871.925 -2820.188|-2871.925 -2814.094
138 2233 34 AV SW,-2871.883 -2771.429|-2883.864 -2771.451|-2962.857 -2771.574|-2965.716 -2771.562|-2965.709 -2774.698|-2965.583 -2830.262|-2947.555 -2830.218|-2947.478 -2862.920|-2901.956 -2862.853|-2901.949 -2869.948|-2897.964 -2869.948|-2897.943 -2875.941|-2883.892 -2875.919|-2871.932 -2875.908|-2871.939 -2862.842|-2871.932 -2841.515|-2871.925 -2820.188|-2871.925 -2814.094
139 2233 34 AV SW,-2871.883 -2771.429|-2883.864 -2771.451|-2962.857 -2771.574|-2965.716 -2771.562|-2965.709 -2774.698|-2965.583 -2830.262|-2947.555 -2830.218|-2947.478 -2862.920|-2901.956 -2862.853|-2901.949 -2869.948|-2897.964 -2869.948|-2897.943 -2875.941|-2883.892 -2875.919|-2871.932 -2875.908|-2871.939 -2862.842|-2871.932 -2841.515|-2871.925 -2820.188|-2871.925 -2814.094
140 2233 34 AV SW,-2871.883 -2771.429|-2883.864 -2771.451|-2962.857 -2771.574|-2965.716 -2771.562|-2965.709 -2774.698|-2965.583 -2830.262|-2947.555 -2830.218|-2947.478 -2862.920|-2901.956 -2862.853|-2901.949 -2869.948|-2897.964 -2869.948|-2897.943 -2875.941|-2883.892 -2875.919|-2871.932 -2875.908|-2871.939 -2862.842|-2871.932 -2841.515|-2871.925 -2820.188|-2871.925 -2814.094
141 2233 34 AV SW,-2871.883 -2771.429|-2883.864 -2771.451|-2962.857 -2771.574|-2965.716 -2771.562|-2965.709 -2774.698|-2965.583 -2830.262|-2947.555 -2830.218|-2947.478 -2862.920|-2901.956 -2862.853|-2901.949 -2869.948|-2897.964 -2869.948|-2897.943 -2875.941|-2883.892 -2875.919|-2871.932 -2875.908|-2871.939 -2862.842|-2871.932 -2841.515|-2871.925 -2820.188|-2871.925 -2814.094
366 2233 34 AV SW,-2871.883 -2771.429|-2883.864 -2771.451|-2962.857 -2771.574|-2965.716 -2771.562|-2965.709 -2774.698|-2965.583 -2830.262|-2947.555 -2830.218|-2947.478 -2862.920|-2901.956 -2862.853|-2901.949 -2869.948|-2897.964 -2869.948|-2897.943 -2875.941|-2883.892 -2875.919|-2871.932 -2875.908|-2871.939 -2862.842|-2871.932 -2841.515|-2871.925 -2820.188|-2871.925 -2814.094
365 2233 34 AV SW,-2871.883 -2771.429|-2883.864 -2771.451|-2962.857 -2771.574|-2965.716 -2771.562|-2965.709 -2774.698|-2965.583 -2830.262|-2947.555 -2830.218|-2947.478 -2862.920|-2901.956 -2862.853|-2901.949 -2869.948|-2897.964 -2869.948|-2897.943 -2875.941|-2883.892 -2875.919|-2871.932 -2875.908|-2871.939 -2862.842|-2871.932 -2841.515|-2871.925 -2820.188|-2871.925 -2814.094
128 2233 34 AV SW,-2871.883 -2771.429|-2883.864 -2771.451|-2962.857 -2771.574|-2965.716 -2771.562|-2965.709 -2774.698|-2965.583 -2830.262|-2947.555 -2830.218|-2947.478 -2862.920|-2901.956 -2862.853|-2901.949 -2869.948|-2897.964 -2869.948|-2897.943 -2875.941|-2883.892 -2875.919|-2871.932 -2875.908|-2871.939 -2862.842|-2871.932 -2841.515|-2871.925 -2820.188|-2871.925 -2814.094
127 2233 34 AV SW,-2871.883 -2771.429|-2883.864 -2771.451|-2962.857 -2771.574|-2965.716 -2771.562|-2965.709 -2774.698|-2965.583 -2830.262|-2947.555 -2830.218|-2947.478 -2862.920|-2901.956 -2862.853|-2901.949 -2869.948|-2897.964 -2869.948|-2897.943 -2875.941|-2883.892 -2875.919|-2871.932 -2875.908|-2871.939 -2862.842|-2871.932 -2841.515|-2871.925 -2820.188|-2871.925 -2814.094
126 2233 34 AV SW,-2871.883 -2771.429|-2883.864 -2771.451|-2962.857 -2771.574|-2965.716 -2771.562|-2965.709 -2774.698|-2965.583 -2830.262|-2947.555 -2830.218|-2947.478 -2862.920|-2901.956 -2862.853|-2901.949 -2869.948|-2897.964 -2869.948|-2897.943 -2875.941|-2883.892 -2875.919|-2871.932 -2875.908|-2871.939 -2862.842|-2871.932 -2841.515|-2871.925 -2820.188|-2871.925 -2814.094
125 2233 34 AV SW,-2871.883 -2771.429|-2883.864 -2771.451|-2962.857 -2771.574|-2965.716 -2771.562|-2965.709 -2774.698|-2965.583 -2830.262|-2947.555 -2830.218|-2947.478 -2862.920|-2901.956 -2862.853|-2901.949 -2869.948|-2897.964 -2869.948|-2897.943 -2875.941|-2883.892 -2875.919|-2871.932 -2875.908|-2871.939 -2862.842|-2871.932 -2841.515|-2871.925 -2820.188|-2871.925 -2814.094
124 2233 34 AV SW,-2871.883 -2771.429|-2883.864 -2771.451|-2962.857 -2771.574|-2965.716 -2771.562|-2965.709 -2774.698|-2965.583 -2830.262|-2947.555 -2830.218|-2947.478 -2862.920|-2901.956 -2862.853|-2901.949 -2869.948|-2897.964 -2869.948|-2897.943 -2875.941|-2883.892 -2875.919|-2871.932 -2875.908|-2871.939 -2862.842|-2871.932 -2841.515|-2871.925 -2820.188|-2871.925 -2814.094
123 2233 34 AV SW,-2871.883 -2771.429|-2883.864 -2771.451|-2962.857 -2771.574|-2965.716 -2771.562|-2965.709 -2774.698|-2965.583 -2830.262|-2947.555 -2830.218|-2947.478 -2862.920|-2901.956 -2862.853|-2901.949 -2869.948|-2897.964 -2869.948|-2897.943 -2875.941|-2883.892 -2875.919|-2871.932 -2875.908|-2871.939 -2862.842|-2871.932 -2841.515|-2871.925 -2820.188|-2871.925 -2814.094
122 2233 34 AV SW,-2871.883 -2771.429|-2883.864 -2771.451|-2962.857 -2771.574|-2965.716 -2771.562|-2965.709 -2774.698|-2965.583 -2830.262|-2947.555 -2830.218|-2947.478 -2862.920|-2901.956 -2862.853|-2901.949 -2869.948|-2897.964 -2869.948|-2897.943 -2875.941|-2883.892 -2875.919|-2871.932 -2875.908|-2871.939 -2862.842|-2871.932 -2841.515|-2871.925 -2820.188|-2871.925 -2814.094
121 2233 34 AV SW,-2871.883 -2771.429|-2883.864 -2771.451|-2962.857 -2771.574|-2965.716 -2771.562|-2965.709 -2774.698|-2965.583 -2830.262|-2947.555 -2830.218|-2947.478 -2862.920|-2901.956 -2862.853|-2901.949 -2869.948|-2897.964 -2869.948|-2897.943 -2875.941|-2883.892 -2875.919|-2871.932 -2875.908|-2871.939 -2862.842|-2871.932 -2841.515|-2871.925 -2820.188|-2871.925 -2814.094
120 2233 34 AV SW,-2871.883 -2771.429|-2883.864 -2771.451|-2962.857 -2771.574|-2965.716 -2771.562|-2965.709 -2774.698|-2965.583 -2830.262|-2947.555 -2830.218|-2947.478 -2862.920|-2901.956 -2862.853|-2901.949 -2869.948|-2897.964 -2869.948|-2897.943 -2875.941|-2883.892 -2875.919|-2871.932 -2875.908|-2871.939 -2862.842|-2871.932 -2841.515|-2871.925 -2820.188|-2871.925 -2814.094
119 2233 34 AV SW,-2871.883 -2771.429|-2883.864 -2771.451|-2962.857 -2771.574|-2965.716 -2771.562|-2965.709 -2774.698|-2965.583 -2830.262|-2947.555 -2830.218|-2947.478 -2862.920|-2901.956 -2862.853|-2901.949 -2869.948|-2897.964 -2869.948|-2897.943 -2875.941|-2883.892 -2875.919|-2871.932 -2875.908|-2871.939 -2862.842|-2871.932 -2841.515|-2871.925 -2820.188|-2871.925 -2814.094
118 2233 34 AV SW,-2871.883 -2771.429|-2883.864 -2771.451|-2962.857 -2771.574|-2965.716 -2771.562|-2965.709 -2774.698|-2965.583 -2830.262|-2947.555 -2830.218|-2947.478 -2862.920|-2901.956 -2862.853|-2901.949 -2869.948|-2897.964 -2869.948|-2897.943 -2875.941|-2883.892 -2875.919|-2871.932 -2875.908|-2871.939 -2862.842|-2871.932 -2841.515|-2871.925 -2820.188|-2871.925 -2814.094
117 2233 34 AV SW,-2871.883 -2771.429|-2883.864 -2771.451|-2962.857 -2771.574|-2965.716 -2771.562|-2965.709 -2774.698|-2965.583 -2830.262|-2947.555 -2830.218|-2947.478 -2862.920|-2901.956 -2862.853|-2901.949 -2869.948|-2897.964 -2869.948|-2897.943 -2875.941|-2883.892 -2875.919|-2871.932 -2875.908|-2871.939 -2862.842|-2871.932 -2841.515|-2871.925 -2820.188|-2871.925 -2814.094
116 2233 34 AV SW,-2871.883 -2771.429|-2883.864 -2771.451|-2962.857 -2771.574|-2965.716 -2771.562|-2965.709 -2774.698|-2965.583 -2830.262|-2947.555 -2830.218|-2947.478 -2862.920|-2901.956 -2862.853|-2901.949 -2869.948|-2897.964 -2869.948|-2897.943 -2875.941|-2883.892 -2875.919|-2871.932 -2875.908|-2871.939 -2862.842|-2871.932 -2841.515|-2871.925 -2820.188|-2871.925 -2814.094
115 2233 34 AV SW,-2871.883 -2771.429|-2883.864 -2771.451|-2962.857 -2771.574|-2965.716 -2771.562|-2965.709 -2774.698|-2965.583 -2830.262|-2947.555 -2830.218|-2947.478 -2862.920|-2901.956 -2862.853|-2901.949 -2869.948|-2897.964 -2869.948|-2897.943 -2875.941|-2883.892 -2875.919|-2871.932 -2875.908|-2871.939 -2862.842|-2871.932 -2841.515|-2871.925 -2820.188|-2871.925 -2814.094
114 2233 34 AV SW,-2871.883 -2771.429|-2883.864 -2771.451|-2962.857 -2771.574|-2965.716 -2771.562|-2965.709 -2774.698|-2965.583 -2830.262|-2947.555 -2830.218|-2947.478 -2862.920|-2901.956 -2862.853|-2901.949 -2869.948|-2897.964 -2869.948|-2897.943 -2875.941|-2883.892 -2875.919|-2871.932 -2875.908|-2871.939 -2862.842|-2871.932 -2841.515|-2871.925 -2820.188|-2871.925 -2814.094
113 2233 34 AV SW,-2871.883 -2771.429|-2883.864 -2771.451|-2962.857 -2771.574|-2965.716 -2771.562|-2965.709 -2774.698|-2965.583 -2830.262|-2947.555 -2830.218|-2947.478 -2862.920|-2901.956 -2862.853|-2901.949 -2869.948|-2897.964 -2869.948|-2897.943 -2875.941|-2883.892 -2875.919|-2871.932 -2875.908|-2871.939 -2862.842|-2871.932 -2841.515|-2871.925 -2820.188|-2871.925 -2814.094
112 2233 34 AV SW,-2871.883 -2771.429|-2883.864 -2771.451|-2962.857 -2771.574|-2965.716 -2771.562|-2965.709 -2774.698|-2965.583 -2830.262|-2947.555 -2830.218|-2947.478 -2862.920|-2901.956 -2862.853|-2901.949 -2869.948|-2897.964 -2869.948|-2897.943 -2875.941|-2883.892 -2875.919|-2871.932 -2875.908|-2871.939 -2862.842|-2871.932 -2841.515|-2871.925 -2820.188|-2871.925 -2814.094
111 2233 34 AV SW,-2871.883 -2771.429|-2883.864 -2771.451|-2962.857 -2771.574|-2965.716 -2771.562|-2965.709 -2774.698|-2965.583 -2830.262|-2947.555 -2830.218|-2947.478 -2862.920|-2901.956 -2862.853|-2901.949 -2869.948|-2897.964 -2869.948|-2897.943 -2875.941|-2883.892 -2875.919|-2871.932 -2875.908|-2871.939 -2862.842|-2871.932 -2841.515|-2871.925 -2820.188|-2871.925 -2814.094
110 2233 34 AV SW,-2871.883 -2771.429|-2883.864 -2771.451|-2962.857 -2771.574|-2965.716 -2771.562|-2965.709 -2774.698|-2965.583 -2830.262|-2947.555 -2830.218|-2947.478 -2862.920|-2901.956 -2862.853|-2901.949 -2869.948|-2897.964 -2869.948|-2897.943 -2875.941|-2883.892 -2875.919|-2871.932 -2875.908|-2871.939 -2862.842|-2871.932 -2841.515|-2871.925 -2820.188|-2871.925 -2814.094
109 2233 34 AV SW,-2871.883 -2771.429|-2883.864 -2771.451|-2962.857 -2771.574|-2965.716 -2771.562|-2965.709 -2774.698|-2965.583 -2830.262|-2947.555 -2830.218|-2947.478 -2862.920|-2901.956 -2862.853|-2901.949 -2869.948|-2897.964 -2869.948|-2897.943 -2875.941|-2883.892 -2875.919|-2871.932 -2875.908|-2871.939 -2862.842|-2871.932 -2841.515|-2871.925 -2820.188|-2871.925 -2814.094
108 2233 34 AV SW,-2871.883 -2771.429|-2883.864 -2771.451|-2962.857 -2771.574|-2965.716 -2771.562|-2965.709 -2774.698|-2965.583 -2830.262|-2947.555 -2830.218|-2947.478 -2862.920|-2901.956 -2862.853|-2901.949 -2869.948|-2897.964 -2869.948|-2897.943 -2875.941|-2883.892 -2875.919|-2871.932 -2875.908|-2871.939 -2862.842|-2871.932 -2841.515|-2871.925 -2820.188|-2871.925 -2814.094
107 2233 34 AV SW,-2871.883 -2771.429|-2883.864 -2771.451|-2962.857 -2771.574|-2965.716 -2771.562|-2965.709 -2774.698|-2965.583 -2830.262|-2947.555 -2830.218|-2947.478 -2862.920|-2901.956 -2862.853|-2901.949 -2869.948|-2897.964 -2869.948|-2897.943 -2875.941|-2883.892 -2875.919|-2871.932 -2875.908|-2871.939 -2862.842|-2871.932 -2841.515|-2871.925 -2820.188|-2871.925 -2814.094
106 2233 34 AV SW,-2871.883 -2771.429|-2883.864 -2771.451|-2962.857 -2771.574|-2965.716 -2771.562|-2965.709 -2774.698|-2965.583 -2830.262|-2947.555 -2830.218|-2947.478 -2862.920|-2901.956 -2862.853|-2901.949 -2869.948|-2897.964 -2869.948|-2897.943 -2875.941|-2883.892 -2875.919|-2871.932 -2875.908|-2871.939 -2862.842|-2871.932 -2841.515|-2871.925 -2820.188|-2871.925 -2814.094
105 2233 34 AV SW,-2871.883 -2771.429|-2883.864 -2771.451|-2962.857 -2771.574|-2965.716 -2771.562|-2965.709 -2774.698|-2965.583 -2830.262|-2947.555 -2830.218|-2947.478 -2862.920|-2901.956 -2862.853|-2901.949 -2869.948|-2897.964 -2869.948|-2897.943 -2875.941|-2883.892 -2875.919|-2871.932 -2875.908|-2871.939 -2862.842|-2871.932 -2841.515|-2871.925 -2820.188|-2871.925 -2814.094
104 2233 34 AV SW,-2871.883 -2771.429|-2883.864 -2771.451|-2962.857 -2771.574|-2965.716 -2771.562|-2965.709 -2774.698|-2965.583 -2830.262|-2947.555 -2830.218|-2947.478 -2862.920|-2901.956 -2862.853|-2901.949 -2869.948|-2897.964 -2869.948|-2897.943 -2875.941|-2883.892 -2875.919|-2871.932 -2875.908|-2871.939 -2862.842|-2871.932 -2841.515|-2871.925 -2820.188|-2871.925 -2814.094
103 2233 34 AV SW,-2871.883 -2771.429|-2883.864 -2771.451|-2962.857 -2771.574|-2965.716 -2771.562|-2965.709 -2774.698|-2965.583 -2830.262|-2947.555 -2830.218|-2947.478 -2862.920|-2901.956 -2862.853|-2901.949 -2869.948|-2897.964 -2869.948|-2897.943 -2875.941|-2883.892 -2875.919|-2871.932 -2875.908|-2871.939 -2862.842|-2871.932 -2841.515|-2871.925 -2820.188|-2871.925 -2814.094
102 2233 34 AV SW,-2871.883 -2771.429|-2883.864 -2771.451|-2962.857 -2771.574|-2965.716 -2771.562|-2965.709 -2774.698|-2965.583 -2830.262|-2947.555 -2830.218|-2947.478 -2862.920|-2901.956 -2862.853|-2901.949 -2869.948|-2897.964 -2869.948|-2897.943 -2875.941|-2883.892 -2875.919|-2871.932 -2875.908|-2871.939 -2862.842|-2871.932 -2841.515|-2871.925 -2820.188|-2871.925 -2814.094
101 2233 34 AV SW,-2871.883 -2771.429|-2883.864 -2771.451|-2962.857 -2771.574|-2965.716 -2771.562|-2965.709 -2774.698|-2965.583 -2830.262|-2947.555 -2830.218|-2947.478 -2862.920|-2901.956 -2862.853|-2901.949 -2869.948|-2897.964 -2869.948|-2897.943 -2875.941|-2883.892 -2875.919|-2871.932 -2875.908|-2871.939 -2862.842|-2871.932 -2841.515|-2871.925 -2820.188|-2871.925 -2814.094
360 2233 34 AV SW,-2871.883 -2771.429|-2883.864 -2771.451|-2962.857 -2771.574|-2965.716 -2771.562|-2965.709 -2774.698|-2965.583 -2830.262|-2947.555 -2830.218|-2947.478 -2862.920|-2901.956 -2862.853|-2901.949 -2869.948|-2897.964 -2869.948|-2897.943 -2875.941|-2883.892 -2875.919|-2871.932 -2875.908|-2871.939 -2862.842|-2871.932 -2841.515|-2871.925 -2820.188|-2871.925 -2814.094
359 2233 34 AV SW,-2871.883 -2771.429|-2883.864 -2771.451|-2962.857 -2771.574|-2965.716 -2771.562|-2965.709 -2774.698|-2965.583 -2830.262|-2947.555 -2830.218|-2947.478 -2862.920|-2901.956 -2862.853|-2901.949 -2869.948|-2897.964 -2869.948|-2897.943 -2875.941|-2883.892 -2875.919|-2871.932 -2875.908|-2871.939 -2862.842|-2871.932 -2841.515|-2871.925 -2820.188|-2871.925 -2814.094
358 2233 34 AV SW,-2871.883 -2771.429|-2883.864 -2771.451|-2962.857 -2771.574|-2965.716 -2771.562|-2965.709 -2774.698|-2965.583 -2830.262|-2947.555 -2830.218|-2947.478 -2862.920|-2901.956 -2862.853|-2901.949 -2869.948|-2897.964 -2869.948|-2897.943 -2875.941|-2883.892 -2875.919|-2871.932 -2875.908|-2871.939 -2862.842|-2871.932 -2841.515|-2871.925 -2820.188|-2871.925 -2814.094
357 2233 34 AV SW,-2871.883 -2771.429|-2883.864 -2771.451|-2962.857 -2771.574|-2965.716 -2771.562|-2965.709 -2774.698|-2965.583 -2830.262|-2947.555 -2830.218|-2947.478 -2862.920|-2901.956 -2862.853|-2901.949 -2869.948|-2897.964 -2869.948|-2897.943 -2875.941|-2883.892 -2875.919|-2871.932 -2875.908|-2871.939 -2862.842|-2871.932 -2841.515|-2871.925 -2820.188|-2871.925 -2814.094
356 2233 34 AV SW,-2871.883 -2771.429|-2883.864 -2771.451|-2962.857 -2771.574|-2965.716 -2771.562|-2965.709 -2774.698|-2965.583 -2830.262|-2947.555 -2830.218|-2947.478 -2862.920|-2901.956 -2862.853|-2901.949 -2869.948|-2897.964 -2869.948|-2897.943 -2875.941|-2883.892 -2875.919|-2871.932 -2875.908|-2871.939 -2862.842|-2871.932 -2841.515|-2871.925 -2820.188|-2871.925 -2814.094
355 2233 34 AV SW,-2871.883 -2771.429|-2883.864 -2771.451|-2962.857 -2771.574|-2965.716 -2771.562|-2965.709 -2774.698|-2965.583 -2830.262|-2947.555 -2830.218|-2947.478 -2862.920|-2901.956 -2862.853|-2901.949 -2869.948|-2897.964 -2869.948|-2897.943 -2875.941|-2883.892 -2875.919|-2871.932 -2875.908|-2871.939 -2862.842|-2871.932 -2841.515|-2871.925 -2820.188|-2871.925 -2814.094
354 2233 34 AV SW,-2871.883 -2771.429|-2883.864 -2771.451|-2962.857 -2771.574|-2965.716 -2771.562|-2965.709 -2774.698|-2965.583 -2830.262|-2947.555 -2830.218|-2947.478 -2862.920|-2901.956 -2862.853|-2901.949 -2869.948|-2897.964 -2869.948|-2897.943 -2875.941|-2883.892 -2875.919|-2871.932 -2875.908|-2871.939 -2862.842|-2871.932 -2841.515|-2871.925 -2820.188|-2871.925 -2814.094
353 2233 34 AV SW,-2871.883 -2771.429|-2883.864 -2771.451|-2962.857 -2771.574|-2965.716 -2771.562|-2965.709 -2774.698|-2965.583 -2830.262|-2947.555 -2830.218|-2947.478 -2862.920|-2901.956 -2862.853|-2901.949 -2869.948|-2897.964 -2869.948|-2897.943 -2875.941|-2883.892 -2875.919|-2871.932 -2875.908|-2871.939 -2862.842|-2871.932 -2841.515|-2871.925 -2820.188|-2871.925 -2814.094
352 2233 34 AV SW,-2871.883 -2771.429|-2883.864 -2771.451|-2962.857 -2771.574|-2965.716 -2771.562|-2965.709 -2774.698|-2965.583 -2830.262|-2947.555 -2830.218|-2947.478 -2862.920|-2901.956 -2862.853|-2901.949 -2869.948|-2897.964 -2869.948|-2897.943 -2875.941|-2883.892 -2875.919|-2871.932 -2875.908|-2871.939 -2862.842|-2871.932 -2841.515|-2871.925 -2820.188|-2871.925 -2814.094
351 2233 34 AV SW,-2871.883 -2771.429|-2883.864 -2771.451|-2962.857 -2771.574|-2965.716 -2771.562|-2965.709 -2774.698|-2965.583 -2830.262|-2947.555 -2830.218|-2947.478 -2862.920|-2901.956 -2862.853|-2901.949 -2869.948|-2897.964 -2869.948|-2897.943 -2875.941|-2883.892 -2875.919|-2871.932 -2875.908|-2871.939 -2862.842|-2871.932 -2841.515|-2871.925 -2820.188|-2871.925 -2814.094
350 2233 34 AV SW,-2871.883 -2771.429|-2883.864 -2771.451|-2962.857 -2771.574|-2965.716 -2771.562|-2965.709 -2774.698|-2965.583 -2830.262|-2947.555 -2830.218|-2947.478 -2862.920|-2901.956 -2862.853|-2901.949 -2869.948|-2897.964 -2869.948|-2897.943 -2875.941|-2883.892 -2875.919|-2871.932 -2875.908|-2871.939 -2862.842|-2871.932 -2841.515|-2871.925 -2820.188|-2871.925 -2814.094
349 2233 34 AV SW,-2871.883 -2771.429|-2883.864 -2771.451|-2962.857 -2771.574|-2965.716 -2771.562|-2965.709 -2774.698|-2965.583 -2830.262|-2947.555 -2830.218|-2947.478 -2862.920|-2901.956 -2862.853|-2901.949 -2869.948|-2897.964 -2869.948|-2897.943 -2875.941|-2883.892 -2875.919|-2871.932 -2875.908|-2871.939 -2862.842|-2871.932 -2841.515|-2871.925 -2820.188|-2871.925 -2814.094
348 2233 34 AV SW,-2871.883 -2771.429|-2883.864 -2771.451|-2962.857 -2771.574|-2965.716 -2771.562|-2965.709 -2774.698|-2965.583 -2830.262|-2947.555 -2830.218|-2947.478 -2862.920|-2901.956 -2862.853|-2901.949 -2869.948|-2897.964 -2869.948|-2897.943 -2875.941|-2883.892 -2875.919|-2871.932 -2875.908|-2871.939 -2862.842|-2871.932 -2841.515|-2871.925 -2820.188|-2871.925 -2814.094
347 2233 34 AV SW,-2871.883 -2771.429|-2883.864 -2771.451|-2962.857 -2771.574|-2965.716 -2771.562|-2965.709 -2774.698|-2965.583 -2830.262|-2947.555 -2830.218|-2947.478 -2862.920|-2901.956 -2862.853|-2901.949 -2869.948|-2897.964 -2869.948|-2897.943 -2875.941|-2883.892 -2875.919|-2871.932 -2875.908|-2871.939 -2862.842|-2871.932 -2841.515|-2871.925 -2820.188|-2871.925 -2814.094
346 2233 34 AV SW,-2871.883 -2771.429|-2883.864 -2771.451|-2962.857 -2771.574|-2965.716 -2771.562|-2965.709 -2774.698|-2965.583 -2830.262|-2947.555 -2830.218|-2947.478 -2862.920|-2901.956 -2862.853|-2901.949 -2869.948|-2897.964 -2869.948|-2897.943 -2875.941|-2883.892 -2875.919|-2871.932 -2875.908|-2871.939 -2862.842|-2871.932 -2841.515|-2871.925 -2820.188|-2871.925 -2814.094
345 2233 34 AV SW,-2871.883 -2771.429|-2883.864 -2771.451|-2962.857 -2771.574|-2965.716 -2771.562|-2965.709 -2774.698|-2965.583 -2830.262|-2947.555 -2830.218|-2947.478 -2862.920|-2901.956 -2862.853|-2901.949 -2869.948|-2897.964 -2869.948|-2897.943 -2875.941|-2883.892 -2875.919|-2871.932 -2875.908|-2871.939 -2862.842|-2871.932 -2841.515|-2871.925 -2820.188|-2871.925 -2814.094
344 2233 34 AV SW,-2871.883 -2771.429|-2883.864 -2771.451|-2962.857 -2771.574|-2965.716 -2771.562|-2965.709 -2774.698|-2965.583 -2830.262|-2947.555 -2830.218|-2947.478 -2862.920|-2901.956 -2862.853|-2901.949 -2869.948|-2897.964 -2869.948|-2897.943 -2875.941|-2883.892 -2875.919|-2871.932 -2875.908|-2871.939 -2862.842|-2871.932 -2841.515|-2871.925 -2820.188|-2871.925 -2814.094
343 2233 34 AV SW,-2871.883 -2771.429|-2883.864 -2771.451|-2962.857 -2771.574|-2965.716 -2771.562|-2965.709 -2774.698|-2965.583 -2830.262|-2947.555 -2830.218|-2947.478 -2862.920|-2901.956 -2862.853|-2901.949 -2869.948|-2897.964 -2869.948|-2897.943 -2875.941|-2883.892 -2875.919|-2871.932 -2875.908|-2871.939 -2862.842|-2871.932 -2841.515|-2871.925 -2820.188|-2871.925 -2814.094
342 2233 34 AV SW,-2871.883 -2771.429|-2883.864 -2771.451|-2962.857 -2771.574|-2965.716 -2771.562|-2965.709 -2774.698|-2965.583 -2830.262|-2947.555 -2830.218|-2947.478 -2862.920|-2901.956 -2862.853|-2901.949 -2869.948|-2897.964 -2869.948|-2897.943 -2875.941|-2883.892 -2875.919|-2871.932 -2875.908|-2871.939 -2862.842|-2871.932 -2841.515|-2871.925 -2820.188|-2871.925 -2814.094
341 2233 34 AV SW,-2871.883 -2771.429|-2883.864 -2771.451|-2962.857 -2771.574|-2965.716 -2771.562|-2965.709 -2774.698|-2965.583 -2830.262|-2947.555 -2830.218|-2947.478 -2862.920|-2901.956 -2862.853|-2901.949 -2869.948|-2897.964 -2869.948|-2897.943 -2875.941|-2883.892 -2875.919|-2871.932 -2875.908|-2871.939 -2862.842|-2871.932 -2841.515|-2871.925 -2820.188|-2871.925 -2814.094
340 2233 34 AV SW,-2871.883 -2771.429|-2883.864 -2771.451|-2962.857 -2771.574|-2965.716 -2771.562|-2965.709 -2774.698|-2965.583 -2830.262|-2947.555 -2830.218|-2947.478 -2862.920|-2901.956 -2862.853|-2901.949 -2869.948|-2897.964 -2869.948|-2897.943 -2875.941|-2883.892 -2875.919|-2871.932 -2875.908|-2871.939 -2862.842|-2871.932 -2841.515|-2871.925 -2820.188|-2871.925 -2814.094
339 2233 34 AV SW,-2871.883 -2771.429|-2883.864 -2771.451|-2962.857 -2771.574|-2965.716 -2771.562|-2965.709 -2774.698|-2965.583 -2830.262|-2947.555 -2830.218|-2947.478 -2862.920|-2901.956 -2862.853|-2901.949 -2869.948|-2897.964 -2869.948|-2897.943 -2875.941|-2883.892 -2875.919|-2871.932 -2875.908|-2871.939 -2862.842|-2871.932 -2841.515|-2871.925 -2820.188|-2871.925 -2814.094
364 2233 34 AV SW,-2871.883 -2771.429|-2883.864 -2771.451|-2962.857 -2771.574|-2965.716 -2771.562|-2965.709 -2774.698|-2965.583 -2830.262|-2947.555 -2830.218|-2947.478 -2862.920|-2901.956 -2862.853|-2901.949 -2869.948|-2897.964 -2869.948|-2897.943 -2875.941|-2883.892 -2875.919|-2871.932 -2875.908|-2871.939 -2862.842|-2871.932 -2841.515|-2871.925 -2820.188|-2871.925 -2814.094
338 2233 34 AV SW,-2871.883 -2771.429|-2883.864 -2771.451|-2962.857 -2771.574|-2965.716 -2771.562|-2965.709 -2774.698|-2965.583 -2830.262|-2947.555 -2830.218|-2947.478 -2862.920|-2901.956 -2862.853|-2901.949 -2869.948|-2897.964 -2869.948|-2897.943 -2875.941|-2883.892 -2875.919|-2871.932 -2875.908|-2871.939 -2862.842|-2871.932 -2841.515|-2871.925 -2820.188|-2871.925 -2814.094
337 2233 34 AV SW,-2871.883 -2771.429|-2883.864 -2771.451|-2962.857 -2771.574|-2965.716 -2771.562|-2965.709 -2774.698|-2965.583 -2830.262|-2947.555 -2830.218|-2947.478 -2862.920|-2901.956 -2862.853|-2901.949 -2869.948|-2897.964 -2869.948|-2897.943 -2875.941|-2883.892 -2875.919|-2871.932 -2875.908|-2871.939 -2862.842|-2871.932 -2841.515|-2871.925 -2820.188|-2871.925 -2814.094
336 2233 34 AV SW,-2871.883 -2771.429|-2883.864 -2771.451|-2962.857 -2771.574|-2965.716 -2771.562|-2965.709 -2774.698|-2965.583 -2830.262|-2947.555 -2830.218|-2947.478 -2862.920|-2901.956 -2862.853|-2901.949 -2869.948|-2897.964 -2869.948|-2897.943 -2875.941|-2883.892 -2875.919|-2871.932 -2875.908|-2871.939 -2862.842|-2871.932 -2841.515|-2871.925 -2820.188|-2871.925 -2814.094
335 2233 34 AV SW,-2871.883 -2771.429|-2883.864 -2771.451|-2962.857 -2771.574|-2965.716 -2771.562|-2965.709 -2774.698|-2965.583 -2830.262|-2947.555 -2830.218|-2947.478 -2862.920|-2901.956 -2862.853|-2901.949 -2869.948|-2897.964 -2869.948|-2897.943 -2875.941|-2883.892 -2875.919|-2871.932 -2875.908|-2871.939 -2862.842|-2871.932 -2841.515|-2871.925 -2820.188|-2871.925 -2814.094
334 2233 34 AV SW,-2871.883 -2771.429|-2883.864 -2771.451|-2962.857 -2771.574|-2965.716 -2771.562|-2965.709 -2774.698|-2965.583 -2830.262|-2947.555 -2830.218|-2947.478 -2862.920|-2901.956 -2862.853|-2901.949 -2869.948|-2897.964 -2869.948|-2897.943 -2875.941|-2883.892 -2875.919|-2871.932 -2875.908|-2871.939 -2862.842|-2871.932 -2841.515|-2871.925 -2820.188|-2871.925 -2814.094
333 2233 34 AV SW,-2871.883 -2771.429|-2883.864 -2771.451|-2962.857 -2771.574|-2965.716 -2771.562|-2965.709 -2774.698|-2965.583 -2830.262|-2947.555 -2830.218|-2947.478 -2862.920|-2901.956 -2862.853|-2901.949 -2869.948|-2897.964 -2869.948|-2897.943 -2875.941|-2883.892 -2875.919|-2871.932 -2875.908|-2871.939 -2862.842|-2871.932 -2841.515|-2871.925 -2820.188|-2871.925 -2814.094
332 2233 34 AV SW,-2871.883 -2771.429|-2883.864 -2771.451|-2962.857 -2771.574|-2965.716 -2771.562|-2965.709 -2774.698|-2965.583 -2830.262|-2947.555 -2830.218|-2947.478 -2862.920|-2901.956 -2862.853|-2901.949 -2869.948|-2897.964 -2869.948|-2897.943 -2875.941|-2883.892 -2875.919|-2871.932 -2875.908|-2871.939 -2862.842|-2871.932 -2841.515|-2871.925 -2820.188|-2871.925 -2814.094
331 2233 34 AV SW,-2871.883 -2771.429|-2883.864 -2771.451|-2962.857 -2771.574|-2965.716 -2771.562|-2965.709 -2774.698|-2965.583 -2830.262|-2947.555 -2830.218|-2947.478 -2862.920|-2901.956 -2862.853|-2901.949 -2869.948|-2897.964 -2869.948|-2897.943 -2875.941|-2883.892 -2875.919|-2871.932 -2875.908|-2871.939 -2862.842|-2871.932 -2841.515|-2871.925 -2820.188|-2871.925 -2814.094
330 2233 34 AV SW,-2871.883 -2771.429|-2883.864 -2771.451|-2962.857 -2771.574|-2965.716 -2771.562|-2965.709 -2774.698|-2965.583 -2830.262|-2947.555 -2830.218|-2947.478 -2862.920|-2901.956 -2862.853|-2901.949 -2869.948|-2897.964 -2869.948|-2897.943 -2875.941|-2883.892 -2875.919|-2871.932 -2875.908|-2871.939 -2862.842|-2871.932 -2841.515|-2871.925 -2820.188|-2871.925 -2814.094
329 2233 34 AV SW,-2871.883 -2771.429|-2883.864 -2771.451|-2962.857 -2771.574|-2965.716 -2771.562|-2965.709 -2774.698|-2965.583 -2830.262|-2947.555 -2830.218|-2947.478 -2862.920|-2901.956 -2862.853|-2901.949 -2869.948|-2897.964 -2869.948|-2897.943 -2875.941|-2883.892 -2875.919|-2871.932 -2875.908|-2871.939 -2862.842|-2871.932 -2841.515|-2871.925 -2820.188|-2871.925 -2814.094
328 2233 34 AV SW,-2871.883 -2771.429|-2883.864 -2771.451|-2962.857 -2771.574|-2965.716 -2771.562|-2965.709 -2774.698|-2965.583 -2830.262|-2947.555 -2830.218|-2947.478 -2862.920|-2901.956 -2862.853|-2901.949 -2869.948|-2897.964 -2869.948|-2897.943 -2875.941|-2883.892 -2875.919|-2871.932 -2875.908|-2871.939 -2862.842|-2871.932 -2841.515|-2871.925 -2820.188|-2871.925 -2814.094
327 2233 34 AV SW,-2871.883 -2771.429|-2883.864 -2771.451|-2962.857 -2771.574|-2965.716 -2771.562|-2965.709 -2774.698|-2965.583 -2830.262|-2947.555 -2830.218|-2947.478 -2862.920|-2901.956 -2862.853|-2901.949 -2869.948|-2897.964 -2869.948|-2897.943 -2875.941|-2883.892 -2875.919|-2871.932 -2875.908|-2871.939 -2862.842|-2871.932 -2841.515|-2871.925 -2820.188|-2871.925 -2814.094
326 2233 34 AV SW,-2871.883 -2771.429|-2883.864 -2771.451|-2962.857 -2771.574|-2965.716 -2771.562|-2965.709 -2774.698|-2965.583 -2830.262|-2947.555 -2830.218|-2947.478 -2862.920|-2901.956 -2862.853|-2901.949 -2869.948|-2897.964 -2869.948|-2897.943 -2875.941|-2883.892 -2875.919|-2871.932 -2875.908|-2871.939 -2862.842|-2871.932 -2841.515|-2871.925 -2820.188|-2871.925 -2814.094
401 2233 34 AV SW,-2871.883 -2771.429|-2883.864 -2771.451|-2962.857 -2771.574|-2965.716 -2771.562|-2965.709 -2774.698|-2965.583 -2830.262|-2947.555 -2830.218|-2947.478 -2862.920|-2901.956 -2862.853|-2901.949 -2869.948|-2897.964 -2869.948|-2897.943 -2875.941|-2883.892 -2875.919|-2871.932 -2875.908|-2871.939 -2862.842|-2871.932 -2841.515|-2871.925 -2820.188|-2871.925 -2814.094
159V 2233 34 AV SW,-2871.883 -2771.429|-2883.864 -2771.451|-2962.857 -2771.574|-2965.716 -2771.562|-2965.709 -2774.698|-2965.583 -2830.262|-2947.555 -2830.218|-2947.478 -2862.920|-2901.956 -2862.853|-2901.949 -2869.948|-2897.964 -2869.948|-2897.943 -2875.941|-2883.892 -2875.919|-2871.932 -2875.908|-2871.939 -2862.842|-2871.932 -2841.515|-2871.925 -2820.188|-2871.925 -2814.094
160V 2233 34 AV SW,-2871.883 -2771.429|-2883.864 -2771.451|-2962.857 -2771.574|-2965.716 -2771.562|-2965.709 -2774.698|-2965.583 -2830.262|-2947.555 -2830.218|-2947.478 -2862.920|-2901.956 -2862.853|-2901.949 -2869.948|-2897.964 -2869.948|-2897.943 -2875.941|-2883.892 -2875.919|-2871.932 -2875.908|-2871.939 -2862.842|-2871.932 -2841.515|-2871.925 -2820.188|-2871.925 -2814.094
161V 2233 34 AV SW,-2871.883 -2771.429|-2883.864 -2771.451|-2962.857 -2771.574|-2965.716 -2771.562|-2965.709 -2774.698|-2965.583 -2830.262|-2947.555 -2830.218|-2947.478 -2862.920|-2901.956 -2862.853|-2901.949 -2869.948|-2897.964 -2869.948|-2897.943 -2875.941|-2883.892 -2875.919|-2871.932 -2875.908|-2871.939 -2862.842|-2871.932 -2841.515|-2871.925 -2820.188|-2871.925 -2814.094
162V 2233 34 AV SW,-2871.883 -2771.429|-2883.864 -2771.451|-2962.857 -2771.574|-2965.716 -2771.562|-2965.709 -2774.698|-2965.583 -2830.262|-2947.555 -2830.218|-2947.478 -2862.920|-2901.956 -2862.853|-2901.949 -2869.948|-2897.964 -2869.948|-2897.943 -2875.941|-2883.892 -2875.919|-2871.932 -2875.908|-2871.939 -2862.842|-2871.932 -2841.515|-2871.925 -2820.188|-2871.925 -2814.094
281V 2233 34 AV SW,-2871.883 -2771.429|-2883.864 -2771.451|-2962.857 -2771.574|-2965.716 -2771.562|-2965.709 -2774.698|-2965.583 -2830.262|-2947.555 -2830.218|-2947.478 -2862.920|-2901.956 -2862.853|-2901.949 -2869.948|-2897.964 -2869.948|-2897.943 -2875.941|-2883.892 -2875.919|-2871.932 -2875.908|-2871.939 -2862.842|-2871.932 -2841.515|-2871.925 -2820.188|-2871.925 -2814.094
282V 2233 34 AV SW,-2871.883 -2771.429|-2883.864 -2771.451|-2962.857 -2771.574|-2965.716 -2771.562|-2965.709 -2774.698|-2965.583 -2830.262|-2947.555 -2830.218|-2947.478 -2862.920|-2901.956 -2862.853|-2901.949 -2869.948|-2897.964 -2869.948|-2897.943 -2875.941|-2883.892 -2875.919|-2871.932 -2875.908|-2871.939 -2862.842|-2871.932 -2841.515|-2871.925 -2820.188|-2871.925 -2814.094
283V 2233 34 AV SW,-2871.883 -2771.429|-2883.864 -2771.451|-2962.857 -2771.574|-2965.716 -2771.562|-2965.709 -2774.698|-2965.583 -2830.262|-2947.555 -2830.218|-2947.478 -2862.920|-2901.956 -2862.853|-2901.949 -2869.948|-2897.964 -2869.948|-2897.943 -2875.941|-2883.892 -2875.919|-2871.932 -2875.908|-2871.939 -2862.842|-2871.932 -2841.515|-2871.925 -2820.188|-2871.925 -2814.094
284V 2233 34 AV SW,-2871.883 -2771.429|-2883.864 -2771.451|-2962.857 -2771.574|-2965.716 -2771.562|-2965.709 -2774.698|-2965.583 -2830.262|-2947.555 -2830.218|-2947.478 -2862.920|-2901.956 -2862.853|-2901.949 -2869.948|-2897.964 -2869.948|-2897.943 -2875.941|-2883.892 -2875.919|-2871.932 -2875.908|-2871.939 -2862.842|-2871.932 -2841.515|-2871.925 -2820.188|-2871.925 -2814.094
285V 2233 34 AV SW,-2871.883 -2771.429|-2883.864 -2771.451|-2962.857 -2771.574|-2965.716 -2771.562|-2965.709 -2774.698|-2965.583 -2830.262|-2947.555 -2830.218|-2947.478 -2862.920|-2901.956 -2862.853|-2901.949 -2869.948|-2897.964 -2869.948|-2897.943 -2875.941|-2883.892 -2875.919|-2871.932 -2875.908|-2871.939 -2862.842|-2871.932 -2841.515|-2871.925 -2820.188|-2871.925 -2814.094
286V 2233 34 AV SW,-2871.883 -2771.429|-2883.864 -2771.451|-2962.857 -2771.574|-2965.716 -2771.562|-2965.709 -2774.698|-2965.583 -2830.262|-2947.555 -2830.218|-2947.478 -2862.920|-2901.956 -2862.853|-2901.949 -2869.948|-2897.964 -2869.948|-2897.943 -2875.941|-2883.892 -2875.919|-2871.932 -2875.908|-2871.939 -2862.842|-2871.932 -2841.515|-2871.925 -2820.188|-2871.925 -2814.094
287V 2233 34 AV SW,-2871.883 -2771.429|-2883.864 -2771.451|-2962.857 -2771.574|-2965.716 -2771.562|-2965.709 -2774.698|-2965.583 -2830.262|-2947.555 -2830.218|-2947.478 -2862.920|-2901.956 -2862.853|-2901.949 -2869.948|-2897.964 -2869.948|-2897.943 -2875.941|-2883.892 -2875.919|-2871.932 -2875.908|-2871.939 -2862.842|-2871.932 -2841.515|-2871.925 -2820.188|-2871.925 -2814.094
288V 2233 34 AV SW,-2871.883 -2771.429|-2883.864 -2771.451|-2962.857 -2771.574|-2965.716 -2771.562|-2965.709 -2774.698|-2965.583 -2830.262|-2947.555 -2830.218|-2947.478 -2862.920|-2901.956 -2862.853|-2901.949 -2869.948|-2897.964 -2869.948|-2897.943 -2875.941|-2883.892 -2875.919|-2871.932 -2875.908|-2871.939 -2862.842|-2871.932 -2841.515|-2871.925 -2820.188|-2871.925 -2814.094
289V 2233 34 AV SW,-2871.883 -2771.429|-2883.864 -2771.451|-2962.857 -2771.574|-2965.716 -2771.562|-2965.709 -2774.698|-2965.583 -2830.262|-2947.555 -2830.218|-2947.478 -2862.920|-2901.956 -2862.853|-2901.949 -2869.948|-2897.964 -2869.948|-2897.943 -2875.941|-2883.892 -2875.919|-2871.932 -2875.908|-2871.939 -2862.842|-2871.932 -2841.515|-2871.925 -2820.188|-2871.925 -2814.094
290V 2233 34 AV SW,-2871.883 -2771.429|-2883.864 -2771.451|-2962.857 -2771.574|-2965.716 -2771.562|-2965.709 -2774.698|-2965.583 -2830.262|-2947.555 -2830.218|-2947.478 -2862.920|-2901.956 -2862.853|-2901.949 -2869.948|-2897.964 -2869.948|-2897.943 -2875.941|-2883.892 -2875.919|-2871.932 -2875.908|-2871.939 -2862.842|-2871.932 -2841.515|-2871.925 -2820.188|-2871.925 -2814.094
291V 2233 34 AV SW,-2871.883 -2771.429|-2883.864 -2771.451|-2962.857 -2771.574|-2965.716 -2771.562|-2965.709 -2774.698|-2965.583 -2830.262|-2947.555 -2830.218|-2947.478 -2862.920|-2901.956 -2862.853|-2901.949 -2869.948|-2897.964 -2869.948|-2897.943 -2875.941|-2883.892 -2875.919|-2871.932 -2875.908|-2871.939 -2862.842|-2871.932 -2841.515|-2871.925 -2820.188|-2871.925 -2814.094
292V 2233 34 AV SW,-2871.883 -2771.429|-2883.864 -2771.451|-2962.857 -2771.574|-2965.716 -2771.562|-2965.709 -2774.698|-2965.583 -2830.262|-2947.555 -2830.218|-2947.478 -2862.920|-2901.956 -2862.853|-2901.949 -2869.948|-2897.964 -2869.948|-2897.943 -2875.941|-2883.892 -2875.919|-2871.932 -2875.908|-2871.939 -2862.842|-2871.932 -2841.515|-2871.925 -2820.188|-2871.925 -2814.094
293V 2233 34 AV SW,-2871.883 -2771.429|-2883.864 -2771.451|-2962.857 -2771.574|-2965.716 -2771.562|-2965.709 -2774.698|-2965.583 -2830.262|-2947.555 -2830.218|-2947.478 -2862.920|-2901.956 -2862.853|-2901.949 -2869.948|-2897.964 -2869.948|-2897.943 -2875.941|-2883.892 -2875.919|-2871.932 -2875.908|-2871.939 -2862.842|-2871.932 -2841.515|-2871.925 -2820.188|-2871.925 -2814.094
294V 2233 34 AV SW,-2871.883 -2771.429|-2883.864 -2771.451|-2962.857 -2771.574|-2965.716 -2771.562|-2965.709 -2774.698|-2965.583 -2830.262|-2947.555 -2830.218|-2947.478 -2862.920|-2901.956 -2862.853|-2901.949 -2869.948|-2897.964 -2869.948|-2897.943 -2875.941|-2883.892 -2875.919|-2871.932 -2875.908|-2871.939 -2862.842|-2871.932 -2841.515|-2871.925 -2820.188|-2871.925 -2814.094
295V 2233 34 AV SW,-2871.883 -2771.429|-2883.864 -2771.451|-2962.857 -2771.574|-2965.716 -2771.562|-2965.709 -2774.698|-2965.583 -2830.262|-2947.555 -2830.218|-2947.478 -2862.920|-2901.956 -2862.853|-2901.949 -2869.948|-2897.964 -2869.948|-2897.943 -2875.941|-2883.892 -2875.919|-2871.932 -2875.908|-2871.939 -2862.842|-2871.932 -2841.515|-2871.925 -2820.188|-2871.925 -2814.094
296V 2233 34 AV SW,-2871.883 -2771.429|-2883.864 -2771.451|-2962.857 -2771.574|-2965.716 -2771.562|-2965.709 -2774.698|-2965.583 -2830.262|-2947.555 -2830.218|-2947.478 -2862.920|-2901.956 -2862.853|-2901.949 -2869.948|-2897.964 -2869.948|-2897.943 -2875.941|-2883.892 -2875.919|-2871.932 -2875.908|-2871.939 -2862.842|-2871.932 -2841.515|-2871.925 -2820.188|-2871.925 -2814.094
260V 2233 34 AV SW,-2871.883 -2771.429|-2883.864 -2771.451|-2962.857 -2771.574|-2965.716 -2771.562|-2965.709 -2774.698|-2965.583 -2830.262|-2947.555 -2830.218|-2947.478 -2862.920|-2901.956 -2862.853|-2901.949 -2869.948|-2897.964 -2869.948|-2897.943 -2875.941|-2883.892 -2875.919|-2871.932 -2875.908|-2871.939 -2862.842|-2871.932 -2841.515|-2871.925 -2820.188|-2871.925 -2814.094
297V 2233 34 AV SW,-2871.883 -2771.429|-2883.864 -2771.451|-2962.857 -2771.574|-2965.716 -2771.562|-2965.709 -2774.698|-2965.583 -2830.262|-2947.555 -2830.218|-2947.478 -2862.920|-2901.956 -2862.853|-2901.949 -2869.948|-2897.964 -2869.948|-2897.943 -2875.941|-2883.892 -2875.919|-2871.932 -2875.908|-2871.939 -2862.842|-2871.932 -2841.515|-2871.925 -2820.188|-2871.925 -2814.094
298V 2233 34 AV SW,-2871.883 -2771.429|-2883.864 -2771.451|-2962.857 -2771.574|-2965.716 -2771.562|-2965.709 -2774.698|-2965.583 -2830.262|-2947.555 -2830.218|-2947.478 -2862.920|-2901.956 -2862.853|-2901.949 -2869.948|-2897.964 -2869.948|-2897.943 -2875.941|-2883.892 -2875.919|-2871.932 -2875.908|-2871.939 -2862.842|-2871.932 -2841.515|-2871.925 -2820.188|-2871.925 -2814.094
299V 2233 34 AV SW,-2871.883 -2771.429|-2883.864 -2771.451|-2962.857 -2771.574|-2965.716 -2771.562|-2965.709 -2774.698|-2965.583 -2830.262|-2947.555 -2830.218|-2947.478 -2862.920|-2901.956 -2862.853|-2901.949 -2869.948|-2897.964 -2869.948|-2897.943 -2875.941|-2883.892 -2875.919|-2871.932 -2875.908|-2871.939 -2862.842|-2871.932 -2841.515|-2871.925 -2820.188|-2871.925 -2814.094
300V 2233 34 AV SW,-2871.883 -2771.429|-2883.864 -2771.451|-2962.857 -2771.574|-2965.716 -2771.562|-2965.709 -2774.698|-2965.583 -2830.262|-2947.555 -2830.218|-2947.478 -2862.920|-2901.956 -2862.853|-2901.949 -2869.948|-2897.964 -2869.948|-2897.943 -2875.941|-2883.892 -2875.919|-2871.932 -2875.908|-2871.939 -2862.842|-2871.932 -2841.515|-2871.925 -2820.188|-2871.925 -2814.094
301V 2233 34 AV SW,-2871.883 -2771.429|-2883.864 -2771.451|-2962.857 -2771.574|-2965.716 -2771.562|-2965.709 -2774.698|-2965.583 -2830.262|-2947.555 -2830.218|-2947.478 -2862.920|-2901.956 -2862.853|-2901.949 -2869.948|-2897.964 -2869.948|-2897.943 -2875.941|-2883.892 -2875.919|-2871.932 -2875.908|-2871.939 -2862.842|-2871.932 -2841.515|-2871.925 -2820.188|-2871.925 -2814.094
302V 2233 34 AV SW,-2871.883 -2771.429|-2883.864 -2771.451|-2962.857 -2771.574|-2965.716 -2771.562|-2965.709 -2774.698|-2965.583 -2830.262|-2947.555 -2830.218|-2947.478 -2862.920|-2901.956 -2862.853|-2901.949 -2869.948|-2897.964 -2869.948|-2897.943 -2875.941|-2883.892 -2875.919|-2871.932 -2875.908|-2871.939 -2862.842|-2871.932 -2841.515|-2871.925 -2820.188|-2871.925 -2814.094
303V 2233 34 AV SW,-2871.883 -2771.429|-2883.864 -2771.451|-2962.857 -2771.574|-2965.716 -2771.562|-2965.709 -2774.698|-2965.583 -2830.262|-2947.555 -2830.218|-2947.478 -2862.920|-2901.956 -2862.853|-2901.949 -2869.948|-2897.964 -2869.948|-2897.943 -2875.941|-2883.892 -2875.919|-2871.932 -2875.908|-2871.939 -2862.842|-2871.932 -2841.515|-2871.925 -2820.188|-2871.925 -2814.094
304V 2233 34 AV SW,-2871.883 -2771.429|-2883.864 -2771.451|-2962.857 -2771.574|-2965.716 -2771.562|-2965.709 -2774.698|-2965.583 -2830.262|-2947.555 -2830.218|-2947.478 -2862.920|-2901.956 -2862.853|-2901.949 -2869.948|-2897.964 -2869.948|-2897.943 -2875.941|-2883.892 -2875.919|-2871.932 -2875.908|-2871.939 -2862.842|-2871.932 -2841.515|-2871.925 -2820.188|-2871.925 -2814.094
305V 2233 34 AV SW,-2871.883 -2771.429|-2883.864 -2771.451|-2962.857 -2771.574|-2965.716 -2771.562|-2965.709 -2774.698|-2965.583 -2830.262|-2947.555 -2830.218|-2947.478 -2862.920|-2901.956 -2862.853|-2901.949 -2869.948|-2897.964 -2869.948|-2897.943 -2875.941|-2883.892 -2875.919|-2871.932 -2875.908|-2871.939 -2862.842|-2871.932 -2841.515|-2871.925 -2820.188|-2871.925 -2814.094
306V 2233 34 AV SW,-2871.883 -2771.429|-2883.864 -2771.451|-2962.857 -2771.574|-2965.716 -2771.562|-2965.709 -2774.698|-2965.583 -2830.262|-2947.555 -2830.218|-2947.478 -2862.920|-2901.956 -2862.853|-2901.949 -2869.948|-2897.964 -2869.948|-2897.943 -2875.941|-2883.892 -2875.919|-2871.932 -2875.908|-2871.939 -2862.842|-2871.932 -2841.515|-2871.925 -2820.188|-2871.925 -2814.094
307V 2233 34 AV SW,-2871.883 -2771.429|-2883.864 -2771.451|-2962.857 -2771.574|-2965.716 -2771.562|-2965.709 -2774.698|-2965.583 -2830.262|-2947.555 -2830.218|-2947.478 -2862.920|-2901.956 -2862.853|-2901.949 -2869.948|-2897.964 -2869.948|-2897.943 -2875.941|-2883.892 -2875.919|-2871.932 -2875.908|-2871.939 -2862.842|-2871.932 -2841.515|-2871.925 -2820.188|-2871.925 -2814.094
308V 2233 34 AV SW,-2871.883 -2771.429|-2883.864 -2771.451|-2962.857 -2771.574|-2965.716 -2771.562|-2965.709 -2774.698|-2965.583 -2830.262|-2947.555 -2830.218|-2947.478 -2862.920|-2901.956 -2862.853|-2901.949 -2869.948|-2897.964 -2869.948|-2897.943 -2875.941|-2883.892 -2875.919|-2871.932 -2875.908|-2871.939 -2862.842|-2871.932 -2841.515|-2871.925 -2820.188|-2871.925 -2814.094
309V 2233 34 AV SW,-2871.883 -2771.429|-2883.864 -2771.451|-2962.857 -2771.574|-2965.716 -2771.562|-2965.709 -2774.698|-2965.583 -2830.262|-2947.555 -2830.218|-2947.478 -2862.920|-2901.956 -2862.853|-2901.949 -2869.948|-2897.964 -2869.948|-2897.943 -2875.941|-2883.892 -2875.919|-2871.932 -2875.908|-2871.939 -2862.842|-2871.932 -2841.515|-2871.925 -2820.188|-2871.925 -2814.094
310V 2233 34 AV SW,-2871.883 -2771.429|-2883.864 -2771.451|-2962.857 -2771.574|-2965.716 -2771.562|-2965.709 -2774.698|-2965.583 -2830.262|-2947.555 -2830.218|-2947.478 -2862.920|-2901.956 -2862.853|-2901.949 -2869.948|-2897.964 -2869.948|-2897.943 -2875.941|-2883.892 -2875.919|-2871.932 -2875.908|-2871.939 -2862.842|-2871.932 -2841.515|-2871.925 -2820.188|-2871.925 -2814.094
311V 2233 34 AV SW,-2871.883 -2771.429|-2883.864 -2771.451|-2962.857 -2771.574|-2965.716 -2771.562|-2965.709 -2774.698|-2965.583 -2830.262|-2947.555 -2830.218|-2947.478 -2862.920|-2901.956 -2862.853|-2901.949 -2869.948|-2897.964 -2869.948|-2897.943 -2875.941|-2883.892 -2875.919|-2871.932 -2875.908|-2871.939 -2862.842|-2871.932 -2841.515|-2871.925 -2820.188|-2871.925 -2814.094
312V 2233 34 AV SW,-2871.883 -2771.429|-2883.864 -2771.451|-2962.857 -2771.574|-2965.716 -2771.562|-2965.709 -2774.698|-2965.583 -2830.262|-2947.555 -2830.218|-2947.478 -2862.920|-2901.956 -2862.853|-2901.949 -2869.948|-2897.964 -2869.948|-2897.943 -2875.941|-2883.892 -2875.919|-2871.932 -2875.908|-2871.939 -2862.842|-2871.932 -2841.515|-2871.925 -2820.188|-2871.925 -2814.094
313V 2233 34 AV SW,-2871.883 -2771.429|-2883.864 -2771.451|-2962.857 -2771.574|-2965.716 -2771.562|-2965.709 -2774.698|-2965.583 -2830.262|-2947.555 -2830.218|-2947.478 -2862.920|-2901.956 -2862.853|-2901.949 -2869.948|-2897.964 -2869.948|-2897.943 -2875.941|-2883.892 -2875.919|-2871.932 -2875.908|-2871.939 -2862.842|-2871.932 -2841.515|-2871.925 -2820.188|-2871.925 -2814.094
314V 2233 34 AV SW,-2871.883 -2771.429|-2883.864 -2771.451|-2962.857 -2771.574|-2965.716 -2771.562|-2965.709 -2774.698|-2965.583 -2830.262|-2947.555 -2830.218|-2947.478 -2862.920|-2901.956 -2862.853|-2901.949 -2869.948|-2897.964 -2869.948|-2897.943 -2875.941|-2883.892 -2875.919|-2871.932 -2875.908|-2871.939 -2862.842|-2871.932 -2841.515|-2871.925 -2820.188|-2871.925 -2814.094
315V 2233 34 AV SW,-2871.883 -2771.429|-2883.864 -2771.451|-2962.857 -2771.574|-2965.716 -2771.562|-2965.709 -2774.698|-2965.583 -2830.262|-2947.555 -2830.218|-2947.478 -2862.920|-2901.956 -2862.853|-2901.949 -2869.948|-2897.964 -2869.948|-2897.943 -2875.941|-2883.892 -2875.919|-2871.932 -2875.908|-2871.939 -2862.842|-2871.932 -2841.515|-2871.925 -2820.188|-2871.925 -2814.094
316V 2233 34 AV SW,-2871.883 -2771.429|-2883.864 -2771.451|-2962.857 -2771.574|-2965.716 -2771.562|-2965.709 -2774.698|-2965.583 -2830.262|-2947.555 -2830.218|-2947.478 -2862.920|-2901.956 -2862.853|-2901.949 -2869.948|-2897.964 -2869.948|-2897.943 -2875.941|-2883.892 -2875.919|-2871.932 -2875.908|-2871.939 -2862.842|-2871.932 -2841.515|-2871.925 -2820.188|-2871.925 -2814.094
317V 2233 34 AV SW,-2871.883 -2771.429|-2883.864 -2771.451|-2962.857 -2771.574|-2965.716 -2771.562|-2965.709 -2774.698|-2965.583 -2830.262|-2947.555 -2830.218|-2947.478 -2862.920|-2901.956 -2862.853|-2901.949 -2869.948|-2897.964 -2869.948|-2897.943 -2875.941|-2883.892 -2875.919|-2871.932 -2875.908|-2871.939 -2862.842|-2871.932 -2841.515|-2871.925 -2820.188|-2871.925 -2814.094
318V 2233 34 AV SW,-2871.883 -2771.429|-2883.864 -2771.451|-2962.857 -2771.574|-2965.716 -2771.562|-2965.709 -2774.698|-2965.583 -2830.262|-2947.555 -2830.218|-2947.478 -2862.920|-2901.956 -2862.853|-2901.949 -2869.948|-2897.964 -2869.948|-2897.943 -2875.941|-2883.892 -2875.919|-2871.932 -2875.908|-2871.939 -2862.842|-2871.932 -2841.515|-2871.925 -2820.188|-2871.925 -2814.094
319V 2233 34 AV SW,-2871.883 -2771.429|-2883.864 -2771.451|-2962.857 -2771.574|-2965.716 -2771.562|-2965.709 -2774.698|-2965.583 -2830.262|-2947.555 -2830.218|-2947.478 -2862.920|-2901.956 -2862.853|-2901.949 -2869.948|-2897.964 -2869.948|-2897.943 -2875.941|-2883.892 -2875.919|-2871.932 -2875.908|-2871.939 -2862.842|-2871.932 -2841.515|-2871.925 -2820.188|-2871.925 -2814.094
320V 2233 34 AV SW,-2871.883 -2771.429|-2883.864 -2771.451|-2962.857 -2771.574|-2965.716 -2771.562|-2965.709 -2774.698|-2965.583 -2830.262|-2947.555 -2830.218|-2947.478 -2862.920|-2901.956 -2862.853|-2901.949 -2869.948|-2897.964 -2869.948|-2897.943 -2875.941|-2883.892 -2875.919|-2871.932 -2875.908|-2871.939 -2862.842|-2871.932 -2841.515|-2871.925 -2820.188|-2871.925 -2814.094
4 6 SCARPE DR SW,-2651.298 -3179.081|-2693.108 -3179.136|-2695.101 -3179.136|-2695.017 -3245.064|-2694.024 -3246.065|-2654.437 -3246.120|-2649.942 -3241.639|-2649.900 -3205.056
6 6 SCARPE DR SW,-2651.298 -3179.081|-2693.108 -3179.136|-2695.101 -3179.136|-2695.017 -3245.064|-2694.024 -3246.065|-2654.437 -3246.120|-2649.942 -3241.639|-2649.900 -3205.056
8 6 SCARPE DR SW,-2651.298 -3179.081|-2693.108 -3179.136|-2695.101 -3179.136|-2695.017 -3245.064|-2694.024 -3246.065|-2654.437 -3246.120|-2649.942 -3241.639|-2649.900 -3205.056
10 6 SCARPE DR SW,-2651.298 -3179.081|-2693.108 -3179.136|-2695.101 -3179.136|-2695.017 -3245.064|-2694.024 -3246.065|-2654.437 -3246.120|-2649.942 -3241.639|-2649.900 -3205.056
12 6 SCARPE DR SW,-2651.298 -3179.081|-2693.108 -3179.136|-2695.101 -3179.136|-2695.017 -3245.064|-2694.024 -3246.065|-2654.437 -3246.120|-2649.942 -3241.639|-2649.900 -3205.056
14 6 SCARPE DR SW,-2651.298 -3179.081|-2693.108 -3179.136|-2695.101 -3179.136|-2695.017 -3245.064|-2694.024 -3246.065|-2654.437 -3246.120|-2649.942 -3241.639|-2649.900 -3205.056
16 6 SCARPE DR SW,-2651.298 -3179.081|-2693.108 -3179.136|-2695.101 -3179.136|-2695.017 -3245.064|-2694.024 -3246.065|-2654.437 -3246.120|-2649.942 -3241.639|-2649.900 -3205.056
18 6 SCARPE DR SW,-2651.298 -3179.081|-2693.108 -3179.136|-2695.101 -3179.136|-2695.017 -3245.064|-2694.024 -3246.065|-2654.437 -3246.120|-2649.942 -3241.639|-2649.900 -3205.056
20 6 SCARPE DR SW,-2651.298 -3179.081|-2693.108 -3179.136|-2695.101 -3179.136|-2695.017 -3245.064|-2694.024 -3246.065|-2654.437 -3246.120|-2649.942 -3241.639|-2649.900 -3205.056
22 6 SCARPE DR SW,-2651.298 -3179.081|-2693.108 -3179.136|-2695.101 -3179.136|-2695.017 -3245.064|-2694.024 -3246.065|-2654.437 -3246.120|-2649.942 -3241.639|-2649.900 -3205.056
24 6 SCARPE DR SW,-2651.298 -3179.081|-2693.108 -3179.136|-2695.101 -3179.136|-2695.017 -3245.064|-2694.024 -3246.065|-2654.437 -3246.120|-2649.942 -3241.639|-2649.900 -3205.056
26 6 SCARPE DR SW,-2651.298 -3179.081|-2693.108 -3179.136|-2695.101 -3179.136|-2695.017 -3245.064|-2694.024 -3246.065|-2654.437 -3246.120|-2649.942 -3241.639|-2649.900 -3205.056
