ADDRESS,POINTS
199 INVERNESS WY SE,7391.920 -14819.744|7358.918 -14815.441|7356.870 -14830.552|7359.442 -14833.521|7386.062 -14833.532|7390.900 -14829.051
16 INVERNESS GV SE,6815.374 -15003.271|6806.321 -14994.153|6787.440 -15022.930|6789.131 -15024.165|6790.760 -15025.488|6792.312 -15026.889|6793.787 -15028.379
210 INVERNESS PA SE,7284.337 -15151.605|7259.416 -15126.531|7251.502 -15134.470|7271.327 -15164.682
419 INVERNESS PA SE,7196.019 -15267.482|7196.033 -15232.244|7183.268 -15232.255|7183.254 -15267.482
11 PRESTWICK RO SE,7564.431 -14303.633|7562.236 -14294.748|7529.444 -14302.954|7531.639 -14311.828
82 PRESTWICK CI SE,7678.837 -14191.671|7668.624 -14162.271|7667.639 -14159.435|7659.900 -14163.060|7669.778 -14191.504|7671.092 -14195.296
322 PRESTWICK LD SE,6790.243 -14256.197|6789.173 -14254.473|6788.376 -14252.617|6787.866 -14250.659|6787.649 -14248.636|6766.797 -14249.292|6768.055 -14290.123|6784.392 -14290.123|6784.406 -14260.500
34 PRESTWICK WY SE,7507.592 -14205.792|7507.599 -14198.153|7473.800 -14198.131|7473.800 -14205.781|7477.770 -14205.781
159 INVERNESS WY SE,7366.608 -14704.957|7363.266 -14699.854|7360.134 -14694.605|7329.572 -14712.141|7327.307 -14714.020|7336.828 -14725.618
147 INVERNESS LN SE,6977.336 -14977.174|6970.898 -14970.680|6948.221 -14993.464|6946.116 -14995.588|6952.555 -15002.070
48 INVERNESS GV SE,6868.480 -15056.723|6862.014 -15050.218|6837.240 -15075.125|6843.699 -15081.630
194 INVERNESS PA SE,7221.513 -15139.830|7213.439 -15139.830|7209.343 -15139.819|7209.329 -15175.045|7221.499 -15175.056
54 PRESTWICK LD SE,7247.098 -14471.215|7236.781 -14471.204|7236.781 -14474.206|7236.767 -14505.185|7247.084 -14505.185|7247.084 -14501.193
162 PRESTWICK CR SE,7636.832 -14158.446|7636.839 -14150.039|7603.040 -14153.219|7603.033 -14167.019|7632.854 -14159.457
334 INVERNESS PA SE,7521.747 -15226.595|7512.059 -15221.336|7490.905 -15209.871|7489.360 -15212.762|7483.908 -15222.937|7483.446 -15223.793|7514.170 -15240.717
6 INVERNESS CL SE,7221.450 -14787.809|7198.123 -14760.777|7186.379 -14772.575|7207.609 -14793.947|7214.152 -14794.180
20 INVERNESS GV SE,6823.252 -15011.199|6815.374 -15003.271|6793.787 -15028.379|6796.436 -15031.504|6798.757 -15034.873|6799.114 -15035.451
214 INVERNESS PA SE,7293.368 -15142.532|7268.447 -15117.446|7259.416 -15126.531|7284.337 -15151.605
421 INVERNESS PA SE,7183.254 -15267.482|7183.268 -15232.255|7170.497 -15232.244|7170.483 -15267.470
15 PRESTWICK RO SE,7566.633 -14312.517|7564.431 -14303.633|7531.639 -14311.828|7533.841 -14320.712
86 PRESTWICK CI SE,7687.135 -14187.790|7685.814 -14183.998|7675.936 -14155.554|7667.639 -14159.435|7668.624 -14162.271|7678.837 -14191.671
38 PRESTWICK WY SE,7507.599 -14198.153|7507.599 -14190.503|7477.784 -14190.492|7473.807 -14190.492|7473.800 -14198.131
10 INVERNESS CL SE,7231.097 -14779.391|7207.176 -14751.670|7198.123 -14760.777|7221.450 -14787.809
24 INVERNESS GV SE,6829.711 -15017.704|6823.252 -15011.199|6799.114 -15035.451|6800.316 -15037.219|6801.609 -15038.931|6802.993 -15040.566|6804.461 -15042.123|6804.930 -15042.601
218 INVERNESS PA SE,7302.407 -15133.458|7277.479 -15108.373|7268.447 -15117.446|7293.368 -15142.532
425 INVERNESS PA SE,7170.483 -15267.470|7170.497 -15232.244|7156.530 -15232.244|7156.523 -15262.967|7160.990 -15267.470
19 PRESTWICK RO SE,7569.297 -14323.281|7566.633 -14312.517|7533.841 -14320.712|7535.903 -14329.063
90 PRESTWICK CI SE,7694.873 -14184.165|7684.667 -14154.776|7683.409 -14152.052|7675.936 -14155.554|7685.814 -14183.998|7687.135 -14187.790
231 PRESTWICK LD SE,6986.179 -14300.697|6994.309 -14307.558|7014.127 -14283.840|7013.763 -14279.615|7007.912 -14274.678|6988.737 -14297.639
42 PRESTWICK WY SE,7507.599 -14190.503|7507.606 -14182.864|7473.807 -14182.842|7473.807 -14190.492|7477.784 -14190.492
14 INVERNESS CL SE,7240.744 -14770.974|7216.236 -14742.575|7207.176 -14751.670|7231.097 -14779.391
15 INVERNESS GV SE,6779.799 -15048.138|6776.688 -15047.282|6773.529 -15046.637|6770.341 -15046.192|6767.125 -15045.959|6761.861 -15045.748|6762.022 -15093.172|6768.621 -15095.241
222 INVERNESS PA SE,7302.407 -15133.458|7309.537 -15126.286|7309.544 -15119.926|7287.783 -15098.020|7277.479 -15108.373
23 PRESTWICK RO SE,7572.386 -14335.757|7569.297 -14323.281|7535.903 -14329.063|7537.853 -14336.925
94 PRESTWICK CI SE,7703.171 -14180.284|7701.850 -14176.492|7691.972 -14148.038|7683.409 -14152.052|7684.667 -14154.776|7694.873 -14184.165
235 PRESTWICK LD SE,7007.912 -14274.678|7000.013 -14268.006|6998.098 -14270.308|6978.280 -14294.026|6986.179 -14300.697|6988.737 -14297.639
46 PRESTWICK WY SE,7507.606 -14182.864|7507.606 -14174.914|7477.791 -14174.902|7473.814 -14174.902|7473.807 -14182.842
18 INVERNESS CL SE,7250.391 -14762.556|7225.295 -14733.479|7216.236 -14742.575|7240.744 -14770.974
27 INVERNESS GV SE,6790.383 -15052.842|6787.845 -15051.430|6785.224 -15050.173|6782.546 -15049.084|6779.799 -15048.138|6768.621 -15095.241|6775.640 -15097.431
27 PRESTWICK RO SE,7573.770 -14349.200|7574.211 -14347.599|7574.414 -14345.965|7574.379 -14344.308|7574.099 -14342.684|7572.386 -14335.757|7537.853 -14336.925|7538.538 -14339.704|7537.672 -14344.786
98 PRESTWICK CI SE,7710.910 -14176.659|7699.718 -14144.413|7691.972 -14148.038|7701.850 -14176.492|7703.171 -14180.284
239 PRESTWICK LD SE,7000.013 -14268.006|6992.114 -14261.334|6972.932 -14284.296|6970.380 -14287.354|6978.280 -14294.026|6998.098 -14270.308
50 PRESTWICK WY SE,7507.606 -14174.914|7507.613 -14167.274|7473.814 -14167.252|7473.814 -14174.902|7477.791 -14174.902
22 INVERNESS CL SE,7259.290 -14754.795|7238.304 -14720.414|7225.295 -14733.479|7250.391 -14762.556
31 INVERNESS GV SE,6799.603 -15059.881|6796.443 -15057.067|6793.053 -15054.543|6790.383 -15052.842|6775.640 -15097.431|6783.022 -15099.744|6783.154 -15099.822
177 INVERNESS PA SE,7171.587 -15226.250|7171.601 -15191.024|7161.018 -15191.013|7156.544 -15195.516|7156.530 -15226.239
31 PRESTWICK RO SE,7573.770 -14349.200|7537.672 -14344.786|7536.071 -14354.226|7543.292 -14355.728|7550.464 -14357.429|7557.587 -14359.319|7564.662 -14361.410|7570.436 -14358.541
102 PRESTWICK CI SE,7719.207 -14172.779|7717.893 -14168.976|7708.009 -14140.532|7699.718 -14144.413|7710.910 -14176.659
243 PRESTWICK LD SE,6992.114 -14261.334|6984.215 -14254.663|6962.481 -14280.682|6970.380 -14287.354|6972.932 -14284.296
54 PRESTWICK WY SE,7507.613 -14167.274|7507.613 -14159.624|7477.798 -14159.613|7473.821 -14159.613|7473.814 -14167.252
26 INVERNESS CL SE,7268.210 -14749.558|7255.543 -14703.089|7238.304 -14720.414|7259.290 -14754.795|7260.485 -14753.750|7262.233 -14752.393|7264.113 -14751.226|7266.113 -14750.281
35 INVERNESS GV SE,6807.915 -15068.220|6800.309 -15060.570|6799.603 -15059.881|6783.154 -15099.822|6790.229 -15104.114
181 INVERNESS PA SE,7184.359 -15226.250|7184.373 -15191.024|7171.601 -15191.024|7171.587 -15226.250
18 PRESTWICK RO SE,7615.608 -14301.498|7613.183 -14291.702|7609.764 -14290.056|7580.817 -14303.611|7582.823 -14311.706
106 PRESTWICK CI SE,7719.829 -14172.478|7720.962 -14171.811|7722.122 -14170.988|7723.171 -14170.032|7724.087 -14168.942|7724.856 -14167.753|7725.471 -14166.463|7725.918 -14165.117|7726.191 -14163.716|7726.289 -14162.293|7726.303 -14131.970|7708.009 -14140.532|7717.893 -14168.976|7719.207 -14172.779
247 PRESTWICK LD SE,6984.215 -14254.663|6976.315 -14247.991|6957.133 -14270.953|6954.582 -14274.010|6962.481 -14280.682
58 PRESTWICK WY SE,7507.613 -14159.624|7507.620 -14151.974|7473.821 -14151.963|7473.821 -14159.613|7477.798 -14159.613
30 INVERNESS CL SE,7278.905 -14748.802|7278.926 -14702.678|7255.543 -14703.089|7268.210 -14749.558|7270.922 -14748.991|7273.683 -14748.802
39 INVERNESS GV SE,6817.219 -15077.594|6807.915 -15068.220|6790.229 -15104.114|6796.800 -15108.117
185 INVERNESS PA SE,7197.725 -15226.262|7197.739 -15191.035|7184.373 -15191.024|7184.359 -15226.250
20 PRESTWICK RO SE,7618.076 -14311.472|7615.608 -14301.498|7582.823 -14311.706|7584.822 -14319.789
130 PRESTWICK CI SE,7692.511 -14125.387|7692.504 -14138.186|7695.209 -14139.909|7726.310 -14125.354|7726.310 -14117.126
251 PRESTWICK LD SE,6976.315 -14247.991|6968.409 -14241.319|6946.676 -14267.339|6954.582 -14274.010|6957.133 -14270.953
62 PRESTWICK WY SE,7507.620 -14151.974|7507.620 -14144.335|7477.805 -14144.324|7473.828 -14144.313|7473.821 -14151.963
34 INVERNESS CL SE,7289.566 -14749.558|7302.764 -14702.278|7278.926 -14702.678|7278.905 -14748.802|7284.141 -14748.802|7286.881 -14748.991
43 INVERNESS GV SE,6826.097 -15086.523|6817.219 -15077.594|6796.800 -15108.117|6800.791 -15110.541|6803.252 -15113.010
189 INVERNESS PA SE,7211.104 -15191.035|7197.739 -15191.035|7197.725 -15226.262|7211.091 -15226.273|7211.091 -15224.772
22 PRESTWICK RO SE,7620.131 -14319.756|7618.076 -14311.472|7584.822 -14319.789|7585.514 -14322.591|7586.123 -14324.671|7586.906 -14326.706|7587.437 -14327.940
127 PRESTWICK LD SE,7340.386 -14378.378|7336.632 -14375.854|7317.891 -14378.122|7305.336 -14415.272|7314.766 -14415.272
134 PRESTWICK CI SE,7726.310 -14117.126|7726.317 -14108.030|7722.339 -14108.775|7692.518 -14114.390|7692.511 -14125.387
255 PRESTWICK LD SE,6968.409 -14241.319|6960.510 -14234.647|6941.335 -14257.609|6938.776 -14260.667|6946.676 -14267.339
66 PRESTWICK WY SE,7507.620 -14144.335|7507.627 -14136.384|7473.828 -14136.373|7473.828 -14144.313|7477.805 -14144.324
38 INVERNESS CL SE,7325.259 -14720.947|7309.838 -14702.144|7302.764 -14702.278|7289.566 -14749.558|7291.649 -14750.269|7293.634 -14751.203|7295.515 -14752.349|7297.255 -14753.694
47 INVERNESS GV SE,6833.933 -15094.407|6826.097 -15086.523|6803.252 -15113.010|6809.334 -15119.136
193 INVERNESS PA SE,7223.876 -15191.046|7211.104 -15191.035|7211.091 -15224.772|7211.091 -15226.273|7223.862 -15226.273
24 PRESTWICK RO SE,7622.180 -14328.051|7620.131 -14319.756|7587.437 -14327.940|7590.869 -14335.879
131 PRESTWICK LD SE,7305.336 -14415.272|7317.891 -14378.122|7310.397 -14379.023|7301.687 -14379.634|7296.214 -14411.269|7295.521 -14415.261
138 PRESTWICK CI SE,7726.317 -14108.030|7726.324 -14099.623|7692.525 -14104.105|7692.518 -14114.390|7722.339 -14108.775
259 PRESTWICK LD SE,6960.510 -14234.647|6952.611 -14227.976|6950.688 -14230.277|6931.031 -14253.817|6932.261 -14255.096|6933.583 -14256.286|6938.776 -14260.667|6941.335 -14257.609
70 PRESTWICK WY SE,7507.627 -14136.384|7507.627 -14128.745|7477.812 -14128.734|7473.835 -14128.723|7473.828 -14136.373
42 INVERNESS CL SE,7337.346 -14735.681|7325.259 -14720.947|7297.255 -14753.694|7298.506 -14754.884|7299.660 -14756.163|7304.924 -14762.579
51 INVERNESS GV SE,6809.334 -15119.136|6817.478 -15127.331|6838.925 -15105.793|6838.925 -15099.433|6833.933 -15094.407
197 INVERNESS PA SE,7236.033 -15226.284|7236.054 -15191.057|7223.876 -15191.046|7223.862 -15226.273
1102 PRESTWICK CI SE,7128.931 -14254.318|7119.194 -14246.089|7099.376 -14269.818|7099.739 -14274.044|7107.198 -14280.337
26 PRESTWICK RO SE,7625.339 -14340.805|7622.180 -14328.051|7590.869 -14335.879|7592.009 -14338.526|7592.526 -14339.871|7592.945 -14341.250|7593.253 -14342.651|7593.456 -14344.085
135 PRESTWICK LD SE,7295.521 -14415.261|7296.214 -14411.269|7301.687 -14379.634|7287.622 -14380.613|7285.644 -14415.261
71 PRESTWICK CI SE,7677.453 -14251.738|7664.870 -14224.562|7663.193 -14220.937|7658.586 -14223.094|7655.608 -14229.355|7662.843 -14258.588
263 PRESTWICK LD SE,6952.611 -14227.976|6941.650 -14218.724|6924.705 -14246.189|6930.276 -14252.939|6931.031 -14253.817|6950.688 -14230.277
74 PRESTWICK WY SE,7507.627 -14128.745|7507.634 -14121.095|7473.835 -14121.084|7473.835 -14128.723|7477.812 -14128.734
163 INVERNESS WY SE,7373.941 -14714.732|7370.173 -14709.928|7366.608 -14704.957|7336.828 -14725.618|7346.524 -14737.438
151 INVERNESS LN SE,6970.898 -14970.680|6964.453 -14964.197|6939.671 -14989.105|6946.116 -14995.588|6948.221 -14993.464
52 INVERNESS GV SE,6874.939 -15063.228|6868.480 -15056.723|6843.699 -15081.630|6850.165 -15088.124
198 INVERNESS PA SE,7234.285 -15139.830|7221.513 -15139.830|7221.499 -15175.056|7234.271 -15175.056
4 PRESTWICK PA SE,7521.978 -14297.628|7518.944 -14285.352|7505.089 -14290.423|7491.164 -14295.260|7488.004 -14301.053|7489.661 -14307.747
58 PRESTWICK LD SE,7257.416 -14471.215|7247.098 -14471.215|7247.084 -14501.193|7247.084 -14505.185|7257.402 -14505.196
166 PRESTWICK CR SE,7603.033 -14167.019|7603.026 -14180.073|7605.731 -14181.808|7636.832 -14167.252|7636.832 -14158.446|7632.854 -14159.457
2 PRESTWICK WY SE,7478.637 -14265.915|7480.434 -14273.176|7485.753 -14276.112|7497.441 -14272.042|7509.067 -14267.817|7514.135 -14265.927|7512.066 -14257.554
46 INVERNESS CL SE,7349.865 -14750.937|7337.346 -14735.681|7304.924 -14762.579|7309.873 -14768.617|7311.012 -14770.151|7311.998 -14771.775
2 INVERNESS PL SE,6870.179 -15146.435|6877.910 -15138.662|6856.485 -15117.101|6850.165 -15117.101|6845.586 -15121.694
201 INVERNESS PA SE,7248.818 -15191.758|7247.749 -15191.546|7245.246 -15191.180|7242.722 -15191.057|7236.054 -15191.057|7236.033 -15226.284|7248.804 -15226.284
1106 PRESTWICK CI SE,7136.831 -14260.990|7128.931 -14254.318|7107.198 -14280.337|7115.097 -14287.009|7134.915 -14263.291
28 PRESTWICK RO SE,7626.667 -14357.251|7626.248 -14344.486|7625.339 -14340.805|7593.456 -14344.085|7593.553 -14345.942|7593.463 -14347.811|7593.190 -14349.656|7592.736 -14351.469
139 PRESTWICK LD SE,7285.644 -14415.261|7287.622 -14380.613|7284.700 -14380.813|7275.564 -14380.980|7275.550 -14411.258|7275.550 -14412.259|7275.550 -14415.261|7277.535 -14415.261
75 PRESTWICK CI SE,7685.164 -14248.135|7683.905 -14245.411|7670.896 -14217.334|7663.193 -14220.937|7664.870 -14224.562|7677.453 -14251.738
267 PRESTWICK LD SE,6941.650 -14218.724|6929.151 -14208.172|6927.410 -14207.527|6918.224 -14240.063|6919.574 -14240.941|6920.846 -14241.942|6922.020 -14243.043|6923.104 -14244.244|6924.705 -14246.189
78 PRESTWICK WY SE,7507.634 -14121.095|7507.641 -14113.456|7477.819 -14113.434|7473.842 -14113.434|7473.835 -14121.084
50 INVERNESS CL SE,7358.212 -14776.322|7359.988 -14763.279|7349.865 -14750.937|7311.998 -14771.775|7312.956 -14773.798|7313.690 -14775.911|7314.186 -14778.090|7314.438 -14780.314|7314.480 -14781.059
6 INVERNESS PL SE,6870.179 -15146.435|6845.586 -15121.694|6839.120 -15128.188|6863.706 -15152.928
203 INVERNESS PA SE,7261.611 -15193.804|7259.486 -15193.748|7257.381 -15193.459|7248.818 -15191.758|7248.804 -15226.284|7265.798 -15226.295|7265.798 -15223.293
1110 PRESTWICK CI SE,7145.226 -14268.084|7136.831 -14260.990|7134.915 -14263.291|7115.097 -14287.009|7123.493 -14294.103
30 PRESTWICK RO SE,7626.667 -14357.251|7592.736 -14351.469|7592.058 -14353.348|7591.177 -14355.149|7588.807 -14359.397|7625.332 -14370.272|7626.821 -14361.899
143 PRESTWICK LD SE,7275.550 -14412.259|7275.550 -14411.258|7275.564 -14380.980|7265.246 -14381.158|7265.232 -14415.250|7273.564 -14415.250|7275.550 -14415.261
79 PRESTWICK CI SE,7692.867 -14244.533|7680.277 -14217.345|7678.600 -14213.721|7670.896 -14217.334|7683.905 -14245.411|7685.164 -14248.135
271 PRESTWICK LD SE,6906.390 -14237.616|6908.703 -14237.461|6911.010 -14237.605|6913.289 -14238.028|6915.498 -14238.728|6924.600 -14206.504|6923.887 -14206.237|6909.472 -14206.237
82 PRESTWICK WY SE,7507.641 -14113.456|7507.641 -14105.806|7473.849 -14105.795|7473.842 -14113.434|7477.819 -14113.434
54 INVERNESS CL SE,7356.199 -14791.178|7358.212 -14776.322|7314.480 -14781.059|7315.207 -14793.591
6 INVERNESS PA SE,6816.786 -14873.929|6808.055 -14865.134|6805.251 -14869.904|6802.588 -14874.752|6800.071 -14879.678|6797.709 -14884.682|6795.500 -14889.752|6793.437 -14894.890|6791.529 -14900.082|6789.781 -14905.331|6794.577 -14907.310|6799.198 -14909.656
10 INVERNESS PL SE,6863.706 -15152.928|6839.120 -15128.188|6832.654 -15134.693|6857.240 -15159.433
205 INVERNESS PA SE,7288.370 -15219.957|7271.901 -15190.257|7269.559 -15191.713|7267.021 -15192.803|7264.358 -15193.504|7261.611 -15193.804|7265.798 -15223.293|7265.798 -15226.295|7282.058 -15226.295
1114 PRESTWICK CI SE,7153.601 -14275.145|7145.226 -14268.084|7123.493 -14294.103|7131.867 -14301.164
32 PRESTWICK RO SE,7625.332 -14370.272|7588.807 -14359.397|7586.095 -14364.256|7588.059 -14369.860|7594.106 -14372.440|7600.083 -14375.176|7605.990 -14378.044|7611.834 -14381.069|7617.132 -14384.004|7622.326 -14387.118
147 PRESTWICK LD SE,7265.232 -14415.250|7265.246 -14381.158|7259.038 -14381.269|7254.928 -14381.269|7254.914 -14411.247|7254.914 -14412.248|7254.914 -14415.250|7256.899 -14415.250
83 PRESTWICK CI SE,7700.571 -14240.919|7686.303 -14210.118|7678.600 -14213.721|7680.277 -14217.345|7692.867 -14244.533
275 PRESTWICK LD SE,6909.472 -14206.237|6896.470 -14206.226|6896.470 -14209.228|6896.456 -14239.407|6905.425 -14237.761|6906.390 -14237.616
86 PRESTWICK WY SE,7507.641 -14105.806|7507.641 -14097.867|7477.826 -14097.844|7473.849 -14097.844|7473.849 -14105.795
58 INVERNESS CL SE,7354.430 -14804.143|7356.199 -14791.178|7315.207 -14793.591|7315.955 -14806.412
10 INVERNESS PA SE,6825.992 -14883.181|6816.786 -14873.929|6799.198 -14909.656|6802.868 -14911.858|6806.391 -14914.315
14 INVERNESS PL SE,6857.240 -15159.433|6832.654 -15134.693|6826.188 -15141.186|6850.773 -15165.927
207 INVERNESS PA SE,7302.687 -15205.568|7278.989 -15181.717|7276.451 -15185.531|7275.473 -15186.854|7274.382 -15188.099|7273.194 -15189.234|7271.901 -15190.257|7288.370 -15219.957
1118 PRESTWICK CI SE,7161.500 -14281.816|7153.601 -14275.145|7131.867 -14301.164|7139.767 -14307.836
2 PRESTWICK GV SE,7705.149 -14439.746|7675.195 -14413.660|7673.867 -14421.121|7676.349 -14428.738|7680.781 -14433.253|7685.108 -14437.878|7689.330 -14442.604|7693.440 -14447.419|7700.186 -14448.698|7702.954 -14447.174
151 PRESTWICK LD SE,7254.914 -14412.248|7254.914 -14411.247|7254.928 -14381.269|7244.610 -14381.269|7244.596 -14415.239|7252.929 -14415.250|7254.914 -14415.250
87 PRESTWICK CI SE,7708.274 -14237.316|7695.684 -14210.140|7694.007 -14206.515|7686.303 -14210.118|7700.571 -14240.919
279 PRESTWICK LD SE,6889.703 -14240.207|6892.045 -14240.096|6894.373 -14239.785|6896.456 -14239.407|6896.470 -14209.228|6896.470 -14208.228|6896.470 -14206.226|6886.152 -14206.226|6886.138 -14236.204|6886.138 -14237.205|6886.138 -14240.207|6888.123 -14240.207
1 PRESTWICK WY SE,7430.067 -14278.903|7433.115 -14292.213|7433.597 -14292.080|7447.872 -14288.054|7462.077 -14283.796|7465.264 -14278.102|7463.782 -14272.098|7459.882 -14272.876
62 INVERNESS CL SE,7352.669 -14817.120|7354.430 -14804.143|7315.955 -14806.412|7316.703 -14819.233
14 INVERNESS PA SE,6834.765 -14892.010|6825.992 -14883.181|6806.391 -14914.315|6809.718 -14916.973|6812.878 -14919.842
18 INVERNESS PL SE,6850.773 -15165.927|6826.188 -15141.186|6819.302 -15148.114|6843.888 -15172.855
209 INVERNESS PA SE,7311.299 -15196.917|7286.546 -15171.998|7285.141 -15173.411|7283.442 -15175.290|7281.925 -15177.336|7278.989 -15181.717|7302.687 -15205.568
1122 PRESTWICK CI SE,7168.099 -14287.387|7161.500 -14281.816|7139.767 -14307.836|7151.895 -14318.077
4 PRESTWICK GV SE,7708.666 -14427.849|7676.782 -14404.776|7675.195 -14413.660|7705.149 -14439.746
155 PRESTWICK LD SE,7244.596 -14415.239|7244.610 -14381.269|7234.299 -14381.258|7234.285 -14411.236|7234.278 -14412.237|7234.278 -14415.239|7236.270 -14415.239
91 PRESTWICK CI SE,7715.978 -14233.702|7701.710 -14202.901|7694.007 -14206.515|7695.684 -14210.140|7708.274 -14237.316
283 PRESTWICK LD SE,6886.152 -14206.226|6875.834 -14206.215|6875.834 -14207.716|6875.834 -14208.717|6875.820 -14240.207|6886.138 -14240.207|6886.138 -14237.205|6886.138 -14236.204
5 PRESTWICK WY SE,7463.782 -14272.098|7461.636 -14263.436|7428.271 -14268.017|7428.872 -14273.699|7430.067 -14278.903|7459.882 -14272.876
66 INVERNESS CL SE,7316.703 -14819.233|7317.269 -14829.007|7322.001 -14833.499|7350.446 -14833.510|7352.669 -14817.120
18 INVERNESS PA SE,6843.804 -14901.116|6841.693 -14898.982|6834.765 -14892.010|6812.878 -14919.842|6813.696 -14920.653|6819.023 -14926.013
22 INVERNESS PL SE,6843.888 -15172.855|6819.302 -15148.114|6812.836 -15154.608|6837.422 -15179.348
1126 PRESTWICK CI SE,7177.047 -14287.398|7168.099 -14287.387|7151.895 -14318.077|7155.782 -14321.368|7169.204 -14321.368
6 PRESTWICK GV SE,7712.489 -14414.928|7709.630 -14414.072|7678.285 -14396.358|7676.782 -14404.776|7708.666 -14427.849
159 PRESTWICK LD SE,7234.278 -14412.237|7234.285 -14411.236|7234.299 -14381.258|7223.981 -14381.258|7223.960 -14415.239|7232.293 -14415.239|7234.278 -14415.239
95 PRESTWICK CI SE,7723.681 -14230.100|7722.423 -14227.375|7711.091 -14202.924|7709.414 -14199.299|7701.710 -14202.901|7715.978 -14233.702
287 PRESTWICK LD SE,6875.820 -14240.207|6875.834 -14208.717|6875.834 -14207.716|6875.834 -14206.215|6865.516 -14206.215|6865.509 -14236.193|6865.502 -14237.216|6865.502 -14240.218|6867.495 -14240.218
9 PRESTWICK WY SE,7461.636 -14263.436|7459.595 -14255.163|7455.645 -14255.641|7427.306 -14258.999|7428.271 -14268.017
96 INVERNESS RI SE,6999.055 -14879.178|7005.724 -14872.484|6983.068 -14849.678|6978.853 -14849.678|6974.295 -14854.259
22 INVERNESS PA SE,6850.270 -14907.621|6843.804 -14901.116|6819.023 -14926.013|6825.482 -14932.518
26 INVERNESS PL SE,6837.422 -15179.348|6812.836 -15154.608|6805.943 -15161.535|6830.529 -15186.276
211 INVERNESS PA SE,7320.338 -15187.844|7318.933 -15186.432|7295.577 -15162.925|7286.546 -15171.998|7311.299 -15196.917
1130 PRESTWICK CI SE,7185.582 -14287.398|7177.047 -14287.398|7169.204 -14321.368|7185.568 -14321.379|7185.582 -14290.401
8 PRESTWICK GV SE,7715.957 -14403.208|7679.858 -14387.540|7678.285 -14396.358|7709.630 -14414.072|7712.489 -14414.928
163 PRESTWICK LD SE,7223.960 -14415.239|7223.981 -14381.258|7213.663 -14381.247|7213.649 -14411.236|7213.649 -14412.226|7213.649 -14415.228|7215.634 -14415.228
99 PRESTWICK CI SE,7731.525 -14226.797|7717.117 -14195.685|7709.414 -14199.299|7711.091 -14202.924|7722.423 -14227.375|7723.681 -14230.100|7730.728 -14226.797
291 PRESTWICK LD SE,6865.502 -14237.216|6865.509 -14236.193|6865.516 -14206.215|6855.198 -14206.215|6855.198 -14208.205|6855.198 -14209.206|6855.184 -14240.218|6863.517 -14240.218|6865.502 -14240.218
13 PRESTWICK WY SE,7459.595 -14255.163|7457.875 -14248.224|7457.875 -14247.068|7426.174 -14248.424|7427.306 -14258.999|7455.645 -14255.641
100 INVERNESS RI SE,6999.055 -14879.178|6974.295 -14854.259|6967.857 -14860.730|6992.617 -14885.649
26 INVERNESS PA SE,6856.736 -14914.115|6850.270 -14907.621|6825.482 -14932.518|6831.948 -14939.023
30 INVERNESS PL SE,6830.529 -15186.276|6805.943 -15161.535|6799.680 -15167.829|6822.476 -15194.371
215 INVERNESS PA SE,7329.789 -15178.348|7305.029 -15153.418|7295.577 -15162.925|7318.933 -15186.432|7320.338 -15187.844
1134 PRESTWICK CI SE,7195.886 -14321.379|7195.900 -14287.398|7185.582 -14287.398|7185.582 -14290.401|7185.568 -14321.379
10 PRESTWICK GV SE,7718.257 -14392.066|7716.292 -14391.721|7681.333 -14379.279|7679.858 -14387.540|7715.957 -14403.208|7716.831 -14400.239
167 PRESTWICK LD SE,7213.649 -14412.226|7213.649 -14411.236|7213.663 -14381.247|7203.345 -14381.247|7203.331 -14415.228|7211.657 -14415.228|7213.649 -14415.228
103 PRESTWICK CI SE,7740.906 -14226.808|7726.519 -14195.751|7724.842 -14192.115|7723.534 -14192.682|7717.117 -14195.685|7731.525 -14226.797
295 PRESTWICK LD SE,6855.184 -14240.218|6855.198 -14209.206|6855.198 -14208.205|6855.198 -14206.215|6844.880 -14206.204|6844.873 -14236.182|6844.873 -14237.227|6844.866 -14240.229|6846.859 -14240.229
17 PRESTWICK WY SE,7457.875 -14247.068|7457.875 -14238.695|7453.905 -14238.684|7425.139 -14238.673|7426.174 -14248.424
104 INVERNESS RI SE,6992.617 -14885.649|6967.857 -14860.730|6961.419 -14867.202|6986.179 -14892.121
30 INVERNESS PA SE,6863.195 -14920.620|6856.736 -14914.115|6831.948 -14939.023|6838.407 -14945.517
34 INVERNESS PL SE,6822.476 -15194.371|6799.680 -15167.829|6795.828 -15171.698|6794.843 -15172.577|6793.766 -15173.333|6810.096 -15206.814
219 INVERNESS PA SE,7338.828 -15169.263|7314.067 -15144.344|7305.029 -15153.418|7329.789 -15178.348
1138 PRESTWICK CI SE,7206.218 -14287.409|7195.900 -14287.398|7195.886 -14321.379|7206.204 -14321.391
12 PRESTWICK GV SE,7719.955 -14382.281|7683.423 -14371.161|7682.682 -14373.352|7682.123 -14375.231|7681.710 -14377.155|7681.333 -14379.279|7716.292 -14391.721|7718.257 -14392.066
171 PRESTWICK LD SE,7203.345 -14381.247|7193.705 -14381.247|7191.021 -14411.214|7190.657 -14415.217|7203.331 -14415.228
107 PRESTWICK CI SE,7751.951 -14226.819|7732.965 -14189.791|7728.057 -14191.059|7724.842 -14192.115|7726.519 -14195.751|7740.906 -14226.808
299 PRESTWICK LD SE,6844.880 -14206.204|6834.562 -14206.204|6834.548 -14240.229|6844.866 -14240.229|6844.873 -14237.227|6844.873 -14236.182
21 PRESTWICK WY SE,7457.875 -14238.695|7457.882 -14230.144|7424.223 -14230.133|7425.139 -14238.673|7453.905 -14238.684
108 INVERNESS RI SE,6986.179 -14892.121|6961.419 -14867.202|6954.973 -14873.662|6979.741 -14898.592
34 INVERNESS PA SE,6869.662 -14927.125|6863.195 -14920.620|6838.407 -14945.517|6844.873 -14952.021
38 INVERNESS PL SE,6810.096 -15206.814|6793.766 -15173.333|6792.417 -15174.044|6790.977 -15174.556|6789.488 -15174.878|6787.964 -15174.990|6786.384 -15174.990|6790.474 -15210.805|6806.174 -15210.750
223 INVERNESS PA SE,7338.828 -15169.263|7348.698 -15159.344|7327.104 -15137.606|7320.778 -15137.595|7314.067 -15144.344
1142 PRESTWICK CI SE,7217.137 -14321.391|7217.151 -14287.409|7206.218 -14287.409|7206.204 -14321.391
14 PRESTWICK GV SE,7721.990 -14370.583|7719.068 -14370.005|7686.038 -14363.422|7683.423 -14371.161|7719.955 -14382.281
175 PRESTWICK LD SE,7193.705 -14381.247|7184.240 -14381.236|7177.222 -14415.217|7190.657 -14415.217|7191.021 -14411.214
111 PRESTWICK CI SE,7761.283 -14226.819|7761.283 -14223.817|7740.696 -14186.489|7739.263 -14187.412|7737.753 -14188.201|7736.173 -14188.846|7734.537 -14189.335|7732.965 -14189.791|7751.951 -14226.819
303 PRESTWICK LD SE,6834.562 -14206.204|6824.245 -14206.193|6824.238 -14236.182|6824.231 -14240.241|6834.548 -14240.229
25 PRESTWICK WY SE,7457.882 -14230.144|7457.889 -14221.604|7453.912 -14221.604|7424.090 -14221.582|7424.090 -14228.865|7424.223 -14230.133
167 INVERNESS WY SE,7382.064 -14723.838|7377.904 -14719.368|7373.941 -14714.732|7346.524 -14737.438|7356.115 -14749.135|7357.660 -14747.845
155 INVERNESS LN SE,6964.453 -14964.197|6958.413 -14958.126|6933.631 -14983.023|6939.671 -14989.105
56 INVERNESS GV SE,6881.406 -15069.732|6874.939 -15063.228|6850.165 -15088.124|6856.624 -15094.629
202 INVERNESS PA SE,7244.973 -15139.841|7234.285 -15139.830|7234.271 -15175.056|7251.670 -15175.067
8 PRESTWICK PA SE,7524.453 -14307.614|7521.978 -14297.628|7489.661 -14307.747|7491.653 -14315.820|7522.523 -14308.092
62 PRESTWICK LD SE,7267.734 -14471.215|7257.416 -14471.215|7257.402 -14505.196|7267.720 -14505.196|7267.720 -14501.204
139 PRESTWICK CR SE,7686.562 -14103.182|7686.562 -14094.264|7656.740 -14097.488|7652.770 -14097.922|7652.763 -14106.518|7683.577 -14103.182
6 PRESTWICK WY SE,7512.066 -14257.554|7510.220 -14250.115|7480.657 -14257.509|7476.799 -14258.476|7478.637 -14265.915
112 INVERNESS RI SE,6979.741 -14898.592|6954.973 -14873.662|6948.535 -14880.134|6973.302 -14905.064
38 INVERNESS PA SE,6876.121 -14933.630|6869.662 -14927.125|6844.873 -14952.021|6851.333 -14958.526
42 INVERNESS PL SE,6790.474 -15210.805|6786.384 -15174.990|6777.695 -15175.023|6777.814 -15210.850
229 INVERNESS PA SE,7375.150 -15132.769|7350.390 -15107.850|7342.924 -15115.356|7342.917 -15121.705|7364.518 -15143.455
1146 PRESTWICK CI SE,7227.469 -14287.421|7217.151 -14287.409|7217.137 -14321.391|7227.455 -14321.391|7227.469 -14290.412
16 PRESTWICK GV SE,7723.583 -14357.896|7688.295 -14355.694|7687.974 -14357.429|7687.485 -14359.130|7686.038 -14363.422|7719.068 -14370.005|7721.990 -14370.583|7723.583 -14361.454
179 PRESTWICK LD SE,7184.240 -14381.236|7174.824 -14381.236|7162.835 -14415.206|7177.222 -14415.217
115 PRESTWICK CI SE,7763.268 -14226.819|7774.076 -14226.808|7746.337 -14179.539|7745.268 -14181.530|7743.954 -14183.364|7742.423 -14185.032|7740.696 -14186.489|7761.283 -14223.817|7761.283 -14226.819
307 PRESTWICK LD SE,6824.245 -14206.193|6813.927 -14206.193|6813.913 -14239.073|6815.933 -14239.584|6817.974 -14239.940|6820.043 -14240.163|6822.119 -14240.241|6824.231 -14240.241|6824.238 -14236.182
29 PRESTWICK WY SE,7457.889 -14221.604|7457.889 -14213.053|7424.097 -14213.042|7424.090 -14221.582|7453.912 -14221.604
116 INVERNESS RI SE,6973.302 -14905.064|6948.535 -14880.134|6942.104 -14886.617|6966.864 -14911.535
42 INVERNESS PA SE,6882.580 -14940.135|6876.121 -14933.630|6851.333 -14958.526|6857.799 -14965.031
46 INVERNESS PL SE,6777.814 -15210.850|6777.695 -15175.023|6768.258 -15175.056|6768.363 -15206.880|6772.347 -15210.861
233 INVERNESS PA SE,7383.741 -15124.140|7382.336 -15122.717|7358.981 -15099.221|7350.390 -15107.850|7375.150 -15132.769
1150 PRESTWICK CI SE,7237.773 -14321.402|7237.787 -14287.421|7227.469 -14287.421|7227.469 -14290.412|7227.455 -14321.391
18 PRESTWICK GV SE,7723.583 -14357.896|7723.590 -14346.109|7687.422 -14346.888|7688.030 -14349.034|7688.386 -14351.235|7688.470 -14353.470|7688.295 -14355.694
183 PRESTWICK LD SE,7174.824 -14381.236|7170.441 -14381.236|7165.107 -14383.726|7140.815 -14412.815|7140.808 -14415.195|7162.835 -14415.206
62 PRESTWICK PA SE,7715.789 -14424.813|7710.322 -14443.282|7722.388 -14437.356|7734.663 -14431.863|7747.120 -14426.826|7759.759 -14422.244|7764.002 -14416.329|7764.009 -14410.057
311 PRESTWICK LD SE,6813.927 -14206.193|6803.609 -14206.182|6803.602 -14230.911|6803.602 -14234.970|6805.594 -14235.515|6807.600 -14236.438|6810.683 -14237.939|6813.913 -14239.073
33 PRESTWICK WY SE,7457.889 -14213.053|7457.896 -14203.902|7453.919 -14203.902|7424.104 -14203.891|7424.097 -14213.042
120 INVERNESS RI SE,6966.864 -14911.535|6942.104 -14886.617|6935.666 -14893.077|6960.426 -14918.007
46 INVERNESS PA SE,6889.046 -14946.640|6882.580 -14940.135|6857.799 -14965.031|6864.265 -14971.536|6887.641 -14948.052
37 INVERNESS PL SE,6782.316 -15148.358|6784.462 -15149.215|6786.713 -15149.726|6789.019 -15149.882|6791.319 -15149.682|6793.556 -15149.126|6795.688 -15148.225|6797.653 -15147.002|6799.407 -15145.501|6813.262 -15131.568|6801.777 -15120.015|6800.722 -15121.071
237 INVERNESS PA SE,7392.333 -15115.511|7367.572 -15090.581|7358.981 -15099.221|7382.336 -15122.717|7383.741 -15124.140
1154 PRESTWICK CI SE,7248.720 -14287.432|7237.787 -14287.421|7237.773 -14321.402|7248.706 -14321.402
20 PRESTWICK GV SE,7723.590 -14346.109|7723.590 -14336.969|7722.842 -14333.933|7684.255 -14339.148|7687.051 -14345.920|7687.422 -14346.888
134 PRESTWICK LD SE,7295.144 -14465.232|7315.913 -14465.243|7305.154 -14435.488|7299.157 -14431.262|7291.677 -14431.251|7292.089 -14435.254
64 PRESTWICK PA SE,7764.009 -14410.057|7764.009 -14402.040|7760.039 -14402.618|7720.647 -14408.389|7715.789 -14424.813
315 PRESTWICK LD SE,6803.602 -14230.911|6803.609 -14206.182|6793.291 -14206.182|6793.298 -14208.183|6793.298 -14209.184|6793.284 -14230.878|6795.856 -14235.793|6797.247 -14235.292|6798.680 -14234.948|6800.141 -14234.759|6801.616 -14234.736|6803.602 -14234.970
37 PRESTWICK WY SE,7457.896 -14203.902|7457.896 -14195.362|7424.104 -14195.340|7424.104 -14203.891|7453.919 -14203.902
5 INVERNESS CO SE,7025.081 -14691.392|7023.291 -14687.945|7021.823 -14684.364|7020.509 -14680.673|6976.427 -14684.342|6980.412 -14698.553|6989.548 -14707.748
124 INVERNESS RI SE,6960.426 -14918.007|6935.666 -14893.077|6929.221 -14899.549|6953.988 -14924.467
50 INVERNESS PA SE,6895.505 -14953.145|6889.046 -14946.640|6887.641 -14948.052|6864.265 -14971.536|6870.724 -14978.041
41 INVERNESS PL SE,6801.777 -15120.015|6797.087 -15115.289|6786.510 -15108.862|6784.972 -15111.431|6775.926 -15145.423|6778.436 -15146.235|6780.764 -15147.469|6782.316 -15148.358|6800.722 -15121.071
241 INVERNESS PA SE,7401.350 -15106.438|7376.590 -15081.519|7367.572 -15090.581|7392.333 -15115.511
1158 PRESTWICK CI SE,7259.129 -14287.432|7248.720 -14287.432|7248.706 -14321.402|7259.010 -14321.413
22 PRESTWICK GV SE,7722.842 -14333.933|7719.990 -14322.402|7717.082 -14323.081|7681.095 -14331.498|7681.319 -14332.054|7684.255 -14339.148
138 PRESTWICK LD SE,7291.677 -14431.251|7281.149 -14431.251|7281.135 -14465.232|7295.144 -14465.232|7292.089 -14435.254
66 PRESTWICK PA SE,7764.009 -14402.040|7764.016 -14393.801|7723.576 -14396.258|7722.647 -14401.618|7720.647 -14408.389|7760.039 -14402.618
319 PRESTWICK LD SE,6793.291 -14206.182|6782.973 -14206.182|6782.959 -14236.538|6789.767 -14240.930|6790.984 -14239.318|6792.424 -14237.894|6794.060 -14236.716|6795.856 -14235.793|6793.284 -14230.878|6793.298 -14209.184
41 PRESTWICK WY SE,7457.896 -14195.362|7457.903 -14186.811|7453.926 -14186.811|7424.111 -14186.800|7424.104 -14195.340
9 INVERNESS CO SE,7031.135 -14699.409|7029.443 -14697.541|7027.870 -14695.584|7026.409 -14693.527|7025.081 -14691.392|6989.548 -14707.748|7003.138 -14721.425
128 INVERNESS RI SE,6953.988 -14924.467|6929.221 -14899.549|6922.782 -14906.020|6947.550 -14930.939
54 INVERNESS PA SE,6901.972 -14959.649|6895.505 -14953.145|6870.724 -14978.041|6877.190 -14984.546
45 INVERNESS PL SE,6786.510 -15108.862|6780.561 -15105.248|6770.858 -15102.224|6768.020 -15104.325|6768.160 -15145.078|6772.599 -15145.056|6774.277 -15145.145|6775.926 -15145.423|6784.972 -15111.431
245 INVERNESS PA SE,7409.942 -15097.809|7385.181 -15072.890|7376.590 -15081.519|7401.350 -15106.438
1162 PRESTWICK CI SE,7269.978 -14321.291|7269.286 -14289.088|7269.244 -14287.098|7259.129 -14287.432|7259.010 -14321.413
24 PRESTWICK GV SE,7719.990 -14322.402|7717.159 -14310.972|7678.921 -14323.570|7680.096 -14328.318|7681.095 -14331.498|7717.082 -14323.081
142 PRESTWICK LD SE,7281.149 -14431.251|7270.831 -14431.240|7270.831 -14435.243|7270.817 -14465.221|7281.135 -14465.232
68 PRESTWICK PA SE,7764.016 -14393.801|7764.023 -14385.483|7760.046 -14385.472|7725.457 -14385.461|7723.576 -14396.258
323 PRESTWICK LD SE,6789.767 -14240.930|6782.959 -14236.538|6782.973 -14206.182|6765.462 -14206.170|6766.797 -14249.292|6787.649 -14248.636|6787.740 -14246.612|6788.132 -14244.622|6788.810 -14242.720
45 PRESTWICK WY SE,7457.903 -14186.811|7457.910 -14178.272|7424.111 -14178.249|7424.111 -14186.800|7453.926 -14186.811
13 INVERNESS CO SE,7038.433 -14706.759|7031.589 -14699.876|7031.135 -14699.409|7003.138 -14721.425|7015.015 -14733.379
132 INVERNESS RI SE,6947.550 -14930.939|6922.782 -14906.020|6916.344 -14912.492|6941.111 -14937.410
58 INVERNESS PA SE,6877.190 -14984.546|6885.684 -14993.097|6910.472 -14968.200|6901.972 -14959.649
53 INVERNESS DR SE,6897.882 -15176.869|6903.719 -15170.998|6903.726 -15164.637|6882.126 -15142.910|6873.122 -15151.950
249 INVERNESS PA SE,7418.959 -15088.747|7394.199 -15063.828|7385.181 -15072.890|7409.942 -15097.809
1166 PRESTWICK CI SE,7281.520 -14320.901|7279.989 -14286.731|7269.244 -14287.098|7269.286 -14289.088|7269.978 -14321.291
26 PRESTWICK GV SE,7717.159 -14310.972|7713.594 -14296.561|7680.585 -14312.017|7677.607 -14318.277|7678.921 -14323.570
146 PRESTWICK LD SE,7270.831 -14431.240|7259.898 -14431.240|7259.884 -14465.221|7270.817 -14465.221|7270.831 -14435.243
70 PRESTWICK PA SE,7764.023 -14385.483|7764.023 -14376.921|7726.946 -14376.899|7725.457 -14385.461|7760.046 -14385.472
278 PRESTWICK LD SE,6886.411 -14290.167|6891.409 -14290.178|6895.729 -14287.498|6910.591 -14257.898|6909.214 -14257.164|6907.753 -14256.631|6906.236 -14256.308|6904.684 -14256.197|6891.668 -14256.208|6891.059 -14260.144
49 PRESTWICK WY SE,7457.910 -14178.272|7457.910 -14169.721|7453.933 -14169.721|7424.118 -14169.710|7424.111 -14178.249
17 INVERNESS CO SE,7045.290 -14713.319|7043.564 -14711.929|7038.433 -14706.759|7015.015 -14733.379|7030.471 -14748.924
136 INVERNESS RI SE,6941.111 -14937.410|6916.344 -14912.492|6909.472 -14919.397|6934.226 -14944.316
70 INVERNESS PA SE,6929.416 -14987.259|6921.713 -14979.509|6896.924 -15004.405|6904.628 -15012.167
57 INVERNESS DR SE,6897.882 -15176.869|6873.122 -15151.950|6865.390 -15159.711|6866.446 -15160.779|6890.151 -15184.641
253 INVERNESS PA SE,7427.551 -15080.118|7402.790 -15055.199|7394.199 -15063.828|7418.959 -15088.747
1170 PRESTWICK CI SE,7292.397 -14320.301|7290.342 -14289.389|7290.272 -14286.386|7279.989 -14286.731|7281.520 -14320.901
3 PRESTWICK GV SE,7661.550 -14399.605|7629.610 -14380.257|7627.758 -14390.654|7632.211 -14393.767|7652.511 -14408.456|7655.538 -14410.680|7659.872 -14408.990
150 PRESTWICK LD SE,7259.898 -14431.240|7248.965 -14431.240|7248.965 -14435.232|7248.951 -14465.210|7259.884 -14465.221
72 PRESTWICK PA SE,7764.023 -14376.921|7764.030 -14368.370|7760.053 -14368.370|7728.435 -14368.348|7726.946 -14376.899
282 PRESTWICK LD SE,6886.411 -14290.167|6891.059 -14260.144|6891.668 -14256.208|6878.777 -14256.208|6876.820 -14290.167
53 PRESTWICK WY SE,7457.910 -14169.721|7457.917 -14161.181|7424.125 -14161.159|7424.118 -14169.710|7453.933 -14169.721
21 INVERNESS CO SE,7052.658 -14714.643|7050.757 -14714.854|7048.849 -14714.698|7047.003 -14714.187|7045.290 -14713.319|7030.471 -14748.924|7048.457 -14767.038|7052.672 -14767.038|7061.110 -14758.565
140 INVERNESS RI SE,6934.226 -14944.316|6909.472 -14919.397|6903.027 -14925.868|6927.787 -14950.787
74 INVERNESS PA SE,6935.854 -14993.742|6929.416 -14987.259|6904.628 -15012.167|6911.073 -15018.649
61 INVERNESS DR SE,6890.151 -15184.641|6866.446 -15160.779|6865.390 -15159.711|6857.659 -15167.484|6882.419 -15192.403
257 INVERNESS PA SE,7435.093 -15072.546|7415.080 -15042.857|7402.790 -15055.199|7427.551 -15080.118
1174 PRESTWICK CI SE,7303.253 -14319.445|7300.240 -14285.375|7290.272 -14286.386|7290.342 -14289.389|7292.397 -14320.301
5 PRESTWICK GV SE,7663.430 -14389.075|7631.099 -14371.884|7629.610 -14380.257|7661.550 -14399.605
154 PRESTWICK LD SE,7248.965 -14431.240|7238.647 -14431.229|7238.633 -14465.210|7248.951 -14465.210|7248.965 -14435.232
74 PRESTWICK PA SE,7764.030 -14368.370|7764.037 -14359.820|7729.546 -14359.797|7729.546 -14361.977|7728.435 -14368.348|7760.053 -14368.370
286 PRESTWICK LD SE,6876.820 -14290.167|6878.777 -14256.208|6866.949 -14256.208|6866.949 -14260.178|6866.935 -14290.167
57 PRESTWICK WY SE,7457.917 -14161.181|7457.917 -14152.630|7453.947 -14152.630|7424.125 -14152.619|7424.125 -14161.159
25 INVERNESS CO SE,7081.410 -14738.194|7059.593 -14709.961|7057.622 -14711.941|7056.545 -14712.875|7055.336 -14713.653|7054.035 -14714.242|7052.658 -14714.643|7061.110 -14758.565
144 INVERNESS RI SE,6927.787 -14950.787|6903.027 -14925.868|6896.589 -14932.340|6921.349 -14957.259
78 INVERNESS PA SE,6942.286 -15000.213|6935.854 -14993.742|6911.073 -15018.649|6917.504 -15025.121
65 INVERNESS DR SE,6882.419 -15192.403|6857.659 -15167.484|6849.928 -15175.256|6852.039 -15177.380|6874.688 -15200.175
261 INVERNESS PA SE,7442.916 -15067.286|7432.136 -15032.048|7430.466 -15032.048|7428.285 -15032.271|7426.187 -15032.905|7424.251 -15033.950|7422.559 -15035.340|7415.080 -15042.857|7435.093 -15072.546|7440.329 -15067.286
1178 PRESTWICK CI SE,7314.095 -14318.355|7310.341 -14284.352|7300.240 -14285.375|7303.253 -14319.445
7 PRESTWICK GV SE,7665.674 -14376.477|7635.266 -14365.502|7632.337 -14364.968|7631.099 -14371.884|7663.430 -14389.075
158 PRESTWICK LD SE,7238.647 -14431.229|7228.329 -14431.229|7228.329 -14435.221|7228.315 -14465.210|7238.633 -14465.210
76 PRESTWICK PA SE,7764.037 -14359.820|7764.037 -14351.258|7760.060 -14351.258|7729.546 -14351.246|7729.546 -14359.797
290 PRESTWICK LD SE,6866.935 -14290.167|6866.949 -14260.178|6866.949 -14256.208|6856.631 -14256.219|6856.617 -14290.156
61 PRESTWICK WY SE,7457.917 -14152.630|7457.924 -14143.479|7424.132 -14143.468|7424.125 -14152.619|7453.947 -14152.630
29 INVERNESS CO SE,7092.609 -14726.918|7067.674 -14701.833|7059.593 -14709.961|7081.410 -14738.194
148 INVERNESS RI SE,6921.349 -14957.259|6896.589 -14932.340|6892.038 -14936.921|6892.031 -14941.158|6914.687 -14963.953
82 INVERNESS PA SE,6948.731 -15006.707|6942.286 -15000.213|6917.504 -15025.121|6923.943 -15031.604
69 INVERNESS DR SE,6874.688 -15200.175|6852.039 -15177.380|6849.928 -15175.256|6842.196 -15183.029|6866.956 -15207.948
265 INVERNESS PA SE,7453.227 -15067.286|7453.241 -15032.060|7432.136 -15032.048|7442.916 -15067.286
1182 PRESTWICK CI SE,7314.095 -14318.355|7326.426 -14316.832|7321.638 -14286.209|7318.206 -14283.551|7310.341 -14284.352
338 INVERNESS PA SE,7514.170 -15240.717|7483.446 -15223.793|7479.742 -15230.209|7475.729 -15236.436|7505.487 -15256.918|7512.128 -15244.531
11 PRESTWICK GV SE,7667.939 -14363.756|7633.707 -14357.262|7632.337 -14364.968|7635.266 -14365.502|7665.674 -14376.477
162 PRESTWICK LD SE,7228.329 -14431.229|7217.396 -14431.218|7217.382 -14465.199|7228.315 -14465.210|7228.329 -14435.221
78 PRESTWICK PA SE,7764.037 -14351.258|7764.044 -14342.707|7729.553 -14342.684|7729.546 -14351.246|7760.060 -14351.258
294 PRESTWICK LD SE,6856.617 -14290.156|6856.631 -14256.219|6846.313 -14256.219|6846.313 -14260.178|6846.299 -14290.156
65 PRESTWICK WY SE,7457.924 -14143.479|7457.931 -14134.939|7453.954 -14134.939|7424.132 -14134.917|7424.132 -14143.468
171 INVERNESS WY SE,7390.935 -14732.211|7386.412 -14728.119|7382.064 -14723.838|7357.660 -14747.845|7356.115 -14749.135|7366.062 -14761.255
159 INVERNESS LN SE,6958.413 -14958.126|6953.869 -14953.545|6947.543 -14953.545|6925.928 -14975.272|6933.631 -14983.023
60 INVERNESS GV SE,6887.865 -15076.237|6881.406 -15069.732|6856.624 -15094.629|6863.091 -15101.134
12 PRESTWICK PA SE,7526.501 -14315.909|7524.453 -14307.614|7522.523 -14308.092|7491.653 -14315.820|7493.709 -14324.115
66 PRESTWICK LD SE,7278.052 -14471.226|7267.734 -14471.215|7267.720 -14501.204|7267.720 -14505.196|7278.031 -14505.207|7278.045 -14474.217
143 PRESTWICK CR SE,7686.555 -14111.455|7686.562 -14103.182|7683.577 -14103.182|7652.763 -14106.518|7652.756 -14115.102|7656.733 -14114.679
10 PRESTWICK WY SE,7510.220 -14250.115|7508.997 -14245.155|7508.382 -14242.676|7474.960 -14251.038|7476.799 -14258.476|7480.657 -14257.509
33 INVERNESS CO SE,7104.570 -14714.921|7074.853 -14694.272|7073.371 -14696.029|7071.798 -14697.696|7067.674 -14701.833|7092.609 -14726.918
11 INVERNESS BV SE,7000.950 -14859.196|7009.940 -14868.247|7031.561 -14846.520|7031.561 -14840.159|7025.731 -14834.299
86 INVERNESS PA SE,6955.162 -15013.179|6948.731 -15006.707|6923.943 -15031.604|6930.381 -15038.075
73 INVERNESS DR SE,6866.956 -15207.948|6842.196 -15183.029|6834.465 -15190.801|6859.225 -15215.720
269 INVERNESS PA SE,7466.592 -15067.297|7466.613 -15032.071|7453.241 -15032.060|7453.227 -15067.286
1125 PRESTWICK CI SE,7170.993 -14341.261|7154.789 -14341.250|7168.567 -14373.241|7168.560 -14375.231|7178.088 -14375.242
342 INVERNESS PA SE,7505.487 -15256.918|7475.729 -15236.436|7471.234 -15242.696|7466.425 -15248.712|7493.974 -15272.196|7499.790 -15267.537
15 PRESTWICK GV SE,7667.939 -14363.756|7669.421 -14355.472|7669.568 -14354.293|7669.589 -14353.115|7669.484 -14351.936|7669.260 -14350.768|7668.981 -14349.623|7633.861 -14350.424|7634.483 -14352.925|7633.707 -14357.262
166 PRESTWICK LD SE,7217.396 -14431.218|7206.463 -14431.218|7206.463 -14435.210|7206.449 -14465.199|7217.382 -14465.199
80 PRESTWICK PA SE,7764.044 -14342.707|7764.051 -14332.855|7760.074 -14333.044|7729.134 -14334.512|7729.560 -14336.235|7729.553 -14342.684
298 PRESTWICK LD SE,6846.299 -14290.156|6846.313 -14260.178|6846.313 -14256.219|6835.995 -14256.219|6835.982 -14290.145
69 PRESTWICK WY SE,7457.931 -14134.939|7457.931 -14126.388|7424.139 -14126.377|7424.132 -14134.917|7453.954 -14134.939
37 INVERNESS CO SE,7119.585 -14699.831|7080.019 -14685.977|7078.908 -14688.156|7077.677 -14690.280|7076.321 -14692.315|7074.853 -14694.272|7104.570 -14714.921
15 INVERNESS BV SE,7025.731 -14834.299|7018.007 -14826.516|6994.651 -14850.011|6993.225 -14851.412|7000.950 -14859.196
90 INVERNESS PA SE,6961.600 -15019.661|6955.162 -15013.179|6930.381 -15038.075|6936.819 -15044.558
77 INVERNESS DR SE,6859.225 -15215.720|6834.465 -15190.801|6826.733 -15198.574|6851.493 -15223.493
273 INVERNESS PA SE,7479.958 -15067.308|7479.979 -15032.071|7466.613 -15032.071|7466.592 -15067.297
1129 PRESTWICK CI SE,7186.575 -14341.261|7170.993 -14341.261|7178.088 -14375.242|7186.561 -14375.242|7186.561 -14372.240
350 INVERNESS PA SE,7458.456 -15307.245|7466.432 -15299.228|7467.480 -15293.913|7444.838 -15271.118|7433.695 -15282.315
19 PRESTWICK GV SE,7668.981 -14349.623|7665.891 -14337.147|7632.099 -14343.285|7633.861 -14350.424
170 PRESTWICK LD SE,7206.463 -14431.218|7196.152 -14431.207|7196.131 -14465.188|7206.449 -14465.199|7206.463 -14435.210
82 PRESTWICK PA SE,7764.051 -14332.855|7764.051 -14322.892|7727.149 -14326.494|7729.134 -14334.512|7760.074 -14333.044
302 PRESTWICK LD SE,6835.982 -14290.145|6835.995 -14256.219|6825.678 -14256.230|6825.678 -14260.167|6825.664 -14290.145
73 PRESTWICK WY SE,7457.931 -14126.388|7457.938 -14117.848|7453.961 -14117.848|7424.146 -14117.826|7424.139 -14126.377
41 INVERNESS CO SE,7119.585 -14699.831|7130.833 -14688.512|7133.266 -14671.310|7083.375 -14675.457|7082.794 -14678.171|7082.039 -14680.828|7081.117 -14683.430|7080.019 -14685.977
19 INVERNESS BV SE,7018.007 -14826.516|7010.275 -14818.743|6985.494 -14843.640|6993.225 -14851.412|6994.651 -14850.011
94 INVERNESS PA SE,6968.039 -15026.133|6961.600 -15019.661|6936.819 -15044.558|6943.257 -15051.029|6966.634 -15027.545
81 INVERNESS DR SE,6851.493 -15223.493|6826.733 -15198.574|6819.449 -15205.880|6820.421 -15207.036|6842.105 -15232.922
277 INVERNESS PA SE,7491.954 -15067.308|7491.954 -15064.306|7497.120 -15032.082|7479.979 -15032.071|7479.958 -15067.308
1133 PRESTWICK CI SE,7196.893 -14341.272|7186.575 -14341.261|7186.561 -14372.240|7186.561 -14375.242|7196.879 -14375.242
354 INVERNESS PA SE,7458.456 -15307.245|7433.695 -15282.315|7422.552 -15293.512|7447.313 -15318.431
23 PRESTWICK GV SE,7665.891 -14337.147|7663.416 -14327.150|7630.163 -14335.468|7632.099 -14343.285
174 PRESTWICK LD SE,7196.152 -14431.207|7185.219 -14431.207|7185.212 -14435.199|7185.198 -14465.188|7196.131 -14465.188
84 PRESTWICK PA SE,7764.051 -14322.892|7764.058 -14313.006|7760.081 -14313.562|7725.156 -14318.455|7727.149 -14326.494
306 PRESTWICK LD SE,6825.664 -14290.145|6825.678 -14260.167|6825.678 -14256.230|6822.105 -14256.230|6818.708 -14256.419|6815.360 -14256.998|6815.346 -14290.145
77 PRESTWICK WY SE,7457.938 -14117.848|7457.938 -14109.297|7424.146 -14109.286|7424.146 -14117.826|7453.961 -14117.848
6 INVERNESS RI SE,7191.447 -14683.764|7191.734 -14682.329|7191.825 -14680.862|7191.832 -14670.932|7187.281 -14666.829|7139.354 -14670.798|7138.243 -14678.715
23 INVERNESS BV SE,7010.275 -14818.743|7002.551 -14810.971|6977.769 -14835.867|6985.494 -14843.640
98 INVERNESS PA SE,6974.477 -15032.616|6968.039 -15026.133|6966.634 -15027.545|6943.257 -15051.029|6949.696 -15057.512
85 INVERNESS DR SE,6842.105 -15232.922|6820.421 -15207.036|6819.449 -15205.880|6812.990 -15212.373|6830.417 -15244.664
281 INVERNESS PA SE,7515.057 -15035.384|7513.366 -15033.983|7511.429 -15032.949|7509.332 -15032.304|7507.151 -15032.082|7497.120 -15032.082|7491.954 -15064.306|7491.954 -15067.308|7497.253 -15067.308|7501.405 -15071.489
1137 PRESTWICK CI SE,7207.197 -14375.253|7207.211 -14341.272|7196.893 -14341.272|7196.879 -14375.242
358 INVERNESS PA SE,7447.313 -15318.431|7422.552 -15293.512|7411.410 -15304.710|7436.170 -15329.628
27 PRESTWICK GV SE,7663.416 -14327.150|7661.361 -14318.844|7628.107 -14327.162|7630.163 -14335.468
178 PRESTWICK LD SE,7185.219 -14431.207|7177.585 -14431.207|7173.111 -14435.699|7173.097 -14465.177|7185.198 -14465.188|7185.212 -14435.199
86 PRESTWICK PA SE,7764.058 -14313.006|7764.065 -14303.121|7723.164 -14310.405|7725.156 -14318.455|7760.081 -14313.562
310 PRESTWICK LD SE,6815.360 -14256.998|6813.346 -14257.531|6811.375 -14258.199|6809.453 -14259.010|6807.593 -14259.955|6807.160 -14260.233|6805.042 -14261.112|6805.042 -14265.048|6805.028 -14290.134|6815.346 -14290.145
81 PRESTWICK WY SE,7457.938 -14109.297|7457.945 -14100.758|7453.968 -14100.758|7424.153 -14100.746|7424.146 -14109.286
10 INVERNESS RI SE,7191.447 -14683.764|7138.243 -14678.715|7137.124 -14686.621|7179.445 -14697.963|7188.546 -14688.812|7189.518 -14687.711|7190.329 -14686.488|7190.979 -14685.165
27 INVERNESS BV SE,7002.551 -14810.971|6994.826 -14803.187|6970.045 -14828.095|6977.769 -14835.867
102 INVERNESS PA SE,6980.908 -15039.087|6974.477 -15032.616|6949.696 -15057.512|6956.134 -15063.995
89 INVERNESS DR SE,6830.417 -15244.664|6812.990 -15212.373|6808.656 -15216.732|6805.580 -15216.743|6817.051 -15257.607|6818.729 -15256.284|6820.302 -15254.828
285 INVERNESS PA SE,7527.361 -15047.771|7515.057 -15035.384|7501.405 -15071.489|7509.689 -15079.818|7510.737 -15078.761
1141 PRESTWICK CI SE,7217.529 -14341.272|7207.211 -14341.272|7207.197 -14375.253|7217.508 -14375.253
362 INVERNESS PA SE,7436.170 -15329.628|7411.410 -15304.710|7404.776 -15311.370|7403.091 -15313.238|7401.588 -15315.262|7400.756 -15316.396|7425.027 -15340.826
31 PRESTWICK GV SE,7661.361 -14318.844|7659.313 -14310.549|7626.052 -14318.866|7628.107 -14327.162
88 PRESTWICK PA SE,7764.065 -14303.121|7764.072 -14293.214|7760.095 -14294.059|7721.172 -14302.343|7723.164 -14310.405
314 PRESTWICK LD SE,6803.182 -14261.534|6801.428 -14261.701|6799.673 -14261.634|6797.939 -14261.345|6796.262 -14260.823|6794.717 -14263.280|6794.710 -14290.134|6805.028 -14290.134|6805.042 -14265.048|6805.042 -14261.112
14 INVERNESS RI SE,7179.445 -14697.963|7137.124 -14686.621|7136.460 -14691.358|7134.349 -14693.471|7165.387 -14712.085
31 INVERNESS BV SE,6994.826 -14803.187|6987.095 -14795.415|6962.313 -14820.311|6970.045 -14828.095
106 INVERNESS PA SE,6987.353 -15045.570|6980.908 -15039.087|6956.134 -15063.995|6962.572 -15070.477
107 INVERNESS DR SE,6817.051 -15257.607|6805.580 -15216.743|6796.311 -15216.777|6796.569 -15219.779|6800.260 -15262.455|6802.483 -15262.500|6804.706 -15262.355|6806.908 -15262.011|6809.075 -15261.488|6811.186 -15260.776|6813.228 -15259.887|6815.185 -15258.831
289 INVERNESS PA SE,7537.224 -15057.701|7527.361 -15047.771|7510.737 -15078.761|7509.689 -15079.818|7519.867 -15090.070
1145 PRESTWICK CI SE,7227.840 -14341.283|7217.529 -14341.272|7217.508 -14375.253|7227.826 -14375.265
366 INVERNESS PA SE,7425.027 -15340.826|7400.756 -15316.396|7399.694 -15317.642|7398.519 -15318.787|7397.254 -15319.821|7395.898 -15320.744|7394.472 -15321.533|7392.983 -15322.201|7391.438 -15322.745|7389.851 -15323.135|7398.519 -15366.067|7399.903 -15366.067
35 PRESTWICK GV SE,7659.313 -14310.549|7657.258 -14302.243|7623.997 -14310.560|7626.052 -14318.866
90 PRESTWICK PA SE,7764.072 -14293.214|7764.072 -14287.276|7759.605 -14282.784|7743.038 -14282.773|7719.102 -14293.981|7721.172 -14302.343|7760.095 -14294.059
318 PRESTWICK LD SE,6796.262 -14260.823|6794.528 -14260.000|6792.920 -14258.944|6791.480 -14257.665|6790.243 -14256.197|6784.406 -14260.500|6784.392 -14290.123|6794.710 -14290.134|6794.717 -14263.280
18 INVERNESS RI SE,7165.387 -14712.085|7134.349 -14693.471|7127.212 -14700.643|7155.062 -14722.460
35 INVERNESS BV SE,6987.095 -14795.415|6979.370 -14787.642|6954.589 -14812.539|6962.313 -14820.311
110 INVERNESS PA SE,6993.792 -15052.052|6987.353 -15045.570|6962.572 -15070.477|6969.010 -15076.949
111 INVERNESS DR SE,6800.260 -15262.455|6796.569 -15219.779|6796.311 -15216.777|6786.083 -15216.810|6786.223 -15255.550|6787.251 -15256.729|6788.376 -15257.830|6789.593 -15258.819|6790.886 -15259.698|6792.256 -15260.454|6793.689 -15261.099|6795.164 -15261.610|6796.688 -15261.988
293 INVERNESS PA SE,7519.867 -15090.070|7531.045 -15101.323|7546.284 -15072.913|7545.242 -15065.774|7537.224 -15057.701
1149 PRESTWICK CI SE,7238.144 -14375.265|7238.158 -14341.283|7227.840 -14341.283|7227.826 -14375.265
370 INVERNESS PA SE,7389.851 -15323.135|7386.831 -15323.502|7383.790 -15323.357|7380.812 -15322.734|7377.974 -15321.611|7362.322 -15353.891|7366.754 -15358.150|7374.612 -15366.056|7398.519 -15366.067
39 PRESTWICK GV SE,7657.258 -14302.243|7655.203 -14293.937|7624.836 -14301.531|7621.942 -14302.265|7623.997 -14310.560
4 PRESTWICK CV SE,6938.238 -14296.994|6943.153 -14291.112|6942.600 -14284.774|6915.330 -14261.757|6909.731 -14272.921|6935.197 -14294.426
22 INVERNESS RI SE,7155.062 -14722.460|7127.212 -14700.643|7119.823 -14708.071|7121.927 -14710.184|7144.583 -14732.990
39 INVERNESS BV SE,6979.370 -14787.642|6971.646 -14779.858|6946.857 -14804.766|6954.589 -14812.539
114 INVERNESS PA SE,7000.230 -15058.524|6993.792 -15052.052|6969.010 -15076.949|6975.449 -15083.432
115 INVERNESS DR SE,6786.223 -15255.550|6786.083 -15216.810|6775.150 -15216.854|6775.255 -15249.212|6776.807 -15249.401|6778.324 -15249.757|6779.792 -15250.280|6781.197 -15250.958|6782.518 -15251.792|6783.742 -15252.748|6784.860 -15253.849|6785.853 -15255.050
230 INVERNESS PA SE,7340.002 -15095.685|7315.081 -15070.600|7303.596 -15082.131|7325.357 -15104.036|7331.683 -15104.036
1153 PRESTWICK CI SE,7248.476 -14341.294|7238.158 -14341.283|7238.144 -14375.265|7248.462 -14375.265|7248.462 -14372.273
374 INVERNESS PA SE,7377.974 -15321.611|7376.422 -15320.766|7374.961 -15319.765|7373.598 -15318.631|7372.347 -15317.375|7370.201 -15315.251|7367.824 -15313.394|7366.461 -15312.460|7346.888 -15341.682|7350.914 -15344.517|7354.829 -15347.497|7358.639 -15350.622|7362.322 -15353.891
43 PRESTWICK GV SE,7655.203 -14293.937|7652.735 -14283.973|7620.005 -14294.426|7621.942 -14302.265|7624.836 -14301.531
8 PRESTWICK CV SE,6938.238 -14296.994|6935.197 -14294.426|6909.731 -14272.921|6904.635 -14283.062|6907.298 -14284.418|6931.604 -14304.934
26 INVERNESS RI SE,7144.583 -14732.990|7121.927 -14710.184|7119.823 -14708.071|7111.665 -14716.266|7136.425 -14741.185
43 INVERNESS BV SE,6971.646 -14779.858|6963.914 -14772.086|6939.133 -14796.982|6946.857 -14804.766
118 INVERNESS PA SE,6975.449 -15083.432|6983.152 -15091.182|7007.933 -15066.285|7000.230 -15058.524
119 INVERNESS DR SE,6775.255 -15249.212|6775.150 -15216.854|6762.435 -15216.899|6762.540 -15249.212|6774.214 -15249.179
234 INVERNESS PA SE,7349.872 -15085.767|7324.951 -15060.681|7315.081 -15070.600|7340.002 -15095.685
1157 PRESTWICK CI SE,7258.794 -14341.294|7248.476 -14341.294|7248.462 -14372.273|7248.462 -14375.265|7258.780 -14375.276
378 INVERNESS PA SE,7366.461 -15312.460|7358.799 -15307.567|7350.886 -15303.097|7334.549 -15334.254|7340.820 -15337.801|7346.888 -15341.682
47 PRESTWICK GV SE,7652.735 -14283.973|7649.624 -14271.386|7620.677 -14284.941|7618.691 -14289.122|7620.005 -14294.426
12 PRESTWICK CV SE,6931.604 -14304.934|6907.298 -14284.418|6904.635 -14283.062|6901.301 -14289.711|6921.475 -14317.065
30 INVERNESS RI SE,7136.425 -14741.185|7111.665 -14716.266|7103.507 -14724.450|7128.274 -14749.380
47 INVERNESS BV SE,6963.914 -14772.086|6956.190 -14764.313|6931.409 -14789.210|6939.133 -14796.982
122 INVERNESS PA SE,7028.164 -15086.645|7019.167 -15077.594|6994.386 -15102.490|7003.382 -15111.542
52 INVERNESS DR SE,6943.097 -15203.845|6918.336 -15178.926|6910.598 -15186.698|6935.358 -15211.617
238 INVERNESS PA SE,7359.743 -15075.848|7334.822 -15050.763|7324.951 -15060.681|7349.872 -15085.767
1161 PRESTWICK CI SE,7269.678 -14375.087|7269.035 -14341.206|7259.003 -14341.294|7258.794 -14341.294|7258.780 -14375.276|7258.989 -14375.276
382 INVERNESS PA SE,7350.886 -15303.097|7342.742 -15299.050|7334.403 -15295.458|7321.484 -15328.205|7328.097 -15331.052|7334.549 -15334.254
40 PRESTWICK CI SE,7577.552 -14239.095|7571.471 -14204.469|7563.257 -14208.316|7563.243 -14232.590|7565.074 -14239.985|7570.226 -14242.498|7576.881 -14239.418
24 PRESTWICK CV SE,6921.475 -14317.065|6901.301 -14289.711|6898.057 -14296.172|6896.121 -14296.172|6908.256 -14329.764|6909.857 -14329.196|6911.353 -14328.385|6912.709 -14327.362|6913.890 -14326.139
175 INVERNESS WY SE,7400.491 -14739.784|7395.632 -14736.103|7390.935 -14732.211|7366.062 -14761.255|7366.251 -14761.489|7379.939 -14768.394
64 INVERNESS GV SE,6894.331 -15082.742|6887.865 -15076.237|6863.091 -15101.134|6869.550 -15107.639
17 INVERNESS PA SE,6791.333 -14923.544|6787.684 -14921.721|6783.902 -14920.198|6780.016 -14918.997|6776.031 -14918.129|6774.270 -14926.858|6772.899 -14935.665|6771.942 -14944.527|6771.383 -14953.423|6770.886 -14966.188|6772.704 -14968.779|6778.303 -14970.535
16 PRESTWICK PA SE,7528.556 -14324.193|7526.501 -14315.909|7493.709 -14324.115|7495.757 -14332.399|7525.662 -14324.927
70 PRESTWICK LD SE,7288.363 -14471.226|7278.052 -14471.226|7278.045 -14474.217|7278.031 -14505.207|7288.349 -14505.207|7288.349 -14501.204
147 PRESTWICK CR SE,7686.555 -14119.127|7686.555 -14111.455|7656.733 -14114.679|7652.756 -14115.102|7652.756 -14125.009
14 PRESTWICK WY SE,7508.382 -14242.676|7507.578 -14239.429|7507.578 -14236.671|7477.756 -14236.660|7473.786 -14236.660|7473.779 -14246.267|7474.142 -14247.735|7474.960 -14251.038
34 INVERNESS RI SE,7128.274 -14749.380|7103.507 -14724.450|7095.349 -14732.645|7120.116 -14757.564
51 INVERNESS BV SE,6956.190 -14764.313|6948.458 -14756.530|6923.677 -14781.437|6931.409 -14789.210
126 INVERNESS PA SE,7036.308 -15094.840|7028.164 -15086.645|7003.382 -15111.542|7011.526 -15119.748
56 INVERNESS DR SE,6935.358 -15211.617|6910.598 -15186.698|6902.866 -15194.460|6926.578 -15218.322|6927.627 -15219.379
242 INVERNESS PA SE,7369.614 -15065.930|7344.693 -15040.844|7334.822 -15050.763|7359.743 -15075.848
1165 PRESTWICK CI SE,7280.590 -14374.886|7279.276 -14340.905|7269.035 -14341.206|7269.678 -14375.087
386 INVERNESS PA SE,7334.403 -15295.458|7325.874 -15292.322|7317.192 -15289.654|7307.853 -15323.602|7314.731 -15325.725|7321.484 -15328.205
44 PRESTWICK CI SE,7586.095 -14235.103|7580.013 -14200.466|7571.471 -14204.469|7577.552 -14239.095
36 PRESTWICK CV SE,6896.121 -14296.172|6889.025 -14296.172|6889.011 -14326.150|6889.011 -14330.153|6905.327 -14330.153|6906.802 -14330.053|6908.256 -14329.764
38 INVERNESS RI SE,7120.116 -14757.564|7095.349 -14732.645|7087.618 -14740.418|7112.385 -14765.336
55 INVERNESS BV SE,6948.458 -14756.530|6940.741 -14748.768|6915.953 -14773.654|6923.677 -14781.437
130 INVERNESS PA SE,7044.032 -15102.624|7036.308 -15094.840|7011.526 -15119.748|7019.258 -15127.520
60 INVERNESS DR SE,6927.627 -15219.379|6926.578 -15218.322|6902.866 -15194.460|6895.135 -15202.232|6919.895 -15227.151
246 INVERNESS PA SE,7369.614 -15065.930|7380.120 -15055.377|7357.303 -15032.415|7353.088 -15032.404|7344.693 -15040.844
1169 PRESTWICK CI SE,7291.488 -14374.330|7289.503 -14340.405|7279.276 -14340.905|7280.590 -14374.886|7284.442 -14374.820
390 INVERNESS PA SE,7317.192 -15289.654|7308.384 -15287.452|7299.464 -15285.740|7293.802 -15320.499|7299.716 -15321.611|7305.567 -15322.990|7307.853 -15323.602
48 PRESTWICK CI SE,7594.071 -14231.367|7587.982 -14196.730|7580.013 -14200.466|7586.095 -14235.103
40 PRESTWICK CV SE,6889.025 -14296.172|6878.707 -14296.160|6878.693 -14330.142|6889.011 -14330.153|6889.011 -14326.150
42 INVERNESS RI SE,7112.385 -14765.336|7087.618 -14740.418|7079.460 -14748.601|7104.227 -14773.531
59 INVERNESS BV SE,6940.741 -14748.768|6933.009 -14740.985|6908.221 -14765.881|6915.953 -14773.654
134 INVERNESS PA SE,7051.764 -15110.396|7044.032 -15102.624|7019.258 -15127.520|7026.982 -15135.293
64 INVERNESS DR SE,6919.895 -15227.151|6895.135 -15202.232|6887.403 -15210.005|6912.164 -15234.924
306 INVERNESS PA SE,7565.731 -15144.556|7572.925 -15131.145|7542.090 -15114.422|7534.903 -15127.832
1173 PRESTWICK CI SE,7302.372 -14373.574|7299.723 -14339.693|7289.503 -14340.405|7291.488 -14374.330
394 INVERNESS PA SE,7299.464 -15285.740|7290.474 -15284.505|7281.422 -15283.760|7279.506 -15318.931|7286.679 -15319.521|7293.802 -15320.499
52 PRESTWICK CI SE,7602.613 -14227.364|7597.063 -14195.785|7595.804 -14193.072|7587.982 -14196.730|7594.071 -14231.367
44 PRESTWICK CV SE,6878.707 -14296.160|6868.389 -14296.160|6868.375 -14326.139|6868.375 -14330.142|6878.693 -14330.142
155 INVERNESS WY SE,7360.134 -14694.605|7357.233 -14689.223|7354.563 -14683.719|7316.842 -14701.266|7327.307 -14714.020|7329.572 -14712.141
143 INVERNESS LN SE,6983.781 -14983.656|6977.336 -14977.174|6952.555 -15002.070|6959.000 -15008.553
46 INVERNESS RI SE,7104.227 -14773.531|7079.460 -14748.601|7071.302 -14756.797|7073.413 -14758.920|7096.069 -14781.726
63 INVERNESS BV SE,6933.009 -14740.985|6925.278 -14733.212|6900.497 -14758.109|6908.221 -14765.881
138 INVERNESS PA SE,7059.907 -15118.591|7051.764 -15110.396|7026.982 -15135.293|7035.126 -15143.499
68 INVERNESS DR SE,6912.164 -15234.924|6887.403 -15210.005|6879.672 -15217.777|6904.432 -15242.696
310 INVERNESS PA SE,7565.731 -15144.556|7534.903 -15127.832|7527.424 -15141.776|7558.259 -15158.488
1177 PRESTWICK CI SE,7313.242 -14372.640|7312.949 -14369.660|7309.922 -14338.793|7299.723 -14339.693|7302.372 -14373.574|7309.838 -14373.052
398 INVERNESS PA SE,7281.422 -15283.760|7276.850 -15283.571|7272.278 -15283.505|7264.735 -15283.505|7264.714 -15318.731|7272.264 -15318.731|7279.506 -15318.931
56 PRESTWICK CI SE,7611.156 -14223.361|7605.074 -14188.735|7595.804 -14193.072|7597.063 -14195.785|7602.613 -14227.364
48 PRESTWICK CV SE,6868.389 -14296.160|6858.071 -14296.160|6858.071 -14299.140|6858.057 -14330.131|6868.375 -14330.142|6868.375 -14326.139
50 INVERNESS RI SE,7096.069 -14781.726|7073.413 -14758.920|7071.302 -14756.797|7063.151 -14764.992|7087.911 -14789.910
67 INVERNESS BV SE,6925.278 -14733.212|6909.409 -14717.233|6905.180 -14718.423|6902.852 -14726.830|6900.182 -14735.147|6897.183 -14743.353|6893.856 -14751.426|6900.497 -14758.109
142 INVERNESS PA SE,7067.213 -15125.953|7059.907 -15118.591|7035.126 -15143.499|7043.836 -15152.261|7065.891 -15127.443
72 INVERNESS DR SE,6904.432 -15242.696|6879.672 -15217.777|6871.941 -15225.550|6894.590 -15248.345|6896.701 -15250.458
314 INVERNESS PA SE,7558.259 -15158.488|7527.424 -15141.776|7520.237 -15155.175|7551.072 -15171.898
1181 PRESTWICK CI SE,7324.078 -14371.328|7320.107 -14337.681|7309.922 -14338.793|7312.949 -14369.660|7313.242 -14372.640
402 INVERNESS PA SE,7264.714 -15318.731|7264.735 -15283.505|7249.531 -15283.494|7249.510 -15318.720
60 PRESTWICK CI SE,7619.132 -14219.636|7613.043 -14184.999|7605.074 -14188.735|7611.156 -14223.361
52 PRESTWICK CV SE,6858.071 -14296.160|6847.753 -14296.149|6847.739 -14326.127|6847.739 -14330.131|6858.057 -14330.131|6858.071 -14299.140
44 INVERNESS GV SE,6862.014 -15050.218|6855.555 -15043.713|6830.774 -15068.620|6837.240 -15075.125
54 INVERNESS RI SE,7087.911 -14789.910|7063.151 -14764.992|7056.888 -14771.274|7056.888 -14775.522|7079.544 -14798.317
3 INVERNESS GD SE,6843.391 -14842.027|6836.792 -14835.378|6830.536 -14835.445|6825.349 -14841.260|6820.414 -14847.287|6815.737 -14853.525|6811.333 -14859.952|6818.435 -14867.102
146 INVERNESS PA SE,7074.958 -15133.736|7067.213 -15125.953|7065.891 -15127.443|7043.836 -15152.261|7052.980 -15161.468
76 INVERNESS DR SE,6896.701 -15250.458|6894.590 -15248.345|6871.941 -15225.550|6864.202 -15233.311|6888.962 -15258.230
318 INVERNESS PA SE,7551.072 -15171.898|7520.237 -15155.175|7512.758 -15169.118|7543.593 -15185.842
1185 PRESTWICK CI SE,7324.078 -14371.328|7334.920 -14370.016|7337.206 -14366.736|7330.208 -14336.369|7320.107 -14337.681
406 INVERNESS PA SE,7249.510 -15318.720|7249.531 -15283.494|7234.327 -15283.494|7234.306 -15318.720
64 PRESTWICK CI SE,7627.674 -14215.633|7621.585 -14180.996|7613.043 -14184.999|7619.132 -14219.636
56 PRESTWICK CV SE,6847.753 -14296.149|6837.436 -14296.149|6837.422 -14330.131|6847.739 -14330.131|6847.739 -14326.127
190 INVERNESS PA SE,7209.343 -15139.819|7196.571 -15139.819|7196.557 -15175.045|7209.329 -15175.045
411 INVERNESS PA SE,7233.138 -15267.504|7233.152 -15232.277|7220.982 -15232.266|7220.968 -15267.493
12 INVERNESS BV SE,7041.201 -14818.054|7047.381 -14824.270|7053.707 -14824.270|7075.321 -14802.553|7065.982 -14793.146
7 INVERNESS GD SE,6849.858 -14848.532|6843.391 -14842.027|6818.435 -14867.102|6824.902 -14873.607|6827.013 -14871.483
150 INVERNESS PA SE,7080.949 -15139.763|7074.958 -15133.736|7052.980 -15161.468|7063.151 -15171.698|7064.906 -15173.144
50 PRESTWICK LD SE,7236.781 -14471.204|7226.463 -14471.204|7226.456 -14501.182|7226.449 -14505.174|7236.767 -14505.185|7236.781 -14474.206
80 INVERNESS DR SE,6888.962 -15258.230|6864.202 -15233.311|6856.471 -15241.084|6881.231 -15266.003
322 INVERNESS PA SE,7543.593 -15185.842|7512.758 -15169.118|7505.571 -15182.529|7536.406 -15199.241
410 INVERNESS PA SE,7234.306 -15318.720|7234.327 -15283.494|7219.123 -15283.482|7219.102 -15318.709
68 PRESTWICK CI SE,7627.674 -14215.633|7632.749 -14213.254|7636.811 -14206.860|7636.825 -14173.868|7621.585 -14180.996
60 PRESTWICK CV SE,6837.436 -14296.149|6827.118 -14296.138|6827.111 -14326.116|6827.104 -14330.119|6837.422 -14330.131
158 PRESTWICK CR SE,7636.839 -14150.039|7636.839 -14141.355|7632.868 -14141.344|7603.047 -14141.333|7603.040 -14153.219
142 PRESTWICK CI SE,7726.324 -14099.623|7726.324 -14091.006|7722.353 -14091.528|7692.532 -14095.487|7692.525 -14104.105
16 INVERNESS BV SE,7065.982 -14793.146|7058.258 -14785.374|7033.469 -14810.270|7041.201 -14818.054
11 INVERNESS GD SE,6856.750 -14855.460|6849.858 -14848.532|6827.013 -14871.483|6824.902 -14873.607|6831.794 -14880.545
154 INVERNESS PA SE,7082.606 -15175.001|7088.806 -15139.774|7080.949 -15139.763|7064.906 -15173.144|7066.325 -15173.933|7067.842 -15174.511|7069.428 -15174.867|7071.050 -15174.990
84 INVERNESS DR SE,6881.231 -15266.003|6856.471 -15241.084|6848.739 -15248.856|6873.499 -15273.775
326 INVERNESS PA SE,7536.406 -15199.241|7505.571 -15182.529|7498.099 -15196.472|7528.934 -15213.185
414 INVERNESS PA SE,7219.102 -15318.709|7219.123 -15283.482|7203.911 -15283.482|7203.897 -15318.709
39 PRESTWICK CI SE,7589.324 -14293.003|7581.013 -14259.399|7575.085 -14262.113|7572.086 -14268.317|7579.349 -14297.684
64 PRESTWICK CV SE,6827.118 -14296.138|6816.800 -14296.138|6816.786 -14329.007|6818.764 -14329.497|6820.763 -14329.841|6822.783 -14330.053|6824.811 -14330.119|6827.104 -14330.119|6827.111 -14326.116
20 INVERNESS BV SE,7058.258 -14785.374|7050.526 -14777.601|7025.745 -14802.498|7033.469 -14810.270
15 INVERNESS GD SE,6863.209 -14861.965|6856.750 -14855.460|6831.794 -14880.545|6838.253 -14887.039
158 INVERNESS PA SE,7099.320 -15139.774|7088.806 -15139.774|7082.606 -15175.001|7096.600 -15175.001
88 INVERNESS DR SE,6873.499 -15273.775|6848.739 -15248.856|6841.008 -15256.629|6865.768 -15281.548
330 INVERNESS PA SE,7528.934 -15213.185|7498.099 -15196.472|7490.905 -15209.871|7512.059 -15221.336|7521.747 -15226.595
101 PRESTWICK PA SE,7765.820 -14266.794|7774.020 -14266.794|7774.041 -14235.815|7771.063 -14232.813|7765.841 -14232.813
418 INVERNESS PA SE,7203.897 -15318.709|7203.911 -15283.482|7188.707 -15283.471|7188.693 -15318.698
43 PRESTWICK CI SE,7597.699 -14289.088|7596.441 -14286.364|7588.863 -14255.741|7585.235 -14257.442|7581.013 -14259.399|7589.324 -14293.003
68 PRESTWICK CV SE,6816.800 -14296.138|6806.482 -14296.138|6806.475 -14320.935|6806.642 -14324.927|6808.523 -14325.494|6810.299 -14326.328|6811.864 -14327.139|6813.465 -14327.862|6815.108 -14328.485|6816.786 -14329.007
24 INVERNESS BV SE,7050.526 -14777.601|7042.802 -14769.817|7018.021 -14794.725|7025.745 -14802.498
13 INVERNESS LN SE,7355.199 -15021.807|7330.439 -14996.900|7324.113 -15003.249|7319.268 -15008.130|7344.014 -15033.038
19 INVERNESS GD SE,6870.088 -14868.881|6863.209 -14861.965|6838.253 -14887.039|6845.132 -14893.967
162 INVERNESS PA SE,7109.358 -15139.774|7099.320 -15139.774|7096.600 -15175.001|7109.344 -15175.012
92 INVERNESS DR SE,6865.768 -15281.548|6841.008 -15256.629|6833.276 -15264.390|6858.036 -15289.309
4 INVERNESS CV SE,7499.413 -15128.221|7507.431 -15136.294|7512.716 -15135.515|7528.095 -15106.838|7516.910 -15095.574
105 PRESTWICK PA SE,7765.820 -14266.794|7765.841 -14232.813|7757.942 -14232.813|7757.921 -14266.783
422 INVERNESS PA SE,7188.693 -15318.698|7188.707 -15283.471|7173.503 -15283.460|7173.489 -15318.698
47 PRESTWICK CI SE,7605.584 -14285.397|7597.272 -14251.805|7588.863 -14255.741|7596.441 -14286.364|7597.699 -14289.088
72 PRESTWICK CV SE,6806.475 -14320.935|6806.482 -14296.138|6798.142 -14296.127|6796.164 -14296.127|6796.164 -14298.129|6796.164 -14299.118|6796.157 -14322.958|6798.715 -14325.605|6800.148 -14325.116|6801.623 -14324.793|6803.119 -14324.626|6804.629 -14324.637|6806.642 -14324.927
179 INVERNESS WY SE,7379.939 -14768.394|7400.798 -14778.935|7402.790 -14772.798|7410.067 -14751.292|7407.698 -14744.687|7404.056 -14742.297|7400.491 -14739.784
68 INVERNESS GV SE,6900.790 -15089.247|6894.331 -15082.742|6869.550 -15107.639|6876.009 -15114.144
21 INVERNESS PA SE,6802.455 -14931.951|6799.904 -14929.560|6797.191 -14927.347|6794.325 -14925.346|6791.333 -14923.544|6778.303 -14970.535|6785.391 -14972.748|6786.195 -14973.237
20 PRESTWICK PA SE,7530.478 -14337.002|7530.262 -14331.098|7528.556 -14324.193|7525.662 -14324.927|7495.757 -14332.399|7497.665 -14340.116
74 PRESTWICK LD SE,7298.681 -14471.237|7288.363 -14471.226|7288.349 -14501.204|7288.349 -14505.207|7298.667 -14505.207
151 PRESTWICK CR SE,7686.548 -14126.788|7686.555 -14119.127|7652.756 -14125.009|7652.749 -14136.540|7656.719 -14135.395
18 PRESTWICK WY SE,7507.578 -14236.671|7507.585 -14229.032|7473.786 -14229.010|7473.786 -14236.660|7477.756 -14236.660
28 INVERNESS BV SE,7042.802 -14769.817|7035.497 -14762.468|7033.386 -14764.591|7010.715 -14787.364|7018.021 -14794.725
17 INVERNESS LN SE,7344.014 -15033.038|7319.268 -15008.130|7308.510 -15018.939|7333.263 -15043.846
23 INVERNESS GD SE,6876.037 -14874.863|6870.088 -14868.881|6845.132 -14893.967|6854.185 -14903.073|6856.044 -14900.683
166 INVERNESS PA SE,7120.885 -15139.785|7109.358 -15139.774|7109.344 -15175.012|7120.871 -15175.012
96 INVERNESS DR SE,6858.036 -15289.309|6833.276 -15264.390|6832.822 -15264.846|6831.130 -15266.725|6829.620 -15268.760|6826.754 -15273.041|6848.250 -15297.026|6849.249 -15298.149
8 INVERNESS CV SE,7516.910 -15095.574|7507.487 -15086.089|7489.983 -15118.736|7499.413 -15128.221
109 PRESTWICK PA SE,7757.921 -14266.783|7757.942 -14232.813|7750.035 -14232.802|7750.021 -14266.783
426 INVERNESS PA SE,7173.503 -15283.460|7160.983 -15283.460|7160.598 -15283.849|7156.509 -15287.952|7156.502 -15317.475|7156.495 -15318.687|7158.879 -15318.676|7173.489 -15318.698
51 PRESTWICK CI SE,7613.427 -14281.716|7605.116 -14248.124|7597.272 -14251.805|7605.584 -14285.397
76 PRESTWICK CV SE,6796.164 -14296.127|6785.846 -14296.127|6785.839 -14329.397|6792.571 -14330.675|6793.801 -14329.074|6795.262 -14327.673|6796.912 -14326.506|6798.715 -14325.605|6796.157 -14322.958|6796.164 -14299.118
32 INVERNESS BV SE,7035.497 -14762.468|7027.765 -14754.695|7002.984 -14779.592|7010.715 -14787.364|7033.386 -14764.591
21 INVERNESS LN SE,7333.263 -15043.846|7308.510 -15018.939|7297.751 -15029.736|7320.415 -15052.531|7322.505 -15054.654
27 INVERNESS GD SE,6881.741 -14879.222|6880.665 -14878.744|6879.651 -14878.155|6878.700 -14877.465|6877.827 -14876.676|6876.037 -14874.863|6856.044 -14900.683|6854.185 -14903.073|6867.544 -14916.517
170 INVERNESS PA SE,7120.871 -15175.012|7134.685 -15175.023|7134.699 -15139.785|7120.885 -15139.785
100 INVERNESS DR SE,6849.249 -15298.149|6848.250 -15297.026|6826.754 -15273.041|6824.105 -15277.000|6823.245 -15278.190|6822.294 -15279.302|6821.260 -15280.336|6820.148 -15281.281|6838.987 -15308.457
12 INVERNESS CV SE,7507.487 -15086.089|7494.785 -15073.302|7480.979 -15109.674|7489.983 -15118.736
113 PRESTWICK PA SE,7750.021 -14266.783|7750.035 -14232.802|7740.563 -14232.802|7736.663 -14233.669|7742.863 -14266.783
55 PRESTWICK CI SE,7621.837 -14277.780|7613.525 -14244.188|7605.116 -14248.124|7613.427 -14281.716
80 PRESTWICK CV SE,6790.348 -14338.348|6790.425 -14336.591|6790.732 -14334.856|6791.473 -14332.688|6792.571 -14330.675|6785.839 -14329.397|6785.846 -14296.127|6777.185 -14296.116|6774.291 -14299.118|6775.395 -14334.845|6775.507 -14338.348|6789.949 -14338.348
36 INVERNESS BV SE,7027.765 -14754.695|7020.041 -14746.922|6995.260 -14771.819|7002.984 -14779.592
25 INVERNESS LN SE,7322.505 -15054.654|7320.415 -15052.531|7297.751 -15029.736|7287.000 -15040.544|7311.746 -15065.463
31 INVERNESS GD SE,6887.466 -14879.834|6886.019 -14879.967|6884.565 -14879.900|6883.125 -14879.656|6881.741 -14879.222|6867.544 -14916.517|6883.608 -14932.674|6887.823 -14932.674|6896.190 -14924.267|6894.093 -14922.155
16 INVERNESS CV SE,7480.979 -15109.674|7494.785 -15073.302|7469.822 -15073.291|7469.808 -15108.384
117 PRESTWICK PA SE,7742.863 -14266.783|7736.663 -14233.669|7724.324 -14236.415|7721.976 -14237.516|7736.236 -14268.317|7739.522 -14266.783
6 INVERNESS VW SE,7441.993 -15221.425|7453.185 -15232.689|7459.092 -15232.322|7462.035 -15228.241|7464.824 -15224.038|7467.445 -15219.746|7469.913 -15215.353|7475.366 -15205.179|7466.781 -15196.528
59 PRESTWICK CI SE,7629.687 -14274.111|7621.376 -14240.519|7613.525 -14244.188|7621.837 -14277.780
3 PRESTWICK CR SE,7519.748 -14263.780|7533.554 -14258.321|7547.263 -14252.628|7550.073 -14246.957|7550.296 -14246.512|7549.527 -14243.287|7549.024 -14241.352|7548.842 -14241.408|7545.179 -14242.375|7516.337 -14250.003
40 INVERNESS BV SE,7020.041 -14746.922|7012.316 -14739.139|6987.528 -14764.035|6995.260 -14771.819
29 INVERNESS LN SE,7311.746 -15065.463|7287.000 -15040.544|7277.787 -15049.795|7277.787 -15056.156|7299.373 -15077.894
35 INVERNESS GD SE,6911.646 -14908.733|6893.373 -14876.932|6892.080 -14877.988|6890.640 -14878.833|6889.088 -14879.445|6887.466 -14879.834|6894.093 -14922.155|6896.190 -14924.267
25 INVERNESS PA SE,6812.396 -14941.958|6802.455 -14931.951|6786.195 -14973.237|6793.242 -14977.518|6794.661 -14974.883
104 INVERNESS DR SE,6838.987 -15308.457|6820.148 -15281.281|6818.233 -15282.604|6816.164 -15283.683|6813.982 -15284.494|6811.711 -15285.028|6820.316 -15318.442|6829.054 -15318.442
20 INVERNESS CV SE,7469.808 -15108.384|7469.822 -15073.291|7442.797 -15073.280|7459.350 -15107.172
121 PRESTWICK PA SE,7736.236 -14268.317|7721.976 -14237.516|7714.810 -14240.863|7729.078 -14271.675
10 INVERNESS VW SE,7466.781 -15196.528|7457.750 -15187.443|7432.968 -15212.340|7441.993 -15221.425
63 PRESTWICK CI SE,7638.097 -14270.174|7629.785 -14236.582|7621.376 -14240.519|7629.687 -14274.111
7 PRESTWICK CR SE,7516.337 -14250.003|7545.179 -14242.375|7548.842 -14241.408|7549.024 -14241.352|7548.521 -14239.429|7547.339 -14234.536|7547.339 -14233.580|7547.151 -14233.602|7513.540 -14237.450|7513.540 -14238.695
44 INVERNESS BV SE,7012.316 -14739.139|7005.011 -14731.789|6980.223 -14756.685|6987.528 -14764.035
41 INVERNESS LN SE,7271.649 -15105.760|7283.561 -15093.784|7261.967 -15072.056|7255.655 -15072.045|7246.889 -15080.841|7246.777 -15080.952
39 INVERNESS GD SE,6923.600 -14896.724|6898.658 -14871.628|6893.639 -14876.676|6893.373 -14876.932|6911.646 -14908.733
29 INVERNESS PA SE,6821.260 -14950.887|6812.396 -14941.958|6794.661 -14974.883|6793.242 -14977.518|6800.435 -14981.900
108 INVERNESS DR SE,6811.711 -15285.028|6809.229 -15285.273|6806.740 -15285.184|6804.287 -15284.761|6801.910 -15284.016|6802.008 -15315.429|6802.022 -15318.431|6820.316 -15318.442
24 INVERNESS CV SE,7459.350 -15107.172|7442.797 -15073.280|7420.903 -15095.274|7453.304 -15115.245
125 PRESTWICK PA SE,7729.078 -14271.675|7714.810 -14240.863|7707.645 -14244.221|7721.913 -14275.022
14 INVERNESS VW SE,7457.750 -15187.443|7448.305 -15177.936|7423.524 -15202.833|7432.968 -15212.340
67 PRESTWICK CI SE,7638.097 -14270.174|7648.156 -14265.460|7640.921 -14236.238|7635.790 -14233.769|7629.785 -14236.582
11 PRESTWICK CR SE,7547.339 -14233.580|7547.339 -14225.485|7513.547 -14225.474|7513.540 -14237.450|7547.151 -14233.602
48 INVERNESS BV SE,7005.011 -14731.789|6997.280 -14724.016|6972.499 -14748.913|6980.223 -14756.685
45 INVERNESS LN SE,7271.649 -15105.760|7246.777 -15080.952|7244.512 -15083.554|7238.165 -15091.871|7257.465 -15115.778|7259.569 -15117.891
43 INVERNESS GD SE,6930.486 -14889.808|6905.551 -14864.711|6898.658 -14871.628|6923.600 -14896.724
33 INVERNESS PA SE,6829.935 -14959.616|6821.260 -14950.887|6800.435 -14981.900|6805.783 -14985.146|6807.258 -14986.636
112 INVERNESS DR SE,6801.910 -15284.016|6800.190 -15283.238|6798.561 -15282.293|6796.765 -15281.236|6794.891 -15280.325|6792.955 -15279.557|6790.956 -15278.957|6791.089 -15318.431|6802.022 -15318.431|6802.008 -15315.429
28 INVERNESS CV SE,7453.304 -15115.245|7420.903 -15095.274|7399.847 -15116.434|7399.840 -15120.671|7407.963 -15128.844|7409.019 -15127.787|7451.451 -15122.361|7449.466 -15120.371
15 PRESTWICK CR SE,7547.339 -14225.485|7547.346 -14216.945|7543.369 -14216.945|7516.532 -14216.923|7513.554 -14216.923|7513.547 -14225.474
52 INVERNESS BV SE,6997.280 -14724.016|6989.555 -14716.233|6987.465 -14718.356|6964.774 -14741.140|6972.499 -14748.913
49 INVERNESS LN SE,7259.569 -15117.891|7257.465 -15115.778|7238.165 -15091.871|7237.102 -15093.272|7235.340 -15095.263|7233.320 -15096.986|7231.076 -15098.410|7228.651 -15099.488|7242.764 -15133.847|7243.701 -15133.836
47 INVERNESS GD SE,6937.378 -14882.880|6935.288 -14880.757|6912.436 -14857.784|6905.551 -14864.711|6930.486 -14889.808
37 INVERNESS PA SE,6838.051 -14967.778|6829.935 -14959.616|6807.258 -14986.636|6813.269 -14992.685|6814.675 -14991.273
116 INVERNESS DR SE,6790.956 -15278.957|6787.677 -15278.323|6784.350 -15278.123|6780.023 -15278.134|6780.156 -15318.420|6791.089 -15318.431
32 INVERNESS CV SE,7458.414 -15129.366|7451.451 -15122.361|7409.019 -15127.787|7407.963 -15128.844|7433.423 -15154.474
133 PRESTWICK PA SE,7714.747 -14278.380|7700.487 -14247.579|7693.322 -14250.926|7707.589 -14281.727
18 INVERNESS VW SE,7448.305 -15177.936|7439.281 -15168.852|7414.499 -15193.748|7423.524 -15202.833
19 PRESTWICK CR SE,7547.346 -14216.945|7547.353 -14209.139|7547.353 -14208.394|7513.554 -14208.383|7513.554 -14216.923|7516.532 -14216.923|7543.369 -14216.945
56 INVERNESS BV SE,6989.555 -14716.233|6981.824 -14708.460|6957.043 -14733.357|6964.774 -14741.140|6987.465 -14718.356
53 INVERNESS LN SE,7242.764 -15133.847|7228.651 -15099.488|7226.512 -15100.133|7224.310 -15100.500|7222.080 -15100.611|7219.857 -15100.444|7216.487 -15100.000|7219.926 -15133.836
51 INVERNESS GD SE,6949.437 -14870.760|6917.770 -14852.424|6912.436 -14857.784|6935.288 -14880.757|6937.378 -14882.880
41 INVERNESS PA SE,6844.517 -14974.283|6838.051 -14967.778|6814.675 -14991.273|6813.269 -14992.685|6819.736 -14999.190
120 INVERNESS DR SE,6780.156 -15318.420|6780.023 -15278.134|6768.600 -15278.178|6768.719 -15315.418|6771.711 -15318.420
36 INVERNESS CV SE,7467.858 -15138.885|7458.414 -15129.366|7433.423 -15154.474|7442.874 -15163.981
24 INVERNESS VW SE,7439.281 -15168.852|7430.256 -15159.767|7405.468 -15184.664|7414.499 -15193.748
23 PRESTWICK CR SE,7547.353 -14208.394|7547.353 -14199.855|7543.376 -14199.855|7513.561 -14199.832|7513.554 -14208.383
60 INVERNESS BV SE,6981.824 -14708.460|6975.092 -14701.677|6947.633 -14723.883|6957.043 -14733.357
57 INVERNESS LN SE,7216.487 -15100.000|7207.791 -15098.832|7204.352 -15098.599|7202.562 -15098.599|7202.534 -15133.825|7219.926 -15133.836
55 INVERNESS GD SE,6961.775 -14858.362|6959.692 -14856.238|6921.846 -14846.164|6921.377 -14847.576|6920.727 -14848.899|6919.909 -14850.134|6918.944 -14851.246|6917.770 -14852.424|6949.437 -14870.760
45 INVERNESS PA SE,6850.976 -14980.788|6844.517 -14974.283|6819.736 -14999.190|6826.195 -15005.684|6828.306 -15003.571
40 INVERNESS CV SE,7476.882 -15147.969|7467.858 -15138.885|7442.874 -15163.981|7451.898 -15173.066|7453.304 -15171.654
141 PRESTWICK PA SE,7700.424 -14285.085|7686.156 -14254.284|7678.991 -14257.631|7693.259 -14288.444
28 INVERNESS VW SE,7430.256 -15159.767|7421.231 -15150.682|7396.443 -15175.579|7405.468 -15184.664
27 PRESTWICK CR SE,7547.353 -14199.855|7547.360 -14191.304|7513.561 -14191.293|7513.561 -14199.832|7543.376 -14199.855
64 INVERNESS BV SE,6975.092 -14701.677|6972.953 -14694.049|6933.659 -14709.828|6947.633 -14723.883
61 INVERNESS LN SE,7202.562 -15098.599|7188.001 -15098.599|7187.987 -15130.823|7187.987 -15133.825|7202.534 -15133.825
59 INVERNESS GD SE,6961.775 -14858.362|6974.638 -14845.441|6974.638 -14841.205|6962.817 -14829.307|6921.839 -14840.371|6922.118 -14841.816|6922.216 -14843.273|6922.125 -14844.730|6921.846 -14846.164|6959.692 -14856.238
49 INVERNESS PA SE,6857.442 -14987.293|6850.976 -14980.788|6828.306 -15003.571|6826.195 -15005.684|6832.661 -15012.189
44 INVERNESS CV SE,7485.907 -15157.054|7476.882 -15147.969|7453.304 -15171.654|7451.898 -15173.066|7460.923 -15182.151
145 PRESTWICK PA SE,7693.259 -14288.444|7678.991 -14257.631|7671.833 -14260.990|7686.093 -14291.790
32 INVERNESS VW SE,7421.231 -15150.682|7411.780 -15141.175|7386.999 -15166.072|7396.443 -15175.579
31 PRESTWICK CR SE,7547.360 -14191.304|7547.360 -14182.764|7543.390 -14182.764|7516.553 -14182.753|7513.568 -14182.753|7513.561 -14191.293
187 INVERNESS WY SE,7396.310 -14795.492|7397.631 -14790.122|7399.071 -14784.773|7368.062 -14769.117|7364.993 -14770.729|7362.707 -14787.542
72 INVERNESS GV SE,6907.256 -15095.752|6900.790 -15089.247|6876.009 -15114.144|6882.475 -15120.649
4 INVERNESS GV SE,6779.505 -14977.185|6764.665 -14972.548|6762.966 -15015.792|6766.503 -15015.936|6769.817 -15016.203|6773.102 -15016.759
24 PRESTWICK PA SE,7497.665 -14340.116|7498.958 -14345.320|7504.502 -14349.990|7510.954 -14350.546|7517.392 -14351.258|7523.810 -14352.125|7530.206 -14353.148|7530.926 -14348.922|7530.478 -14337.002
78 PRESTWICK LD SE,7308.006 -14471.237|7298.681 -14471.237|7298.667 -14505.207|7312.404 -14505.218|7311.886 -14501.226
155 PRESTWICK CR SE,7686.541 -14134.650|7686.548 -14126.788|7656.719 -14135.395|7652.749 -14136.540|7652.742 -14148.371
22 PRESTWICK WY SE,7507.585 -14229.032|7507.585 -14221.382|7477.763 -14221.371|7473.793 -14221.371|7473.786 -14229.010
68 INVERNESS BV SE,6972.953 -14694.049|6970.373 -14684.842|6936.421 -14687.667|6932.723 -14688.178|6929.102 -14689.101|6925.599 -14690.424|6922.272 -14692.126|6921.720 -14697.819|6933.659 -14709.828
65 INVERNESS LN SE,7188.001 -15098.599|7173.440 -15098.588|7173.426 -15133.814|7187.987 -15133.825|7187.987 -15130.823
63 INVERNESS GD SE,6962.817 -14829.307|6946.892 -14813.272|6944.802 -14815.363|6918.204 -14834.600|6918.944 -14835.345|6919.909 -14836.445|6920.720 -14837.669|6921.363 -14838.992|6921.839 -14840.371
75 INVERNESS PA SE,6903.943 -15034.094|6897.484 -15027.590|6872.696 -15052.486|6879.162 -15058.991
48 INVERNESS CV SE,7460.923 -15182.151|7478.322 -15199.664|7493.695 -15170.987|7492.660 -15163.848|7485.907 -15157.054
149 PRESTWICK PA SE,7686.093 -14291.790|7671.833 -14260.990|7664.311 -14264.514|7671.539 -14293.736|7676.677 -14296.205
36 INVERNESS VW SE,7411.780 -15141.175|7402.755 -15132.091|7377.974 -15156.987|7386.999 -15166.072
35 PRESTWICK CR SE,7547.360 -14182.764|7547.367 -14173.613|7513.575 -14173.590|7513.568 -14182.753|7516.553 -14182.753|7543.390 -14182.764
1 INVERNESS RI SE,7249.979 -14678.437|7249.986 -14661.692|7248.741 -14661.714|7211.699 -14664.783|7207.826 -14669.609|7208.902 -14677.793
69 INVERNESS LN SE,7173.440 -15098.588|7161.067 -15098.588|7156.586 -15103.080|7156.565 -15133.803|7173.426 -15133.814
67 INVERNESS GD SE,6946.892 -14813.272|6937.385 -14803.710|6912.429 -14828.784|6918.204 -14834.600|6944.802 -14815.363
79 INVERNESS PA SE,6910.402 -15040.599|6903.943 -15034.094|6879.162 -15058.991|6885.621 -15065.496
129 PRESTWICK PA SE,7721.913 -14275.022|7707.645 -14244.221|7700.487 -14247.579|7714.747 -14278.380|7715.195 -14278.169
42 INVERNESS VW SE,7402.755 -15132.091|7395.625 -15124.907|7391.410 -15124.907|7368.733 -15147.691|7377.974 -15156.987
39 PRESTWICK CR SE,7547.367 -14173.613|7547.374 -14165.062|7543.397 -14165.062|7513.575 -14165.051|7513.575 -14173.590
5 INVERNESS RI SE,7249.979 -14678.437|7208.902 -14677.804|7209.553 -14682.752|7209.713 -14684.831|7209.636 -14686.922|7248.077 -14699.598|7249.972 -14700.209
73 INVERNESS LN SE,7121.983 -15133.792|7134.706 -15133.792|7134.713 -15103.069|7130.246 -15098.565|7122.787 -15098.565|7121.997 -15098.576
71 INVERNESS GD SE,6937.385 -14803.710|6930.926 -14797.205|6905.963 -14822.279|6912.429 -14828.784
83 INVERNESS PA SE,6916.868 -15047.093|6910.402 -15040.599|6885.621 -15065.496|6892.087 -15072.001|6894.198 -15069.877
137 PRESTWICK PA SE,7707.589 -14281.727|7693.322 -14250.926|7686.156 -14254.284|7700.424 -14285.085
5 INVERNESS VW SE,7406.013 -15266.870|7416.282 -15277.211|7437.904 -15255.484|7437.904 -15249.123|7430.794 -15241.973
43 PRESTWICK CR SE,7547.374 -14165.062|7547.374 -14156.522|7513.582 -14156.500|7513.575 -14165.051|7543.397 -14165.062
43 PRESTWICK CV SE,6880.049 -14346.131|6869.732 -14346.131|6869.732 -14350.123|6869.725 -14380.113|6880.036 -14380.113
9 INVERNESS RI SE,7249.972 -14700.209|7248.077 -14699.598|7209.636 -14686.922|7209.266 -14689.301|7208.595 -14691.614|7207.630 -14693.816|7206.400 -14695.884|7236.347 -14713.898
77 INVERNESS LN SE,7121.983 -15133.792|7121.997 -15098.576|7119.361 -15098.788|7111.455 -15099.833|7109.470 -15130.790|7109.463 -15133.781
75 INVERNESS GD SE,6930.926 -14797.205|6924.460 -14790.700|6899.504 -14815.774|6905.963 -14822.279
87 INVERNESS PA SE,6923.328 -15053.598|6916.868 -15047.093|6894.198 -15069.877|6892.087 -15072.001|6898.546 -15078.506
9 INVERNESS VW SE,7430.794 -15241.973|7421.790 -15232.911|7397.009 -15257.808|7406.013 -15266.870
47 PRESTWICK CR SE,7547.374 -14156.522|7547.381 -14147.971|7543.404 -14147.971|7513.582 -14147.960|7513.582 -14156.500
47 PRESTWICK CV SE,6869.732 -14346.131|6859.421 -14346.120|6859.407 -14380.102|6869.725 -14380.113|6869.732 -14350.123
13 INVERNESS RI SE,7236.347 -14713.898|7206.400 -14695.884|7204.561 -14698.141|7202.401 -14700.087|7199.109 -14702.634|7224.960 -14725.340
81 INVERNESS LN SE,7109.463 -15133.781|7109.470 -15130.790|7111.455 -15099.833|7107.282 -15100.389|7104.626 -15100.556|7101.976 -15100.333|7091.372 -15133.781
79 INVERNESS GD SE,6924.460 -14790.700|6918.001 -14784.195|6915.911 -14786.319|6893.038 -14809.281|6899.504 -14815.774
91 INVERNESS PA SE,6929.794 -15060.103|6923.328 -15053.598|6898.546 -15078.506|6905.012 -15085.011
13 INVERNESS VW SE,7421.790 -15232.911|7413.213 -15224.271|7388.425 -15249.168|7397.009 -15257.808
51 PRESTWICK CR SE,7547.381 -14147.971|7547.388 -14138.820|7513.589 -14138.809|7513.582 -14147.960|7543.404 -14147.971
51 PRESTWICK CV SE,6859.421 -14346.120|6849.103 -14346.120|6849.096 -14350.112|6849.089 -14380.102|6859.407 -14380.102
17 INVERNESS RI SE,7224.960 -14725.340|7199.109 -14702.634|7192.727 -14707.537|7190.518 -14709.439|7213.537 -14732.589|7215.627 -14734.713
85 INVERNESS LN SE,7101.976 -15100.333|7099.732 -15099.833|7097.565 -15099.066|7095.503 -15098.032|7093.595 -15096.753|7075.294 -15125.586|7083.423 -15133.770|7091.372 -15133.781
83 INVERNESS GD SE,6918.001 -14784.195|6911.535 -14777.701|6886.579 -14802.776|6893.038 -14809.281|6915.911 -14786.319
95 INVERNESS PA SE,6936.253 -15066.608|6929.794 -15060.103|6905.012 -15085.011|6911.472 -15091.504|6912.877 -15090.092
17 INVERNESS VW SE,7413.213 -15224.271|7404.629 -15215.631|7379.848 -15240.528|7388.425 -15249.168
55 PRESTWICK CR SE,7547.388 -14138.820|7547.388 -14130.280|7543.411 -14130.280|7516.574 -14130.258|7513.596 -14130.258|7513.589 -14138.809
55 PRESTWICK CV SE,6849.103 -14346.120|6838.785 -14346.120|6838.771 -14380.090|6849.089 -14380.102|6849.096 -14350.112
21 INVERNESS RI SE,7215.627 -14734.713|7213.537 -14732.589|7190.518 -14709.439|7190.147 -14709.806|7182.367 -14717.634|7207.469 -14742.908
89 INVERNESS LN SE,7093.595 -15096.753|7091.700 -15095.096|7090.050 -15093.206|7087.065 -15089.281|7064.039 -15114.266|7075.294 -15125.586
87 INVERNESS GD SE,6911.535 -14777.701|6905.075 -14771.196|6880.112 -14796.271|6886.579 -14802.776
99 INVERNESS PA SE,6911.472 -15091.504|6916.036 -15096.108|6920.259 -15096.108|6942.929 -15073.324|6936.253 -15066.608|6912.877 -15090.092
21 INVERNESS VW SE,7404.629 -15215.631|7396.045 -15206.991|7371.263 -15231.888|7379.848 -15240.528
59 PRESTWICK CR SE,7547.388 -14130.280|7547.395 -14121.729|7513.596 -14121.718|7513.596 -14130.258|7516.574 -14130.258|7543.411 -14130.280
75 PRESTWICK CR SE,7547.409 -14095.487|7547.409 -14093.163|7547.409 -14086.947|7513.617 -14086.925|7513.610 -14093.241|7513.610 -14095.476|7516.595 -14095.476|7543.432 -14095.487
59 PRESTWICK CV SE,6838.785 -14346.120|6828.467 -14346.109|6828.467 -14350.112|6828.453 -14377.088|6828.453 -14380.090|6838.771 -14380.090
25 INVERNESS RI SE,7207.469 -14742.908|7182.367 -14717.634|7174.628 -14725.406|7199.738 -14750.670
93 INVERNESS LN SE,7087.065 -15089.281|7082.647 -15083.476|7081.557 -15082.142|7080.383 -15080.874|7080.341 -15080.830|7055.559 -15105.737|7064.039 -15114.266
91 INVERNESS GD SE,6905.075 -14771.196|6893.324 -14759.365|6889.920 -14759.943|6886.544 -14766.559|6882.944 -14773.053|6879.127 -14779.425|6875.093 -14785.652|6875.645 -14791.767|6880.112 -14796.271
21 INVERNESS DR SE,6962.271 -15112.164|6971.904 -15102.479|6947.144 -15077.561|6937.511 -15087.246
25 INVERNESS VW SE,7396.045 -15206.991|7387.460 -15198.352|7362.679 -15223.248|7371.263 -15231.888
63 PRESTWICK CR SE,7547.395 -14121.729|7547.395 -14113.189|7543.425 -14113.189|7513.603 -14113.167|7513.596 -14121.718
79 PRESTWICK CR SE,7547.409 -14086.947|7547.416 -14080.743|7549.744 -14078.396|7513.617 -14078.385|7513.617 -14086.925
63 PRESTWICK CV SE,6828.467 -14346.109|6824.811 -14346.109|6821.455 -14346.298|6818.149 -14346.865|6818.135 -14380.090|6828.453 -14380.090|6828.453 -14377.088|6828.467 -14350.112
29 INVERNESS RI SE,7199.738 -14750.670|7174.628 -14725.406|7166.477 -14733.590|7191.580 -14758.865
97 INVERNESS LN SE,7080.341 -15080.830|7072.609 -15073.057|7047.835 -15097.954|7055.559 -15105.737
29 INVERNESS VW SE,7387.460 -15198.352|7378.876 -15189.712|7354.095 -15214.608|7362.679 -15223.248
67 PRESTWICK CR SE,7547.395 -14113.189|7547.402 -14104.038|7513.610 -14104.016|7513.603 -14113.167|7543.425 -14113.189
67 PRESTWICK CV SE,6818.135 -14380.090|6818.149 -14346.865|6816.108 -14347.410|6814.115 -14348.100|6812.172 -14348.934|6810.292 -14349.901|6807.824 -14356.795|6807.817 -14380.079
33 INVERNESS RI SE,7191.580 -14758.865|7166.477 -14733.590|7160.221 -14739.884|7160.207 -14746.233|7182.164 -14768.327
101 INVERNESS LN SE,7072.609 -15073.057|7064.885 -15065.285|7042.229 -15088.057|7040.117 -15090.181|7047.835 -15097.954
25 INVERNESS DR SE,6962.271 -15112.164|6937.511 -15087.246|6928.934 -15095.863|6953.694 -15120.782
33 INVERNESS VW SE,7378.876 -15189.712|7370.292 -15181.072|7345.510 -15205.968|7354.095 -15214.608
71 PRESTWICK CR SE,7547.402 -14104.038|7547.409 -14095.487|7543.432 -14095.487|7516.595 -14095.476|7513.610 -14095.476|7513.610 -14104.016
91 PRESTWICK CR SE,7580.020 -14077.763|7580.020 -14073.759|7580.034 -14043.781|7571.533 -14043.781|7571.533 -14046.772|7571.520 -14077.751
71 PRESTWICK CV SE,6807.817 -14380.079|6807.824 -14356.795|6810.292 -14349.901|6808.362 -14350.779|6806.321 -14351.358|6804.217 -14351.591|6802.099 -14351.491|6797.513 -14356.795|6797.499 -14380.079
191 INVERNESS WY SE,7396.310 -14795.492|7362.707 -14787.542|7360.813 -14801.486|7363.777 -14801.886|7393.836 -14807.424|7395.003 -14801.441
76 INVERNESS GV SE,6882.475 -15120.649|6889.144 -15127.365|6911.821 -15104.581|6911.821 -15100.344|6907.256 -15095.752
8 INVERNESS GV SE,6793.319 -14984.579|6783.965 -14978.886|6782.931 -14978.263|6779.505 -14977.185|6773.102 -15016.759|6776.954 -15017.771|6780.694 -15019.172
415 INVERNESS PA SE,7220.968 -15267.493|7220.982 -15232.266|7208.805 -15232.266|7208.791 -15267.493
3 PRESTWICK RO SE,7559.524 -14283.796|7557.294 -14274.778|7552.093 -14272.165|7538.371 -14277.802|7524.557 -14283.217|7527.389 -14294.659
82 PRESTWICK LD SE,7312.404 -14505.218|7323.274 -14505.218|7325.413 -14504.651|7328.209 -14499.258|7318.080 -14471.237|7308.006 -14471.237|7311.886 -14501.226
159 PRESTWICK CR SE,7652.742 -14148.371|7652.735 -14159.802|7683.836 -14145.236|7686.541 -14140.977|7686.541 -14134.650
26 PRESTWICK WY SE,7507.585 -14221.382|7507.592 -14213.443|7473.793 -14213.420|7473.793 -14221.371|7477.763 -14221.371
105 INVERNESS LN SE,7064.885 -15065.285|7057.160 -15057.501|7032.379 -15082.409|7040.117 -15090.181|7042.229 -15088.057
29 INVERNESS DR SE,6953.694 -15120.782|6928.934 -15095.863|6920.357 -15104.481|6922.468 -15106.605|6945.117 -15129.400
37 INVERNESS VW SE,7370.292 -15181.072|7361.714 -15172.432|7336.933 -15197.329|7345.510 -15205.968
30 PRESTWICK CR SE,7563.264 -14190.514|7563.257 -14201.700|7594.357 -14187.134|7597.063 -14182.864|7597.063 -14176.793
95 PRESTWICK CR SE,7588.513 -14077.763|7588.534 -14043.781|7580.034 -14043.781|7580.020 -14073.759|7580.020 -14077.763
75 PRESTWICK CV SE,6802.099 -14351.491|6800.120 -14351.091|6798.226 -14350.390|6796.457 -14349.423|6794.857 -14348.189|6787.195 -14354.238|6787.181 -14380.079|6797.499 -14380.079|6797.513 -14356.795
109 INVERNESS LN SE,7057.160 -15057.501|7051.330 -15051.641|7045.011 -15051.641|7023.389 -15073.357|7032.379 -15082.409
33 INVERNESS DR SE,6945.117 -15129.400|6922.468 -15106.605|6920.357 -15104.481|6911.779 -15113.098|6936.540 -15138.017
41 INVERNESS VW SE,7361.714 -15172.432|7352.913 -15163.581|7330.243 -15186.365|7330.243 -15190.601|7336.933 -15197.329
34 PRESTWICK CR SE,7597.063 -14176.793|7597.070 -14168.742|7567.248 -14178.794|7563.271 -14180.129|7563.264 -14190.514
99 PRESTWICK CR SE,7597.014 -14077.774|7597.014 -14073.771|7597.028 -14043.792|7588.534 -14043.781|7588.513 -14077.763
79 PRESTWICK CV SE,6794.857 -14348.189|6793.451 -14346.732|6792.284 -14345.086|6791.368 -14343.274|6790.739 -14341.350|6775.598 -14341.339|6776.702 -14377.077|6779.771 -14380.068|6787.181 -14380.079|6787.195 -14354.238
37 INVERNESS DR SE,6936.540 -15138.017|6911.779 -15113.098|6903.202 -15121.716|6927.962 -15146.635
375 INVERNESS PA SE,7373.913 -15298.238|7378.841 -15301.629|7380.526 -15302.619|7382.364 -15303.297|7384.287 -15303.642|7386.244 -15303.653|7388.166 -15303.309|7390.005 -15302.641|7391.703 -15301.663|7393.199 -15300.406|7412.067 -15281.448|7401.357 -15270.662
38 PRESTWICK CR SE,7597.070 -14168.742|7597.070 -14161.648|7594.127 -14161.648|7563.271 -14169.943|7563.271 -14180.129|7567.248 -14178.794
103 PRESTWICK CR SE,7605.514 -14077.774|7605.528 -14043.792|7597.028 -14043.792|7597.014 -14073.771|7597.014 -14077.774
41 INVERNESS DR SE,6927.962 -15146.635|6903.202 -15121.716|6893.359 -15131.601|6918.120 -15156.520
377 INVERNESS PA SE,7401.357 -15270.662|7392.333 -15261.577|7363.434 -15290.610|7364.965 -15292.367|7366.817 -15293.757|7373.913 -15298.238
42 PRESTWICK CR SE,7597.070 -14161.648|7597.077 -14153.075|7567.255 -14159.090|7563.278 -14159.891|7563.271 -14169.943|7594.127 -14161.648
107 PRESTWICK CR SE,7614.008 -14077.774|7614.015 -14073.782|7614.029 -14043.804|7605.528 -14043.792|7605.514 -14077.774
20 INVERNESS DR SE,6998.902 -15147.758|7007.898 -15138.718|6983.138 -15113.799|6974.141 -15122.839
379 INVERNESS PA SE,7392.333 -15261.577|7383.727 -15252.915|7357.324 -15279.446|7360.016 -15284.083|7362.427 -15288.875|7363.434 -15290.610
46 PRESTWICK CR SE,7597.077 -14153.075|7597.084 -14145.380|7563.285 -14149.961|7563.278 -14159.891|7567.255 -14159.090
111 PRESTWICK CR SE,7622.508 -14077.785|7622.522 -14046.806|7622.529 -14043.804|7614.029 -14043.804|7614.015 -14073.782|7614.008 -14077.774
48 INVERNESS DR SE,6950.828 -15196.072|6926.068 -15171.153|6918.336 -15178.926|6943.097 -15203.845
381 INVERNESS PA SE,7383.727 -15252.915|7374.703 -15243.830|7349.705 -15268.949|7353.703 -15274.053|7357.324 -15279.446
50 PRESTWICK CR SE,7597.084 -14145.380|7597.084 -14137.741|7567.262 -14139.809|7563.285 -14140.087|7563.285 -14149.961
115 PRESTWICK CR SE,7631.008 -14077.785|7631.008 -14073.793|7631.022 -14043.804|7622.529 -14043.804|7622.522 -14046.806|7622.508 -14077.785
24 INVERNESS DR SE,6998.902 -15147.758|6974.141 -15122.839|6965.990 -15131.034|6990.751 -15155.953
383 INVERNESS PA SE,7374.703 -15243.830|7365.252 -15234.323|7340.470 -15259.220|7344.727 -15263.512|7347.272 -15266.181|7349.705 -15268.949
54 PRESTWICK CR SE,7597.084 -14137.741|7597.091 -14129.724|7563.292 -14129.702|7563.285 -14140.087|7567.262 -14139.809
119 PRESTWICK CR SE,7638.733 -14077.796|7644.570 -14047.818|7644.570 -14043.815|7631.022 -14043.804|7631.008 -14073.793|7631.008 -14077.785
28 INVERNESS DR SE,6990.751 -15155.953|6965.990 -15131.034|6957.833 -15139.229|6982.593 -15164.148
385 INVERNESS PA SE,7365.252 -15234.323|7353.004 -15221.992|7331.383 -15250.079|7340.470 -15259.220
58 PRESTWICK CR SE,7597.091 -14129.724|7597.091 -14121.173|7567.276 -14121.162|7563.299 -14121.162|7563.292 -14129.702
123 PRESTWICK CR SE,7645.549 -14077.796|7665.318 -14046.828|7665.325 -14043.826|7644.570 -14043.815|7644.570 -14047.818|7638.733 -14077.796
111 INVERNESS LN SE,7004.096 -15053.943|7012.156 -15062.049|7033.770 -15040.321|7033.770 -15033.972|7028.877 -15029.035
32 INVERNESS DR SE,6982.593 -15164.148|6957.833 -15139.229|6949.675 -15147.424|6972.331 -15170.219|6974.435 -15172.343
387 INVERNESS PA SE,7353.004 -15221.992|7326.790 -15195.605|7321.820 -15246.899|7323.043 -15246.710|7324.280 -15246.688|7325.511 -15246.810|7326.713 -15247.088|7327.873 -15247.522|7328.978 -15248.089|7329.992 -15248.790|7330.921 -15249.612|7331.383 -15250.079
62 PRESTWICK CR SE,7597.091 -14121.173|7597.098 -14112.633|7594.113 -14112.633|7563.299 -14112.611|7563.299 -14121.162|7567.276 -14121.162
127 PRESTWICK CR SE,7686.583 -14059.871|7686.590 -14046.839|7683.612 -14043.837|7665.325 -14043.826|7665.318 -14046.828|7645.549 -14077.796|7649.799 -14077.796|7651.875 -14079.886
115 INVERNESS LN SE,7028.877 -15029.035|7022.432 -15022.552|6997.657 -15047.460|7004.096 -15053.943
36 INVERNESS DR SE,6974.435 -15172.343|6972.331 -15170.219|6949.675 -15147.424|6941.524 -15155.608|6966.284 -15180.527
389 INVERNESS PA SE,7326.790 -15195.605|7326.028 -15194.838|7321.806 -15194.838|7307.147 -15209.571|7310.348 -15256.151|7316.863 -15249.601|7317.947 -15248.667|7319.149 -15247.889|7320.450 -15247.300|7321.820 -15246.899
66 PRESTWICK CR SE,7597.098 -14112.633|7597.105 -14104.093|7567.283 -14104.071|7563.306 -14104.071|7563.299 -14112.611|7594.113 -14112.633
131 PRESTWICK CR SE,7653.168 -14086.269|7685.080 -14082.811|7686.569 -14082.655|7686.569 -14080.665|7686.583 -14059.871|7651.875 -14079.886|7652.777 -14080.798|7652.777 -14086.313
195 INVERNESS WY SE,7393.836 -14807.424|7363.777 -14801.886|7360.813 -14801.486|7358.918 -14815.441|7391.920 -14819.744|7392.801 -14813.573
12 INVERNESS GV SE,6806.321 -14994.153|6802.085 -14989.894|6793.319 -14984.579|6780.694 -15019.172|6784.161 -15020.885|6787.440 -15022.930
206 INVERNESS PA SE,7271.327 -15164.682|7251.502 -15134.470|7246.162 -15139.841|7244.973 -15139.841|7251.670 -15175.067|7256.354 -15175.067|7258.535 -15174.856|7260.632 -15174.222|7262.568 -15173.177|7264.260 -15171.787
417 INVERNESS PA SE,7208.805 -15232.266|7196.033 -15232.244|7196.019 -15267.482|7208.791 -15267.493
7 PRESTWICK RO SE,7562.236 -14294.748|7559.524 -14283.796|7527.389 -14294.659|7529.444 -14302.954
78 PRESTWICK CI SE,7671.092 -14195.296|7669.778 -14191.504|7659.900 -14163.060|7652.735 -14166.418|7652.721 -14195.006|7653.378 -14198.798|7658.208 -14201.333
30 PRESTWICK WY SE,7507.592 -14213.443|7507.592 -14205.792|7477.770 -14205.781|7473.800 -14205.781|7473.793 -14213.420
127 INVERNESS WY SE,7268.405 -14696.862|7268.419 -14661.369|7255.948 -14661.580|7255.934 -14694.083|7258.912 -14697.029
119 INVERNESS LN SE,7022.432 -15022.552|7015.993 -15016.070|6991.212 -15040.977|6997.657 -15047.460
40 INVERNESS DR SE,6966.284 -15180.527|6941.524 -15155.608|6933.792 -15163.381|6958.553 -15188.300
391 INVERNESS PA SE,7310.348 -15256.151|7307.147 -15209.571|7295.172 -15221.602|7298.325 -15267.448|7299.828 -15266.525|7301.170 -15265.369
70 PRESTWICK CR SE,7597.105 -14104.093|7597.105 -14093.763|7567.787 -14093.741|7563.306 -14098.245|7563.306 -14104.071|7567.283 -14104.071
135 PRESTWICK CR SE,7686.562 -14094.264|7686.569 -14092.785|7686.569 -14085.680|7652.770 -14089.327|7652.770 -14092.874|7652.770 -14097.922|7656.740 -14097.488
131 INVERNESS WY SE,7281.177 -14696.651|7281.191 -14693.638|7281.191 -14661.147|7268.419 -14661.369|7268.405 -14696.862
123 INVERNESS LN SE,7015.993 -15016.070|7009.548 -15009.587|6986.892 -15032.371|6984.774 -15034.495|6991.212 -15040.977
44 INVERNESS DR SE,6958.553 -15188.300|6933.792 -15163.381|6926.068 -15171.153|6950.828 -15196.072
178 INVERNESS PA SE,7171.608 -15175.034|7171.622 -15139.807|7156.565 -15139.796|7156.558 -15170.531|7161.025 -15175.023
393 INVERNESS PA SE,7298.325 -15267.448|7295.172 -15221.602|7284.525 -15232.299|7283.708 -15232.299|7286.161 -15268.049|7292.068 -15268.593|7293.676 -15268.649|7295.277 -15268.482|7296.843 -15268.071
30 PRESTWICK LD SE,7185.198 -14471.181|7173.090 -14471.181|7173.076 -14500.659|7177.550 -14505.162|7185.184 -14505.162|7185.184 -14501.159
138 PRESTWICK CR SE,7636.860 -14104.727|7636.866 -14098.278|7632.393 -14093.775|7603.068 -14093.763|7603.068 -14104.716|7632.882 -14104.727
146 PRESTWICK CI SE,7726.324 -14091.006|7726.331 -14081.921|7692.532 -14085.068|7692.532 -14092.763|7692.532 -14095.487|7722.353 -14091.528
135 INVERNESS WY SE,7293.949 -14696.429|7293.963 -14660.924|7281.191 -14661.147|7281.191 -14693.638|7281.177 -14696.651
127 INVERNESS LN SE,7009.548 -15009.587|7003.103 -15003.104|6978.329 -15028.001|6984.774 -15034.495|6986.892 -15032.371
28 INVERNESS GV SE,6836.170 -15024.209|6829.711 -15017.704|6804.930 -15042.601|6811.396 -15049.106
397 INVERNESS PA SE,7286.161 -15268.049|7283.708 -15232.299|7272.061 -15232.288|7272.040 -15267.515|7272.285 -15267.515|7279.234 -15267.648
34 PRESTWICK LD SE,7195.516 -14471.181|7185.198 -14471.181|7185.184 -14501.159|7185.184 -14505.162|7195.502 -14505.162|7195.516 -14474.184
142 PRESTWICK CR SE,7636.853 -14113.890|7636.860 -14104.727|7632.882 -14104.727|7603.068 -14104.716|7603.061 -14113.867
150 PRESTWICK CI SE,7692.539 -14072.470|7692.539 -14082.066|7726.331 -14078.919|7726.338 -14070.479|7722.360 -14070.713
139 INVERNESS WY SE,7293.949 -14696.429|7304.036 -14696.251|7307.021 -14693.193|7307.028 -14660.702|7293.963 -14660.924
131 INVERNESS LN SE,7003.103 -15003.104|6996.665 -14996.622|6971.890 -15021.529|6978.329 -15028.001
32 INVERNESS GV SE,6842.629 -15030.714|6836.170 -15024.209|6811.396 -15049.106|6817.848 -15055.611
182 INVERNESS PA SE,7184.394 -15139.807|7171.622 -15139.807|7171.608 -15175.034|7184.380 -15175.034
399 INVERNESS PA SE,7272.040 -15267.515|7272.061 -15232.288|7259.947 -15232.288|7259.290 -15232.288|7259.276 -15267.515
38 PRESTWICK LD SE,7205.834 -14471.192|7195.516 -14471.181|7195.516 -14474.184|7195.502 -14505.162|7205.820 -14505.174|7205.820 -14501.171
146 PRESTWICK CR SE,7636.853 -14123.041|7636.853 -14113.890|7603.061 -14113.867|7603.054 -14123.019|7632.875 -14123.041
154 PRESTWICK CI SE,7726.338 -14070.479|7726.345 -14061.561|7692.546 -14061.539|7692.539 -14072.470|7722.360 -14070.713
147 INVERNESS WY SE,7349.935 -14672.411|7347.293 -14664.349|7341.617 -14660.101|7312.998 -14660.591|7312.984 -14685.876
135 INVERNESS LN SE,6996.665 -14996.622|6990.219 -14990.139|6965.445 -15015.036|6971.890 -15021.529
36 INVERNESS GV SE,6849.096 -15037.219|6842.629 -15030.714|6817.848 -15055.611|6824.314 -15062.116
403 INVERNESS PA SE,7259.276 -15267.515|7259.290 -15232.288|7245.924 -15232.277|7245.910 -15267.504
42 PRESTWICK LD SE,7216.152 -14471.192|7205.834 -14471.192|7205.820 -14501.171|7205.820 -14505.174|7216.131 -14505.174
150 PRESTWICK CR SE,7636.846 -14132.192|7636.853 -14123.041|7632.875 -14123.041|7603.054 -14123.019|7603.054 -14132.181
158 PRESTWICK CI SE,7726.345 -14061.561|7726.345 -14053.011|7722.367 -14053.011|7692.553 -14052.999|7692.546 -14061.539
151 INVERNESS WY SE,7354.563 -14683.719|7352.130 -14678.115|7349.935 -14672.411|7312.984 -14685.876|7312.977 -14696.562|7316.842 -14701.266
139 INVERNESS LN SE,6990.219 -14990.139|6983.781 -14983.656|6959.000 -15008.553|6965.445 -15015.036
40 INVERNESS GV SE,6855.555 -15043.713|6849.096 -15037.219|6824.314 -15062.116|6830.774 -15068.620
186 INVERNESS PA SE,7196.571 -15139.819|7184.394 -15139.807|7184.380 -15175.034|7196.557 -15175.045
407 INVERNESS PA SE,7245.910 -15267.504|7245.924 -15232.277|7233.152 -15232.277|7233.138 -15267.504
46 PRESTWICK LD SE,7226.463 -14471.204|7216.152 -14471.192|7216.131 -14505.174|7226.449 -14505.174|7226.456 -14501.182
154 PRESTWICK CR SE,7636.839 -14141.355|7636.846 -14132.192|7603.054 -14132.181|7603.047 -14141.333|7632.868 -14141.344
162 PRESTWICK CI SE,7726.345 -14053.011|7726.352 -14043.859|7695.538 -14043.837|7692.553 -14046.839|7692.553 -14052.999|7722.367 -14053.011
15192 PRESTWICK BV SE,7391.620 -14282.439|7395.555 -14281.861|7423.671 -14277.691|7422.986 -14274.700|7422.434 -14269.529|7422.224 -14267.561|7420.246 -14267.817|7419.267 -14267.950|7390.145 -14271.798|7391.326 -14280.460
89 PRESTWICK WY SE,7457.945 -14100.758|7457.945 -14091.895|7424.153 -14091.884|7424.167 -14093.485|7424.153 -14100.746|7453.968 -14100.758
90 PRESTWICK WY SE,7507.641 -14097.867|7507.648 -14093.274|7507.648 -14090.216|7473.849 -14090.205|7473.849 -14097.844|7477.826 -14097.844
93 PRESTWICK WY SE,7457.945 -14091.895|7457.952 -14083.934|7424.153 -14083.923|7424.153 -14091.884
97 PRESTWICK WY SE,7457.952 -14083.934|7457.952 -14076.295|7453.975 -14076.295|7427.138 -14076.284|7424.160 -14076.284|7424.160 -14077.184|7424.153 -14083.923
101 PRESTWICK WY SE,7457.952 -14076.295|7457.959 -14068.355|7424.160 -14068.344|7424.160 -14076.284|7427.138 -14076.284|7453.975 -14076.295
105 PRESTWICK WY SE,7457.959 -14068.355|7457.959 -14060.716|7453.982 -14060.716|7424.167 -14060.705|7424.160 -14068.344
109 PRESTWICK WY SE,7457.959 -14060.716|7457.966 -14052.777|7424.167 -14052.766|7424.167 -14060.705|7453.982 -14060.716
113 PRESTWICK WY SE,7457.966 -14052.777|7457.966 -14044.838|7453.989 -14044.838|7424.174 -14044.827|7424.167 -14052.766
117 PRESTWICK WY SE,7457.966 -14044.838|7457.973 -14037.199|7424.174 -14037.187|7424.174 -14044.827|7453.989 -14044.838
121 PRESTWICK WY SE,7457.973 -14037.199|7457.973 -14029.560|7453.996 -14029.560|7427.159 -14029.548|7424.181 -14029.537|7424.174 -14037.187
125 PRESTWICK WY SE,7457.973 -14029.560|7457.980 -14021.620|7424.181 -14021.598|7424.181 -14029.537|7427.159 -14029.548|7453.996 -14029.560
129 PRESTWICK WY SE,7457.980 -14021.620|7457.980 -14013.981|7454.003 -14013.970|7424.188 -14013.959|7424.181 -14021.598
133 PRESTWICK WY SE,7457.980 -14013.981|7457.987 -14008.243|7453.513 -14003.751|7425.216 -14003.785|7424.188 -14004.730|7424.188 -14013.959|7454.003 -14013.970
94 PRESTWICK WY SE,7507.648 -14090.216|7507.648 -14082.566|7477.833 -14082.555|7473.856 -14082.555|7473.849 -14090.205
98 PRESTWICK WY SE,7507.648 -14082.566|7507.655 -14074.927|7473.856 -14074.916|7473.856 -14082.555|7477.833 -14082.555
102 PRESTWICK WY SE,7507.655 -14074.927|7507.655 -14073.548|7507.655 -14067.277|7477.840 -14067.266|7473.863 -14067.266|7473.856 -14074.916
106 PRESTWICK WY SE,7507.655 -14067.277|7507.662 -14059.338|7473.863 -14059.315|7473.863 -14067.266|7477.840 -14067.266
110 PRESTWICK WY SE,7507.662 -14059.338|7507.662 -14051.687|7473.870 -14051.676|7473.863 -14059.315
114 PRESTWICK WY SE,7507.662 -14051.687|7507.668 -14046.739|7504.684 -14043.748|7474.869 -14043.726|7473.870 -14044.726|7473.870 -14051.676
141 PRESTWICK WY SE,7424.202 -13970.204|7424.202 -13979.444|7425.195 -13980.445|7453.520 -13980.456|7458.001 -13975.964|7458.001 -13970.215|7454.024 -13970.215
145 PRESTWICK WY SE,7458.001 -13970.215|7458.008 -13962.576|7424.209 -13962.565|7424.202 -13970.204|7454.024 -13970.215
149 PRESTWICK WY SE,7458.008 -13962.576|7458.008 -13954.925|7454.031 -13954.925|7427.194 -13954.914|7424.209 -13954.914|7424.209 -13962.565
153 PRESTWICK WY SE,7458.008 -13954.925|7458.008 -13947.286|7424.216 -13947.264|7424.209 -13954.914|7427.194 -13954.914|7454.031 -13954.925
157 PRESTWICK WY SE,7458.008 -13939.581|7427.201 -13939.625|7426.201 -13939.558|7424.216 -13939.558|7424.216 -13947.264|7458.008 -13947.286
21 PRESTWICK AV SE,7483.768 -14037.743|7483.782 -14003.762|7478.364 -14003.762|7473.891 -14008.255|7473.877 -14036.732|7474.869 -14037.732
25 PRESTWICK AV SE,7491.339 -14037.743|7491.360 -14003.762|7483.782 -14003.762|7483.768 -14037.743
29 PRESTWICK AV SE,7498.916 -14037.743|7498.930 -14003.762|7491.360 -14003.762|7491.339 -14037.743
33 PRESTWICK AV SE,7506.494 -14037.755|7506.508 -14003.773|7498.930 -14003.762|7498.916 -14037.743|7504.691 -14037.743
37 PRESTWICK AV SE,7514.072 -14037.755|7514.072 -14034.752|7514.086 -14003.773|7506.508 -14003.773|7506.494 -14037.755
41 PRESTWICK AV SE,7521.649 -14037.755|7521.663 -14003.773|7514.086 -14003.773|7514.072 -14034.752|7514.072 -14037.755
45 PRESTWICK AV SE,7529.220 -14037.755|7529.241 -14003.785|7521.663 -14003.773|7521.649 -14037.755
49 PRESTWICK AV SE,7536.798 -14037.766|7536.812 -14003.785|7529.241 -14003.785|7529.220 -14037.755
53 PRESTWICK AV SE,7544.375 -14037.766|7544.389 -14003.785|7536.812 -14003.785|7536.798 -14037.766
57 PRESTWICK AV SE,7544.375 -14037.766|7553.163 -14037.766|7553.177 -14003.796|7544.389 -14003.785
61 PRESTWICK AV SE,7564.934 -14037.777|7564.948 -14003.796|7556.161 -14003.796|7556.147 -14037.777
65 PRESTWICK AV SE,7572.512 -14037.777|7572.526 -14003.807|7564.948 -14003.796|7564.934 -14037.777
69 PRESTWICK AV SE,7580.090 -14037.788|7580.104 -14003.807|7572.526 -14003.807|7572.512 -14037.777
73 PRESTWICK AV SE,7587.661 -14037.788|7587.681 -14003.807|7580.104 -14003.807|7580.090 -14037.788
77 PRESTWICK AV SE,7595.238 -14037.788|7595.259 -14003.807|7587.681 -14003.807|7587.661 -14037.788
81 PRESTWICK AV SE,7602.816 -14037.799|7602.830 -14003.818|7595.259 -14003.807|7595.238 -14037.788
85 PRESTWICK AV SE,7610.394 -14037.799|7610.408 -14003.818|7602.830 -14003.818|7602.816 -14037.799
89 PRESTWICK AV SE,7617.971 -14037.799|7617.985 -14003.818|7610.408 -14003.818|7610.394 -14037.799
93 PRESTWICK AV SE,7625.542 -14037.810|7625.563 -14003.829|7617.985 -14003.818|7617.971 -14037.799
97 PRESTWICK AV SE,7633.120 -14037.810|7633.141 -14003.829|7625.563 -14003.829|7625.542 -14037.810
101 PRESTWICK AV SE,7640.697 -14037.810|7640.711 -14003.829|7633.141 -14003.829|7633.120 -14037.810
105 PRESTWICK AV SE,7648.275 -14037.821|7648.289 -14003.840|7640.711 -14003.829|7640.697 -14037.810
109 PRESTWICK AV SE,7655.853 -14037.821|7655.867 -14003.840|7648.289 -14003.840|7648.275 -14037.821
113 PRESTWICK AV SE,7663.423 -14037.821|7663.444 -14003.840|7655.867 -14003.840|7655.853 -14037.821
117 PRESTWICK AV SE,7671.001 -14037.832|7671.022 -14003.851|7663.444 -14003.840|7663.423 -14037.821
121 PRESTWICK AV SE,7678.579 -14037.832|7678.593 -14003.851|7671.022 -14003.851|7671.001 -14037.832
125 PRESTWICK AV SE,7686.156 -14037.832|7686.170 -14003.851|7678.593 -14003.851|7678.579 -14037.832
129 PRESTWICK AV SE,7693.734 -14037.844|7693.748 -14003.862|7686.170 -14003.851|7686.156 -14037.832
133 PRESTWICK AV SE,7701.305 -14037.844|7701.326 -14003.862|7693.748 -14003.862|7693.734 -14037.844
137 PRESTWICK AV SE,7708.882 -14037.844|7708.882 -14035.842|7708.903 -14003.862|7701.326 -14003.862|7701.305 -14037.844
141 PRESTWICK AV SE,7716.460 -14037.855|7716.474 -14003.873|7708.903 -14003.862|7708.882 -14035.842|7708.882 -14037.844
145 PRESTWICK AV SE,7716.460 -14037.855|7726.352 -14037.855|7726.366 -14008.377|7721.892 -14003.873|7716.474 -14003.873
144 PRESTWICK AV SE,7714.705 -13980.589|7721.906 -13980.589|7726.380 -13976.097|7726.394 -13947.609|7725.401 -13946.608|7714.719 -13946.608
20 PRESTWICK AV SE,7484.083 -13980.478|7484.097 -13946.497|7474.911 -13946.497|7473.918 -13947.487|7473.904 -13975.975|7478.371 -13980.467
24 PRESTWICK AV SE,7491.688 -13980.478|7491.709 -13946.497|7484.097 -13946.497|7484.083 -13980.478
28 PRESTWICK AV SE,7499.301 -13980.478|7499.315 -13949.499|7499.315 -13946.508|7491.709 -13946.497|7491.688 -13980.478
32 PRESTWICK AV SE,7506.907 -13980.489|7506.921 -13946.508|7499.315 -13946.508|7499.315 -13949.499|7499.301 -13980.478
36 PRESTWICK AV SE,7514.813 -13980.489|7514.827 -13946.508|7506.921 -13946.508|7506.907 -13980.489
40 PRESTWICK AV SE,7522.418 -13980.489|7522.439 -13946.519|7514.827 -13946.508|7514.813 -13980.489
44 PRESTWICK AV SE,7530.031 -13980.500|7530.045 -13946.519|7522.439 -13946.519|7522.418 -13980.489
48 PRESTWICK AV SE,7537.937 -13980.500|7537.951 -13946.519|7530.045 -13946.519|7530.031 -13980.500
52 PRESTWICK AV SE,7545.543 -13980.500|7545.557 -13949.521|7545.557 -13946.519|7537.951 -13946.519|7537.937 -13980.500
56 PRESTWICK AV SE,7553.149 -13980.511|7553.163 -13946.530|7545.557 -13946.519|7545.557 -13949.521|7545.543 -13980.500
60 PRESTWICK AV SE,7561.055 -13980.511|7561.069 -13946.530|7553.163 -13946.530|7553.149 -13980.511
64 PRESTWICK AV SE,7568.660 -13980.511|7568.681 -13946.530|7561.069 -13946.530|7561.055 -13980.511
68 PRESTWICK AV SE,7576.273 -13980.523|7576.287 -13946.541|7568.681 -13946.530|7568.660 -13980.511
72 PRESTWICK AV SE,7583.879 -13980.523|7583.893 -13949.544|7583.893 -13946.541|7576.287 -13946.541|7576.273 -13980.523
76 PRESTWICK AV SE,7591.484 -13980.523|7591.505 -13946.541|7583.893 -13946.541|7583.893 -13949.544|7583.879 -13980.523
80 PRESTWICK AV SE,7599.391 -13980.534|7599.412 -13946.552|7591.505 -13946.541|7591.484 -13980.523
84 PRESTWICK AV SE,7607.003 -13980.534|7607.017 -13946.552|7599.412 -13946.552|7599.391 -13980.534
88 PRESTWICK AV SE,7614.909 -13980.534|7614.923 -13946.552|7607.017 -13946.552|7607.003 -13980.534
92 PRESTWICK AV SE,7622.515 -13980.545|7622.529 -13949.555|7622.529 -13946.564|7614.923 -13946.552|7614.909 -13980.534
96 PRESTWICK AV SE,7630.121 -13980.545|7630.142 -13946.564|7622.529 -13946.564|7622.529 -13949.555|7622.515 -13980.545
100 PRESTWICK AV SE,7637.733 -13980.545|7637.747 -13946.564|7630.142 -13946.564|7630.121 -13980.545
104 PRESTWICK AV SE,7645.640 -13980.556|7645.654 -13946.575|7637.747 -13946.564|7637.733 -13980.545
108 PRESTWICK AV SE,7653.245 -13980.556|7653.259 -13946.575|7645.654 -13946.575|7645.640 -13980.556
112 PRESTWICK AV SE,7660.851 -13980.556|7660.865 -13949.577|7660.872 -13946.575|7653.259 -13946.575|7653.245 -13980.556
116 PRESTWICK AV SE,7668.757 -13980.567|7668.778 -13946.586|7660.872 -13946.575|7660.865 -13949.577|7660.851 -13980.556
120 PRESTWICK AV SE,7676.370 -13980.567|7676.384 -13946.586|7668.778 -13946.586|7668.757 -13980.567
124 PRESTWICK AV SE,7683.975 -13980.567|7683.989 -13946.586|7676.384 -13946.586|7676.370 -13980.567
128 PRESTWICK AV SE,7691.882 -13980.578|7691.896 -13946.597|7683.989 -13946.586|7683.975 -13980.567
132 PRESTWICK AV SE,7699.487 -13980.578|7699.501 -13949.599|7699.501 -13946.597|7691.896 -13946.597|7691.882 -13980.578
136 PRESTWICK AV SE,7707.093 -13980.578|7707.114 -13946.597|7699.501 -13946.597|7699.501 -13949.599|7699.487 -13980.578
140 PRESTWICK AV SE,7714.705 -13980.589|7714.719 -13946.608|7707.114 -13946.597|7707.093 -13980.578
41 MCKENZIE TOWNE DR SE,7134.810 -15404.296|7134.629 -15389.084|7134.615 -15387.472|7131.630 -15387.583|7124.681 -15387.883|7101.172 -15388.884|7101.172 -15390.330|7101.165 -15404.274
45 MCKENZIE TOWNE DR SE,7134.936 -15415.282|7134.810 -15404.296|7101.165 -15404.274|7101.158 -15415.271
49 MCKENZIE TOWNE DR SE,7135.062 -15425.656|7134.936 -15415.282|7101.158 -15415.271|7101.158 -15425.645
53 MCKENZIE TOWNE DR SE,7135.188 -15436.653|7135.062 -15425.656|7101.158 -15425.645|7101.151 -15436.642
57 MCKENZIE TOWNE DR SE,7135.314 -15447.028|7135.188 -15436.653|7101.151 -15436.642|7101.144 -15447.017
61 MCKENZIE TOWNE DR SE,7135.314 -15447.028|7101.144 -15447.017|7101.144 -15458.003|7135.440 -15458.025
65 MCKENZIE TOWNE DR SE,7101.144 -15458.003|7101.137 -15470.779|7102.130 -15471.780|7130.574 -15471.791|7131.553 -15471.691|7132.490 -15471.402|7133.356 -15470.935|7134.111 -15470.301|7134.727 -15469.534|7135.188 -15468.666|7135.461 -15467.721|7135.544 -15466.732|7135.440 -15458.025
101 PRESTWICK ME SE,6934.023 -14177.727|6942.020 -14168.153|6941.894 -14166.741|6920.196 -14148.416|6913.806 -14149.305|6912.352 -14151.752|6909.948 -14156.333|6912.926 -14158.979
105 PRESTWICK ME SE,6934.023 -14177.727|6912.926 -14158.979|6909.948 -14156.333|6908.536 -14159.024|6907.732 -14160.403|6906.809 -14161.715|6905.781 -14162.949|6904.656 -14164.083|6921.769 -14187.879|6923.509 -14190.314
109 PRESTWICK ME SE,6923.509 -14190.314|6921.769 -14187.879|6904.656 -14164.083|6902.915 -14165.495|6901.021 -14166.696|6899.001 -14167.664|6896.876 -14168.375|6908.032 -14200.244|6912.227 -14200.244|6917.127 -14197.953
113 PRESTWICK ME SE,6908.032 -14200.244|6896.876 -14168.375|6894.709 -14168.820|6892.507 -14169.009|6890.298 -14168.931|6888.116 -14168.587|6887.417 -14168.431|6891.032 -14200.244
117 PRESTWICK ME SE,6891.032 -14200.244|6887.417 -14168.431|6880.119 -14166.852|6879.560 -14166.730|6877.575 -14166.429|6877.575 -14169.443|6877.575 -14170.421|6877.561 -14200.233
121 PRESTWICK ME SE,6877.575 -14166.429|6875.583 -14166.274|6874.618 -14166.251|6867.257 -14166.251|6867.257 -14166.652|6867.243 -14200.233|6877.561 -14200.233|6877.575 -14170.421|6877.575 -14169.443
125 PRESTWICK ME SE,6867.243 -14200.233|6867.257 -14166.652|6867.257 -14166.251|6856.324 -14166.251|6856.324 -14170.243|6856.310 -14200.233
129 PRESTWICK ME SE,6856.310 -14200.233|6856.324 -14170.243|6856.324 -14166.251|6846.006 -14166.240|6845.992 -14200.221
133 PRESTWICK ME SE,6845.992 -14200.221|6846.006 -14166.240|6835.073 -14166.240|6835.073 -14170.232|6835.059 -14200.221
137 PRESTWICK ME SE,6835.059 -14200.221|6835.073 -14170.232|6835.073 -14166.240|6824.755 -14166.240|6824.755 -14166.641|6824.741 -14200.221
141 PRESTWICK ME SE,6813.808 -14200.210|6824.741 -14200.221|6824.755 -14166.641|6824.755 -14166.240|6821.553 -14166.240|6818.666 -14166.374|6815.807 -14166.796|6813.815 -14167.263|6813.815 -14170.377|6813.815 -14171.255
145 PRESTWICK ME SE,6813.808 -14200.210|6813.815 -14171.255|6813.815 -14167.263|6811.850 -14167.864|6809.935 -14168.598|6808.069 -14169.465|6806.272 -14170.466|6804.923 -14171.177|6803.497 -14171.744|6803.490 -14200.210
149 PRESTWICK ME SE,6803.497 -14171.744|6802.218 -14172.111|6800.910 -14172.345|6799.582 -14172.467|6798.254 -14172.456|6796.933 -14172.323|6795.625 -14172.056|6794.353 -14171.678|6793.116 -14171.177|6792.564 -14175.525|6792.557 -14200.210|6803.490 -14200.210
153 PRESTWICK ME SE,6793.116 -14171.177|6791.354 -14170.210|6789.747 -14168.998|6788.327 -14167.575|6787.118 -14165.962|6782.246 -14176.270|6782.239 -14200.199|6792.557 -14200.210|6792.564 -14175.525
157 PRESTWICK ME SE,6787.118 -14165.962|6786.139 -14164.172|6785.433 -14162.260|6785.000 -14160.269|6784.853 -14158.234|6769.942 -14158.223|6771.152 -14197.197|6774.221 -14200.199|6782.239 -14200.199|6782.246 -14176.270
108 PRESTWICK ME SE,6886.837 -14150.273|6888.061 -14150.206|6889.263 -14150.006|6890.437 -14149.672|6891.570 -14149.216|6892.646 -14148.638|6893.653 -14147.949|6894.576 -14147.148|6895.408 -14146.259|6900.070 -14140.677|6900.357 -14133.560|6899.637 -14132.070|6899.043 -14130.513|6898.595 -14128.912|6898.288 -14127.278|6898.127 -14125.621|6898.113 -14123.964|6898.246 -14122.296|6898.518 -14120.662|6899.252 -14117.270|6898.469 -14116.292|6884.440 -14116.292|6884.433 -14146.270|6884.433 -14149.872|6884.433 -14150.273|6886.418 -14150.262
116 PRESTWICK ME SE,6884.433 -14150.273|6884.433 -14149.872|6884.433 -14146.270|6884.440 -14116.292|6874.122 -14116.292|6874.115 -14149.861|6874.115 -14150.262
122 PRESTWICK ME SE,6874.115 -14150.262|6874.115 -14149.861|6874.122 -14116.292|6865.796 -14116.280|6863.804 -14116.280|6863.811 -14119.283|6863.797 -14146.259|6863.797 -14149.861|6863.797 -14150.262|6865.782 -14150.262
126 PRESTWICK ME SE,6863.797 -14150.262|6863.797 -14149.861|6863.797 -14146.259|6863.811 -14119.283|6863.804 -14116.280|6861.818 -14116.280|6853.486 -14116.280|6853.479 -14149.861|6853.479 -14150.262|6861.804 -14150.262
130 PRESTWICK ME SE,6853.479 -14150.262|6853.479 -14149.861|6853.486 -14116.280|6843.168 -14116.280|6843.161 -14146.247|6843.161 -14150.250
134 PRESTWICK ME SE,6843.161 -14150.250|6843.161 -14146.247|6843.168 -14116.280|6832.857 -14116.269|6832.843 -14150.250
138 PRESTWICK ME SE,6832.843 -14150.250|6832.857 -14116.269|6821.924 -14116.269|6821.910 -14146.247|6821.910 -14149.850|6821.910 -14150.250
142 PRESTWICK ME SE,6821.910 -14150.250|6821.910 -14149.850|6821.910 -14146.247|6821.924 -14116.269|6811.599 -14116.269|6811.592 -14148.516|6813.731 -14149.194|6815.919 -14149.706|6818.135 -14150.050|6820.372 -14150.228|6821.560 -14150.250
146 PRESTWICK ME SE,6811.592 -14148.516|6811.599 -14116.269|6801.288 -14116.258|6801.288 -14119.260|6801.281 -14140.176|6801.274 -14144.179|6802.588 -14144.457|6803.867 -14144.858|6805.098 -14145.369|6806.279 -14146.003|6808.872 -14147.393
150 PRESTWICK ME SE,6801.274 -14144.179|6801.281 -14140.176|6801.288 -14119.260|6801.288 -14116.258|6790.970 -14116.258|6790.956 -14140.943|6793.130 -14145.280|6795.080 -14144.557|6797.121 -14144.124|6799.198 -14143.990
154 PRESTWICK ME SE,6793.130 -14145.280|6790.956 -14140.943|6790.970 -14116.258|6780.652 -14116.258|6780.645 -14140.187|6787.111 -14150.528|6788.320 -14148.905|6789.747 -14147.471|6791.354 -14146.259
158 PRESTWICK ME SE,6787.111 -14150.528|6780.645 -14140.187|6780.652 -14116.258|6771.627 -14116.247|6768.740 -14119.249|6769.942 -14158.223|6784.853 -14158.234|6785.000 -14156.199|6785.433 -14154.209|6786.139 -14152.308
1037 PRESTWICK CI SE,6954.897 -14177.727|6947.983 -14171.889|6946.585 -14172.011|6927.410 -14194.962|6927.780 -14199.187|6929.039 -14200.255|6933.170 -14203.746|6952.345 -14180.785
1041 PRESTWICK CI SE,6962.803 -14184.398|6954.897 -14177.727|6952.345 -14180.785|6933.170 -14203.746|6941.069 -14210.418
1045 PRESTWICK CI SE,6941.069 -14210.418|6948.976 -14217.090|6968.150 -14194.128|6968.787 -14193.361|6970.709 -14191.070|6969.185 -14189.780|6962.803 -14184.398
1049 PRESTWICK CI SE,6948.976 -14217.090|6956.882 -14223.761|6978.608 -14197.742|6972.233 -14192.349|6970.709 -14191.070|6968.787 -14193.361|6968.150 -14194.128
1053 PRESTWICK CI SE,6986.514 -14204.414|6978.608 -14197.742|6956.882 -14223.761|6964.781 -14230.433|6983.963 -14207.471|6984.599 -14206.715
1057 PRESTWICK CI SE,6964.781 -14230.433|6972.687 -14237.105|6994.421 -14211.085|6988.038 -14205.692|6986.514 -14204.414|6984.599 -14206.715|6983.963 -14207.471
1061 PRESTWICK CI SE,7002.320 -14217.757|6994.421 -14211.085|6972.687 -14237.105|6980.587 -14243.777|6999.768 -14220.815|7000.405 -14220.059
1065 PRESTWICK CI SE,6980.587 -14243.777|6988.493 -14250.459|7010.226 -14224.429|7003.844 -14219.047|7002.320 -14217.757|7000.405 -14220.059|6999.768 -14220.815
1069 PRESTWICK CI SE,7018.125 -14231.111|7010.226 -14224.429|6988.493 -14250.459|6996.399 -14257.131|7015.574 -14234.169|7016.210 -14233.402
1073 PRESTWICK CI SE,6996.399 -14257.131|7004.298 -14263.803|7026.032 -14237.783|7019.656 -14232.390|7018.125 -14231.111|7016.210 -14233.402|7015.574 -14234.169
1077 PRESTWICK CI SE,7004.298 -14263.803|7012.204 -14270.474|7031.379 -14247.513|7032.022 -14246.745|7033.938 -14244.455|7032.414 -14243.165|7026.032 -14237.783
1081 PRESTWICK CI SE,7012.204 -14270.474|7017.594 -14275.022|7021.795 -14274.655|7040.970 -14251.694|7040.851 -14250.293|7033.938 -14244.455|7032.022 -14246.745|7031.379 -14247.513
1016 PRESTWICK CI SE,6954.589 -14101.403|6954.596 -14094.553|6924.565 -14098.567|6920.622 -14099.101|6920.615 -14116.636
1020 PRESTWICK CI SE,6956.574 -14108.797|6954.589 -14107.118|6954.589 -14101.403|6920.615 -14116.636|6920.615 -14117.559|6920.685 -14118.782|6920.881 -14119.994|6921.209 -14121.173|6921.664 -14122.318|6922.237 -14123.397|6922.922 -14124.409|6923.719 -14125.343|6924.607 -14126.177|6928.410 -14129.390
1024 PRESTWICK CI SE,6963.565 -14114.701|6956.574 -14108.797|6928.410 -14129.390|6938.385 -14137.808
1028 PRESTWICK CI SE,6970.758 -14120.773|6963.565 -14114.701|6938.385 -14137.808|6947.773 -14145.736|6950.479 -14142.800
1032 PRESTWICK CI SE,6978.378 -14127.211|6970.758 -14120.773|6950.479 -14142.800|6947.773 -14145.736|6956.651 -14153.231
1036 PRESTWICK CI SE,6986.284 -14133.883|6978.378 -14127.211|6956.651 -14153.231|6964.550 -14159.902|6966.822 -14157.189|6967.109 -14156.833
1040 PRESTWICK CI SE,6972.450 -14166.574|6992.268 -14142.845|6994.183 -14140.554|6992.666 -14139.264|6986.284 -14133.883|6967.109 -14156.833|6966.822 -14157.189|6964.550 -14159.902|6966.074 -14161.181
1044 PRESTWICK CI SE,6982.914 -14170.177|7002.082 -14147.226|6995.707 -14141.833|6994.183 -14140.554|6992.268 -14142.845|6972.450 -14166.574|6978.832 -14171.956|6980.349 -14173.246|6982.271 -14170.944
1048 PRESTWICK CI SE,7009.988 -14153.887|7002.082 -14147.226|6982.914 -14170.177|6982.271 -14170.944|6980.349 -14173.246|6988.255 -14179.917
1052 PRESTWICK CI SE,7017.888 -14160.558|7009.988 -14153.887|6988.255 -14179.917|6996.154 -14186.589|6998.077 -14184.287|6998.713 -14183.520
1056 PRESTWICK CI SE,7004.054 -14193.250|7023.872 -14169.532|7025.787 -14167.230|7025.032 -14166.585|7017.888 -14160.558|6998.713 -14183.520|6998.077 -14184.287|6996.154 -14186.589|6997.678 -14187.868
1060 PRESTWICK CI SE,7011.960 -14199.921|7013.875 -14197.631|7014.518 -14196.863|7033.686 -14173.902|7026.556 -14167.875|7025.787 -14167.230|7023.872 -14169.532|7004.054 -14193.250|7010.436 -14198.643
1064 PRESTWICK CI SE,7019.859 -14206.593|7039.677 -14182.875|7041.592 -14180.573|7040.068 -14179.295|7033.686 -14173.902|7014.518 -14196.863|7013.875 -14197.631|7011.960 -14199.921|7013.484 -14201.211
1068 PRESTWICK CI SE,7027.758 -14213.265|7029.681 -14210.974|7030.247 -14210.296|7049.492 -14187.245|7043.116 -14181.863|7041.592 -14180.573|7039.677 -14182.875|7019.859 -14206.593|7026.241 -14211.986
1072 PRESTWICK CI SE,7035.658 -14219.936|7057.391 -14193.917|7049.492 -14187.245|7030.247 -14210.296|7029.681 -14210.974|7027.758 -14213.265|7029.282 -14214.555
1076 PRESTWICK CI SE,7065.297 -14200.588|7057.391 -14193.917|7035.658 -14219.936|7043.564 -14226.608|7045.479 -14224.317|7046.122 -14223.550
1080 PRESTWICK CI SE,7051.463 -14233.280|7073.196 -14207.260|7065.297 -14200.588|7046.122 -14223.550|7045.479 -14224.317|7043.564 -14226.608|7045.088 -14227.898
1084 PRESTWICK CI SE,7081.096 -14213.932|7073.196 -14207.260|7051.463 -14233.280|7059.362 -14239.951|7061.285 -14237.661|7061.921 -14236.894
1096 PRESTWICK CI SE,7088.149 -14258.388|7106.366 -14236.571|7106.247 -14235.170|7096.440 -14226.886|7077.265 -14249.848|7076.629 -14250.615|7074.706 -14252.906|7076.230 -14254.195|7081.851 -14258.932
204 PRESTWICK ME SE,6888.116 -14060.327|6890.102 -14060.327|6896.379 -14060.327|6900.860 -14055.835|6900.867 -14027.358|6899.874 -14026.357|6888.123 -14026.346|6888.116 -14056.324|6888.116 -14059.927
208 PRESTWICK ME SE,6888.116 -14060.327|6888.116 -14059.927|6888.116 -14056.324|6888.123 -14026.346|6877.778 -14026.346|6877.778 -14028.347|6877.778 -14029.337|6877.764 -14059.927|6877.764 -14060.327
212 PRESTWICK ME SE,6867.425 -14060.316|6869.410 -14060.316|6877.764 -14060.327|6877.764 -14059.927|6877.778 -14029.337|6877.778 -14028.347|6877.778 -14026.346|6867.432 -14026.346|6867.425 -14056.324|6867.425 -14059.916
216 PRESTWICK ME SE,6867.425 -14060.316|6867.425 -14059.916|6867.425 -14056.324|6867.432 -14026.346|6857.093 -14026.335|6857.079 -14060.316
220 PRESTWICK ME SE,6857.079 -14060.316|6857.093 -14026.335|6846.132 -14026.335|6846.125 -14056.313|6846.125 -14060.316
224 PRESTWICK ME SE,6846.125 -14060.316|6846.125 -14056.313|6846.132 -14026.335|6835.793 -14026.335|6835.779 -14060.305
228 PRESTWICK ME SE,6835.779 -14060.305|6835.793 -14026.335|6825.447 -14026.324|6825.440 -14056.302|6825.433 -14060.305
232 PRESTWICK ME SE,6825.433 -14060.305|6825.440 -14056.302|6825.447 -14026.324|6815.101 -14026.324|6815.094 -14060.305
236 PRESTWICK ME SE,6815.094 -14060.305|6815.101 -14026.324|6804.147 -14026.324|6804.133 -14054.801|6804.133 -14058.804|6806.405 -14059.449|6808.726 -14059.927|6811.074 -14060.205|6813.437 -14060.305
240 PRESTWICK ME SE,6804.133 -14058.804|6804.133 -14054.801|6804.147 -14026.324|6793.801 -14026.313|6793.801 -14029.315|6793.794 -14051.420|6794.465 -14054.501|6796.366 -14055.157|6798.156 -14056.057|6801.071 -14057.592
244 PRESTWICK ME SE,6794.465 -14054.501|6793.794 -14051.420|6793.801 -14029.315|6793.801 -14026.313|6783.455 -14026.313|6783.448 -14050.998|6786.405 -14054.779|6788.383 -14054.278|6790.411 -14054.056|6792.452 -14054.134
248 PRESTWICK ME SE,6786.405 -14054.779|6783.448 -14050.998|6783.455 -14026.313|6773.088 -14026.313|6773.081 -14050.308|6779.855 -14059.371|6781.232 -14057.881|6782.798 -14056.602|6784.539 -14055.568
252 PRESTWICK ME SE,6776.814 -14066.788|6777.052 -14065.264|6777.457 -14063.785|6778.464 -14061.472|6779.855 -14059.371|6773.081 -14050.308|6773.088 -14026.313|6761.764 -14026.301|6761.896 -14066.776|6776.409 -14066.776
251 PRESTWICK ME SE,6773.480 -14110.254|6773.487 -14086.391|6779.890 -14077.251|6778.471 -14075.127|6777.457 -14072.781|6777.052 -14071.302|6776.814 -14069.779|6776.409 -14069.779|6761.910 -14069.779|6761.994 -14094.030|6762.498 -14110.254
203 PRESTWICK ME SE,6888.123 -14110.298|6899.651 -14110.298|6900.748 -14109.309|6900.839 -14107.085|6900.846 -14080.820|6896.379 -14076.317|6888.137 -14076.317|6888.137 -14080.309
207 PRESTWICK ME SE,6888.123 -14110.298|6888.137 -14080.309|6888.137 -14076.317|6877.834 -14076.317|6877.820 -14110.287
211 PRESTWICK ME SE,6877.820 -14110.287|6877.834 -14076.317|6867.530 -14076.306|6867.530 -14080.309|6867.516 -14110.287
215 PRESTWICK ME SE,6867.516 -14110.287|6867.530 -14080.309|6867.530 -14076.306|6857.219 -14076.306|6857.205 -14110.287
219 PRESTWICK ME SE,6857.205 -14110.287|6857.219 -14076.306|6846.285 -14076.306|6846.292 -14080.298|6846.278 -14110.276
223 PRESTWICK ME SE,6846.278 -14110.276|6846.292 -14080.298|6846.285 -14076.306|6835.982 -14076.295|6835.968 -14110.276
227 PRESTWICK ME SE,6835.968 -14110.276|6835.982 -14076.295|6825.671 -14076.295|6825.671 -14080.287|6825.657 -14110.276
231 PRESTWICK ME SE,6825.657 -14110.276|6825.671 -14080.287|6825.671 -14076.295|6815.360 -14076.295|6815.346 -14110.265
235 PRESTWICK ME SE,6815.346 -14110.265|6815.360 -14076.295|6813.430 -14076.295|6811.144 -14076.384|6808.879 -14076.639|6806.635 -14077.073|6804.427 -14077.685|6804.427 -14081.677|6804.420 -14110.265
239 PRESTWICK ME SE,6794.556 -14082.044|6794.116 -14085.580|6794.109 -14110.265|6804.420 -14110.265|6804.427 -14081.677|6804.427 -14080.854|6804.427 -14077.685|6802.448 -14078.396|6800.260 -14079.375|6798.149 -14080.520|6796.408 -14081.410
243 PRESTWICK ME SE,6794.556 -14082.044|6792.536 -14082.433|6790.474 -14082.522|6788.425 -14082.310|6786.426 -14081.799|6783.805 -14085.580|6783.798 -14110.254|6794.109 -14110.265|6794.116 -14085.580
247 PRESTWICK ME SE,6786.426 -14081.799|6784.567 -14081.032|6782.833 -14079.998|6781.267 -14078.730|6779.890 -14077.251|6773.487 -14086.391|6773.480 -14110.254|6783.798 -14110.254|6783.805 -14085.580
984 PRESTWICK CI SE,6954.617 -14033.829|6954.617 -14023.455|6920.650 -14023.444|6920.643 -14033.818|6924.180 -14033.818|6924.628 -14033.818
988 PRESTWICK CI SE,6951.632 -14044.204|6954.610 -14044.204|6954.617 -14042.202|6954.617 -14033.829|6924.628 -14033.818|6924.180 -14033.818|6920.643 -14033.818|6920.643 -14035.820|6920.643 -14044.193|6924.180 -14044.193
992 PRESTWICK CI SE,6920.636 -14054.567|6924.173 -14054.567|6924.621 -14054.567|6954.610 -14054.578|6954.617 -14046.194|6954.610 -14044.204|6951.632 -14044.204|6924.180 -14044.193|6920.643 -14044.193|6920.636 -14052.566
996 PRESTWICK CI SE,6954.610 -14054.578|6924.621 -14054.567|6924.173 -14054.567|6920.636 -14054.567|6920.636 -14064.942|6954.603 -14064.953
1004 PRESTWICK CI SE,6954.603 -14075.327|6954.603 -14064.953|6920.636 -14064.942|6920.629 -14075.316|6924.173 -14075.305|6924.614 -14075.305
1008 PRESTWICK CI SE,6951.618 -14085.691|6954.596 -14085.702|6954.603 -14083.700|6954.603 -14075.327|6924.614 -14075.305|6924.173 -14075.305|6920.629 -14075.316|6920.629 -14077.307|6920.629 -14085.680|6924.166 -14085.691
1012 PRESTWICK CI SE,6924.565 -14098.567|6954.596 -14094.553|6954.512 -14087.692|6954.596 -14085.702|6951.618 -14085.691|6924.166 -14085.691|6920.629 -14085.680|6920.622 -14097.077|6920.622 -14099.101
202 PRESTWICK CI SE,7726.428 -13878.913|7722.451 -13878.913|7692.630 -13878.890|7692.623 -13889.632|7693.615 -13890.633|7721.948 -13890.655|7726.421 -13886.151
206 PRESTWICK CI SE,7726.428 -13878.913|7726.428 -13871.262|7692.637 -13871.251|7692.630 -13878.890|7722.451 -13878.913
210 PRESTWICK CI SE,7726.435 -13863.623|7722.458 -13863.612|7695.621 -13863.601|7692.637 -13863.601|7692.637 -13871.251|7726.428 -13871.262
214 PRESTWICK CI SE,7726.435 -13863.623|7726.435 -13855.973|7692.644 -13855.962|7692.637 -13863.601|7695.621 -13863.601|7722.458 -13863.612
218 PRESTWICK CI SE,7726.442 -13848.334|7722.465 -13848.323|7692.644 -13848.312|7692.644 -13855.962|7726.435 -13855.973
222 PRESTWICK CI SE,7726.442 -13848.334|7726.449 -13840.684|7692.651 -13840.662|7692.644 -13848.312|7722.465 -13848.323
226 PRESTWICK CI SE,7726.449 -13833.034|7722.472 -13833.034|7692.651 -13833.022|7692.651 -13840.662|7726.449 -13840.684
230 PRESTWICK CI SE,7726.449 -13833.034|7726.456 -13825.394|7692.657 -13825.372|7692.651 -13833.022|7722.472 -13833.034
234 PRESTWICK CI SE,7726.456 -13817.744|7722.479 -13817.744|7695.642 -13817.733|7692.664 -13817.733|7692.657 -13825.372|7726.456 -13825.394
238 PRESTWICK CI SE,7726.456 -13817.744|7726.463 -13810.105|7692.664 -13810.083|7692.664 -13817.733|7695.642 -13817.733|7722.479 -13817.744
242 PRESTWICK CI SE,7726.463 -13802.455|7722.493 -13802.455|7692.671 -13802.444|7692.664 -13810.083|7726.463 -13810.105
246 PRESTWICK CI SE,7726.463 -13802.455|7726.470 -13794.816|7692.671 -13794.794|7692.671 -13802.444|7722.493 -13802.455
250 PRESTWICK CI SE,7726.470 -13787.166|7722.500 -13787.166|7692.678 -13787.155|7692.671 -13794.794|7726.470 -13794.816
254 PRESTWICK CI SE,7726.470 -13787.166|7726.477 -13779.527|7692.678 -13779.504|7692.678 -13787.155|7722.500 -13787.166
258 PRESTWICK CI SE,7726.484 -13771.876|7722.507 -13771.876|7692.685 -13771.865|7692.678 -13779.504|7726.477 -13779.527
262 PRESTWICK CI SE,7726.484 -13771.876|7726.484 -13764.237|7695.670 -13764.215|7692.685 -13764.215|7692.685 -13771.865|7722.507 -13771.876
266 PRESTWICK CI SE,7726.491 -13756.587|7722.514 -13756.587|7692.692 -13756.565|7692.685 -13764.215|7695.670 -13764.215|7726.484 -13764.237
270 PRESTWICK CI SE,7726.491 -13756.587|7726.491 -13748.937|7692.699 -13748.926|7692.692 -13756.565|7722.514 -13756.587
274 PRESTWICK CI SE,7726.498 -13741.298|7692.706 -13741.276|7692.699 -13748.926|7726.491 -13748.937
204 PRESTWICK AV SE,7756.620 -13980.611|7756.620 -13976.608|7756.634 -13946.630|7747.169 -13946.630|7746.170 -13947.631|7746.156 -13976.108|7750.630 -13980.611
208 PRESTWICK AV SE,7764.198 -13980.611|7764.212 -13946.641|7756.634 -13946.630|7756.620 -13976.608|7756.620 -13980.611
212 PRESTWICK AV SE,7771.776 -13980.623|7771.776 -13976.620|7771.797 -13946.641|7764.212 -13946.641|7764.198 -13980.611
216 PRESTWICK AV SE,7779.353 -13980.623|7779.374 -13949.644|7779.374 -13946.641|7771.797 -13946.641|7771.776 -13976.620|7771.776 -13980.623
220 PRESTWICK AV SE,7786.938 -13980.623|7786.938 -13976.631|7786.952 -13946.653|7779.374 -13946.641|7779.374 -13949.644|7779.353 -13980.623
224 PRESTWICK AV SE,7794.516 -13980.634|7794.530 -13946.653|7786.952 -13946.653|7786.938 -13976.631|7786.938 -13980.623
228 PRESTWICK AV SE,7802.100 -13980.634|7802.100 -13976.642|7802.114 -13946.653|7794.530 -13946.653|7794.516 -13980.634
232 PRESTWICK AV SE,7809.678 -13980.645|7809.699 -13946.664|7802.114 -13946.653|7802.100 -13976.642|7802.100 -13980.634
236 PRESTWICK AV SE,7817.263 -13980.645|7817.263 -13976.642|7817.277 -13946.664|7809.699 -13946.664|7809.678 -13980.645
240 PRESTWICK AV SE,7824.840 -13980.645|7824.861 -13946.664|7817.277 -13946.664|7817.263 -13976.642|7817.263 -13980.645
244 PRESTWICK AV SE,7832.425 -13980.656|7832.425 -13976.653|7832.446 -13946.675|7824.861 -13946.664|7824.840 -13980.645
248 PRESTWICK AV SE,7840.003 -13980.656|7840.024 -13949.677|7840.024 -13946.675|7832.446 -13946.675|7832.425 -13976.653|7832.425 -13980.656
252 PRESTWICK AV SE,7847.587 -13980.656|7847.587 -13976.664|7847.608 -13946.686|7840.024 -13946.675|7840.024 -13949.677|7840.003 -13980.656
256 PRESTWICK AV SE,7855.165 -13980.667|7855.186 -13946.686|7847.608 -13946.686|7847.587 -13976.664|7847.587 -13980.656
260 PRESTWICK AV SE,7862.750 -13980.667|7862.757 -13976.675|7862.771 -13946.686|7855.186 -13946.686|7855.165 -13980.667
264 PRESTWICK AV SE,7862.750 -13980.667|7869.223 -13980.667|7874.431 -13976.242|7879.324 -13946.686|7862.771 -13946.686|7862.757 -13976.675
325 PRESTWICK ESTATE WY SE,7140.186 -14069.445|7140.186 -14080.086|7138.879 -14081.654|7177.935 -14081.677|7174.153 -14078.474|7174.160 -14069.456|7173.761 -14069.456
329 PRESTWICK ESTATE WY SE,7177.935 -14081.677|7138.879 -14081.654|7136.320 -14084.723|7128.680 -14093.864|7183.387 -14093.886|7183.940 -14093.185|7183.331 -14086.236
333 PRESTWICK ESTATE WY SE,7178.522 -14103.537|7179.403 -14100.969|7180.514 -14098.489|7181.842 -14096.121|7183.387 -14093.886|7128.680 -14093.864|7113.469 -14112.066|7113.839 -14116.292|7114.629 -14116.959
337 PRESTWICK ESTATE WY SE,7132.790 -14132.292|7174.628 -14115.947|7177.501 -14114.824|7177.361 -14112.733|7177.382 -14110.398|7177.585 -14108.085|7177.963 -14105.795|7178.522 -14103.537|7114.629 -14116.959
341 PRESTWICK ESTATE WY SE,7180.172 -14124.431|7179.382 -14122.596|7178.718 -14120.728|7178.186 -14118.805|7177.781 -14116.859|7177.501 -14114.824|7174.628 -14115.947|7132.790 -14132.292|7150.245 -14147.037
345 PRESTWICK ESTATE WY SE,7187.057 -14133.727|7185.002 -14131.670|7183.157 -14129.424|7181.542 -14127.000|7180.172 -14124.431|7150.245 -14147.037|7163.213 -14157.990
349 PRESTWICK ESTATE WY SE,7163.213 -14157.990|7173.908 -14167.019|7195.642 -14140.999|7187.812 -14134.383|7187.057 -14133.727
3 PRESTWICK ESTATE WY SE,7206.910 -14150.506|7205.379 -14149.216|7197.927 -14142.923|7176.194 -14168.942|7187.791 -14178.739|7205.219 -14152.997|7206.687 -14150.840
7 PRESTWICK ESTATE WY SE,7216.068 -14156.199|7213.873 -14155.232|7211.762 -14154.098|7209.755 -14152.786|7207.861 -14151.307|7206.910 -14150.506|7187.791 -14178.739|7201.129 -14190.003
11 PRESTWICK ESTATE WY SE,7220.367 -14191.482|7226.260 -14161.214|7226.847 -14158.212|7224.827 -14158.156|7222.590 -14157.923|7220.374 -14157.523|7218.193 -14156.944|7216.068 -14156.199|7201.129 -14190.003|7201.346 -14190.181|7204.855 -14191.470
15 PRESTWICK ESTATE WY SE,7235.935 -14191.482|7237.466 -14156.166|7235.382 -14156.900|7233.250 -14157.478|7231.076 -14157.890|7228.881 -14158.134|7227.931 -14158.190|7226.847 -14158.212|7226.260 -14161.214|7220.367 -14191.482
19 PRESTWICK ESTATE WY SE,7249.342 -14191.493|7249.363 -14147.682|7249.168 -14147.693|7246.665 -14150.351|7243.848 -14152.663|7240.765 -14154.609|7237.473 -14156.166|7235.935 -14191.482
23 PRESTWICK ESTATE WY SE,7264.029 -14191.493|7265.015 -14190.492|7264.973 -14182.275|7264.987 -14159.680|7261.562 -14152.285|7255.473 -14147.148|7251.349 -14147.504|7250.859 -14147.548|7249.727 -14147.649|7249.363 -14147.682|7249.342 -14191.493
64 PRESTWICK ESTATE WY SE,7319.939 -14273.755|7283.267 -14244.177|7283.477 -14246.757|7275.941 -14247.123|7290.474 -14280.337|7317.283 -14277.613|7319.988 -14274.322
68 PRESTWICK ESTATE WY SE,7290.474 -14280.337|7275.941 -14247.123|7265.889 -14247.401|7268.035 -14281.138|7289.866 -14280.404
72 PRESTWICK ESTATE WY SE,7268.035 -14281.138|7265.889 -14247.401|7259.038 -14247.457|7253.893 -14247.457|7254.641 -14281.438|7259.024 -14281.438
76 PRESTWICK ESTATE WY SE,7253.893 -14247.457|7243.820 -14247.457|7241.835 -14247.446|7241.835 -14247.846|7241.835 -14250.448|7241.821 -14281.427|7254.641 -14281.438|7253.900 -14247.857
80 PRESTWICK ESTATE WY SE,7241.835 -14247.446|7239.849 -14247.446|7229.685 -14247.446|7229.685 -14247.846|7229.671 -14281.427|7241.821 -14281.427|7241.835 -14250.448|7241.835 -14247.846
84 PRESTWICK ESTATE WY SE,7229.685 -14247.446|7219.528 -14247.446|7217.543 -14247.435|7217.543 -14247.835|7217.543 -14250.437|7217.529 -14281.416|7229.671 -14281.427|7229.685 -14247.846
88 PRESTWICK ESTATE WY SE,7217.543 -14247.435|7215.557 -14247.446|7205.701 -14247.435|7205.673 -14247.835|7203.017 -14281.416|7217.529 -14281.416|7217.543 -14250.437|7217.543 -14247.835
92 PRESTWICK ESTATE WY SE,7205.701 -14247.435|7197.012 -14247.435|7194.943 -14247.435|7194.111 -14250.426|7185.512 -14281.405|7203.017 -14281.416|7205.673 -14247.835
96 PRESTWICK ESTATE WY SE,7194.943 -14247.435|7192.880 -14247.435|7183.611 -14247.424|7165.883 -14277.691|7166.673 -14278.358|7174.964 -14281.405|7185.512 -14281.405|7194.111 -14250.426
100 PRESTWICK ESTATE WY SE,7176.481 -14242.275|7174.957 -14240.986|7174.705 -14241.286|7173.041 -14243.287|7153.223 -14267.005|7165.883 -14277.691|7183.611 -14247.424|7182.583 -14247.424
104 PRESTWICK ESTATE WY SE,7173.041 -14243.287|7174.705 -14241.286|7174.957 -14240.986|7173.433 -14239.707|7165.659 -14233.135|7165.401 -14233.435|7143.926 -14259.155|7153.223 -14267.005
108 PRESTWICK ESTATE WY SE,7165.659 -14233.135|7158.347 -14226.964|7156.823 -14225.674|7156.572 -14225.985|7154.908 -14227.976|7135.090 -14251.694|7143.926 -14259.155|7165.401 -14233.435
112 PRESTWICK ESTATE WY SE,7154.908 -14227.976|7156.572 -14225.985|7156.823 -14225.674|7155.307 -14224.395|7148.183 -14218.368|7143.982 -14218.747|7142.437 -14218.880|7141.878 -14218.924|7123.661 -14240.741|7123.738 -14241.275|7123.779 -14242.142|7124.164 -14242.464|7135.090 -14251.694
116 PRESTWICK ESTATE WY SE,7110.924 -14230.500|7111.483 -14230.455|7129.700 -14208.639|7129.651 -14208.083|7129.197 -14202.868|7129.148 -14202.312|7122.137 -14196.385|7120.613 -14195.095|7120.354 -14195.407|7098.879 -14221.115|7109.701 -14230.255|7110.078 -14230.578
120 PRESTWICK ESTATE WY SE,7120.613 -14195.095|7111.308 -14187.245|7111.057 -14187.545|7109.393 -14189.536|7089.575 -14213.265|7098.879 -14221.115|7120.354 -14195.407
124 PRESTWICK ESTATE WY SE,7109.393 -14189.536|7111.057 -14187.545|7111.308 -14187.245|7103.528 -14180.673|7102.011 -14179.384|7101.752 -14179.695|7080.278 -14205.403|7089.575 -14213.265
128 PRESTWICK ESTATE WY SE,7102.011 -14179.384|7092.707 -14171.533|7092.448 -14171.845|7090.791 -14173.835|7070.973 -14197.553|7080.278 -14205.403|7101.752 -14179.695
132 PRESTWICK ESTATE WY SE,7090.791 -14173.835|7092.448 -14171.845|7092.707 -14171.533|7084.926 -14164.973|7083.409 -14163.683|7083.151 -14163.983|7061.669 -14189.702|7070.973 -14197.553
136 PRESTWICK ESTATE WY SE,7083.409 -14163.683|7081.886 -14162.393|7074.105 -14155.821|7073.853 -14156.133|7072.190 -14158.123|7052.372 -14181.841|7061.669 -14189.702|7083.151 -14163.983
73 PRESTWICK ESTATE WY SE,7249.650 -14231.467|7259.045 -14231.467|7262.471 -14231.456|7266.217 -14227.409|7265.546 -14212.953|7265.127 -14198.487|7264.120 -14197.497|7249.664 -14197.486
77 PRESTWICK ESTATE WY SE,7249.650 -14231.467|7249.664 -14197.486|7237.529 -14197.475|7237.529 -14200.477|7237.515 -14228.465|7237.515 -14231.056|7237.515 -14231.456
81 PRESTWICK ESTATE WY SE,7237.515 -14231.456|7237.515 -14231.056|7237.515 -14228.465|7237.529 -14200.477|7237.529 -14197.475|7224.785 -14197.475|7224.771 -14231.056|7224.771 -14231.456|7226.756 -14231.456
85 PRESTWICK ESTATE WY SE,7224.771 -14231.456|7224.771 -14231.056|7224.785 -14197.475|7213.761 -14197.464|7209.727 -14231.056|7209.678 -14231.445|7222.786 -14231.456
93 PRESTWICK ESTATE WY SE,7209.678 -14231.445|7209.727 -14231.056|7213.761 -14197.464|7203.219 -14197.464|7190.699 -14230.656|7192.852 -14231.434
101 PRESTWICK ESTATE WY SE,7203.219 -14197.464|7200.696 -14197.464|7194.509 -14192.249|7175.928 -14220.926|7184.953 -14228.543|7190.699 -14230.656
105 PRESTWICK ESTATE WY SE,7194.509 -14192.249|7185.463 -14184.610|7163.730 -14210.629|7175.928 -14220.926
109 PRESTWICK ESTATE WY SE,7185.463 -14184.610|7176.173 -14176.759|7154.440 -14202.779|7163.730 -14210.629
113 PRESTWICK ESTATE WY SE,7142.870 -14193.016|7152.154 -14200.855|7172.608 -14176.359|7173.887 -14174.836|7164.604 -14166.996|7143.304 -14192.493
117 PRESTWICK ESTATE WY SE,7143.304 -14192.493|7164.604 -14166.996|7154.852 -14158.757|7135.034 -14182.475|7133.545 -14184.254|7133.119 -14184.777|7134.636 -14186.055|7142.870 -14193.016
121 PRESTWICK ESTATE WY SE,7133.545 -14184.254|7135.034 -14182.475|7154.852 -14158.757|7145.562 -14150.907|7124.262 -14176.415|7123.828 -14176.926|7131.595 -14183.487|7133.119 -14184.777
125 PRESTWICK ESTATE WY SE,7124.262 -14176.415|7145.562 -14150.907|7137.795 -14144.357|7136.278 -14143.067|7134.356 -14145.369|7116.460 -14166.796|7114.978 -14168.564|7114.545 -14169.087|7116.062 -14170.377|7123.828 -14176.926
129 PRESTWICK ESTATE WY SE,7114.978 -14168.564|7116.460 -14166.796|7134.356 -14145.369|7136.278 -14143.067|7134.755 -14141.789|7126.988 -14135.228|7105.695 -14160.725|7105.255 -14161.248|7113.021 -14167.808|7114.545 -14169.087
133 PRESTWICK ESTATE WY SE,7126.988 -14135.228|7117.991 -14127.633|7117.229 -14126.988|7116.272 -14128.134|7115.950 -14128.523|7097.418 -14150.717|7095.936 -14152.485|7095.496 -14153.008|7097.020 -14154.298|7105.255 -14161.248|7105.695 -14160.725
137 PRESTWICK ESTATE WY SE,7117.229 -14126.988|7110.001 -14120.884|7105.800 -14121.251|7086.625 -14144.213|7086.744 -14145.614|7095.496 -14153.008|7095.936 -14152.485|7097.418 -14150.717|7115.950 -14128.523|7116.272 -14128.134
2 ELGIN DR SE,7005.745 -15463.474|7005.745 -15450.942|7004.753 -15449.986|6976.721 -15451.176|6975.777 -15451.309|6974.882 -15451.620|6974.057 -15452.098|6973.344 -15452.710|6972.750 -15453.466|6972.317 -15454.311|6972.051 -15455.223|6971.960 -15456.168|6971.960 -15463.463
6 ELGIN DR SE,7005.745 -15473.926|7005.745 -15463.474|6971.960 -15463.463|6971.960 -15473.915
10 ELGIN DR SE,7005.738 -15484.367|7005.745 -15473.926|6971.960 -15473.915|6971.953 -15484.356
14 ELGIN DR SE,7005.738 -15494.808|7005.738 -15484.367|6971.953 -15484.356|6971.953 -15494.797
18 ELGIN DR SE,7005.731 -15505.250|7005.738 -15494.808|6971.953 -15494.797|6971.946 -15505.250
22 ELGIN DR SE,7005.731 -15515.702|7005.731 -15505.250|6971.946 -15505.250|6971.946 -15515.691
26 ELGIN DR SE,7005.731 -15525.520|7005.731 -15515.702|6971.946 -15515.691|6971.939 -15525.520
3 ELGIN DR SE,6920.986 -15465.420|6954.771 -15465.420|6954.771 -15457.325|6954.715 -15456.591|6954.561 -15455.868|6954.295 -15455.167|6953.932 -15454.522|6953.093 -15453.577|6952.044 -15452.866|6950.856 -15452.443|6949.591 -15452.332|6921.978 -15453.499|6921.783 -15453.711|6920.986 -15454.545|6920.986 -15455.946
7 ELGIN DR SE,6954.764 -15475.872|6954.771 -15465.420|6920.986 -15465.420|6920.979 -15475.861
11 ELGIN DR SE,6954.764 -15486.258|6954.764 -15475.872|6920.979 -15475.861|6920.979 -15486.258
15 ELGIN DR SE,6954.764 -15496.654|6954.764 -15486.258|6920.979 -15486.258|6920.979 -15496.643
19 ELGIN DR SE,6954.757 -15507.051|6954.764 -15496.654|6920.979 -15496.643|6920.972 -15507.040
23 ELGIN DR SE,6954.757 -15517.437|6954.757 -15507.051|6920.972 -15507.040|6920.972 -15517.437
27 ELGIN DR SE,6954.750 -15527.233|6954.757 -15517.437|6920.972 -15517.437|6920.965 -15527.233
466 ELGIN WY SE,7095.160 -15522.040|7095.160 -15511.643|7061.375 -15511.632|7061.375 -15522.029
470 ELGIN WY SE,7095.160 -15511.643|7095.167 -15501.247|7061.382 -15501.247|7061.375 -15511.632
474 ELGIN WY SE,7095.167 -15501.247|7095.167 -15490.060|7094.175 -15489.060|7066.353 -15489.049|7065.381 -15489.149|7064.451 -15489.438|7063.591 -15489.894|7062.836 -15490.516|7062.221 -15491.272|7061.760 -15492.140|7061.480 -15493.074|7061.382 -15494.052|7061.382 -15501.247
465 ELGIN WY SE,7045.479 -15524.486|7045.479 -15513.990|7011.694 -15513.978|7011.694 -15524.475
469 ELGIN WY SE,7045.479 -15513.990|7045.479 -15503.493|7011.694 -15503.482|7011.694 -15513.978
473 ELGIN WY SE,7045.479 -15503.493|7045.486 -15492.996|7011.701 -15492.985|7011.694 -15503.482
477 ELGIN WY SE,7045.486 -15492.996|7045.486 -15482.499|7011.701 -15482.499|7011.701 -15492.985
1 ELGIN WY SE,7045.486 -15482.499|7045.493 -15472.013|7011.708 -15472.002|7011.701 -15482.499
5 ELGIN WY SE,7045.493 -15472.013|7045.493 -15461.517|7011.708 -15461.506|7011.708 -15472.002
9 ELGIN WY SE,7045.493 -15461.517|7045.493 -15453.477|7045.395 -15452.477|7045.102 -15451.509|7044.619 -15450.631|7043.969 -15449.863|7043.179 -15449.252|7042.284 -15448.796|7041.320 -15448.540|7040.320 -15448.473|7012.701 -15449.652|7011.708 -15450.697|7011.708 -15461.506
6 ELGIN WY SE,7061.459 -15459.571|7061.389 -15460.961|7061.389 -15466.765|7061.487 -15467.744|7061.767 -15468.678|7062.221 -15469.534|7062.843 -15470.301|7063.591 -15470.913|7064.451 -15471.380|7065.388 -15471.669|7066.360 -15471.758|7094.182 -15471.769|7095.174 -15470.768|7095.174 -15459.582
10 ELGIN WY SE,7095.174 -15459.582|7095.181 -15447.973|7064.249 -15449.363|7064.032 -15450.742|7063.703 -15452.098|7063.277 -15453.422|7062.746 -15454.712|7062.270 -15455.879|7061.900 -15457.091|7061.627 -15458.314|7061.459 -15459.571
14 ELGIN WY SE,7095.181 -15447.973|7095.188 -15427.802|7063.116 -15440.590|7063.808 -15442.714|7064.228 -15444.904|7064.374 -15447.128|7064.249 -15449.363
18 ELGIN WY SE,7095.188 -15427.802|7095.195 -15399.136|7093.706 -15397.702|7058.412 -15433.807|7059.873 -15435.286|7061.159 -15436.920|7062.242 -15438.699|7063.116 -15440.590
22 ELGIN WY SE,7093.706 -15397.702|7092.217 -15396.267|7078.306 -15396.857|7059.880 -15397.635|7051.176 -15429.859|7053.148 -15430.516|7055.021 -15431.405|7056.783 -15432.506|7058.412 -15433.807
26 ELGIN WY SE,7051.176 -15429.859|7059.880 -15397.635|7043.004 -15398.358|7041.844 -15429.848|7044.158 -15429.381|7046.514 -15429.226|7048.870 -15429.392
30 ELGIN WY SE,7041.844 -15429.848|7043.004 -15398.358|7030.540 -15398.881|7031.967 -15432.828|7032.204 -15432.817|7033.798 -15432.662|7035.371 -15432.339|7036.895 -15431.850|7038.363 -15431.194|7040.068 -15430.427
34 ELGIN WY SE,7031.967 -15432.828|7030.540 -15398.881|7020.223 -15399.325|7021.649 -15433.262
38 ELGIN WY SE,7021.649 -15433.262|7020.223 -15399.325|7009.912 -15399.759|7011.331 -15433.707
42 ELGIN WY SE,7011.331 -15433.707|7009.912 -15399.759|6999.594 -15400.193|7001.020 -15434.140
46 ELGIN WY SE,7001.020 -15434.140|6999.594 -15400.193|6989.276 -15400.637|6990.702 -15434.585
50 ELGIN WY SE,6990.702 -15434.585|6989.276 -15400.637|6978.965 -15401.071|6980.391 -15435.019
54 ELGIN WY SE,6980.391 -15435.019|6978.965 -15401.071|6967.752 -15401.549|6969.178 -15435.497
58 ELGIN WY SE,6954.994 -15436.097|6966.200 -15435.619|6964.774 -15401.672|6953.568 -15402.150
62 ELGIN WY SE,6954.994 -15436.097|6953.568 -15402.150|6943.250 -15402.583|6944.676 -15436.531
66 ELGIN WY SE,6944.676 -15436.531|6943.250 -15402.583|6932.925 -15403.028|6934.352 -15436.976
70 ELGIN WY SE,6934.352 -15436.976|6932.925 -15403.028|6922.601 -15403.462|6924.027 -15437.410
74 ELGIN WY SE,6924.027 -15437.410|6922.601 -15403.462|6912.276 -15403.907|6913.702 -15437.854
78 ELGIN WY SE,6913.702 -15437.854|6912.276 -15403.907|6901.951 -15404.340|6903.377 -15438.288
82 ELGIN WY SE,6903.377 -15438.288|6901.951 -15404.340|6891.626 -15404.785|6893.052 -15438.733
86 ELGIN WY SE,6893.052 -15438.733|6891.626 -15404.785|6881.301 -15405.219|6882.727 -15439.166
90 ELGIN WY SE,6882.727 -15439.166|6881.301 -15405.219|6870.976 -15405.663|6872.402 -15439.611
94 ELGIN WY SE,6872.402 -15439.611|6870.976 -15405.663|6860.651 -15406.097|6862.077 -15440.045
98 ELGIN WY SE,6862.077 -15440.045|6860.651 -15406.097|6850.326 -15406.542|6851.752 -15440.479
102 ELGIN WY SE,6851.752 -15440.479|6850.326 -15406.542|6850.102 -15406.542|6839.987 -15406.542|6841.434 -15440.923
106 ELGIN WY SE,6839.987 -15406.542|6829.655 -15406.531|6831.116 -15441.346|6831.780 -15441.335|6841.434 -15440.923
110 ELGIN WY SE,6829.655 -15406.531|6819.323 -15406.520|6820.679 -15438.900|6822.357 -15439.300|6823.972 -15439.889|6825.692 -15440.534|6827.467 -15440.990|6829.285 -15441.268|6831.116 -15441.346
114 ELGIN WY SE,6819.323 -15406.520|6808.991 -15406.509|6810.431 -15440.801|6811.599 -15440.167|6812.822 -15439.645|6814.087 -15439.222|6815.388 -15438.922|6816.702 -15438.744|6818.030 -15438.677|6819.365 -15438.733|6820.679 -15438.900
118 ELGIN WY SE,6808.991 -15406.509|6798.044 -15406.497|6799.372 -15437.988|6804.601 -15447.284|6805.685 -15445.360|6807.034 -15443.614|6808.628 -15442.080|6810.431 -15440.801
122 ELGIN WY SE,6798.044 -15406.497|6790.935 -15406.486|6787.964 -15409.489|6788.111 -15453.766|6803.182 -15453.711|6803.273 -15452.054|6803.539 -15450.419|6803.986 -15448.829|6804.601 -15447.284|6799.372 -15437.988
126 ELGIN WY SE,6804.643 -15460.127|6804.014 -15458.592|6803.560 -15457.002|6803.280 -15455.368|6803.182 -15453.711|6788.111 -15453.766|6788.258 -15497.177|6791.249 -15500.168|6798.785 -15500.179|6798.792 -15469.990
130 ELGIN WY SE,6809.774 -15466.098|6808.201 -15464.886|6806.810 -15463.463|6805.615 -15461.872|6804.643 -15460.127|6798.792 -15469.990|6798.785 -15500.179|6809.767 -15500.179
134 ELGIN WY SE,6820.805 -15468.400|6819.372 -15468.600|6817.932 -15468.655|6816.485 -15468.566|6815.059 -15468.344|6813.668 -15467.977|6812.312 -15467.477|6811.005 -15466.854|6809.774 -15466.098|6809.767 -15500.179|6820.798 -15500.179
138 ELGIN WY SE,6831.773 -15500.179|6831.787 -15461.016|6830.599 -15462.095|6829.515 -15463.285|6827.705 -15465.119|6825.608 -15466.609|6823.280 -15467.710|6820.805 -15468.400|6820.798 -15500.179
142 ELGIN WY SE,6842.161 -15500.179|6842.168 -15456.902|6839.358 -15457.291|6836.646 -15458.125|6834.101 -15459.371|6831.787 -15461.016|6831.773 -15500.179
146 ELGIN WY SE,6853.143 -15500.190|6853.150 -15456.424|6842.462 -15456.880|6842.168 -15456.902|6842.161 -15500.179
150 ELGIN WY SE,6853.143 -15500.190|6864.335 -15500.190|6865.321 -15499.167|6865.335 -15461.127|6865.237 -15460.127|6864.943 -15459.159|6864.461 -15458.281|6863.811 -15457.514|6863.021 -15456.902|6862.126 -15456.446|6861.161 -15456.190|6860.162 -15456.135|6853.150 -15456.424
155 ELGIN WY SE,6915.023 -15467.866|6915.023 -15454.800|6914.030 -15453.844|6885.998 -15455.034|6885.055 -15455.167|6884.160 -15455.468|6883.335 -15455.946|6882.615 -15456.568|6882.028 -15457.313|6881.594 -15458.159|6881.329 -15459.070|6881.238 -15460.027|6881.238 -15467.855
159 ELGIN WY SE,6915.016 -15478.307|6915.023 -15467.866|6881.238 -15467.855|6881.231 -15478.296
163 ELGIN WY SE,6915.016 -15489.304|6915.016 -15478.307|6881.231 -15478.296|6881.231 -15489.293
167 ELGIN WY SE,6915.016 -15499.745|6915.016 -15489.304|6881.231 -15489.293|6881.231 -15499.734
171 ELGIN WY SE,6915.009 -15510.743|6915.016 -15499.745|6881.231 -15499.734|6881.217 -15510.732
161 PRESTWICK WY SE,7458.022 -13930.685|7424.223 -13930.663|7424.216 -13937.557|7424.216 -13939.558|7426.201 -13939.558|7427.201 -13939.625|7458.008 -13939.581
165 PRESTWICK WY SE,7458.029 -13922.090|7454.059 -13922.145|7424.230 -13922.067|7424.223 -13930.663|7458.022 -13930.685
169 PRESTWICK WY SE,7458.029 -13913.505|7424.237 -13913.483|7424.230 -13922.067|7454.059 -13922.145|7458.029 -13922.090
173 PRESTWICK WY SE,7458.036 -13904.921|7454.066 -13904.977|7424.244 -13904.899|7424.237 -13913.483|7458.029 -13913.505
177 PRESTWICK WY SE,7458.043 -13896.337|7424.251 -13896.315|7424.244 -13904.899|7454.066 -13904.977|7458.036 -13904.921
181 PRESTWICK WY SE,7458.050 -13887.753|7454.073 -13887.808|7424.258 -13887.730|7424.251 -13896.315|7458.043 -13896.337
185 PRESTWICK WY SE,7458.057 -13879.168|7424.258 -13879.157|7424.258 -13887.730|7454.073 -13887.808|7458.050 -13887.753
51 PRESTWICK LN SE,7635.566 -13940.570|7644.116 -13940.581|7644.144 -13909.602|7644.144 -13906.600|7635.594 -13906.589|7635.594 -13910.592
55 PRESTWICK LN SE,7635.594 -13906.589|7627.045 -13906.589|7627.017 -13940.559|7635.566 -13940.570|7635.594 -13910.592
59 PRESTWICK LN SE,7627.045 -13906.589|7617.901 -13906.578|7617.901 -13910.581|7617.873 -13940.559|7627.017 -13940.559
63 PRESTWICK LN SE,7617.901 -13906.578|7609.352 -13906.567|7609.324 -13940.548|7617.873 -13940.559|7617.901 -13910.581
67 PRESTWICK LN SE,7609.352 -13906.567|7600.803 -13906.567|7600.803 -13910.570|7600.775 -13940.548|7609.324 -13940.548
71 PRESTWICK LN SE,7600.803 -13906.567|7591.659 -13906.556|7591.631 -13940.537|7600.775 -13940.548|7600.803 -13910.570
75 PRESTWICK LN SE,7591.659 -13906.556|7583.110 -13906.545|7583.110 -13910.570|7583.082 -13940.526|7591.631 -13940.537
79 PRESTWICK LN SE,7583.110 -13906.545|7573.966 -13906.545|7573.938 -13940.526|7583.082 -13940.526|7583.110 -13910.570
83 PRESTWICK LN SE,7573.966 -13906.545|7565.417 -13906.533|7565.417 -13910.559|7565.389 -13940.515|7573.938 -13940.526
87 PRESTWICK LN SE,7565.417 -13906.533|7556.273 -13906.533|7556.245 -13940.503|7565.389 -13940.515|7565.417 -13910.559
91 PRESTWICK LN SE,7556.273 -13906.533|7547.724 -13906.522|7547.724 -13910.548|7547.696 -13940.503|7556.245 -13940.503
95 PRESTWICK LN SE,7547.724 -13906.522|7538.580 -13906.511|7538.552 -13940.492|7547.696 -13940.503|7547.724 -13910.548
99 PRESTWICK LN SE,7538.580 -13906.511|7530.031 -13906.511|7530.031 -13910.536|7530.003 -13940.481|7538.552 -13940.492
103 PRESTWICK LN SE,7530.031 -13906.511|7520.887 -13906.500|7520.860 -13940.481|7530.003 -13940.481|7530.031 -13910.536
107 PRESTWICK LN SE,7520.887 -13906.500|7512.338 -13906.489|7512.338 -13910.536|7512.310 -13940.470|7520.860 -13940.481
111 PRESTWICK LN SE,7512.338 -13906.489|7503.195 -13906.489|7503.167 -13940.470|7512.310 -13940.470|7512.338 -13910.536
115 PRESTWICK LN SE,7503.195 -13906.489|7494.044 -13906.478|7494.044 -13910.525|7494.023 -13940.459|7503.167 -13940.470
119 PRESTWICK LN SE,7494.044 -13906.478|7484.901 -13906.478|7484.873 -13940.448|7494.023 -13940.459|7494.044 -13910.525
123 PRESTWICK LN SE,7484.901 -13906.478|7478.413 -13906.467|7473.939 -13910.959|7473.918 -13939.447|7474.911 -13940.448|7484.873 -13940.448
175 ELGIN WY SE,6915.002 -15521.184|6915.009 -15510.743|6881.217 -15510.732|6881.217 -15521.173
179 ELGIN WY SE,6915.002 -15531.625|6915.002 -15527.222|6915.002 -15521.184|6881.217 -15521.173|6881.217 -15531.614
183 ELGIN WY SE,6915.002 -15542.066|6915.002 -15531.625|6881.217 -15531.614|6881.210 -15542.066
187 ELGIN WY SE,6914.995 -15552.519|6915.002 -15542.066|6881.210 -15542.066|6881.210 -15552.507
191 ELGIN WY SE,6914.995 -15562.960|6914.995 -15552.519|6881.210 -15552.507|6881.210 -15562.949
195 ELGIN WY SE,6914.988 -15573.401|6914.995 -15562.960|6881.210 -15562.949|6881.203 -15573.390
199 ELGIN WY SE,6914.988 -15583.842|6914.988 -15573.401|6881.203 -15573.390|6881.203 -15583.831
203 ELGIN WY SE,6914.988 -15594.283|6914.988 -15583.842|6881.203 -15583.831|6881.196 -15594.283
207 ELGIN WY SE,6914.981 -15604.736|6914.988 -15594.283|6881.196 -15594.283|6881.196 -15604.725
211 ELGIN WY SE,6914.981 -15615.177|6914.981 -15604.736|6881.196 -15604.725|6881.196 -15615.166
215 ELGIN WY SE,6914.974 -15625.618|6914.981 -15615.177|6881.196 -15615.166|6881.189 -15625.607
192 ELGIN WY SE,6865.307 -15567.041|6865.307 -15559.791|6865.216 -15558.823|6864.936 -15557.889|6864.475 -15557.022|6863.860 -15556.266|6863.105 -15555.643|6862.245 -15555.176|6861.308 -15554.898|6860.343 -15554.798|6836.492 -15554.787|6835.520 -15554.887|6834.590 -15555.176|6833.731 -15555.632|6832.976 -15556.255|6832.360 -15557.011|6831.899 -15557.878|6831.619 -15558.812|6831.522 -15559.791|6831.522 -15567.030
196 ELGIN WY SE,6865.307 -15577.482|6865.307 -15567.041|6831.522 -15567.030|6831.515 -15577.482
200 ELGIN WY SE,6865.300 -15587.934|6865.307 -15577.482|6831.515 -15577.482|6831.515 -15587.923
204 ELGIN WY SE,6865.300 -15598.375|6865.300 -15587.934|6831.515 -15587.923|6831.515 -15598.364
208 ELGIN WY SE,6865.300 -15608.817|6865.300 -15598.375|6831.515 -15598.364|6831.508 -15608.805
3 ELGIN GR SE,6853.129 -15538.808|6860.343 -15538.808|6861.315 -15538.708|6862.252 -15538.430|6863.112 -15537.963|6863.860 -15537.340|6864.482 -15536.584|6864.936 -15535.717|6865.223 -15534.783|6865.314 -15533.816|6865.321 -15510.732|6865.321 -15507.184|6864.328 -15506.184|6853.136 -15506.184
7 ELGIN GR SE,6853.129 -15538.808|6853.136 -15506.184|6842.210 -15506.184|6842.203 -15538.797
11 ELGIN GR SE,6842.203 -15538.797|6842.210 -15506.184|6831.277 -15506.173|6831.270 -15538.797
15 ELGIN GR SE,6831.270 -15538.797|6831.277 -15506.173|6820.896 -15506.173|6820.882 -15538.797
19 ELGIN GR SE,6820.882 -15538.797|6820.896 -15506.173|6809.963 -15506.173|6809.956 -15541.332|6811.864 -15540.243|6813.913 -15539.442|6816.059 -15538.964|6818.254 -15538.797
23 ELGIN GR SE,6809.956 -15541.332|6809.963 -15506.173|6798.932 -15506.173|6798.925 -15537.340|6804.776 -15547.381|6805.748 -15545.624|6806.957 -15544.001|6808.362 -15542.567
27 ELGIN GR SE,6803.343 -15553.831|6803.434 -15552.174|6803.699 -15550.528|6804.147 -15548.927|6804.776 -15547.381|6798.925 -15537.340|6798.932 -15506.173|6791.263 -15506.173|6788.292 -15509.164|6788.439 -15553.886
31 ELGIN GR SE,6804.776 -15560.202|6804.161 -15558.679|6803.713 -15557.100|6803.441 -15555.476|6803.343 -15553.831|6788.439 -15553.886|6788.593 -15598.753|6791.578 -15601.745|6800.938 -15601.756|6800.952 -15566.651
35 ELGIN GR SE,6813.172 -15567.886|6811.829 -15567.319|6810.550 -15566.618|6809.341 -15565.806|6808.215 -15564.872|6807.188 -15563.838|6806.272 -15562.704|6805.461 -15561.492|6804.776 -15560.202|6800.952 -15566.651|6800.938 -15601.756|6813.165 -15601.756
39 ELGIN GR SE,6813.165 -15601.756|6822.567 -15601.756|6825.552 -15598.753|6825.559 -15573.634|6825.447 -15572.589|6825.125 -15571.589|6824.594 -15570.688|6823.895 -15569.909|6823.042 -15569.287|6822.077 -15568.875|6821.050 -15568.664|6820.001 -15568.675|6818.275 -15568.775|6816.541 -15568.675|6814.835 -15568.375|6813.172 -15567.886
31 ELGIN DR SE,6954.750 -15537.685|6954.750 -15527.233|6920.965 -15527.233|6920.965 -15537.674
35 ELGIN DR SE,6954.743 -15548.126|6954.750 -15537.685|6920.965 -15537.674|6920.958 -15548.115
39 ELGIN DR SE,6954.743 -15558.568|6954.743 -15548.126|6920.958 -15548.115|6920.958 -15558.556
43 ELGIN DR SE,6954.743 -15569.009|6954.743 -15558.568|6920.958 -15558.556|6920.951 -15568.998
47 ELGIN DR SE,6954.736 -15579.450|6954.743 -15569.009|6920.951 -15568.998|6920.951 -15579.450
51 ELGIN DR SE,6954.736 -15589.902|6954.736 -15579.450|6920.951 -15579.450|6920.951 -15589.891
55 ELGIN DR SE,6954.729 -15600.344|6954.736 -15589.902|6920.951 -15589.891|6920.944 -15600.332
30 ELGIN DR SE,7005.724 -15535.951|7005.731 -15525.520|6971.939 -15525.520|6971.939 -15535.939
34 ELGIN DR SE,7005.724 -15546.369|7005.724 -15535.951|6971.939 -15535.939|6971.939 -15546.358
38 ELGIN DR SE,7005.717 -15556.800|7005.724 -15546.369|6971.939 -15546.358|6971.932 -15556.788
42 ELGIN DR SE,7005.717 -15567.219|7005.717 -15556.800|6971.932 -15556.788|6971.932 -15567.207
46 ELGIN DR SE,7005.717 -15577.638|7005.717 -15567.219|6971.932 -15567.207|6971.925 -15577.638
50 ELGIN DR SE,7005.710 -15588.090|7005.717 -15577.638|6971.925 -15577.638|6971.925 -15588.079
54 ELGIN DR SE,7005.710 -15598.531|7005.710 -15588.090|6971.925 -15588.079|6971.925 -15598.520
429 ELGIN WY SE,7045.451 -15618.780|7045.451 -15608.338|7011.666 -15608.327|7011.666 -15618.769
433 ELGIN WY SE,7045.451 -15608.338|7045.458 -15597.897|7011.673 -15597.886|7011.666 -15608.327
437 ELGIN WY SE,7045.458 -15597.897|7045.458 -15587.445|7011.673 -15587.445|7011.673 -15597.886
441 ELGIN WY SE,7045.458 -15587.445|7045.465 -15576.959|7011.680 -15576.948|7011.673 -15587.445
445 ELGIN WY SE,7045.465 -15576.959|7045.465 -15566.462|7011.680 -15566.451|7011.680 -15576.948
449 ELGIN WY SE,7045.465 -15566.462|7045.465 -15555.966|7011.680 -15555.954|7011.680 -15566.451
453 ELGIN WY SE,7045.465 -15555.966|7045.472 -15545.480|7011.687 -15545.469|7011.680 -15555.954
457 ELGIN WY SE,7045.472 -15545.480|7045.472 -15534.983|7011.687 -15534.972|7011.687 -15545.469
461 ELGIN WY SE,7045.472 -15534.983|7045.479 -15524.486|7011.694 -15524.475|7011.687 -15534.972
446 ELGIN WY SE,7061.368 -15564.461|7061.361 -15575.547|7095.146 -15575.558|7095.153 -15564.472
450 ELGIN WY SE,7095.153 -15564.472|7095.153 -15554.020|7061.368 -15554.009|7061.368 -15564.461
454 ELGIN WY SE,7095.153 -15554.020|7095.160 -15542.934|7061.368 -15542.922|7061.368 -15554.009
458 ELGIN WY SE,7095.160 -15542.934|7095.160 -15532.481|7061.375 -15532.481|7061.368 -15542.922
462 ELGIN WY SE,7095.160 -15532.481|7095.160 -15522.040|7061.375 -15522.029|7061.375 -15532.481
73 MCKENZIE TOWNE DR SE,7135.593 -15501.969|7135.600 -15494.075|7135.502 -15493.096|7135.223 -15492.162|7134.761 -15491.295|7134.146 -15490.539|7133.391 -15489.916|7132.532 -15489.460|7131.602 -15489.171|7130.630 -15489.071|7102.130 -15489.071|7101.137 -15490.060|7101.130 -15501.958
77 MCKENZIE TOWNE DR SE,7135.593 -15512.411|7135.593 -15501.969|7101.130 -15501.958|7101.130 -15512.399
81 MCKENZIE TOWNE DR SE,7135.586 -15522.852|7135.593 -15512.411|7101.130 -15512.399|7101.123 -15522.040|7101.123 -15522.841
85 MCKENZIE TOWNE DR SE,7135.586 -15533.293|7135.586 -15522.852|7101.123 -15522.841|7101.123 -15533.282
89 MCKENZIE TOWNE DR SE,7135.586 -15543.745|7135.586 -15533.293|7101.123 -15533.282|7101.116 -15543.734
93 MCKENZIE TOWNE DR SE,7135.579 -15554.831|7135.586 -15543.745|7101.116 -15543.734|7101.116 -15554.820
97 MCKENZIE TOWNE DR SE,7135.579 -15565.273|7135.579 -15554.831|7101.116 -15554.820|7101.116 -15565.273
101 MCKENZIE TOWNE DR SE,7101.116 -15565.273|7101.109 -15576.359|7135.572 -15576.370|7135.579 -15565.273
189 PRESTWICK WY SE,7458.057 -13879.168|7458.057 -13870.629|7454.080 -13870.629|7424.258 -13870.606|7424.258 -13879.157
193 PRESTWICK WY SE,7458.057 -13870.629|7458.057 -13862.756|7457.064 -13861.755|7427.243 -13861.744|7424.258 -13864.735|7424.258 -13870.606|7454.080 -13870.629
184 PRESTWICK WY SE,7473.953 -13879.936|7473.953 -13885.996|7478.427 -13890.499|7506.753 -13890.544|7507.745 -13889.543|7507.752 -13879.947
188 PRESTWICK WY SE,7507.752 -13879.947|7507.752 -13872.297|7477.931 -13872.285|7473.960 -13872.285|7473.960 -13879.179|7473.953 -13879.936
192 PRESTWICK WY SE,7507.752 -13872.297|7507.759 -13864.657|7473.960 -13864.635|7473.960 -13872.285|7477.931 -13872.285
196 PRESTWICK WY SE,7507.759 -13864.657|7507.759 -13857.007|7477.938 -13856.996|7473.967 -13856.996|7473.960 -13864.635
200 PRESTWICK WY SE,7507.759 -13857.007|7507.766 -13849.368|7477.442 -13849.357|7477.379 -13849.357|7474.359 -13849.346|7473.967 -13849.346|7473.967 -13856.996|7477.938 -13856.996
1 PRESTWICK RI SE,7513.715 -13880.202|7513.708 -13889.543|7514.701 -13890.544|7543.033 -13890.555|7547.507 -13886.062|7547.507 -13880.214|7547.109 -13880.214
5 PRESTWICK RI SE,7547.514 -13871.674|7547.116 -13871.674|7544.536 -13871.674|7543.537 -13871.674|7516.700 -13871.652|7513.722 -13871.652|7513.708 -13873.653|7513.715 -13880.202|7547.109 -13880.214|7547.507 -13880.214|7547.514 -13873.675
9 PRESTWICK RI SE,7547.116 -13871.674|7547.514 -13871.674|7547.514 -13869.672|7547.521 -13863.123|7547.123 -13863.123|7513.722 -13863.112|7513.715 -13869.661|7513.722 -13871.652|7516.700 -13871.652|7543.537 -13871.674|7544.536 -13871.674
13 PRESTWICK RI SE,7547.521 -13854.583|7547.123 -13854.583|7544.543 -13854.583|7543.551 -13854.583|7513.729 -13854.561|7513.722 -13863.112|7547.123 -13863.123|7547.521 -13863.123|7547.521 -13856.585
17 PRESTWICK RI SE,7547.123 -13854.583|7547.521 -13854.583|7547.521 -13852.582|7547.528 -13846.032|7547.130 -13846.032|7513.729 -13846.021|7513.729 -13854.561|7543.551 -13854.583|7544.543 -13854.583
21 PRESTWICK RI SE,7547.528 -13837.493|7547.130 -13837.493|7544.550 -13837.493|7543.558 -13837.493|7513.736 -13837.470|7513.729 -13846.021|7547.130 -13846.032|7547.528 -13846.032|7547.528 -13839.494
25 PRESTWICK RI SE,7547.130 -13837.493|7547.528 -13837.493|7547.535 -13835.491|7547.535 -13828.953|7547.137 -13828.953|7513.736 -13828.930|7513.736 -13837.470|7543.558 -13837.493|7544.550 -13837.493
29 PRESTWICK RI SE,7547.542 -13820.402|7547.144 -13820.402|7544.557 -13820.402|7543.565 -13820.402|7516.728 -13820.391|7513.743 -13820.391|7513.736 -13822.392|7513.736 -13828.930|7547.137 -13828.953|7547.535 -13828.953|7547.542 -13822.403
33 PRESTWICK RI SE,7547.144 -13820.402|7547.542 -13820.402|7547.542 -13818.400|7547.542 -13811.862|7547.144 -13811.862|7513.750 -13811.840|7513.736 -13818.389|7513.743 -13820.391|7516.728 -13820.391|7543.565 -13820.402|7544.557 -13820.402
37 PRESTWICK RI SE,7547.144 -13811.862|7547.542 -13811.862|7547.549 -13805.313|7547.549 -13803.311|7547.151 -13803.311|7544.564 -13803.311|7543.572 -13803.311|7513.750 -13803.300|7513.750 -13811.840
41 PRESTWICK RI SE,7547.549 -13803.311|7547.549 -13794.771|7547.151 -13794.771|7513.757 -13794.749|7513.750 -13803.300|7543.572 -13803.311|7544.564 -13803.311|7547.151 -13803.311
45 PRESTWICK RI SE,7547.151 -13794.771|7547.549 -13794.771|7547.556 -13788.678|7547.556 -13786.665|7547.165 -13786.621|7544.571 -13786.332|7543.579 -13786.209|7516.721 -13783.174|7513.757 -13783.174|7513.750 -13785.175|7513.757 -13794.749
49 PRESTWICK RI SE,7547.563 -13778.581|7547.186 -13778.481|7513.764 -13770.320|7513.757 -13781.172|7513.757 -13783.174|7516.721 -13783.174|7543.579 -13786.209|7544.571 -13786.332|7547.165 -13786.621|7547.556 -13786.665|7547.556 -13784.653
53 PRESTWICK RI SE,7547.563 -13770.898|7516.421 -13754.675|7513.771 -13754.675|7513.764 -13770.320|7547.186 -13778.481|7547.563 -13778.581
57 PRESTWICK RI SE,7547.570 -13763.159|7514.785 -13730.612|7513.785 -13731.513|7513.771 -13754.675|7516.421 -13754.675|7547.563 -13770.898
61 PRESTWICK RI SE,7521.244 -13729.333|7516.749 -13728.844|7514.785 -13730.612|7547.570 -13763.159|7547.570 -13762.469|7554.197 -13762.469|7554.008 -13762.080|7539.874 -13732.057|7539.874 -13729.344|7537.874 -13729.344
65 PRESTWICK RI SE,7554.190 -13729.355|7541.852 -13729.344|7539.874 -13729.344|7539.874 -13732.057|7554.008 -13762.080|7554.197 -13762.469|7560.517 -13762.480|7560.440 -13762.091
69 PRESTWICK RI SE,7565.829 -13762.480|7567.829 -13762.480|7567.787 -13762.080|7567.521 -13759.478|7567.416 -13758.489|7564.403 -13729.355|7555.707 -13729.355|7554.190 -13729.355|7560.440 -13762.091|7560.517 -13762.480|7562.040 -13762.480
73 PRESTWICK RI SE,7575.210 -13762.480|7573.791 -13729.367|7564.403 -13729.355|7567.416 -13758.489|7567.521 -13759.478|7567.787 -13762.080|7567.829 -13762.480
77 PRESTWICK RI SE,7582.669 -13762.492|7582.676 -13758.489|7582.690 -13729.367|7573.791 -13729.367|7575.210 -13762.480
81 PRESTWICK RI SE,7590.310 -13762.492|7590.324 -13732.369|7590.324 -13729.367|7582.690 -13729.367|7582.676 -13758.489|7582.669 -13762.492
85 PRESTWICK RI SE,7597.944 -13762.492|7597.951 -13758.500|7597.957 -13729.378|7590.324 -13729.367|7590.324 -13732.369|7590.310 -13762.492
89 PRESTWICK RI SE,7605.584 -13762.503|7605.598 -13729.378|7597.957 -13729.378|7597.951 -13758.500|7597.944 -13762.492
93 PRESTWICK RI SE,7613.218 -13762.503|7613.218 -13758.500|7613.232 -13729.389|7605.598 -13729.378|7605.584 -13762.503
97 PRESTWICK RI SE,7620.851 -13762.503|7620.872 -13729.389|7613.232 -13729.389|7613.218 -13758.500|7613.218 -13762.503
101 PRESTWICK RI SE,7628.317 -13762.514|7628.338 -13762.113|7628.471 -13759.512|7628.520 -13758.511|7630.002 -13729.389|7620.872 -13729.389|7620.851 -13762.503
105 PRESTWICK RI SE,7639.341 -13729.400|7637.349 -13729.400|7631.491 -13729.389|7630.002 -13729.389|7628.520 -13758.511|7628.471 -13759.512|7628.338 -13762.113|7628.317 -13762.514|7629.806 -13762.514|7630.309 -13762.514|7635.650 -13762.514|7635.699 -13762.113|7639.341 -13732.369
109 PRESTWICK RI SE,7651.120 -13729.400|7641.326 -13729.400|7640.830 -13729.400|7639.341 -13729.400|7639.341 -13732.369|7635.699 -13762.113|7635.650 -13762.514|7637.153 -13762.514|7642.801 -13762.514|7642.899 -13762.136
113 PRESTWICK RI SE,7649.268 -13762.525|7668.757 -13729.411|7651.120 -13729.400|7642.899 -13762.136|7642.801 -13762.514
117 PRESTWICK RI SE,7686.744 -13733.648|7686.744 -13732.424|7683.766 -13729.422|7668.757 -13729.411|7649.268 -13762.525|7652.938 -13762.525|7652.931 -13766.706
121 PRESTWICK RI SE,7686.737 -13754.930|7686.737 -13741.276|7686.744 -13733.648|7652.931 -13766.706|7652.931 -13773.789
125 PRESTWICK RI SE,7686.730 -13771.754|7686.737 -13754.930|7652.931 -13773.789|7652.924 -13780.483|7656.901 -13779.460
129 PRESTWICK RI SE,7686.723 -13783.630|7686.730 -13771.754|7656.901 -13779.460|7652.924 -13780.483|7652.924 -13787.644
133 PRESTWICK RI SE,7686.716 -13794.838|7686.723 -13783.630|7652.924 -13787.644|7652.917 -13794.827|7656.894 -13794.827
137 PRESTWICK RI SE,7686.709 -13802.488|7686.716 -13794.838|7656.894 -13794.827|7652.917 -13794.827|7652.917 -13802.466
141 PRESTWICK RI SE,7686.709 -13810.127|7686.709 -13802.488|7652.917 -13802.466|7652.910 -13810.116|7656.887 -13810.116
145 PRESTWICK RI SE,7686.702 -13817.778|7686.709 -13810.127|7656.887 -13810.116|7652.910 -13810.116|7652.910 -13817.755
149 PRESTWICK RI SE,7686.702 -13825.417|7686.702 -13817.778|7652.910 -13817.755|7652.903 -13825.406|7656.880 -13825.406
153 PRESTWICK RI SE,7686.695 -13833.067|7686.702 -13825.417|7656.880 -13825.406|7652.903 -13825.406|7652.903 -13833.045
157 PRESTWICK RI SE,7686.695 -13840.706|7686.695 -13833.067|7652.903 -13833.045|7652.896 -13840.695|7656.873 -13840.695
161 PRESTWICK RI SE,7686.688 -13848.356|7686.695 -13840.706|7656.873 -13840.695|7652.896 -13840.695|7652.889 -13848.334
165 PRESTWICK RI SE,7686.688 -13856.006|7686.688 -13848.356|7652.889 -13848.334|7652.889 -13855.984|7656.866 -13855.984
169 PRESTWICK RI SE,7686.681 -13863.646|7686.688 -13856.006|7656.866 -13855.984|7652.889 -13855.984|7652.882 -13863.634
173 PRESTWICK RI SE,7686.674 -13871.296|7686.681 -13863.646|7652.882 -13863.634|7652.882 -13871.274|7656.859 -13871.274
177 PRESTWICK RI SE,7686.674 -13878.935|7686.674 -13871.296|7656.859 -13871.274|7652.882 -13871.274|7652.875 -13878.924
181 PRESTWICK RI SE,7652.875 -13878.924|7652.875 -13884.117|7652.875 -13886.118|7657.342 -13890.610|7685.667 -13890.633|7686.660 -13889.632|7686.674 -13878.935
2 PRESTWICK RI SE,7597.210 -13879.891|7567.388 -13879.880|7566.402 -13879.880|7563.760 -13879.869|7563.418 -13879.869|7563.418 -13881.870|7563.411 -13886.074|7563.781 -13886.441|7567.451 -13890.132|7567.884 -13890.566|7596.210 -13890.588|7596.580 -13890.210|7597.210 -13889.587
6 PRESTWICK RI SE,7567.388 -13879.880|7597.210 -13879.891|7597.217 -13873.709|7597.217 -13872.208|7563.767 -13872.185|7563.418 -13872.185|7563.418 -13873.686|7563.418 -13877.879|7563.418 -13879.869|7563.760 -13879.869|7566.402 -13879.880
10 PRESTWICK RI SE,7597.217 -13872.208|7597.217 -13864.524|7567.402 -13864.502|7563.425 -13864.502|7563.418 -13872.185|7563.767 -13872.185
14 PRESTWICK RI SE,7597.217 -13864.524|7597.223 -13856.840|7563.781 -13856.818|7563.425 -13856.818|7563.425 -13864.502|7567.402 -13864.502
18 PRESTWICK RI SE,7597.223 -13849.146|7567.409 -13849.135|7566.416 -13849.135|7563.788 -13849.135|7563.432 -13849.135|7563.432 -13850.636|7563.432 -13851.136|7563.425 -13856.818|7563.781 -13856.818|7597.223 -13856.840|7597.223 -13850.647
22 PRESTWICK RI SE,7567.409 -13849.135|7597.223 -13849.146|7597.230 -13842.963|7597.230 -13841.462|7563.795 -13841.451|7563.432 -13841.451|7563.432 -13842.952|7563.432 -13847.133|7563.432 -13849.135|7563.788 -13849.135|7566.416 -13849.135
26 PRESTWICK RI SE,7597.237 -13833.779|7567.416 -13833.767|7566.423 -13833.767|7563.802 -13833.767|7563.439 -13833.767|7563.439 -13835.269|7563.439 -13835.758|7563.432 -13841.451|7563.795 -13841.451|7597.230 -13841.462|7597.230 -13835.280
30 PRESTWICK RI SE,7567.416 -13833.767|7597.237 -13833.779|7597.237 -13827.596|7597.237 -13826.095|7563.809 -13826.073|7563.439 -13826.073|7563.439 -13827.574|7563.439 -13831.766|7563.439 -13833.767|7563.802 -13833.767|7566.423 -13833.767
34 PRESTWICK RI SE,7597.244 -13818.411|7567.423 -13818.389|7566.430 -13818.400|7563.816 -13818.389|7563.446 -13818.389|7563.446 -13820.391|7563.439 -13826.073|7563.809 -13826.073|7597.237 -13826.095|7597.244 -13819.913
38 PRESTWICK RI SE,7567.423 -13818.389|7597.244 -13818.411|7597.244 -13812.218|7597.244 -13810.728|7563.823 -13810.706|7563.446 -13810.706|7563.446 -13812.207|7563.446 -13816.388|7563.446 -13818.389|7563.816 -13818.389|7566.430 -13818.400
42 PRESTWICK RI SE,7597.251 -13803.044|7567.430 -13803.022|7566.437 -13803.022|7563.830 -13803.022|7563.453 -13803.022|7563.453 -13805.024|7563.446 -13810.706|7563.823 -13810.706|7597.244 -13810.728|7597.251 -13804.534
46 PRESTWICK RI SE,7567.430 -13803.022|7597.251 -13803.044|7597.251 -13796.851|7597.251 -13795.350|7563.830 -13795.339|7563.459 -13795.339|7563.453 -13796.840|7563.453 -13801.021|7563.453 -13803.022|7563.830 -13803.022|7566.437 -13803.022
50 PRESTWICK RI SE,7597.258 -13787.677|7567.437 -13787.666|7566.444 -13787.666|7563.837 -13787.666|7563.459 -13787.666|7563.459 -13789.668|7563.459 -13795.339|7563.830 -13795.339|7597.251 -13795.350|7597.258 -13789.178
54 PRESTWICK RI SE,7567.437 -13787.666|7597.258 -13787.677|7597.258 -13779.482|7596.664 -13778.882|7596.266 -13778.481|7567.940 -13778.470|7567.528 -13778.882|7563.851 -13782.573|7563.459 -13782.963|7563.459 -13785.665|7563.459 -13787.666|7563.837 -13787.666|7566.444 -13787.666
130 PRESTWICK RI SE,7637.020 -13788.800|7637.020 -13783.007|7632.546 -13778.504|7604.221 -13778.492|7603.221 -13779.482|7603.221 -13788.778|7633.043 -13788.800|7634.035 -13788.800|7636.524 -13788.800
134 PRESTWICK RI SE,7606.199 -13797.318|7636.510 -13797.329|7637.013 -13797.329|7637.013 -13790.802|7637.020 -13788.800|7636.524 -13788.800|7634.035 -13788.800|7633.043 -13788.800|7603.221 -13788.778|7603.207 -13795.316|7603.214 -13797.318
138 PRESTWICK RI SE,7633.036 -13805.869|7634.028 -13805.869|7636.496 -13805.869|7637.006 -13805.869|7637.006 -13803.867|7637.013 -13797.329|7636.510 -13797.329|7606.199 -13797.318|7603.214 -13797.318|7603.207 -13799.319|7603.214 -13805.846
142 PRESTWICK RI SE,7637.006 -13814.397|7637.006 -13805.869|7636.496 -13805.869|7634.028 -13805.869|7633.036 -13805.869|7603.214 -13805.846|7603.207 -13814.386
146 PRESTWICK RI SE,7636.999 -13822.937|7637.006 -13814.397|7603.207 -13814.386|7603.200 -13822.915|7633.022 -13822.937
150 PRESTWICK RI SE,7636.999 -13831.466|7636.999 -13822.937|7633.022 -13822.937|7603.200 -13822.915|7603.200 -13831.455
154 PRESTWICK RI SE,7636.992 -13840.006|7636.999 -13831.466|7603.200 -13831.455|7603.193 -13839.983|7633.015 -13840.006|7634.007 -13840.006|7636.440 -13840.006
158 PRESTWICK RI SE,7606.171 -13848.523|7636.426 -13848.545|7636.985 -13848.545|7636.992 -13842.007|7636.992 -13840.006|7636.440 -13840.006|7634.007 -13840.006|7633.015 -13840.006|7603.193 -13839.983|7603.186 -13846.522|7603.193 -13848.523
162 PRESTWICK RI SE,7633.008 -13857.074|7634.000 -13857.074|7636.412 -13857.074|7636.985 -13857.074|7636.985 -13855.072|7636.985 -13848.545|7636.426 -13848.545|7606.171 -13848.523|7603.193 -13848.523|7603.186 -13850.525|7603.186 -13857.063
166 PRESTWICK RI SE,7636.978 -13864.724|7636.985 -13857.074|7636.412 -13857.074|7634.000 -13857.074|7633.008 -13857.074|7603.186 -13857.063|7603.179 -13864.702|7636.405 -13864.724
170 PRESTWICK RI SE,7636.391 -13872.363|7636.978 -13872.363|7636.978 -13870.373|7636.978 -13866.225|7636.978 -13864.724|7636.405 -13864.724|7603.179 -13864.702|7603.179 -13866.203|7603.179 -13872.352|7633.001 -13872.363|7634.000 -13872.363
174 PRESTWICK RI SE,7636.978 -13872.363|7636.391 -13872.363|7634.000 -13872.363|7633.001 -13872.363|7603.179 -13872.352|7603.179 -13873.853|7603.172 -13879.991|7606.157 -13879.991|7636.377 -13880.013|7636.971 -13880.013|7636.971 -13874.365
178 PRESTWICK RI SE,7632.490 -13890.599|7632.735 -13890.366|7636.419 -13886.663|7636.971 -13886.107|7636.971 -13884.105|7636.971 -13881.503|7636.971 -13880.013|7636.377 -13880.013|7606.157 -13879.991|7603.172 -13879.991|7603.172 -13881.492|7603.172 -13889.587|7603.669 -13890.088|7604.165 -13890.588
1088 PRESTWICK CI SE,7059.362 -14239.951|7060.886 -14241.241|7066.807 -14246.234|7088.540 -14220.214|7087.017 -14218.936|7081.096 -14213.932|7061.921 -14236.894|7061.285 -14237.661
1092 PRESTWICK CI SE,7096.440 -14226.886|7088.995 -14220.604|7088.540 -14220.214|7066.807 -14246.234|7067.261 -14246.623|7074.706 -14252.906|7076.629 -14250.615|7077.265 -14249.848
10 ELGIN PARK RD SE,7203.534 -15347.531|7188.337 -15347.531|7188.323 -15382.546|7203.520 -15382.557
14 ELGIN PARK RD SE,7218.738 -15347.542|7203.534 -15347.531|7203.520 -15382.557|7218.724 -15382.557
18 ELGIN PARK RD SE,7233.935 -15347.553|7218.738 -15347.542|7218.724 -15382.557|7233.921 -15382.568
22 ELGIN PARK RD SE,7249.140 -15347.553|7233.935 -15347.553|7233.921 -15382.568|7249.126 -15382.568
26 ELGIN PARK RD SE,7264.337 -15347.564|7249.140 -15347.553|7249.126 -15382.568|7264.323 -15382.579
30 ELGIN PARK RD SE,7281.527 -15347.575|7264.337 -15347.564|7264.323 -15382.579|7266.840 -15382.579|7268.440 -15382.490|7270.013 -15382.235|7271.558 -15381.812|7273.040 -15381.223|7274.466 -15380.645|7275.934 -15380.189|7277.437 -15379.855|7278.968 -15379.655
34 ELGIN PARK RD SE,7299.884 -15347.575|7281.527 -15347.575|7278.968 -15379.655|7280.541 -15379.599|7282.114 -15379.666|7283.680 -15379.888|7285.211 -15380.233|7286.713 -15380.722|7288.168 -15381.345|7289.559 -15382.090|7290.873 -15382.946|7306.399 -15353.635
38 ELGIN PARK RD SE,7322.414 -15368.513|7306.399 -15353.635|7290.873 -15382.946|7292.788 -15384.536|7294.466 -15386.371|7295.871 -15388.428|7296.983 -15390.652|7297.856 -15392.420|7298.947 -15394.055
42 ELGIN PARK RD SE,7325.392 -15371.282|7322.414 -15368.513|7298.947 -15394.055|7300.618 -15395.889|7309.978 -15404.585|7333.578 -15378.888
46 ELGIN PARK RD SE,7344.741 -15389.262|7333.703 -15379.010|7333.578 -15378.888|7309.978 -15404.585|7321.142 -15414.948
50 ELGIN PARK RD SE,7355.905 -15399.637|7344.741 -15389.262|7321.142 -15414.948|7332.305 -15425.323
54 ELGIN PARK RD SE,7367.069 -15410.011|7355.905 -15399.637|7332.305 -15425.323|7343.476 -15435.697
58 ELGIN PARK RD SE,7379.799 -15421.831|7367.069 -15410.011|7343.476 -15435.697|7350.446 -15442.180|7352.508 -15443.781|7354.815 -15444.993
62 ELGIN PARK RD SE,7400.071 -15440.668|7379.799 -15421.831|7354.815 -15444.993|7356.416 -15445.771|7357.939 -15446.694|7359.359 -15447.773|7360.666 -15448.985|7361.847 -15450.319|7362.896 -15451.765|7363.790 -15453.299|7364.531 -15454.923
66 ELGIN PARK RD SE,7403.468 -15443.826|7400.071 -15440.668|7364.531 -15454.923|7365.356 -15457.603|7365.762 -15460.382|7365.734 -15463.185|7365.265 -15465.953|7400.791 -15474.871|7405.426 -15468.978
70 ELGIN PARK RD SE,7400.791 -15474.871|7365.265 -15465.953|7364.769 -15467.610|7364.112 -15469.222|7363.308 -15470.757|7362.350 -15472.202|7361.267 -15473.559|7360.051 -15474.804|7358.729 -15475.916|7357.296 -15476.906|7386.454 -15493.118
74 ELGIN PARK RD SE,7386.454 -15493.118|7357.296 -15476.906|7355.213 -15478.463|7353.424 -15480.375|7347.943 -15487.347|7374.444 -15508.408
78 ELGIN PARK RD SE,7374.444 -15508.408|7347.943 -15487.347|7338.520 -15499.345|7365.021 -15520.405
82 ELGIN PARK RD SE,7365.021 -15520.405|7338.520 -15499.345|7329.097 -15511.343|7355.598 -15532.403
86 ELGIN PARK RD SE,7355.598 -15532.403|7329.097 -15511.343|7319.702 -15523.297|7319.855 -15523.430|7322.414 -15525.487|7346.049 -15544.557
90 ELGIN PARK RD SE,7336.653 -15556.510|7346.049 -15544.557|7322.414 -15525.487|7319.855 -15523.430|7319.702 -15523.297|7318.199 -15525.209|7314.871 -15529.323|7311.418 -15533.315|7309.363 -15535.550|7309.523 -15535.695|7334.766 -15558.923
94 ELGIN PARK RD SE,7330.677 -15564.127|7332.914 -15561.281|7307.468 -15537.863|7307.307 -15537.719|7305.287 -15539.809|7301.967 -15543.023|7296.444 -15548.249|7320.310 -15573.735
98 ELGIN PARK RD SE,7320.310 -15573.735|7296.444 -15548.249|7285.812 -15558.323|7309.579 -15583.698
102 ELGIN PARK RD SE,7309.579 -15583.698|7285.812 -15558.323|7274.746 -15568.798|7298.402 -15594.061|7300.023 -15592.571
106 ELGIN PARK RD SE,7298.402 -15594.061|7274.746 -15568.798|7264.113 -15578.872|7287.671 -15604.024
110 ELGIN PARK RD SE,7287.671 -15604.024|7264.113 -15578.872|7254.466 -15588.012|7253.138 -15589.446|7276.500 -15614.387
114 ELGIN PARK RD SE,7276.500 -15614.387|7253.138 -15589.446|7252.174 -15590.770|7251.363 -15592.193|7250.083 -15594.361|7248.518 -15596.329|7246.686 -15598.064|7244.638 -15599.521|7258.185 -15631.378
118 ELGIN PARK RD SE,7258.185 -15631.378|7244.638 -15599.521|7243.191 -15600.310|7241.674 -15600.955|7240.108 -15601.467|7238.500 -15601.834|7236.864 -15602.045|7235.222 -15602.112|7233.572 -15602.023|7231.943 -15601.778|7231.929 -15635.915|7253.418 -15635.815
122 ELGIN PARK RD SE,7231.943 -15601.778|7230.258 -15601.355|7228.616 -15600.777|7227.043 -15600.032|7225.547 -15599.143|7224.142 -15598.108|7222.848 -15596.952|7221.667 -15595.673|7220.619 -15594.272|7219.794 -15593.171|7218.864 -15592.148|7217.850 -15591.214|7216.746 -15590.380|7216.732 -15634.625|7220.982 -15635.970|7231.929 -15635.915
126 ELGIN PARK RD SE,7216.746 -15590.380|7216.033 -15589.913|7212.684 -15587.990|7209.252 -15586.222|7205.736 -15584.632|7202.150 -15583.219|7202.129 -15630.010|7216.732 -15634.625
130 ELGIN PARK RD SE,7202.150 -15583.219|7198.424 -15581.952|7194.642 -15580.873|7190.818 -15579.995|7186.945 -15579.294|7186.931 -15625.196|7202.129 -15630.010
134 ELGIN PARK RD SE,7186.945 -15579.294|7180.955 -15578.605|7174.922 -15578.371|7172.342 -15578.371|7172.328 -15624.473|7184.653 -15624.484|7186.931 -15625.196
138 ELGIN PARK RD SE,7172.342 -15578.371|7160.326 -15578.371|7158.928 -15578.572|7158.180 -15578.861|7157.488 -15579.261|7156.872 -15579.772|7156.341 -15580.373|7155.915 -15581.051|7155.607 -15581.785|7155.411 -15582.563|7155.348 -15583.364|7155.341 -15624.473|7161.290 -15624.495|7172.328 -15624.473|7172.342 -15581.874|7172.342 -15578.572
3 ELGIN PARK RD SE,7158.298 -15432.495|7172.126 -15432.495|7172.804 -15432.495|7172.804 -15431.294|7172.818 -15402.016|7172.818 -15398.725|7172.818 -15398.525|7161.255 -15398.525|7159.948 -15398.703|7158.704 -15399.192|7157.970 -15399.726|7157.341 -15400.393|7156.844 -15401.160|7156.495 -15401.994|7156.285 -15403.451|7155.915 -15432.495
7 ELGIN PARK RD SE,7187.561 -15432.506|7187.575 -15398.536|7172.818 -15398.525|7172.818 -15398.725|7172.818 -15402.016|7172.804 -15431.294|7172.804 -15432.495|7186.183 -15432.506
11 ELGIN PARK RD SE,7202.310 -15432.506|7202.324 -15398.536|7187.575 -15398.536|7187.561 -15432.506|7200.940 -15432.506
15 ELGIN PARK RD SE,7216.914 -15432.517|7216.928 -15398.547|7202.324 -15398.536|7202.310 -15432.506
19 ELGIN PARK RD SE,7231.524 -15432.517|7231.531 -15398.547|7216.928 -15398.547|7216.914 -15432.517|7218.528 -15432.517
23 ELGIN PARK RD SE,7244.771 -15437.009|7249.755 -15398.558|7231.531 -15398.547|7231.524 -15432.517|7237.165 -15434.430
27 ELGIN PARK RD SE,7256.682 -15441.057|7268.818 -15398.569|7249.755 -15398.558|7244.771 -15437.009|7254.914 -15440.456
31 ELGIN PARK RD SE,7286.874 -15404.885|7282.219 -15400.560|7281.114 -15399.715|7279.877 -15399.081|7278.549 -15398.703|7277.165 -15398.569|7268.818 -15398.569|7256.682 -15441.057|7267.657 -15444.782
43 ELGIN PARK RD SE,7302.183 -15419.107|7286.874 -15404.885|7267.657 -15444.782|7272.180 -15447.450|7277.633 -15450.675
47 ELGIN PARK RD SE,7314.592 -15430.638|7302.183 -15419.107|7277.633 -15450.675|7288.202 -15456.935|7289.649 -15457.792
51 ELGIN PARK RD SE,7325.322 -15440.601|7314.592 -15430.638|7289.649 -15457.792|7300.380 -15467.755
55 ELGIN PARK RD SE,7336.052 -15450.564|7325.322 -15440.601|7300.380 -15467.755|7301.946 -15469.211|7311.110 -15477.718|7311.921 -15476.839|7333.690 -15453.133|7335.919 -15450.709
59 ELGIN PARK RD SE,7325.818 -15489.738|7345.070 -15465.219|7345.685 -15464.252|7346.112 -15462.740|7346.056 -15461.172|7345.517 -15459.693|7344.553 -15458.459|7336.052 -15450.564|7335.919 -15450.709|7333.690 -15453.133|7311.921 -15476.839|7311.110 -15477.718|7313.158 -15479.630|7324.923 -15490.550|7325.063 -15490.683
2 ELGIN PARK CM SE,7298.262 -15516.124|7299.562 -15517.003|7301.079 -15517.425|7302.645 -15517.359|7304.113 -15516.792|7304.882 -15516.247|7305.532 -15515.546|7324.336 -15491.628|7325.063 -15490.683|7324.923 -15490.550|7313.158 -15479.630|7312.404 -15480.542|7289.782 -15507.974|7289.656 -15508.130
6 ELGIN PARK CM SE,7311.110 -15477.718|7301.946 -15469.211|7278.828 -15498.456|7281.953 -15501.069|7284.980 -15503.793|7289.656 -15508.130|7313.158 -15479.630
10 ELGIN PARK CM SE,7289.649 -15457.792|7288.202 -15456.935|7267.476 -15490.361|7273.271 -15494.241|7278.828 -15498.456|7301.946 -15469.211|7300.380 -15467.755
14 ELGIN PARK CM SE,7277.633 -15450.675|7272.180 -15447.450|7255.270 -15483.678|7261.471 -15486.836|7267.476 -15490.361|7288.202 -15456.935
18 ELGIN PARK CM SE,7256.682 -15441.057|7254.914 -15440.456|7242.359 -15478.496|7248.895 -15480.898|7255.270 -15483.678|7272.180 -15447.450|7267.657 -15444.782
22 ELGIN PARK CM SE,7244.771 -15437.009|7237.165 -15434.430|7228.937 -15474.882|7235.704 -15476.495|7242.359 -15478.496|7254.914 -15440.456
26 ELGIN PARK CM SE,7237.165 -15434.430|7231.524 -15432.517|7218.528 -15432.517|7215.180 -15472.903|7222.087 -15473.692|7228.937 -15474.882
30 ELGIN PARK CM SE,7215.180 -15472.903|7218.528 -15432.517|7216.914 -15432.517|7202.310 -15432.506|7200.940 -15432.506|7200.926 -15472.492|7205.484 -15472.492|7210.336 -15472.603
34 ELGIN PARK CM SE,7200.926 -15472.492|7200.940 -15432.506|7187.561 -15432.506|7186.183 -15432.506|7186.169 -15470.735|7188.008 -15471.502|7189.923 -15472.047|7191.881 -15472.380|7193.866 -15472.492
38 ELGIN PARK CM SE,7186.169 -15470.735|7186.183 -15432.506|7172.804 -15432.495|7172.126 -15432.495|7172.119 -15465.575|7173.545 -15465.486|7174.978 -15465.542|7176.397 -15465.742|7177.788 -15466.076|7179.144 -15466.532|7180.444 -15467.121|7181.689 -15467.844|7182.856 -15468.666|7184.457 -15469.801
42 ELGIN PARK CM SE,7160.431 -15472.458|7161.081 -15472.458|7162.059 -15471.091|7163.178 -15469.834|7164.436 -15468.711|7165.813 -15467.744|7167.288 -15466.932|7168.840 -15466.298|7170.462 -15465.842|7172.119 -15465.575|7172.126 -15433.696|7172.126 -15432.495|7158.298 -15432.495|7155.915 -15432.495|7155.460 -15467.399|7155.607 -15468.655|7156.061 -15469.845|7156.795 -15470.879|7157.767 -15471.691|7159.039 -15472.269
3 PRESTWICK HE SE,6887.054 -14020.353|6899.874 -14020.353|6900.874 -14019.363|6900.881 -13991.876|6896.407 -13987.372|6887.068 -13987.372
7 PRESTWICK HE SE,6887.054 -14020.353|6887.068 -13987.372|6876.135 -13987.372|6876.121 -14020.353
11 PRESTWICK HE SE,6876.121 -14020.353|6876.135 -13987.372|6865.796 -13987.361|6865.782 -14020.341
15 PRESTWICK HE SE,6865.782 -14020.341|6865.796 -13987.361|6855.457 -13987.361|6855.443 -14020.341
19 PRESTWICK HE SE,6855.443 -14020.341|6855.457 -13987.361|6845.118 -13987.361|6845.104 -14020.341
23 PRESTWICK HE SE,6845.104 -14020.341|6845.118 -13987.361|6835.150 -13987.350|6832.032 -14020.330
27 PRESTWICK HE SE,6832.032 -14020.330|6835.150 -13987.350|6825.503 -13987.350|6816.352 -14020.330
31 PRESTWICK HE SE,6816.352 -14020.330|6825.503 -13987.350|6816.373 -13987.350|6794.479 -14020.319
35 PRESTWICK HE SE,6816.373 -13987.350|6812.417 -13987.350|6812.417 -13981.712|6769.285 -14009.978|6768.586 -14013.447|6773.179 -14020.308|6794.479 -14020.319
39 PRESTWICK HE SE,6812.417 -13981.712|6812.417 -13972.550|6773.731 -13982.947|6772.487 -13993.966|6769.285 -14009.978
43 PRESTWICK HE SE,6812.417 -13972.550|6812.424 -13962.865|6778.471 -13965.722|6775.493 -13965.567|6775.318 -13968.936|6773.731 -13982.947
47 PRESTWICK HE SE,6812.424 -13962.865|6812.424 -13952.802|6776.157 -13952.779|6775.493 -13965.567|6778.471 -13965.722
51 PRESTWICK HE SE,6812.424 -13952.802|6812.431 -13942.405|6776.695 -13942.394|6776.157 -13952.779
55 PRESTWICK HE SE,6812.431 -13942.405|6812.438 -13932.008|6777.115 -13931.997|6777.059 -13935.400|6776.695 -13942.394
59 PRESTWICK HE SE,6812.438 -13932.008|6812.438 -13921.611|6777.310 -13921.600|6777.115 -13931.997
63 PRESTWICK HE SE,6812.438 -13921.611|6812.438 -13911.226|6777.499 -13911.215|6777.310 -13921.600
67 PRESTWICK HE SE,6812.438 -13911.226|6812.445 -13900.829|6777.688 -13900.818|6777.499 -13911.215
71 PRESTWICK HE SE,6812.445 -13900.829|6812.445 -13890.432|6777.877 -13890.421|6777.688 -13900.818
75 PRESTWICK HE SE,6812.445 -13890.432|6812.452 -13880.047|6778.072 -13880.036|6777.996 -13883.961|6777.877 -13890.421
79 PRESTWICK HE SE,6812.452 -13880.047|6812.459 -13869.650|6778.275 -13869.639|6778.072 -13880.036
83 PRESTWICK HE SE,6812.459 -13869.650|6812.459 -13859.253|6778.485 -13859.242|6778.275 -13869.639
87 PRESTWICK HE SE,6812.459 -13859.253|6812.466 -13848.857|6778.688 -13848.846|6778.485 -13859.242
91 PRESTWICK HE SE,6812.466 -13848.857|6812.466 -13839.172|6811.473 -13838.171|6781.882 -13838.160|6778.841 -13841.151|6778.688 -13848.846
95 PRESTWICK HE SE,6778.904 -13821.469|6778.925 -13829.164|6781.917 -13832.166|6811.473 -13832.166|6812.466 -13831.177|6812.473 -13821.480
99 PRESTWICK HE SE,6812.473 -13821.480|6812.473 -13811.084|6778.876 -13811.073|6778.904 -13821.469
103 PRESTWICK HE SE,6812.473 -13811.084|6812.480 -13800.687|6778.841 -13800.676|6778.876 -13811.073
107 PRESTWICK HE SE,6812.480 -13800.687|6812.480 -13790.301|6778.813 -13790.290|6778.841 -13800.676
111 PRESTWICK HE SE,6812.487 -13780.238|6778.771 -13777.369|6778.813 -13790.290|6812.480 -13790.301
115 PRESTWICK HE SE,6812.487 -13770.542|6778.723 -13761.446|6778.771 -13777.369|6812.487 -13780.238
119 PRESTWICK HE SE,6812.494 -13761.380|6778.653 -13739.174|6778.723 -13761.446|6812.487 -13770.542
123 PRESTWICK HE SE,6816.450 -13755.753|6794.577 -13722.762|6781.589 -13722.762|6778.611 -13725.753|6778.653 -13739.174|6812.494 -13761.380|6812.494 -13755.753
127 PRESTWICK HE SE,6825.580 -13755.753|6816.450 -13722.773|6794.577 -13722.762|6816.450 -13755.753
131 PRESTWICK HE SE,6835.227 -13755.753|6832.416 -13725.775|6832.416 -13722.773|6816.450 -13722.773|6825.580 -13755.753
135 PRESTWICK HE SE,6845.195 -13755.764|6845.209 -13722.784|6832.416 -13722.773|6832.416 -13725.775|6835.227 -13755.753
139 PRESTWICK HE SE,6855.534 -13755.764|6855.548 -13722.784|6845.209 -13722.784|6845.195 -13755.764
143 PRESTWICK HE SE,6865.873 -13755.764|6865.887 -13722.784|6855.548 -13722.784|6855.534 -13755.764
147 PRESTWICK HE SE,6876.212 -13755.775|6876.226 -13722.795|6865.887 -13722.784|6865.873 -13755.764
151 PRESTWICK HE SE,6887.145 -13755.775|6887.145 -13755.375|6887.145 -13752.773|6887.145 -13752.273|6887.159 -13722.795|6876.226 -13722.795|6876.212 -13755.775
155 PRESTWICK HE SE,6899.979 -13722.795|6899.483 -13722.806|6887.159 -13722.795|6887.145 -13752.273|6887.145 -13752.773|6887.145 -13755.375|6887.145 -13755.775|6889.137 -13755.775|6896.491 -13755.775|6896.890 -13755.375|6900.965 -13751.283|6900.979 -13723.796
46 PRESTWICK HE SE,6828.327 -13958.573|6828.327 -13966.868|6832.801 -13971.360|6860.630 -13971.371|6861.623 -13970.370|6861.630 -13958.584
50 PRESTWICK HE SE,6861.630 -13958.584|6861.630 -13948.187|6828.334 -13948.176|6828.327 -13958.573
54 PRESTWICK HE SE,6861.630 -13948.187|6861.637 -13937.790|6828.334 -13937.779|6828.334 -13948.176
58 PRESTWICK HE SE,6861.637 -13937.790|6861.637 -13927.405|6828.341 -13927.394|6828.334 -13937.779
62 PRESTWICK HE SE,6861.637 -13927.405|6861.644 -13917.008|6828.341 -13916.997|6828.341 -13927.394
66 PRESTWICK HE SE,6861.644 -13917.008|6861.644 -13909.313|6858.666 -13906.311|6829.341 -13906.300|6828.348 -13907.301|6828.341 -13916.997
70 PRESTWICK HE SE,6861.651 -13900.318|6861.651 -13889.621|6828.355 -13889.610|6828.348 -13899.306|6829.341 -13900.307
88 PRESTWICK HE SE,6861.665 -13853.505|6861.672 -13842.808|6829.362 -13842.797|6828.369 -13843.797|6828.369 -13853.493
92 PRESTWICK HE SE,6828.376 -13826.106|6828.369 -13835.802|6829.362 -13836.803|6858.687 -13836.814|6861.672 -13833.812|6861.679 -13826.117
96 PRESTWICK HE SE,6861.679 -13826.117|6861.679 -13815.732|6828.376 -13815.721|6828.376 -13826.106
100 PRESTWICK HE SE,6861.679 -13815.732|6861.679 -13805.335|6828.383 -13805.324|6828.376 -13815.721
104 PRESTWICK HE SE,6861.679 -13805.335|6861.686 -13794.938|6828.383 -13794.927|6828.383 -13805.324
108 PRESTWICK HE SE,6861.686 -13794.938|6861.692 -13784.553|6828.390 -13784.530|6828.383 -13794.927
112 PRESTWICK HE SE,6861.692 -13784.553|6861.692 -13772.755|6860.700 -13771.754|6832.864 -13771.743|6828.390 -13776.235|6828.390 -13784.530
889 PRESTWICK CI SE,6900.951 -13783.963|6900.958 -13776.269|6896.484 -13771.765|6868.655 -13771.754|6867.655 -13772.755|6867.655 -13783.952
893 PRESTWICK CI SE,6900.951 -13794.360|6900.951 -13783.963|6867.655 -13783.952|6867.648 -13794.338
897 PRESTWICK CI SE,6900.944 -13804.746|6900.951 -13794.360|6867.648 -13794.338|6867.648 -13804.734
901 PRESTWICK CI SE,6900.944 -13815.142|6900.944 -13804.746|6867.648 -13804.734|6867.641 -13815.131
905 PRESTWICK CI SE,6900.937 -13825.539|6900.944 -13815.142|6867.641 -13815.131|6867.641 -13825.528
909 PRESTWICK CI SE,6900.937 -13835.925|6900.937 -13825.539|6867.641 -13825.528|6867.634 -13835.914
913 PRESTWICK CI SE,6900.930 -13846.321|6900.937 -13835.925|6867.634 -13835.914|6867.634 -13842.808|6871.109 -13846.310
917 PRESTWICK CI SE,6900.930 -13846.321|6871.109 -13846.310|6867.634 -13842.808|6861.672 -13842.808|6861.665 -13853.505|6861.665 -13856.707|6900.930 -13856.718
931 PRESTWICK CI SE,6900.916 -13896.837|6900.916 -13886.441|6861.651 -13886.429|6861.651 -13889.621|6861.651 -13900.318|6867.613 -13900.318|6871.095 -13896.826
935 PRESTWICK CI SE,6900.909 -13907.223|6900.916 -13896.837|6871.095 -13896.826|6867.613 -13900.318|6867.613 -13907.212
939 PRESTWICK CI SE,6900.909 -13917.620|6900.909 -13907.223|6867.613 -13907.212|6867.606 -13917.608
943 PRESTWICK CI SE,6900.902 -13928.016|6900.909 -13917.620|6867.606 -13917.608|6867.606 -13928.005
947 PRESTWICK CI SE,6900.902 -13938.413|6900.902 -13928.016|6867.606 -13928.005|6867.599 -13938.391
951 PRESTWICK CI SE,6900.895 -13948.799|6900.902 -13938.413|6867.599 -13938.391|6867.599 -13948.788
955 PRESTWICK CI SE,6900.895 -13959.195|6900.895 -13948.799|6867.599 -13948.788|6867.592 -13959.184
959 PRESTWICK CI SE,6867.592 -13959.184|6867.585 -13970.382|6868.585 -13971.371|6896.414 -13971.382|6900.888 -13966.890|6900.895 -13959.195
944 PRESTWICK CI SE,6954.652 -13930.096|6954.659 -13921.800|6951.674 -13918.798|6921.685 -13918.787|6920.685 -13919.788|6920.685 -13930.085
948 PRESTWICK CI SE,6954.652 -13940.470|6954.652 -13930.096|6920.685 -13930.085|6920.678 -13940.459
952 PRESTWICK CI SE,6954.645 -13950.845|6954.652 -13940.470|6920.678 -13940.459|6920.678 -13950.833
956 PRESTWICK CI SE,6954.645 -13961.219|6954.645 -13950.845|6920.678 -13950.833|6920.671 -13961.208
960 PRESTWICK CI SE,6954.638 -13971.594|6954.645 -13961.219|6920.671 -13961.208|6920.671 -13971.571
964 PRESTWICK CI SE,6954.638 -13981.968|6954.638 -13971.594|6920.671 -13971.571|6920.664 -13981.946
968 PRESTWICK CI SE,6954.631 -13992.331|6954.638 -13981.968|6920.664 -13981.946|6920.664 -13992.320
972 PRESTWICK CI SE,6954.631 -14002.706|6954.631 -13992.331|6920.664 -13992.320|6920.657 -14002.695
976 PRESTWICK CI SE,6954.624 -14013.080|6954.631 -14002.706|6920.657 -14002.695|6920.650 -14013.069
980 PRESTWICK CI SE,6954.617 -14023.455|6954.624 -14013.080|6920.650 -14013.069|6920.650 -14019.363|6920.650 -14023.444
174 PRESTWICK ESTATE WY SE,7005.654 -14098.033|6997.091 -14090.795|6995.427 -14090.572|6969.129 -14102.715|6968.060 -14110.665|6979.244 -14120.106
180 PRESTWICK ESTATE WY SE,6960.573 -14075.116|6960.566 -14092.574|6967.333 -14096.944|6993.631 -14084.801|6994.540 -14083.389|6994.540 -14072.759
184 PRESTWICK ESTATE WY SE,6994.547 -14060.183|6960.580 -14060.171|6960.566 -14074.871|6960.573 -14075.116|6994.540 -14072.759
188 PRESTWICK ESTATE WY SE,6994.553 -14047.985|6960.580 -14047.973|6960.580 -14060.171|6994.547 -14060.183
192 PRESTWICK ESTATE WY SE,6994.553 -14036.387|6960.587 -14036.376|6960.580 -14047.973|6994.553 -14047.985
196 PRESTWICK ESTATE WY SE,6994.560 -14024.144|6960.594 -14024.133|6960.587 -14036.376|6994.553 -14036.387
200 PRESTWICK ESTATE WY SE,6994.567 -14012.558|6960.594 -14012.547|6960.587 -14023.455|6960.594 -14024.133|6994.560 -14024.144
204 PRESTWICK ESTATE WY SE,6994.567 -14012.558|6994.567 -14000.349|6960.601 -14000.337|6960.594 -14012.547
208 PRESTWICK ESTATE WY SE,6994.567 -14000.349|6994.574 -13988.762|6960.608 -13988.751|6960.601 -14000.337
212 PRESTWICK ESTATE WY SE,6994.581 -13976.975|6960.608 -13973.428|6960.608 -13988.751|6994.574 -13988.762
216 PRESTWICK ESTATE WY SE,6994.581 -13965.178|6960.622 -13952.868|6960.608 -13973.428|6994.581 -13976.975
220 PRESTWICK ESTATE WY SE,6994.581 -13965.178|6994.588 -13954.914|6961.153 -13921.278|6960.629 -13921.800|6960.622 -13952.868
228 PRESTWICK ESTATE WY SE,7005.466 -13952.802|6996.413 -13918.820|6963.614 -13918.809|6963.264 -13919.154|6996.700 -13952.791
232 PRESTWICK ESTATE WY SE,7015.881 -13952.802|7015.881 -13952.446|7015.888 -13949.811|7015.888 -13920.822|7015.895 -13918.820|7013.903 -13918.820|6996.413 -13918.820|7005.466 -13952.802|7013.896 -13952.802
236 PRESTWICK ESTATE WY SE,7028.010 -13952.813|7028.010 -13952.446|7028.024 -13918.832|7017.881 -13918.832|7015.895 -13918.820|7015.888 -13920.822|7015.888 -13949.811|7015.881 -13952.446|7015.881 -13952.802|7017.874 -13952.802
240 PRESTWICK ESTATE WY SE,7040.761 -13918.832|7028.024 -13918.832|7028.010 -13952.446|7028.010 -13952.813|7040.747 -13952.813
244 PRESTWICK ESTATE WY SE,7052.875 -13952.824|7052.882 -13918.843|7040.761 -13918.832|7040.747 -13952.813
248 PRESTWICK ESTATE WY SE,7065.605 -13952.824|7065.612 -13920.844|7065.619 -13918.843|7052.882 -13918.843|7052.875 -13952.824
252 PRESTWICK ESTATE WY SE,7077.733 -13952.824|7077.747 -13918.854|7065.619 -13918.843|7065.612 -13920.844|7065.605 -13952.824
256 PRESTWICK ESTATE WY SE,7089.260 -13952.835|7089.274 -13918.854|7077.747 -13918.854|7077.733 -13952.824
260 PRESTWICK ESTATE WY SE,7101.389 -13952.835|7101.403 -13918.865|7089.274 -13918.854|7089.260 -13952.835
264 PRESTWICK ESTATE WY SE,7113.517 -13952.846|7113.524 -13920.866|7113.531 -13918.865|7101.403 -13918.865|7101.389 -13952.835
268 PRESTWICK ESTATE WY SE,7125.045 -13952.846|7125.059 -13918.865|7113.531 -13918.865|7113.524 -13920.866|7113.517 -13952.846
272 PRESTWICK ESTATE WY SE,7137.173 -13952.857|7137.187 -13918.876|7125.059 -13918.865|7125.045 -13952.846
276 PRESTWICK ESTATE WY SE,7148.721 -13918.876|7137.187 -13918.876|7137.173 -13952.857|7148.707 -13952.857
280 PRESTWICK ESTATE WY SE,7160.829 -13952.868|7160.843 -13918.887|7148.721 -13918.876|7148.707 -13952.857
284 PRESTWICK ESTATE WY SE,7173.566 -13952.868|7173.580 -13918.887|7160.843 -13918.887|7160.829 -13952.868
288 PRESTWICK ESTATE WY SE,7185.331 -13952.879|7188.281 -13921.901|7188.281 -13920.900|7188.281 -13918.898|7173.580 -13918.887|7173.566 -13952.868
292 PRESTWICK ESTATE WY SE,7224.093 -13922.546|7224.093 -13921.912|7221.115 -13918.909|7188.281 -13918.898|7188.281 -13920.900|7188.281 -13921.901|7185.331 -13952.879|7190.112 -13952.879|7190.112 -13956.504
165 PRESTWICK ESTATE WY SE,7020.523 -14089.705|7030.715 -14098.311|7032.239 -14099.590|7032.491 -14099.290|7034.155 -14097.299|7052.693 -14075.105|7053.973 -14073.570|7052.449 -14072.292|7044.794 -14065.820|7020.810 -14089.427
173 PRESTWICK ESTATE WY SE,7044.794 -14065.820|7044.417 -14065.509|7044.424 -14055.012|7010.443 -14073.548|7010.443 -14076.695|7013.868 -14084.089|7020.523 -14089.705|7020.810 -14089.427
181 PRESTWICK ESTATE WY SE,7044.424 -14055.012|7044.431 -14044.237|7010.450 -14052.632|7010.443 -14073.548
189 PRESTWICK ESTATE WY SE,7044.431 -14044.237|7044.431 -14033.663|7010.464 -14035.219|7010.450 -14052.632
197 PRESTWICK ESTATE WY SE,7044.438 -14021.198|7010.862 -14021.187|7010.464 -14021.187|7010.464 -14035.219|7044.431 -14033.663
201 PRESTWICK ESTATE WY SE,7044.438 -14021.198|7044.438 -14011.012|7044.445 -14009.011|7042.452 -14009.011|7013.456 -14009.000|7010.862 -14009.000|7010.471 -14009.000|7010.471 -14010.990|7010.464 -14021.187|7010.862 -14021.187
205 PRESTWICK ESTATE WY SE,7010.471 -14009.000|7010.862 -14009.000|7013.456 -14009.000|7042.452 -14009.011|7044.445 -14009.011|7044.438 -14007.009|7044.445 -13996.212|7010.869 -13996.190|7010.478 -13996.190|7010.471 -14006.998
209 PRESTWICK ESTATE WY SE,7044.452 -13983.402|7010.478 -13983.391|7010.478 -13996.190|7010.869 -13996.190|7044.445 -13996.212
213 PRESTWICK ESTATE WY SE,7044.452 -13983.402|7044.459 -13969.803|7043.466 -13968.803|7014.959 -13968.791|7010.485 -13973.284|7010.478 -13983.391
293 PRESTWICK ESTATE WY SE,7174.195 -13983.480|7174.202 -13973.362|7169.728 -13968.858|7141.228 -13968.847|7140.228 -13969.848|7140.228 -13983.469
297 PRESTWICK ESTATE WY SE,7174.188 -13996.301|7174.195 -13983.480|7140.228 -13983.469|7140.221 -13996.290
301 PRESTWICK ESTATE WY SE,7174.188 -14008.499|7174.188 -13996.301|7140.221 -13996.290|7140.214 -14008.477|7142.199 -14008.477
305 PRESTWICK ESTATE WY SE,7174.181 -14020.686|7174.188 -14008.499|7142.199 -14008.477|7140.214 -14008.477|7140.207 -14020.675
309 PRESTWICK ESTATE WY SE,7174.174 -14032.884|7174.181 -14020.686|7140.207 -14020.675|7140.200 -14032.862
313 PRESTWICK ESTATE WY SE,7174.167 -14045.071|7174.174 -14032.884|7140.200 -14032.862|7140.200 -14045.060
317 PRESTWICK ESTATE WY SE,7174.167 -14045.071|7140.200 -14045.060|7140.193 -14057.247|7171.182 -14057.258|7173.761 -14057.258|7174.160 -14057.258
321 PRESTWICK ESTATE WY SE,7174.160 -14069.456|7174.160 -14067.455|7174.160 -14059.260|7174.160 -14057.258|7173.761 -14057.258|7171.182 -14057.258|7140.193 -14057.247|7140.186 -14069.445|7173.761 -14069.456
3 PRESTWICK ESTATE LI SE,7084.388 -13983.425|7084.388 -13973.317|7079.921 -13968.825|7051.414 -13968.814|7050.421 -13969.803|7050.414 -13983.414
7 PRESTWICK ESTATE LI SE,7084.381 -13995.612|7084.388 -13983.425|7050.414 -13983.414|7050.414 -13995.601
11 PRESTWICK ESTATE LI SE,7084.374 -14007.810|7084.381 -13995.612|7050.414 -13995.601|7050.407 -14007.799
15 PRESTWICK ESTATE LI SE,7084.374 -14019.997|7084.374 -14007.810|7050.407 -14007.799|7050.400 -14019.986
19 PRESTWICK ESTATE LI SE,7084.374 -14019.997|7050.400 -14019.986|7050.393 -14031.984|7084.367 -14032.895
23 PRESTWICK ESTATE LI SE,7084.367 -14032.895|7050.393 -14031.984|7050.393 -14042.380|7084.360 -14048.596
31 PRESTWICK ESTATE LI SE,7084.360 -14048.596|7050.393 -14042.380|7050.386 -14052.710|7080.879 -14064.063|7081.480 -14063.352|7084.353 -14055.412
39 PRESTWICK ESTATE LI SE,7080.879 -14064.063|7050.386 -14052.710|7050.386 -14059.716|7052.665 -14064.642|7068.163 -14077.729|7069.568 -14077.607
4 PRESTWICK ESTATE LI SE,7100.690 -13983.436|7103.269 -13983.436|7134.258 -13983.458|7134.265 -13969.837|7133.664 -13969.247|7133.273 -13968.847|7104.772 -13968.825|7100.291 -13973.328|7100.291 -13981.546|7100.291 -13983.436
8 PRESTWICK ESTATE LI SE,7134.258 -13995.645|7134.258 -13983.458|7103.269 -13983.436|7100.690 -13983.436|7100.291 -13983.436|7100.284 -13995.634
12 PRESTWICK ESTATE LI SE,7134.251 -14007.843|7134.258 -13995.645|7100.284 -13995.634|7100.277 -14007.821
16 PRESTWICK ESTATE LI SE,7134.244 -14020.030|7134.251 -14007.843|7100.277 -14007.821|7100.277 -14020.019
20 PRESTWICK ESTATE LI SE,7134.237 -14031.628|7134.244 -14020.030|7100.277 -14020.019|7100.270 -14031.605
24 PRESTWICK ESTATE LI SE,7134.237 -14043.214|7134.237 -14031.628|7100.270 -14031.605|7100.263 -14043.203
28 PRESTWICK ESTATE LI SE,7134.230 -14056.146|7134.237 -14043.214|7100.263 -14043.203|7100.263 -14054.623
32 PRESTWICK ESTATE LI SE,7134.230 -14056.146|7100.263 -14054.623|7100.257 -14064.330|7133.377 -14077.229|7134.223 -14074.905|7134.223 -14069.434
36 PRESTWICK ESTATE LI SE,7132.301 -14080.198|7133.377 -14077.229|7100.257 -14064.330|7100.257 -14065.731|7095.629 -14071.269|7094.343 -14072.803|7094.671 -14073.037|7096.810 -14074.504|7122.381 -14092.073
40 PRESTWICK ESTATE LI SE,7122.381 -14092.073|7096.810 -14074.504|7094.671 -14073.037|7094.343 -14072.803|7093.056 -14074.349|7087.177 -14081.387|7087.485 -14081.643|7113.056 -14103.237
44 PRESTWICK ESTATE LI SE,7113.056 -14103.237|7087.485 -14081.643|7087.177 -14081.387|7079.767 -14090.261|7105.646 -14112.111
48 PRESTWICK ESTATE LI SE,7105.646 -14112.111|7079.767 -14090.261|7072.351 -14099.145|7098.229 -14120.995
52 PRESTWICK ESTATE LI SE,7098.229 -14120.995|7072.351 -14099.145|7064.934 -14108.019|7090.812 -14129.868
56 PRESTWICK ESTATE LI SE,7090.812 -14129.868|7064.934 -14108.019|7058.412 -14115.825|7058.964 -14122.163|7080.655 -14140.476|7082.060 -14140.354
140 PRESTWICK ESTATE WY SE,7072.190 -14158.123|7073.853 -14156.133|7074.105 -14155.821|7071.190 -14153.364|7065.828 -14148.838|7064.311 -14147.560|7064.053 -14147.860|7042.571 -14173.579|7052.372 -14181.841
144 PRESTWICK ESTATE WY SE,7064.311 -14147.560|7054.511 -14139.287|7032.777 -14165.306|7042.571 -14173.579|7064.053 -14147.860
148 PRESTWICK ESTATE WY SE,7054.511 -14139.287|7044.717 -14131.014|7022.984 -14157.033|7032.777 -14165.306
152 PRESTWICK ESTATE WY SE,7044.717 -14131.014|7034.476 -14122.363|7012.743 -14148.382|7022.984 -14157.033
160 PRESTWICK ESTATE WY SE,7034.476 -14122.363|7024.682 -14114.090|7002.949 -14140.121|7012.743 -14148.382
164 PRESTWICK ESTATE WY SE,7024.682 -14114.090|7014.882 -14105.828|6993.148 -14131.848|7002.949 -14140.121
168 PRESTWICK ESTATE WY SE,7014.882 -14105.828|7005.654 -14098.033|6979.244 -14120.106|6993.148 -14131.848
219 ELGIN WY SE,6881.189 -15625.607|6881.189 -15636.649|6914.974 -15636.660|6914.974 -15625.618
227 ELGIN WY SE,6914.974 -15650.704|6914.974 -15639.662|6881.189 -15639.651|6881.182 -15650.693
231 ELGIN WY SE,6914.967 -15661.745|6914.974 -15650.704|6881.182 -15650.693|6881.182 -15661.734
235 ELGIN WY SE,6914.967 -15672.787|6914.967 -15661.745|6881.182 -15661.734|6881.182 -15672.776
239 ELGIN WY SE,6914.960 -15683.829|6914.967 -15672.787|6881.182 -15672.776|6881.175 -15683.829
59 ELGIN DR SE,6954.841 -15610.785|6954.729 -15600.344|6920.944 -15600.332|6920.944 -15610.774
63 ELGIN DR SE,6954.952 -15621.226|6954.841 -15610.785|6920.944 -15610.774|6920.937 -15621.215
67 ELGIN DR SE,6920.937 -15621.215|6920.937 -15625.618|6920.937 -15628.843|6923.922 -15631.845|6954.072 -15631.856|6955.057 -15630.855|6954.952 -15621.226
75 ELGIN DR SE,6955.246 -15649.047|6955.141 -15638.850|6954.135 -15637.850|6923.915 -15637.838|6920.937 -15640.841|6920.930 -15649.036|6954.841 -15649.036
79 ELGIN DR SE,6954.959 -15660.133|6955.365 -15660.133|6955.246 -15649.047|6954.841 -15649.036|6920.930 -15649.036|6920.930 -15658.132|6920.930 -15660.122
83 ELGIN DR SE,6954.959 -15671.230|6955.365 -15671.230|6955.365 -15660.133|6954.959 -15660.133|6920.930 -15660.122|6920.930 -15662.123|6920.930 -15671.219
87 ELGIN DR SE,6955.358 -15681.671|6955.365 -15671.230|6954.959 -15671.230|6920.930 -15671.219|6920.923 -15681.660
91 ELGIN DR SE,6955.358 -15692.769|6955.358 -15692.057|6955.358 -15681.671|6920.923 -15681.660|6920.923 -15692.113|6920.986 -15692.758|6954.959 -15692.769
95 ELGIN DR SE,6955.686 -15703.210|6955.449 -15697.984|6955.358 -15692.769|6954.959 -15692.769|6920.986 -15692.758|6921.776 -15701.197|6921.964 -15703.199
58 ELGIN DR SE,7005.703 -15609.617|7005.710 -15598.531|6971.925 -15598.520|6971.925 -15600.344|6971.820 -15609.617
62 ELGIN DR SE,7005.703 -15620.014|7005.703 -15618.769|7005.703 -15609.617|6971.820 -15609.617|6971.709 -15620.003
66 ELGIN DR SE,6971.709 -15620.003|6971.597 -15630.199|6972.575 -15631.189|7002.718 -15631.200|7005.703 -15628.209|7005.703 -15620.014
74 ELGIN DR SE,7005.696 -15648.491|7005.696 -15640.196|7002.718 -15637.194|6972.513 -15637.194|6971.506 -15638.194|6971.394 -15648.480
78 ELGIN DR SE,7005.696 -15658.888|7005.696 -15648.491|6971.394 -15648.480|6971.275 -15658.877
82 ELGIN DR SE,7005.689 -15669.273|7005.696 -15658.888|6971.275 -15658.877|6971.261 -15660.133|6971.261 -15669.262
86 ELGIN DR SE,7005.689 -15680.315|7005.689 -15669.273|6971.261 -15669.262|6971.261 -15680.315
90 ELGIN DR SE,7005.682 -15690.723|7005.689 -15680.315|6971.261 -15680.315|6971.254 -15690.712
94 ELGIN DR SE,7005.682 -15700.397|7005.682 -15690.723|6971.254 -15690.712|6971.254 -15692.068|6971.331 -15697.272|6971.569 -15702.476
393 ELGIN WY SE,7047.150 -15707.724|7046.297 -15702.465|7045.738 -15697.161|7011.645 -15699.874|7011.638 -15712.484|7011.638 -15714.518
397 ELGIN WY SE,7045.738 -15697.161|7045.507 -15693.280|7045.430 -15689.400|7045.430 -15687.042|7011.645 -15687.031|7011.645 -15699.874
401 ELGIN WY SE,7045.430 -15687.042|7045.437 -15675.945|7045.234 -15675.945|7011.652 -15675.934|7011.645 -15687.031
405 ELGIN WY SE,7045.234 -15675.945|7045.437 -15675.945|7045.437 -15665.504|7045.241 -15665.504|7011.652 -15665.493|7011.652 -15667.494|7011.652 -15675.934
409 ELGIN WY SE,7045.241 -15665.504|7045.437 -15665.504|7045.444 -15654.406|7045.241 -15654.406|7011.659 -15654.395|7011.652 -15663.491|7011.652 -15665.493
413 ELGIN WY SE,7045.444 -15654.406|7045.444 -15643.965|7011.659 -15643.954|7011.659 -15654.395|7045.241 -15654.406
417 ELGIN WY SE,7045.444 -15643.965|7045.444 -15632.868|7011.659 -15632.857|7011.659 -15643.954
425 ELGIN WY SE,7011.666 -15618.769|7011.666 -15629.866|7045.451 -15629.877|7045.451 -15618.780
99 ELGIN DR SE,6956.595 -15713.685|6956.064 -15708.447|6955.686 -15703.210|6921.964 -15703.199|6922.153 -15705.200|6923.342 -15717.776
103 ELGIN DR SE,6958.028 -15723.792|6957.245 -15718.744|6956.595 -15713.685|6923.342 -15717.776|6924.474 -15729.797
107 ELGIN DR SE,6960.153 -15734.422|6959.021 -15729.118|6958.028 -15723.792|6924.474 -15729.797|6924.886 -15734.189|6927.242 -15742.317
111 ELGIN DR SE,6962.698 -15744.263|6961.363 -15739.359|6960.153 -15734.422|6927.242 -15742.317|6930.584 -15753.837
115 ELGIN DR SE,6965.781 -15753.993|6964.173 -15749.145|6962.698 -15744.263|6930.584 -15753.837|6933.939 -15765.412
119 ELGIN DR SE,6969.409 -15763.633|6968.542 -15761.443|6965.781 -15753.993|6933.939 -15765.412|6936.602 -15774.597|6937.329 -15776.443
123 ELGIN DR SE,6972.904 -15773.463|6973.240 -15773.341|6969.409 -15763.633|6969.073 -15763.767|6937.329 -15776.443|6938.056 -15778.300|6941.160 -15786.150
127 ELGIN DR SE,6977.070 -15783.037|6973.240 -15773.341|6972.904 -15773.463|6941.160 -15786.150|6944.991 -15795.846
131 ELGIN DR SE,6980.901 -15792.744|6977.070 -15783.037|6944.991 -15795.846|6948.822 -15805.554
135 ELGIN DR SE,6984.732 -15802.451|6980.901 -15792.744|6948.822 -15805.554|6952.653 -15815.261
139 ELGIN DR SE,6988.563 -15812.159|6984.732 -15802.451|6952.653 -15815.261|6956.490 -15824.968|6988.241 -15812.292
143 ELGIN DR SE,6992.079 -15821.988|6992.400 -15821.866|6988.563 -15812.159|6988.241 -15812.292|6956.490 -15824.968|6959.580 -15832.819|6960.321 -15834.676
147 ELGIN DR SE,6995.910 -15831.696|6996.231 -15831.573|6992.400 -15821.866|6992.079 -15821.988|6960.321 -15834.676|6961.048 -15836.533|6964.152 -15844.383
151 ELGIN DR SE,6999.985 -15841.069|6996.231 -15831.573|6995.910 -15831.696|6964.152 -15844.383|6968.458 -15855.291|6999.671 -15841.214
155 ELGIN DR SE,7000.432 -15854.224|7001.565 -15853.390|7002.257 -15852.534|7002.753 -15851.544|7003.012 -15850.465|7003.033 -15849.353|7002.704 -15847.975|6999.985 -15841.069|6999.671 -15841.214|6968.458 -15855.291|6973.351 -15867.689|6974.596 -15868.145
98 ELGIN DR SE,7005.682 -15709.982|7005.682 -15700.397|6971.569 -15702.476|6972.023 -15708.403|6972.687 -15714.307
102 ELGIN DR SE,7006.151 -15719.533|7005.675 -15718.332|7005.682 -15709.982|6972.687 -15714.307|6973.540 -15720.123|6974.589 -15725.905
106 ELGIN DR SE,7009.674 -15728.462|7006.151 -15719.533|6974.589 -15725.905|6975.840 -15731.654|6977.280 -15737.358
114 ELGIN DR SE,7013.183 -15737.347|7009.674 -15728.462|6977.280 -15737.358|6978.937 -15743.062|6980.789 -15748.700
118 ELGIN DR SE,7016.874 -15746.698|7013.183 -15737.347|6980.789 -15748.700|6983.320 -15755.538|6984.872 -15759.475
122 ELGIN DR SE,7020.691 -15756.361|7016.874 -15746.698|6984.872 -15759.475|6988.688 -15769.149
126 ELGIN DR SE,7024.508 -15766.035|7020.691 -15756.361|6988.688 -15769.149|6992.505 -15778.811
130 ELGIN DR SE,7028.324 -15775.709|7024.508 -15766.035|6992.505 -15778.811|6996.322 -15788.485
134 ELGIN DR SE,7032.141 -15785.372|7028.324 -15775.709|6996.322 -15788.485|7000.146 -15798.148
138 ELGIN DR SE,7035.958 -15795.046|7032.141 -15785.372|7000.146 -15798.148|7003.963 -15807.822
142 ELGIN DR SE,7039.775 -15804.709|7035.958 -15795.046|7003.963 -15807.822|7007.779 -15817.496
146 ELGIN DR SE,7043.592 -15814.383|7039.775 -15804.709|7007.779 -15817.496|7011.596 -15827.159
150 ELGIN DR SE,7023.669 -15840.869|7025.752 -15839.301|7046.129 -15823.412|7046.549 -15821.866|7043.592 -15814.383|7011.778 -15827.092|7011.596 -15827.159|7016.140 -15838.668|7016.832 -15839.891|7017.349 -15840.469|7017.951 -15840.947|7018.622 -15841.336|7019.342 -15841.614|7020.097 -15841.770|7020.866 -15841.814|7021.635 -15841.737|7022.383 -15841.536
357 ELGIN WY SE,7077.440 -15799.004|7078.411 -15797.992|7078.873 -15797.214|7079.180 -15796.369|7079.341 -15795.491|7079.334 -15794.579|7079.012 -15793.211|7076.202 -15786.095|7076.028 -15786.195|7045.227 -15802.274|7051.456 -15818.041|7052.609 -15818.363
361 ELGIN WY SE,7076.202 -15786.095|7072.553 -15776.854|7072.364 -15776.921|7040.278 -15789.742|7045.227 -15802.274|7076.028 -15786.195
365 ELGIN WY SE,7072.364 -15776.921|7072.553 -15776.854|7068.722 -15767.147|7068.534 -15767.225|7036.447 -15780.035|7037.181 -15781.891|7040.278 -15789.742
369 ELGIN WY SE,7068.534 -15767.225|7068.722 -15767.147|7064.892 -15757.440|7064.703 -15757.518|7032.617 -15770.327|7035.713 -15778.178|7036.447 -15780.035
373 ELGIN WY SE,7064.892 -15757.440|7061.061 -15747.744|7028.786 -15760.631|7032.617 -15770.327|7064.703 -15757.518
377 ELGIN WY SE,7061.061 -15747.744|7056.937 -15737.291|7024.661 -15750.179|7028.786 -15760.631
381 ELGIN WY SE,7056.937 -15737.291|7053.106 -15727.584|7020.831 -15740.471|7024.661 -15750.179
385 ELGIN WY SE,7053.106 -15727.584|7052.309 -15725.571|7050.820 -15721.546|7049.513 -15717.465|7015.756 -15727.617|7020.831 -15740.471
389 ELGIN WY SE,7049.513 -15717.465|7048.205 -15712.628|7047.150 -15707.724|7011.638 -15714.518|7011.638 -15716.553|7011.638 -15717.187|7015.756 -15727.617
4 PRESTWICK HT SE,7361.036 -13663.917|7361.036 -13673.158|7362.029 -13674.158|7390.361 -13674.169|7394.835 -13669.677|7394.835 -13663.928|7364.021 -13663.917
8 PRESTWICK HT SE,7394.835 -13663.928|7394.842 -13656.289|7361.043 -13656.267|7361.036 -13663.917|7364.021 -13663.917
12 PRESTWICK HT SE,7394.842 -13656.289|7394.842 -13648.639|7361.043 -13648.628|7361.043 -13656.267
16 PRESTWICK HT SE,7394.842 -13648.639|7394.849 -13641.000|7361.050 -13640.978|7361.043 -13648.628
20 PRESTWICK HT SE,7394.849 -13641.000|7394.849 -13633.350|7361.050 -13633.339|7361.050 -13640.978
24 PRESTWICK HT SE,7394.849 -13633.350|7394.856 -13625.700|7361.057 -13625.688|7361.050 -13633.339
28 PRESTWICK HT SE,7394.856 -13625.700|7394.856 -13618.060|7361.057 -13618.038|7361.057 -13625.688
32 PRESTWICK HT SE,7394.856 -13618.060|7394.863 -13610.410|7361.064 -13610.399|7361.057 -13618.038
36 PRESTWICK HT SE,7394.863 -13603.472|7361.071 -13597.456|7361.064 -13610.399|7394.863 -13610.410
40 PRESTWICK HT SE,7394.870 -13596.444|7361.071 -13584.068|7361.071 -13597.456|7394.863 -13603.472
44 PRESTWICK HT SE,7394.870 -13589.150|7364.063 -13571.247|7361.078 -13571.247|7361.071 -13584.068|7394.870 -13596.444
48 PRESTWICK HT SE,7397.310 -13584.435|7363.797 -13550.710|7361.085 -13553.434|7361.078 -13571.247|7364.063 -13571.247|7394.870 -13589.150|7394.870 -13584.435
52 PRESTWICK HT SE,7404.419 -13584.435|7384.923 -13550.443|7364.070 -13550.443|7363.797 -13550.710|7397.310 -13584.435
56 PRESTWICK HT SE,7411.675 -13584.435|7400.477 -13553.456|7400.477 -13550.454|7384.923 -13550.443|7404.419 -13584.435
60 PRESTWICK HT SE,7418.659 -13584.446|7412.717 -13550.454|7400.477 -13550.454|7400.477 -13553.456|7411.675 -13584.435
64 PRESTWICK HT SE,7425.565 -13584.446|7425.586 -13550.465|7412.717 -13550.454|7418.659 -13584.446
68 PRESTWICK HT SE,7433.171 -13584.446|7433.192 -13550.465|7425.586 -13550.465|7425.565 -13584.446
72 PRESTWICK HT SE,7440.777 -13584.446|7440.798 -13550.476|7433.192 -13550.465|7433.171 -13584.446
76 PRESTWICK HT SE,7448.382 -13584.457|7448.396 -13550.476|7440.798 -13550.476|7440.777 -13584.446
80 PRESTWICK HT SE,7455.988 -13584.457|7456.002 -13550.476|7448.396 -13550.476|7448.382 -13584.457
84 PRESTWICK HT SE,7463.594 -13584.457|7463.608 -13550.487|7456.002 -13550.476|7455.988 -13584.457
88 PRESTWICK HT SE,7471.199 -13584.468|7471.213 -13550.487|7463.608 -13550.487|7463.594 -13584.457
92 PRESTWICK HT SE,7478.805 -13584.468|7478.819 -13550.487|7471.213 -13550.487|7471.199 -13584.468
96 PRESTWICK HT SE,7486.403 -13584.468|7486.424 -13550.498|7478.819 -13550.487|7478.805 -13584.468
100 PRESTWICK HT SE,7494.009 -13584.480|7494.030 -13550.498|7486.424 -13550.498|7486.403 -13584.468
104 PRESTWICK HT SE,7501.615 -13584.480|7501.636 -13550.498|7494.030 -13550.498|7494.009 -13584.480
108 PRESTWICK HT SE,7509.220 -13584.480|7509.234 -13550.510|7501.636 -13550.498|7501.615 -13584.480
112 PRESTWICK HT SE,7516.826 -13584.491|7516.840 -13550.510|7509.234 -13550.510|7509.220 -13584.480
116 PRESTWICK HT SE,7524.432 -13584.491|7524.446 -13550.510|7516.840 -13550.510|7516.826 -13584.491
120 PRESTWICK HT SE,7532.037 -13584.491|7532.051 -13550.521|7524.446 -13550.510|7524.432 -13584.491
57 PRESTWICK HT SE,7419.854 -13634.306|7419.868 -13600.436|7415.247 -13600.425|7410.767 -13604.928|7410.760 -13633.305|7411.752 -13634.306
61 PRESTWICK HT SE,7427.453 -13634.317|7427.474 -13600.436|7419.868 -13600.436|7419.854 -13634.306
65 PRESTWICK HT SE,7435.058 -13634.317|7435.079 -13600.436|7427.474 -13600.436|7427.453 -13634.317
69 PRESTWICK HT SE,7442.664 -13634.317|7442.678 -13600.447|7435.079 -13600.436|7435.058 -13634.317
73 PRESTWICK HT SE,7450.270 -13634.328|7450.284 -13600.447|7442.678 -13600.447|7442.664 -13634.317
77 PRESTWICK HT SE,7457.875 -13634.328|7457.889 -13600.447|7450.284 -13600.447|7450.270 -13634.328
81 PRESTWICK HT SE,7465.481 -13634.328|7465.495 -13600.447|7457.889 -13600.447|7457.875 -13634.328
85 PRESTWICK HT SE,7473.087 -13634.339|7473.101 -13600.458|7465.495 -13600.447|7465.481 -13634.328
89 PRESTWICK HT SE,7480.685 -13634.339|7480.706 -13600.458|7473.101 -13600.458|7473.087 -13634.339
93 PRESTWICK HT SE,7488.291 -13634.339|7488.312 -13600.458|7480.706 -13600.458|7480.685 -13634.339
97 PRESTWICK HT SE,7495.897 -13634.350|7495.911 -13600.469|7488.312 -13600.458|7488.291 -13634.339
101 PRESTWICK HT SE,7503.502 -13634.350|7503.516 -13600.469|7495.911 -13600.469|7495.897 -13634.350
105 PRESTWICK HT SE,7511.108 -13634.350|7511.122 -13600.469|7503.516 -13600.469|7503.502 -13634.350
109 PRESTWICK HT SE,7518.713 -13634.362|7518.727 -13600.481|7511.122 -13600.469|7511.108 -13634.350
113 PRESTWICK HT SE,7526.319 -13634.362|7526.333 -13600.481|7518.727 -13600.481|7518.713 -13634.362
117 PRESTWICK HT SE,7533.918 -13634.362|7533.939 -13600.481|7532.030 -13600.481|7526.333 -13600.481|7526.319 -13634.362
323 PRESTWICK HT SE,7466.201 -13674.203|7474.044 -13674.214|7475.393 -13674.214|7475.393 -13673.814|7475.414 -13640.333|7466.222 -13640.333
327 PRESTWICK HT SE,7466.201 -13674.203|7466.222 -13640.333|7457.673 -13640.322|7457.652 -13674.203
331 PRESTWICK HT SE,7457.652 -13674.203|7457.673 -13640.322|7448.473 -13640.322|7448.459 -13674.203
335 PRESTWICK HT SE,7448.459 -13674.203|7448.473 -13640.322|7439.924 -13640.311|7439.910 -13674.192
339 PRESTWICK HT SE,7439.910 -13674.192|7439.924 -13640.311|7430.731 -13640.311|7430.717 -13674.192
343 PRESTWICK HT SE,7430.717 -13674.192|7430.731 -13640.311|7422.182 -13640.311|7422.168 -13674.192
347 PRESTWICK HT SE,7422.168 -13674.192|7422.182 -13640.311|7411.745 -13640.299|7410.753 -13641.300|7410.739 -13669.688|7415.212 -13674.181
324 PRESTWICK HT SE,7447.781 -13724.163|7457.127 -13724.174|7458.120 -13723.173|7458.134 -13694.685|7453.660 -13690.193|7447.795 -13690.193
328 PRESTWICK HT SE,7447.781 -13724.163|7447.795 -13690.193|7439.246 -13690.181|7439.232 -13724.163
332 PRESTWICK HT SE,7439.232 -13724.163|7439.246 -13690.181|7430.696 -13690.181|7430.682 -13724.163
336 PRESTWICK HT SE,7430.682 -13724.163|7430.696 -13690.181|7422.147 -13690.170|7422.133 -13724.152
340 PRESTWICK HT SE,7422.133 -13724.152|7422.147 -13690.170|7413.605 -13690.170|7413.584 -13724.152
344 PRESTWICK HT SE,7413.584 -13724.152|7413.605 -13690.170|7405.055 -13690.170|7405.034 -13724.152
348 PRESTWICK HT SE,7405.034 -13724.152|7405.055 -13690.170|7396.506 -13690.159|7396.485 -13724.140
352 PRESTWICK HT SE,7396.485 -13724.140|7396.506 -13690.159|7387.957 -13690.159|7387.936 -13724.140
356 PRESTWICK HT SE,7387.936 -13724.140|7387.957 -13690.159|7379.407 -13690.159|7379.393 -13724.140
360 PRESTWICK HT SE,7379.393 -13724.140|7379.407 -13690.159|7370.858 -13690.148|7370.844 -13724.129
364 PRESTWICK HT SE,7370.844 -13724.129|7370.858 -13690.148|7362.309 -13690.148|7362.295 -13724.129
204 PRESTWICK WY SE,7507.766 -13849.368|7507.766 -13843.219|7507.766 -13841.718|7476.952 -13841.707|7474.366 -13841.707|7473.967 -13841.707|7473.967 -13843.208|7473.967 -13849.346|7474.359 -13849.346|7477.379 -13849.357|7477.442 -13849.357
208 PRESTWICK WY SE,7507.766 -13841.718|7507.773 -13834.079|7473.974 -13834.057|7473.967 -13841.707|7474.366 -13841.707|7476.952 -13841.707
212 PRESTWICK WY SE,7507.773 -13834.079|7507.773 -13826.429|7473.981 -13826.417|7473.974 -13834.057
216 PRESTWICK WY SE,7507.773 -13826.429|7507.780 -13818.790|7473.981 -13818.767|7473.981 -13826.417
220 PRESTWICK WY SE,7507.780 -13818.790|7507.780 -13811.139|7473.981 -13811.128|7473.981 -13818.767
224 PRESTWICK WY SE,7507.780 -13811.139|7507.787 -13803.500|7473.988 -13803.478|7473.981 -13811.128
228 PRESTWICK WY SE,7507.787 -13803.500|7507.787 -13795.850|7473.988 -13795.839|7473.988 -13803.478
232 PRESTWICK WY SE,7507.787 -13795.850|7507.794 -13788.211|7473.995 -13788.189|7473.988 -13795.839
236 PRESTWICK WY SE,7507.794 -13788.211|7507.794 -13780.561|7474.002 -13780.550|7473.995 -13788.189
240 PRESTWICK WY SE,7507.794 -13780.561|7507.801 -13772.910|7474.002 -13772.899|7474.002 -13780.550
244 PRESTWICK WY SE,7507.801 -13772.910|7507.801 -13765.271|7474.002 -13765.249|7474.002 -13772.899
248 PRESTWICK WY SE,7507.801 -13765.271|7507.808 -13757.621|7474.009 -13757.610|7474.002 -13765.249
252 PRESTWICK WY SE,7507.808 -13757.621|7507.808 -13749.982|7474.009 -13749.960|7474.009 -13757.610
256 PRESTWICK WY SE,7507.808 -13749.982|7507.815 -13742.332|7474.016 -13742.321|7474.009 -13749.960
260 PRESTWICK WY SE,7507.815 -13742.332|7507.815 -13734.693|7474.023 -13734.671|7474.016 -13742.321
264 PRESTWICK WY SE,7507.815 -13734.693|7507.822 -13730.857|7504.858 -13727.532|7500.363 -13727.043|7475.016 -13727.031|7474.023 -13728.032|7474.023 -13734.671
278 PRESTWICK CI SE,7726.498 -13741.298|7726.505 -13733.648|7692.713 -13733.636|7692.706 -13741.276
282 PRESTWICK CI SE,7726.505 -13733.648|7726.512 -13726.008|7692.713 -13725.986|7692.713 -13733.636
286 PRESTWICK CI SE,7726.512 -13726.008|7726.512 -13718.358|7692.720 -13718.336|7692.720 -13720.426|7692.713 -13725.986
290 PRESTWICK CI SE,7726.512 -13718.358|7726.519 -13710.719|7692.720 -13710.697|7692.720 -13718.336
294 PRESTWICK CI SE,7726.519 -13710.719|7726.526 -13703.069|7692.727 -13703.047|7692.720 -13710.697
298 PRESTWICK CI SE,7726.526 -13703.069|7726.526 -13695.419|7692.727 -13695.408|7692.727 -13703.047
302 PRESTWICK CI SE,7726.526 -13695.419|7726.533 -13687.780|7692.734 -13687.757|7692.727 -13695.408
306 PRESTWICK CI SE,7726.533 -13687.780|7726.533 -13680.129|7692.734 -13680.118|7692.734 -13687.757
310 PRESTWICK CI SE,7726.533 -13680.129|7726.540 -13672.490|7692.741 -13672.468|7692.734 -13680.118
314 PRESTWICK CI SE,7726.540 -13672.490|7726.540 -13664.840|7692.748 -13664.829|7692.741 -13672.468
318 PRESTWICK CI SE,7726.540 -13664.840|7726.547 -13657.201|7692.748 -13657.179|7692.748 -13664.829
322 PRESTWICK CI SE,7726.547 -13657.201|7726.554 -13649.851|7692.748 -13649.840|7686.792 -13649.829|7686.785 -13657.179|7692.748 -13657.179
303 PRESTWICK CI SE,7746.316 -13684.677|7746.309 -13689.314|7750.783 -13693.818|7779.710 -13693.829|7780.703 -13692.828|7780.710 -13684.700
307 PRESTWICK CI SE,7780.710 -13684.700|7780.717 -13677.049|7746.316 -13677.038|7746.316 -13684.677
311 PRESTWICK CI SE,7780.717 -13677.049|7780.717 -13669.410|7746.323 -13669.388|7746.316 -13677.038
315 PRESTWICK CI SE,7780.717 -13669.410|7780.724 -13661.760|7746.323 -13661.738|7746.323 -13669.388
319 PRESTWICK CI SE,7780.724 -13661.760|7780.724 -13654.110|7746.330 -13654.099|7746.323 -13661.738
321 PRESTWICK CI SE,7778.745 -13643.658|7772.139 -13643.480|7750.811 -13642.868|7746.337 -13647.238|7746.330 -13652.598|7746.330 -13654.099|7780.724 -13654.110|7780.724 -13652.620|7780.731 -13643.658
103 PRESTWICK CO SE,7755.327 -13745.912|7755.341 -13709.807|7750.776 -13709.807|7746.295 -13714.300|7746.281 -13741.309|7746.281 -13744.912|7747.274 -13745.912
105 PRESTWICK CO SE,7762.017 -13745.923|7762.038 -13709.807|7755.341 -13709.807|7755.327 -13745.912
107 PRESTWICK CO SE,7768.714 -13745.923|7768.735 -13709.818|7762.038 -13709.807|7762.017 -13745.923
109 PRESTWICK CO SE,7775.411 -13745.923|7775.432 -13709.818|7768.735 -13709.818|7768.714 -13745.923
113 PRESTWICK CO SE,7788.805 -13745.935|7788.825 -13709.830|7782.129 -13709.818|7782.108 -13745.935
115 PRESTWICK CO SE,7795.501 -13745.935|7795.522 -13709.830|7788.825 -13709.830|7788.805 -13745.935
117 PRESTWICK CO SE,7802.198 -13745.946|7802.198 -13742.943|7802.219 -13709.830|7795.522 -13709.830|7795.501 -13745.935
119 PRESTWICK CO SE,7808.895 -13745.946|7808.916 -13709.830|7802.219 -13709.830|7802.198 -13742.943|7802.198 -13745.946
121 PRESTWICK CO SE,7815.592 -13745.946|7815.613 -13709.841|7808.916 -13709.830|7808.895 -13745.946
123 PRESTWICK CO SE,7822.289 -13745.957|7822.310 -13709.841|7815.613 -13709.841|7815.592 -13745.946
125 PRESTWICK CO SE,7829.007 -13710.274|7826.504 -13709.952|7823.981 -13709.841|7822.310 -13709.841|7822.289 -13745.957|7828.986 -13745.957
127 PRESTWICK CO SE,7835.697 -13712.265|7834.075 -13711.620|7832.411 -13711.075|7830.719 -13710.619|7829.007 -13710.274|7828.986 -13745.957|7835.683 -13745.957
129 PRESTWICK CO SE,7842.974 -13715.990|7841.422 -13715.334|7839.961 -13714.511|7837.871 -13713.299|7835.697 -13712.265|7835.683 -13745.957|7842.960 -13745.968
131 PRESTWICK CO SE,7850.251 -13716.668|7848.412 -13716.846|7846.567 -13716.790|7844.749 -13716.501|7842.974 -13715.990|7842.960 -13745.968|7850.237 -13745.968
133 PRESTWICK CO SE,7859.310 -13745.979|7857.633 -13713.266|7855.983 -13714.489|7854.179 -13715.478|7852.257 -13716.212|7850.251 -13716.668|7850.237 -13745.968
135 PRESTWICK CO SE,7867.350 -13745.979|7864.190 -13711.876|7861.352 -13708.429|7860.618 -13709.774|7859.744 -13711.042|7858.744 -13712.198|7857.633 -13713.266|7859.310 -13745.979
137 PRESTWICK CO SE,7873.138 -13701.879|7863.253 -13701.868|7862.862 -13701.868|7862.813 -13703.069|7862.554 -13704.870|7862.086 -13706.616|7861.352 -13708.429|7864.190 -13711.876|7867.350 -13745.979|7870.327 -13745.979|7873.312 -13742.988|7873.305 -13721.483
139 PRESTWICK CO SE,7873.138 -13701.879|7871.320 -13652.898|7868.160 -13649.896|7865.175 -13649.896|7861.967 -13686.834|7859.674 -13692.594|7860.953 -13694.518|7861.918 -13696.620|7862.505 -13698.621|7862.813 -13700.667|7862.862 -13701.868|7863.253 -13701.868
141 PRESTWICK CO SE,7865.175 -13649.896|7854.865 -13649.862|7854.844 -13688.569|7856.200 -13689.370|7857.472 -13690.326|7858.632 -13691.405|7859.674 -13692.594|7861.967 -13686.834
143 PRESTWICK CO SE,7854.865 -13649.862|7847.566 -13649.851|7847.545 -13686.879|7849.433 -13686.946|7851.299 -13687.257|7853.117 -13687.802|7854.844 -13688.569
145 PRESTWICK CO SE,7847.566 -13649.851|7840.870 -13649.829|7840.849 -13688.680|7842.428 -13687.935|7844.092 -13687.379|7845.805 -13687.024|7847.545 -13686.879
147 PRESTWICK CO SE,7840.870 -13649.829|7834.173 -13649.807|7834.152 -13692.072|7837.137 -13690.793|7839.975 -13689.203|7840.849 -13688.680
149 PRESTWICK CO SE,7834.173 -13649.807|7827.476 -13649.795|7827.455 -13693.651|7830.845 -13693.050|7834.152 -13692.072
151 PRESTWICK CO SE,7827.476 -13649.795|7820.779 -13649.773|7820.758 -13693.851|7823.995 -13693.851|7827.455 -13693.651
153 PRESTWICK CO SE,7820.779 -13649.773|7814.089 -13649.762|7814.061 -13693.851|7820.758 -13693.851
155 PRESTWICK CO SE,7814.089 -13649.762|7807.392 -13649.740|7807.364 -13693.840|7814.061 -13693.851
157 PRESTWICK CO SE,7807.392 -13649.740|7800.695 -13649.729|7800.667 -13693.840|7807.364 -13693.840
159 PRESTWICK CO SE,7800.695 -13649.729|7793.998 -13649.707|7793.970 -13693.840|7800.667 -13693.840
161 PRESTWICK CO SE,7793.998 -13649.707|7789.678 -13649.695|7786.693 -13652.687|7786.672 -13692.839|7787.665 -13693.840|7793.970 -13693.840
111 PRESTWICK CO SE,7782.108 -13745.935|7782.129 -13709.818|7775.432 -13709.818|7775.411 -13745.923
161 PRESTWICK ESTATE WY SE,7039.936 -14106.095|7040.481 -14106.039|7045.668 -14105.595|7046.234 -14105.539|7064.451 -14083.734|7064.332 -14082.321|7055.489 -14074.860|7053.973 -14073.570|7052.693 -14075.105|7034.155 -14097.299|7032.491 -14099.290|7032.239 -14099.590|7033.763 -14100.880
103 PRESTWICK PT SE,6899.993 -13716.802|6900.986 -13715.801|6900.993 -13687.657|6896.526 -13683.154|6889.508 -13683.154|6887.515 -13683.154|6887.515 -13686.156|6887.508 -13716.802
107 PRESTWICK PT SE,6887.508 -13716.802|6887.515 -13686.156|6887.515 -13683.154|6885.530 -13683.154|6876.582 -13683.143|6876.568 -13716.802
111 PRESTWICK PT SE,6876.568 -13716.802|6876.582 -13683.143|6867.634 -13683.143|6865.649 -13683.143|6865.649 -13686.145|6865.635 -13716.790
115 PRESTWICK PT SE,6865.635 -13716.790|6865.649 -13686.145|6865.649 -13683.143|6863.657 -13683.143|6855.310 -13683.143|6855.296 -13716.790
119 PRESTWICK PT SE,6855.296 -13716.790|6855.310 -13683.143|6846.362 -13683.132|6844.377 -13683.132|6844.377 -13686.134|6844.363 -13716.779
123 PRESTWICK PT SE,6844.363 -13716.779|6844.377 -13686.134|6844.377 -13683.132|6842.385 -13683.132|6833.444 -13683.132|6833.430 -13716.779
127 PRESTWICK PT SE,6833.430 -13716.779|6833.444 -13683.132|6831.794 -13683.132|6829.431 -13683.221|6827.090 -13683.510|6824.776 -13683.966|6822.504 -13684.622|6822.497 -13716.779
131 PRESTWICK PT SE,6822.497 -13716.779|6822.504 -13687.791|6822.504 -13684.622|6820.519 -13685.356|6818.114 -13686.468|6815.814 -13687.791|6813.766 -13688.880|6811.571 -13689.637|6811.557 -13716.768
135 PRESTWICK PT SE,6811.571 -13689.637|6810.187 -13689.926|6808.789 -13690.093|6807.376 -13690.115|6805.971 -13690.004|6804.580 -13689.759|6803.217 -13689.381|6801.903 -13688.880|6800.638 -13688.258|6800.624 -13716.768|6811.557 -13716.768
139 PRESTWICK PT SE,6800.638 -13688.258|6798.883 -13687.112|6797.303 -13685.734|6795.926 -13684.155|6794.794 -13682.398|6789.705 -13685.233|6789.691 -13716.768|6800.624 -13716.768
143 PRESTWICK PT SE,6792.927 -13674.625|6778.003 -13674.614|6778.520 -13713.766|6781.540 -13716.757|6789.691 -13716.768|6789.705 -13685.233|6794.794 -13682.398|6793.941 -13680.563|6793.333 -13678.639|6792.997 -13676.638
104 PRESTWICK PT SE,6887.634 -13667.164|6889.619 -13667.164|6896.533 -13667.164|6901.007 -13662.672|6901.014 -13634.517|6900.021 -13633.517|6887.648 -13633.517|6887.634 -13664.162|6887.634 -13666.764
108 PRESTWICK PT SE,6876.701 -13667.153|6885.642 -13667.164|6887.634 -13667.164|6887.634 -13666.764|6887.634 -13664.162|6887.648 -13633.517|6876.715 -13633.505|6876.701 -13666.753
112 PRESTWICK PT SE,6865.768 -13667.153|6867.753 -13667.153|6876.701 -13667.153|6876.701 -13666.753|6876.715 -13633.505|6865.775 -13633.505|6865.768 -13664.151|6865.768 -13666.753
116 PRESTWICK PT SE,6854.828 -13667.153|6863.776 -13667.153|6865.768 -13667.153|6865.768 -13666.753|6865.768 -13664.151|6865.775 -13633.505|6854.842 -13633.505|6854.828 -13666.753
120 PRESTWICK PT SE,6854.828 -13667.153|6854.828 -13666.753|6854.842 -13633.505|6843.909 -13633.494|6843.895 -13667.142
124 PRESTWICK PT SE,6843.895 -13667.142|6843.909 -13633.494|6832.976 -13633.494|6832.962 -13666.742|6832.962 -13667.142
128 PRESTWICK PT SE,6831.794 -13667.142|6832.962 -13667.142|6832.962 -13666.742|6832.976 -13633.494|6822.036 -13633.494|6822.029 -13662.283|6822.029 -13665.485|6822.336 -13665.585|6824.014 -13666.097|6825.929 -13666.553|6827.873 -13666.875|6829.830 -13667.075
132 PRESTWICK PT SE,6815.828 -13662.472|6818.072 -13663.773|6820.428 -13664.874|6822.029 -13665.485|6822.029 -13662.283|6822.036 -13633.494|6811.102 -13633.483|6811.095 -13660.504|6812.333 -13660.837|6813.542 -13661.282|6814.709 -13661.827
136 PRESTWICK PT SE,6811.095 -13660.504|6811.102 -13633.483|6800.169 -13633.483|6800.155 -13659.447|6801.246 -13661.682|6802.406 -13661.171|6803.602 -13660.759|6804.825 -13660.448|6806.069 -13660.237|6807.328 -13660.148|6808.593 -13660.159|6809.851 -13660.270
140 PRESTWICK PT SE,6801.246 -13661.682|6800.155 -13659.447|6800.169 -13633.483|6789.236 -13633.483|6789.222 -13663.039|6795.311 -13666.997|6796.513 -13665.374|6797.918 -13663.928|6799.505 -13662.694
144 PRESTWICK PT SE,6795.311 -13666.997|6789.222 -13663.039|6789.236 -13633.483|6780.442 -13633.472|6777.499 -13636.474|6778.003 -13674.614|6792.927 -13674.625|6793.130 -13672.613|6793.605 -13670.645|6794.332 -13668.765
832 PRESTWICK CI SE,6920.797 -13638.131|6923.782 -13638.131|6954.596 -13638.142|6954.603 -13627.746|6920.804 -13627.734|6920.797 -13636.130
836 PRESTWICK CI SE,6920.790 -13648.517|6954.589 -13648.539|6954.589 -13646.537|6954.596 -13638.142|6923.782 -13638.131|6920.797 -13638.131|6920.797 -13640.122
840 PRESTWICK CI SE,6920.790 -13658.913|6923.775 -13658.913|6954.589 -13658.925|6954.589 -13650.529|6954.589 -13648.539|6920.790 -13648.517|6920.790 -13656.912
844 PRESTWICK CI SE,6920.783 -13669.310|6954.582 -13669.321|6954.589 -13658.925|6923.775 -13658.913|6920.790 -13658.913|6920.790 -13660.915
848 PRESTWICK CI SE,6920.783 -13679.707|6923.761 -13679.707|6954.582 -13679.718|6954.582 -13669.321|6920.783 -13669.310|6920.783 -13677.705
852 PRESTWICK CI SE,6920.776 -13690.093|6954.575 -13690.104|6954.582 -13679.718|6923.761 -13679.707|6920.783 -13679.707|6920.776 -13681.697
856 PRESTWICK CI SE,6954.568 -13700.500|6954.575 -13690.104|6920.776 -13690.093|6920.769 -13700.489|6923.754 -13700.489
860 PRESTWICK CI SE,6920.769 -13710.886|6954.568 -13710.897|6954.568 -13700.500|6923.754 -13700.489|6920.769 -13700.489|6920.769 -13702.480
864 PRESTWICK CI SE,6954.568 -13710.897|6920.769 -13710.886|6920.762 -13716.813|6920.762 -13721.272|6954.561 -13721.283
868 PRESTWICK CI SE,6920.762 -13731.668|6954.561 -13731.679|6954.561 -13729.678|6954.561 -13721.283|6920.762 -13721.272
872 PRESTWICK CI SE,6920.755 -13742.065|6954.554 -13742.076|6954.554 -13733.681|6954.561 -13731.679|6920.762 -13731.668
876 PRESTWICK CI SE,6954.554 -13752.473|6954.554 -13742.076|6920.755 -13742.065|6920.755 -13752.451
880 PRESTWICK CI SE,6954.547 -13762.858|6954.554 -13752.473|6920.755 -13752.451|6920.748 -13762.847
884 PRESTWICK CI SE,6954.547 -13773.255|6954.547 -13762.858|6920.748 -13762.847|6920.748 -13773.244
888 PRESTWICK CI SE,6954.540 -13783.652|6954.547 -13773.255|6920.748 -13773.244|6920.741 -13783.641
892 PRESTWICK CI SE,6920.741 -13794.026|6954.533 -13794.038|6954.533 -13792.047|6954.540 -13783.652|6920.741 -13783.641
896 PRESTWICK CI SE,6920.734 -13804.423|6954.533 -13804.434|6954.533 -13796.039|6954.533 -13794.038|6920.741 -13794.026
900 PRESTWICK CI SE,6954.533 -13804.434|6920.734 -13804.423|6920.734 -13814.119|6921.727 -13815.120|6951.548 -13815.131|6954.526 -13812.129
88 PRESTWICK DR SE,7177.774 -13855.640|7177.788 -13821.214|7167.449 -13821.214|7167.435 -13855.628
71 PRESTWICK DR SE,7213.460 -13912.916|7221.115 -13912.916|7224.100 -13909.925|7224.114 -13879.936|7223.114 -13878.935|7213.474 -13878.935
75 PRESTWICK DR SE,7213.460 -13912.916|7213.474 -13878.935|7203.135 -13878.935|7203.121 -13912.905
79 PRESTWICK DR SE,7203.121 -13912.905|7203.135 -13878.935|7192.796 -13878.924|7192.782 -13912.905
83 PRESTWICK DR SE,7192.782 -13912.905|7192.796 -13878.924|7182.458 -13878.924|7182.444 -13912.905
87 PRESTWICK DR SE,7182.444 -13912.905|7182.458 -13878.924|7172.126 -13878.913|7172.105 -13912.894
91 PRESTWICK DR SE,7172.105 -13912.894|7172.126 -13878.913|7161.787 -13878.913|7161.773 -13912.894
95 PRESTWICK DR SE,7161.773 -13912.894|7161.787 -13878.913|7151.448 -13878.913|7151.434 -13912.883
99 PRESTWICK DR SE,7151.434 -13912.883|7151.448 -13878.913|7141.109 -13878.901|7141.095 -13912.883
103 PRESTWICK DR SE,7141.095 -13912.883|7141.109 -13878.901|7130.770 -13878.901|7130.756 -13912.883
107 PRESTWICK DR SE,7130.756 -13912.883|7130.770 -13878.901|7120.431 -13878.901|7120.417 -13912.872
111 PRESTWICK DR SE,7120.417 -13912.872|7120.431 -13878.901|7110.092 -13878.890|7110.085 -13912.872
115 PRESTWICK DR SE,7110.085 -13912.872|7110.092 -13878.890|7099.760 -13878.890|7099.746 -13912.860
119 PRESTWICK DR SE,7099.746 -13912.860|7099.760 -13878.890|7089.421 -13878.879|7089.407 -13912.860|7094.336 -13912.860
123 PRESTWICK DR SE,7089.421 -13878.879|7079.082 -13878.879|7079.068 -13912.860|7089.407 -13912.860
127 PRESTWICK DR SE,7079.068 -13912.860|7079.082 -13878.879|7068.743 -13878.879|7068.729 -13912.849
131 PRESTWICK DR SE,7068.729 -13912.849|7068.743 -13878.879|7058.405 -13878.868|7058.391 -13912.849
135 PRESTWICK DR SE,7058.391 -13912.849|7058.405 -13878.868|7048.066 -13878.868|7048.052 -13912.849
139 PRESTWICK DR SE,7048.052 -13912.849|7048.066 -13878.868|7037.727 -13878.857|7037.713 -13912.838
143 PRESTWICK DR SE,7037.713 -13912.838|7037.727 -13878.857|7027.395 -13878.857|7027.381 -13912.838
147 PRESTWICK DR SE,7027.381 -13912.838|7027.395 -13878.857|7017.056 -13878.857|7017.042 -13912.827
151 PRESTWICK DR SE,7017.042 -13912.827|7017.056 -13878.857|7006.717 -13878.846|7006.703 -13912.827
155 PRESTWICK DR SE,7006.703 -13912.827|7006.717 -13878.846|6996.378 -13878.846|6996.364 -13912.827
159 PRESTWICK DR SE,6996.364 -13912.827|6996.378 -13878.846|6986.039 -13878.846|6986.025 -13912.816
163 PRESTWICK DR SE,6986.025 -13912.816|6986.039 -13878.846|6975.700 -13878.835|6975.686 -13912.816
167 PRESTWICK DR SE,6975.686 -13912.816|6975.700 -13878.835|6965.361 -13878.835|6965.347 -13912.816
171 PRESTWICK DR SE,6965.347 -13912.816|6965.361 -13878.835|6955.022 -13878.835|6955.015 -13912.805|6960.629 -13912.805
175 PRESTWICK DR SE,6955.015 -13912.805|6955.022 -13878.835|6944.690 -13878.824|6944.676 -13912.805
179 PRESTWICK DR SE,6944.676 -13912.805|6944.690 -13878.824|6934.352 -13878.824|6934.352 -13881.826|6934.338 -13912.794
183 PRESTWICK DR SE,6921.685 -13912.794|6934.338 -13912.794|6934.352 -13881.826|6934.352 -13878.824|6932.359 -13878.824|6925.180 -13878.824|6920.706 -13883.316|6920.692 -13911.793
245 ELGIN WY SE,6917.141 -15715.586|6916.162 -15705.189|6881.580 -15707.146|6881.986 -15713.162|6882.531 -15719.155
247 ELGIN WY SE,6918.071 -15725.438|6917.141 -15715.586|6882.531 -15719.155|6883.167 -15724.826|6883.929 -15730.475
249 ELGIN WY SE,6919.007 -15735.323|6918.071 -15725.438|6883.929 -15730.475|6884.817 -15736.101|6885.824 -15741.717
251 ELGIN WY SE,6921.769 -15744.852|6919.007 -15735.323|6885.824 -15741.717|6887.746 -15750.924|6888.193 -15752.858
253 ELGIN WY SE,6924.516 -15754.348|6921.769 -15744.852|6888.193 -15752.858|6889.564 -15758.396|6891.052 -15763.900
255 ELGIN WY SE,6927.270 -15763.833|6924.516 -15754.348|6891.052 -15763.900|6892.660 -15769.360|6894.380 -15774.797
257 ELGIN WY SE,6930.024 -15773.352|6927.270 -15763.833|6894.380 -15774.797|6896.218 -15780.179|6898.176 -15785.539
259 ELGIN WY SE,6933.506 -15783.003|6930.954 -15776.543|6930.024 -15773.352|6898.176 -15785.539|6899.553 -15789.086|6902.104 -15795.546
261 ELGIN WY SE,6937.336 -15792.711|6933.506 -15783.003|6902.104 -15795.546|6905.935 -15805.254
263 ELGIN WY SE,6941.160 -15802.407|6937.336 -15792.711|6905.935 -15805.254|6909.759 -15814.950
265 ELGIN WY SE,6944.991 -15812.114|6941.160 -15802.407|6909.759 -15814.950|6913.597 -15824.657
267 ELGIN WY SE,6948.829 -15821.822|6944.991 -15812.114|6913.597 -15824.657|6917.428 -15834.353
269 ELGIN WY SE,6952.660 -15831.529|6948.829 -15821.822|6917.428 -15834.353|6921.258 -15844.061
271 ELGIN WY SE,6956.490 -15841.225|6952.660 -15831.529|6921.258 -15844.061|6925.089 -15853.768
275 ELGIN WY SE,6960.321 -15850.932|6956.490 -15841.225|6925.089 -15853.768|6928.927 -15863.475
279 ELGIN WY SE,6964.159 -15860.640|6960.321 -15850.932|6928.927 -15863.475|6932.758 -15873.183|6932.939 -15873.105|6935.987 -15871.893
281 ELGIN WY SE,6937.078 -15883.635|6937.938 -15884.502|6938.979 -15885.136|6940.147 -15885.492|6941.363 -15885.547|6942.027 -15885.458|6943.362 -15884.969|6967.549 -15871.937|6968.060 -15870.536|6964.159 -15860.640|6935.987 -15871.893|6932.939 -15873.105|6932.758 -15873.183|6936.400 -15882.412
241 ELGIN WY SE,6915.191 -15694.870|6914.960 -15692.391|6914.960 -15683.829|6881.175 -15683.829|6881.175 -15692.391|6881.182 -15694.870
243 ELGIN WY SE,6916.162 -15705.189|6916.015 -15703.621|6915.191 -15694.870|6881.182 -15694.870|6881.420 -15703.777|6881.580 -15707.146
121 PRESTWICK HT SE,7542.125 -13634.373|7542.139 -13600.492|7533.939 -13600.481|7533.918 -13634.362|7535.253 -13634.362
125 PRESTWICK HT SE,7550.017 -13634.373|7550.031 -13600.492|7542.139 -13600.492|7542.125 -13634.373
129 PRESTWICK HT SE,7557.909 -13634.373|7557.923 -13600.492|7550.031 -13600.492|7550.017 -13634.373
133 PRESTWICK HT SE,7565.801 -13634.384|7565.815 -13600.503|7557.923 -13600.492|7557.909 -13634.373
137 PRESTWICK HT SE,7573.694 -13634.384|7573.708 -13600.503|7565.815 -13600.503|7565.801 -13634.384
141 PRESTWICK HT SE,7581.586 -13634.384|7581.600 -13600.514|7573.708 -13600.503|7573.694 -13634.384
145 PRESTWICK HT SE,7589.478 -13634.395|7589.499 -13600.514|7581.600 -13600.514|7581.586 -13634.384
149 PRESTWICK HT SE,7589.478 -13634.395|7595.266 -13634.395|7598.244 -13631.393|7598.265 -13601.515|7597.265 -13600.514|7589.499 -13600.514
124 PRESTWICK HT SE,7532.037 -13584.491|7538.147 -13584.502|7542.621 -13579.998|7542.635 -13551.521|7541.642 -13550.521|7532.051 -13550.521
132 PRESTWICK HT SE,7567.626 -13584.513|7567.640 -13550.532|7559.538 -13550.532|7558.545 -13551.533|7558.531 -13580.010|7562.998 -13584.513
136 PRESTWICK HT SE,7575.224 -13584.513|7575.245 -13550.532|7567.640 -13550.532|7567.626 -13584.513
140 PRESTWICK HT SE,7582.830 -13584.524|7582.851 -13550.543|7575.245 -13550.532|7575.224 -13584.513
144 PRESTWICK HT SE,7590.436 -13584.524|7590.457 -13550.543|7582.851 -13550.543|7582.830 -13584.524
148 PRESTWICK HT SE,7598.041 -13584.524|7598.055 -13550.543|7590.457 -13550.543|7590.436 -13584.524
152 PRESTWICK HT SE,7605.647 -13584.535|7605.661 -13550.554|7598.055 -13550.543|7598.041 -13584.524
156 PRESTWICK HT SE,7613.253 -13584.535|7613.267 -13550.554|7605.661 -13550.554|7605.647 -13584.535
160 PRESTWICK HT SE,7620.858 -13584.535|7620.872 -13550.554|7613.267 -13550.554|7613.253 -13584.535
164 PRESTWICK HT SE,7628.464 -13584.546|7628.478 -13550.565|7620.872 -13550.554|7620.858 -13584.535
168 PRESTWICK HT SE,7635.818 -13584.546|7638.034 -13550.565|7628.478 -13550.565|7628.464 -13584.546
172 PRESTWICK HT SE,7642.655 -13584.546|7651.546 -13550.576|7638.034 -13550.565|7635.818 -13584.546
176 PRESTWICK HT SE,7648.820 -13584.546|7669.848 -13553.578|7669.848 -13550.587|7651.546 -13550.576|7642.655 -13584.546
180 PRESTWICK HT SE,7686.834 -13565.354|7686.834 -13553.590|7683.856 -13550.587|7669.848 -13550.587|7669.848 -13553.578|7648.820 -13584.546|7653.021 -13584.557|7653.021 -13586.681
184 PRESTWICK HT SE,7686.820 -13586.259|7686.834 -13565.354|7653.021 -13586.681|7653.021 -13592.786|7683.843 -13586.259
188 PRESTWICK HT SE,7653.021 -13592.786|7653.014 -13599.135|7655.007 -13601.137|7683.829 -13601.148|7686.813 -13598.145|7686.820 -13586.259|7683.843 -13586.259
196 PRESTWICK HT SE,7685.814 -13615.992|7685.814 -13607.141|7655.000 -13607.130|7653.014 -13609.120|7653.008 -13615.970
208 PRESTWICK HT SE,7686.792 -13649.829|7685.297 -13648.328|7652.994 -13648.317|7652.987 -13656.156|7653.979 -13657.157|7686.785 -13657.179
216 PRESTWICK HT SE,7686.779 -13674.937|7686.779 -13666.174|7683.801 -13663.172|7653.979 -13663.161|7652.987 -13664.151|7652.980 -13671.968
220 PRESTWICK HT SE,7686.779 -13674.937|7652.980 -13671.968|7652.980 -13678.973|7686.772 -13687.746
224 PRESTWICK HT SE,7686.772 -13687.746|7652.980 -13678.973|7652.973 -13685.856|7686.765 -13703.236
228 PRESTWICK HT SE,7686.765 -13703.236|7652.973 -13685.856|7652.973 -13690.282|7650.847 -13690.282|7680.096 -13723.418|7683.773 -13723.418|7686.751 -13720.426
232 PRESTWICK HT SE,7680.096 -13723.418|7650.847 -13690.282|7643.759 -13690.282|7660.767 -13723.407
236 PRESTWICK HT SE,7660.767 -13723.407|7643.759 -13690.282|7636.818 -13690.282|7645.905 -13723.407
240 PRESTWICK HT SE,7645.905 -13723.407|7636.818 -13690.282|7629.848 -13690.282|7633.294 -13723.395
244 PRESTWICK HT SE,7633.294 -13723.395|7629.848 -13690.282|7622.648 -13690.270|7622.634 -13723.395
248 PRESTWICK HT SE,7622.634 -13723.395|7622.648 -13690.270|7615.042 -13690.270|7615.028 -13723.384
252 PRESTWICK HT SE,7615.028 -13723.384|7615.042 -13690.270|7607.437 -13690.259|7607.423 -13723.384
256 PRESTWICK HT SE,7607.423 -13723.384|7607.437 -13690.259|7599.838 -13690.259|7599.817 -13723.384
260 PRESTWICK HT SE,7599.817 -13723.384|7599.838 -13690.259|7592.232 -13690.259|7592.211 -13723.373
264 PRESTWICK HT SE,7592.211 -13723.373|7592.232 -13690.259|7584.627 -13690.248|7584.613 -13723.373
268 PRESTWICK HT SE,7584.613 -13723.373|7584.627 -13690.248|7577.021 -13690.248|7577.007 -13723.373
272 PRESTWICK HT SE,7577.007 -13723.373|7577.021 -13690.248|7569.415 -13690.248|7569.401 -13723.362
276 PRESTWICK HT SE,7569.401 -13723.362|7569.415 -13690.248|7561.810 -13690.237|7561.796 -13723.362
280 PRESTWICK HT SE,7561.796 -13723.362|7561.810 -13690.237|7554.204 -13690.237|7554.190 -13723.362
284 PRESTWICK HT SE,7554.190 -13723.362|7554.204 -13690.237|7546.605 -13690.237|7546.584 -13723.351
288 PRESTWICK HT SE,7546.584 -13723.351|7546.605 -13690.237|7539.028 -13690.226|7539.014 -13723.351
292 PRESTWICK HT SE,7539.014 -13723.351|7539.028 -13690.226|7531.450 -13690.226|7531.436 -13723.351
296 PRESTWICK HT SE,7531.436 -13723.351|7531.450 -13690.226|7523.879 -13690.226|7523.865 -13723.340
300 PRESTWICK HT SE,7523.865 -13723.340|7523.879 -13690.226|7516.302 -13690.215|7516.288 -13722.762|7521.566 -13723.340
304 PRESTWICK HT SE,7516.288 -13722.762|7516.302 -13690.215|7508.731 -13690.215|7508.717 -13721.928
308 PRESTWICK HT SE,7508.717 -13721.928|7508.731 -13690.215|7500.559 -13690.215|7500.958 -13721.071|7504.858 -13721.505
312 PRESTWICK HT SE,7500.958 -13721.071|7500.559 -13690.215|7492.681 -13690.204|7492.667 -13721.038|7500.692 -13721.049
316 PRESTWICK HT SE,7492.667 -13721.038|7492.681 -13690.204|7484.803 -13690.204|7484.789 -13721.038
320 PRESTWICK HT SE,7484.789 -13721.038|7484.803 -13690.204|7478.511 -13690.204|7474.037 -13694.696|7474.023 -13720.037|7475.023 -13721.038
319 PRESTWICK HT SE,7475.393 -13674.214|7482.671 -13674.214|7482.671 -13673.814|7482.692 -13640.333|7475.414 -13640.333|7475.393 -13673.814
259 PRESTWICK HT SE,7589.143 -13674.269|7597.230 -13674.269|7598.230 -13673.269|7598.244 -13643.391|7595.259 -13640.388|7589.156 -13640.388
263 PRESTWICK HT SE,7589.143 -13674.269|7589.156 -13640.388|7581.551 -13640.388|7581.537 -13674.258
267 PRESTWICK HT SE,7581.537 -13674.258|7581.551 -13640.388|7573.945 -13640.377|7573.931 -13674.258
271 PRESTWICK HT SE,7573.931 -13674.258|7573.945 -13640.377|7566.340 -13640.377|7566.326 -13674.258
275 PRESTWICK HT SE,7566.326 -13674.258|7566.340 -13640.377|7558.741 -13640.377|7558.720 -13674.247
279 PRESTWICK HT SE,7558.720 -13674.247|7558.741 -13640.377|7551.135 -13640.366|7551.114 -13674.247
283 PRESTWICK HT SE,7551.114 -13674.247|7551.135 -13640.366|7543.530 -13640.366|7543.516 -13674.247
287 PRESTWICK HT SE,7543.516 -13674.247|7543.530 -13640.366|7535.924 -13640.366|7535.910 -13674.236
291 PRESTWICK HT SE,7535.910 -13674.236|7535.924 -13640.366|7535.253 -13640.366|7528.318 -13640.355|7528.304 -13674.236
295 PRESTWICK HT SE,7528.304 -13674.236|7528.318 -13640.355|7520.713 -13640.355|7520.699 -13674.236
299 PRESTWICK HT SE,7520.699 -13674.236|7520.713 -13640.355|7513.107 -13640.355|7513.093 -13674.225
303 PRESTWICK HT SE,7513.093 -13674.225|7513.107 -13640.355|7505.508 -13640.344|7505.487 -13674.225
307 PRESTWICK HT SE,7505.487 -13674.225|7505.508 -13640.344|7497.903 -13640.344|7497.882 -13674.225
311 PRESTWICK HT SE,7497.882 -13674.225|7497.903 -13640.344|7490.297 -13640.344|7490.283 -13674.214
315 PRESTWICK HT SE,7490.283 -13674.214|7490.297 -13640.344|7482.692 -13640.333|7482.671 -13673.814|7482.671 -13674.214
191 PRESTWICK HT SE,7637.104 -13611.177|7637.111 -13605.028|7632.637 -13600.536|7605.221 -13600.525|7604.228 -13601.515|7604.221 -13611.166
195 PRESTWICK HT SE,7637.104 -13618.828|7637.104 -13611.177|7604.221 -13611.166|7604.214 -13618.805
199 PRESTWICK HT SE,7637.097 -13626.467|7637.104 -13618.828|7604.214 -13618.805|7604.214 -13626.456
203 PRESTWICK HT SE,7637.097 -13634.117|7637.097 -13626.467|7604.214 -13626.456|7604.207 -13634.095
207 PRESTWICK HT SE,7637.090 -13641.756|7637.097 -13634.117|7604.207 -13634.095|7604.207 -13641.745
211 PRESTWICK HT SE,7637.083 -13649.406|7637.090 -13641.756|7604.207 -13641.745|7604.200 -13649.384
215 PRESTWICK HT SE,7637.083 -13657.045|7637.083 -13649.406|7604.200 -13649.384|7604.200 -13657.034
219 PRESTWICK HT SE,7637.076 -13664.696|7637.083 -13657.045|7604.200 -13657.034|7604.193 -13664.684
223 PRESTWICK HT SE,7604.193 -13664.684|7604.193 -13673.269|7605.186 -13674.269|7632.602 -13674.292|7637.076 -13669.788|7637.076 -13664.696
4310 ELGIN AV SE,7129.547 -15994.352|7123.017 -15993.128|7121.459 -15993.751|7104.737 -16017.013|7104.066 -16018.270|7103.843 -16019.137|7103.780 -16020.038|7103.878 -16020.927|7104.136 -16021.795|7104.542 -16022.595|7105.080 -16023.318|7105.744 -16023.918|7106.499 -16024.396|7107.855 -16024.852|7120.885 -16027.288
4314 ELGIN AV SE,7139.417 -15996.209|7129.547 -15994.352|7120.885 -16027.288|7133.231 -16029.612
4318 ELGIN AV SE,7149.581 -15998.110|7139.417 -15996.209|7133.231 -16029.612|7143.388 -16031.513
4322 ELGIN AV SE,7160.326 -16000.123|7149.581 -15998.110|7143.388 -16031.513|7154.132 -16033.526
4326 ELGIN AV SE,7170.483 -16002.024|7160.326 -16000.123|7154.132 -16033.526|7164.289 -16035.427
4330 ELGIN AV SE,7181.227 -16004.048|7170.483 -16002.024|7164.289 -16035.427|7175.034 -16037.451
4334 ELGIN AV SE,7191.384 -16005.949|7181.227 -16004.048|7175.034 -16037.451|7185.191 -16039.352
4338 ELGIN AV SE,7202.234 -16007.662|7191.384 -16005.949|7185.191 -16039.352|7196.040 -16041.053
119 ELGIN VW SE,7265.015 -15917.749|7278.283 -15917.193|7273.005 -15882.890|7267.783 -15883.513|7262.540 -15883.857|7263.023 -15917.838
123 ELGIN VW SE,7262.540 -15883.857|7257.556 -15883.802|7252.572 -15883.479|7249.545 -15917.938|7250.657 -15918.150|7261.023 -15917.883|7263.023 -15917.838
127 ELGIN VW SE,7252.572 -15883.479|7247.923 -15882.957|7243.303 -15882.212|7242.030 -15881.967|7235.844 -15915.370|7249.545 -15917.938
131 ELGIN VW SE,7242.030 -15881.967|7231.286 -15879.954|7225.099 -15913.357|7235.844 -15915.370
135 ELGIN VW SE,7231.286 -15879.954|7221.080 -15878.042|7214.886 -15911.445|7216.830 -15911.823|7225.099 -15913.357
139 ELGIN VW SE,7221.080 -15878.042|7210.238 -15876.007|7204.044 -15909.410|7212.922 -15911.089|7214.886 -15911.445
143 ELGIN VW SE,7210.238 -15876.007|7199.563 -15874.005|7191.923 -15907.130|7204.044 -15909.410
147 ELGIN VW SE,7199.563 -15874.005|7192.160 -15872.615|7190.748 -15872.560|7189.888 -15872.727|7189.071 -15873.038|7188.323 -15873.494|7187.658 -15874.072|7186.848 -15875.206|7173.503 -15900.770|7175.048 -15903.972|7191.923 -15907.130
105 ELGIN MR SE,7155.831 -15957.958|7148.337 -15956.556|7146.911 -15956.501|7146.058 -15956.668|7145.247 -15956.979|7144.499 -15957.424|7143.842 -15957.991|7143.024 -15959.136|7141.102 -15962.828|7137.991 -15968.566|7134.713 -15974.192|7131.252 -15979.707|7127.624 -15985.122|7128.834 -15988.114|7147.337 -15991.594
109 ELGIN MR SE,7166.421 -15959.948|7155.831 -15957.958|7147.337 -15991.594|7160.109 -15993.985
113 ELGIN MR SE,7177.264 -15961.972|7166.421 -15959.948|7160.109 -15993.985|7168.980 -15995.664|7170.951 -15996.020
117 ELGIN MR SE,7187.470 -15963.895|7177.264 -15961.972|7170.951 -15996.020|7172.888 -15996.398|7181.164 -15997.932
121 ELGIN MR SE,7198.312 -15965.919|7187.470 -15963.895|7181.164 -15997.932|7192.007 -15999.967
125 ELGIN MR SE,7209.154 -15967.954|7198.312 -15965.919|7192.007 -15999.967|7202.849 -16002.002
129 ELGIN MR SE,7219.367 -15969.866|7209.154 -15967.954|7202.849 -16002.002|7211.084 -16003.559|7213.055 -16003.914
133 ELGIN MR SE,7213.055 -16003.914|7214.991 -16004.292|7224.435 -16006.049|7230.140 -15971.857|7226.798 -15971.268|7219.367 -15969.866
137 ELGIN MR SE,7240.842 -15973.347|7235.480 -15972.680|7230.140 -15971.857|7224.435 -16006.049|7237.039 -16008.407
141 ELGIN MR SE,7251.607 -15974.214|7246.218 -15973.858|7240.842 -15973.347|7237.039 -16008.407|7243.282 -16009.585|7249.825 -16009.419
145 ELGIN MR SE,7261.771 -15974.459|7256.689 -15974.403|7251.607 -15974.214|7249.825 -16009.419|7261.883 -16009.118
149 ELGIN MR SE,7274.669 -16008.796|7272.565 -15974.103|7267.168 -15974.359|7261.771 -15974.459|7261.883 -16009.118
153 ELGIN MR SE,7274.669 -16008.796|7284.742 -16008.562|7286.748 -16008.496|7282.694 -15973.213|7277.633 -15973.725|7272.565 -15974.103
157 ELGIN MR SE,7288.727 -16008.462|7290.048 -16008.407|7298.723 -16006.060|7292.844 -15971.479|7287.783 -15972.413|7282.694 -15973.213|7286.748 -16008.496
108 ELGIN MR SE,7178.277 -15910.677|7170.196 -15909.165|7168.756 -15909.866|7155.593 -15935.062|7155.111 -15936.408|7155.013 -15937.209|7155.055 -15938.020|7155.216 -15938.821|7155.509 -15939.577|7155.922 -15940.278|7156.439 -15940.900|7157.047 -15941.434|7157.739 -15941.856|7159.081 -15942.301|7170.154 -15944.381
112 ELGIN MR SE,7187.805 -15912.457|7178.277 -15910.677|7170.154 -15944.381|7181.500 -15946.504
116 ELGIN MR SE,7197.962 -15914.369|7187.805 -15912.457|7181.500 -15946.504|7191.657 -15948.406
120 ELGIN MR SE,7208.127 -15916.271|7197.962 -15914.369|7191.657 -15948.406|7201.814 -15950.318
124 ELGIN MR SE,7218.284 -15918.172|7208.127 -15916.271|7201.814 -15950.318|7211.971 -15952.220
128 ELGIN MR SE,7228.441 -15920.085|7218.284 -15918.172|7211.971 -15952.220|7222.128 -15954.121
132 ELGIN MR SE,7238.395 -15921.953|7228.441 -15920.085|7222.128 -15954.121|7229.713 -15955.545|7232.684 -15956.078
148 ELGIN MR SE,7268.238 -15958.324|7274.229 -15957.835|7280.191 -15957.135|7276.451 -15923.231|7266.819 -15923.743
140 ELGIN MR SE,7257.305 -15923.976|7250.181 -15924.154|7247.770 -15923.709|7244.477 -15957.646|7250.405 -15958.124|7256.347 -15958.402
144 ELGIN MR SE,7268.238 -15958.324|7266.819 -15923.743|7257.305 -15923.976|7256.347 -15958.402|7262.296 -15958.469
136 ELGIN MR SE,7247.770 -15923.709|7238.395 -15921.953|7232.684 -15956.078|7238.563 -15956.968|7244.477 -15957.646
60 PRESTWICK VI SE,7421.224 -13450.623|7421.238 -13416.653|7416.618 -13416.642|7412.144 -13421.145|7412.130 -13449.622|7413.122 -13450.623
64 PRESTWICK VI SE,7428.830 -13450.634|7428.844 -13416.653|7421.238 -13416.653|7421.224 -13450.623
68 PRESTWICK VI SE,7436.436 -13450.634|7436.450 -13416.653|7428.844 -13416.653|7428.830 -13450.634
72 PRESTWICK VI SE,7444.041 -13450.634|7444.055 -13416.653|7436.450 -13416.653|7436.436 -13450.634
76 PRESTWICK VI SE,7451.647 -13450.645|7451.661 -13416.664|7444.055 -13416.653|7444.041 -13450.634
80 PRESTWICK VI SE,7459.252 -13450.645|7459.266 -13416.664|7451.661 -13416.664|7451.647 -13450.645
84 PRESTWICK VI SE,7466.851 -13450.645|7466.872 -13416.664|7459.266 -13416.664|7459.252 -13450.645
88 PRESTWICK VI SE,7474.457 -13450.656|7474.478 -13416.675|7466.872 -13416.664|7466.851 -13450.645
92 PRESTWICK VI SE,7482.062 -13450.656|7482.076 -13416.675|7474.478 -13416.675|7474.457 -13450.656
96 PRESTWICK VI SE,7489.668 -13450.656|7489.682 -13416.675|7482.076 -13416.675|7482.062 -13450.656
100 PRESTWICK VI SE,7497.274 -13450.656|7497.288 -13416.686|7489.682 -13416.675|7489.668 -13450.656
104 PRESTWICK VI SE,7504.879 -13450.668|7504.893 -13416.686|7497.288 -13416.686|7497.274 -13450.656
108 PRESTWICK VI SE,7512.485 -13450.668|7512.499 -13416.686|7504.893 -13416.686|7504.879 -13450.668
112 PRESTWICK VI SE,7520.091 -13450.668|7520.105 -13416.698|7512.499 -13416.686|7512.485 -13450.668
116 PRESTWICK VI SE,7527.689 -13450.679|7527.710 -13416.698|7520.105 -13416.698|7520.091 -13450.668
475 PRESTWICK CI SE,7527.675 -13490.653|7527.689 -13456.672|7520.084 -13456.672|7520.070 -13490.653
479 PRESTWICK CI SE,7520.070 -13490.653|7520.084 -13456.672|7512.478 -13456.661|7512.464 -13490.642
483 PRESTWICK CI SE,7512.464 -13490.642|7512.478 -13456.661|7504.879 -13456.661|7504.858 -13490.642
487 PRESTWICK CI SE,7504.858 -13490.642|7504.879 -13456.661|7497.274 -13456.661|7497.253 -13490.642
491 PRESTWICK CI SE,7497.253 -13490.642|7497.274 -13456.661|7489.668 -13456.650|7489.654 -13490.631
495 PRESTWICK CI SE,7489.654 -13490.631|7489.668 -13456.650|7482.062 -13456.650|7482.048 -13490.631
499 PRESTWICK CI SE,7482.048 -13490.631|7482.062 -13456.650|7474.457 -13456.650|7474.443 -13490.631
503 PRESTWICK CI SE,7474.443 -13490.631|7474.457 -13456.650|7466.851 -13456.639|7466.837 -13490.620
507 PRESTWICK CI SE,7466.837 -13490.620|7466.851 -13456.639|7459.245 -13456.639|7459.231 -13490.620
511 PRESTWICK CI SE,7459.231 -13490.620|7459.245 -13456.639|7451.640 -13456.639|7451.626 -13490.620
515 PRESTWICK CI SE,7451.626 -13490.620|7451.640 -13456.639|7444.034 -13456.639|7444.020 -13490.609
519 PRESTWICK CI SE,7444.020 -13490.609|7444.034 -13456.639|7436.429 -13456.628|7436.415 -13490.609
523 PRESTWICK CI SE,7436.415 -13490.609|7436.429 -13456.628|7428.830 -13456.628|7428.809 -13490.609
527 PRESTWICK CI SE,7428.809 -13490.609|7428.830 -13456.628|7421.224 -13456.628|7421.210 -13490.598
531 PRESTWICK CI SE,7421.210 -13490.598|7421.224 -13456.628|7413.122 -13456.617|7412.130 -13457.617|7412.116 -13486.105|7416.583 -13490.598
468 PRESTWICK CI SE,7533.547 -13544.516|7541.649 -13544.527|7542.642 -13543.526|7542.656 -13515.038|7538.182 -13510.546|7533.561 -13510.546
472 PRESTWICK CI SE,7533.547 -13544.516|7533.561 -13510.546|7525.956 -13510.535|7525.942 -13544.516|7532.051 -13544.516
476 PRESTWICK CI SE,7525.942 -13544.516|7525.956 -13510.535|7518.350 -13510.535|7518.336 -13544.516
480 PRESTWICK CI SE,7518.336 -13544.516|7518.350 -13510.535|7510.744 -13510.535|7510.730 -13544.505
484 PRESTWICK CI SE,7510.730 -13544.505|7510.744 -13510.535|7503.139 -13510.524|7503.125 -13544.505
488 PRESTWICK CI SE,7503.125 -13544.505|7503.139 -13510.524|7495.540 -13510.524|7495.519 -13544.505
492 PRESTWICK CI SE,7495.519 -13544.505|7495.540 -13510.524|7487.934 -13510.524|7487.913 -13544.494
496 PRESTWICK CI SE,7487.913 -13544.494|7487.934 -13510.524|7480.329 -13510.513|7480.315 -13544.494
500 PRESTWICK CI SE,7480.315 -13544.494|7480.329 -13510.513|7472.723 -13510.513|7472.709 -13544.494
504 PRESTWICK CI SE,7472.709 -13544.494|7472.723 -13510.513|7465.117 -13510.513|7465.103 -13544.483
508 PRESTWICK CI SE,7465.103 -13544.483|7465.117 -13510.513|7457.512 -13510.502|7457.498 -13544.483
512 PRESTWICK CI SE,7457.498 -13544.483|7457.512 -13510.502|7449.906 -13510.502|7449.892 -13544.483
516 PRESTWICK CI SE,7449.892 -13544.483|7449.906 -13510.502|7442.301 -13510.502|7442.287 -13544.483
520 PRESTWICK CI SE,7442.287 -13544.483|7442.301 -13510.502|7434.695 -13510.490|7434.681 -13544.472
524 PRESTWICK CI SE,7434.681 -13544.472|7434.695 -13510.490|7427.096 -13510.490|7427.082 -13544.472
528 PRESTWICK CI SE,7427.082 -13544.472|7427.096 -13510.490|7419.491 -13510.490|7419.477 -13544.472
532 PRESTWICK CI SE,7419.477 -13544.472|7419.491 -13510.490|7411.885 -13510.479|7411.871 -13544.461
536 PRESTWICK CI SE,7411.871 -13544.461|7411.885 -13510.479|7404.279 -13510.479|7404.265 -13544.461
540 PRESTWICK CI SE,7404.265 -13544.461|7404.279 -13510.479|7395.485 -13510.479|7395.464 -13544.461
544 PRESTWICK CI SE,7395.464 -13544.461|7395.485 -13510.479|7386.964 -13510.468|7386.950 -13544.449
548 PRESTWICK CI SE,7386.950 -13544.449|7386.964 -13510.468|7378.443 -13510.468|7378.429 -13544.449
552 PRESTWICK CI SE,7378.429 -13544.449|7378.443 -13510.468|7369.921 -13510.468|7369.907 -13544.449
556 PRESTWICK CI SE,7369.907 -13544.449|7369.921 -13510.468|7362.099 -13510.457|7361.106 -13511.458|7361.092 -13541.447|7364.077 -13544.438
400 PRESTWICK CI SE,7678.670 -13544.594|7683.863 -13544.594|7686.841 -13541.603|7686.862 -13511.614|7685.863 -13510.613|7678.691 -13510.613
404 PRESTWICK CI SE,7678.670 -13544.594|7678.691 -13510.613|7670.798 -13510.613|7670.784 -13544.583
408 PRESTWICK CI SE,7670.784 -13544.583|7670.798 -13510.613|7662.913 -13510.602|7662.892 -13544.583
412 PRESTWICK CI SE,7662.892 -13544.583|7662.913 -13510.602|7655.021 -13510.602|7655.007 -13544.583
416 PRESTWICK CI SE,7655.007 -13544.583|7655.021 -13510.602|7647.136 -13510.602|7647.122 -13544.572
420 PRESTWICK CI SE,7647.122 -13544.572|7647.136 -13510.602|7639.250 -13510.591|7639.229 -13544.572
424 PRESTWICK CI SE,7639.229 -13544.572|7639.250 -13510.591|7631.358 -13510.591|7631.344 -13544.572
428 PRESTWICK CI SE,7631.344 -13544.572|7631.358 -13510.591|7623.473 -13510.591|7623.459 -13544.561
432 PRESTWICK CI SE,7623.459 -13544.561|7623.473 -13510.591|7615.580 -13510.579|7615.567 -13544.561
436 PRESTWICK CI SE,7615.567 -13544.561|7615.580 -13510.579|7607.688 -13510.579|7607.674 -13544.561
440 PRESTWICK CI SE,7607.674 -13544.561|7607.688 -13510.579|7599.796 -13510.568|7599.782 -13544.549
444 PRESTWICK CI SE,7599.782 -13544.549|7599.796 -13510.568|7591.904 -13510.568|7591.890 -13544.549
448 PRESTWICK CI SE,7591.890 -13544.549|7591.904 -13510.568|7584.011 -13510.568|7583.998 -13544.549
452 PRESTWICK CI SE,7583.998 -13544.549|7584.011 -13510.568|7576.119 -13510.557|7576.098 -13544.538
456 PRESTWICK CI SE,7576.098 -13544.538|7576.119 -13510.557|7568.227 -13510.557|7568.206 -13544.538
460 PRESTWICK CI SE,7568.206 -13544.538|7568.227 -13510.557|7563.033 -13510.557|7558.559 -13515.049|7558.545 -13543.538|7559.545 -13544.538
330 PRESTWICK CI SE,7726.568 -13612.723|7726.575 -13605.373|7692.776 -13605.362|7692.776 -13607.152|7686.806 -13607.141|7685.814 -13607.141|7685.814 -13615.992|7693.419 -13615.992|7696.691 -13612.712
334 PRESTWICK CI SE,7726.575 -13605.373|7726.582 -13597.734|7692.783 -13597.712|7692.776 -13605.362
338 PRESTWICK CI SE,7726.582 -13597.734|7726.582 -13590.084|7692.783 -13590.073|7692.783 -13597.712
342 PRESTWICK CI SE,7726.582 -13590.084|7726.589 -13582.445|7692.790 -13582.422|7692.783 -13590.073
346 PRESTWICK CI SE,7726.589 -13582.445|7726.589 -13574.794|7692.790 -13574.783|7692.790 -13582.422
350 PRESTWICK CI SE,7726.589 -13574.794|7726.596 -13567.155|7692.797 -13567.133|7692.790 -13574.783
354 PRESTWICK CI SE,7726.596 -13567.155|7726.596 -13559.505|7692.797 -13559.494|7692.797 -13567.133
358 PRESTWICK CI SE,7726.596 -13559.505|7726.603 -13551.866|7692.804 -13551.844|7692.797 -13559.494
362 PRESTWICK CI SE,7726.603 -13551.866|7726.603 -13544.216|7692.804 -13544.205|7692.804 -13544.594|7692.804 -13551.844
366 PRESTWICK CI SE,7726.603 -13544.216|7726.610 -13536.566|7692.811 -13536.555|7692.804 -13544.205
370 PRESTWICK CI SE,7726.610 -13536.566|7726.617 -13528.927|7692.818 -13528.904|7692.811 -13536.555
374 PRESTWICK CI SE,7726.617 -13528.927|7726.617 -13521.276|7692.818 -13521.265|7692.818 -13528.904
378 PRESTWICK CI SE,7726.617 -13521.276|7726.624 -13515.138|7722.150 -13510.635|7693.818 -13510.624|7692.825 -13511.625|7692.818 -13521.265
290 ELGIN WY SE,7066.381 -15880.610|7058.733 -15870.692|7041.774 -15848.675|7036.280 -15852.967|7032.337 -15855.881|7045.514 -15880.621|7049.170 -15887.482|7055.727 -15888.917
294 ELGIN WY SE,7087.457 -15864.176|7080.103 -15854.635|7062.955 -15832.385|7058.425 -15835.699|7052.316 -15840.469|7069.422 -15862.663|7076.922 -15872.393
298 ELGIN WY SE,7109.009 -15847.374|7101.955 -15838.223|7085.017 -15816.251|7073.749 -15824.490|7090.791 -15846.607|7097.999 -15855.958
292 ELGIN WY SE,7076.922 -15872.393|7069.422 -15862.663|7052.316 -15840.469|7041.774 -15848.675|7058.733 -15870.692|7066.381 -15880.610
296 ELGIN WY SE,7097.999 -15855.958|7090.791 -15846.607|7073.749 -15824.490|7062.955 -15832.385|7080.103 -15854.635|7087.457 -15864.176
300 ELGIN WY SE,7120.019 -15838.790|7113.119 -15829.839|7096.209 -15807.889|7092.532 -15810.758|7085.017 -15816.251|7101.955 -15838.223|7109.009 -15847.374
302 ELGIN WY SE,7131.029 -15830.217|7124.283 -15821.455|7107.219 -15799.305|7096.209 -15807.889|7113.119 -15829.839|7120.019 -15838.790
304 ELGIN WY SE,7141.570 -15821.999|7134.817 -15813.237|7117.754 -15791.087|7107.219 -15799.305|7124.283 -15821.455|7131.029 -15830.217
306 ELGIN WY SE,7152.112 -15813.782|7145.261 -15804.898|7128.295 -15782.881|7117.754 -15791.087|7134.817 -15813.237|7141.570 -15821.999
310 ELGIN WY SE,7162.346 -15805.165|7155.712 -15796.558|7138.837 -15774.664|7128.295 -15782.881|7145.261 -15804.898|7152.112 -15813.782|7161.276 -15806.632
312 ELGIN WY SE,7170.560 -15793.934|7165.771 -15787.718|7149.379 -15766.446|7138.837 -15774.664|7155.712 -15796.558|7162.346 -15805.165
314 ELGIN WY SE,7170.560 -15793.934|7179.137 -15782.192|7160.389 -15757.862|7149.379 -15766.446|7165.771 -15787.718
33 ELGIN ESTATES GV SE,7441.266 -15694.537|7441.105 -15692.291|7440.294 -15687.376|7439.190 -15682.505|7437.792 -15677.713|7436.100 -15673.021|7399.708 -15692.090|7401.245 -15694.737|7401.749 -15696.850|7403.357 -15703.632
17 ELGIN ESTATES GV SE,7387.418 -15670.975|7393.199 -15680.904|7425.796 -15654.384|7423.454 -15651.371|7420.980 -15648.458|7418.365 -15645.667|7415.632 -15642.998|7409.802 -15637.583|7408.914 -15636.760|7408.809 -15636.927|7408.103 -15638.039|7407.027 -15639.762|7400.036 -15650.893|7392.130 -15663.480
25 ELGIN ESTATES GV SE,7436.100 -15673.021|7433.989 -15668.117|7431.556 -15663.369|7428.823 -15658.788|7425.796 -15654.384|7393.199 -15680.904|7399.708 -15692.090
6 ELGIN ESTATES GV SE,7393.102 -15600.310|7400.910 -15607.571|7401.043 -15607.416|7423.196 -15581.718|7424.111 -15580.662|7411.969 -15568.809|7411.815 -15568.686|7410.913 -15569.743|7408.502 -15572.745|7399.253 -15584.509|7392.403 -15593.772|7391.983 -15594.495|7391.808 -15594.895|7391.543 -15595.985|7391.522 -15597.097|7391.752 -15598.197|7392.214 -15599.209
10 ELGIN ESTATES GV SE,7411.116 -15616.778|7413.360 -15614.332|7433.926 -15591.915|7434.877 -15590.881|7425.698 -15581.941|7424.111 -15580.662|7423.196 -15581.718|7401.043 -15607.416|7400.910 -15607.571|7410.983 -15616.923
14 ELGIN ESTATES GV SE,7421.378 -15626.296|7423.615 -15623.861|7443.957 -15601.689|7444.901 -15600.655|7436.575 -15592.538|7434.877 -15590.881|7433.926 -15591.915|7413.360 -15614.332|7411.116 -15616.778|7410.983 -15616.923|7421.238 -15626.452
18 ELGIN ESTATES GV SE,7455.352 -15612.797|7455.499 -15612.653|7456.379 -15611.830|7447.453 -15603.135|7444.901 -15600.655|7443.957 -15601.689|7423.615 -15623.861|7421.378 -15626.296|7421.238 -15626.452|7426.418 -15631.256|7430.899 -15635.704
22 ELGIN ESTATES GV SE,7467.368 -15624.217|7468.326 -15623.472|7458.330 -15613.731|7456.379 -15611.830|7455.499 -15612.653|7455.352 -15612.797|7430.899 -15635.704|7435.282 -15640.663|7439.323 -15645.900
26 ELGIN ESTATES GV SE,7476.106 -15639.228|7477.141 -15638.617|7475.016 -15634.981|7468.669 -15624.061|7468.326 -15623.472|7467.368 -15624.217|7439.323 -15645.900|7442.937 -15651.304|7446.180 -15656.942
30 ELGIN ESTATES GV SE,7486.613 -15654.907|7480.259 -15643.988|7477.141 -15638.617|7476.106 -15639.228|7446.180 -15656.942|7448.969 -15662.613|7451.395 -15668.450
34 ELGIN ESTATES GV SE,7455.429 -15681.127|7492.457 -15670.474|7493.611 -15670.141|7493.324 -15668.951|7492.324 -15664.725|7486.613 -15654.907|7451.395 -15668.450|7453.429 -15674.410|7455.072 -15680.493|7455.240 -15681.182
38 ELGIN ESTATES GV SE,7495.918 -15685.096|7497.078 -15684.796|7496.833 -15683.762|7493.611 -15670.141|7492.457 -15670.474|7455.429 -15681.127|7455.240 -15681.182|7456.456 -15686.331|7457.085 -15688.399|7457.945 -15690.378|7459.043 -15692.235|7460.357 -15693.947
42 ELGIN ESTATES GV SE,7499.706 -15701.064|7500.881 -15700.841|7500.482 -15699.162|7500.342 -15698.573|7497.078 -15684.796|7495.918 -15685.096|7460.357 -15693.947|7461.475 -15695.137|7462.706 -15696.216|7463.873 -15697.261|7464.922 -15698.417|7465.851 -15699.674|7466.641 -15701.031|7467.285 -15702.454|7467.774 -15703.944|7468.116 -15705.467|7468.291 -15707.024
26 ELGIN ESTATES HL SE,7365.140 -15706.446|7367.230 -15703.121|7376.317 -15688.655|7350.942 -15665.081|7350.802 -15664.948|7344.427 -15676.112|7343.903 -15677.413|7343.770 -15678.380|7343.819 -15679.348|7344.056 -15680.293|7344.476 -15681.160|7345.070 -15681.994|7345.364 -15682.272|7347.363 -15684.129|7352.193 -15688.944|7356.667 -15694.092|7360.764 -15699.541|7364.462 -15705.278
30 ELGIN ESTATES HL SE,7384.224 -15676.067|7358.247 -15651.938|7350.802 -15664.948|7350.942 -15665.081|7376.317 -15688.655
34 ELGIN ESTATES HL SE,7392.130 -15663.480|7365.685 -15638.917|7358.247 -15651.938|7384.224 -15676.067|7387.418 -15670.975
38 ELGIN ESTATES HL SE,7400.036 -15650.893|7373.270 -15626.030|7373.130 -15625.907|7365.685 -15638.917|7392.130 -15663.480
42 ELGIN ESTATES HL SE,7407.027 -15639.762|7408.103 -15638.050|7408.809 -15636.927|7408.914 -15636.760|7408.019 -15635.926|7386.055 -15615.533|7384.902 -15614.721|7383.455 -15614.265|7381.938 -15614.265|7380.491 -15614.721|7379.253 -15615.588|7378.380 -15616.711|7373.130 -15625.907|7373.270 -15626.030|7400.036 -15650.893
84 ELGIN ESTATES HL SE,7434.702 -15547.504|7428.753 -15552.096|7423.070 -15557.011|7417.680 -15562.237|7412.598 -15567.775|7411.815 -15568.686|7411.969 -15568.809|7424.111 -15580.662|7425.698 -15581.941|7426.509 -15581.062|7447.383 -15558.345|7449.613 -15555.910|7449.738 -15555.777|7440.979 -15547.893|7439.819 -15547.070|7438.896 -15546.725|7437.918 -15546.559|7436.932 -15546.592|7435.967 -15546.825|7435.135 -15547.226
15 ELGIN ESTATES HL SE,7342.511 -15702.020|7341.302 -15700.652|7339.988 -15699.374|7338.534 -15698.273|7336.961 -15697.350|7335.276 -15696.638|7332.942 -15695.604|7330.774 -15694.259|7328.817 -15692.613|7327.118 -15690.701|7292.257 -15693.647|7293.515 -15701.931|7303.644 -15711.338
19 ELGIN ESTATES HL SE,7323.595 -15676.823|7288.832 -15671.119|7292.257 -15693.647|7327.118 -15690.701|7326.070 -15689.188|7325.182 -15687.576|7324.462 -15685.886|7323.924 -15684.129|7323.560 -15682.328|7323.386 -15680.493|7323.393 -15678.658
23 ELGIN ESTATES HL SE,7331.390 -15664.636|7299.562 -15652.361|7288.832 -15671.119|7323.595 -15676.823|7323.959 -15675.089|7324.490 -15673.387|7325.189 -15671.764|7326.049 -15670.207|7327.056 -15668.740|7328.195 -15667.383|7329.467 -15666.149|7330.851 -15665.048
27 ELGIN ESTATES HL SE,7339.506 -15652.627|7309.370 -15635.192|7299.562 -15652.361|7331.390 -15664.636|7332.473 -15663.702|7333.459 -15662.657|7334.340 -15661.523|7335.109 -15660.322
31 ELGIN ESTATES HL SE,7347.216 -15639.151|7317.842 -15620.381|7309.370 -15635.192|7339.506 -15652.627
35 ELGIN ESTATES HL SE,7354.962 -15625.596|7326.203 -15605.759|7323.211 -15610.985|7317.842 -15620.381|7347.216 -15639.151
39 ELGIN ESTATES HL SE,7362.637 -15612.175|7334.885 -15590.569|7326.203 -15605.759|7354.962 -15625.596
43 ELGIN ESTATES HL SE,7369.138 -15600.799|7369.921 -15599.421|7371.522 -15596.741|7371.368 -15596.596|7368.901 -15594.328|7345.196 -15572.523|7334.885 -15590.569|7362.637 -15612.175
51 ELGIN ESTATES HL SE,7373.109 -15594.139|7374.703 -15591.592|7379.009 -15585.132|7383.546 -15578.816|7358.659 -15555.877|7357.793 -15555.076|7348.258 -15567.207|7348.181 -15567.308|7346.720 -15569.865|7347.615 -15570.699|7370.487 -15591.726|7372.955 -15593.994
55 ELGIN ESTATES HL SE,7393.346 -15566.229|7367.642 -15542.533|7357.793 -15555.076|7383.546 -15578.816|7386.775 -15574.602
59 ELGIN ESTATES HL SE,7402.923 -15554.665|7379.414 -15527.544|7367.642 -15542.533|7393.346 -15566.229|7396.024 -15562.826|7399.400 -15558.690
63 ELGIN ESTATES HL SE,7413.465 -15544.190|7391.934 -15511.610|7379.414 -15527.544|7402.923 -15554.665|7408.061 -15549.294
67 ELGIN ESTATES HL SE,7423.098 -15534.105|7407.551 -15491.717|7391.934 -15511.610|7413.465 -15544.190|7418.750 -15539.664|7419.819 -15538.697|7420.791 -15537.641|7421.651 -15536.495|7422.406 -15535.261
71 ELGIN ESTATES HL SE,7433.178 -15526.644|7435.862 -15476.595|7418.358 -15477.973|7407.551 -15491.717|7423.098 -15534.105|7424.034 -15532.804|7425.076 -15531.581|7426.222 -15530.469|7427.467 -15529.457|7428.795 -15528.567|7430.200 -15527.800|7431.661 -15527.155
75 ELGIN ESTATES HL SE,7466.585 -15502.425|7462.545 -15498.667|7438.533 -15476.383|7435.862 -15476.595|7433.178 -15526.644|7435.114 -15526.210|7437.086 -15525.999|7439.064 -15526.010|7441.035 -15526.232|7443.265 -15526.732
83 ELGIN ESTATES HL SE,7458.134 -15542.055|7458.847 -15542.478|7482.391 -15516.858|7469.864 -15505.472|7469.507 -15505.138|7447.145 -15528.445|7448.417 -15529.290|7449.620 -15530.235|7451.130 -15531.681|7452.465 -15533.282|7453.604 -15535.039|7454.534 -15536.907|7455.226 -15538.330|7456.065 -15539.676|7457.036 -15540.921
41 ELGIN ESTATES GV SE,7439.085 -15712.083|7438.589 -15709.537|7438.540 -15706.935|7438.931 -15704.377|7439.763 -15701.920|7440.427 -15700.141|7440.902 -15698.306|7441.182 -15696.438|7441.266 -15694.537|7403.357 -15703.632|7407.173 -15719.734
45 ELGIN ESTATES GV SE,7450.200 -15722.580|7448.284 -15722.013|7446.453 -15721.190|7444.747 -15720.134|7443.202 -15718.866|7441.839 -15717.387|7440.686 -15715.753|7439.763 -15713.974|7439.085 -15712.083|7408.334 -15719.456|7407.173 -15719.734|7411.263 -15736.991|7455.729 -15726.327|7454.639 -15721.713|7454.590 -15721.524
46 ELGIN ESTATES GV SE,7502.964 -15714.852|7504.131 -15714.563|7500.881 -15700.841|7499.706 -15701.064|7468.291 -15707.024|7468.291 -15708.803|7468.088 -15710.560|7467.676 -15712.283|7467.068 -15713.940|7466.264 -15715.519|7465.285 -15716.998|7464.139 -15718.344|7462.839 -15719.544|7458.456 -15720.601|7458.504 -15720.779|7459.595 -15725.393
4 ELGIN ESTATES HL SE,7383.238 -15743.707|7411.263 -15736.991|7407.173 -15719.734|7406.027 -15720.045|7374.444 -15728.518|7375.437 -15732.365|7377.247 -15740.004|7377.764 -15741.316|7378.491 -15742.295|7379.435 -15743.073|7380.540 -15743.585|7381.735 -15743.829
8 ELGIN ESTATES HL SE,7403.357 -15703.632|7401.749 -15696.850|7370.166 -15716.442|7372.508 -15722.413|7374.444 -15728.518|7407.173 -15719.734
12 ELGIN ESTATES HL SE,7401.749 -15696.850|7401.245 -15694.737|7399.708 -15692.090|7393.199 -15680.904|7387.418 -15670.975|7384.224 -15676.067|7376.317 -15688.655|7367.230 -15703.121|7365.140 -15706.446|7365.818 -15707.613|7368.104 -15711.972|7370.166 -15716.442
3 ELGIN ESTATES HL SE,7360.540 -15748.322|7361.099 -15747.632|7361.519 -15746.843|7361.791 -15745.998|7361.917 -15745.108|7361.784 -15743.718|7359.974 -15736.068|7358.715 -15731.409|7319.925 -15740.705|7323.197 -15754.504|7323.469 -15755.672|7323.819 -15757.128|7324.001 -15757.907|7358.107 -15749.734|7359.421 -15749.211
7 ELGIN ESTATES HL SE,7358.715 -15731.409|7357.457 -15727.584|7356.010 -15723.825|7354.374 -15720.145|7352.550 -15716.553|7316.262 -15725.249|7319.925 -15740.705
11 ELGIN ESTATES HL SE,7352.550 -15716.553|7350.348 -15712.717|7347.936 -15709.003|7345.322 -15705.434|7342.511 -15702.020|7303.644 -15711.338|7315.591 -15722.436|7316.262 -15725.249
215 MCKENZIE TOWNE DR SE,7322.372 -15814.460|7329.614 -15812.715|7331.543 -15812.259|7331.082 -15810.313|7324.085 -15780.802|7323.532 -15778.467|7315.067 -15780.502|7314.130 -15780.824|7313.277 -15781.335|7312.536 -15782.003|7311.949 -15782.803|7311.530 -15783.704|7311.292 -15784.671|7311.257 -15785.661|7311.411 -15786.651|7318.730 -15814.305|7319.953 -15815.039
219 MCKENZIE TOWNE DR SE,7333.480 -15811.792|7341.568 -15809.857|7334.109 -15778.400|7333.557 -15776.065|7323.532 -15778.467|7324.085 -15780.802|7331.082 -15810.313|7331.543 -15812.259
223 MCKENZIE TOWNE DR SE,7351.592 -15807.455|7343.581 -15773.663|7333.557 -15776.065|7334.109 -15778.400|7341.568 -15809.857
227 MCKENZIE TOWNE DR SE,7362.204 -15804.909|7354.193 -15771.117|7343.581 -15773.663|7351.592 -15807.455
231 MCKENZIE TOWNE DR SE,7372.228 -15802.507|7364.217 -15768.715|7354.193 -15771.117|7362.204 -15804.909
235 MCKENZIE TOWNE DR SE,7382.840 -15799.961|7374.828 -15766.169|7364.217 -15768.715|7372.228 -15802.507
239 MCKENZIE TOWNE DR SE,7393.451 -15797.414|7385.440 -15763.622|7374.828 -15766.169|7382.840 -15799.961
243 MCKENZIE TOWNE DR SE,7404.063 -15794.868|7396.052 -15761.076|7385.440 -15763.622|7393.451 -15797.414
247 MCKENZIE TOWNE DR SE,7412.158 -15792.922|7414.087 -15792.466|7413.626 -15790.520|7406.076 -15758.674|7396.052 -15761.076|7404.063 -15794.868
251 MCKENZIE TOWNE DR SE,7416.023 -15791.999|7424.111 -15790.064|7416.100 -15756.272|7406.076 -15758.674|7413.626 -15790.520|7414.087 -15792.466
255 MCKENZIE TOWNE DR SE,7434.723 -15787.518|7426.712 -15753.726|7416.100 -15756.272|7424.111 -15790.064
259 MCKENZIE TOWNE DR SE,7444.747 -15785.116|7436.736 -15751.324|7426.712 -15753.726|7434.723 -15787.518
263 MCKENZIE TOWNE DR SE,7453.429 -15783.026|7455.359 -15782.570|7454.897 -15780.624|7447.348 -15748.778|7436.736 -15751.324|7444.747 -15785.116
267 MCKENZIE TOWNE DR SE,7457.309 -15782.069|7465.453 -15779.968|7457.456 -15746.187|7447.348 -15748.778|7454.897 -15780.624|7455.359 -15782.570
154 ELGIN VW SE,7171.126 -15861.151|7172.349 -15859.683|7173.726 -15858.349|7175.229 -15857.170|7176.858 -15856.170|7177.005 -15855.858|7177.592 -15854.724|7177.194 -15852.122|7173.524 -15827.926|7168.861 -15822.889|7164.702 -15818.386|7148.491 -15830.150|7145.527 -15834.253|7153.216 -15842.915|7170.385 -15862.230
158 ELGIN VW SE,7170.385 -15862.230|7153.216 -15842.915|7145.527 -15834.253|7135.111 -15848.731|7132.182 -15855.369|7143.472 -15861.329|7167.610 -15874.072|7167.582 -15873.038|7167.561 -15871.392|7167.680 -15869.758|7168.036 -15867.767|7168.609 -15865.844|7169.399 -15863.987
162 ELGIN VW SE,7167.610 -15874.072|7143.472 -15861.329|7132.182 -15855.369|7129.274 -15861.952|7126.722 -15868.301|7137.236 -15873.861|7162.598 -15887.249|7165.750 -15881.222|7165.904 -15880.922|7166.631 -15879.298|7167.162 -15877.597|7167.491 -15875.851
166 ELGIN VW SE,7162.598 -15887.249|7137.236 -15873.861|7126.722 -15868.301|7124.702 -15873.327|7121.466 -15881.355|7131.008 -15886.392|7156.124 -15899.658|7160.102 -15892.030
170 ELGIN VW SE,7156.124 -15899.658|7131.008 -15886.392|7121.466 -15881.355|7120.123 -15884.702|7116.216 -15894.410|7124.772 -15898.924|7149.651 -15912.067|7154.461 -15902.838
174 ELGIN VW SE,7149.651 -15912.067|7124.772 -15898.924|7116.216 -15894.410|7115.545 -15896.078|7112.497 -15903.650|7114.587 -15909.365|7118.544 -15911.456|7143.171 -15924.466|7148.812 -15913.646
3 PRESTWICK PR SE,7082.466 -13750.616|7082.067 -13750.616|7079.488 -13750.616|7049.324 -13750.605|7049.324 -13752.595|7049.324 -13764.204|7049.918 -13764.804|7050.317 -13765.205|7077.985 -13765.216|7078.390 -13764.816|7082.067 -13761.113|7082.466 -13760.724|7082.466 -13752.617
7 PRESTWICK PR SE,7082.466 -13750.616|7082.473 -13737.795|7049.331 -13737.784|7049.324 -13750.605|7079.488 -13750.616|7082.067 -13750.616
11 PRESTWICK PR SE,7082.473 -13737.795|7082.480 -13725.597|7049.338 -13725.586|7049.331 -13737.784
15 PRESTWICK PR SE,7082.480 -13725.597|7082.480 -13713.410|7049.338 -13713.399|7049.338 -13725.586
19 PRESTWICK PR SE,7082.480 -13713.410|7082.487 -13702.291|7082.431 -13700.500|7049.345 -13700.489|7049.338 -13713.399
23 PRESTWICK PR SE,7082.431 -13700.500|7082.249 -13698.499|7081.697 -13695.430|7080.830 -13692.439|7080.383 -13690.882|7080.110 -13689.270|7049.352 -13682.187|7049.345 -13698.488|7049.345 -13700.489|7079.446 -13700.500
27 PRESTWICK PR SE,7082.200 -13679.696|7050.379 -13650.107|7049.366 -13651.119|7049.352 -13682.187|7080.110 -13689.270|7080.026 -13686.779|7080.355 -13684.310|7081.089 -13681.920
31 PRESTWICK PR SE,7090.064 -13673.347|7076.524 -13640.266|7060.187 -13640.255|7050.379 -13650.107|7082.200 -13679.696|7083.724 -13677.616|7085.583 -13675.826|7087.716 -13674.392
35 PRESTWICK PR SE,7100.431 -13673.569|7100.438 -13640.277|7076.524 -13640.266|7090.064 -13673.347|7092.469 -13672.735|7094.944 -13672.524|7097.418 -13672.746|7099.823 -13673.369
39 PRESTWICK PR SE,7113.175 -13675.037|7113.189 -13640.177|7107.981 -13640.277|7100.438 -13640.277|7100.431 -13673.569|7102.675 -13674.203|7104.968 -13674.659|7107.289 -13674.937|7109.624 -13675.037
43 PRESTWICK PR SE,7125.303 -13675.037|7125.317 -13639.932|7113.189 -13640.177|7113.175 -13675.037
47 PRESTWICK PR SE,7138.033 -13675.048|7138.033 -13674.648|7138.040 -13672.057|7138.047 -13639.688|7125.317 -13639.932|7125.303 -13675.037
51 PRESTWICK PR SE,7138.935 -13675.048|7141.808 -13674.903|7144.660 -13674.492|7147.449 -13673.802|7150.162 -13672.846|7150.175 -13639.443|7148.190 -13639.443|7138.047 -13639.688|7138.040 -13672.057|7138.033 -13674.648|7138.033 -13675.048
55 PRESTWICK PR SE,7150.162 -13672.846|7152.231 -13671.912|7154.216 -13670.822|7155.915 -13669.955|7157.711 -13669.321|7159.578 -13668.932|7161.479 -13668.810|7162.898 -13668.810|7162.898 -13668.410|7162.898 -13665.808|7162.912 -13639.299|7157.851 -13639.299|7150.175 -13639.443
59 PRESTWICK PR SE,7175.642 -13668.810|7175.642 -13668.410|7175.656 -13639.299|7162.912 -13639.299|7162.898 -13665.808|7162.898 -13668.410|7162.898 -13668.810
9 PRESTWICK MR SE,7209.427 -13712.098|7209.427 -13699.255|7209.035 -13699.255|7176.627 -13699.244|7176.229 -13699.244|7176.222 -13712.087
13 PRESTWICK MR SE,7209.420 -13724.941|7209.427 -13712.098|7176.222 -13712.087|7176.215 -13724.930|7178.207 -13724.930|7206.435 -13724.941|7209.021 -13724.941
17 PRESTWICK MR SE,7209.413 -13737.784|7209.413 -13726.943|7209.420 -13724.941|7209.021 -13724.941|7206.435 -13724.941|7178.207 -13724.930|7176.215 -13724.930|7176.215 -13726.931|7176.208 -13737.773|7209.014 -13737.784
21 PRESTWICK MR SE,7209.406 -13750.627|7209.413 -13737.784|7209.014 -13737.784|7176.208 -13737.773|7176.208 -13750.616|7206.428 -13750.627|7209.007 -13750.627
25 PRESTWICK MR SE,7204.932 -13765.260|7205.323 -13764.871|7209.007 -13761.168|7209.406 -13760.768|7209.406 -13752.629|7209.406 -13750.627|7209.007 -13750.627|7206.428 -13750.627|7176.208 -13750.616|7176.201 -13764.248|7176.795 -13764.849|7177.194 -13765.249
51 PRESTWICK MR SE,7158.403 -13765.249|7169.239 -13765.249|7170.238 -13764.248|7170.245 -13736.272|7167.267 -13733.270|7158.417 -13733.270
55 PRESTWICK MR SE,7158.417 -13733.270|7157.641 -13733.270|7146.890 -13732.602|7146.876 -13765.238|7158.403 -13765.249
59 PRESTWICK MR SE,7146.890 -13732.602|7135.356 -13731.891|7135.349 -13762.236|7135.349 -13764.838|7135.342 -13765.238|7146.876 -13765.238
63 PRESTWICK MR SE,7135.356 -13731.891|7123.828 -13731.179|7123.814 -13764.827|7123.814 -13765.238|7133.356 -13765.238|7135.342 -13765.238|7135.349 -13764.838|7135.349 -13762.236
67 PRESTWICK MR SE,7123.828 -13731.179|7123.052 -13731.123|7112.294 -13731.123|7112.287 -13762.225|7112.280 -13764.827|7112.280 -13765.227|7123.814 -13765.238|7123.814 -13764.827
71 PRESTWICK MR SE,7112.280 -13765.227|7112.280 -13764.827|7112.287 -13762.225|7112.294 -13731.123|7099.376 -13731.123|7098.782 -13731.713|7098.383 -13732.113|7098.369 -13760.724|7098.768 -13761.124|7102.445 -13764.827|7102.843 -13765.227|7110.295 -13765.227
38 PRESTWICK PR SE,7112.301 -13725.130|7112.315 -13691.027|7102.871 -13691.015|7098.397 -13695.519|7098.383 -13724.118|7099.376 -13725.119
42 PRESTWICK PR SE,7123.828 -13725.175|7123.842 -13691.027|7112.315 -13691.027|7112.301 -13725.130|7123.234 -13725.130
46 PRESTWICK PR SE,7135.363 -13725.886|7135.377 -13691.038|7123.842 -13691.027|7123.828 -13725.175
50 PRESTWICK PR SE,7146.904 -13692.127|7144.947 -13691.649|7142.954 -13691.316|7140.948 -13691.104|7138.928 -13691.038|7135.377 -13691.038|7135.363 -13725.886|7146.890 -13726.598
54 PRESTWICK PR SE,7158.424 -13727.265|7158.431 -13696.964|7156.446 -13696.364|7155.307 -13695.875|7154.209 -13695.274|7152.468 -13694.307|7150.665 -13693.462|7148.805 -13692.728|7146.904 -13692.127|7146.890 -13726.598|7157.823 -13727.265
58 PRESTWICK PR SE,7158.424 -13727.265|7167.267 -13727.276|7170.252 -13724.274|7170.266 -13698.288|7169.637 -13697.654|7169.273 -13697.298|7161.465 -13697.287|7160.424 -13697.253|7158.431 -13696.964
2 PRESTWICK PL SE,7755.691 -13492.710|7755.705 -13458.729|7747.428 -13458.729|7746.428 -13459.730|7746.414 -13488.207|7750.888 -13492.710
6 PRESTWICK PL SE,7763.471 -13492.722|7763.492 -13458.740|7755.705 -13458.729|7755.691 -13492.710
10 PRESTWICK PL SE,7771.265 -13492.722|7771.286 -13458.740|7763.492 -13458.740|7763.471 -13492.722
14 PRESTWICK PL SE,7779.060 -13492.722|7779.081 -13458.740|7771.286 -13458.740|7771.265 -13492.722
18 PRESTWICK PL SE,7786.854 -13492.733|7786.868 -13458.751|7779.081 -13458.740|7779.060 -13492.722
22 PRESTWICK PL SE,7794.649 -13492.733|7794.663 -13458.751|7786.868 -13458.751|7786.854 -13492.733
26 PRESTWICK PL SE,7802.443 -13492.633|7802.457 -13457.439|7795.522 -13458.751|7794.663 -13458.751|7794.649 -13492.733|7799.933 -13492.733
30 PRESTWICK PL SE,7810.237 -13490.898|7810.251 -13455.960|7802.457 -13457.439|7802.443 -13492.633|7804.428 -13492.399|7806.400 -13492.021|7808.336 -13491.521
34 PRESTWICK PL SE,7818.032 -13486.650|7818.046 -13454.482|7810.251 -13455.960|7810.237 -13490.898|7812.083 -13490.142|7813.879 -13489.263|7815.613 -13488.263|7817.277 -13487.151
38 PRESTWICK PL SE,7825.826 -13484.504|7825.840 -13454.270|7819.171 -13454.270|7818.046 -13454.482|7818.032 -13486.650|7819.842 -13485.694|7821.772 -13485.005|7823.785 -13484.604
42 PRESTWICK PL SE,7833.201 -13486.784|7833.620 -13486.061|7833.634 -13454.270|7825.840 -13454.270|7825.826 -13484.504|7827.769 -13484.682|7829.671 -13485.127|7831.488 -13485.839
46 PRESTWICK PL SE,7837.976 -13491.988|7841.408 -13489.997|7841.429 -13454.281|7833.634 -13454.270|7833.620 -13486.061|7833.201 -13486.784|7834.627 -13487.851|7835.913 -13489.085|7837.032 -13490.464
50 PRESTWICK PL SE,7840.073 -13498.748|7850.684 -13498.759|7850.705 -13457.284|7847.720 -13454.281|7842.925 -13454.281|7841.429 -13454.281|7841.408 -13489.997|7837.976 -13491.988|7838.800 -13493.822|7839.360 -13495.757|7839.674 -13497.547|7839.674 -13498.748
3 PRESTWICK PL SE,7755.663 -13543.182|7755.684 -13508.700|7750.881 -13508.700|7746.400 -13513.193|7746.386 -13542.181|7747.379 -13543.171
7 PRESTWICK PL SE,7763.450 -13543.182|7763.464 -13508.711|7755.684 -13508.700|7755.663 -13543.182
11 PRESTWICK PL SE,7771.237 -13543.193|7771.258 -13508.711|7763.464 -13508.711|7763.450 -13543.182
15 PRESTWICK PL SE,7779.032 -13543.193|7779.032 -13540.191|7779.053 -13508.711|7771.258 -13508.711|7771.237 -13543.193
19 PRESTWICK PL SE,7786.826 -13543.193|7786.847 -13508.722|7779.053 -13508.711|7779.032 -13540.191|7779.032 -13543.193
23 PRESTWICK PL SE,7794.621 -13543.204|7794.642 -13508.722|7786.847 -13508.722|7786.826 -13543.193
27 PRESTWICK PL SE,7802.415 -13543.204|7802.436 -13508.722|7794.642 -13508.722|7794.621 -13543.204
31 PRESTWICK PL SE,7810.223 -13508.945|7808.462 -13508.778|7806.693 -13508.722|7802.436 -13508.722|7802.415 -13543.204|7810.209 -13543.204
35 PRESTWICK PL SE,7818.018 -13510.980|7816.123 -13510.268|7814.194 -13509.701|7812.223 -13509.256|7810.223 -13508.945|7810.209 -13543.204|7818.004 -13543.215
39 PRESTWICK PL SE,7825.812 -13512.981|7824.169 -13512.926|7822.548 -13512.670|7820.968 -13512.236|7819.444 -13511.614|7818.018 -13510.980|7818.004 -13543.215|7825.798 -13543.215
43 PRESTWICK PL SE,7833.586 -13543.226|7833.606 -13511.436|7833.187 -13510.713|7831.474 -13511.658|7829.657 -13512.359|7827.755 -13512.803|7825.812 -13512.981|7825.798 -13543.215
47 PRESTWICK PL SE,7841.380 -13543.226|7841.401 -13507.510|7837.969 -13505.520|7837.025 -13507.032|7835.906 -13508.422|7834.613 -13509.657|7833.187 -13510.713|7833.606 -13511.436|7833.586 -13543.226
51 PRESTWICK PL SE,7841.380 -13543.226|7842.876 -13543.226|7847.678 -13543.226|7850.656 -13540.235|7850.684 -13498.759|7840.073 -13498.748|7839.674 -13498.748|7839.674 -13500.349|7839.353 -13501.751|7838.793 -13503.685|7837.969 -13505.520|7841.401 -13507.510
1 PRESTWICK MT SE,7694.846 -13481.591|7694.839 -13489.730|7695.838 -13490.731|7722.157 -13490.742|7726.638 -13486.250|7726.638 -13481.602
5 PRESTWICK MT SE,7726.638 -13481.602|7726.638 -13473.874|7694.853 -13473.852|7694.846 -13481.591
9 PRESTWICK MT SE,7726.638 -13473.874|7726.645 -13466.135|7694.853 -13466.113|7694.853 -13473.852
13 PRESTWICK MT SE,7726.645 -13466.135|7726.652 -13458.396|7694.859 -13458.385|7694.853 -13466.113
17 PRESTWICK MT SE,7726.652 -13458.396|7726.652 -13450.668|7694.859 -13450.645|7694.859 -13458.385
21 PRESTWICK MT SE,7726.652 -13450.668|7726.659 -13442.928|7694.866 -13442.906|7694.859 -13450.645
25 PRESTWICK MT SE,7726.659 -13442.928|7726.659 -13435.189|7694.866 -13435.178|7694.866 -13442.906
29 PRESTWICK MT SE,7726.659 -13435.189|7726.666 -13427.461|7694.873 -13427.439|7694.866 -13435.178
33 PRESTWICK MT SE,7726.666 -13427.461|7726.666 -13421.290|7722.199 -13416.787|7695.873 -13416.775|7694.880 -13417.776|7694.873 -13427.439
399 PRESTWICK CI SE,7679.767 -13490.720|7687.883 -13490.731|7688.876 -13489.730|7688.890 -13459.752|7685.912 -13456.750|7679.788 -13456.750
403 PRESTWICK CI SE,7679.767 -13490.720|7679.788 -13456.750|7672.182 -13456.739|7672.168 -13490.720
407 PRESTWICK CI SE,7672.168 -13490.720|7672.182 -13456.739|7664.577 -13456.739|7664.563 -13490.720
411 PRESTWICK CI SE,7664.563 -13490.720|7664.577 -13456.739|7656.971 -13456.739|7656.957 -13490.709
415 PRESTWICK CI SE,7656.957 -13490.709|7656.971 -13456.739|7649.365 -13456.728|7649.351 -13490.709
419 PRESTWICK CI SE,7649.351 -13490.709|7649.365 -13456.728|7641.767 -13456.728|7641.746 -13490.709
423 PRESTWICK CI SE,7641.746 -13490.709|7641.767 -13456.728|7634.161 -13456.728|7634.140 -13490.698
427 PRESTWICK CI SE,7634.140 -13490.698|7634.161 -13456.728|7626.556 -13456.717|7626.535 -13490.698
431 PRESTWICK CI SE,7626.535 -13490.698|7626.556 -13456.717|7618.950 -13456.717|7618.929 -13490.698
435 PRESTWICK CI SE,7618.929 -13490.698|7618.950 -13456.717|7611.344 -13456.717|7611.323 -13490.687
439 PRESTWICK CI SE,7611.323 -13490.687|7611.344 -13456.717|7603.739 -13456.705|7603.725 -13490.687
443 PRESTWICK CI SE,7603.725 -13490.687|7603.739 -13456.705|7596.133 -13456.705|7596.119 -13490.687
447 PRESTWICK CI SE,7596.119 -13490.687|7596.133 -13456.705|7588.527 -13456.705|7588.513 -13490.676
451 PRESTWICK CI SE,7588.513 -13490.676|7588.527 -13456.705|7580.922 -13456.694|7580.908 -13490.676
455 PRESTWICK CI SE,7580.908 -13490.676|7580.922 -13456.694|7573.316 -13456.694|7573.302 -13490.676
459 PRESTWICK CI SE,7573.302 -13490.676|7573.316 -13456.694|7565.717 -13456.694|7565.696 -13490.664
463 PRESTWICK CI SE,7565.696 -13490.664|7565.717 -13456.694|7558.112 -13456.683|7558.091 -13490.664
467 PRESTWICK CI SE,7558.091 -13490.664|7558.112 -13456.683|7550.506 -13456.683|7550.492 -13490.664
469 PRESTWICK CI SE,7550.492 -13490.664|7550.506 -13456.683|7542.901 -13456.683|7542.887 -13490.653
471 PRESTWICK CI SE,7542.887 -13490.653|7542.901 -13456.683|7535.295 -13456.672|7535.281 -13490.653
473 PRESTWICK CI SE,7535.295 -13456.672|7527.689 -13456.672|7527.675 -13490.653|7535.281 -13490.653
120 PRESTWICK VI SE,7535.295 -13450.679|7535.316 -13416.698|7527.710 -13416.698|7527.689 -13450.679
124 PRESTWICK VI SE,7542.901 -13450.679|7542.921 -13416.709|7535.316 -13416.698|7535.295 -13450.679
128 PRESTWICK VI SE,7550.506 -13450.690|7550.520 -13416.709|7542.921 -13416.709|7542.901 -13450.679
132 PRESTWICK VI SE,7558.112 -13450.690|7558.126 -13416.709|7550.520 -13416.709|7550.506 -13450.690
136 PRESTWICK VI SE,7565.717 -13450.690|7565.731 -13416.720|7558.126 -13416.709|7558.112 -13450.690
140 PRESTWICK VI SE,7573.323 -13450.701|7573.337 -13416.720|7565.731 -13416.720|7565.717 -13450.690
144 PRESTWICK VI SE,7580.929 -13450.701|7580.943 -13416.720|7573.337 -13416.720|7573.323 -13450.701
148 PRESTWICK VI SE,7588.534 -13450.701|7588.548 -13416.731|7580.943 -13416.720|7580.929 -13450.701
152 PRESTWICK VI SE,7596.140 -13450.712|7596.154 -13416.731|7588.548 -13416.731|7588.534 -13450.701
156 PRESTWICK VI SE,7603.739 -13450.712|7603.760 -13416.731|7596.154 -13416.731|7596.140 -13450.712
160 PRESTWICK VI SE,7611.344 -13450.712|7611.365 -13416.742|7603.760 -13416.731|7603.739 -13450.712
164 PRESTWICK VI SE,7618.950 -13450.723|7618.971 -13416.742|7611.365 -13416.742|7611.344 -13450.712
168 PRESTWICK VI SE,7626.556 -13450.723|7626.570 -13416.742|7618.971 -13416.742|7618.950 -13450.723
172 PRESTWICK VI SE,7634.161 -13450.723|7634.175 -13416.753|7626.570 -13416.742|7626.556 -13450.723
176 PRESTWICK VI SE,7641.767 -13450.734|7641.781 -13416.753|7634.175 -13416.753|7634.161 -13450.723
180 PRESTWICK VI SE,7649.372 -13450.734|7649.386 -13416.753|7641.781 -13416.753|7641.767 -13450.734
184 PRESTWICK VI SE,7656.978 -13450.734|7656.992 -13416.764|7649.386 -13416.753|7649.372 -13450.734
188 PRESTWICK VI SE,7664.584 -13450.745|7664.598 -13416.764|7656.992 -13416.764|7656.978 -13450.734
192 PRESTWICK VI SE,7672.182 -13450.745|7672.203 -13416.764|7664.598 -13416.764|7664.584 -13450.745
196 PRESTWICK VI SE,7679.788 -13450.745|7679.809 -13416.775|7672.203 -13416.764|7672.182 -13450.745
200 PRESTWICK VI SE,7679.788 -13450.745|7685.912 -13450.757|7688.897 -13447.754|7688.911 -13417.776|7687.918 -13416.775|7679.809 -13416.775
155 PRESTWICK VI SE,7600.782 -13399.440|7600.803 -13364.858|7591.974 -13364.881|7591.967 -13378.591|7591.967 -13379.514|7591.960 -13399.440
159 PRESTWICK VI SE,7608.422 -13399.451|7608.436 -13364.870|7600.803 -13364.858|7600.782 -13399.440
163 PRESTWICK VI SE,7616.056 -13399.451|7616.070 -13364.870|7608.436 -13364.870|7608.422 -13399.451
167 PRESTWICK VI SE,7623.689 -13399.451|7623.703 -13364.870|7616.070 -13364.870|7616.056 -13399.451
171 PRESTWICK VI SE,7631.323 -13399.462|7631.344 -13364.881|7623.703 -13364.870|7623.689 -13399.451
175 PRESTWICK VI SE,7638.957 -13399.462|7638.978 -13364.881|7631.344 -13364.881|7631.323 -13399.462
179 PRESTWICK VI SE,7646.590 -13399.462|7646.611 -13364.881|7638.978 -13364.881|7638.957 -13399.462
183 PRESTWICK VI SE,7654.231 -13399.473|7654.245 -13364.892|7646.611 -13364.881|7646.590 -13399.462
187 PRESTWICK VI SE,7661.592 -13399.473|7661.613 -13364.892|7654.245 -13364.892|7654.231 -13399.473
191 PRESTWICK VI SE,7669.505 -13399.473|7669.526 -13364.892|7661.613 -13364.892|7661.592 -13399.473
195 PRESTWICK VI SE,7677.418 -13399.485|7677.439 -13364.903|7669.526 -13364.892|7669.505 -13399.473
199 PRESTWICK VI SE,7685.331 -13399.485|7685.352 -13364.903|7677.439 -13364.903|7677.418 -13399.485
203 PRESTWICK VI SE,7693.245 -13399.485|7693.266 -13364.914|7685.352 -13364.903|7685.331 -13399.485
207 PRESTWICK VI SE,7701.158 -13399.496|7701.179 -13364.914|7693.266 -13364.914|7693.245 -13399.485
211 PRESTWICK VI SE,7709.071 -13399.496|7709.092 -13364.914|7701.179 -13364.914|7701.158 -13399.496
215 PRESTWICK VI SE,7716.984 -13399.496|7717.005 -13364.925|7709.092 -13364.914|7709.071 -13399.496
219 PRESTWICK VI SE,7716.984 -13399.496|7722.206 -13399.507|7726.680 -13395.003|7726.694 -13365.926|7725.701 -13364.925|7717.005 -13364.925
20 PRESTWICK BA SE,7731.685 -13308.360|7739.550 -13308.360|7740.542 -13307.371|7740.556 -13276.225|7737.578 -13273.234|7731.706 -13273.256
24 PRESTWICK BA SE,7731.685 -13308.360|7731.706 -13273.256|7723.143 -13273.278|7723.129 -13308.360
28 PRESTWICK BA SE,7723.129 -13308.360|7723.143 -13273.278|7714.587 -13273.312|7714.566 -13308.349
32 PRESTWICK BA SE,7714.566 -13308.349|7714.587 -13273.312|7706.023 -13273.334|7706.009 -13308.349
36 PRESTWICK BA SE,7706.009 -13308.349|7706.023 -13273.334|7698.061 -13273.367|7698.040 -13308.349
40 PRESTWICK BA SE,7698.040 -13308.349|7698.061 -13273.367|7690.735 -13273.390|7690.721 -13308.338
44 PRESTWICK BA SE,7690.721 -13308.338|7690.735 -13273.390|7683.129 -13273.412|7683.115 -13308.338
48 PRESTWICK BA SE,7683.115 -13308.338|7683.129 -13273.412|7675.524 -13273.434|7675.510 -13308.338
52 PRESTWICK BA SE,7675.510 -13308.338|7675.524 -13273.434|7667.918 -13273.467|7667.904 -13308.327
56 PRESTWICK BA SE,7667.904 -13308.327|7667.918 -13273.467|7660.313 -13273.490|7660.299 -13308.327
60 PRESTWICK BA SE,7660.299 -13308.327|7660.313 -13273.490|7652.707 -13273.512|7652.693 -13308.327
64 PRESTWICK BA SE,7652.693 -13308.327|7652.707 -13273.512|7645.101 -13273.534|7645.087 -13308.316
68 PRESTWICK BA SE,7645.087 -13308.316|7645.101 -13273.534|7637.496 -13273.567|7637.482 -13308.149|7640.634 -13308.316
72 PRESTWICK BA SE,7635.510 -13273.556|7629.890 -13273.590|7629.876 -13306.292|7632.889 -13307.282|7635.993 -13307.949|7637.482 -13308.149|7637.496 -13275.558|7637.496 -13273.567|7636.007 -13273.567
76 PRESTWICK BA SE,7629.876 -13306.292|7629.890 -13273.590|7622.291 -13273.612|7622.277 -13302.689|7623.857 -13303.290|7625.360 -13304.068|7627.569 -13305.280
80 PRESTWICK BA SE,7622.277 -13302.689|7622.291 -13273.612|7614.686 -13273.634|7614.672 -13302.478|7616.566 -13302.145|7618.489 -13302.067|7620.404 -13302.245
84 PRESTWICK BA SE,7614.672 -13302.478|7614.686 -13273.634|7607.080 -13273.668|7607.066 -13305.647|7607.863 -13306.448|7609.338 -13305.102|7610.988 -13303.979|7612.777 -13303.101
88 PRESTWICK BA SE,7607.863 -13306.448|7607.066 -13305.647|7607.080 -13273.668|7600.963 -13273.679|7597.978 -13276.692|7597.964 -13310.295|7600.942 -13313.297|7604.249 -13313.297|7604.787 -13311.407|7605.584 -13309.617|7606.612 -13307.960
27 PRESTWICK BA SE,7716.817 -13358.921|7725.701 -13358.932|7726.701 -13357.931|7726.715 -13328.842|7722.241 -13324.350|7716.838 -13324.339
31 PRESTWICK BA SE,7716.817 -13358.921|7716.838 -13324.339|7708.924 -13324.339|7708.903 -13358.921
35 PRESTWICK BA SE,7708.903 -13358.921|7708.924 -13324.339|7701.011 -13324.339|7700.990 -13358.921
39 PRESTWICK BA SE,7700.990 -13358.921|7701.011 -13324.339|7693.098 -13324.328|7693.077 -13358.910
43 PRESTWICK BA SE,7693.077 -13358.910|7693.098 -13324.328|7685.185 -13324.328|7685.164 -13358.910
47 PRESTWICK BA SE,7685.164 -13358.910|7685.185 -13324.328|7677.271 -13324.328|7677.250 -13358.910
51 PRESTWICK BA SE,7677.250 -13358.910|7677.271 -13324.328|7669.358 -13324.317|7669.337 -13358.898
55 PRESTWICK BA SE,7669.337 -13358.898|7669.358 -13324.317|7661.445 -13324.317|7661.424 -13358.898
59 PRESTWICK BA SE,7661.424 -13358.898|7661.445 -13324.317|7653.532 -13324.317|7653.511 -13358.887
63 PRESTWICK BA SE,7653.511 -13358.887|7653.532 -13324.317|7645.619 -13324.306|7645.598 -13358.887
67 PRESTWICK BA SE,7645.598 -13358.887|7645.619 -13324.306|7640.627 -13324.306|7637.705 -13324.450|7637.684 -13358.887
71 PRESTWICK BA SE,7637.684 -13358.887|7637.705 -13324.450|7635.664 -13324.717|7633.651 -13325.129|7631.673 -13325.684|7629.736 -13326.374|7629.722 -13358.876
75 PRESTWICK BA SE,7629.722 -13358.876|7629.736 -13326.374|7627.499 -13327.364|7625.346 -13328.531|7623.913 -13329.287|7622.410 -13329.865|7622.396 -13358.876
79 PRESTWICK BA SE,7622.396 -13358.876|7622.410 -13329.865|7620.530 -13330.332|7618.607 -13330.533|7616.671 -13330.466|7614.763 -13330.143|7614.749 -13358.876
83 PRESTWICK BA SE,7607.108 -13358.865|7613.260 -13358.876|7614.749 -13358.876|7614.763 -13330.143|7613.274 -13329.688|7611.778 -13329.043|7610.366 -13328.231|7609.051 -13327.263|7607.863 -13326.152|7607.122 -13326.885
87 PRESTWICK BA SE,7607.863 -13326.152|7606.612 -13324.639|7605.577 -13322.971|7604.780 -13321.181|7604.242 -13319.291|7600.942 -13319.291|7597.957 -13322.282|7597.944 -13355.863|7600.921 -13358.865|7607.108 -13358.865|7607.122 -13326.885
103 ELGIN VW SE,7313.941 -15908.887|7324.273 -15906.408|7324.986 -15905.207|7317.793 -15878.031|7317.535 -15877.286|7317.164 -15876.596|7316.689 -15875.973|7316.122 -15875.429|7315.479 -15874.984|7314.766 -15874.650|7314.018 -15874.428|7313.242 -15874.328|7311.942 -15874.205|7304.274 -15876.040|7304.316 -15876.240|7312.005 -15909.343
107 ELGIN VW SE,7310.076 -15909.810|7312.005 -15909.343|7304.316 -15876.240|7304.274 -15876.040|7293.641 -15878.587|7293.690 -15878.787|7301.373 -15911.901
111 ELGIN VW SE,7301.373 -15911.901|7293.690 -15878.787|7293.641 -15878.587|7283.840 -15880.933|7283.547 -15881.011|7291.271 -15914.314
115 ELGIN VW SE,7291.271 -15914.314|7283.547 -15881.011|7278.297 -15882.100|7273.005 -15882.890|7278.283 -15917.193
172 ELGIN MR SE,7323.260 -15948.406|7330.229 -15946.738|7331.138 -15946.427|7331.970 -15945.937|7332.697 -15945.304|7333.284 -15944.536|7333.710 -15943.680|7333.969 -15942.746|7334.046 -15941.779|7333.934 -15940.822|7331.795 -15931.393|7329.432 -15922.019|7327.028 -15912.935|7325.804 -15912.201|7315.277 -15914.725
156 ELGIN MR SE,7285.742 -15921.808|7278.954 -15923.431|7276.451 -15923.231|7280.191 -15957.135|7285.190 -15956.501|7290.167 -15955.723|7291.865 -15955.678
160 ELGIN MR SE,7303.155 -15953.232|7295.172 -15919.551|7285.742 -15921.808|7291.865 -15955.678|7296.416 -15954.788|7300.932 -15953.765
164 ELGIN MR SE,7313.207 -15950.819|7305.224 -15917.138|7295.172 -15919.551|7303.155 -15953.232
168 ELGIN MR SE,7323.260 -15948.406|7315.277 -15914.725|7305.224 -15917.138|7313.207 -15950.819
161 ELGIN MR SE,7301.456 -16005.404|7304.274 -16005.004|7311.285 -16003.236|7303.323 -15969.622|7298.094 -15970.623|7292.844 -15971.479|7298.723 -16006.060
165 ELGIN MR SE,7321.987 -16000.534|7314.046 -15967.053|7304.623 -15969.322|7303.323 -15969.622|7311.285 -16003.236
169 ELGIN MR SE,7332.683 -15997.832|7324.826 -15964.685|7324.777 -15964.485|7314.046 -15967.053|7321.987 -16000.534
173 ELGIN MR SE,7334.612 -15997.354|7343.938 -15994.997|7344.700 -15993.773|7339.135 -15966.353|7338.667 -15965.018|7337.926 -15963.962|7336.940 -15963.139|7335.780 -15962.583|7334.514 -15962.361|7333.116 -15962.483|7324.777 -15964.485|7324.826 -15964.685|7332.683 -15997.832
4342 ELGIN AV SE,7206.232 -16042.766|7212.391 -16009.563|7202.234 -16007.662|7196.040 -16041.053|7206.197 -16042.955
4346 ELGIN AV SE,7222.953 -16011.542|7212.391 -16009.563|7206.232 -16042.766|7206.197 -16042.955|7213.300 -16044.289|7217.277 -16045.001
4350 ELGIN AV SE,7232.621 -16013.366|7222.953 -16011.542|7217.277 -16045.001|7222.842 -16045.890|7228.427 -16046.658
4354 ELGIN AV SE,7242.897 -16015.290|7232.621 -16013.366|7228.427 -16046.658|7234.348 -16047.336|7240.290 -16047.870
4358 ELGIN AV SE,7252.782 -16015.045|7242.897 -16015.290|7240.290 -16047.870|7244.617 -16048.170|7251.454 -16048.804
4362 ELGIN AV SE,7251.454 -16048.804|7257.416 -16048.926|7263.372 -16048.915|7263.177 -16014.789|7252.782 -16015.045
4366 ELGIN AV SE,7263.372 -16048.915|7269.007 -16048.782|7274.634 -16048.515|7272.998 -16014.545|7263.177 -16014.789
4370 ELGIN AV SE,7274.634 -16048.515|7280.583 -16048.092|7286.511 -16047.536|7283.400 -16014.289|7272.998 -16014.545
4374 ELGIN AV SE,7286.511 -16047.536|7292.103 -16046.880|7297.675 -16046.102|7293.229 -16013.544|7290.908 -16014.100|7283.400 -16014.289
4378 ELGIN AV SE,7297.675 -16046.102|7303.239 -16045.201|7308.775 -16044.167|7302.841 -16011.242|7293.229 -16013.544
4382 ELGIN AV SE,7308.775 -16044.167|7318.786 -16041.988|7319.904 -16041.721|7319.862 -16041.521|7319.219 -16038.807|7312.194 -16009.185|7305.658 -16010.831|7302.841 -16011.242
4386 ELGIN AV SE,7329.943 -16039.319|7322.197 -16006.661|7312.194 -16009.185|7319.219 -16038.807|7319.862 -16041.521|7319.904 -16041.721
4390 ELGIN AV SE,7340.575 -16036.772|7332.802 -16003.992|7322.197 -16006.661|7329.943 -16039.319
4394 ELGIN AV SE,7340.575 -16036.772|7348.146 -16034.960|7349.048 -16034.649|7349.879 -16034.171|7350.599 -16033.548|7351.187 -16032.792|7351.620 -16031.936|7351.886 -16031.013|7351.963 -16030.056|7351.865 -16029.100|7346.293 -16001.613|7345.126 -16000.879|7332.802 -16003.992
4400 ELGIN AV SE,7373.200 -16028.766|7374.612 -16028.611|7383.084 -16026.476|7383.042 -16026.276|7376.331 -15993.206|7363.770 -15996.298|7363.001 -15997.521|7368.530 -16024.763|7368.998 -16026.098|7369.746 -16027.165|7370.746 -16027.999|7371.920 -16028.544
4404 ELGIN AV SE,7393.556 -16023.818|7386.202 -15990.782|7376.331 -15993.206|7383.042 -16026.276|7383.084 -16026.476
4408 ELGIN AV SE,7404.531 -16021.038|7396.744 -15988.180|7386.202 -15990.782|7393.556 -16023.818
4412 ELGIN AV SE,7414.597 -16018.492|7414.555 -16018.303|7406.831 -15985.701|7396.744 -15988.180|7404.531 -16021.038
4416 ELGIN AV SE,7424.671 -16015.946|7424.622 -16015.757|7423.979 -16013.032|7416.911 -15983.221|7414.982 -15983.699|7406.831 -15985.701|7414.555 -16018.303|7414.597 -16018.492
4420 ELGIN AV SE,7435.317 -16013.255|7435.275 -16013.055|7434.625 -16010.341|7427.579 -15980.597|7418.847 -15982.743|7416.911 -15983.221|7423.979 -16013.032|7424.622 -16015.757|7424.671 -16015.946
4424 ELGIN AV SE,7445.390 -16010.708|7437.666 -15978.117|7427.579 -15980.597|7434.625 -16010.341|7435.275 -16013.055|7435.317 -16013.255
4428 ELGIN AV SE,7455.457 -16008.151|7455.415 -16007.962|7454.772 -16005.238|7447.753 -15975.626|7437.666 -15978.117|7445.390 -16010.708
4432 ELGIN AV SE,7465.530 -16005.605|7465.481 -16005.416|7464.838 -16002.691|7457.840 -15973.147|7456.869 -15973.380|7447.753 -15975.626|7454.772 -16005.238|7455.415 -16007.962|7455.457 -16008.151
4436 ELGIN AV SE,7469.081 -16004.704|7475.603 -16003.080|7467.921 -15970.667|7458.805 -15972.924|7457.840 -15973.147|7464.838 -16002.691|7465.481 -16005.416|7465.530 -16005.605
4440 ELGIN AV SE,7475.603 -16003.080|7486.285 -16000.512|7478.595 -15968.076|7476.659 -15968.532|7475.785 -15968.732|7467.921 -15970.667
4442 ELGIN AV SE,7486.285 -16000.512|7496.407 -15998.199|7496.365 -15998.010|7495.722 -15995.286|7488.717 -15965.730|7480.531 -15967.631|7478.595 -15968.076
4446 ELGIN AV SE,7506.585 -15995.686|7498.867 -15963.128|7488.717 -15965.730|7495.722 -15995.286|7496.365 -15998.010|7496.407 -15998.199|7497.749 -15997.899
696 PRESTWICK CI SE,7248.203 -13544.394|7256.214 -13544.394|7259.199 -13541.403|7259.213 -13511.413|7258.220 -13510.413|7248.217 -13510.413
700 PRESTWICK CI SE,7248.203 -13544.394|7248.217 -13510.413|7237.284 -13510.413|7237.270 -13544.383
704 PRESTWICK CI SE,7237.270 -13544.383|7237.284 -13510.413|7226.945 -13510.402|7226.931 -13544.383
708 PRESTWICK CI SE,7226.931 -13544.383|7226.945 -13510.402|7216.606 -13510.402|7216.592 -13544.383
712 PRESTWICK CI SE,7216.592 -13544.383|7216.606 -13510.402|7205.673 -13510.390|7205.659 -13544.372
716 PRESTWICK CI SE,7205.659 -13544.372|7205.673 -13510.390|7195.334 -13510.390|7195.320 -13544.372
720 PRESTWICK CI SE,7195.320 -13544.372|7195.334 -13510.390|7184.995 -13510.390|7184.981 -13544.360
724 PRESTWICK CI SE,7184.981 -13544.360|7184.995 -13510.390|7174.062 -13510.379|7174.048 -13544.360
728 PRESTWICK CI SE,7174.048 -13544.360|7174.062 -13510.379|7163.723 -13510.379|7163.709 -13544.360
732 PRESTWICK CI SE,7163.709 -13544.360|7163.723 -13510.379|7153.384 -13510.368|7153.370 -13544.349
736 PRESTWICK CI SE,7153.370 -13544.349|7153.384 -13510.368|7142.444 -13510.368|7142.430 -13544.349
740 PRESTWICK CI SE,7142.430 -13544.349|7142.444 -13510.368|7132.112 -13510.368|7132.098 -13544.338
744 PRESTWICK CI SE,7132.098 -13544.338|7132.112 -13510.368|7121.766 -13510.357|7121.759 -13544.338
748 PRESTWICK CI SE,7121.759 -13544.338|7121.766 -13510.357|7110.833 -13510.357|7110.819 -13544.338
752 PRESTWICK CI SE,7110.819 -13544.338|7110.833 -13510.357|7100.494 -13510.346|7100.480 -13544.327
756 PRESTWICK CI SE,7100.480 -13544.327|7100.494 -13510.346|7090.155 -13510.346|7090.141 -13544.327
760 PRESTWICK CI SE,7090.141 -13544.327|7090.155 -13510.346|7079.222 -13510.346|7079.208 -13544.327
764 PRESTWICK CI SE,7079.208 -13544.327|7079.222 -13510.346|7068.883 -13510.335|7068.869 -13544.316
768 PRESTWICK CI SE,7068.869 -13544.316|7068.883 -13510.335|7058.544 -13510.335|7058.530 -13544.316
772 PRESTWICK CI SE,7058.530 -13544.316|7058.544 -13510.335|7047.611 -13510.335|7047.597 -13544.305
776 PRESTWICK CI SE,7047.597 -13544.305|7047.611 -13510.335|7037.272 -13510.324|7037.258 -13544.305
780 PRESTWICK CI SE,7037.258 -13544.305|7037.272 -13510.324|7026.933 -13510.324|7026.919 -13544.305
784 PRESTWICK CI SE,7026.919 -13544.305|7026.933 -13510.324|7012.827 -13510.313|7017.762 -13544.294
788 PRESTWICK CI SE,7017.762 -13544.294|7012.827 -13510.313|6998.377 -13510.313|6996.553 -13512.147|7010.583 -13546.095|7012.365 -13544.294
792 PRESTWICK CI SE,7010.583 -13546.095|6996.553 -13512.147|6984.963 -13523.789|7004.857 -13551.833
796 PRESTWICK CI SE,7004.857 -13551.833|6984.963 -13523.789|6974.673 -13534.131|6998.559 -13558.160
800 PRESTWICK CI SE,6998.559 -13558.160|6974.673 -13534.131|6968.388 -13540.435|6968.381 -13546.796|6988.409 -13566.944|6989.814 -13566.944
808 PRESTWICK CI SE,6968.437 -13588.427|6977.161 -13579.665|6977.161 -13578.253|6957.133 -13558.104|6950.807 -13558.104|6944.551 -13564.387
812 PRESTWICK CI SE,6968.437 -13588.427|6944.551 -13564.387|6933.107 -13575.884|6962.817 -13594.076
816 PRESTWICK CI SE,6962.817 -13594.076|6933.107 -13575.884|6921.021 -13588.027|6957.189 -13599.724
820 PRESTWICK CI SE,6957.189 -13599.724|6921.021 -13588.027|6920.818 -13588.227|6920.811 -13603.972|6954.610 -13607.286|6954.610 -13602.315
824 PRESTWICK CI SE,6954.610 -13607.286|6920.811 -13603.972|6920.804 -13617.093|6954.603 -13617.104
828 PRESTWICK CI SE,6954.603 -13627.746|6954.603 -13617.104|6920.804 -13617.093|6920.804 -13627.734
711 PRESTWICK CI SE,7217.892 -13457.139|7207.351 -13457.128|7207.337 -13490.509|7217.878 -13490.520
715 PRESTWICK CI SE,7207.337 -13490.509|7207.351 -13457.128|7197.012 -13457.128|7196.998 -13490.509
719 PRESTWICK CI SE,7196.998 -13490.509|7197.012 -13457.128|7186.673 -13457.117|7186.659 -13490.498
723 PRESTWICK CI SE,7186.659 -13490.498|7186.673 -13457.117|7175.537 -13457.117|7174.544 -13458.118|7174.537 -13485.994|7179.004 -13490.498
735 PRESTWICK CI SE,7145.604 -13490.486|7154.153 -13490.486|7158.627 -13485.994|7158.641 -13458.107|7157.648 -13457.106|7145.618 -13457.106
739 PRESTWICK CI SE,7145.604 -13490.486|7145.618 -13457.106|7135.279 -13457.095|7135.265 -13490.475
743 PRESTWICK CI SE,7135.265 -13490.475|7135.279 -13457.095|7124.346 -13457.095|7124.332 -13490.475
747 PRESTWICK CI SE,7124.332 -13490.475|7124.346 -13457.095|7114.007 -13457.095|7113.993 -13490.464
751 PRESTWICK CI SE,7113.993 -13490.464|7114.007 -13457.095|7103.067 -13457.084|7103.060 -13490.464
755 PRESTWICK CI SE,7103.060 -13490.464|7103.067 -13457.084|7092.134 -13457.084|7092.120 -13490.464
759 PRESTWICK CI SE,7092.120 -13490.464|7092.134 -13457.084|7081.200 -13457.084|7081.186 -13490.453
763 PRESTWICK CI SE,7081.186 -13490.453|7081.200 -13457.084|7070.862 -13457.072|7070.848 -13490.453
767 PRESTWICK CI SE,7070.848 -13490.453|7070.862 -13457.072|7059.928 -13457.072|7059.914 -13490.453
771 PRESTWICK CI SE,7059.914 -13490.453|7059.928 -13457.072|7049.590 -13457.061|7049.576 -13490.442
775 PRESTWICK CI SE,7049.576 -13490.442|7049.590 -13457.061|7041.935 -13457.061|7038.950 -13460.064|7038.936 -13489.441|7039.929 -13490.442
791 PRESTWICK CI SE,6982.865 -13493.856|6949.472 -13478.666|6949.472 -13483.292|6946.606 -13486.172|6975.190 -13505.487|6980.097 -13500.561
795 PRESTWICK CI SE,6975.190 -13505.487|6946.606 -13486.172|6941.006 -13491.799|6964.900 -13515.828
799 PRESTWICK CI SE,6964.900 -13515.828|6941.006 -13491.799|6933.275 -13499.560|6957.168 -13523.600
3 PRESTWICK CL SE,6983.271 -13478.611|6949.479 -13470.672|6949.472 -13478.666|6982.865 -13493.856|6983.264 -13492.877
7 PRESTWICK CL SE,6983.278 -13466.379|6949.479 -13461.098|6949.479 -13470.672|6983.271 -13478.611
11 PRESTWICK CL SE,6983.285 -13453.092|6949.479 -13452.313|6949.479 -13461.098|6983.278 -13466.379
15 PRESTWICK CL SE,6983.285 -13442.094|6949.486 -13441.316|6949.479 -13452.313|6983.285 -13453.092
19 PRESTWICK CL SE,6983.292 -13431.097|6949.493 -13430.330|6949.486 -13441.316|6983.285 -13442.094
23 PRESTWICK CL SE,6983.292 -13431.097|6983.292 -13421.701|6978.825 -13417.098|6950.493 -13416.453|6949.493 -13417.431|6949.493 -13430.330
4 PRESTWICK CL SE,6999.181 -13477.032|6999.174 -13485.928|7003.648 -13490.431|7031.981 -13490.442|7032.973 -13489.441|7032.980 -13477.043
8 PRESTWICK CL SE,7032.980 -13477.043|7032.980 -13466.057|6999.181 -13466.035|6999.181 -13477.032
12 PRESTWICK CL SE,7032.980 -13466.057|7032.987 -13455.060|6999.188 -13455.049|6999.181 -13466.035
16 PRESTWICK CL SE,7032.987 -13455.060|7032.994 -13443.462|6999.188 -13443.451|6999.188 -13455.049
20 PRESTWICK CL SE,7032.994 -13443.462|7032.994 -13432.476|6999.195 -13432.465|6999.188 -13443.451
24 PRESTWICK CL SE,7032.994 -13432.476|7033.001 -13418.688|7032.008 -13417.687|7003.676 -13417.676|6999.195 -13422.168|6999.195 -13432.465
101 PRESTWICK CL SE,6950.108 -13387.175|6950.101 -13399.473|6951.094 -13400.485|6978.832 -13401.119|6983.306 -13396.727|6983.306 -13387.186
105 PRESTWICK CL SE,6983.306 -13387.186|6983.313 -13376.200|6950.108 -13376.189|6950.108 -13387.175
109 PRESTWICK CL SE,6983.313 -13376.200|6983.313 -13365.804|6950.115 -13365.793|6950.108 -13376.189
113 PRESTWICK CL SE,6983.313 -13365.804|6983.320 -13355.407|6949.961 -13355.396|6950.115 -13359.755|6950.115 -13365.793
117 PRESTWICK CL SE,6983.320 -13355.407|6983.327 -13344.421|6949.570 -13344.410|6949.961 -13355.396
121 PRESTWICK CL SE,6983.327 -13344.421|6983.327 -13334.024|6949.528 -13334.013|6949.528 -13343.042|6949.570 -13344.410
125 PRESTWICK CL SE,6983.327 -13334.024|6983.334 -13323.027|6949.528 -13323.016|6949.528 -13334.013
129 PRESTWICK CL SE,6983.334 -13323.027|6983.215 -13320.380|6982.865 -13317.756|6982.292 -13315.165|6981.488 -13312.641|6949.535 -13312.630|6949.528 -13323.016
133 PRESTWICK CL SE,6981.488 -13312.641|6980.244 -13309.728|6978.699 -13306.970|6977.993 -13305.725|6977.406 -13304.402|6976.951 -13303.045|6976.623 -13301.644|6949.542 -13301.633|6949.535 -13312.630
137 PRESTWICK CL SE,6976.623 -13301.644|6976.441 -13300.310|6976.378 -13298.964|6976.441 -13297.608|6976.623 -13296.273|6976.917 -13294.961|6977.329 -13293.683|6977.860 -13292.437|6978.496 -13291.247|6949.542 -13291.236|6949.542 -13301.633
141 PRESTWICK CL SE,6983.830 -13285.966|6980.838 -13280.172|6949.549 -13280.272|6949.542 -13291.236|6978.496 -13291.247|6979.566 -13289.691|6980.824 -13288.267|6982.257 -13287.022
145 PRESTWICK CL SE,6991.296 -13283.953|6991.303 -13269.742|6949.549 -13269.887|6949.549 -13280.272|6980.838 -13280.172|6983.830 -13285.966|6985.578 -13285.098|6987.430 -13284.465|6989.346 -13284.086
149 PRESTWICK CL SE,7033.050 -13279.995|7033.057 -13269.598|6991.303 -13269.742|6991.296 -13283.953|6993.218 -13284.086|6995.106 -13284.453|6996.930 -13285.065|6998.664 -13285.910|7001.607 -13280.095
153 PRESTWICK CL SE,7033.050 -13291.070|7033.050 -13279.995|7001.607 -13280.095|6998.664 -13285.910|7000.223 -13286.944|7001.642 -13288.156|7002.900 -13289.535|7003.977 -13291.058
157 PRESTWICK CL SE,7033.043 -13301.466|7033.050 -13291.070|7003.977 -13291.058|7004.634 -13292.248|7005.179 -13293.482|7005.612 -13294.761|7005.927 -13296.073|7006.130 -13297.408|7006.207 -13298.764|7006.158 -13300.110|7005.997 -13301.455
161 PRESTWICK CL SE,7033.043 -13301.466|7005.997 -13301.455|7005.675 -13302.912|7005.214 -13304.324|7004.613 -13305.681|7003.879 -13306.982|7002.383 -13309.639|7001.166 -13312.452|7033.043 -13312.463
165 PRESTWICK CL SE,7033.036 -13323.449|7033.043 -13312.463|7001.166 -13312.452|7000.328 -13315.021|6999.726 -13317.656|6999.363 -13320.336|6999.237 -13323.038|6999.237 -13323.438
169 PRESTWICK CL SE,7033.036 -13333.846|7033.036 -13323.449|6999.237 -13323.438|6999.237 -13333.835
173 PRESTWICK CL SE,7033.029 -13344.843|7033.036 -13333.846|6999.237 -13333.835|6999.230 -13344.821
177 PRESTWICK CL SE,7033.022 -13355.829|7033.029 -13344.843|6999.230 -13344.821|6999.223 -13355.818
181 PRESTWICK CL SE,7033.022 -13366.226|7033.022 -13355.829|6999.223 -13355.818|6999.223 -13366.215
185 PRESTWICK CL SE,7033.015 -13377.212|7033.022 -13366.226|6999.223 -13366.215|6999.216 -13377.201
189 PRESTWICK CL SE,7033.015 -13388.209|7033.015 -13377.212|6999.216 -13377.201|6999.216 -13388.198
193 PRESTWICK CL SE,6999.216 -13388.198|6999.209 -13397.083|7003.683 -13401.686|7003.858 -13401.686|7032.015 -13401.697|7033.008 -13400.708|7033.015 -13388.209
202 PRESTWICK CL SE,7038.978 -13389.510|7038.971 -13400.708|7039.964 -13401.697|7068.303 -13401.720|7072.777 -13397.216|7072.777 -13389.533
206 PRESTWICK CL SE,7072.777 -13389.533|7072.784 -13379.136|7038.985 -13379.125|7038.978 -13389.510
210 PRESTWICK CL SE,7072.784 -13379.136|7072.784 -13368.750|7038.985 -13368.739|7038.985 -13379.125
214 PRESTWICK CL SE,7072.784 -13368.750|7072.791 -13358.365|7038.992 -13358.342|7038.985 -13368.739
218 PRESTWICK CL SE,7072.791 -13358.365|7072.791 -13347.968|7038.992 -13347.957|7038.992 -13358.342
222 PRESTWICK CL SE,7072.791 -13347.968|7072.798 -13337.582|7038.999 -13337.571|7038.992 -13347.957
226 PRESTWICK CL SE,7072.798 -13337.582|7072.798 -13328.742|7072.763 -13327.197|7038.999 -13327.175|7038.999 -13337.571
230 PRESTWICK CL SE,7072.763 -13327.197|7072.504 -13324.528|7072.015 -13321.893|7071.288 -13319.313|7070.337 -13316.800|7039.006 -13316.789|7038.999 -13327.175
234 PRESTWICK CL SE,7065.954 -13306.414|7039.006 -13306.403|7039.006 -13316.789|7070.337 -13316.800|7069.331 -13314.698|7068.170 -13312.686|7067.352 -13311.218|7066.709 -13309.672|7066.241 -13308.060
238 PRESTWICK CL SE,7068.576 -13296.029|7039.013 -13296.018|7039.006 -13306.403|7065.954 -13306.414|7065.856 -13305.047|7065.884 -13303.679|7066.031 -13302.322|7066.311 -13300.977|7066.702 -13299.665|7067.220 -13298.397|7067.842 -13297.174
242 PRESTWICK CL SE,7073.798 -13291.414|7071.036 -13285.543|7039.020 -13285.643|7039.013 -13296.018|7068.576 -13296.029|7069.666 -13294.650|7070.917 -13293.405|7072.302 -13292.326
246 PRESTWICK CL SE,7039.020 -13278.571|7039.020 -13285.643|7071.036 -13285.543|7073.798 -13291.414|7075.860 -13290.502|7078.034 -13289.924|7080.124 -13289.691|7080.767 -13289.680|7080.774 -13275.436|7080.124 -13275.436|7078.041 -13275.447|7042.005 -13275.569
250 PRESTWICK CL SE,7087.632 -13291.359|7090.428 -13285.932|7122.521 -13285.943|7122.528 -13280.284|7119.550 -13277.159|7097.062 -13275.914|7084.004 -13275.536|7082.508 -13275.491|7080.774 -13275.436|7080.767 -13289.680|7082.515 -13289.780|7084.004 -13290.035|7085.856 -13290.580
254 PRESTWICK CL SE,7122.521 -13296.307|7122.521 -13285.943|7090.428 -13285.932|7087.632 -13291.359|7089.226 -13292.326|7090.694 -13293.482|7092.001 -13294.817|7093.133 -13296.296
258 PRESTWICK CL SE,7122.514 -13306.670|7122.521 -13296.307|7093.133 -13296.296|7093.839 -13297.463|7094.433 -13298.675|7094.916 -13299.954|7095.286 -13301.255|7095.531 -13302.600|7095.657 -13303.946|7095.664 -13305.302|7095.545 -13306.659
262 PRESTWICK CL SE,7122.514 -13317.034|7122.514 -13306.670|7095.545 -13306.659|7095.244 -13308.249|7094.769 -13309.795|7094.140 -13311.285|7093.350 -13312.697|7092.134 -13314.810|7091.092 -13317.022
266 PRESTWICK CL SE,7122.507 -13327.397|7122.514 -13317.034|7091.092 -13317.022|7090.162 -13319.524|7089.456 -13322.093|7088.981 -13324.728|7088.736 -13327.386
270 PRESTWICK CL SE,7122.500 -13337.760|7122.507 -13327.397|7088.736 -13327.386|7088.708 -13328.753|7088.701 -13337.749
274 PRESTWICK CL SE,7122.500 -13348.124|7122.500 -13337.760|7088.701 -13337.749|7088.701 -13348.113
278 PRESTWICK CL SE,7122.493 -13358.487|7122.500 -13348.124|7088.701 -13348.113|7088.694 -13358.476
282 PRESTWICK CL SE,7122.493 -13368.850|7122.493 -13358.487|7088.694 -13358.476|7088.694 -13368.839
286 PRESTWICK CL SE,7122.486 -13379.214|7122.493 -13368.850|7088.694 -13368.839|7088.687 -13379.203
290 PRESTWICK CL SE,7122.486 -13389.577|7122.486 -13379.214|7088.687 -13379.203|7088.680 -13389.566
294 PRESTWICK CL SE,7088.680 -13389.566|7088.680 -13397.227|7093.154 -13401.731|7121.487 -13401.731|7122.479 -13400.741|7122.486 -13389.577
303 PRESTWICK CL SE,7128.449 -13389.555|7128.442 -13400.741|7129.435 -13401.742|7156.271 -13401.753|7161.032 -13397.261|7161.199 -13394.681|7161.507 -13389.566
307 PRESTWICK CL SE,7161.507 -13389.566|7161.961 -13379.381|7128.449 -13379.369|7128.449 -13389.555
311 PRESTWICK CL SE,7161.961 -13379.381|7162.213 -13368.984|7128.456 -13368.973|7128.449 -13379.369
315 PRESTWICK CL SE,7162.213 -13368.984|7162.255 -13362.301|7162.262 -13358.598|7128.456 -13358.576|7128.456 -13368.973
319 PRESTWICK CL SE,7162.262 -13358.598|7162.262 -13348.802|7128.463 -13348.791|7128.456 -13358.576
323 PRESTWICK CL SE,7162.262 -13348.802|7162.269 -13338.405|7128.470 -13338.394|7128.463 -13348.791
327 PRESTWICK CL SE,7162.269 -13338.405|7162.269 -13328.020|7128.470 -13327.997|7128.470 -13338.394
331 PRESTWICK CL SE,7162.269 -13328.020|7162.276 -13325.451|7162.220 -13323.627|7162.052 -13321.804|7161.780 -13320.002|7161.395 -13318.223|7128.477 -13318.212|7128.470 -13327.997
335 PRESTWICK CL SE,7161.395 -13318.223|7160.724 -13315.910|7159.871 -13313.653|7158.844 -13311.474|7157.641 -13309.383|7156.782 -13307.827|7128.477 -13307.815|7128.477 -13318.212
339 PRESTWICK CL SE,7156.782 -13307.827|7156.264 -13306.603|7155.859 -13305.336|7155.565 -13304.035|7155.383 -13302.712|7155.320 -13301.388|7155.376 -13300.054|7155.551 -13298.742|7155.845 -13297.441|7128.484 -13297.430|7128.477 -13307.815
343 PRESTWICK CL SE,7161.109 -13289.502|7158.676 -13286.955|7128.484 -13287.066|7128.484 -13297.430|7155.845 -13297.441|7156.656 -13295.161|7157.830 -13293.038|7159.326 -13291.136
347 PRESTWICK CL SE,7170.238 -13286.377|7170.245 -13277.126|7131.476 -13277.259|7128.491 -13280.272|7128.484 -13287.066|7158.676 -13286.955|7161.109 -13289.502|7163.164 -13288.167|7165.415 -13287.178|7167.792 -13286.577
351 PRESTWICK CL SE,7211.992 -13287.378|7211.999 -13279.995|7209.014 -13277.003|7170.245 -13277.126|7170.238 -13286.377|7172.818 -13286.599|7175.313 -13287.267|7177.655 -13288.356|7179.780 -13289.846|7181.696 -13287.478
355 PRESTWICK CL SE,7179.780 -13289.846|7181.367 -13291.392|7182.716 -13293.160|7183.786 -13295.106|7184.555 -13297.185|7185.792 -13298.153|7209.007 -13298.164|7211.992 -13295.161|7211.992 -13287.378|7181.696 -13287.478
363 PRESTWICK CL SE,7211.985 -13314.854|7211.985 -13307.159|7209.007 -13304.157|7185.883 -13304.146|7184.667 -13305.125|7183.912 -13307.326|7182.821 -13309.394|7181.332 -13312.052|7180.116 -13314.843
367 PRESTWICK CL SE,7211.978 -13325.240|7211.985 -13314.854|7180.116 -13314.843|7179.291 -13317.367|7178.690 -13319.947|7178.319 -13322.582|7178.179 -13325.229
371 PRESTWICK CL SE,7211.971 -13336.237|7211.978 -13325.240|7178.179 -13325.229|7178.179 -13325.451|7178.172 -13336.226
375 PRESTWICK CL SE,7211.971 -13346.634|7211.971 -13336.237|7178.172 -13336.226|7178.172 -13346.611
379 PRESTWICK CL SE,7211.964 -13357.019|7211.971 -13346.634|7178.172 -13346.611|7178.165 -13357.008
383 PRESTWICK CL SE,7211.964 -13367.416|7211.964 -13357.019|7178.165 -13357.008|7178.165 -13362.312|7178.137 -13367.405
387 PRESTWICK CL SE,7211.957 -13377.813|7211.964 -13367.416|7178.137 -13367.405|7177.928 -13377.790
391 PRESTWICK CL SE,7211.950 -13388.198|7211.957 -13377.813|7177.928 -13377.790|7177.508 -13388.187
395 PRESTWICK CL SE,7211.950 -13398.595|7211.950 -13388.198|7177.508 -13388.187|7177.075 -13395.726|7176.886 -13398.584
75 PRESTWICK CL SE,7211.943 -13408.992|7211.950 -13398.595|7176.886 -13398.584|7176.215 -13408.969
79 PRESTWICK CL SE,7211.943 -13419.377|7211.943 -13408.992|7176.215 -13408.969|7175.572 -13418.777|7175.537 -13419.366
83 PRESTWICK CL SE,7211.936 -13429.774|7211.943 -13419.377|7175.537 -13419.366|7174.985 -13429.763
87 PRESTWICK CL SE,7211.936 -13440.171|7211.936 -13429.774|7174.985 -13429.763|7174.656 -13440.149
91 PRESTWICK CL SE,7174.656 -13440.149|7174.551 -13450.123|7175.544 -13451.123|7208.944 -13451.135|7211.929 -13448.143|7211.936 -13440.171
72 PRESTWICK CL SE,7145.024 -13451.112|7157.648 -13451.123|7158.648 -13450.123|7158.844 -13436.168|7159.431 -13422.224|7155.230 -13417.743|7145.037 -13417.732
32 PRESTWICK CL SE,7049.590 -13451.079|7049.604 -13417.698|7039.964 -13417.698|7038.964 -13418.688|7038.957 -13448.077|7041.935 -13451.068
36 PRESTWICK CL SE,7059.928 -13451.079|7059.942 -13417.698|7049.604 -13417.698|7049.590 -13451.079
40 PRESTWICK CL SE,7070.267 -13451.090|7070.281 -13417.709|7059.942 -13417.698|7059.928 -13451.079
44 PRESTWICK CL SE,7081.207 -13451.090|7081.214 -13417.709|7070.281 -13417.709|7070.267 -13451.090
56 PRESTWICK CL SE,7112.818 -13451.101|7112.832 -13417.721|7102.493 -13417.721|7102.479 -13451.101
60 PRESTWICK CL SE,7123.751 -13451.101|7123.765 -13417.732|7112.832 -13417.721|7112.818 -13451.101
64 PRESTWICK CL SE,7134.090 -13451.112|7134.104 -13417.732|7123.765 -13417.732|7123.751 -13451.101
68 PRESTWICK CL SE,7145.024 -13451.112|7145.037 -13417.732|7134.104 -13417.732|7134.090 -13451.112
87 ELGIN ESTATES HL SE,7469.137 -15551.963|7471.367 -15549.539|7491.555 -15527.566|7492.639 -15526.377|7484.530 -15518.849|7482.391 -15516.858|7458.847 -15542.478|7468.990 -15552.129
91 ELGIN ESTATES HL SE,7479.399 -15561.503|7481.629 -15559.079|7501.810 -15537.096|7502.901 -15535.917|7492.639 -15526.377|7491.555 -15527.566|7471.367 -15549.539|7469.137 -15551.963|7468.990 -15552.129|7479.252 -15561.670
95 ELGIN ESTATES HL SE,7489.661 -15571.044|7491.884 -15568.620|7512.066 -15546.636|7513.156 -15545.447|7502.901 -15535.917|7501.810 -15537.096|7481.629 -15559.079|7479.399 -15561.503|7479.252 -15561.670|7489.514 -15571.199
99 ELGIN ESTATES HL SE,7489.514 -15571.199|7499.762 -15580.718|7499.902 -15580.562|7502.132 -15578.138|7522.307 -15556.166|7523.404 -15554.965|7515.491 -15547.615|7513.156 -15545.447|7512.066 -15546.636|7491.884 -15568.620|7489.661 -15571.044
103 ELGIN ESTATES HL SE,7507.130 -15587.556|7509.961 -15590.291|7532.548 -15565.684|7533.645 -15564.483|7529.493 -15560.625|7523.404 -15554.965|7522.307 -15556.166|7502.132 -15578.138|7499.902 -15580.562|7499.762 -15580.718
107 ELGIN ESTATES HL SE,7544.557 -15576.837|7545.767 -15575.747|7540.650 -15570.999|7533.645 -15564.483|7532.548 -15565.684|7509.961 -15590.291|7514.456 -15595.095|7518.630 -15600.177
111 ELGIN ESTATES HL SE,7559.671 -15588.679|7551.813 -15581.374|7545.767 -15575.747|7544.557 -15576.837|7518.630 -15600.177|7522.216 -15605.136|7525.494 -15610.295
115 ELGIN ESTATES HL SE,7564.830 -15609.739|7566.018 -15609.361|7562.047 -15592.604|7561.523 -15590.403|7559.671 -15588.679|7525.494 -15610.295|7528.297 -15615.299|7530.807 -15620.459
119 ELGIN ESTATES HL SE,7568.465 -15625.107|7569.674 -15624.818|7566.018 -15609.361|7564.830 -15609.739|7530.807 -15620.459|7533.400 -15626.708|7535.574 -15633.102
123 ELGIN ESTATES HL SE,7539.154 -15646.678|7542.348 -15645.900|7571.701 -15638.761|7572.911 -15638.472|7570.695 -15629.121|7569.674 -15624.818|7568.465 -15625.107|7535.574 -15633.102|7537.252 -15639.306|7539.007 -15646.723
127 ELGIN ESTATES HL SE,7542.397 -15660.344|7545.585 -15659.566|7574.938 -15652.416|7576.140 -15652.127|7572.911 -15638.472|7571.701 -15638.761|7542.348 -15645.900|7539.154 -15646.678|7539.007 -15646.723|7542.243 -15660.378
131 ELGIN ESTATES HL SE,7548.821 -15673.221|7584.983 -15664.436|7580.831 -15658.654|7576.140 -15652.127|7574.938 -15652.416|7545.585 -15659.566|7542.397 -15660.344|7542.243 -15660.378|7545.480 -15674.032
135 ELGIN ESTATES HL SE,7552.065 -15686.887|7593.819 -15676.746|7584.983 -15664.436|7548.821 -15673.221|7545.480 -15674.032|7548.717 -15687.698
139 ELGIN ESTATES HL SE,7593.819 -15676.746|7552.065 -15686.887|7548.717 -15687.698|7551.233 -15698.295|7551.715 -15699.474|7552.429 -15700.497|7553.372 -15701.309|7554.491 -15701.864|7555.714 -15702.120|7557.217 -15701.998|7581.754 -15696.116|7586.794 -15694.792|7591.792 -15693.314|7596.734 -15691.679|7601.628 -15689.889|7602.900 -15689.400
88 ELGIN ESTATES HL SE,7437.386 -15591.670|7458.400 -15568.798|7460.630 -15566.373|7460.748 -15566.240|7449.738 -15555.777|7449.613 -15555.910|7447.383 -15558.345|7426.509 -15581.062|7425.698 -15581.941|7434.877 -15590.881|7436.575 -15592.538
92 ELGIN ESTATES HL SE,7448.263 -15602.267|7469.528 -15579.128|7471.758 -15576.703|7471.877 -15576.581|7460.748 -15566.240|7460.630 -15566.373|7458.400 -15568.798|7437.386 -15591.670|7436.575 -15592.538|7444.901 -15600.655|7447.453 -15603.135
96 ELGIN ESTATES HL SE,7459.134 -15612.864|7480.650 -15589.469|7482.887 -15587.033|7482.999 -15586.911|7471.877 -15576.581|7471.758 -15576.703|7469.528 -15579.128|7448.263 -15602.267|7447.453 -15603.135|7456.379 -15611.830|7458.330 -15613.731
100 ELGIN ESTATES HL SE,7491.353 -15599.409|7493.597 -15596.963|7493.702 -15596.852|7482.999 -15586.911|7482.887 -15587.033|7480.650 -15589.469|7459.134 -15612.864|7458.330 -15613.731|7468.326 -15623.472|7468.669 -15624.061
108 ELGIN ESTATES HL SE,7506.382 -15610.384|7504.054 -15607.460|7501.601 -15604.625|7499.028 -15601.911|7496.344 -15599.309|7493.702 -15596.852|7493.597 -15596.963|7491.353 -15599.409|7468.669 -15624.061|7475.016 -15634.981
116 ELGIN ESTATES HL SE,7516.987 -15628.543|7514.750 -15623.772|7512.233 -15619.147|7509.437 -15614.677|7506.382 -15610.384|7475.016 -15634.981|7477.141 -15638.617|7480.259 -15643.988
120 ELGIN ESTATES HL SE,7519.217 -15647.212|7522.502 -15646.434|7522.586 -15646.412|7521.782 -15643.020|7520.825 -15639.317|7519.699 -15635.670|7518.420 -15632.079|7516.987 -15628.543|7480.259 -15643.988|7486.613 -15654.907
124 ELGIN ESTATES HL SE,7494.477 -15668.673|7522.726 -15662.023|7526.019 -15661.245|7526.102 -15661.234|7522.586 -15646.412|7522.502 -15646.434|7519.217 -15647.212|7486.613 -15654.907|7492.324 -15664.725|7493.324 -15668.951
128 ELGIN ESTATES HL SE,7497.987 -15683.484|7526.235 -15676.835|7529.535 -15676.067|7529.612 -15676.045|7526.102 -15661.234|7526.019 -15661.245|7522.726 -15662.023|7494.477 -15668.673|7493.324 -15668.951|7493.611 -15670.141|7496.833 -15683.762
132 ELGIN ESTATES HL SE,7501.496 -15698.295|7529.751 -15691.657|7533.051 -15690.878|7533.128 -15690.856|7529.612 -15676.045|7529.535 -15676.067|7526.235 -15676.835|7497.987 -15683.484|7496.833 -15683.762|7497.078 -15684.796|7500.342 -15698.573
138 ELGIN ESTATES HL SE,7532.086 -15708.025|7533.484 -15707.446|7534.442 -15706.690|7535.190 -15705.734|7535.686 -15704.611|7535.896 -15703.410|7535.763 -15701.998|7533.128 -15690.856|7533.051 -15690.878|7529.751 -15691.657|7501.496 -15698.295|7500.342 -15698.573|7500.482 -15699.162|7500.881 -15700.841|7504.131 -15714.563
271 MCKENZIE TOWNE DR SE,7475.428 -15777.755|7467.501 -15743.785|7457.456 -15746.187|7465.453 -15779.968
275 MCKENZIE TOWNE DR SE,7486.068 -15775.209|7478.134 -15741.239|7467.501 -15743.785|7475.428 -15777.755
279 MCKENZIE TOWNE DR SE,7496.120 -15772.796|7488.186 -15738.826|7478.134 -15741.239|7486.068 -15775.209
281 MCKENZIE TOWNE DR SE,7506.753 -15770.249|7498.819 -15736.279|7488.186 -15738.826|7496.120 -15772.796
285 MCKENZIE TOWNE DR SE,7514.869 -15768.303|7516.805 -15767.836|7508.794 -15734.044|7508.710 -15733.911|7498.819 -15736.279|7506.753 -15770.249
289 MCKENZIE TOWNE DR SE,7526.857 -15765.435|7518.846 -15731.642|7508.794 -15734.044|7516.805 -15767.836
293 MCKENZIE TOWNE DR SE,7536.910 -15763.022|7528.899 -15729.230|7518.846 -15731.642|7526.857 -15765.435
297 MCKENZIE TOWNE DR SE,7536.910 -15763.022|7547.920 -15760.386|7548.654 -15759.174|7542.027 -15731.220|7541.712 -15730.297|7541.223 -15729.452|7540.573 -15728.718|7539.797 -15728.118|7538.923 -15727.695|7537.979 -15727.439|7537.008 -15727.384|7536.043 -15727.517|7528.899 -15729.230
12 ELGIN VW SE,7553.253 -15800.139|7554.554 -15799.616|7555.441 -15798.971|7556.161 -15798.159|7556.686 -15797.203|7556.993 -15796.147|7557.063 -15795.524|7556.930 -15794.112|7550.499 -15766.958|7549.297 -15766.213|7538.490 -15768.804|7545.613 -15798.882|7546.263 -15801.606|7546.305 -15801.795
16 ELGIN VW SE,7546.305 -15801.795|7546.263 -15801.606|7545.613 -15798.882|7538.490 -15768.804|7527.864 -15771.350|7535.686 -15804.342
20 ELGIN VW SE,7535.686 -15804.342|7527.864 -15771.350|7517.819 -15773.763|7525.641 -15806.755
24 ELGIN VW SE,7525.641 -15806.755|7517.819 -15773.763|7507.780 -15776.165|7515.596 -15809.168|7519.426 -15808.245
28 ELGIN VW SE,7515.596 -15809.168|7507.780 -15776.165|7497.735 -15778.578|7505.557 -15811.569
32 ELGIN VW SE,7505.557 -15811.569|7497.735 -15778.578|7487.103 -15781.124|7494.925 -15814.116
36 ELGIN VW SE,7494.925 -15814.116|7487.103 -15781.124|7477.064 -15783.537|7484.880 -15816.529
40 ELGIN VW SE,7484.880 -15816.529|7477.064 -15783.537|7467.019 -15785.939|7474.792 -15818.741|7474.841 -15818.931
44 ELGIN VW SE,7474.841 -15818.931|7474.792 -15818.741|7467.019 -15785.939|7466.837 -15785.806|7457.050 -15788.152|7464.747 -15821.143|7464.796 -15821.343
48 ELGIN VW SE,7464.796 -15821.343|7464.747 -15821.143|7457.050 -15788.152|7446.425 -15790.698|7454.114 -15823.701|7454.163 -15823.890
52 ELGIN VW SE,7454.163 -15823.890|7454.114 -15823.701|7446.425 -15790.698|7436.380 -15793.100|7444.076 -15826.103|7444.118 -15826.303
56 ELGIN VW SE,7444.118 -15826.303|7444.076 -15826.103|7436.380 -15793.100|7426.341 -15795.502|7434.031 -15828.516|7434.080 -15828.705
60 ELGIN VW SE,7434.080 -15828.705|7434.031 -15828.516|7426.341 -15795.502|7416.303 -15797.915|7423.992 -15830.917|7424.034 -15831.117
64 ELGIN VW SE,7424.034 -15831.117|7423.992 -15830.917|7416.303 -15797.915|7405.670 -15800.461|7413.353 -15833.475|7413.402 -15833.664
68 ELGIN VW SE,7413.402 -15833.664|7413.353 -15833.475|7405.670 -15800.461|7395.632 -15802.863|7403.315 -15835.877|7403.357 -15836.077
72 ELGIN VW SE,7403.357 -15836.077|7403.315 -15835.877|7395.632 -15802.863|7385.587 -15805.265|7393.269 -15838.290|7393.318 -15838.479
76 ELGIN VW SE,7393.318 -15838.479|7393.269 -15838.290|7385.587 -15805.265|7375.548 -15807.678|7383.231 -15840.691|7383.273 -15840.891
80 ELGIN VW SE,7383.273 -15840.891|7383.231 -15840.691|7375.548 -15807.678|7364.916 -15810.224|7372.598 -15843.249|7372.640 -15843.438
84 ELGIN VW SE,7372.640 -15843.438|7372.598 -15843.249|7364.916 -15810.224|7354.878 -15812.626|7362.553 -15845.651|7362.602 -15845.851
88 ELGIN VW SE,7362.602 -15845.851|7362.553 -15845.651|7354.878 -15812.626|7344.259 -15815.172|7351.935 -15848.197|7351.977 -15848.397
92 ELGIN VW SE,7351.977 -15848.397|7351.935 -15848.197|7344.259 -15815.172|7334.221 -15817.574|7341.889 -15850.610|7341.938 -15850.799
96 ELGIN VW SE,7332.529 -15852.867|7333.899 -15852.734|7341.938 -15850.799|7341.889 -15850.610|7334.221 -15817.574|7321.589 -15820.610|7320.876 -15821.799|7328.048 -15848.920|7328.265 -15849.698|7328.607 -15850.421|7329.062 -15851.077|7329.621 -15851.655|7330.264 -15852.133|7330.977 -15852.500|7331.739 -15852.745
27 ELGIN VW SE,7519.993 -15859.483|7526.109 -15858.016|7529.793 -15851.989|7523.341 -15824.768|7522.139 -15824.034|7512.163 -15826.425
31 ELGIN VW SE,7519.993 -15859.483|7512.163 -15826.425|7502.111 -15828.838|7509.940 -15861.885
35 ELGIN VW SE,7509.940 -15861.885|7502.111 -15828.838|7491.479 -15831.384|7499.308 -15864.443
39 ELGIN VW SE,7499.308 -15864.443|7491.479 -15831.384|7481.426 -15833.797|7489.256 -15866.844
43 ELGIN VW SE,7489.256 -15866.844|7481.426 -15833.797|7470.794 -15836.344|7478.623 -15869.391
47 ELGIN VW SE,7478.623 -15869.391|7470.794 -15836.344|7460.741 -15838.757|7468.571 -15871.804
51 ELGIN VW SE,7468.571 -15871.804|7460.741 -15838.757|7450.109 -15841.303|7457.938 -15874.350
55 ELGIN VW SE,7457.938 -15874.350|7450.109 -15841.303|7440.057 -15843.716|7447.893 -15876.763
59 ELGIN VW SE,7447.893 -15876.763|7440.057 -15843.716|7429.424 -15846.262|7437.260 -15879.320
63 ELGIN VW SE,7437.260 -15879.320|7429.424 -15846.262|7419.372 -15848.675|7427.208 -15881.722
67 ELGIN VW SE,7427.208 -15881.722|7419.372 -15848.675|7408.739 -15851.222|7416.576 -15884.280
71 ELGIN VW SE,7416.576 -15884.280|7408.739 -15851.222|7398.687 -15853.634|7406.523 -15886.682
75 ELGIN VW SE,7406.523 -15886.682|7398.687 -15853.634|7388.054 -15856.181|7395.891 -15889.239
79 ELGIN VW SE,7395.891 -15889.239|7388.054 -15856.181|7378.002 -15858.594|7385.838 -15891.641
83 ELGIN VW SE,7385.838 -15891.641|7378.002 -15858.594|7367.370 -15861.140|7375.206 -15894.198
87 ELGIN VW SE,7375.206 -15894.198|7367.370 -15861.140|7357.317 -15863.553|7365.154 -15896.600
91 ELGIN VW SE,7365.154 -15896.600|7357.317 -15863.553|7346.685 -15866.099|7346.734 -15866.300|7354.290 -15898.179|7354.521 -15899.158
95 ELGIN VW SE,7342.931 -15901.938|7354.521 -15899.158|7354.290 -15898.179|7346.734 -15866.300|7346.685 -15866.099|7338.240 -15868.123|7336.933 -15868.646|7336.737 -15868.768|7336.143 -15869.235|7335.633 -15869.780|7335.213 -15870.392|7334.885 -15871.070|7334.668 -15871.781|7334.556 -15872.526|7334.563 -15873.271|7334.682 -15874.016|7341.798 -15900.948
182 ELGIN MR SE,7355.227 -15940.544|7356.618 -15940.411|7364.727 -15938.465|7364.678 -15938.276|7356.744 -15904.784|7344.469 -15907.731|7343.840 -15908.676|7346.126 -15917.316|7350.697 -15936.352|7350.886 -15937.164|7351.215 -15937.931|7351.662 -15938.632|7352.221 -15939.255|7352.878 -15939.766|7353.612 -15940.155|7354.402 -15940.422
186 ELGIN MR SE,7374.780 -15936.063|7366.796 -15902.371|7356.744 -15904.784|7364.678 -15938.276|7364.727 -15938.465
190 ELGIN MR SE,7384.832 -15933.650|7376.849 -15899.969|7366.796 -15902.371|7374.780 -15936.063
194 ELGIN MR SE,7394.884 -15931.237|7386.894 -15897.556|7376.849 -15899.969|7384.832 -15933.650
198 ELGIN MR SE,7405.517 -15928.691|7397.534 -15895.010|7386.894 -15897.556|7394.884 -15931.237
202 ELGIN MR SE,7415.569 -15926.278|7407.579 -15892.597|7397.534 -15895.010|7405.517 -15928.691
206 ELGIN MR SE,7425.621 -15923.865|7417.631 -15890.184|7407.579 -15892.597|7415.569 -15926.278
210 ELGIN MR SE,7435.674 -15921.463|7427.683 -15887.771|7417.631 -15890.184|7425.621 -15923.865
214 ELGIN MR SE,7445.719 -15919.050|7437.736 -15885.369|7427.683 -15887.771|7435.674 -15921.463
218 ELGIN MR SE,7456.351 -15916.504|7448.368 -15882.812|7437.736 -15885.369|7445.719 -15919.050
222 ELGIN MR SE,7466.404 -15914.091|7458.421 -15880.399|7448.368 -15882.812|7456.351 -15916.504
226 ELGIN MR SE,7476.456 -15911.678|7468.473 -15877.997|7458.421 -15880.399|7466.404 -15914.091
230 ELGIN MR SE,7486.508 -15909.265|7478.525 -15875.584|7468.473 -15877.997|7476.456 -15911.678
234 ELGIN MR SE,7496.561 -15906.863|7488.578 -15873.171|7478.525 -15875.584|7486.508 -15909.265
238 ELGIN MR SE,7506.613 -15904.451|7498.630 -15870.770|7488.578 -15873.171|7496.561 -15906.863
242 ELGIN MR SE,7516.665 -15902.038|7508.682 -15868.357|7498.630 -15870.770|7506.613 -15904.451
246 ELGIN MR SE,7527.556 -15899.425|7518.287 -15866.055|7508.682 -15868.357|7516.665 -15902.038
250 ELGIN MR SE,7540.524 -15896.322|7526.732 -15864.031|7518.287 -15866.055|7527.556 -15899.425
254 ELGIN MR SE,7540.524 -15896.322|7551.925 -15893.587|7553.603 -15888.939|7535.672 -15864.709|7530.989 -15863.008|7526.732 -15864.031
181 ELGIN MR SE,7375.472 -15986.991|7367.614 -15954.422|7367.572 -15954.221|7359.519 -15956.156|7358.261 -15956.645|7358.212 -15956.679|7357.073 -15957.613|7356.262 -15958.847|7355.849 -15960.270|7355.877 -15961.749|7361.484 -15989.403|7362.644 -15990.148
185 ELGIN MR SE,7375.472 -15986.991|7385.503 -15984.522|7377.667 -15952.009|7377.625 -15951.820|7367.572 -15954.221|7367.614 -15954.422
189 ELGIN MR SE,7395.541 -15982.053|7387.719 -15949.596|7387.677 -15949.407|7377.625 -15951.820|7377.667 -15952.009|7385.503 -15984.522
193 ELGIN MR SE,7405.580 -15979.585|7397.771 -15947.194|7397.729 -15946.994|7387.677 -15949.407|7387.719 -15949.596|7395.541 -15982.053
197 ELGIN MR SE,7415.611 -15977.116|7407.824 -15944.781|7407.782 -15944.581|7397.729 -15946.994|7397.771 -15947.194|7405.580 -15979.585
201 ELGIN MR SE,7425.649 -15974.648|7417.876 -15942.368|7417.834 -15942.179|7407.782 -15944.581|7407.824 -15944.781|7415.611 -15977.116
205 ELGIN MR SE,7435.681 -15972.179|7427.928 -15939.955|7427.879 -15939.766|7417.834 -15942.179|7417.876 -15942.368|7425.649 -15974.648
209 ELGIN MR SE,7445.719 -15969.711|7437.980 -15937.553|7437.938 -15937.353|7427.879 -15939.766|7427.928 -15939.955|7435.681 -15972.179
213 ELGIN MR SE,7455.750 -15967.242|7448.033 -15935.140|7447.991 -15934.940|7437.938 -15937.353|7437.980 -15937.553|7445.719 -15969.711
217 ELGIN MR SE,7465.789 -15964.774|7458.085 -15932.727|7458.036 -15932.538|7447.991 -15934.940|7448.033 -15935.140|7455.750 -15967.242
221 ELGIN MR SE,7474.450 -15962.650|7475.827 -15962.327|7468.137 -15930.314|7468.088 -15930.125|7458.036 -15932.538|7458.085 -15932.727|7465.789 -15964.774
225 ELGIN MR SE,7485.893 -15959.992|7478.190 -15927.913|7478.141 -15927.712|7468.088 -15930.125|7468.137 -15930.314|7475.827 -15962.327
229 ELGIN MR SE,7495.959 -15957.657|7488.242 -15925.500|7488.193 -15925.300|7478.141 -15927.712|7478.190 -15927.913|7485.893 -15959.992
233 ELGIN MR SE,7497.490 -15957.301|7505.991 -15955.567|7498.294 -15923.087|7498.245 -15922.898|7488.193 -15925.300|7488.242 -15925.500|7495.959 -15957.657
237 ELGIN MR SE,7516.057 -15953.221|7508.298 -15920.485|7498.245 -15922.898|7498.294 -15923.087|7505.991 -15955.567
241 ELGIN MR SE,7526.130 -15950.886|7518.350 -15918.072|7508.298 -15920.485|7516.057 -15953.221
245 ELGIN MR SE,7536.197 -15948.539|7528.402 -15915.659|7518.350 -15918.072|7526.130 -15950.886
249 ELGIN MR SE,7546.263 -15946.204|7538.455 -15913.257|7528.402 -15915.659|7536.197 -15948.539
253 ELGIN MR SE,7557.629 -15943.569|7548.339 -15910.889|7538.455 -15913.257|7546.263 -15946.204
257 ELGIN MR SE,7570.079 -15940.678|7558.084 -15908.542|7548.339 -15910.889|7557.629 -15943.569
261 ELGIN MR SE,7570.079 -15940.678|7580.964 -15938.143|7583.956 -15929.936|7567.136 -15907.219|7565.585 -15906.686|7562.250 -15907.553|7558.084 -15908.542
4450 ELGIN AV SE,7516.693 -15993.696|7516.644 -15993.495|7516.001 -15990.771|7508.948 -15961.026|7498.867 -15963.128|7506.585 -15995.686
4454 ELGIN AV SE,7526.829 -15991.438|7519.070 -15958.680|7508.948 -15961.026|7516.001 -15990.771|7516.644 -15993.495|7516.693 -15993.696
4458 ELGIN AV SE,7537.504 -15989.070|7529.716 -15956.201|7519.070 -15958.680|7526.829 -15991.438
4462 ELGIN AV SE,7547.647 -15986.824|7539.832 -15953.854|7529.716 -15956.201|7537.504 -15989.070
4466 ELGIN AV SE,7557.790 -15984.566|7549.954 -15951.497|7539.832 -15953.854|7547.647 -15986.824
4470 ELGIN AV SE,7567.884 -15982.320|7560.027 -15949.162|7549.954 -15951.497|7557.790 -15984.566
4474 ELGIN AV SE,7578.510 -15979.763|7570.674 -15946.693|7560.027 -15949.162|7567.884 -15982.320|7571.575 -15981.509
4478 ELGIN AV SE,7589.115 -15977.105|7581.320 -15944.214|7570.674 -15946.693|7578.510 -15979.763
4482 ELGIN AV SE,7589.115 -15977.105|7598.468 -15974.759|7599.202 -15973.547|7592.603 -15945.693|7587.807 -15942.713|7581.320 -15944.214
103 ELGIN PT SE,7551.177 -16011.687|7550.317 -16007.728|7549.835 -16006.405|7549.108 -16005.393|7548.150 -16004.593|7547.025 -16004.048|7545.802 -16003.814|7544.396 -16003.914|7511.045 -16011.075|7510.269 -16011.242|7508.137 -16011.720|7507.396 -16012.899|7509.395 -16021.339
107 ELGIN PT SE,7552.736 -16018.837|7551.177 -16011.687|7550.995 -16011.731|7547.857 -16012.454|7509.395 -16021.339|7511.080 -16028.455|7552.547 -16018.881
111 ELGIN PT SE,7550.821 -16026.198|7553.980 -16025.464|7554.169 -16025.419|7552.736 -16018.837|7552.547 -16018.881|7511.080 -16028.455|7512.632 -16035.016
115 ELGIN PT SE,7555.413 -16032.058|7555.602 -16032.013|7554.169 -16025.419|7553.980 -16025.464|7550.821 -16026.198|7512.632 -16035.016|7514.184 -16041.576
119 ELGIN PT SE,7553.666 -16039.386|7556.847 -16038.652|7557.035 -16038.607|7555.602 -16032.013|7555.413 -16032.058|7514.184 -16041.576|7514.631 -16043.466|7515.742 -16048.137
123 ELGIN PT SE,7558.280 -16045.234|7558.461 -16045.201|7557.035 -16038.607|7556.847 -16038.652|7553.666 -16039.386|7515.742 -16048.137|7517.294 -16054.697
127 ELGIN PT SE,7559.594 -16051.862|7559.468 -16050.183|7559.188 -16048.537|7558.461 -16045.201|7558.280 -16045.234|7517.294 -16054.697|7518.846 -16061.258
131 ELGIN PT SE,7558.308 -16059.089|7558.909 -16057.344|7559.321 -16055.542|7559.552 -16053.707|7559.594 -16051.862|7518.846 -16061.258|7519.783 -16065.216|7520.398 -16067.818
135 ELGIN PT SE,7520.398 -16067.818|7522.083 -16074.935|7555.833 -16067.195|7556.057 -16065.094|7556.637 -16062.870|7557.539 -16060.757|7558.308 -16059.089
139 ELGIN PT SE,7557.350 -16074.356|7556.644 -16072.655|7556.147 -16070.876|7555.875 -16069.041|7555.833 -16067.195|7522.083 -16074.935|7523.775 -16082.040
143 ELGIN PT SE,7560.335 -16081.217|7561.635 -16079.627|7560.342 -16078.504|7559.188 -16077.236|7558.189 -16075.846|7557.350 -16074.356|7523.775 -16082.040|7525.466 -16089.212
147 ELGIN PT SE,7525.466 -16089.212|7527.158 -16096.340|7560.048 -16088.812|7567.982 -16082.485|7566.284 -16082.062|7564.641 -16081.439|7563.089 -16080.617|7561.635 -16079.627|7560.335 -16081.217
151 ELGIN PT SE,7567.982 -16082.485|7560.048 -16088.812|7527.158 -16096.340|7529.570 -16106.536|7574.015 -16094.316|7578.482 -16093.082|7575.385 -16081.984|7574.239 -16082.318|7572.610 -16082.618|7570.953 -16082.740|7569.464 -16082.685
104 ELGIN PT SE,7567.025 -16008.762|7570.338 -16007.973|7605.207 -15999.700|7603.312 -15991.694|7602.348 -15991.094|7602.110 -15990.949|7575.001 -15997.120|7569.625 -15998.310|7568.311 -15998.799|7567.304 -15999.533|7566.507 -16000.490|7565.976 -16001.624|7565.738 -16002.847|7565.836 -16004.259|7566.829 -16008.807
108 ELGIN PT SE,7606.793 -16006.394|7605.207 -15999.700|7570.338 -16007.973|7567.025 -16008.762|7566.829 -16008.807|7568.290 -16015.534
112 ELGIN PT SE,7608.380 -16013.099|7606.793 -16006.394|7568.290 -16015.534|7569.751 -16022.262
116 ELGIN PT SE,7609.967 -16019.793|7608.380 -16013.099|7569.751 -16022.262|7571.212 -16028.989
120 ELGIN PT SE,7611.561 -16026.487|7609.967 -16019.793|7571.212 -16028.989|7572.680 -16035.716
124 ELGIN PT SE,7613.148 -16033.192|7611.561 -16026.487|7572.680 -16035.716|7574.141 -16042.443
128 ELGIN PT SE,7614.735 -16039.886|7613.148 -16033.192|7574.141 -16042.443|7575.141 -16047.036|7575.735 -16049.137
132 ELGIN PT SE,7616.321 -16046.580|7614.735 -16039.886|7575.735 -16049.137|7576.504 -16051.017|7577.804 -16053.285|7579.419 -16055.342
136 ELGIN PT SE,7617.908 -16053.285|7616.321 -16046.580|7579.419 -16055.342|7580.670 -16056.587|7581.719 -16057.622|7582.655 -16058.767|7583.473 -16059.990|7584.172 -16061.291
140 ELGIN PT SE,7619.495 -16059.979|7617.908 -16053.285|7584.172 -16061.291|7584.829 -16062.892|7585.291 -16064.571|7585.556 -16066.284|7585.626 -16068.018
144 ELGIN PT SE,7621.082 -16066.684|7619.495 -16059.979|7585.626 -16068.018|7585.535 -16069.453|7585.305 -16070.876|7584.941 -16072.266|7584.445 -16073.611|7588.863 -16074.323
148 ELGIN PT SE,7622.676 -16073.400|7621.082 -16066.684|7588.863 -16074.323|7584.445 -16073.611|7583.250 -16075.880|7581.684 -16077.915|7592.645 -16080.528
152 ELGIN PT SE,7575.385 -16081.984|7578.482 -16093.082|7582.655 -16091.936|7624.402 -16080.461|7622.676 -16073.400|7592.645 -16080.528|7581.684 -16077.915|7580.621 -16078.960|7579.454 -16079.905|7578.028 -16080.817|7576.511 -16081.562
203 ELGIN PT SE,7649.764 -15989.437|7648.778 -15985.267|7648.457 -15984.344|7647.967 -15983.499|7647.324 -15982.765|7646.548 -15982.176|7645.674 -15981.742|7644.731 -15981.497|7643.759 -15981.431|7642.794 -15981.564|7633.148 -15983.877|7609.862 -15989.181|7609.128 -15990.371|7610.995 -15998.266
207 ELGIN PT SE,7651.330 -15996.031|7649.764 -15989.437|7610.995 -15998.266|7612.561 -16004.871
211 ELGIN PT SE,7652.903 -16002.669|7651.330 -15996.031|7612.561 -16004.871|7614.133 -16011.498
215 ELGIN PT SE,7654.469 -16009.296|7652.903 -16002.669|7614.133 -16011.498|7615.706 -16018.125
219 ELGIN PT SE,7656.041 -16015.923|7654.469 -16009.296|7615.706 -16018.125|7617.272 -16024.752
223 ELGIN PT SE,7657.572 -16022.573|7657.321 -16021.339|7656.041 -16015.923|7617.272 -16024.752|7618.845 -16031.391
227 ELGIN PT SE,7657.342 -16029.612|7657.656 -16027.866|7657.803 -16026.098|7657.775 -16024.330|7657.572 -16022.573|7618.845 -16031.391|7620.418 -16038.018
231 ELGIN PT SE,7654.958 -16037.139|7655.419 -16035.049|7656.167 -16033.036|7656.838 -16031.346|7657.342 -16029.612|7620.418 -16038.018|7621.991 -16044.645
235 ELGIN PT SE,7655.587 -16044.111|7655.126 -16042.410|7654.860 -16040.664|7654.804 -16038.896|7654.958 -16037.139|7621.991 -16044.645|7623.592 -16051.395
239 ELGIN PT SE,7659.579 -16050.305|7658.299 -16048.959|7657.195 -16047.458|7656.286 -16045.835|7655.587 -16044.111|7623.592 -16051.395|7625.185 -16058.144
243 ELGIN PT SE,7665.863 -16053.796|7664.143 -16053.218|7662.508 -16052.440|7660.977 -16051.461|7659.579 -16050.305|7625.185 -16058.144|7626.779 -16064.871|7663.004 -16056.621
247 ELGIN PT SE,7673.126 -16053.897|7671.323 -16054.208|7669.491 -16054.297|7667.660 -16054.152|7665.863 -16053.796|7663.004 -16056.621|7626.779 -16064.871|7627.744 -16068.930|7633.092 -16072.121|7674.951 -16060.602
204 ELGIN PT SE,7664.220 -15981.486|7665.157 -15985.434|7665.353 -15985.378|7699.012 -15976.116|7696.355 -15968.098|7695.104 -15967.465|7692.266 -15968.376|7680.089 -15972.102|7667.806 -15975.493|7666.520 -15976.027|7665.555 -15976.783|7664.800 -15977.750|7664.304 -15978.873|7664.094 -15980.074
208 ELGIN PT SE,7701.116 -15982.487|7699.012 -15976.116|7665.157 -15985.434|7666.702 -15991.961
212 ELGIN PT SE,7703.227 -15988.859|7701.116 -15982.487|7666.702 -15991.961|7668.247 -15998.477
216 ELGIN PT SE,7705.331 -15995.230|7703.227 -15988.859|7668.247 -15998.477|7669.799 -16005.004
220 ELGIN PT SE,7707.442 -16001.590|7705.331 -15995.230|7669.799 -16005.004|7671.344 -16011.531
224 ELGIN PT SE,7709.546 -16007.962|7707.442 -16001.590|7671.344 -16011.531|7672.819 -16017.747|7672.888 -16018.047
228 ELGIN PT SE,7711.651 -16014.333|7709.546 -16007.962|7672.888 -16018.047|7673.392 -16019.682|7674.042 -16021.261|7674.846 -16022.773|7675.782 -16024.207
232 ELGIN PT SE,7713.762 -16020.705|7711.651 -16014.333|7675.782 -16024.207|7677.292 -16026.020|7679.026 -16027.610|7680.131 -16028.589|7681.130 -16029.678
236 ELGIN PT SE,7715.943 -16027.288|7713.762 -16020.705|7681.130 -16029.678|7682.186 -16031.113|7683.067 -16032.658|7683.752 -16034.304|7684.248 -16036.016
240 ELGIN PT SE,7718.117 -16033.881|7715.943 -16027.288|7684.248 -16036.016|7684.535 -16037.818|7684.604 -16039.641|7684.458 -16041.454|7684.087 -16043.244
244 ELGIN PT SE,7720.235 -16040.275|7718.117 -16033.881|7684.087 -16043.244|7683.486 -16045.023|7682.661 -16046.713|7681.641 -16048.292|7680.424 -16049.716|7682.493 -16050.661
248 ELGIN PT SE,7674.951 -16060.602|7718.306 -16048.670|7721.207 -16043.211|7720.235 -16040.275|7682.493 -16050.661|7680.424 -16049.716|7678.844 -16051.150|7677.076 -16052.340|7675.160 -16053.263|7673.126 -16053.897
182 ELGIN RI SE,7564.774 -15827.170|7564.550 -15826.269|7562.921 -15819.386|7562.607 -15818.463|7562.117 -15817.618|7561.474 -15816.885|7560.698 -15816.295|7559.817 -15815.862|7558.881 -15815.617|7557.902 -15815.561|7556.937 -15815.695|7529.877 -15822.177|7529.136 -15823.378|7531.925 -15835.132
186 ELGIN RI SE,7534.722 -15846.929|7567.996 -15837.678|7566.235 -15832.474|7564.774 -15827.170|7531.925 -15835.132|7534.190 -15845.006
190 ELGIN RI SE,7538.608 -15858.638|7572.386 -15847.808|7570.052 -15842.804|7567.996 -15837.678|7534.722 -15846.929|7535.253 -15848.853|7536.973 -15856.425
194 ELGIN RI SE,7577.923 -15857.448|7575.015 -15852.700|7572.386 -15847.808|7538.608 -15858.638|7546.347 -15869.091
198 ELGIN RI SE,7584.522 -15866.544|7582.145 -15863.442|7579.978 -15860.484|7577.923 -15857.448|7546.347 -15869.091|7553.987 -15879.409
202 ELGIN RI SE,7553.987 -15879.409|7561.929 -15890.140|7563.473 -15890.651|7567.248 -15889.395|7570.960 -15887.949|7574.588 -15886.315|7578.139 -15884.513|7587.227 -15879.621|7588.108 -15879.009|7588.849 -15878.220|7589.394 -15877.297|7589.737 -15876.274|7589.849 -15875.195|7589.723 -15874.128|7589.380 -15873.105|7588.821 -15872.182|7584.522 -15866.544
210 ELGIN RI SE,7610.149 -15900.125|7604.759 -15893.064|7604.172 -15892.419|7603.480 -15891.885|7602.704 -15891.485|7601.865 -15891.229|7600.998 -15891.118|7600.132 -15891.163|7599.279 -15891.363|7598.475 -15891.708|7585.647 -15898.613|7580.104 -15901.370|7574.400 -15903.772|7573.729 -15906.074|7580.335 -15915.003
214 ELGIN RI SE,7616.944 -15909.021|7610.149 -15900.125|7580.335 -15915.003|7586.521 -15923.354
218 ELGIN RI SE,7623.864 -15918.161|7622.368 -15916.137|7616.944 -15909.021|7586.521 -15923.354|7592.694 -15931.693
222 ELGIN RI SE,7630.561 -15929.314|7629.058 -15926.434|7627.436 -15923.609|7625.703 -15920.852|7623.864 -15918.161|7592.694 -15931.693|7596.692 -15937.097|7597.433 -15940.222
226 ELGIN RI SE,7635.147 -15940.556|7634.706 -15939.266|7632.798 -15934.229|7630.561 -15929.314|7597.433 -15940.222|7599.901 -15950.641
230 ELGIN RI SE,7638.950 -15951.708|7635.147 -15940.556|7599.901 -15950.641|7602.403 -15961.171
234 ELGIN RI SE,7602.403 -15961.171|7604.990 -15972.090|7606.185 -15972.824|7629.170 -15967.053|7637.726 -15965.007|7638.705 -15964.663|7639.586 -15964.118|7640.341 -15963.406|7640.928 -15962.550|7641.333 -15961.594|7641.529 -15960.582|7641.508 -15959.536|7641.277 -15958.525|7638.950 -15951.708
151 ELGIN RI SE,7593.526 -15727.395|7590.687 -15715.441|7589.492 -15714.696|7562.432 -15721.190|7561.509 -15721.513|7560.663 -15722.002|7559.936 -15722.658|7559.349 -15723.436|7558.923 -15724.315|7558.671 -15725.260|7558.615 -15726.238|7558.748 -15727.206|7560.663 -15735.279
155 ELGIN RI SE,7596.056 -15738.092|7593.526 -15727.395|7560.663 -15735.279|7563.194 -15745.976
159 ELGIN RI SE,7598.594 -15748.789|7596.056 -15738.092|7563.194 -15745.976|7565.731 -15756.661
163 ELGIN RI SE,7601.124 -15759.475|7598.594 -15748.789|7565.731 -15756.661|7568.262 -15767.358
167 ELGIN RI SE,7603.662 -15770.172|7601.124 -15759.475|7568.262 -15767.358|7570.799 -15778.055
171 ELGIN RI SE,7606.199 -15780.868|7603.662 -15770.172|7570.799 -15778.055|7573.330 -15788.741
175 ELGIN RI SE,7608.730 -15791.565|7606.199 -15780.868|7573.330 -15788.741|7575.868 -15799.438
179 ELGIN RI SE,7611.128 -15801.673|7608.730 -15791.565|7575.868 -15799.438|7578.265 -15809.557
183 ELGIN RI SE,7613.567 -15811.970|7611.128 -15801.673|7578.265 -15809.557|7580.964 -15820.954
187 ELGIN RI SE,7615.755 -15821.210|7613.567 -15811.970|7580.964 -15820.954|7581.278 -15822.255|7582.047 -15825.257|7582.935 -15828.226|7583.928 -15831.162|7585.039 -15834.053
191 ELGIN RI SE,7619.754 -15828.504|7616.468 -15824.201|7615.755 -15821.210|7585.039 -15834.053|7586.437 -15837.322|7587.982 -15840.513|7589.660 -15843.638|7591.477 -15846.685
195 ELGIN RI SE,7625.794 -15836.421|7619.754 -15828.504|7591.477 -15846.685|7593.560 -15849.843|7595.783 -15852.912|7598.992 -15857.115
199 ELGIN RI SE,7632.449 -15845.150|7625.794 -15836.421|7598.992 -15857.115|7605.654 -15865.833
203 ELGIN RI SE,7638.740 -15853.390|7632.449 -15845.150|7605.654 -15865.833|7611.945 -15874.083
207 ELGIN RI SE,7645.388 -15862.096|7638.740 -15853.390|7611.945 -15874.083|7618.586 -15882.790
211 ELGIN RI SE,7652.043 -15870.825|7645.388 -15862.096|7618.586 -15882.790|7625.241 -15891.507
215 ELGIN RI SE,7658.698 -15879.543|7652.043 -15870.825|7625.241 -15891.507|7631.896 -15900.236|7632.127 -15900.058
219 ELGIN RI SE,7631.896 -15900.236|7636.007 -15905.607|7638.481 -15909.010|7665.080 -15888.472|7669.526 -15883.702|7662.808 -15874.895|7658.698 -15879.543|7632.127 -15900.058
3 ELGIN ESTATES CV SE,7672.609 -15638.772|7676.579 -15633.680|7680.354 -15628.420|7680.774 -15627.686|7681.053 -15626.897|7681.200 -15626.063|7681.207 -15625.218|7681.074 -15624.384|7680.802 -15623.594|7680.396 -15622.849|7679.872 -15622.193|7678.809 -15621.282|7654.280 -15606.648|7652.847 -15606.103|7651.295 -15605.992|7649.785 -15606.359|7648.464 -15607.193|7647.471 -15608.394|7641.515 -15618.491|7641.676 -15618.591
7 ELGIN ESTATES CV SE,7672.609 -15638.772|7641.515 -15618.491|7635.503 -15628.676|7634.420 -15630.844|7658.320 -15654.295|7662.074 -15650.593|7665.709 -15646.756|7669.218 -15642.820
11 ELGIN ESTATES CV SE,7658.320 -15654.295|7634.420 -15630.844|7633.756 -15632.212|7632.966 -15633.502|7632.043 -15634.714|7631.008 -15635.826|7629.869 -15636.815|7628.632 -15637.694|7627.311 -15638.439|7625.919 -15639.039|7637.845 -15671.019|7643.207 -15667.149|7648.415 -15663.069|7653.455 -15658.776
15 ELGIN ESTATES CV SE,7637.845 -15671.019|7625.919 -15639.039|7623.724 -15639.684|7621.459 -15639.973|7619.174 -15639.918|7616.923 -15639.506|7604.032 -15689.088|7608.471 -15687.265|7612.854 -15685.308|7617.188 -15683.228|7621.452 -15681.027|7625.661 -15678.703|7629.792 -15676.267|7633.854 -15673.699
19 ELGIN ESTATES CV SE,7602.900 -15689.400|7604.032 -15689.088|7616.923 -15639.506|7614.749 -15638.750|7612.721 -15637.672|7610.883 -15636.293|7609.275 -15634.647|7580.831 -15658.654|7584.983 -15664.436|7593.819 -15676.746
23 ELGIN ESTATES CV SE,7609.275 -15634.647|7607.940 -15632.768|7606.905 -15630.711|7606.199 -15628.520|7605.836 -15626.241|7570.695 -15629.121|7572.911 -15638.472|7576.140 -15652.127|7580.831 -15658.654
27 ELGIN ESTATES CV SE,7605.836 -15626.241|7605.822 -15623.939|7606.157 -15621.660|7606.835 -15619.469|7607.849 -15617.390|7576.888 -15599.131|7566.018 -15609.361|7569.674 -15624.818|7570.695 -15629.121
31 ELGIN ESTATES CV SE,7623.976 -15609.028|7589.366 -15587.345|7576.888 -15599.131|7607.849 -15617.401|7608.828 -15615.922|7609.981 -15614.576|7611.281 -15613.376|7612.721 -15612.341|7614.266 -15611.474|7615.902 -15610.807|7617.608 -15610.340|7619.355 -15610.073|7621.704 -15609.706
35 ELGIN ESTATES CV SE,7623.976 -15609.028|7625.381 -15608.439|7626.730 -15607.727|7628.010 -15606.904|7629.219 -15605.970|7630.344 -15604.947|7631.379 -15603.824|7632.316 -15602.612|7633.148 -15601.333|7633.812 -15600.210|7634.224 -15599.332|7634.455 -15598.386|7634.504 -15597.419|7634.364 -15596.452|7634.035 -15595.540|7633.546 -15594.706|7632.903 -15593.983|7632.134 -15593.394|7625.095 -15588.935|7618.174 -15584.298|7611.379 -15579.472|7604.717 -15574.468|7603.788 -15573.712|7603.641 -15573.846|7601.215 -15576.136|7589.366 -15587.345
104 ELGIN ESTATES PA SE,7710.343 -15580.840|7696.376 -15571.967|7695.768 -15573.001|7680.166 -15599.454|7678.502 -15602.267|7678.404 -15602.445|7687.659 -15607.960|7688.918 -15608.527|7690.120 -15608.683|7691.329 -15608.539|7692.469 -15608.105|7693.468 -15607.404|7694.391 -15606.326
108 ELGIN ESTATES PA SE,7678.404 -15602.445|7678.502 -15602.267|7680.166 -15599.454|7695.768 -15573.001|7696.376 -15571.967|7695.559 -15571.511|7684.059 -15564.150|7667.646 -15591.982|7665.982 -15594.806|7665.877 -15594.973
112 ELGIN ESTATES PA SE,7665.877 -15594.973|7665.982 -15594.806|7667.646 -15591.982|7684.059 -15564.150|7682.277 -15562.993|7672.441 -15556.255|7671.833 -15557.278|7655.601 -15584.798|7653.937 -15587.612|7653.832 -15587.790
116 ELGIN ESTATES PA SE,7653.937 -15587.612|7655.601 -15584.798|7671.833 -15557.278|7672.441 -15556.255|7669.218 -15554.120|7661.026 -15548.493|7660.396 -15549.505|7641.354 -15580.328|7644.046 -15581.952|7653.832 -15587.790
120 ELGIN ESTATES PA SE,7628.751 -15572.178|7635.000 -15576.337|7641.354 -15580.328|7660.396 -15549.505|7661.026 -15548.493|7655.650 -15544.902|7649.806 -15540.865|7649.135 -15541.855
124 ELGIN ESTATES PA SE,7617.349 -15564.005|7623.004 -15568.164|7628.751 -15572.178|7649.135 -15541.855|7649.806 -15540.865|7642.599 -15536.028|7638.209 -15532.971|7637.538 -15533.971
128 ELGIN ESTATES PA SE,7605.339 -15554.453|7611.281 -15559.301|7617.349 -15564.005|7638.209 -15532.971|7629.540 -15527.155|7627.185 -15525.476|7626.458 -15526.443
132 ELGIN ESTATES PA SE,7618.516 -15519.594|7616.231 -15517.526|7615.923 -15517.181|7594.798 -15545.202|7600.020 -15549.894|7605.339 -15554.453|7626.458 -15526.443|7627.185 -15525.476
136 ELGIN ESTATES PA SE,7594.924 -15545.035|7615.923 -15517.181|7605.619 -15507.607|7604.899 -15508.552|7584.620 -15535.461|7584.494 -15535.628|7593.840 -15544.312|7594.798 -15545.202
140 ELGIN ESTATES PA SE,7604.466 -15506.584|7593.826 -15496.643|7574.190 -15525.776|7574.078 -15525.943|7584.494 -15535.628|7584.620 -15535.461|7604.899 -15508.552|7605.619 -15507.607
144 ELGIN ESTATES PA SE,7564.914 -15512.466|7564.830 -15512.622|7564.396 -15514.134|7564.459 -15515.702|7564.997 -15517.181|7565.962 -15518.415|7574.078 -15525.943|7574.190 -15525.776|7593.826 -15496.643|7592.708 -15495.665|7579.803 -15483.611|7579.796 -15483.600|7579.775 -15483.578|7579.642 -15483.455
129 ELGIN ESTATES PA SE,7576.888 -15599.131|7589.366 -15587.345|7601.215 -15576.136|7603.641 -15573.846|7603.788 -15573.712|7602.809 -15572.978|7597.559 -15568.742|7592.400 -15564.394|7562.047 -15592.604|7566.018 -15609.361
133 ELGIN ESTATES PA SE,7583.054 -15556.055|7581.048 -15554.198|7580.908 -15554.331|7552.687 -15580.562|7551.813 -15581.374|7559.671 -15588.679|7561.523 -15590.403|7562.047 -15592.604|7592.400 -15564.394
137 ELGIN ESTATES PA SE,7545.767 -15575.747|7551.813 -15581.374|7552.687 -15580.562|7580.908 -15554.331|7581.048 -15554.198|7569.884 -15543.823|7569.737 -15543.957|7541.523 -15570.187|7540.650 -15570.999
141 ELGIN ESTATES PA SE,7533.645 -15564.483|7540.650 -15570.999|7541.523 -15570.187|7569.737 -15543.957|7569.884 -15543.823|7561.062 -15535.617|7559.824 -15534.572|7558.510 -15533.649|7530.360 -15559.824|7529.493 -15560.625
145 ELGIN ESTATES PA SE,7523.404 -15554.965|7529.493 -15560.625|7530.360 -15559.824|7558.510 -15533.649|7556.707 -15532.626|7554.805 -15531.825|7552.394 -15530.791|7550.171 -15529.401|7548.164 -15527.711|7546.431 -15525.732|7515.491 -15547.615
149 ELGIN ESTATES PA SE,7546.431 -15525.732|7545.151 -15523.797|7544.138 -15521.718|7543.397 -15519.516|7542.942 -15517.236|7486.103 -15517.070|7484.530 -15518.849|7492.639 -15526.377|7502.901 -15535.917|7513.156 -15545.447|7515.491 -15547.615
153 ELGIN ESTATES PA SE,7510.157 -15489.671|7486.103 -15517.070|7542.942 -15517.236|7542.789 -15514.401|7543.082 -15511.577|7543.816 -15508.830|7544.977 -15506.228
157 ELGIN ESTATES PA SE,7510.157 -15489.671|7544.977 -15506.228|7546.137 -15504.371|7547.521 -15502.659|7549.094 -15501.135|7550.849 -15499.823|7552.589 -15498.511|7554.155 -15496.999|7555.532 -15495.309|7556.693 -15493.463|7522.335 -15475.805|7512.904 -15486.536
161 ELGIN ESTATES PA SE,7529.842 -15467.254|7522.335 -15475.805|7556.693 -15493.463|7556.958 -15492.963|7563.872 -15479.330|7563.676 -15479.230|7560.747 -15477.718|7532.023 -15462.951
165 ELGIN ESTATES PA SE,7532.023 -15462.951|7560.747 -15477.718|7563.676 -15479.230|7563.872 -15479.330|7570.779 -15465.698|7570.597 -15465.609|7567.668 -15464.107|7538.937 -15449.330
169 ELGIN ESTATES PA SE,7577.986 -15451.531|7577.853 -15451.465|7546.123 -15435.186|7538.937 -15449.330|7567.668 -15464.107|7570.597 -15465.609|7570.779 -15465.698
329 MCKENZIE TOWNE DR SE,7660.844 -15723.314|7644.311 -15693.881|7639.705 -15696.405|7635.035 -15698.818|7650.232 -15729.719
333 MCKENZIE TOWNE DR SE,7670.896 -15717.254|7652.847 -15688.721|7648.610 -15691.357|7644.311 -15693.881|7660.844 -15723.314
337 MCKENZIE TOWNE DR SE,7681.508 -15710.849|7661.543 -15682.817|7657.237 -15685.830|7652.847 -15688.721|7670.896 -15717.254
341 MCKENZIE TOWNE DR SE,7690.945 -15702.787|7669.903 -15676.434|7665.765 -15679.681|7661.543 -15682.817|7681.508 -15710.849
345 MCKENZIE TOWNE DR SE,7700.354 -15694.748|7677.894 -15669.607|7673.944 -15673.076|7669.903 -15676.434|7690.945 -15702.787
349 MCKENZIE TOWNE DR SE,7709.735 -15686.731|7685.520 -15662.324|7681.759 -15666.015|7677.894 -15669.607|7700.354 -15694.748
353 MCKENZIE TOWNE DR SE,7717.593 -15677.035|7692.755 -15654.607|7689.190 -15658.521|7685.520 -15662.324|7709.735 -15686.731
357 MCKENZIE TOWNE DR SE,7725.408 -15667.383|7699.550 -15646.501|7696.209 -15650.604|7692.755 -15654.607|7717.593 -15677.035
361 MCKENZIE TOWNE DR SE,7734.782 -15655.819|7734.551 -15654.540|7710.092 -15639.940|7709.085 -15639.529|7708.757 -15639.429|7707.310 -15639.273|7705.883 -15639.551|7704.597 -15640.229|7703.563 -15641.263|7699.550 -15646.501|7725.408 -15667.383
313 MCKENZIE TOWNE DR SE,7613.043 -15743.629|7615.657 -15743.062|7605.773 -15710.449|7597.272 -15712.673|7596.538 -15713.896|7603.130 -15741.739|7608.471 -15744.908
317 MCKENZIE TOWNE DR SE,7627.164 -15738.614|7615.748 -15707.113|7610.785 -15708.848|7605.773 -15710.449|7615.657 -15743.062
321 MCKENZIE TOWNE DR SE,7638.677 -15734.178|7625.507 -15703.232|7620.656 -15705.234|7615.748 -15707.113|7627.164 -15738.614
325 MCKENZIE TOWNE DR SE,7650.232 -15729.719|7635.035 -15698.818|7630.302 -15701.086|7625.507 -15703.232|7638.677 -15734.178
112 PRESTWICK MR SE,6960.503 -13787.633|6960.496 -13812.140|6960.929 -13812.574|6996.721 -13779.793|6995.686 -13778.748|6994.763 -13777.614|6993.952 -13776.402|6993.260 -13775.112|6992.701 -13773.756|6992.275 -13772.355|6991.988 -13770.920|6991.841 -13769.463
116 PRESTWICK MR SE,6991.841 -13769.463|6991.841 -13768.007|6991.974 -13766.561|6992.247 -13765.138|6992.652 -13763.748|6993.386 -13761.313|6993.910 -13758.811|6960.517 -13762.714|6960.503 -13787.633
120 PRESTWICK MR SE,6993.910 -13758.811|6994.211 -13756.365|6994.316 -13753.896|6994.316 -13747.058|6960.517 -13747.047|6960.517 -13762.714
124 PRESTWICK MR SE,6994.316 -13747.058|6994.323 -13735.460|6960.524 -13735.449|6960.517 -13747.035
128 PRESTWICK MR SE,6994.323 -13735.460|6994.323 -13723.217|6960.531 -13723.206|6960.524 -13735.449
132 PRESTWICK MR SE,6994.323 -13723.217|6994.330 -13710.975|6960.531 -13710.964|6960.531 -13723.206
136 PRESTWICK MR SE,6994.330 -13710.975|6994.337 -13698.732|6960.538 -13698.721|6960.531 -13710.964
140 PRESTWICK MR SE,6994.337 -13698.732|6994.337 -13687.146|6960.538 -13687.124|6960.538 -13698.721
144 PRESTWICK MR SE,6994.337 -13687.146|6994.344 -13674.903|6960.545 -13674.881|6960.538 -13687.124
148 PRESTWICK MR SE,6994.351 -13662.661|6960.552 -13662.638|6960.545 -13674.881|6994.344 -13674.903
152 PRESTWICK MR SE,6994.351 -13662.661|6994.351 -13650.418|6960.552 -13650.396|6960.552 -13662.638
156 PRESTWICK MR SE,6994.358 -13638.821|6960.559 -13638.809|6960.552 -13650.396|6994.351 -13650.418
160 PRESTWICK MR SE,6994.365 -13627.101|6960.566 -13622.664|6960.566 -13627.757|6960.559 -13638.809|6994.358 -13638.821
164 PRESTWICK MR SE,6995.966 -13617.282|6965.921 -13599.424|6962.684 -13602.682|6960.573 -13607.797|6960.566 -13622.664|6994.365 -13627.101|6994.365 -13618.883
168 PRESTWICK MR SE,6995.966 -13617.282|7002.802 -13610.410|7002.809 -13604.050|6982.782 -13583.901|6981.376 -13583.901|6965.921 -13599.424
119 PRESTWICK MR SE,7010.219 -13749.949|7010.219 -13760.690|7014.686 -13765.182|7042.361 -13765.194|7043.354 -13764.204|7043.361 -13749.960
123 PRESTWICK MR SE,7043.361 -13749.960|7043.368 -13737.717|7010.226 -13737.706|7010.219 -13749.949
127 PRESTWICK MR SE,7043.368 -13737.717|7043.368 -13725.475|7010.233 -13725.464|7010.226 -13737.706
131 PRESTWICK MR SE,7043.368 -13725.475|7043.375 -13713.232|7010.233 -13713.221|7010.233 -13725.464
135 PRESTWICK MR SE,7043.375 -13713.232|7043.382 -13700.990|7010.240 -13700.978|7010.233 -13713.221
139 PRESTWICK MR SE,7043.382 -13700.990|7043.389 -13688.747|7010.247 -13688.736|7010.240 -13700.978
143 PRESTWICK MR SE,7043.389 -13688.747|7043.389 -13676.504|7010.247 -13676.493|7010.247 -13688.736
147 PRESTWICK MR SE,7043.389 -13676.504|7043.396 -13663.661|7010.254 -13663.650|7010.247 -13676.493
151 PRESTWICK MR SE,7043.403 -13652.620|7010.261 -13647.716|7010.254 -13663.650|7043.396 -13663.661
159 PRESTWICK MR SE,7046.723 -13645.303|7010.268 -13628.201|7010.261 -13647.716|7043.403 -13652.620|7043.403 -13648.639
167 PRESTWICK MR SE,7052.344 -13639.654|7023.648 -13612.078|7010.268 -13625.522|7010.268 -13628.201|7046.723 -13645.303
175 PRESTWICK MR SE,7058.370 -13634.262|7041.844 -13600.269|7035.406 -13600.269|7023.648 -13612.078|7052.344 -13639.654|7057.712 -13634.262
183 PRESTWICK MR SE,7066.849 -13634.262|7062.389 -13600.280|7041.844 -13600.269|7058.370 -13634.262
191 PRESTWICK MR SE,7078.020 -13634.262|7078.034 -13600.291|7062.389 -13600.280|7066.849 -13634.262
199 PRESTWICK MR SE,7090.910 -13634.273|7090.924 -13600.291|7078.034 -13600.291|7078.020 -13634.262
203 PRESTWICK MR SE,7103.689 -13634.273|7103.703 -13600.291|7093.937 -13600.291|7090.924 -13600.291|7090.910 -13634.273|7093.986 -13634.273
207 PRESTWICK MR SE,7116.460 -13634.106|7116.474 -13600.303|7103.703 -13600.291|7103.689 -13634.273|7107.925 -13634.273
211 PRESTWICK MR SE,7129.232 -13633.861|7129.246 -13600.303|7116.474 -13600.303|7116.460 -13634.106
215 PRESTWICK MR SE,7142.011 -13633.605|7142.025 -13600.314|7129.246 -13600.303|7129.232 -13633.861
219 PRESTWICK MR SE,7154.782 -13633.361|7154.796 -13600.314|7142.025 -13600.314|7142.011 -13633.605
223 PRESTWICK MR SE,7167.554 -13633.305|7167.568 -13600.325|7154.796 -13600.314|7154.782 -13633.361|7157.795 -13633.294
227 PRESTWICK MR SE,7180.927 -13633.305|7180.941 -13600.325|7167.568 -13600.325|7167.554 -13633.305
231 PRESTWICK MR SE,7194.299 -13633.316|7194.313 -13600.336|7180.941 -13600.325|7180.927 -13633.305
235 PRESTWICK MR SE,7194.299 -13633.316|7208.462 -13633.316|7209.455 -13632.316|7209.469 -13604.839|7204.995 -13600.336|7194.313 -13600.336
176 PRESTWICK MR SE,7026.773 -13586.337|7012.051 -13553.089|6994.029 -13571.192|6994.029 -13572.604|7014.057 -13592.752|7020.383 -13592.752
180 PRESTWICK MR SE,7036.909 -13584.279|7033.428 -13550.298|7017.818 -13550.298|7012.722 -13552.411|7012.051 -13553.089|7026.773 -13586.337|7028.821 -13584.279
184 PRESTWICK MR SE,7048.681 -13584.279|7048.695 -13550.309|7033.428 -13550.298|7036.909 -13584.279
188 PRESTWICK MR SE,7060.809 -13584.291|7060.823 -13550.309|7048.695 -13550.309|7048.681 -13584.279
192 PRESTWICK MR SE,7072.938 -13584.291|7072.952 -13550.320|7060.823 -13550.309|7060.809 -13584.291
196 PRESTWICK MR SE,7085.066 -13584.302|7085.080 -13550.320|7072.952 -13550.320|7072.938 -13584.291
200 PRESTWICK MR SE,7097.202 -13550.320|7093.874 -13550.320|7085.080 -13550.320|7085.066 -13584.302|7093.923 -13584.302|7097.188 -13584.302
204 PRESTWICK MR SE,7109.316 -13584.313|7109.330 -13550.332|7097.202 -13550.320|7097.188 -13584.302
208 PRESTWICK MR SE,7121.445 -13584.313|7121.459 -13550.332|7109.330 -13550.332|7109.316 -13584.313
212 PRESTWICK MR SE,7133.573 -13584.324|7133.587 -13550.343|7121.459 -13550.332|7121.445 -13584.313
216 PRESTWICK MR SE,7145.702 -13584.324|7145.716 -13550.343|7133.587 -13550.343|7133.573 -13584.324
220 PRESTWICK MR SE,7157.830 -13584.324|7157.844 -13550.354|7145.716 -13550.343|7145.702 -13584.324
224 PRESTWICK MR SE,7169.959 -13584.335|7169.973 -13550.354|7157.844 -13550.354|7157.830 -13584.324
228 PRESTWICK MR SE,7182.087 -13584.335|7182.101 -13550.365|7169.973 -13550.354|7169.959 -13584.335
232 PRESTWICK MR SE,7194.216 -13584.346|7194.229 -13550.365|7182.101 -13550.365|7182.087 -13584.335
236 PRESTWICK MR SE,7205.841 -13583.368|7209.713 -13550.376|7194.229 -13550.365|7194.216 -13584.346|7198.256 -13584.346|7200.171 -13584.291|7202.080 -13584.102|7203.974 -13583.790
240 PRESTWICK MR SE,7216.382 -13582.256|7234.669 -13550.387|7209.713 -13550.376|7205.841 -13583.368|7208.057 -13582.689|7210.091 -13582.133|7212.188 -13581.878|7214.299 -13581.911
244 PRESTWICK MR SE,7259.192 -13566.077|7259.192 -13553.389|7256.214 -13550.387|7234.669 -13550.387|7216.382 -13582.256|7218.766 -13583.045|7220.989 -13584.213|7222.981 -13585.747|7224.687 -13587.593
4520 ELGIN AV SE,7726.953 -15936.697|7736.956 -15932.438|7723.185 -15900.436|7722.115 -15893.843|7711.700 -15898.591|7713.112 -15904.506|7725.618 -15933.673|7726.869 -15936.508
4524 ELGIN AV SE,7747.917 -15927.179|7732.363 -15895.699|7723.185 -15900.436|7736.956 -15932.438
4528 ELGIN AV SE,7747.917 -15927.179|7757.627 -15922.197|7741.297 -15891.096|7739.557 -15891.986|7732.363 -15895.699
4532 ELGIN AV SE,7757.627 -15922.197|7767.763 -15916.671|7750.755 -15886.226|7743.094 -15890.162|7741.297 -15891.096
4536 ELGIN AV SE,7777.214 -15911.200|7759.368 -15881.033|7753.300 -15884.914|7750.755 -15886.226|7767.763 -15916.671
4540 ELGIN AV SE,7787.057 -15905.162|7768.329 -15875.295|7759.368 -15881.033|7777.214 -15911.200
4544 ELGIN AV SE,7796.221 -15899.213|7776.802 -15869.880|7768.329 -15875.295|7787.057 -15905.162
4548 ELGIN AV SE,7805.742 -15892.675|7785.771 -15864.131|7776.802 -15869.880|7796.221 -15899.213
4552 ELGIN AV SE,7805.742 -15892.675|7814.592 -15886.270|7793.761 -15858.016|7792.209 -15859.183|7785.771 -15864.131
4556 ELGIN AV SE,7814.592 -15886.270|7823.771 -15879.243|7802.212 -15851.533|7795.369 -15856.770|7793.761 -15858.016
4560 ELGIN AV SE,7832.278 -15872.393|7810.202 -15845.417|7802.212 -15851.533|7823.771 -15879.243
4564 ELGIN AV SE,7841.093 -15864.910|7818.144 -15838.312|7810.202 -15845.417|7832.278 -15872.393
4568 ELGIN AV SE,7841.093 -15864.910|7845.483 -15861.007|7849.244 -15857.615|7825.651 -15831.596|7818.144 -15838.312
4572 ELGIN AV SE,7857.668 -15849.687|7833.586 -15824.490|7825.651 -15831.596|7849.244 -15857.615
4576 ELGIN AV SE,7865.441 -15841.992|7840.835 -15817.485|7838.073 -15820.476|7833.586 -15824.490|7857.668 -15849.687
4580 ELGIN AV SE,7873.445 -15833.642|7848.077 -15809.657|7840.835 -15817.485|7865.441 -15841.992
4584 ELGIN AV SE,7880.813 -15825.558|7854.913 -15802.251|7848.077 -15809.657|7873.445 -15833.642
4588 ELGIN AV SE,7888.391 -15816.807|7862.156 -15794.412|7854.913 -15802.251|7880.813 -15825.558
4592 ELGIN AV SE,7895.339 -15808.356|7868.063 -15786.206|7862.156 -15794.412|7888.391 -15816.807
4596 ELGIN AV SE,7903.001 -15798.515|7874.011 -15777.944|7868.063 -15786.206|7895.339 -15808.356
4600 ELGIN AV SE,7910.411 -15788.385|7879.017 -15770.138|7877.674 -15772.851|7874.011 -15777.944|7903.001 -15798.515|7909.376 -15789.864
4604 ELGIN AV SE,7917.150 -15776.899|7883.365 -15761.343|7879.017 -15770.138|7910.411 -15788.385|7912.256 -15785.605|7913.990 -15782.770|7915.626 -15779.857
4612 ELGIN AV SE,7925.322 -15751.557|7890.104 -15742.840|7887.748 -15752.480|7922.183 -15764.445|7923.141 -15761.265|7923.986 -15758.062|7924.713 -15754.827
4616 ELGIN AV SE,7927.174 -15739.704|7892.620 -15732.577|7890.104 -15742.840|7925.322 -15751.557|7925.489 -15750.501
4620 ELGIN AV SE,7927.174 -15739.704|7928.446 -15731.542|7928.509 -15730.564|7928.369 -15729.596|7928.055 -15728.674|7927.558 -15727.828|7926.908 -15727.095|7926.132 -15726.505|7925.252 -15726.072|7924.308 -15725.827|7896.367 -15721.424|7895.151 -15722.235|7892.620 -15732.577
4571 ELGIN AV SE,7875.787 -15904.173|7881.526 -15898.802|7862.058 -15869.257|7856.885 -15873.961|7856.591 -15875.518|7870.495 -15903.227
4573 ELGIN AV SE,7887.811 -15892.931|7866.741 -15864.876|7862.058 -15869.257|7881.526 -15898.802
4575 ELGIN AV SE,7887.811 -15892.931|7893.962 -15887.182|7871.264 -15860.517|7866.741 -15864.876
4577 ELGIN AV SE,7893.962 -15887.182|7899.939 -15881.589|7875.794 -15856.036|7871.264 -15860.517
4579 ELGIN AV SE,7905.182 -15875.896|7880.331 -15851.422|7875.794 -15856.036|7899.939 -15881.589
4581 ELGIN AV SE,7910.005 -15870.670|7884.889 -15846.640|7883.518 -15848.097|7880.331 -15851.422|7905.182 -15875.896
4583 ELGIN AV SE,7914.829 -15865.432|7889.383 -15841.792|7886.322 -15845.106|7884.889 -15846.640|7910.005 -15870.670
4585 ELGIN AV SE,7889.383 -15841.792|7914.829 -15865.432|7920.253 -15859.550|7893.683 -15837.022|7892.424 -15838.434
4587 ELGIN AV SE,7925.671 -15853.668|7897.898 -15832.218|7893.683 -15837.022|7920.253 -15859.550
4589 ELGIN AV SE,7927.041 -15852.178|7930.732 -15847.530|7902.043 -15827.348|7900.750 -15828.882|7897.898 -15832.218|7925.671 -15853.668
4591 ELGIN AV SE,7930.732 -15847.530|7935.709 -15841.258|7906.147 -15822.389|7903.323 -15825.813|7902.043 -15827.348
4593 ELGIN AV SE,7935.709 -15841.258|7941.546 -15833.908|7909.977 -15817.630|7908.705 -15819.220|7906.147 -15822.389
4595 ELGIN AV SE,7941.546 -15833.908|7946.845 -15827.226|7946.265 -15824.857|7918.660 -15812.626|7917.884 -15812.359|7917.073 -15812.214|7916.255 -15812.214|7915.444 -15812.348|7914.668 -15812.615|7913.948 -15813.004|7913.298 -15813.515|7912.739 -15814.116|7909.977 -15817.630
305 ELGIN PT SE,7736.369 -15961.860|7734.530 -15957.757|7733.810 -15956.545|7732.923 -15955.723|7731.867 -15955.144|7730.700 -15954.833|7729.490 -15954.822|7728.078 -15954.977|7716.810 -15959.614|7705.415 -15963.940|7702.591 -15964.707|7702.472 -15964.952|7701.962 -15965.986|7704.569 -15973.881|7736.187 -15961.927
309 ELGIN PT SE,7738.990 -15968.187|7739.172 -15968.121|7736.369 -15961.860|7736.187 -15961.927|7704.569 -15973.881|7706.722 -15980.397
313 ELGIN PT SE,7741.801 -15974.448|7741.975 -15974.381|7739.172 -15968.121|7738.990 -15968.187|7706.722 -15980.397|7708.868 -15986.902
317 ELGIN PT SE,7744.604 -15980.708|7744.778 -15980.641|7741.975 -15974.381|7741.801 -15974.448|7708.868 -15986.902|7711.021 -15993.406
321 ELGIN PT SE,7747.407 -15986.968|7747.582 -15986.902|7744.778 -15980.641|7744.604 -15980.708|7711.021 -15993.406|7713.175 -15999.922
325 ELGIN PT SE,7750.210 -15993.229|7750.392 -15993.162|7747.582 -15986.902|7747.407 -15986.968|7713.175 -15999.922|7715.328 -16006.427
329 ELGIN PT SE,7753.237 -15999.978|7753.412 -15999.922|7750.392 -15993.162|7750.210 -15993.229|7715.328 -16006.427|7716.768 -16010.786|7717.439 -16012.821
333 ELGIN PT SE,7755.782 -16006.350|7755.271 -16004.359|7754.544 -16002.435|7753.412 -15999.922|7753.237 -15999.989|7717.439 -16012.821|7719.585 -16019.326
337 ELGIN PT SE,7755.712 -16013.666|7756.005 -16011.854|7756.124 -16010.008|7756.047 -16008.173|7755.782 -16006.350|7719.585 -16019.326|7721.738 -16025.831
341 ELGIN PT SE,7755.600 -16021.194|7755.285 -16019.437|7755.180 -16017.647|7755.292 -16015.868|7755.607 -16014.100|7755.712 -16013.666|7721.738 -16025.831|7723.870 -16032.291
345 ELGIN PT SE,7758.899 -16027.577|7757.788 -16026.142|7756.865 -16024.586|7756.131 -16022.929|7755.600 -16021.194|7723.870 -16032.291|7725.995 -16038.730
349 ELGIN PT SE,7764.562 -16032.703|7765.086 -16031.791|7763.345 -16031.046|7761.723 -16030.079|7760.227 -16028.911|7758.899 -16027.577|7725.995 -16038.730|7728.099 -16045.090
306 ELGIN PT SE,7750.888 -15955.344|7751.070 -15955.255|7781.688 -15939.688|7777.466 -15932.171|7776.389 -15931.871|7776.117 -15931.793|7773.544 -15933.217|7762.562 -15939.110|7751.426 -15944.692|7750.301 -15945.448|7749.497 -15946.371|7748.945 -15947.461|7748.672 -15948.651|7748.693 -15949.863|7749.050 -15951.252
310 ELGIN PT SE,7785.666 -15946.782|7781.688 -15939.688|7750.888 -15955.344|7753.566 -15961.327
314 ELGIN PT SE,7788.979 -15952.676|7785.666 -15946.782|7753.566 -15961.327|7756.320 -15967.476
318 ELGIN PT SE,7792.286 -15958.580|7788.979 -15952.676|7756.320 -15967.476|7759.074 -15973.625
322 ELGIN PT SE,7795.599 -15964.474|7792.286 -15958.580|7759.074 -15973.625|7761.828 -15979.785
326 ELGIN PT SE,7798.913 -15970.378|7795.599 -15964.474|7761.828 -15979.785|7764.583 -15985.934
330 ELGIN PT SE,7802.219 -15976.271|7798.913 -15970.378|7764.583 -15985.934|7767.344 -15992.083
334 ELGIN PT SE,7805.533 -15982.176|7802.219 -15976.271|7767.344 -15992.083|7769.035 -15995.864|7770.266 -15998.154
338 ELGIN PT SE,7809.161 -15988.647|7805.533 -15982.176|7770.266 -15998.154|7771.426 -15999.778|7772.754 -16001.257|7774.236 -16002.580|7775.858 -16003.736
342 ELGIN PT SE,7812.789 -15995.108|7809.161 -15988.647|7775.858 -16003.736|7777.019 -16004.404|7778.508 -16005.304|7779.885 -16006.372|7781.122 -16007.606|7782.212 -16008.963
346 ELGIN PT SE,7817.144 -16002.869|7812.789 -15995.108|7782.212 -16008.963|7783.170 -16010.497|7783.932 -16012.143|7784.498 -16013.855|7784.848 -16015.634
350 ELGIN PT SE,7820.821 -16009.419|7817.144 -16002.869|7784.848 -16015.634|7784.967 -16016.913|7784.981 -16018.192|7784.876 -16019.471|7784.673 -16020.738|7787.399 -16021.795
354 ELGIN PT SE,7824.945 -16016.769|7820.821 -16009.419|7787.399 -16021.795|7784.673 -16020.738|7783.946 -16023.184|7782.814 -16025.464|7789.713 -16028.133
358 ELGIN PT SE,7774.586 -16031.958|7776.424 -16038.652|7778.137 -16038.185|7782.080 -16037.106|7783.960 -16036.583|7829.168 -16024.163|7824.945 -16016.769|7789.713 -16028.133|7782.814 -16025.464|7781.506 -16027.299|7779.941 -16028.922|7777.934 -16030.412|7775.711 -16031.557
4 ELGIN MEADOWS VW SE,7782.646 -15929.203|7786.854 -15936.697|7812.013 -15919.706|7814.816 -15917.805|7814.984 -15917.694|7813.418 -15914.914|7812.565 -15913.791|7811.503 -15912.990|7810.265 -15912.501|7808.944 -15912.356|7807.637 -15912.568|7806.966 -15912.846|7806.344 -15913.213|7796.068 -15919.884|7785.624 -15926.278|7783.016 -15927.824
5 ELGIN MEADOWS VW SE,7828.329 -15908.943|7856.899 -15889.439|7853.075 -15881.822|7848.867 -15880.977|7846.308 -15883.123|7836.913 -15890.840|7827.315 -15898.290|7826.651 -15898.891|7826.106 -15899.602|7825.693 -15900.403|7825.435 -15901.270|7825.330 -15902.160|7825.386 -15903.049|7825.602 -15903.928|7825.973 -15904.751
9 ELGIN MEADOWS VW SE,7860.785 -15897.189|7856.899 -15889.439|7828.329 -15908.943|7831.747 -15915.036
13 ELGIN MEADOWS VW SE,7864.302 -15904.195|7860.785 -15897.189|7831.747 -15915.036|7835.221 -15921.230
17 ELGIN MEADOWS VW SE,7867.531 -15910.633|7864.302 -15904.195|7835.221 -15921.230|7838.737 -15927.490
21 ELGIN MEADOWS VW SE,7870.621 -15916.782|7867.531 -15910.633|7838.737 -15927.490|7842.093 -15933.484
25 ELGIN MEADOWS VW SE,7874.773 -15923.365|7872.166 -15919.873|7870.621 -15916.782|7842.093 -15933.484|7845.350 -15939.288
29 ELGIN MEADOWS VW SE,7879.052 -15929.125|7874.773 -15923.365|7845.350 -15939.288|7848.615 -15945.103
33 ELGIN MEADOWS VW SE,7884.266 -15936.141|7879.052 -15929.125|7848.615 -15945.103|7851.782 -15950.741
37 ELGIN MEADOWS VW SE,7858.674 -15958.002|7860.072 -15957.835|7866.643 -15956.023|7869.482 -15955.178|7872.278 -15954.232|7875.039 -15953.176|7877.758 -15952.009|7880.429 -15950.741|7883.050 -15949.362|7885.609 -15947.894|7888.118 -15946.315|7889.782 -15945.226|7890.006 -15943.858|7884.266 -15936.141|7851.782 -15950.741|7854.431 -15955.467|7855.291 -15956.590|7856.018 -15957.179|7856.843 -15957.624|7857.738 -15957.902
8 ELGIN MEADOWS VW SE,7818.283 -15923.576|7814.984 -15917.694|7786.854 -15936.697|7790.140 -15942.546
12 ELGIN MEADOWS VW SE,7821.639 -15929.547|7818.283 -15923.576|7790.140 -15942.546|7793.425 -15948.417
16 ELGIN MEADOWS VW SE,7824.931 -15935.429|7821.639 -15929.547|7793.425 -15948.417|7796.725 -15954.288
20 ELGIN MEADOWS VW SE,7828.245 -15941.323|7824.931 -15935.429|7796.725 -15954.288|7800.038 -15960.181
24 ELGIN MEADOWS VW SE,7831.544 -15947.205|7828.245 -15941.323|7800.038 -15960.181|7803.338 -15966.064
28 ELGIN MEADOWS VW SE,7834.816 -15953.032|7831.544 -15947.205|7803.338 -15966.064|7806.812 -15972.268
32 ELGIN MEADOWS VW SE,7837.556 -15959.114|7836.836 -15956.935|7835.843 -15954.877|7834.816 -15953.032|7806.812 -15972.268|7810.433 -15978.706
36 ELGIN MEADOWS VW SE,7839.017 -15966.097|7838.241 -15964.162|7838.059 -15961.872|7837.864 -15960.482|7837.556 -15959.114|7810.433 -15978.706|7814.418 -15985.812
40 ELGIN MEADOWS VW SE,7842.198 -15971.646|7840.828 -15969.967|7839.667 -15968.143|7839.017 -15966.097|7814.418 -15985.812|7819.220 -15994.374
44 ELGIN MEADOWS VW SE,7846.504 -15975.360|7844.763 -15974.392|7843.407 -15973.091|7842.198 -15971.646|7819.220 -15994.374|7826.770 -16007.817
48 ELGIN MEADOWS VW SE,7841.296 -16014.856|7842.254 -16014.600|7851.502 -15977.472|7849.803 -15977.061|7848.154 -15976.483|7846.504 -15975.360|7826.770 -16007.817|7830.663 -16014.767|7835.005 -16016.591
52 ELGIN MEADOWS VW SE,7854.920 -15978.195|7853.194 -15977.917|7851.502 -15977.472|7842.254 -16014.600|7845.127 -16013.811|7858.772 -16010.052|7856.899 -15977.984
56 ELGIN MEADOWS VW SE,7858.772 -16010.052|7868.566 -16007.361|7862.883 -15976.560|7860.925 -15977.383|7858.891 -15977.950|7856.899 -15977.984
60 ELGIN MEADOWS VW SE,7876.570 -16005.160|7868.601 -15972.913|7867.105 -15974.003|7865.085 -15975.437|7862.883 -15976.572|7868.566 -16007.361
64 ELGIN MEADOWS VW SE,7876.570 -16005.160|7884.176 -16003.069|7874.613 -15970.322|7873.187 -15970.767|7871.767 -15971.268|7870.390 -15971.879|7868.601 -15972.913
68 ELGIN MEADOWS VW SE,7884.176 -16003.069|7892.620 -16000.745|7880.617 -15968.154|7878.765 -15968.877|7874.613 -15970.322
72 ELGIN MEADOWS VW SE,7892.620 -16000.745|7901.959 -15998.177|7886.378 -15965.619|7882.463 -15967.398|7880.617 -15968.154
76 ELGIN MEADOWS VW SE,7901.959 -15998.177|7908.523 -15996.375|7910.313 -15994.874|7892.040 -15962.650|7890.299 -15963.617|7886.378 -15965.619
80 ELGIN MEADOWS VW SE,7910.313 -15994.874|7917.213 -15989.059|7897.485 -15959.292|7893.760 -15961.649|7892.040 -15962.650
84 ELGIN MEADOWS VW SE,7917.213 -15989.059|7924.007 -15983.332|7902.693 -15955.556|7900.121 -15957.468|7897.485 -15959.292
88 ELGIN MEADOWS VW SE,7924.007 -15983.332|7929.788 -15978.473|7907.761 -15951.386|7905.972 -15952.909|7902.693 -15955.556
92 ELGIN MEADOWS VW SE,7929.788 -15978.473|7935.381 -15973.758|7912.760 -15947.072|7911.257 -15948.373|7907.761 -15951.386
96 ELGIN MEADOWS VW SE,7935.381 -15973.758|7940.931 -15969.077|7917.709 -15942.679|7914.256 -15945.748|7912.760 -15947.072
100 ELGIN MEADOWS VW SE,7940.931 -15969.077|7945.999 -15964.262|7922.630 -15938.220|7921.162 -15939.566|7917.709 -15942.679
104 ELGIN MEADOWS VW SE,7927.426 -15933.773|7924.098 -15936.875|7922.630 -15938.220|7945.999 -15964.262|7951.620 -15958.914
108 ELGIN MEADOWS VW SE,7951.620 -15958.914|7956.485 -15954.288|7932.291 -15929.136|7930.851 -15930.515|7927.426 -15933.773
112 ELGIN MEADOWS VW SE,7961.756 -15949.273|7937.010 -15924.543|7933.724 -15927.757|7932.291 -15929.136|7956.485 -15954.288
116 ELGIN MEADOWS VW SE,7961.756 -15949.273|7966.607 -15944.659|7941.749 -15919.807|7940.344 -15921.219|7937.010 -15924.543
120 ELGIN MEADOWS VW SE,7966.607 -15944.659|7968.467 -15942.668|7968.306 -15935.541|7947.558 -15915.281|7946.153 -15915.303|7943.147 -15918.394|7941.749 -15919.807
128 ELGIN MEADOWS VW SE,7951.655 -15909.532|7951.683 -15910.955|7972.388 -15931.160|7979.351 -15930.993|7981.455 -15928.747|7955.604 -15905.284|7954.395 -15906.886
132 ELGIN MEADOWS VW SE,7981.455 -15928.747|7986.097 -15923.765|7960.099 -15900.336|7957.093 -15903.950|7955.604 -15905.284
136 ELGIN MEADOWS VW SE,7986.097 -15923.765|7990.829 -15918.695|7964.517 -15895.355|7963.350 -15896.978|7960.099 -15900.336
140 ELGIN MEADOWS VW SE,7995.352 -15913.202|7968.900 -15890.295|7964.517 -15895.355|7990.829 -15918.695
144 ELGIN MEADOWS VW SE,7999.903 -15907.686|7973.234 -15885.158|7972.109 -15886.815|7968.900 -15890.295|7995.352 -15913.202
148 ELGIN MEADOWS VW SE,8004.447 -15902.171|7977.512 -15879.977|7974.660 -15883.757|7973.234 -15885.158|7999.903 -15907.686
152 ELGIN MEADOWS VW SE,8008.991 -15896.656|7981.728 -15874.739|7980.637 -15876.418|7977.512 -15879.977|8004.447 -15902.171
156 ELGIN MEADOWS VW SE,8013.534 -15891.140|7985.873 -15869.446|7983.119 -15873.294|7981.728 -15874.739|8008.991 -15896.656
160 ELGIN MEADOWS VW SE,8017.861 -15885.169|7990.627 -15864.676|7989.159 -15866.066|7987.823 -15867.222|7986.614 -15868.490|7985.873 -15869.446|8013.534 -15891.140
164 ELGIN MEADOWS VW SE,7996.568 -15860.996|7994.835 -15862.263|7992.968 -15863.320|7992.647 -15863.698|7990.627 -15864.676|8017.861 -15885.169|8022.825 -15878.320
168 ELGIN MEADOWS VW SE,8028.816 -15870.047|8000.644 -15856.170|7999.721 -15857.938|7998.239 -15859.561|7996.568 -15860.996|8022.825 -15878.320
172 ELGIN MEADOWS VW SE,8037.428 -15858.160|8002.692 -15850.821|8002.308 -15852.678|8001.727 -15854.480|8000.644 -15856.170|8028.816 -15870.047
176 ELGIN MEADOWS VW SE,8037.428 -15858.160|8050.989 -15836.188|8050.850 -15835.543|8002.979 -15845.239|8003.049 -15848.041|8002.692 -15850.821
180 ELGIN MEADOWS VW SE,8002.979 -15845.239|8050.850 -15835.543|8049.745 -15830.628|8039.231 -15823.834|8001.630 -15840.035|8002.308 -15841.914|8002.720 -15843.560
184 ELGIN MEADOWS VW SE,8001.630 -15840.035|8039.231 -15823.834|8023.699 -15813.793|7998.750 -15835.387|7999.812 -15836.766|8000.742 -15838.234
188 ELGIN MEADOWS VW SE,8013.220 -15807.022|7994.206 -15831.584|7995.869 -15832.685|7997.379 -15833.953|7998.750 -15835.387|8023.699 -15813.793
192 ELGIN MEADOWS VW SE,7994.206 -15831.584|8013.220 -15807.022|8006.097 -15802.418|7987.879 -15829.327|7990.186 -15829.839|7992.402 -15830.650
196 ELGIN MEADOWS VW SE,8006.097 -15802.418|7999.791 -15798.348|7981.434 -15827.081|7982.937 -15827.871|7984.510 -15828.504|7986.132 -15828.994|7987.795 -15829.316|7987.879 -15829.327
200 ELGIN MEADOWS VW SE,7999.791 -15798.348|7994.115 -15794.679|7975.905 -15823.178|7979.945 -15826.114|7981.434 -15827.081
204 ELGIN MEADOWS VW SE,7974.793 -15822.378|7975.905 -15823.178|7994.115 -15794.679|7988.446 -15791.009|7970.347 -15819.331|7972.011 -15820.432
208 ELGIN MEADOWS VW SE,7970.347 -15819.331|7988.446 -15791.009|7982.252 -15787.006|7964.587 -15815.895|7968.662 -15818.274
212 ELGIN MEADOWS VW SE,7964.587 -15815.895|7982.252 -15787.006|7975.604 -15782.714|7958.659 -15812.893|7960.463 -15813.760
216 ELGIN MEADOWS VW SE,7958.659 -15812.893|7975.604 -15782.714|7967.956 -15779.045|7952.661 -15810.224|7957.107 -15812.192
220 ELGIN MEADOWS VW SE,7967.956 -15779.045|7961.392 -15775.887|7946.545 -15807.511|7952.661 -15810.224
224 ELGIN MEADOWS VW SE,7961.392 -15775.887|7955.003 -15772.818|7940.400 -15804.787|7946.545 -15807.511
228 ELGIN MEADOWS VW SE,7955.003 -15772.818|7948.977 -15769.927|7934.192 -15802.029|7940.400 -15804.787
232 ELGIN MEADOWS VW SE,7948.977 -15769.927|7940.337 -15767.292|7939.107 -15767.959|7938.058 -15771.239|7936.905 -15774.486|7935.646 -15777.699|7934.297 -15780.868|7932.843 -15783.982|7931.291 -15787.062|7929.642 -15790.087|7927.894 -15793.055|7927.447 -15794.012|7927.202 -15795.046|7927.188 -15796.113|7927.391 -15797.159|7927.817 -15798.126|7928.432 -15798.993|7929.215 -15799.705|7930.131 -15800.239|7934.192 -15802.029
6 ELGIN MEADOWS WY SE,7726.911 -15631.011|7728.575 -15628.198|7744.010 -15602.078|7743.157 -15601.567|7733.768 -15595.962|7732.426 -15596.196|7717.662 -15619.769|7717.271 -15620.503|7717.005 -15621.293|7716.873 -15622.115|7716.873 -15622.949|7717.012 -15623.772|7717.285 -15624.562|7717.683 -15625.296|7718.201 -15625.952|7719.333 -15626.730|7726.806 -15631.189
10 ELGIN MEADOWS WY SE,7735.796 -15636.315|7737.466 -15633.491|7752.901 -15607.382|7744.869 -15602.579|7744.010 -15602.078|7728.575 -15628.198|7726.911 -15631.011|7726.806 -15631.189|7735.691 -15636.493
14 ELGIN MEADOWS WY SE,7744.681 -15641.619|7746.351 -15638.795|7761.786 -15612.686|7760.060 -15611.630|7752.901 -15607.382|7737.466 -15633.491|7735.796 -15636.315|7735.691 -15636.493|7744.576 -15641.797
18 ELGIN MEADOWS WY SE,7771.272 -15618.346|7763.485 -15613.676|7761.786 -15612.686|7746.351 -15638.795|7744.681 -15641.619|7744.576 -15641.797|7749.595 -15644.788|7754.034 -15647.568
22 ELGIN MEADOWS WY SE,7780.164 -15623.650|7771.272 -15618.346|7754.034 -15647.568|7762.919 -15652.872
26 ELGIN MEADOWS WY SE,7789.049 -15628.954|7780.164 -15623.650|7762.919 -15652.872|7771.811 -15658.176|7771.909 -15657.998
30 ELGIN MEADOWS WY SE,7781.402 -15663.658|7798.535 -15634.614|7796.809 -15633.546|7789.049 -15628.954|7771.909 -15657.998|7771.811 -15658.176|7781.297 -15663.836
34 ELGIN MEADOWS WY SE,7807.427 -15639.918|7800.234 -15635.592|7798.535 -15634.614|7781.402 -15663.658|7781.297 -15663.836|7782.171 -15664.347|7790.252 -15669.018
38 ELGIN MEADOWS WY SE,7815.648 -15644.821|7807.427 -15639.918|7790.252 -15669.018|7795.445 -15671.842|7800.681 -15674.577
42 ELGIN MEADOWS WY SE,7825.477 -15648.747|7815.648 -15644.821|7800.681 -15674.577|7805.973 -15677.201|7811.314 -15679.737
46 ELGIN MEADOWS WY SE,7834.739 -15652.438|7825.477 -15648.747|7811.314 -15679.737|7821.534 -15684.240
50 ELGIN MEADOWS WY SE,7843.931 -15656.119|7834.739 -15652.438|7821.534 -15684.240|7831.859 -15688.365
54 ELGIN MEADOWS WY SE,7853.725 -15660.022|7843.931 -15656.119|7831.859 -15688.365|7837.395 -15690.400|7842.974 -15692.335
58 ELGIN MEADOWS WY SE,7863.344 -15662.535|7853.725 -15660.022|7842.974 -15692.335|7853.592 -15695.704
62 ELGIN MEADOWS WY SE,7873.466 -15665.170|7863.344 -15662.535|7853.592 -15695.704|7861.547 -15697.906|7864.917 -15698.840
66 ELGIN MEADOWS WY SE,7883.050 -15667.672|7873.466 -15665.170|7864.917 -15698.840|7875.724 -15701.409
70 ELGIN MEADOWS WY SE,7893.466 -15670.385|7883.050 -15667.672|7875.724 -15701.409|7886.895 -15703.655
74 ELGIN MEADOWS WY SE,7903.246 -15671.931|7893.466 -15670.385|7886.895 -15703.655|7894.102 -15704.878|7898.010 -15705.489
78 ELGIN MEADOWS WY SE,7914.095 -15673.643|7903.246 -15671.931|7898.010 -15705.489|7908.859 -15707.202
82 ELGIN MEADOWS WY SE,7924.944 -15675.344|7914.095 -15673.643|7908.859 -15707.202|7919.708 -15708.914
86 ELGIN MEADOWS WY SE,7919.708 -15708.914|7926.776 -15710.037|7927.747 -15710.082|7928.712 -15709.948|7929.635 -15709.626|7930.474 -15709.137|7931.201 -15708.481|7931.788 -15707.702|7932.207 -15706.813|7932.452 -15705.867|7936.765 -15678.224|7935.933 -15677.079|7924.944 -15675.344
95 ELGIN MEADOWS VW SE,7902.330 -15934.996|7880.282 -15908.153|7878.583 -15909.755|7877.346 -15916.815|7894.738 -15940.211|7896.094 -15940.366
99 ELGIN MEADOWS VW SE,7907.412 -15930.492|7885.168 -15903.583|7880.282 -15908.153|7902.330 -15934.996
103 ELGIN MEADOWS VW SE,7912.473 -15925.900|7890.048 -15899.024|7885.168 -15903.583|7907.412 -15930.492
107 ELGIN MEADOWS VW SE,7912.473 -15925.900|7917.080 -15921.608|7918.527 -15920.240|7894.857 -15894.532|7890.048 -15899.024
111 ELGIN MEADOWS VW SE,7918.527 -15920.240|7919.967 -15918.861|7923.434 -15915.514|7899.729 -15889.973|7894.857 -15894.532
115 ELGIN MEADOWS VW SE,7929.313 -15909.699|7904.518 -15885.447|7904.161 -15885.825|7899.729 -15889.973|7923.434 -15915.514|7927.908 -15911.111
119 ELGIN MEADOWS VW SE,7929.313 -15909.699|7930.718 -15908.287|7934.640 -15904.273|7909.006 -15880.566|7904.518 -15885.447
123 ELGIN MEADOWS VW SE,7909.006 -15880.566|7934.640 -15904.273|7939.358 -15899.336|7913.529 -15875.662
129 ELGIN MEADOWS VW SE,7944.888 -15893.387|7917.996 -15870.814|7913.529 -15875.662|7939.358 -15899.336
133 ELGIN MEADOWS VW SE,7944.888 -15893.387|7948.180 -15889.751|7949.509 -15888.272|7922.518 -15865.910|7917.996 -15870.814
137 ELGIN MEADOWS VW SE,7922.518 -15865.910|7949.509 -15888.272|7950.837 -15886.782|7953.934 -15883.246|7927.062 -15860.984
141 ELGIN MEADOWS VW SE,7958.848 -15877.519|7931.564 -15856.092|7927.062 -15860.984|7953.934 -15883.246
145 ELGIN MEADOWS VW SE,7958.848 -15877.519|7960.134 -15875.985|7963.930 -15871.415|7935.674 -15850.910|7931.564 -15856.092
149 ELGIN MEADOWS VW SE,7963.930 -15871.415|7967.425 -15867.111|7968.676 -15865.543|7939.806 -15845.717|7935.674 -15850.910
153 ELGIN MEADOWS VW SE,7973.297 -15859.661|7943.937 -15840.502|7939.806 -15845.717|7968.676 -15865.543
157 ELGIN MEADOWS VW SE,7973.297 -15859.661|7976.247 -15855.825|7977.457 -15854.224|7948.110 -15835.243|7943.937 -15840.502
161 ELGIN MEADOWS VW SE,7977.457 -15854.224|7979.365 -15851.677|7979.875 -15850.832|7980.204 -15849.898|7980.351 -15848.920|7980.302 -15847.930|7980.057 -15846.974|7979.631 -15846.073|7979.029 -15845.284|7978.295 -15844.628|7965.496 -15835.343|7962.867 -15833.519|7960.162 -15831.796|7957.401 -15830.172|7954.570 -15828.671|7953.060 -15829.005|7948.110 -15835.243
353 ELGIN PT SE,7774.586 -16031.958|7773.432 -16032.280|7771.342 -16032.603|7769.224 -16032.636|7767.127 -16032.358|7765.086 -16031.791|7764.562 -16032.703|7728.099 -16045.090|7730.182 -16051.361|7776.424 -16038.652
4608 ELGIN AV SE,7922.183 -15764.445|7887.748 -15752.480|7883.365 -15761.343|7917.150 -15776.899|7918.583 -15773.852|7919.897 -15770.761|7921.099 -15767.625
813 PRESTWICK CI SE,6911.199 -13569.791|6921.335 -13559.605|6900.958 -13539.101|6896.743 -13536.277|6891.996 -13541.047
817 PRESTWICK CI SE,6911.199 -13569.791|6891.996 -13541.047|6888.795 -13544.260|6884.936 -13544.260|6899.259 -13576.029|6899.874 -13577.396|6901.042 -13576.907|6906.285 -13574.717
204 PRESTWICK PT SE,6898.644 -13577.908|6899.602 -13577.497|6899.874 -13577.396|6899.259 -13576.029|6884.936 -13544.260|6877.253 -13544.249|6884.740 -13576.396|6884.999 -13577.519|6885.090 -13577.897
208 PRESTWICK PT SE,6885.090 -13577.897|6884.999 -13577.519|6884.740 -13576.396|6877.253 -13544.249|6869.550 -13544.249|6870.801 -13577.897
212 PRESTWICK PT SE,6870.801 -13577.897|6869.550 -13544.249|6859.707 -13544.249|6859.693 -13577.886
216 PRESTWICK PT SE,6859.693 -13577.886|6859.707 -13544.249|6849.368 -13544.249|6849.354 -13577.886
220 PRESTWICK PT SE,6849.354 -13577.886|6849.368 -13544.249|6839.029 -13544.238|6839.015 -13577.886
224 PRESTWICK PT SE,6839.015 -13577.886|6839.029 -13544.238|6828.690 -13544.238|6828.683 -13577.886
228 PRESTWICK PT SE,6828.683 -13577.886|6828.690 -13544.238|6818.352 -13544.238|6818.345 -13576.474|6820.547 -13577.085|6822.790 -13577.530|6825.069 -13577.797|6827.355 -13577.886
232 PRESTWICK PT SE,6818.345 -13576.474|6818.352 -13544.238|6808.013 -13544.238|6808.006 -13571.614|6809.746 -13572.304|6811.382 -13573.216|6813.039 -13574.194|6814.758 -13575.072|6816.527 -13575.829
236 PRESTWICK PT SE,6808.006 -13571.614|6808.013 -13544.238|6797.674 -13544.227|6797.667 -13570.625|6798.282 -13571.781|6799.463 -13571.403|6800.666 -13571.125|6801.896 -13570.958|6803.126 -13570.880|6804.364 -13570.914|6805.601 -13571.047|6806.810 -13571.281
240 PRESTWICK PT SE,6798.282 -13571.781|6797.667 -13570.625|6797.674 -13544.227|6787.335 -13544.227|6787.328 -13576.184|6790.599 -13578.164|6791.298 -13577.096|6792.081 -13576.095|6792.948 -13575.161|6793.892 -13574.305|6794.905 -13573.538|6795.982 -13572.860|6797.107 -13572.270
244 PRESTWICK PT SE,6790.599 -13578.164|6787.328 -13576.184|6787.335 -13544.227|6775.465 -13544.227|6773.550 -13585.858|6788.481 -13585.858|6788.614 -13583.846|6789.019 -13581.866|6789.684 -13579.965
203 PRESTWICK PT SE,6887.606 -13627.534|6900.028 -13627.523|6901.021 -13626.533|6901.035 -13598.390|6896.561 -13593.887|6887.620 -13593.887
207 PRESTWICK PT SE,6887.606 -13627.534|6887.620 -13593.887|6877.281 -13593.887|6877.267 -13627.523
211 PRESTWICK PT SE,6877.267 -13627.523|6877.281 -13593.887|6866.942 -13593.887|6866.928 -13627.523
215 PRESTWICK PT SE,6866.928 -13627.523|6866.942 -13593.887|6856.603 -13593.876|6856.589 -13627.523
219 PRESTWICK PT SE,6856.589 -13627.523|6856.603 -13593.876|6846.859 -13593.876|6846.852 -13627.512
223 PRESTWICK PT SE,6846.852 -13627.512|6846.859 -13593.876|6836.520 -13593.876|6836.513 -13627.512
227 PRESTWICK PT SE,6836.513 -13627.512|6836.520 -13593.876|6827.348 -13593.876|6826.181 -13593.898|6826.174 -13627.512
231 PRESTWICK PT SE,6826.174 -13627.512|6826.181 -13593.898|6823.531 -13594.120|6820.910 -13594.576|6818.345 -13595.265|6815.842 -13596.188|6815.835 -13627.512
235 PRESTWICK PT SE,6815.835 -13627.512|6815.842 -13596.188|6813.556 -13597.267|6811.375 -13598.523|6809.998 -13599.302|6808.551 -13599.936|6807.048 -13600.403|6805.503 -13600.703|6805.496 -13627.501
239 PRESTWICK PT SE,6805.503 -13600.703|6803.699 -13600.859|6801.896 -13600.781|6800.113 -13600.492|6798.373 -13599.980|6795.164 -13603.472|6795.157 -13627.501|6805.496 -13627.501
243 PRESTWICK PT SE,6798.373 -13599.980|6797.184 -13599.502|6796.045 -13598.913|6794.954 -13598.234|6793.927 -13597.456|6792.976 -13596.600|6792.095 -13595.655|6791.298 -13594.643|6790.599 -13593.564|6785.147 -13597.701|6783.777 -13627.501|6795.157 -13627.501|6795.164 -13603.472
247 PRESTWICK PT SE,6790.599 -13593.564|6789.684 -13591.774|6789.019 -13589.861|6788.614 -13587.882|6788.481 -13585.858|6773.550 -13585.858|6771.634 -13627.490|6783.777 -13627.501|6785.147 -13597.701
102 PRESTWICK TC SE,6943.523 -13429.251|6943.530 -13417.454|6942.537 -13416.453|6915.393 -13416.453|6910.919 -13420.945|6910.919 -13429.240
106 PRESTWICK TC SE,6943.523 -13439.648|6943.523 -13429.251|6910.919 -13429.240|6910.912 -13439.637
110 PRESTWICK TC SE,6943.516 -13450.034|6943.523 -13439.648|6910.912 -13439.637|6910.912 -13450.023
114 PRESTWICK TC SE,6943.516 -13468.826|6943.516 -13450.034|6910.912 -13450.023|6910.912 -13458.774
118 PRESTWICK TC SE,6943.516 -13468.826|6910.912 -13458.774|6910.905 -13465.523|6910.095 -13466.346|6910.095 -13467.758|6931.171 -13488.963|6935.386 -13488.963|6941.398 -13482.925|6943.509 -13477.810
122 PRESTWICK TC SE,6868.914 -13538.256|6884.237 -13538.256|6886.886 -13535.598|6887.704 -13527.181|6866.467 -13505.820|6864.775 -13505.109|6856.554 -13505.109
126 PRESTWICK TC SE,6868.914 -13538.256|6856.554 -13505.109|6846.313 -13505.109|6851.794 -13538.256
130 PRESTWICK TC SE,6851.794 -13538.256|6846.313 -13505.109|6836.198 -13505.109|6835.597 -13505.109|6838.764 -13538.245
134 PRESTWICK TC SE,6838.764 -13538.245|6835.597 -13505.109|6832.948 -13505.287|6830.319 -13505.687|6827.740 -13506.332|6825.223 -13507.199|6825.216 -13538.245
138 PRESTWICK TC SE,6825.216 -13538.245|6825.223 -13507.199|6822.392 -13508.500|6819.708 -13510.101|6818.442 -13510.857|6817.107 -13511.480|6815.716 -13511.969|6814.283 -13512.325|6814.276 -13538.234
142 PRESTWICK TC SE,6814.283 -13512.325|6812.088 -13512.581|6809.879 -13512.503|6807.705 -13512.103|6805.615 -13511.391|6803.350 -13514.527|6803.343 -13538.234|6814.276 -13538.234
146 PRESTWICK TC SE,6805.615 -13511.391|6803.651 -13510.368|6801.854 -13509.056|6800.274 -13507.499|6798.946 -13505.731|6792.417 -13508.400|6792.410 -13538.234|6803.343 -13538.234|6803.350 -13514.527
150 PRESTWICK TC SE,6798.946 -13505.731|6797.918 -13503.852|6797.170 -13501.840|6796.709 -13499.738|6796.562 -13497.592|6781.652 -13497.592|6781.819 -13535.231|6784.692 -13538.234|6792.410 -13538.234|6792.417 -13508.400
107 PRESTWICK TC SE,6895.009 -13433.822|6895.016 -13420.934|6890.542 -13416.442|6861.616 -13416.431|6860.623 -13417.431|6860.616 -13427.394|6863.601 -13427.394
111 PRESTWICK TC SE,6895.009 -13433.822|6863.601 -13427.394|6860.616 -13427.394|6860.616 -13435.189|6895.009 -13448.477
115 PRESTWICK TC SE,6895.009 -13448.477|6860.616 -13435.189|6860.616 -13443.195|6889.962 -13463.967|6891.842 -13462.076|6895.002 -13454.404
119 PRESTWICK TC SE,6889.962 -13463.967|6860.616 -13443.195|6860.609 -13445.419|6855.911 -13450.134|6877.966 -13476.020
123 PRESTWICK TC SE,6877.966 -13476.020|6855.911 -13450.134|6850.102 -13455.983|6849.641 -13455.983|6865.656 -13486.950|6868.089 -13485.950
127 PRESTWICK TC SE,6865.656 -13486.950|6849.641 -13455.983|6841.693 -13455.972|6849.718 -13489.119|6860.448 -13489.119
131 PRESTWICK TC SE,6849.718 -13489.119|6841.693 -13455.972|6833.738 -13455.972|6833.731 -13489.097|6834.632 -13489.119
135 PRESTWICK TC SE,6833.731 -13489.097|6833.738 -13455.972|6823.399 -13455.972|6823.392 -13486.895|6825.887 -13487.796|6828.460 -13488.463|6831.081 -13488.896
139 PRESTWICK TC SE,6823.392 -13486.895|6823.399 -13455.972|6813.060 -13455.972|6813.053 -13482.692|6814.668 -13482.959|6816.240 -13483.403|6817.757 -13484.004|6819.197 -13484.782|6821.253 -13485.916
143 PRESTWICK TC SE,6813.053 -13482.692|6813.060 -13455.972|6802.721 -13455.960|6802.714 -13481.002|6804.294 -13484.460|6806.356 -13483.526|6808.537 -13482.903|6810.788 -13482.625
147 PRESTWICK TC SE,6804.294 -13484.460|6802.714 -13481.002|6802.721 -13455.960|6792.382 -13455.960|6792.375 -13486.828|6798.373 -13490.442|6799.512 -13488.641|6800.903 -13487.028|6802.504 -13485.627
151 PRESTWICK TC SE,6798.373 -13490.442|6792.375 -13486.828|6792.382 -13455.960|6784.685 -13455.960|6781.707 -13458.952|6781.742 -13472.907|6781.645 -13496.569|6781.652 -13497.592|6796.562 -13497.592|6796.674 -13495.735|6797.017 -13493.911|6797.590 -13492.132
202 PRESTWICK TC SE,6882.895 -13400.452|6890.549 -13400.452|6890.948 -13400.052|6894.632 -13396.349|6895.023 -13395.960|6895.030 -13367.727|6894.639 -13367.316|6894.037 -13366.727|6882.902 -13366.715
206 PRESTWICK TC SE,6882.895 -13400.452|6882.902 -13366.715|6872.563 -13366.715|6872.556 -13400.441
210 PRESTWICK TC SE,6872.556 -13400.441|6872.563 -13366.715|6862.224 -13366.715|6862.217 -13400.441
214 PRESTWICK TC SE,6862.217 -13400.441|6862.224 -13366.715|6851.885 -13366.704|6851.878 -13400.441
218 PRESTWICK TC SE,6851.878 -13400.441|6851.885 -13366.704|6841.553 -13366.704|6841.539 -13400.441
222 PRESTWICK TC SE,6841.539 -13400.441|6841.553 -13366.704|6831.214 -13366.704|6831.200 -13400.430
226 PRESTWICK TC SE,6831.200 -13400.430|6831.214 -13366.704|6820.623 -13366.704|6820.609 -13398.584|6823.112 -13399.384|6825.678 -13399.963|6828.285 -13400.319|6830.906 -13400.430
230 PRESTWICK TC SE,6820.609 -13398.584|6820.623 -13366.704|6810.285 -13366.693|6810.278 -13393.814|6811.501 -13394.147|6812.689 -13394.592|6813.836 -13395.126|6814.933 -13395.760|6817.694 -13397.327
234 PRESTWICK TC SE,6810.278 -13393.814|6810.285 -13366.693|6799.946 -13366.693|6799.939 -13395.192|6801.134 -13394.614|6802.385 -13394.147|6803.672 -13393.791|6804.979 -13393.558|6806.307 -13393.447|6807.642 -13393.447|6808.963 -13393.569
238 PRESTWICK TC SE,6799.939 -13395.192|6799.946 -13366.693|6789.991 -13366.693|6789.006 -13397.383|6794.332 -13400.419|6795.472 -13398.840|6796.793 -13397.439|6798.296 -13396.204
242 PRESTWICK TC SE,6794.332 -13400.419|6789.006 -13397.383|6789.991 -13366.693|6778.450 -13366.693|6777.108 -13408.414|6792.032 -13408.414|6792.179 -13406.312|6792.620 -13404.255|6793.340 -13402.276
217 PRESTWICK TC SE,6842.727 -13449.978|6847.628 -13449.978|6854.646 -13442.928|6854.653 -13417.431|6853.660 -13416.431|6842.741 -13416.431
221 PRESTWICK TC SE,6842.727 -13449.978|6842.741 -13416.431|6831.801 -13416.420|6831.794 -13449.978
225 PRESTWICK TC SE,6831.794 -13449.978|6831.801 -13416.420|6830.899 -13416.420|6828.502 -13416.520|6826.118 -13416.809|6823.769 -13417.287|6821.462 -13417.965|6821.455 -13449.967
229 PRESTWICK TC SE,6821.455 -13449.967|6821.462 -13417.965|6819.764 -13418.588|6818.100 -13419.322|6816.485 -13420.156|6814.926 -13421.079|6812.801 -13422.202|6810.529 -13422.969|6810.522 -13449.967
233 PRESTWICK TC SE,6810.529 -13422.969|6809.355 -13423.214|6808.166 -13423.358|6806.971 -13423.414|6805.776 -13423.369|6804.580 -13423.225|6803.413 -13422.980|6802.259 -13422.658|6801.141 -13422.224|6799.589 -13425.916|6799.582 -13449.967|6810.522 -13449.967
237 PRESTWICK TC SE,6801.141 -13422.224|6800.002 -13421.690|6798.918 -13421.056|6797.890 -13420.334|6796.926 -13419.522|6796.031 -13418.632|6795.213 -13417.676|6794.479 -13416.653|6793.836 -13415.574|6788.838 -13421.112|6787.915 -13449.967|6799.582 -13449.967|6799.589 -13425.916
241 PRESTWICK TC SE,6793.836 -13415.574|6793.053 -13413.884|6792.487 -13412.105|6792.144 -13410.270|6792.032 -13408.414|6777.108 -13408.414|6775.780 -13449.956|6787.915 -13449.967|6788.838 -13421.112
304 PRESTWICK TC SE,6910.933 -13387.064|6910.926 -13395.960|6915.400 -13400.463|6943.139 -13400.463|6944.131 -13399.473|6944.138 -13387.075
308 PRESTWICK TC SE,6944.138 -13387.075|6944.138 -13376.089|6910.933 -13376.078|6910.933 -13387.064
312 PRESTWICK TC SE,6944.138 -13376.089|6944.145 -13365.692|6910.940 -13365.681|6910.933 -13376.078
316 PRESTWICK TC SE,6944.145 -13365.692|6944.145 -13359.866|6943.984 -13355.296|6910.759 -13355.285|6910.940 -13360.444|6910.940 -13365.681
320 PRESTWICK TC SE,6943.984 -13355.296|6943.593 -13344.299|6910.367 -13344.299|6910.759 -13355.285
324 PRESTWICK TC SE,6943.593 -13344.299|6943.558 -13343.142|6943.558 -13333.913|6910.018 -13333.902|6910.032 -13334.747|6910.367 -13344.299
328 PRESTWICK TC SE,6943.558 -13333.913|6943.565 -13313.631|6910.864 -13325.217|6910.780 -13326.552|6910.577 -13327.875|6910.143 -13330.866|6910.018 -13333.902
332 PRESTWICK TC SE,6943.565 -13313.631|6943.572 -13291.592|6908.340 -13316.622|6909.451 -13318.601|6910.255 -13320.725|6910.731 -13322.949|6910.864 -13325.217
336 PRESTWICK TC SE,6943.572 -13291.592|6943.572 -13278.894|6940.594 -13275.903|6922.300 -13275.969|6903.258 -13311.896|6904.726 -13312.841|6906.075 -13313.953|6907.284 -13315.221|6908.340 -13316.622
340 PRESTWICK TC SE,6903.258 -13311.896|6922.300 -13275.969|6903.377 -13276.036|6894.967 -13310.006|6897.120 -13310.017|6899.245 -13310.340|6901.308 -13310.973
344 PRESTWICK TC SE,6894.967 -13310.006|6903.377 -13276.036|6888.054 -13276.080|6885.320 -13311.096|6886.012 -13311.096|6889.347 -13310.907|6892.639 -13310.351
348 PRESTWICK TC SE,6885.320 -13311.096|6888.054 -13276.080|6875.345 -13276.125|6875.331 -13311.085
352 PRESTWICK TC SE,6875.331 -13311.085|6875.345 -13276.125|6865.006 -13276.169|6864.992 -13311.085
356 PRESTWICK TC SE,6864.992 -13311.085|6865.006 -13276.169|6854.667 -13276.203|6854.653 -13310.684|6854.653 -13311.085
360 PRESTWICK TC SE,6854.653 -13311.085|6854.653 -13310.684|6854.667 -13276.203|6846.320 -13276.225|6844.328 -13276.236|6844.314 -13310.684|6844.314 -13311.085
364 PRESTWICK TC SE,6839.050 -13311.073|6844.314 -13311.085|6844.328 -13276.236|6842.343 -13276.236|6833.989 -13276.269|6833.975 -13310.640|6836.506 -13310.973
368 PRESTWICK TC SE,6833.975 -13310.640|6833.989 -13276.269|6823.650 -13276.303|6823.636 -13306.759|6826.076 -13308.082|6828.628 -13309.183|6831.270 -13310.039
372 PRESTWICK TC SE,6823.636 -13306.759|6823.650 -13276.303|6815.996 -13276.336|6813.011 -13279.338|6813.004 -13303.223|6813.989 -13304.113|6815.185 -13304.079|6816.373 -13304.135|6817.555 -13304.279|6818.722 -13304.524|6819.861 -13304.869|6820.973 -13305.291|6822.049 -13305.814|6823.077 -13306.414
380 PRESTWICK TC SE,6802.008 -13311.874|6802.854 -13310.495|6803.846 -13309.217|6804.972 -13308.049|6806.216 -13307.015|6807.034 -13305.447|6807.048 -13279.361|6804.063 -13276.381|6796.604 -13276.403|6796.073 -13308.616
384 PRESTWICK TC SE,6785.266 -13319.057|6800.176 -13319.057|6800.253 -13317.556|6800.484 -13316.055|6801.085 -13313.909|6802.008 -13311.874|6796.073 -13308.616|6796.604 -13276.403|6788.943 -13276.425|6785.916 -13279.439
345 PRESTWICK TC SE,6881.245 -13360.722|6894.037 -13360.722|6895.002 -13359.732|6894.002 -13331.578|6889.375 -13327.086|6881.259 -13327.086
349 PRESTWICK TC SE,6881.245 -13360.722|6881.259 -13327.086|6870.920 -13327.074|6870.913 -13360.722
353 PRESTWICK TC SE,6870.913 -13360.722|6870.920 -13327.074|6860.588 -13327.074|6860.574 -13360.711
357 PRESTWICK TC SE,6860.574 -13360.711|6860.588 -13327.074|6849.655 -13327.074|6849.648 -13360.711
361 PRESTWICK TC SE,6849.648 -13360.711|6849.655 -13327.074|6839.323 -13327.063|6839.309 -13360.711
365 PRESTWICK TC SE,6839.309 -13360.711|6839.323 -13327.063|6839.050 -13327.063|6836.324 -13327.197|6833.626 -13327.564|6830.976 -13328.186|6828.390 -13329.043|6828.383 -13360.711
369 PRESTWICK TC SE,6828.383 -13360.711|6828.390 -13329.043|6825.664 -13330.255|6823.070 -13331.722|6821.756 -13332.479|6820.372 -13333.079|6818.932 -13333.546|6817.457 -13333.868|6817.450 -13360.700
373 PRESTWICK TC SE,6817.457 -13333.868|6815.213 -13334.057|6812.962 -13333.902|6810.767 -13333.413|6808.663 -13332.590|6806.524 -13337.104|6806.517 -13360.700|6817.450 -13360.700
381 PRESTWICK TC SE,6808.663 -13332.590|6807.006 -13331.667|6805.482 -13330.533|6804.112 -13329.209|6802.917 -13327.730|6795.667 -13332.890|6795.213 -13360.700|6806.517 -13360.700|6806.524 -13337.104
385 PRESTWICK TC SE,6795.213 -13360.700|6795.667 -13332.890|6802.917 -13327.730|6802.092 -13326.407|6801.407 -13325.017|6800.868 -13323.561|6800.477 -13322.060|6800.253 -13320.570|6800.176 -13319.057|6785.266 -13319.057|6784.629 -13357.698|6787.558 -13360.700
3 ELGIN ESTATES PT SE,7592.708 -15495.665|7611.149 -15466.087|7611.253 -15465.920|7600.467 -15456.279|7599.838 -15455.790|7599.139 -15455.412|7598.391 -15455.145|7597.608 -15455.001|7596.818 -15454.978|7596.028 -15455.090|7595.266 -15455.334|7594.560 -15455.690|7593.512 -15456.535|7592.736 -15457.636|7580.181 -15482.366|7579.642 -15483.455|7579.775 -15483.578|7579.796 -15483.600|7579.803 -15483.611
7 ELGIN ESTATES PT SE,7623.221 -15476.595|7611.253 -15465.920|7611.149 -15466.087|7592.708 -15495.665|7593.826 -15496.643|7604.466 -15506.584|7623.116 -15476.761
11 ELGIN ESTATES PT SE,7635.322 -15487.003|7632.337 -15484.634|7629.443 -15482.154|7623.221 -15476.595|7623.116 -15476.761|7604.466 -15506.584|7605.619 -15507.607|7615.923 -15517.181|7616.231 -15517.526
15 ELGIN ESTATES PT SE,7649.023 -15495.998|7643.158 -15492.384|7639.173 -15489.782|7635.322 -15487.003|7616.231 -15517.526|7618.516 -15519.594|7627.185 -15525.476|7629.540 -15527.155
19 ELGIN ESTATES PT SE,7643.235 -15535.005|7660.599 -15507.251|7662.347 -15504.460|7662.452 -15504.293|7649.023 -15495.998|7648.918 -15496.176|7647.170 -15498.967|7630.177 -15526.143|7629.540 -15527.155|7638.209 -15532.971|7642.599 -15536.028
23 ELGIN ESTATES PT SE,7656.286 -15543.879|7674.021 -15515.535|7675.769 -15512.744|7675.873 -15512.577|7662.452 -15504.293|7662.347 -15504.460|7660.599 -15507.251|7643.235 -15535.005|7642.599 -15536.028|7649.806 -15540.865|7655.650 -15544.902
27 ELGIN ESTATES PT SE,7669.855 -15553.108|7687.974 -15524.142|7689.721 -15521.351|7689.826 -15521.184|7675.873 -15512.577|7675.769 -15512.744|7674.021 -15515.535|7656.286 -15543.879|7655.650 -15544.902|7661.026 -15548.493|7669.218 -15554.120
31 ELGIN ESTATES PT SE,7682.913 -15561.981|7702.227 -15531.102|7701.025 -15529.379|7699.634 -15527.811|7698.068 -15526.421|7696.355 -15525.209|7689.826 -15521.184|7689.721 -15521.351|7687.974 -15524.142|7669.855 -15553.108|7669.218 -15554.120|7672.441 -15556.255|7682.277 -15562.993
35 ELGIN ESTATES PT SE,7696.195 -15570.488|7713.203 -15543.301|7711.623 -15542.700|7710.127 -15541.922|7708.729 -15540.977|7707.442 -15539.876|7706.289 -15538.641|7705.282 -15537.274|7704.436 -15535.806|7703.758 -15534.260|7703.066 -15532.648|7702.227 -15531.102|7682.913 -15561.981|7682.277 -15562.993|7684.059 -15564.150|7695.559 -15571.511
39 ELGIN ESTATES PT SE,7710.343 -15580.840|7733.034 -15544.702|7734.887 -15541.755|7729.609 -15538.397|7729.434 -15538.297|7727.910 -15539.965|7726.156 -15541.388|7724.206 -15542.522|7722.101 -15543.356|7719.899 -15543.845|7717.648 -15544.012|7715.398 -15543.823|7713.203 -15543.301|7696.195 -15570.488|7695.559 -15571.511|7696.376 -15571.967
2 ELGIN ESTATES PT SE,7634.252 -15419.274|7620.977 -15408.443|7620.823 -15408.321|7620.187 -15409.344|7610.554 -15424.900|7605.235 -15433.840|7604.997 -15434.274|7604.731 -15435.019|7604.591 -15435.797|7604.570 -15436.587|7604.675 -15437.376|7604.906 -15438.132|7605.249 -15438.844|7605.703 -15439.500|7606.255 -15440.067|7615.867 -15448.651|7615.972 -15448.485
6 ELGIN ESTATES PT SE,7635.454 -15420.252|7634.252 -15419.274|7615.867 -15448.651|7626.898 -15458.503|7645.640 -15428.558
10 ELGIN ESTATES PT SE,7647.723 -15430.260|7645.640 -15428.558|7626.898 -15458.503|7638.467 -15468.822|7657.866 -15437.821|7654.161 -15435.508
14 ELGIN ESTATES PT SE,7660.557 -15439.500|7657.866 -15437.821|7638.467 -15468.822|7639.998 -15470.190|7644.864 -15474.215|7650.023 -15477.840|7670.232 -15445.549
18 ELGIN ESTATES PT SE,7673.434 -15447.539|7670.232 -15445.549|7650.023 -15477.840|7651.477 -15478.752|7663.018 -15485.879|7683.192 -15453.644
22 ELGIN ESTATES PT SE,7685.276 -15454.945|7683.192 -15453.644|7663.018 -15485.879|7675.426 -15493.530|7695.559 -15461.361
26 ELGIN ESTATES PT SE,7698.152 -15462.984|7695.559 -15461.361|7675.426 -15493.530|7688.344 -15501.502|7708.428 -15469.400
30 ELGIN ESTATES PT SE,7709.994 -15470.379|7708.428 -15469.400|7688.344 -15501.502|7700.752 -15509.164|7720.801 -15477.128
34 ELGIN ESTATES PT SE,7722.870 -15478.418|7720.801 -15477.128|7700.752 -15509.164|7704.674 -15511.588|7707.191 -15512.878|7709.889 -15513.756|7712.685 -15514.190|7715.516 -15514.179|7734.125 -15484.445|7726.135 -15480.464
38 ELGIN ESTATES PT SE,7735.236 -15485.001|7734.125 -15484.445|7715.516 -15514.179|7716.041 -15514.123|7717.921 -15514.034|7719.795 -15514.179|7721.633 -15514.557|7723.409 -15515.168|7725.100 -15515.991|7726.666 -15517.025|7728.092 -15518.248|7729.357 -15519.649|7747.288 -15490.994
42 ELGIN ESTATES PT SE,7762.031 -15498.356|7747.889 -15491.295|7747.288 -15490.994|7729.357 -15519.649|7730.567 -15521.406|7731.511 -15523.319|7732.175 -15525.354|7732.552 -15527.455|7732.622 -15529.601|7732.384 -15531.725|7731.853 -15533.793|7731.035 -15535.762|7731.217 -15535.850|7736.474 -15539.220
173 ELGIN ESTATES PA SE,7585.144 -15437.532|7584.976 -15437.443|7582.068 -15435.931|7553.372 -15420.997|7546.123 -15435.186|7577.853 -15451.465|7577.986 -15451.531|7584.508 -15438.788
177 ELGIN ESTATES PA SE,7592.253 -15424.489|7561.320 -15406.286|7558.629 -15410.478|7553.372 -15420.997|7585.144 -15437.532|7588.618 -15430.960
181 ELGIN ESTATES PA SE,7600.369 -15411.101|7570.086 -15392.131|7561.320 -15406.286|7592.253 -15424.489|7597.056 -15416.449
185 ELGIN ESTATES PA SE,7608.723 -15397.613|7578.440 -15378.654|7570.086 -15392.131|7600.369 -15411.101
189 ELGIN ESTATES PA SE,7617.076 -15384.136|7586.794 -15365.166|7578.440 -15378.654|7608.723 -15397.613
193 ELGIN ESTATES PA SE,7622.298 -15370.092|7598.482 -15346.296|7586.794 -15365.166|7617.076 -15384.136|7617.852 -15382.868|7618.740 -15381.256|7619.467 -15379.555|7620.005 -15377.787|7620.369 -15375.974|7620.656 -15374.451|7621.082 -15372.950|7621.627 -15371.493
197 ELGIN ESTATES PA SE,7633.448 -15361.219|7613.001 -15322.801|7598.482 -15346.296|7622.298 -15370.092|7623.242 -15368.524|7624.340 -15367.057|7625.584 -15365.711|7626.954 -15364.499|7628.443 -15363.432|7630.037 -15362.520|7631.708 -15361.786
205 ELGIN ESTATES PA SE,7677.341 -15342.683|7664.535 -15334.365|7646.751 -15362.865|7648.520 -15363.999|7650.148 -15365.333|7651.609 -15366.845|7652.889 -15368.524|7653.993 -15370.003|7655.244 -15371.349|7656.622 -15372.572|7658.125 -15373.639|7659.523 -15374.529|7678.816 -15343.639
209 ELGIN ESTATES PA SE,7690.169 -15350.989|7688.274 -15349.777|7678.816 -15343.639|7659.523 -15374.529|7672.322 -15382.702|7691.567 -15351.878
213 ELGIN ESTATES PA SE,7703.038 -15359.173|7691.567 -15351.878|7672.322 -15382.702|7685.115 -15390.863|7704.374 -15360.029
217 ELGIN ESTATES PA SE,7715.901 -15367.368|7704.374 -15360.029|7685.115 -15390.863|7697.914 -15399.025|7717.173 -15368.180
221 ELGIN ESTATES PA SE,7728.791 -15375.507|7723.395 -15372.138|7717.173 -15368.180|7697.914 -15399.025|7710.707 -15407.198|7730.015 -15376.275
225 ELGIN ESTATES PA SE,7741.731 -15383.580|7730.015 -15376.275|7710.707 -15407.198|7723.506 -15415.360|7742.898 -15384.314
229 ELGIN ESTATES PA SE,7754.663 -15391.664|7742.898 -15384.314|7723.506 -15415.360|7729.966 -15419.485|7734.887 -15422.521|7736.376 -15423.410|7755.768 -15392.353
233 ELGIN ESTATES PA SE,7767.721 -15399.537|7758.976 -15394.355|7755.768 -15392.353|7736.376 -15423.410|7749.413 -15431.183|7768.791 -15400.170
237 ELGIN ESTATES PA SE,7780.849 -15407.309|7768.791 -15400.170|7749.413 -15431.183|7762.457 -15438.955|7781.849 -15407.898
241 ELGIN ESTATES PA SE,7793.970 -15415.082|7781.849 -15407.898|7762.457 -15438.955|7775.075 -15446.483|7775.180 -15446.316|7776.928 -15443.514|7793.845 -15416.405|7794.481 -15415.382
245 ELGIN ESTATES PA SE,7786.365 -15452.977|7787.574 -15453.144|7788.784 -15452.999|7789.923 -15452.565|7790.923 -15451.865|7791.775 -15450.809|7808.623 -15423.799|7794.481 -15415.382|7793.845 -15416.405|7776.928 -15443.514|7775.180 -15446.316|7775.075 -15446.483|7785.072 -15452.443
206 ELGIN ESTATES PA SE,7654.336 -15390.163|7642.613 -15382.679|7641.732 -15382.235|7640.788 -15381.968|7639.809 -15381.901|7638.838 -15382.023|7637.908 -15382.335|7637.062 -15382.824|7636.321 -15383.480|7635.727 -15384.258|7620.823 -15408.321|7634.252 -15419.274|7635.454 -15420.252
210 ELGIN ESTATES PA SE,7667.660 -15398.658|7654.336 -15390.163|7635.454 -15420.252|7645.640 -15428.558|7647.723 -15430.260
214 ELGIN ESTATES PA SE,7680.969 -15407.153|7667.660 -15398.658|7647.723 -15430.260|7654.161 -15435.508|7657.866 -15437.821|7660.557 -15439.500
218 ELGIN ESTATES PA SE,7693.762 -15415.315|7680.969 -15407.153|7660.557 -15439.500|7670.232 -15445.549|7673.434 -15447.539
222 ELGIN ESTATES PA SE,7705.534 -15422.832|7693.762 -15415.315|7673.434 -15447.539|7683.192 -15453.644|7685.276 -15454.945
226 ELGIN ESTATES PA SE,7718.334 -15430.994|7705.534 -15422.832|7685.276 -15454.945|7695.559 -15461.361|7698.152 -15462.984
230 ELGIN ESTATES PA SE,7730.217 -15438.321|7726.785 -15436.275|7721.451 -15432.984|7718.334 -15430.994|7698.152 -15462.984|7708.428 -15469.400|7709.994 -15470.379
234 ELGIN ESTATES PA SE,7743.262 -15446.105|7730.217 -15438.321|7709.994 -15470.379|7720.801 -15477.128|7722.870 -15478.418
238 ELGIN ESTATES PA SE,7755.257 -15453.255|7743.262 -15446.105|7722.870 -15478.418|7726.135 -15480.464|7734.125 -15484.445|7735.236 -15485.001
242 ELGIN ESTATES PA SE,7767.232 -15460.394|7755.257 -15453.255|7735.236 -15485.001|7747.288 -15490.994|7747.889 -15491.295|7767.120 -15460.560
246 ELGIN ESTATES PA SE,7778.011 -15472.814|7778.410 -15472.080|7778.675 -15471.280|7778.808 -15470.068|7778.640 -15468.856|7778.186 -15467.721|7777.466 -15466.732|7776.375 -15465.842|7767.232 -15460.394|7767.120 -15460.560|7747.889 -15491.295|7762.031 -15498.356
48 ELGIN TC SE,7700.690 -15803.908|7684.563 -15774.286|7675.007 -15779.301|7689.987 -15809.557
99 ELGIN TC SE,7715.076 -15864.398|7712.636 -15863.342|7712.378 -15863.264|7710.315 -15864.120|7708.169 -15864.709|7705.967 -15865.021|7703.744 -15865.065|7711.700 -15898.591|7722.115 -15893.843
103 ELGIN TC SE,7738.983 -15885.369|7728.603 -15852.567|7721.591 -15856.359|7720.417 -15857.037|7719.822 -15858.560|7725.778 -15883.635|7734.691 -15887.582
107 ELGIN TC SE,7750.322 -15879.532|7737.390 -15847.541|7728.603 -15852.567|7738.983 -15885.369
111 ELGIN TC SE,7761.031 -15872.671|7745.995 -15842.281|7737.390 -15847.541|7750.322 -15879.532
115 ELGIN TC SE,7771.531 -15865.955|7754.453 -15836.800|7745.995 -15842.281|7761.031 -15872.671
119 ELGIN TC SE,7782.338 -15859.039|7762.702 -15831.129|7754.453 -15836.800|7771.531 -15865.955
123 ELGIN TC SE,7791.230 -15852.233|7770.979 -15825.091|7762.702 -15831.129|7782.338 -15859.039
127 ELGIN TC SE,7800.108 -15845.428|7779.088 -15818.830|7770.979 -15825.091|7791.230 -15852.233
131 ELGIN TC SE,7806.393 -15840.614|7808.839 -15838.423|7787.015 -15812.337|7779.088 -15818.830|7800.108 -15845.428
135 ELGIN TC SE,7817.186 -15830.962|7794.760 -15805.632|7787.015 -15812.337|7808.839 -15838.423
139 ELGIN TC SE,7825.525 -15823.501|7802.324 -15798.704|7794.760 -15805.632|7817.186 -15830.962
143 ELGIN TC SE,7833.879 -15816.028|7809.692 -15791.577|7802.324 -15798.704|7825.525 -15823.501
147 ELGIN TC SE,7841.492 -15807.789|7816.857 -15784.238|7809.692 -15791.577|7833.879 -15816.028
151 ELGIN TC SE,7849.090 -15799.560|7823.813 -15776.710|7816.857 -15784.238|7841.492 -15807.789
155 ELGIN TC SE,7856.703 -15791.332|7830.566 -15768.982|7823.813 -15776.710|7849.090 -15799.560
159 ELGIN TC SE,7857.514 -15790.453|7864.441 -15780.824|7836.766 -15761.131|7834.669 -15763.978|7832.460 -15766.724|7830.566 -15768.982|7856.703 -15791.332
163 ELGIN TC SE,7872.529 -15769.604|7842.030 -15752.736|7839.513 -15757.006|7836.766 -15761.131|7864.441 -15780.824
167 ELGIN TC SE,7878.674 -15757.173|7846.315 -15743.796|7844.295 -15748.333|7842.030 -15752.736|7872.529 -15769.604
171 ELGIN TC SE,7882.085 -15750.279|7882.980 -15746.620|7853.201 -15735.434|7850.139 -15734.289|7849.957 -15734.211|7847.350 -15741.161|7846.315 -15743.796|7878.674 -15757.173
175 ELGIN TC SE,7886.133 -15733.733|7853.648 -15724.915|7853.459 -15724.860|7849.957 -15734.211|7850.139 -15734.289|7853.201 -15735.434|7882.980 -15746.620
179 ELGIN TC SE,7889.209 -15721.179|7888.468 -15720.045|7881.813 -15718.855|7875.179 -15717.532|7868.573 -15716.075|7862.002 -15714.474|7861.079 -15714.396|7860.632 -15714.441|7859.541 -15714.585|7858.507 -15714.974|7857.591 -15715.586|7856.829 -15716.387|7856.137 -15717.554|7853.459 -15724.860|7853.648 -15724.915|7886.133 -15733.733
91 ELGIN TC SE,7669.526 -15883.702|7692.182 -15860.395|7690.609 -15858.805|7689.253 -15857.026|7688.128 -15855.102|7687.247 -15853.045|7687.037 -15852.978|7684.765 -15852.478|7662.808 -15874.895
87 ELGIN TC SE,7682.284 -15846.451|7682.368 -15844.950|7676.929 -15837.811|7676.768 -15837.945|7651.085 -15859.539|7655.811 -15865.732|7662.941 -15866.355
83 ELGIN TC SE,7676.768 -15837.945|7676.929 -15837.811|7670.316 -15829.138|7670.155 -15829.272|7644.158 -15850.454|7651.085 -15859.539
79 ELGIN TC SE,7670.155 -15829.272|7670.316 -15829.138|7664.514 -15821.544|7664.185 -15821.110|7664.018 -15821.221|7636.755 -15840.758|7644.158 -15850.454
75 ELGIN TC SE,7636.755 -15840.758|7661.375 -15823.134|7664.018 -15821.221|7664.185 -15821.110|7661.075 -15816.695|7658.236 -15812.103|7629.317 -15830.995
71 ELGIN TC SE,7658.236 -15812.103|7655.818 -15807.622|7653.665 -15802.996|7621.998 -15821.388|7629.317 -15830.995
67 ELGIN TC SE,7653.665 -15802.996|7652.770 -15800.839|7652.148 -15799.460|7651.414 -15798.137|7650.568 -15796.869|7649.624 -15795.691|7648.946 -15794.879|7617.929 -15804.264|7621.998 -15821.388
63 ELGIN TC SE,7648.946 -15794.879|7647.590 -15792.844|7646.513 -15790.643|7645.744 -15788.319|7645.304 -15785.906|7614.406 -15789.375|7617.929 -15804.264
59 ELGIN TC SE,7645.304 -15785.906|7645.185 -15783.671|7645.346 -15781.436|7645.779 -15779.234|7646.478 -15777.099|7608.261 -15763.400|7614.406 -15789.375
55 ELGIN TC SE,7646.478 -15777.099|7647.450 -15775.064|7648.666 -15773.163|7650.106 -15771.439|7651.756 -15769.894|7626.835 -15745.019|7617.601 -15748.589|7614.644 -15749.411|7607.737 -15761.176|7608.261 -15763.400
51 ELGIN TC SE,7651.756 -15769.894|7653.937 -15768.359|7656.321 -15767.169|7658.859 -15766.346|7661.487 -15765.913|7642.599 -15738.948|7626.835 -15745.019
47 ELGIN TC SE,7661.487 -15765.913|7662.508 -15765.846|7664.465 -15765.679|7666.387 -15765.301|7668.261 -15764.701|7670.057 -15763.900|7671.448 -15763.188|7654.378 -15734.078|7652.896 -15734.978|7642.599 -15738.948
43 ELGIN TC SE,7671.448 -15763.188|7676.419 -15760.531|7681.326 -15757.784|7663.626 -15728.507|7654.378 -15734.078
39 ELGIN TC SE,7681.326 -15757.784|7686.177 -15754.916|7690.959 -15751.958|7672.881 -15722.925|7663.626 -15728.507
35 ELGIN TC SE,7690.959 -15751.958|7695.978 -15748.700|7700.913 -15745.319|7681.815 -15717.532|7672.881 -15722.925
31 ELGIN TC SE,7700.913 -15745.319|7705.779 -15741.828|7710.560 -15738.236|7690.134 -15711.238|7685.031 -15715.597|7681.815 -15717.532
27 ELGIN TC SE,7710.560 -15738.236|7715.265 -15734.522|7719.878 -15730.708|7698.068 -15704.466|7690.134 -15711.238
23 ELGIN TC SE,7719.878 -15730.708|7724.401 -15726.794|7728.840 -15722.769|7706.002 -15697.695|7703.290 -15699.996|7698.068 -15704.466
19 ELGIN TC SE,7728.840 -15722.769|7733.188 -15718.655|7737.438 -15714.430|7713.964 -15690.890|7706.002 -15697.695
15 ELGIN TC SE,7737.438 -15714.430|7741.591 -15710.115|7745.645 -15705.701|7720.577 -15682.761|7714.041 -15690.823|7713.964 -15690.890
57 ELGIN MEADOWS WY SE,7830.041 -15741.250|7831.321 -15738.414|7832.474 -15735.523|7840.576 -15713.740|7840.898 -15712.439|7840.828 -15711.138|7840.429 -15709.904|7839.730 -15708.814|7838.772 -15707.947|7837.514 -15707.246|7830.936 -15704.933|7818.409 -15737.725|7828.678 -15741.772
53 ELGIN MEADOWS WY SE,7830.936 -15704.933|7821.394 -15701.320|7807.833 -15733.544|7818.409 -15737.725
49 ELGIN MEADOWS WY SE,7821.394 -15701.320|7816.997 -15699.541|7811.943 -15697.394|7797.319 -15729.396|7807.833 -15733.544
3 ELGIN TC SE,7760.836 -15687.165|7766.246 -15679.548|7766.861 -15678.369|7767.113 -15677.046|7767.008 -15675.711|7766.554 -15674.455|7765.778 -15673.365|7764.708 -15672.398|7741.486 -15658.532|7739.997 -15658.799|7733.720 -15666.560
7 ELGIN TC SE,7753.454 -15696.605|7757.201 -15691.935|7760.836 -15687.165|7733.720 -15666.560|7727.149 -15674.655
11 ELGIN TC SE,7745.645 -15705.701|7749.602 -15701.197|7753.454 -15696.605|7727.149 -15674.655|7720.577 -15682.761
37 ELGIN MEADOWS WY SE,7793.663 -15688.799|7786.973 -15685.296|7786.260 -15685.030|7785.505 -15684.874|7784.428 -15684.796|7783.366 -15684.963|7782.359 -15685.352|7781.465 -15685.964|7780.535 -15686.875|7776.627 -15692.502|7772.580 -15698.017|7768.399 -15703.443|7764.086 -15708.759|7764.282 -15710.060|7775.844 -15717.476
41 ELGIN MEADOWS WY SE,7802.681 -15693.214|7793.663 -15688.799|7775.844 -15717.476|7784.946 -15723.336|7786.644 -15724.415
45 ELGIN MEADOWS WY SE,7811.943 -15697.394|7802.681 -15693.214|7786.644 -15724.415|7788.413 -15725.293|7789.762 -15726.416|7797.319 -15729.396
48 PRESTWICK CL SE,7092.141 -13451.090|7092.155 -13417.709|7081.214 -13417.709|7081.207 -13451.090|7091.546 -13451.090
52 PRESTWICK CL SE,7102.479 -13451.101|7102.493 -13417.721|7092.155 -13417.709|7092.141 -13451.090|7093.748 -13451.090
5001 ELGIN AV SE,8145.794 -15473.759|8146.277 -15473.548|8154.910 -15469.745|8155.798 -15469.356|8140.460 -15437.821|8134.540 -15440.423|8133.302 -15441.201|8132.505 -15442.091|8131.946 -15443.147|8131.618 -15444.337|8131.597 -15445.571|8131.736 -15446.305|8131.981 -15447.017|8136.490 -15457.313|8139.496 -15463.496|8144.424 -15473.281|8144.725 -15473.381
5005 ELGIN AV SE,8165.081 -15465.275|8150.205 -15433.529|8140.460 -15437.821|8155.798 -15469.356
5009 ELGIN AV SE,8174.413 -15461.161|8159.859 -15429.281|8150.205 -15433.529|8165.081 -15465.275
5013 ELGIN AV SE,8183.787 -15457.035|8169.422 -15425.067|8159.859 -15429.281|8174.413 -15461.161
5017 ELGIN AV SE,8193.099 -15452.932|8179.111 -15420.797|8169.422 -15425.067|8183.787 -15457.035
5021 ELGIN AV SE,8202.536 -15448.785|8188.548 -15416.649|8179.111 -15420.797|8193.099 -15452.932
5025 ELGIN AV SE,8211.980 -15444.626|8197.992 -15412.491|8188.548 -15416.649|8202.536 -15448.785
5029 ELGIN AV SE,8221.417 -15440.467|8207.429 -15408.343|8205.416 -15409.222|8197.992 -15412.491|8211.980 -15444.626
5033 ELGIN AV SE,8230.659 -15436.398|8217.349 -15404.207|8207.429 -15408.343|8221.417 -15440.467
5037 ELGIN AV SE,8240.019 -15432.951|8227.569 -15400.270|8217.349 -15404.207|8230.659 -15436.398
5041 ELGIN AV SE,8249.379 -15429.515|8237.894 -15396.634|8227.569 -15400.270|8240.019 -15432.951
5045 ELGIN AV SE,8258.746 -15426.068|8248.310 -15393.287|8237.894 -15396.634|8249.379 -15429.515
5049 ELGIN AV SE,8268.386 -15423.499|8258.809 -15390.241|8248.310 -15393.287|8258.746 -15426.068
5053 ELGIN AV SE,8278.012 -15420.919|8269.393 -15387.494|8258.809 -15390.241|8268.386 -15423.499
5057 ELGIN AV SE,8287.967 -15418.262|8279.438 -15385.170|8275.503 -15386.049|8269.393 -15387.494|8278.012 -15420.919
5061 ELGIN AV SE,8298.103 -15416.238|8289.560 -15383.113|8287.631 -15383.491|8279.438 -15385.170|8287.967 -15418.262
5065 ELGIN AV SE,8308.239 -15414.225|8299.711 -15381.145|8289.560 -15383.113|8298.103 -15416.238
5069 ELGIN AV SE,8311.762 -15413.525|8316.998 -15406.397|8310.951 -15379.977|8309.756 -15379.188|8299.711 -15381.145|8308.239 -15414.225
25 ELGIN MEADOWS GR SE,8174.553 -15360.040|8159.740 -15329.584|8150.268 -15333.776|8165.081 -15364.254
2 ELGIN MEADOWS GR SE,8083.474 -15340.436|8083.963 -15341.304|8084.614 -15342.060|8085.403 -15342.660|8086.291 -15343.105|8087.473 -15343.394|8088.696 -15343.383|8090.031 -15342.994|8097.120 -15339.847|8097.043 -15339.669|8083.502 -15308.757|8081.699 -15309.558|8073.240 -15313.305|8072.772 -15313.505|8072.261 -15314.828
6 ELGIN MEADOWS GR SE,8106.627 -15335.644|8093.009 -15304.543|8083.502 -15308.757|8097.043 -15339.669|8097.120 -15339.847
10 ELGIN MEADOWS GR SE,8116.127 -15331.430|8102.509 -15300.328|8093.009 -15304.543|8106.627 -15335.644
14 ELGIN MEADOWS GR SE,8126.130 -15326.993|8112.513 -15295.903|8102.509 -15300.328|8116.127 -15331.430
18 ELGIN MEADOWS GR SE,8135.630 -15322.790|8122.020 -15291.689|8112.513 -15295.903|8126.130 -15326.993
22 ELGIN MEADOWS GR SE,8145.137 -15318.576|8131.520 -15287.474|8122.020 -15291.689|8135.630 -15322.790
26 ELGIN MEADOWS GR SE,8155.140 -15314.139|8141.523 -15283.049|8131.520 -15287.474|8145.137 -15318.576
30 ELGIN MEADOWS GR SE,8164.641 -15309.936|8151.023 -15278.835|8141.523 -15283.049|8155.140 -15314.139
34 ELGIN MEADOWS GR SE,8167.374 -15308.724|8174.127 -15305.677|8160.530 -15274.620|8151.023 -15278.835|8164.641 -15309.936
38 ELGIN MEADOWS GR SE,8174.127 -15305.677|8184.018 -15300.996|8170.422 -15269.939|8166.940 -15271.785|8160.530 -15274.620
42 ELGIN MEADOWS GR SE,8184.018 -15300.996|8193.336 -15296.359|8179.628 -15265.046|8170.422 -15269.939
46 ELGIN MEADOWS GR SE,8193.336 -15296.359|8196.629 -15294.669|8198.265 -15293.712|8199.789 -15292.578|8201.187 -15291.288|8202.438 -15289.865|8189.317 -15259.898|8179.628 -15265.046
50 ELGIN MEADOWS GR SE,8202.438 -15289.865|8202.795 -15289.398|8204.388 -15287.519|8206.227 -15285.884|8208.268 -15284.505|8210.477 -15283.427|8202.270 -15253.015|8189.317 -15259.898
54 ELGIN MEADOWS GR SE,8224.710 -15243.497|8225.395 -15238.549|8202.270 -15253.015|8210.477 -15283.427|8212.623 -15282.715|8214.839 -15282.282|8217.090 -15282.126|8219.341 -15282.259
58 ELGIN MEADOWS GR SE,8246.716 -15257.763|8237.432 -15245.243|8224.710 -15243.497|8219.341 -15282.259|8221.494 -15282.660|8223.584 -15283.327|8225.577 -15284.239|8227.443 -15285.384
62 ELGIN MEADOWS GR SE,8256.593 -15271.095|8249.491 -15261.499|8246.716 -15257.763|8227.443 -15285.384|8229.484 -15287.063|8231.253 -15289.031|8232.721 -15291.233|8233.846 -15293.623
66 ELGIN MEADOWS GR SE,8265.150 -15282.626|8256.593 -15271.095|8233.846 -15293.623|8234.315 -15294.991|8234.664 -15296.392|8235.146 -15298.216|8235.818 -15299.962|8236.663 -15301.641|8237.677 -15303.220
70 ELGIN MEADOWS GR SE,8271.357 -15291.010|8265.150 -15282.626|8237.677 -15303.220|8237.824 -15303.431|8243.885 -15311.593
74 ELGIN MEADOWS GR SE,8278.851 -15301.118|8271.357 -15291.010|8243.885 -15311.593|8246.401 -15314.995|8250.176 -15320.321
78 ELGIN MEADOWS GR SE,8284.870 -15311.604|8278.851 -15301.118|8250.176 -15320.321|8253.280 -15325.058|8255.636 -15328.939
82 ELGIN MEADOWS GR SE,8291.308 -15322.823|8284.870 -15311.604|8255.636 -15328.939|8258.271 -15333.609|8260.753 -15338.357
86 ELGIN MEADOWS GR SE,8296.418 -15334.243|8291.308 -15322.823|8260.753 -15338.357|8262.955 -15342.938|8265.010 -15347.586
90 ELGIN MEADOWS GR SE,8301.668 -15347.397|8299.857 -15341.938|8296.418 -15334.243|8265.010 -15347.586|8266.981 -15352.490|8268.799 -15357.460
94 ELGIN MEADOWS GR SE,8284.366 -15366.512|8305.603 -15362.386|8305.743 -15362.142|8306.261 -15361.252|8306.100 -15360.763|8301.668 -15347.397|8268.799 -15357.460|8271.071 -15364.577|8271.693 -15365.911|8272.413 -15366.767|8273.307 -15367.457|8274.335 -15367.913|8275.447 -15368.124|8276.873 -15368.046
501 MCKENZIE TOWNE DR SE,8069.060 -15307.512|8070.367 -15308.023|8070.835 -15307.812|8077.889 -15304.687|8063.411 -15272.541|8061.636 -15273.341|8059.469 -15274.320|8058.595 -15274.820|8057.840 -15275.476|8057.232 -15276.277|8056.798 -15277.178|8056.547 -15278.156|8056.498 -15279.157|8056.652 -15280.147|8056.994 -15281.092|8062.915 -15293.468
505 MCKENZIE TOWNE DR SE,8083.970 -15301.996|8069.584 -15269.817|8063.411 -15272.530|8077.889 -15304.687
509 MCKENZIE TOWNE DR SE,8090.080 -15299.283|8075.701 -15267.126|8069.584 -15269.817|8083.970 -15301.996
513 MCKENZIE TOWNE DR SE,8096.190 -15296.581|8081.824 -15264.424|8075.701 -15267.126|8090.080 -15299.283
517 MCKENZIE TOWNE DR SE,8102.306 -15293.868|8087.941 -15261.733|8081.824 -15264.424|8096.190 -15296.581
521 MCKENZIE TOWNE DR SE,8108.416 -15291.166|8094.058 -15259.042|8087.941 -15261.733|8102.306 -15293.868
525 MCKENZIE TOWNE DR SE,8114.526 -15288.453|8100.174 -15256.351|8094.058 -15259.042|8108.416 -15291.166
529 MCKENZIE TOWNE DR SE,8120.635 -15285.751|8106.291 -15253.660|8100.174 -15256.351|8114.526 -15288.453
533 MCKENZIE TOWNE DR SE,8126.745 -15283.038|8112.408 -15250.958|8106.291 -15253.660|8120.635 -15285.751
537 MCKENZIE TOWNE DR SE,8132.855 -15280.336|8118.524 -15248.267|8112.408 -15250.958|8126.745 -15283.038
541 MCKENZIE TOWNE DR SE,8138.971 -15277.622|8124.648 -15245.576|8118.524 -15248.267|8132.855 -15280.336
545 MCKENZIE TOWNE DR SE,8145.088 -15274.909|8130.772 -15242.874|8124.648 -15245.576|8138.971 -15277.622
549 MCKENZIE TOWNE DR SE,8151.282 -15272.174|8136.881 -15240.183|8136.385 -15240.406|8130.772 -15242.874|8145.088 -15274.909
553 MCKENZIE TOWNE DR SE,8157.811 -15269.283|8142.921 -15237.470|8136.881 -15240.183|8151.282 -15272.174
557 MCKENZIE TOWNE DR SE,8164.340 -15266.381|8148.919 -15234.657|8142.921 -15237.470|8157.811 -15269.283
561 MCKENZIE TOWNE DR SE,8170.645 -15263.034|8154.882 -15231.755|8148.919 -15234.657|8164.340 -15266.381
565 MCKENZIE TOWNE DR SE,8176.951 -15259.687|8160.803 -15228.775|8154.882 -15231.755|8170.645 -15263.034
569 MCKENZIE TOWNE DR SE,8183.256 -15256.340|8166.675 -15225.694|8160.803 -15228.775|8176.951 -15259.687
573 MCKENZIE TOWNE DR SE,8189.555 -15252.993|8172.505 -15222.537|8166.675 -15225.694|8183.256 -15256.340
577 MCKENZIE TOWNE DR SE,8195.797 -15249.668|8178.293 -15219.290|8172.505 -15222.537|8189.555 -15252.993
581 MCKENZIE TOWNE DR SE,8199.299 -15247.811|8201.998 -15246.121|8184.025 -15215.965|8178.293 -15219.290|8195.797 -15249.668
585 MCKENZIE TOWNE DR SE,8209.380 -15241.506|8189.541 -15212.651|8184.025 -15215.965|8201.998 -15246.121
589 MCKENZIE TOWNE DR SE,8217.223 -15236.592|8194.958 -15209.304|8189.541 -15212.651|8209.380 -15241.506
593 MCKENZIE TOWNE DR SE,8219.173 -15235.368|8220.376 -15226.528|8201.054 -15205.401|8194.958 -15209.304|8217.223 -15236.592
55 ELGIN MEADOWS GD SE,8311.804 -15280.224|8307.743 -15273.864|8279.816 -15292.389|8283.835 -15297.815
59 ELGIN MEADOWS GD SE,8307.743 -15273.864|8303.527 -15267.615|8275.810 -15286.985|8279.816 -15292.389
63 ELGIN MEADOWS GD SE,8303.527 -15267.615|8299.165 -15261.455|8271.812 -15281.581|8275.810 -15286.985
67 ELGIN MEADOWS GD SE,8299.165 -15261.455|8297.502 -15259.197|8294.957 -15255.762|8267.771 -15276.132|8271.812 -15281.581
71 ELGIN MEADOWS GD SE,8294.957 -15255.762|8290.896 -15250.280|8263.710 -15270.651|8267.771 -15276.132
75 ELGIN MEADOWS GD SE,8290.896 -15250.280|8286.834 -15244.798|8259.648 -15265.169|8263.710 -15270.651
79 ELGIN MEADOWS GD SE,8286.834 -15244.798|8282.773 -15239.316|8255.587 -15259.698|8259.648 -15265.169
83 ELGIN MEADOWS GD SE,8282.773 -15239.316|8278.711 -15233.834|8251.525 -15254.216|8255.587 -15259.698
87 ELGIN MEADOWS GD SE,8278.711 -15233.834|8274.643 -15228.352|8247.457 -15248.734|8251.525 -15254.216
91 ELGIN MEADOWS GD SE,8274.643 -15228.352|8273.300 -15226.540|8270.295 -15222.537|8243.437 -15243.308|8247.457 -15248.734
95 ELGIN MEADOWS GD SE,8270.295 -15222.537|8265.926 -15216.910|8239.068 -15238.115|8241.822 -15241.128|8243.437 -15243.308
99 ELGIN MEADOWS GD SE,8265.926 -15216.910|8261.654 -15211.595|8234.454 -15233.067|8239.068 -15238.115
103 ELGIN MEADOWS GD SE,8261.654 -15211.595|8257.285 -15206.347|8229.841 -15228.018|8234.454 -15233.067
107 ELGIN MEADOWS GD SE,8257.285 -15206.347|8252.818 -15201.187|8225.227 -15222.981|8229.841 -15228.018
111 ELGIN MEADOWS GD SE,8252.818 -15201.187|8248.261 -15196.083|8220.613 -15217.933|8225.227 -15222.981
115 ELGIN MEADOWS GD SE,8248.261 -15196.083|8243.542 -15190.991|8215.930 -15212.807|8220.613 -15217.933
119 ELGIN MEADOWS GD SE,8243.542 -15190.991|8239.243 -15186.509|8237.768 -15186.409|8232.399 -15190.579|8226.968 -15194.660|8221.480 -15198.663|8215.937 -15202.588|8214.895 -15211.673|8215.930 -15212.807
74 ELGIN MEADOWS GD SE,8334.083 -15223.348|8330.091 -15217.955|8302.248 -15238.838|8306.233 -15244.220
78 ELGIN MEADOWS GD SE,8330.091 -15217.955|8326.100 -15212.573|8298.257 -15233.445|8302.248 -15238.838
82 ELGIN MEADOWS GD SE,8326.100 -15212.573|8322.115 -15207.192|8294.265 -15228.063|8298.257 -15233.445
86 ELGIN MEADOWS GD SE,8322.115 -15207.192|8318.130 -15201.821|8290.280 -15222.692|8294.265 -15228.063
90 ELGIN MEADOWS GD SE,8318.130 -15201.821|8313.468 -15195.527|8285.834 -15216.699|8286.051 -15216.977|8290.280 -15222.692
94 ELGIN MEADOWS GD SE,8313.468 -15195.527|8308.798 -15189.223|8281.563 -15211.039|8285.834 -15216.699
98 ELGIN MEADOWS GD SE,8308.798 -15189.223|8304.205 -15183.029|8277.047 -15205.290|8281.563 -15211.039
102 ELGIN MEADOWS GD SE,8304.205 -15183.029|8298.543 -15176.835|8272.846 -15200.120|8277.047 -15205.290
106 ELGIN MEADOWS GD SE,8298.543 -15176.835|8293.908 -15171.776|8268.435 -15194.860|8272.846 -15200.120
110 ELGIN MEADOWS GD SE,8293.908 -15171.776|8289.288 -15166.717|8263.933 -15189.678|8268.435 -15194.860
114 ELGIN MEADOWS GD SE,8289.288 -15166.717|8283.646 -15160.545|8282.262 -15160.512|8277.222 -15165.382|8272.112 -15170.175|8266.925 -15174.901|8261.675 -15179.549|8260.997 -15180.271|8260.473 -15181.105|8260.123 -15182.039|8259.970 -15183.018|8260.012 -15184.019|8260.242 -15184.975|8260.662 -15185.876|8261.249 -15186.676|8263.933 -15189.678
7 ELGIN MEADOWS GD SE,8312.168 -15360.107|8312.867 -15360.518|8313.461 -15360.863|8340.053 -15355.704|8340.745 -15355.515|8341.402 -15355.225|8342.443 -15354.503|8343.275 -15353.535|8343.646 -15352.846|8343.904 -15352.112|8344.051 -15351.345|8344.072 -15350.566|8343.834 -15349.254|8341.674 -15342.805|8309.602 -15352.368|8312.007 -15359.618
11 ELGIN MEADOWS GD SE,8341.674 -15342.805|8338.522 -15334.154|8307.519 -15346.085|8309.602 -15352.368
15 ELGIN MEADOWS GD SE,8338.522 -15334.154|8335.788 -15327.215|8305.415 -15339.747|8307.519 -15346.085
19 ELGIN MEADOWS GD SE,8335.788 -15327.215|8332.852 -15320.255|8302.661 -15333.587|8305.415 -15339.747
23 ELGIN MEADOWS GD SE,8332.852 -15320.255|8329.749 -15313.383|8299.906 -15327.427|8302.661 -15333.587
27 ELGIN MEADOWS GD SE,8329.749 -15313.383|8326.477 -15306.578|8297.152 -15321.266|8299.906 -15327.427
35 ELGIN MEADOWS GD SE,8326.477 -15306.578|8323.052 -15299.850|8293.901 -15315.351|8296.621 -15320.088|8297.152 -15321.266
39 ELGIN MEADOWS GD SE,8323.052 -15299.850|8319.459 -15293.223|8290.546 -15309.502|8293.901 -15315.351
43 ELGIN MEADOWS GD SE,8319.459 -15293.223|8315.705 -15286.674|8287.191 -15303.664|8290.546 -15309.502
51 ELGIN MEADOWS GD SE,8315.705 -15286.674|8311.804 -15280.224|8283.835 -15297.815|8287.191 -15303.664
2 ELGIN MEADOWS GD SE,8365.449 -15350.911|8377.934 -15349.010|8394.550 -15345.774|8394.704 -15345.529|8395.228 -15344.640|8395.068 -15344.139|8392.090 -15334.654|8391.789 -15333.709|8390.377 -15334.110|8358.528 -15343.005|8359.961 -15347.475|8360.479 -15348.721|8361.052 -15349.399|8361.737 -15349.955|8362.807 -15350.577|8364.002 -15350.922
6 ELGIN MEADOWS GD SE,8391.789 -15333.709|8389.713 -15327.115|8356.382 -15336.667|8358.528 -15343.005
10 ELGIN MEADOWS GD SE,8389.713 -15327.115|8387.315 -15319.487|8354.201 -15330.629|8356.382 -15336.667
14 ELGIN MEADOWS GD SE,8387.315 -15319.487|8386.770 -15317.753|8384.260 -15311.859|8351.915 -15324.669|8354.201 -15330.629
18 ELGIN MEADOWS GD SE,8384.260 -15311.859|8381.422 -15305.210|8349.434 -15318.564|8351.915 -15324.669
22 ELGIN MEADOWS GD SE,8381.422 -15305.210|8378.696 -15298.805|8346.812 -15312.471|8349.434 -15318.564
26 ELGIN MEADOWS GD SE,8378.696 -15298.805|8375.963 -15292.389|8344.044 -15306.389|8346.812 -15312.471
30 ELGIN MEADOWS GD SE,8375.963 -15292.389|8373.229 -15285.984|8341.164 -15300.362|8344.044 -15306.389
34 ELGIN MEADOWS GD SE,8373.229 -15285.984|8370.000 -15278.401|8338.228 -15294.535|8341.164 -15300.362
38 ELGIN MEADOWS GD SE,8370.000 -15278.401|8365.680 -15270.639|8335.222 -15288.853|8338.228 -15294.535
42 ELGIN MEADOWS GD SE,8365.680 -15270.639|8362.296 -15264.557|8331.986 -15283.015|8335.222 -15288.853
46 ELGIN MEADOWS GD SE,8362.296 -15264.557|8358.955 -15258.575|8328.623 -15277.233|8331.986 -15283.015
50 ELGIN MEADOWS GD SE,8358.955 -15258.575|8355.229 -15251.881|8325.198 -15271.607|8328.623 -15277.233
54 ELGIN MEADOWS GD SE,8355.229 -15251.881|8350.070 -15244.909|8321.731 -15266.158|8325.198 -15271.607
58 ELGIN MEADOWS GD SE,8350.070 -15244.909|8346.057 -15239.505|8317.991 -15260.532|8321.731 -15266.158
62 ELGIN MEADOWS GD SE,8346.057 -15239.505|8342.066 -15234.112|8314.167 -15255.028|8317.991 -15260.532
66 ELGIN MEADOWS GD SE,8342.066 -15234.112|8338.074 -15228.730|8310.224 -15249.601|8310.252 -15249.635|8314.167 -15255.028
70 ELGIN MEADOWS GD SE,8338.074 -15228.730|8334.083 -15223.348|8306.233 -15244.220|8310.224 -15249.601
131 ELGIN MEADOWS GD SE,8345.980 -15092.939|8344.352 -15091.249|8336.683 -15091.226|8316.320 -15111.875|8316.355 -15113.243|8320.829 -15117.379
135 ELGIN MEADOWS GD SE,8325.589 -15122.016|8350.790 -15097.987|8345.980 -15092.939|8320.829 -15117.379|8322.269 -15118.758
139 ELGIN MEADOWS GD SE,8330.238 -15126.775|8355.550 -15103.080|8350.790 -15097.987|8325.589 -15122.016|8328.854 -15125.330
143 ELGIN MEADOWS GD SE,8334.754 -15131.646|8360.255 -15108.206|8355.550 -15103.080|8330.238 -15126.775|8331.608 -15128.221
147 ELGIN MEADOWS GD SE,8339.158 -15136.638|8364.911 -15113.376|8360.255 -15108.206|8334.754 -15131.646|8337.851 -15135.137
151 ELGIN MEADOWS GD SE,8343.317 -15141.620|8370.251 -15119.425|8368.937 -15117.902|8364.911 -15113.376|8339.158 -15136.638|8340.444 -15138.162
155 ELGIN MEADOWS GD SE,8374.921 -15125.608|8370.797 -15120.048|8370.251 -15119.425|8343.317 -15141.620|8347.448 -15146.824
159 ELGIN MEADOWS GD SE,8379.171 -15131.346|8374.921 -15125.608|8347.448 -15146.824|8350.573 -15150.949|8351.447 -15152.128
163 ELGIN MEADOWS GD SE,8383.163 -15136.739|8379.171 -15131.346|8351.447 -15152.128|8355.432 -15157.521
167 ELGIN MEADOWS GD SE,8387.154 -15142.120|8383.163 -15136.739|8355.432 -15157.521|8359.423 -15162.903
171 ELGIN MEADOWS GD SE,8391.146 -15147.502|8387.154 -15142.120|8359.423 -15162.903|8363.415 -15168.285
175 ELGIN MEADOWS GD SE,8395.138 -15152.884|8391.146 -15147.502|8363.415 -15168.285|8367.406 -15173.666
179 ELGIN MEADOWS GD SE,8399.129 -15158.277|8395.138 -15152.884|8367.406 -15173.666|8371.398 -15179.059
183 ELGIN MEADOWS GD SE,8403.121 -15163.659|8399.129 -15158.277|8371.398 -15179.059|8375.389 -15184.441
187 ELGIN MEADOWS GD SE,8407.112 -15169.041|8403.121 -15163.659|8375.389 -15184.441|8379.381 -15189.823
191 ELGIN MEADOWS GD SE,8411.104 -15174.422|8407.112 -15169.041|8379.381 -15189.823|8383.373 -15195.205
195 ELGIN MEADOWS GD SE,8415.088 -15179.815|8411.104 -15174.422|8383.373 -15195.205|8387.364 -15200.598
199 ELGIN MEADOWS GD SE,8419.080 -15185.197|8415.088 -15179.815|8387.364 -15200.598|8391.356 -15205.980
203 ELGIN MEADOWS GD SE,8423.071 -15190.579|8419.080 -15185.197|8391.356 -15205.980|8395.347 -15211.361
207 ELGIN MEADOWS GD SE,8427.888 -15197.073|8423.071 -15190.579|8395.347 -15211.361|8395.536 -15211.628|8399.388 -15216.999
211 ELGIN MEADOWS GD SE,8432.411 -15203.711|8430.684 -15200.854|8427.888 -15197.073|8399.388 -15216.999|8403.239 -15222.759
215 ELGIN MEADOWS GD SE,8436.353 -15210.427|8432.411 -15203.711|8403.239 -15222.759|8406.763 -15228.419
219 ELGIN MEADOWS GD SE,8440.030 -15216.910|8436.353 -15210.427|8406.763 -15228.419|8410.062 -15234.123
223 ELGIN MEADOWS GD SE,8443.582 -15223.404|8440.030 -15216.910|8410.062 -15234.123|8410.286 -15234.523|8413.236 -15239.916
227 ELGIN MEADOWS GD SE,8446.748 -15229.397|8443.582 -15223.404|8413.236 -15239.916|8416.354 -15245.821
231 ELGIN MEADOWS GD SE,8449.915 -15235.613|8446.748 -15229.397|8416.354 -15245.821|8419.374 -15251.747
235 ELGIN MEADOWS GD SE,8452.935 -15241.751|8449.915 -15235.613|8419.374 -15251.747|8422.310 -15257.752
239 ELGIN MEADOWS GD SE,8456.458 -15249.190|8455.626 -15247.355|8452.935 -15241.751|8422.310 -15257.752|8425.085 -15263.612
243 ELGIN MEADOWS GD SE,8459.702 -15256.351|8457.304 -15250.980|8456.458 -15249.190|8425.085 -15263.612|8428.237 -15270.584
247 ELGIN MEADOWS GD SE,8462.547 -15262.911|8459.702 -15256.351|8428.237 -15270.573|8430.887 -15276.666
251 ELGIN MEADOWS GD SE,8465.301 -15269.505|8462.547 -15262.911|8430.887 -15276.666|8433.438 -15282.793
255 ELGIN MEADOWS GD SE,8467.859 -15275.910|8465.301 -15269.505|8433.438 -15282.793|8435.920 -15288.998
259 ELGIN MEADOWS GD SE,8470.264 -15282.170|8467.859 -15275.910|8435.920 -15288.998|8438.318 -15295.258
263 ELGIN MEADOWS GD SE,8467.950 -15291.744|8471.215 -15284.717|8470.264 -15282.170|8438.318 -15295.258|8440.317 -15300.729|8441.589 -15301.329
272 ELGIN MEADOWS GD SE,8401.121 -15343.494|8402.149 -15344.106|8402.394 -15344.250|8430.090 -15338.880|8431.432 -15338.391|8432.481 -15337.668|8433.306 -15336.711|8433.907 -15335.399|8434.116 -15333.987|8433.914 -15332.575|8432.005 -15326.148|8398.430 -15334.932|8400.968 -15342.994
140 ELGIN MEADOWS GD SE,8293.720 -15162.703|8319.109 -15138.206|8315.278 -15134.259|8314.139 -15133.403|8312.916 -15132.913|8312.007 -15132.780|8311.084 -15132.824|8310.189 -15133.025|8309.350 -15133.403|8308.232 -15134.259|8287.904 -15154.874|8287.897 -15155.152|8287.876 -15156.320|8288.819 -15157.343
144 ELGIN MEADOWS GD SE,8324.184 -15143.733|8319.102 -15138.206|8293.720 -15162.703|8298.277 -15167.684
148 ELGIN MEADOWS GD SE,8328.945 -15149.248|8324.184 -15143.733|8298.277 -15167.684|8302.856 -15172.688
152 ELGIN MEADOWS GD SE,8333.684 -15155.086|8328.945 -15149.248|8302.856 -15172.688|8307.407 -15177.680
156 ELGIN MEADOWS GD SE,8338.452 -15161.357|8337.823 -15160.512|8333.684 -15155.086|8307.407 -15177.680|8308.798 -15179.193|8311.566 -15182.929
164 ELGIN MEADOWS GD SE,8343.121 -15167.662|8338.452 -15161.357|8311.566 -15182.929|8315.558 -15188.322
168 ELGIN MEADOWS GD SE,8347.197 -15173.155|8343.121 -15167.662|8315.558 -15188.322|8319.633 -15193.815
172 ELGIN MEADOWS GD SE,8351.272 -15178.659|8347.197 -15173.155|8319.633 -15193.815|8323.709 -15199.308
180 ELGIN MEADOWS GD SE,8355.348 -15184.152|8351.272 -15178.659|8323.709 -15199.308|8327.784 -15204.812
184 ELGIN MEADOWS GD SE,8359.416 -15189.645|8355.348 -15184.152|8327.784 -15204.812|8331.860 -15210.305
188 ELGIN MEADOWS GD SE,8363.492 -15195.149|8359.416 -15189.645|8331.860 -15210.305|8335.928 -15215.798
192 ELGIN MEADOWS GD SE,8367.567 -15200.642|8363.492 -15195.149|8335.928 -15215.798|8340.004 -15221.302
196 ELGIN MEADOWS GD SE,8371.643 -15206.135|8367.567 -15200.642|8340.004 -15221.302|8344.079 -15226.795
200 ELGIN MEADOWS GD SE,8375.718 -15211.639|8371.643 -15206.135|8344.079 -15226.795|8348.155 -15232.288
204 ELGIN MEADOWS GD SE,8379.786 -15217.132|8375.718 -15211.639|8348.155 -15232.288|8352.223 -15237.792
208 ELGIN MEADOWS GD SE,8384.121 -15223.004|8382.785 -15221.180|8379.786 -15217.132|8352.223 -15237.792|8356.263 -15243.241
212 ELGIN MEADOWS GD SE,8388.755 -15229.709|8384.121 -15223.004|8356.263 -15243.241|8360.241 -15248.612
216 ELGIN MEADOWS GD SE,8393.103 -15236.603|8388.755 -15229.709|8360.241 -15248.612|8363.499 -15254.449
220 ELGIN MEADOWS GD SE,8397.039 -15243.463|8396.403 -15242.318|8393.103 -15236.603|8363.499 -15254.449|8366.763 -15260.309
224 ELGIN MEADOWS GD SE,8400.541 -15249.946|8397.039 -15243.463|8366.763 -15260.309|8370.063 -15266.236
228 ELGIN MEADOWS GD SE,8403.932 -15256.484|8400.541 -15249.946|8370.063 -15266.236|8373.362 -15272.163
232 ELGIN MEADOWS GD SE,8407.210 -15263.089|8403.932 -15256.484|8373.362 -15272.163|8375.354 -15275.743|8376.410 -15278.223
236 ELGIN MEADOWS GD SE,8410.377 -15269.739|8407.210 -15263.089|8376.410 -15278.223|8379.073 -15284.461
240 ELGIN MEADOWS GD SE,8413.432 -15276.444|8410.377 -15269.739|8379.073 -15284.461|8381.730 -15290.699
244 ELGIN MEADOWS GD SE,8416.375 -15283.204|8413.432 -15276.444|8381.730 -15290.699|8384.386 -15296.937
248 ELGIN MEADOWS GD SE,8419.199 -15290.021|8416.375 -15283.204|8384.386 -15296.937|8387.043 -15303.175
252 ELGIN MEADOWS GD SE,8421.911 -15296.870|8419.199 -15290.021|8387.043 -15303.175|8389.706 -15309.413
256 ELGIN MEADOWS GD SE,8424.505 -15303.776|8421.911 -15296.870|8389.706 -15309.413|8392.369 -15315.662
260 ELGIN MEADOWS GD SE,8426.979 -15310.725|8424.505 -15303.776|8392.369 -15315.662|8394.404 -15322.134
264 ELGIN MEADOWS GD SE,8429.335 -15317.708|8426.979 -15310.725|8394.404 -15322.134|8396.438 -15328.605
268 ELGIN MEADOWS GD SE,8432.005 -15326.148|8429.335 -15317.708|8396.438 -15328.605|8398.430 -15334.932
4699 ELGIN AV SE,7988.879 -15674.922|7989.893 -15668.428|7956.758 -15663.046|7956.541 -15663.013|7954.961 -15672.898|7955.793 -15674.044|7956.003 -15674.177|7981.504 -15679.959
4703 ELGIN AV SE,7991.493 -15658.165|7958.142 -15652.739|7956.541 -15663.013|7956.758 -15663.046|7989.893 -15668.428
4707 ELGIN AV SE,7993.185 -15647.301|7959.834 -15641.875|7958.142 -15652.739|7991.493 -15658.165
4711 ELGIN AV SE,7994.786 -15637.027|7961.651 -15631.645|7961.434 -15631.612|7959.834 -15641.875|7993.185 -15647.301
4715 ELGIN AV SE,7996.170 -15628.142|7996.485 -15626.174|7963.343 -15620.781|7963.126 -15620.748|7961.434 -15631.612|7961.651 -15631.645|7994.786 -15637.027
4719 ELGIN AV SE,7996.785 -15624.195|7998.085 -15615.900|7964.944 -15610.518|7964.727 -15610.484|7963.126 -15620.748|7963.343 -15620.781|7996.485 -15626.174
4723 ELGIN AV SE,7999.777 -15605.036|7966.426 -15599.621|7964.727 -15610.484|7964.944 -15610.518|7998.085 -15615.900
4727 ELGIN AV SE,8001.378 -15594.773|7968.026 -15589.346|7966.426 -15599.621|7999.777 -15605.036
4731 ELGIN AV SE,8003.154 -15584.587|7970.096 -15577.337|7968.760 -15584.643|7968.026 -15589.346|8001.378 -15594.773|8002.014 -15590.725
4735 ELGIN AV SE,8005.523 -15575.569|7973.150 -15565.395|7971.494 -15571.333|7970.096 -15577.337|8003.154 -15584.587|8004.244 -15580.050
4739 ELGIN AV SE,7977.498 -15553.108|7975.185 -15559.201|7973.150 -15565.395|8005.523 -15575.569|8006.761 -15571.844|8008.131 -15568.164|8008.886 -15566.307
4743 ELGIN AV SE,8012.835 -15557.867|7982.636 -15541.888|7979.945 -15547.437|7977.498 -15553.108|8008.886 -15566.307|8010.766 -15562.037
4747 ELGIN AV SE,8017.799 -15549.361|7989.117 -15530.569|7985.747 -15536.151|7982.636 -15541.888|8012.835 -15557.867|8015.219 -15553.553
4751 ELGIN AV SE,8023.195 -15541.777|7996.177 -15520.439|7992.535 -15525.431|7989.117 -15530.569|8017.799 -15549.361|8020.413 -15545.502
4755 ELGIN AV SE,8029.605 -15534.305|8004.580 -15510.454|8000.266 -15515.346|7996.177 -15520.439|8023.195 -15541.777|8026.313 -15537.963
4759 ELGIN AV SE,8036.274 -15527.822|8013.353 -15501.747|8008.872 -15506.006|8004.580 -15510.454|8029.605 -15534.305|8032.863 -15530.991
4763 ELGIN AV SE,8043.915 -15521.640|8042.741 -15520.027|8023.426 -15493.418|8018.295 -15497.466|8013.353 -15501.747|8036.274 -15527.822|8039.245 -15525.276|8042.314 -15522.841
4767 ELGIN AV SE,8051.639 -15516.469|8033.625 -15486.435|8028.452 -15489.816|8023.426 -15493.418|8042.741 -15520.027|8043.915 -15521.640|8045.523 -15520.483|8048.550 -15518.426
4771 ELGIN AV SE,8060.329 -15511.743|8044.943 -15480.108|8039.210 -15483.144|8033.625 -15486.435|8051.639 -15516.469|8055.925 -15514.012
4775 ELGIN AV SE,8069.773 -15507.507|8054.345 -15475.794|8051.129 -15477.206|8044.943 -15480.108|8060.329 -15511.743|8063.796 -15510.142
4779 ELGIN AV SE,8079.797 -15503.092|8064.369 -15471.380|8054.345 -15475.783|8069.773 -15507.507
4783 ELGIN AV SE,8089.269 -15498.923|8073.925 -15467.366|8073.848 -15467.199|8064.369 -15471.380|8079.797 -15503.092
4787 ELGIN AV SE,8097.462 -15495.320|8099.294 -15494.508|8083.949 -15462.951|8083.866 -15462.784|8073.848 -15467.199|8073.925 -15467.366|8089.269 -15498.923
4791 ELGIN AV SE,8101.111 -15493.719|8108.766 -15490.338|8093.422 -15458.781|8093.345 -15458.614|8083.866 -15462.784|8083.949 -15462.951|8099.294 -15494.508
4795 ELGIN AV SE,8118.790 -15485.924|8103.369 -15454.200|8093.345 -15458.614|8093.422 -15458.781|8108.766 -15490.338
4799 ELGIN AV SE,8129.492 -15481.120|8129.940 -15479.830|8125.242 -15470.479|8121.922 -15463.640|8116.427 -15453.388|8115.581 -15452.276|8114.687 -15451.576|8113.652 -15451.087|8112.534 -15450.864|8111.387 -15450.898|8110.059 -15451.187|8103.369 -15454.200|8118.790 -15485.924
4716 ELGIN AV SE,7940.631 -15621.170|7942.036 -15621.193|7943.238 -15620.881|7944.329 -15620.281|7945.230 -15619.425|7945.895 -15618.368|7946.307 -15617.012|7947.614 -15608.661|7947.390 -15608.616|7943.993 -15608.083|7912.082 -15603.057|7911.977 -15603.034|7910.795 -15602.845|7908.754 -15615.944|7908.726 -15616.111|7909.908 -15616.322|7911.872 -15616.634
4720 ELGIN AV SE,7949.411 -15597.141|7912.592 -15591.337|7910.795 -15602.845|7911.977 -15603.034|7912.082 -15603.057|7943.993 -15608.083|7947.390 -15608.616|7947.614 -15608.661
4724 ELGIN AV SE,7951.200 -15585.632|7950.991 -15585.599|7947.586 -15585.065|7915.703 -15579.950|7915.591 -15579.939|7914.409 -15579.750|7914.298 -15580.484|7912.592 -15591.337|7949.411 -15597.141
4728 ELGIN AV SE,7951.774 -15581.963|7953.116 -15574.524|7916.681 -15566.896|7915.703 -15571.878|7914.857 -15576.904|7914.409 -15579.750|7915.591 -15579.939|7915.703 -15579.950|7947.586 -15585.065|7950.991 -15585.599|7951.200 -15585.632
4732 ELGIN AV SE,7953.116 -15574.524|7954.325 -15569.120|7955.716 -15563.749|7919.960 -15553.597|7918.205 -15560.213|7916.681 -15566.896
4736 ELGIN AV SE,7955.716 -15563.749|7957.303 -15558.445|7959.065 -15553.186|7924.161 -15540.565|7921.952 -15547.048|7919.960 -15553.597
4740 ELGIN AV SE,7959.065 -15553.186|7961.008 -15548.004|7963.133 -15542.889|7929.264 -15527.878|7926.601 -15534.171|7924.161 -15540.565
4742 ELGIN AV SE,7963.133 -15542.889|7965.440 -15537.852|7967.915 -15532.893|7936.290 -15516.136|7935.234 -15515.580|7935.150 -15515.735|7932.102 -15521.762|7929.264 -15527.878
4746 ELGIN AV SE,7967.915 -15532.893|7970.557 -15528.033|7973.374 -15523.263|7942.050 -15503.737|7938.541 -15509.597|7935.234 -15515.580|7936.290 -15516.136
4750 ELGIN AV SE,7973.374 -15523.263|7976.506 -15518.359|7979.819 -15513.589|7950.075 -15491.862|7945.950 -15497.722|7942.050 -15503.737
4754 ELGIN AV SE,7979.819 -15513.589|7983.126 -15509.153|7986.593 -15504.838|7958.498 -15481.143|7954.192 -15486.424|7950.075 -15491.862
4758 ELGIN AV SE,7986.593 -15504.838|7990.389 -15500.435|7994.346 -15496.187|7968.131 -15470.557|7963.217 -15475.761|7958.498 -15481.143
4760 ELGIN AV SE,7994.346 -15496.187|7998.253 -15492.273|8002.294 -15488.504|7977.988 -15461.172|7972.976 -15465.775|7968.131 -15470.557
4764 ELGIN AV SE,8002.294 -15488.504|8006.677 -15484.701|8011.193 -15481.054|7989.012 -15452.087|7983.419 -15456.524|7977.988 -15461.172
4768 ELGIN AV SE,8011.193 -15481.054|8015.618 -15477.751|8020.154 -15474.593|8000.099 -15444.226|7995.380 -15447.428|7989.012 -15452.087
4772 ELGIN AV SE,8020.154 -15474.593|8024.796 -15471.602|8029.543 -15468.778|8011.689 -15437.176|8005.831 -15440.601|8000.099 -15444.226
4774 ELGIN AV SE,8029.543 -15468.778|8034.380 -15466.120|8039.308 -15463.640|8023.747 -15430.949|8017.666 -15433.963|8011.689 -15437.176
4778 ELGIN AV SE,8039.308 -15463.640|8044.230 -15461.372|8049.633 -15458.993|8049.563 -15458.826|8048.221 -15455.735|8035.694 -15426.935|8035.219 -15425.834|8028.410 -15428.825|8023.747 -15430.949
4782 ELGIN AV SE,8060.252 -15454.311|8060.182 -15454.156|8058.833 -15451.064|8046.306 -15422.254|8045.830 -15421.164|8035.219 -15425.834|8035.694 -15426.935|8048.221 -15455.735|8049.563 -15458.826|8049.633 -15458.993
4786 ELGIN AV SE,8070.863 -15449.641|8070.800 -15449.485|8069.451 -15446.383|8056.917 -15417.595|8056.442 -15416.494|8045.830 -15421.164|8046.306 -15422.254|8058.833 -15451.064|8060.182 -15454.156|8060.252 -15454.311
4790 ELGIN AV SE,8081.482 -15444.971|8081.412 -15444.815|8080.063 -15441.713|8067.529 -15412.924|8067.053 -15411.824|8056.442 -15416.494|8056.917 -15417.595|8069.451 -15446.383|8070.800 -15449.485|8070.863 -15449.641
4794 ELGIN AV SE,8092.862 -15439.956|8092.799 -15439.811|8077.959 -15408.332|8077.448 -15407.242|8067.053 -15411.824|8067.529 -15412.924|8080.063 -15441.713|8081.412 -15444.815|8081.482 -15444.971
4798 ELGIN AV SE,8089.213 -15402.038|8077.448 -15407.242|8077.959 -15408.332|8092.799 -15439.811|8092.862 -15439.956|8101.894 -15435.931|8102.600 -15435.608|8103.243 -15435.186|8104.026 -15434.285|8104.571 -15433.218|8104.858 -15432.061|8104.858 -15430.860|8104.648 -15429.848|8104.236 -15428.903|8089.821 -15403.117
1 ELGIN MEADOWS LI SE,7766.309 -15566.996|7766.414 -15566.818|7759.284 -15562.515|7757.990 -15561.970|7757.229 -15561.826|7756.460 -15561.803|7755.691 -15561.903|7754.950 -15562.126|7754.244 -15562.459|7753.607 -15562.893|7753.041 -15563.427|7752.566 -15564.038|7736.663 -15589.424|7736.991 -15590.781|7748.113 -15597.419
5 ELGIN MEADOWS LI SE,7775.725 -15572.678|7775.823 -15572.511|7766.414 -15566.818|7766.309 -15566.996|7748.113 -15597.419|7757.550 -15603.046
9 ELGIN MEADOWS LI SE,7784.624 -15578.060|7784.729 -15577.882|7775.823 -15572.511|7775.725 -15572.678|7757.550 -15603.046|7766.477 -15608.383
13 ELGIN MEADOWS LI SE,7794.040 -15583.742|7794.138 -15583.575|7784.729 -15577.882|7784.624 -15578.060|7766.477 -15608.383|7775.921 -15614.009
17 ELGIN MEADOWS LI SE,7802.939 -15589.124|7803.044 -15588.946|7794.138 -15583.575|7794.040 -15583.742|7775.921 -15614.009|7784.848 -15619.347
21 ELGIN MEADOWS LI SE,7812.348 -15594.806|7812.453 -15594.639|7803.044 -15588.946|7802.939 -15589.124|7784.848 -15619.347|7794.285 -15624.973
25 ELGIN MEADOWS LI SE,7821.254 -15600.188|7821.359 -15600.010|7812.453 -15594.639|7812.348 -15594.806|7794.285 -15624.973|7803.212 -15630.311
29 ELGIN MEADOWS LI SE,7830.733 -15605.458|7822.471 -15600.688|7821.359 -15600.010|7821.254 -15600.188|7803.212 -15630.311|7813.719 -15636.582
33 ELGIN MEADOWS LI SE,7839.793 -15610.207|7830.733 -15605.458|7813.719 -15636.582|7818.297 -15639.306|7824.267 -15641.697
37 ELGIN MEADOWS LI SE,7849.580 -15614.799|7844.658 -15612.564|7839.793 -15610.207|7824.267 -15641.697|7835.767 -15646.289
41 ELGIN MEADOWS LI SE,7859.017 -15618.746|7849.580 -15614.799|7835.767 -15646.289|7846.609 -15650.615
45 ELGIN MEADOWS LI SE,7869.167 -15622.460|7864.071 -15620.659|7859.017 -15618.746|7846.609 -15650.615|7855.578 -15654.195|7858.185 -15654.885
49 ELGIN MEADOWS LI SE,7878.912 -15625.563|7869.167 -15622.460|7858.185 -15654.885|7869.475 -15657.820
53 ELGIN MEADOWS LI SE,7889.342 -15628.387|7884.113 -15627.030|7878.912 -15625.563|7869.475 -15657.820|7881.379 -15660.934
57 ELGIN MEADOWS LI SE,7898.842 -15632.968|7899.317 -15630.622|7894.319 -15629.554|7889.342 -15628.387|7881.379 -15660.934|7892.648 -15663.869
61 ELGIN MEADOWS LI SE,7909.984 -15632.723|7910.019 -15632.523|7909.404 -15632.434|7899.317 -15630.622|7898.842 -15632.968|7892.648 -15663.869|7894.668 -15664.392|7904.280 -15665.915
65 ELGIN MEADOWS LI SE,7919.848 -15636.504|7920.191 -15634.336|7920.218 -15634.136|7910.019 -15632.523|7909.984 -15632.723|7904.280 -15665.915|7914.969 -15667.605
69 ELGIN MEADOWS LI SE,7930.697 -15638.217|7931.033 -15636.048|7931.068 -15635.848|7920.218 -15634.136|7920.191 -15634.336|7919.848 -15636.504|7914.969 -15667.605|7925.818 -15669.318
73 ELGIN MEADOWS LI SE,7936.842 -15671.052|7937.981 -15670.218|7942.308 -15642.675|7942.322 -15641.274|7942.015 -15640.062|7941.414 -15638.962|7940.561 -15638.050|7939.512 -15637.383|7938.170 -15636.971|7931.068 -15635.848|7931.033 -15636.048|7930.697 -15638.217|7925.818 -15669.318
2 ELGIN MEADOWS LI SE,7776.487 -15554.253|7776.592 -15554.086|7778.284 -15551.251|7794.341 -15524.364|7794.956 -15523.330|7785.701 -15517.737|7782.702 -15515.924|7782.052 -15516.970|7766.337 -15542.044|7765.953 -15542.756|7765.687 -15543.512|7765.547 -15544.301|7765.526 -15545.102|7765.645 -15545.902|7765.883 -15546.670|7766.239 -15547.381|7766.708 -15548.037|7766.854 -15548.204|7767.931 -15549.083
6 ELGIN MEADOWS LI SE,7805.393 -15529.635|7794.956 -15523.330|7794.341 -15524.364|7778.284 -15551.251|7776.592 -15554.086|7776.487 -15554.253|7786.924 -15560.558|7787.029 -15560.391|7788.714 -15557.556|7804.778 -15530.669
10 ELGIN MEADOWS LI SE,7797.459 -15566.696|7799.150 -15563.860|7815.208 -15536.974|7815.823 -15535.939|7805.393 -15529.635|7804.778 -15530.669|7788.714 -15557.556|7787.029 -15560.391|7786.924 -15560.558|7797.361 -15566.863
14 ELGIN MEADOWS LI SE,7807.392 -15572.689|7809.084 -15569.865|7825.141 -15542.978|7825.756 -15541.944|7815.823 -15535.939|7815.208 -15536.974|7799.150 -15563.860|7797.459 -15566.696|7797.361 -15566.863|7807.294 -15572.867
18 ELGIN MEADOWS LI SE,7817.829 -15578.994|7819.521 -15576.170|7835.571 -15549.283|7836.186 -15548.249|7825.756 -15541.944|7825.141 -15542.978|7809.084 -15569.865|7807.392 -15572.689|7807.294 -15572.867|7817.731 -15579.172
22 ELGIN MEADOWS LI SE,7827.762 -15584.999|7829.454 -15582.174|7845.504 -15555.276|7846.119 -15554.242|7836.186 -15548.249|7835.571 -15549.283|7819.521 -15576.170|7817.829 -15578.994|7817.731 -15579.172|7827.658 -15585.165
26 ELGIN MEADOWS LI SE,7856.654 -15560.380|7849.118 -15556.055|7846.119 -15554.242|7845.504 -15555.276|7829.454 -15582.174|7827.762 -15584.999|7827.658 -15585.165|7830.657 -15586.978|7838.178 -15591.326
32 ELGIN MEADOWS LI SE,7866.776 -15565.495|7861.673 -15563.015|7856.654 -15560.380|7838.178 -15591.326|7844.854 -15594.873|7851.649 -15598.197
38 ELGIN MEADOWS LI SE,7877.507 -15570.121|7872.103 -15567.886|7866.776 -15565.495|7851.649 -15598.197|7857.982 -15601.044|7864.400 -15603.690
44 ELGIN MEADOWS LI SE,7888.503 -15574.068|7882.973 -15572.178|7877.507 -15570.121|7864.400 -15603.690|7870.901 -15606.137|7877.472 -15608.383
50 ELGIN MEADOWS LI SE,7899.715 -15577.337|7894.081 -15575.792|7888.503 -15574.068|7877.472 -15608.383|7884.113 -15610.429|7890.810 -15612.275
56 ELGIN MEADOWS LI SE,7911.173 -15581.151|7911.362 -15579.950|7909.887 -15579.761|7904.784 -15578.616|7899.715 -15577.337|7890.810 -15612.275|7898.275 -15614.054|7905.790 -15615.588
21 ELGIN MEADOWS MR SE,8027.606 -15684.596|7994.982 -15674.499|7994.136 -15679.926|7997.330 -15685.641|8021.944 -15695.827|8026.236 -15693.391
25 ELGIN MEADOWS MR SE,8029.403 -15673.076|7996.485 -15664.859|7994.982 -15674.499|8027.606 -15684.596
29 ELGIN MEADOWS MR SE,8031.108 -15662.157|7998.036 -15654.918|7996.485 -15664.859|8029.403 -15673.076
33 ELGIN MEADOWS MR SE,8032.709 -15651.871|7999.637 -15644.632|7998.036 -15654.918|8031.108 -15662.157
37 ELGIN MEADOWS MR SE,8034.317 -15641.586|8001.245 -15634.347|7999.637 -15644.632|8032.709 -15651.871
41 ELGIN MEADOWS MR SE,8035.918 -15631.300|8002.846 -15624.061|8001.245 -15634.347|8034.317 -15641.586
45 ELGIN MEADOWS MR SE,8037.526 -15621.015|8004.454 -15613.776|8002.846 -15624.061|8035.918 -15631.300
49 ELGIN MEADOWS MR SE,8039.133 -15610.729|8006.055 -15603.490|8004.454 -15613.776|8037.526 -15621.015|8039.001 -15611.552
53 ELGIN MEADOWS MR SE,8041.329 -15600.822|8007.942 -15591.392|8007.900 -15591.659|8006.055 -15603.490|8039.133 -15610.729|8040.091 -15605.748
57 ELGIN MEADOWS MR SE,8044.509 -15591.403|8011.046 -15577.915|8010.095 -15581.240|8009.263 -15584.598|8008.543 -15587.990|8007.942 -15591.392|8041.329 -15600.822|8042.790 -15596.074
61 ELGIN MEADOWS MR SE,8048.675 -15582.374|8016.002 -15564.928|8014.597 -15568.108|8013.297 -15571.344|8012.115 -15574.613|8011.046 -15577.915|8044.509 -15591.403|8046.473 -15586.833
65 ELGIN MEADOWS MR SE,8053.772 -15573.846|8022.741 -15552.708|8020.895 -15555.677|8019.162 -15558.701|8017.526 -15561.792|8016.002 -15564.928|8048.675 -15582.374|8051.108 -15578.038
69 ELGIN MEADOWS MR SE,8059.755 -15565.918|8031.115 -15541.544|8028.878 -15544.223|8026.732 -15546.981|8024.684 -15549.817|8022.741 -15552.708|8053.772 -15573.846|8056.659 -15569.798
73 ELGIN MEADOWS MR SE,8066.543 -15558.679|8040.951 -15531.670|8038.365 -15534.005|8035.862 -15536.440|8033.443 -15538.953|8031.115 -15541.544|8059.755 -15565.918|8063.048 -15562.204
77 ELGIN MEADOWS MR SE,8074.058 -15552.207|8052.017 -15523.308|8049.144 -15525.254|8046.341 -15527.300|8043.607 -15529.435|8040.951 -15531.670|8066.543 -15558.679|8070.213 -15555.343
81 ELGIN MEADOWS MR SE,8082.223 -15546.581|8064.062 -15516.603|8060.965 -15518.115|8057.924 -15519.738|8054.939 -15521.473|8052.017 -15523.308|8074.058 -15552.207|8078.063 -15549.283
85 ELGIN MEADOWS MR SE,8091.192 -15541.744|8074.617 -15511.921|8066.187 -15515.635|8064.062 -15516.603|8082.223 -15546.581|8086.641 -15544.046
89 ELGIN MEADOWS MR SE,8100.692 -15537.530|8084.124 -15507.729|8074.617 -15511.921|8091.192 -15541.744|8093.233 -15540.821
93 ELGIN MEADOWS MR SE,8110.206 -15533.349|8093.638 -15503.548|8084.124 -15507.729|8100.692 -15537.530
97 ELGIN MEADOWS MR SE,8119.720 -15529.157|8103.152 -15499.356|8093.638 -15503.548|8110.206 -15533.349
101 ELGIN MEADOWS MR SE,8129.227 -15524.964|8112.666 -15495.164|8103.152 -15499.356|8119.720 -15529.157
105 ELGIN MEADOWS MR SE,8138.741 -15520.784|8122.173 -15490.983|8112.666 -15495.164|8129.227 -15524.964
109 ELGIN MEADOWS MR SE,8145.445 -15517.826|8146.633 -15517.092|8147.465 -15516.191|8148.052 -15515.124|8148.367 -15513.945|8148.388 -15512.722|8148.255 -15511.888|8147.675 -15510.609|8145.249 -15506.695|8139.328 -15496.866|8133.680 -15486.891|8132.303 -15486.413|8122.173 -15490.983|8138.741 -15520.784
2 ELGIN MEADOWS RD SE,8094.197 -15564.183|8097.595 -15569.665|8128.863 -15555.899|8123.313 -15546.914|8120.803 -15546.136|8099.608 -15555.465|8096.204 -15557.066|8095.015 -15557.867|8094.652 -15558.234|8093.967 -15559.268|8093.554 -15560.436|8093.436 -15561.670|8093.631 -15562.893
6 ELGIN MEADOWS RD SE,8134.379 -15564.817|8128.863 -15555.899|8097.595 -15569.665|8103.103 -15578.583
10 ELGIN MEADOWS RD SE,8139.894 -15573.735|8134.379 -15564.817|8103.103 -15578.583|8108.619 -15587.501
14 ELGIN MEADOWS RD SE,8108.619 -15587.501|8114.064 -15596.318|8145.326 -15582.563|8139.894 -15573.735
286 ELGIN MEADOWS WY SE,8182.103 -15566.373|8176.685 -15557.533|8145.410 -15571.299|8150.841 -15580.128
290 ELGIN MEADOWS WY SE,8176.685 -15557.533|8171.170 -15548.616|8139.894 -15562.382|8145.410 -15571.299
294 ELGIN MEADOWS WY SE,8171.170 -15548.616|8165.654 -15539.698|8134.386 -15553.464|8139.894 -15562.382
298 ELGIN MEADOWS WY SE,8165.654 -15539.698|8161.460 -15532.904|8160.544 -15531.836|8159.677 -15531.203|8158.706 -15530.780|8157.657 -15530.580|8156.587 -15530.602|8155.245 -15530.969|8129.283 -15542.400|8128.702 -15544.279|8134.386 -15553.464
102 ELGIN MEADOWS WY SE,7967.250 -15682.872|7954.863 -15679.959|7953.731 -15680.793|7950.886 -15698.985|7949.411 -15708.425|7949.355 -15709.192|7949.418 -15709.959|7949.732 -15711.171|7950.333 -15712.261|7951.179 -15713.173|7952.228 -15713.840|7953.549 -15714.129|7958.771 -15715.086|7961.253 -15715.508
106 ELGIN MEADOWS WY SE,7980.008 -15685.775|7967.250 -15682.872|7961.253 -15715.508|7966.474 -15716.631|7971.626 -15718.066
110 ELGIN MEADOWS WY SE,7992.269 -15690.033|7990.431 -15689.266|7984.370 -15686.753|7980.008 -15685.775|7971.626 -15718.066|7976.695 -15719.800|7981.658 -15721.824
114 ELGIN MEADOWS WY SE,8003.265 -15694.581|7994.115 -15690.789|7992.269 -15690.033|7981.658 -15721.824|7986.614 -15724.192|7991.417 -15726.850
118 ELGIN MEADOWS WY SE,8013.478 -15698.807|8003.265 -15694.581|7991.417 -15726.850|7994.038 -15728.473|8000.959 -15732.899
122 ELGIN MEADOWS WY SE,8013.926 -15734.500|8018.218 -15725.249|8020.322 -15720.267|8022.077 -15715.141|8023.468 -15709.915|8024.481 -15704.611|8023.573 -15702.988|8013.478 -15698.807|8000.959 -15732.899|8006.754 -15736.602|8008.033 -15737.180|8009.424 -15737.380|8010.808 -15737.180|8012.087 -15736.602|8013.150 -15735.679
103 ELGIN MEADOWS WY SE,7951.109 -15764.156|7951.599 -15764.389|7960.274 -15731.609|7956.310 -15730.875|7951.088 -15729.897|7949.697 -15730.019|7948.488 -15730.330|7947.397 -15730.931|7946.496 -15731.787|7945.839 -15732.855|7945.412 -15734.055|7942.455 -15753.014|7941.840 -15756.550|7941.113 -15760.064|7941.840 -15761.332
107 ELGIN MEADOWS WY SE,7951.599 -15764.389|7960.358 -15768.604|7971.375 -15734.867|7965.887 -15733.032|7960.274 -15731.609
111 ELGIN MEADOWS WY SE,7960.358 -15768.604|7969.089 -15772.796|7981.972 -15739.838|7979.393 -15738.436|7976.764 -15737.147|7974.094 -15735.957|7971.375 -15734.867
115 ELGIN MEADOWS WY SE,7969.089 -15772.796|7977.715 -15776.932|7992.011 -15746.354|7992.095 -15746.176|7985.503 -15741.961|7981.972 -15739.838
119 ELGIN MEADOWS WY SE,7985.838 -15782.058|8001.923 -15752.692|8002.014 -15752.525|7992.095 -15746.176|7992.011 -15746.354|7977.715 -15776.932|7978.470 -15777.299
123 ELGIN MEADOWS WY SE,8010.696 -15757.951|8002.014 -15752.525|8001.923 -15752.692|7985.838 -15782.058|7994.548 -15787.696
5 ELGIN MEADOWS CI SE,8245.164 -15628.242|8233.028 -15595.051|8229.198 -15596.463|8225.430 -15598.053|8224.598 -15598.531|8223.871 -15599.154|8223.277 -15599.910|8222.836 -15600.766|8222.571 -15601.689|8222.487 -15602.645|8222.585 -15603.602|8222.857 -15604.524|8225.087 -15610.507|8226.926 -15616.622|8228.359 -15622.849|8229.393 -15629.154|8230.498 -15630.021
9 ELGIN MEADOWS CI SE,8256.321 -15626.897|8243.591 -15592.082|8238.264 -15593.405|8233.028 -15595.051|8245.164 -15628.242
13 ELGIN MEADOWS CI SE,8267.470 -15625.540|8255.796 -15593.616|8254.916 -15593.238|8252.245 -15592.271|8249.463 -15591.748|8246.625 -15591.670|8243.815 -15592.037|8243.591 -15592.082|8256.321 -15626.897
17 ELGIN MEADOWS CI SE,8267.596 -15594.028|8266.142 -15594.417|8264.660 -15594.673|8263.164 -15594.817|8261.661 -15594.828|8260.158 -15594.706|8258.676 -15594.472|8257.222 -15594.105|8255.796 -15593.616|8267.470 -15625.540|8278.620 -15624.195
21 ELGIN MEADOWS CI SE,8305.254 -15620.959|8274.810 -15589.691|8273.210 -15591.092|8271.455 -15592.282|8269.575 -15593.272|8267.596 -15594.028|8278.620 -15624.195
25 ELGIN MEADOWS CI SE,8306.687 -15620.792|8311.112 -15615.755|8311.070 -15593.739|8279.193 -15582.697|8278.411 -15584.621|8277.404 -15586.444|8276.202 -15588.145|8274.810 -15589.691|8305.254 -15620.959
29 ELGIN MEADOWS CI SE,8311.028 -15573.812|8279.920 -15573.879|8280.151 -15576.092|8280.102 -15578.327|8279.788 -15580.540|8279.193 -15582.697|8311.070 -15593.739
33 ELGIN MEADOWS CI SE,8311.028 -15573.812|8311.007 -15563.416|8278.592 -15563.482|8278.795 -15567.775|8279.012 -15569.843|8279.473 -15571.878|8279.920 -15573.879
37 ELGIN MEADOWS CI SE,8311.007 -15563.416|8310.979 -15553.019|8278.096 -15553.086|8278.592 -15563.482
41 ELGIN MEADOWS CI SE,8310.979 -15553.019|8310.958 -15542.622|8277.600 -15542.700|8278.096 -15553.086
45 ELGIN MEADOWS CI SE,8310.958 -15542.622|8310.944 -15536.429|8306.463 -15531.948|8278.082 -15532.003|8277.138 -15533.004|8277.600 -15542.700
49 ELGIN MEADOWS CI SE,8306.813 -15525.943|8310.846 -15520.472|8311.748 -15519.850|8313.293 -15515.235|8276.600 -15515.313|8276.621 -15520.161|8276.761 -15525.009|8277.795 -15526.010
53 ELGIN MEADOWS CI SE,8313.293 -15515.235|8314.509 -15511.321|8316.586 -15505.072|8316.648 -15504.838|8276.957 -15504.927|8276.705 -15510.120|8276.600 -15515.313
57 ELGIN MEADOWS CI SE,8316.648 -15504.838|8316.718 -15503.849|8316.872 -15502.158|8317.655 -15494.441|8280.081 -15494.519|8278.900 -15496.565|8277.991 -15498.745|8277.369 -15501.024|8277.054 -15503.359|8276.957 -15504.927
61 ELGIN MEADOWS CI SE,8317.655 -15494.441|8318.669 -15484.045|8287.337 -15484.111|8286.547 -15486.146|8285.506 -15488.070|8284.227 -15489.827|8282.731 -15491.417|8281.319 -15492.896|8280.081 -15494.519
65 ELGIN MEADOWS CI SE,8318.669 -15484.045|8320.367 -15466.587|8287.624 -15474.838|8288.029 -15477.151|8288.120 -15479.497|8287.890 -15481.832|8287.337 -15484.111
69 ELGIN MEADOWS CI SE,8320.367 -15466.587|8321.409 -15455.890|8319.654 -15435.297|8283.814 -15467.621|8285.086 -15469.245|8286.156 -15471.002|8287.009 -15472.870|8287.624 -15474.838
73 ELGIN MEADOWS CI SE,8283.814 -15467.621|8319.654 -15435.297|8319.403 -15432.751|8318.571 -15424.277|8312.216 -15419.485|8310.504 -15419.830|8291.490 -15423.599|8277.096 -15463.029|8278.970 -15463.863|8280.731 -15464.919|8282.353 -15466.176
77 ELGIN MEADOWS CI SE,8277.096 -15463.029|8291.490 -15423.599|8289.260 -15424.044|8264.807 -15430.582|8269.029 -15462.128|8271.071 -15461.984|8273.119 -15462.084|8275.139 -15462.440
81 ELGIN MEADOWS CI SE,8269.029 -15462.128|8264.807 -15430.582|8260.494 -15431.739|8247.876 -15436.387|8260.704 -15465.686|8262.584 -15464.374|8264.618 -15463.340|8266.785 -15462.584
85 ELGIN MEADOWS CI SE,8251.665 -15470.846|8255.454 -15469.167|8256.691 -15468.566|8257.880 -15467.866|8259.019 -15467.076|8260.088 -15466.209|8260.704 -15465.686|8247.876 -15436.387|8238.159 -15439.956
89 ELGIN MEADOWS CI SE,8242.193 -15475.005|8251.665 -15470.846|8238.159 -15439.956|8232.840 -15441.913|8228.554 -15443.803
93 ELGIN MEADOWS CI SE,8232.728 -15479.174|8242.193 -15475.005|8228.554 -15443.803|8219.089 -15447.973
97 ELGIN MEADOWS CI SE,8223.263 -15483.344|8232.728 -15479.174|8219.089 -15447.973|8209.624 -15452.143
101 ELGIN MEADOWS CI SE,8213.798 -15487.514|8223.263 -15483.344|8209.624 -15452.143|8200.159 -15456.313
105 ELGIN MEADOWS CI SE,8204.332 -15491.684|8213.798 -15487.514|8200.159 -15456.313|8190.694 -15460.483
109 ELGIN MEADOWS CI SE,8194.860 -15495.854|8204.332 -15491.684|8190.694 -15460.483|8181.229 -15464.641
113 ELGIN MEADOWS CI SE,8185.395 -15500.023|8194.860 -15495.854|8181.229 -15464.641|8171.771 -15468.811
117 ELGIN MEADOWS CI SE,8175.930 -15504.193|8185.395 -15500.023|8171.771 -15468.811|8162.306 -15472.981
121 ELGIN MEADOWS CI SE,8162.956 -15505.116|8163.410 -15505.728|8163.948 -15506.261|8164.808 -15506.895|8165.787 -15507.318|8166.836 -15507.518|8167.905 -15507.507|8169.170 -15507.062|8175.930 -15504.193|8162.306 -15472.981|8148.611 -15478.996|8148.213 -15480.275|8153.323 -15489.293|8158.671 -15498.178
280 ELGIN MEADOWS WY SE,8150.841 -15580.128|8156.413 -15589.157|8187.681 -15575.380|8182.103 -15566.373
276 ELGIN MEADOWS WY SE,8193.197 -15584.298|8187.681 -15575.380|8156.413 -15589.157|8161.928 -15598.075
272 ELGIN MEADOWS WY SE,8198.712 -15593.216|8193.197 -15584.298|8161.928 -15598.075|8167.444 -15606.993
268 ELGIN MEADOWS WY SE,8204.612 -15603.079|8202.026 -15598.587|8198.712 -15593.216|8167.444 -15606.993|8172.659 -15615.433
264 ELGIN MEADOWS WY SE,8209.023 -15612.808|8206.975 -15607.871|8204.612 -15603.079|8172.659 -15615.433|8178.118 -15624.262
260 ELGIN MEADOWS WY SE,8212.637 -15625.318|8211.917 -15622.138|8211.078 -15618.991|8210.114 -15615.877|8209.023 -15612.808|8178.118 -15624.262|8182.697 -15631.667
256 ELGIN MEADOWS WY SE,8214.147 -15638.228|8213.958 -15634.981|8213.644 -15631.745|8213.203 -15628.520|8212.637 -15625.318|8182.697 -15631.667|8181.264 -15640.196
252 ELGIN MEADOWS WY SE,8213.805 -15651.082|8214.077 -15647.879|8214.224 -15644.666|8214.245 -15641.441|8214.147 -15638.228|8181.264 -15640.196|8179.964 -15649.258
248 ELGIN MEADOWS WY SE,8213.805 -15651.082|8179.964 -15649.258|8178.552 -15658.321|8211.931 -15663.580|8213.343 -15654.551
244 ELGIN MEADOWS WY SE,8211.931 -15663.580|8178.552 -15658.321|8176.951 -15668.584|8210.330 -15673.854
240 ELGIN MEADOWS WY SE,8210.330 -15673.854|8176.951 -15668.584|8175.350 -15678.858|8208.729 -15684.118
236 ELGIN MEADOWS WY SE,8208.729 -15684.118|8175.350 -15678.858|8173.658 -15689.711|8207.031 -15694.982
62 ELGIN MEADOWS RD SE,8164.815 -15707.691|8131.443 -15702.432|8129.744 -15713.284|8163.124 -15718.555
66 ELGIN MEADOWS RD SE,8163.124 -15718.555|8129.744 -15713.284|8128.052 -15724.148|8161.432 -15729.419
70 ELGIN MEADOWS RD SE,8161.432 -15729.419|8128.052 -15724.148|8126.270 -15735.568|8159.782 -15739.971
74 ELGIN MEADOWS RD SE,8159.782 -15739.971|8126.270 -15735.568|8124.431 -15747.388|8158.174 -15750.301
78 ELGIN MEADOWS RD SE,8158.174 -15750.301|8124.431 -15747.388|8122.404 -15760.386|8156.650 -15760.042
82 ELGIN MEADOWS RD SE,8126.375 -15774.086|8153.742 -15772.407|8154.889 -15771.350|8156.650 -15760.042|8122.404 -15760.386|8121.167 -15768.326|8121.230 -15769.449|8121.335 -15770.227|8121.565 -15770.972|8121.908 -15771.684|8122.362 -15772.318|8122.907 -15772.885|8123.537 -15773.352|8124.236 -15773.708|8124.977 -15773.952
232 ELGIN MEADOWS WY SE,8207.031 -15694.982|8173.658 -15689.711|8172.057 -15699.985|8205.430 -15705.245
228 ELGIN MEADOWS WY SE,8205.430 -15705.245|8172.057 -15699.985|8170.359 -15710.838|8203.738 -15716.109
224 ELGIN MEADOWS WY SE,8203.738 -15716.109|8170.359 -15710.838|8168.758 -15721.112|8202.137 -15726.372
220 ELGIN MEADOWS WY SE,8202.137 -15726.372|8168.758 -15721.112|8166.829 -15733.477|8200.474 -15737.035
216 ELGIN MEADOWS WY SE,8200.474 -15737.035|8166.829 -15733.477|8164.920 -15745.709|8198.915 -15747.054
212 ELGIN MEADOWS WY SE,8198.915 -15747.054|8164.920 -15745.709|8162.893 -15758.707|8197.251 -15757.707
208 ELGIN MEADOWS WY SE,8162.893 -15758.707|8161.446 -15768.014|8164.794 -15771.728|8191.372 -15770.094|8192.204 -15769.971|8193.001 -15769.705|8193.749 -15769.315|8194.413 -15768.804|8194.986 -15768.181|8195.441 -15767.469|8195.776 -15766.702|8195.979 -15765.879|8197.251 -15757.707
127 ELGIN MEADOWS WY SE,8003.272 -15793.333|8019.441 -15763.544|8018.225 -15762.755|8010.696 -15757.951|7994.548 -15787.696|8001.469 -15792.166
131 ELGIN MEADOWS WY SE,8011.982 -15798.971|8028.179 -15769.126|8019.441 -15763.544|8003.272 -15793.333|8004.817 -15794.334
135 ELGIN MEADOWS WY SE,8020.700 -15804.597|8036.918 -15774.719|8028.179 -15769.126|8011.982 -15798.971
139 ELGIN MEADOWS WY SE,8045.558 -15779.968|8042.650 -15778.311|8039.791 -15776.554|8036.918 -15774.719|8020.700 -15804.597|8030.969 -15811.236
143 ELGIN MEADOWS WY SE,8041.000 -15817.718|8054.757 -15784.382|8050.102 -15782.303|8045.558 -15779.968|8030.969 -15811.236
147 ELGIN MEADOWS WY SE,8052.898 -15825.413|8064.208 -15787.907|8059.182 -15786.106|8054.757 -15784.382|8041.000 -15817.718
151 ELGIN MEADOWS WY SE,8066.529 -15828.816|8073.883 -15790.287|8069.018 -15789.219|8064.208 -15787.907|8052.898 -15825.413|8058.637 -15829.127
155 ELGIN MEADOWS WY SE,8080.573 -15827.960|8083.754 -15791.654|8078.804 -15791.098|8073.883 -15790.287|8066.529 -15828.816
159 ELGIN MEADOWS WY SE,8094.093 -15827.126|8093.729 -15792.010|8088.738 -15791.966|8083.754 -15791.654|8080.573 -15827.960
163 ELGIN MEADOWS WY SE,8106.018 -15826.392|8103.893 -15791.488|8098.049 -15791.843|8093.729 -15792.010|8094.093 -15827.126
167 ELGIN MEADOWS WY SE,8116.972 -15825.725|8114.854 -15790.809|8103.893 -15791.488|8106.018 -15826.392
171 ELGIN MEADOWS WY SE,8127.934 -15825.046|8125.815 -15790.131|8114.854 -15790.809|8116.972 -15825.725
175 ELGIN MEADOWS WY SE,8138.895 -15824.379|8136.776 -15789.464|8125.815 -15790.131|8127.934 -15825.046
179 ELGIN MEADOWS WY SE,8149.856 -15823.701|8147.738 -15788.786|8136.776 -15789.464|8138.895 -15824.379
183 ELGIN MEADOWS WY SE,8160.810 -15823.034|8158.692 -15788.118|8147.738 -15788.786|8149.856 -15823.701
187 ELGIN MEADOWS WY SE,8171.771 -15822.355|8169.653 -15787.440|8158.692 -15788.118|8160.810 -15823.034
191 ELGIN MEADOWS WY SE,8185.479 -15821.521|8182.851 -15786.639|8180.257 -15786.795|8169.653 -15787.440|8171.771 -15822.355
195 ELGIN MEADOWS WY SE,8200.718 -15820.576|8190.862 -15787.963|8190.079 -15787.696|8188.324 -15787.151|8186.521 -15786.784|8184.689 -15786.617|8182.851 -15786.639|8185.479 -15821.521
199 ELGIN MEADOWS WY SE,8215.063 -15819.698|8217.635 -15814.972|8202.501 -15789.531|8199.817 -15788.419|8197.573 -15788.730|8195.308 -15788.752|8193.057 -15788.496|8190.862 -15787.963|8200.718 -15820.576
203 ELGIN MEADOWS WY SE,8229.897 -15820.109|8243.360 -15808.189|8213.630 -15774.252|8212.994 -15776.710|8212.022 -15779.056|8210.729 -15781.247|8209.142 -15783.226|8208.946 -15784.794
18 ELGIN MEADOWS RD SE,8114.064 -15596.318|8119.636 -15605.358|8150.834 -15591.481|8145.326 -15582.563
22 ELGIN MEADOWS RD SE,8119.636 -15605.358|8125.151 -15614.276|8156.343 -15600.399|8150.834 -15591.481
26 ELGIN MEADOWS RD SE,8161.851 -15609.306|8156.343 -15600.399|8125.151 -15614.276|8130.667 -15623.194
30 ELGIN MEADOWS RD SE,8169.010 -15620.892|8161.851 -15609.306|8130.667 -15623.194|8132.107 -15625.529|8132.967 -15626.786|8133.924 -15627.964|8134.980 -15629.065|8136.119 -15630.077|8137.287 -15631.100
34 ELGIN MEADOWS RD SE,8137.287 -15631.100|8138.999 -15633.024|8140.391 -15635.192|8141.446 -15637.538|8142.138 -15640.018|8176.385 -15632.824|8169.010 -15620.892
38 ELGIN MEADOWS RD SE,8141.341 -15649.425|8173.791 -15650.159|8175.175 -15640.563|8176.385 -15632.824|8142.138 -15640.018|8142.439 -15642.386|8142.404 -15644.777|8142.033 -15647.145
42 ELGIN MEADOWS RD SE,8173.791 -15650.159|8141.341 -15649.425|8140.433 -15651.415|8139.768 -15652.783|8139.223 -15654.206|8138.797 -15655.674|8138.496 -15657.175|8138.189 -15659.177|8171.813 -15662.846
46 ELGIN MEADOWS RD SE,8171.813 -15662.846|8138.189 -15659.177|8136.525 -15669.851|8169.897 -15675.111
50 ELGIN MEADOWS RD SE,8169.897 -15675.111|8136.525 -15669.851|8134.826 -15680.704|8168.206 -15685.975
54 ELGIN MEADOWS RD SE,8168.206 -15685.975|8134.826 -15680.704|8133.134 -15691.568|8166.514 -15696.838
58 ELGIN MEADOWS RD SE,8166.514 -15696.838|8133.134 -15691.568|8131.443 -15702.432|8164.815 -15707.691
4 ELGIN ESTATES VW SE,7934.808 -15295.380|7935.346 -15296.025|7935.982 -15296.570|7936.702 -15296.993|7937.485 -15297.293|7938.303 -15297.460|7939.142 -15297.482|7939.967 -15297.360|7940.764 -15297.104|7976.611 -15281.314|7978.177 -15280.603|7977.324 -15279.390|7977.310 -15279.379|7966.887 -15264.590|7963.203 -15260.465|7927.726 -15286.462|7931.396 -15290.821
8 ELGIN ESTATES VW SE,7963.203 -15260.465|7958.883 -15256.162|7954.304 -15252.137|7949.495 -15248.389|7944.461 -15244.953|7917.849 -15276.866|7922.959 -15281.492|7927.726 -15286.462
12 ELGIN ESTATES VW SE,7944.461 -15244.953|7938.624 -15241.495|7927.062 -15236.336|7906.342 -15268.516|7909.327 -15270.450|7912.249 -15272.485|7915.087 -15274.620|7917.849 -15276.866
16 ELGIN ESTATES VW SE,7927.062 -15236.336|7908.398 -15228.007|7893.466 -15261.811|7894.801 -15262.411|7900.673 -15265.269|7906.342 -15268.516
20 ELGIN ESTATES VW SE,7908.398 -15228.007|7894.494 -15221.803|7879.569 -15255.606|7893.466 -15261.811
24 ELGIN ESTATES VW SE,7894.494 -15221.803|7880.051 -15215.353|7865.127 -15249.157|7879.569 -15255.606
28 ELGIN ESTATES VW SE,7880.051 -15215.353|7866.154 -15209.149|7851.229 -15242.952|7865.127 -15249.157
32 ELGIN ESTATES VW SE,7866.154 -15209.149|7851.712 -15202.699|7836.787 -15236.503|7851.229 -15242.952
36 ELGIN ESTATES VW SE,7851.712 -15202.699|7837.815 -15196.495|7822.890 -15230.298|7836.787 -15236.503
40 ELGIN ESTATES VW SE,7837.815 -15196.495|7821.373 -15189.156|7808.923 -15224.338|7815.872 -15227.162|7822.890 -15230.298
44 ELGIN ESTATES VW SE,7821.373 -15189.156|7814.173 -15185.942|7803.450 -15184.530|7795.257 -15220.257|7802.156 -15222.081|7808.923 -15224.338
48 ELGIN ESTATES VW SE,7803.450 -15184.530|7785.121 -15182.106|7780.465 -15217.777|7784.652 -15218.333|7789.979 -15219.167|7795.257 -15220.257
52 ELGIN ESTATES VW SE,7785.121 -15182.106|7770.049 -15180.127|7765.386 -15215.787|7780.465 -15217.777
56 ELGIN ESTATES VW SE,7770.049 -15180.127|7745.911 -15176.935|7752.880 -15211.195|7755.572 -15212.051|7758.095 -15213.318|7759.717 -15214.186|7761.416 -15214.886|7763.184 -15215.409|7764.988 -15215.743|7765.386 -15215.787
60 ELGIN ESTATES VW SE,7745.911 -15176.935|7729.204 -15174.734|7723.968 -15179.104|7739.263 -15213.552|7740.808 -15212.674|7742.423 -15211.951|7744.107 -15211.395|7745.834 -15211.006|7747.596 -15210.783|7749.371 -15210.750|7751.140 -15210.883|7752.880 -15211.195
64 ELGIN ESTATES VW SE,7739.263 -15213.552|7723.968 -15179.104|7706.813 -15193.403|7730.078 -15226.262|7731.238 -15224.360|7732.161 -15222.325|7733.384 -15219.723|7735.006 -15217.366|7736.984 -15215.287
68 ELGIN ESTATES VW SE,7730.078 -15226.262|7706.813 -15193.403|7691.343 -15206.302|7720.291 -15237.214|7728.449 -15228.263
72 ELGIN ESTATES VW SE,7720.291 -15237.214|7691.343 -15206.302|7678.502 -15217.010|7676.174 -15220.769|7710.336 -15248.945|7715.258 -15243.030
76 ELGIN ESTATES VW SE,7710.336 -15248.945|7676.174 -15220.769|7665.325 -15238.282|7701.214 -15260.576|7705.723 -15254.716
80 ELGIN ESTATES VW SE,7701.214 -15260.576|7665.325 -15238.282|7655.412 -15254.294|7691.875 -15273.475|7696.481 -15266.981
84 ELGIN ESTATES VW SE,7691.875 -15273.475|7655.412 -15254.294|7644.283 -15272.263|7680.753 -15284.861|7681.892 -15283.216|7683.206 -15281.714|7684.674 -15280.358|7686.289 -15279.179|7687.715 -15278.156|7689.029 -15277.000|7690.232 -15275.710|7691.301 -15274.309
88 ELGIN ESTATES VW SE,7680.753 -15284.861|7644.283 -15272.263|7628.499 -15297.749|7678.481 -15298.060|7678.208 -15296.370|7678.089 -15294.658|7678.138 -15292.934|7678.348 -15291.233|7678.725 -15289.565|7679.250 -15287.930|7679.928 -15286.362
96 ELGIN ESTATES VW SE,7677.341 -15342.683|7696.132 -15312.693|7693.510 -15312.126|7691.910 -15311.826|7690.337 -15311.381|7688.820 -15310.792|7687.359 -15310.069|7685.968 -15309.213|7684.660 -15308.234|7683.451 -15307.145|7682.340 -15305.944|7682.235 -15306.155|7680.410 -15309.024|7664.535 -15334.365
100 ELGIN ESTATES VW SE,7709.463 -15320.199|7700.396 -15314.606|7698.327 -15313.516|7696.132 -15312.693|7677.341 -15342.683|7678.816 -15343.639|7688.274 -15349.777|7690.169 -15350.989
104 ELGIN ESTATES VW SE,7722.437 -15328.216|7709.463 -15320.199|7690.169 -15350.989|7691.567 -15351.878|7703.038 -15359.173
108 ELGIN ESTATES VW SE,7735.411 -15336.222|7722.437 -15328.216|7703.038 -15359.173|7704.374 -15360.029|7715.901 -15367.368
112 ELGIN ESTATES VW SE,7748.386 -15344.228|7735.411 -15336.222|7715.901 -15367.368|7717.173 -15368.180|7723.395 -15372.138|7728.791 -15375.507
116 ELGIN ESTATES VW SE,7761.367 -15352.245|7748.386 -15344.228|7728.791 -15375.507|7730.015 -15376.275|7741.731 -15383.580
120 ELGIN ESTATES VW SE,7774.341 -15360.251|7761.367 -15352.245|7741.731 -15383.580|7742.898 -15384.314|7754.663 -15391.664
124 ELGIN ESTATES VW SE,7787.316 -15368.269|7774.341 -15360.251|7754.663 -15391.664|7755.768 -15392.353|7758.976 -15394.355|7767.721 -15399.537
128 ELGIN ESTATES VW SE,7800.290 -15376.275|7787.316 -15368.269|7767.721 -15399.537|7768.791 -15400.170|7780.849 -15407.309
132 ELGIN ESTATES VW SE,7813.271 -15384.281|7800.290 -15376.275|7780.849 -15407.309|7781.849 -15407.898|7793.970 -15415.082|7794.607 -15414.070|7811.412 -15387.250|7813.166 -15384.447
136 ELGIN ESTATES VW SE,7825.057 -15397.546|7825.435 -15396.835|7825.686 -15396.067|7825.833 -15394.511|7825.484 -15392.976|7824.687 -15391.631|7823.505 -15390.608|7813.271 -15384.281|7813.166 -15384.447|7811.412 -15387.250|7794.607 -15414.070|7793.970 -15415.082|7794.481 -15415.382|7808.623 -15423.799
7 ELGIN ESTATES VW SE,7873.019 -15317.697|7884.259 -15328.505|7892.061 -15322.823|7900.114 -15317.497|7908.398 -15312.538|7916.905 -15307.968|7918.010 -15307.256|7918.883 -15306.277|7919.275 -15305.588|7919.540 -15304.843|7919.694 -15304.065|7919.715 -15303.264|7919.617 -15302.475|7919.394 -15301.718|7919.058 -15300.996|7918.604 -15300.340|7915.689 -15297.004|7912.627 -15293.812|7909.425 -15290.755|7906.084 -15287.841|7874.277 -15316.552
13 ELGIN ESTATES VW SE,7906.084 -15287.841|7901.966 -15284.850|7897.702 -15282.070|7893.298 -15279.524|7888.761 -15277.211|7863.365 -15308.490|7868.084 -15312.982|7873.019 -15317.697
21 ELGIN ESTATES VW SE,7888.761 -15277.211|7888.349 -15277.022|7869.985 -15268.827|7852.970 -15301.151|7858.283 -15303.642|7863.365 -15308.490
25 ELGIN ESTATES VW SE,7869.985 -15268.827|7856.647 -15262.867|7839.758 -15294.958|7840.415 -15295.269|7852.970 -15301.151
29 ELGIN ESTATES VW SE,7856.647 -15262.867|7842.715 -15256.651|7825.959 -15288.486|7839.758 -15294.958
33 ELGIN ESTATES VW SE,7842.715 -15256.651|7829.377 -15250.691|7812.747 -15282.293|7821.052 -15286.196|7825.959 -15288.486
37 ELGIN ESTATES VW SE,7829.377 -15250.691|7815.445 -15244.475|7798.766 -15276.166|7803.072 -15277.767|7812.747 -15282.293
41 ELGIN ESTATES VW SE,7815.445 -15244.475|7809.419 -15241.784|7805.994 -15240.328|7802.506 -15239.004|7783.051 -15270.350|7798.766 -15276.166
45 ELGIN ESTATES VW SE,7781.297 -15269.694|7783.051 -15270.350|7784.016 -15268.782|7802.506 -15239.004|7796.571 -15237.092|7790.524 -15235.569|7788.574 -15235.168|7788.441 -15235.346|7788.434 -15235.346|7786.176 -15238.271|7774.341 -15253.671|7766.288 -15264.135
65 ELGIN ESTATES VW SE,7739.214 -15240.094|7774.341 -15253.671|7786.176 -15238.271|7788.434 -15235.346|7788.441 -15235.346|7788.574 -15235.168|7787.917 -15235.035|7782.583 -15234.190|7753.593 -15230.354|7751.636 -15230.098|7750.497 -15230.087|7749.385 -15230.320|7748.365 -15230.809|7747.477 -15231.521
69 ELGIN ESTATES VW SE,7774.341 -15253.671|7739.214 -15240.094|7730.448 -15249.813|7764.366 -15266.625|7766.288 -15264.135
73 ELGIN ESTATES VW SE,7764.366 -15266.625|7730.448 -15249.813|7721.941 -15259.931|7754.908 -15278.668
77 ELGIN ESTATES VW SE,7754.908 -15278.668|7721.941 -15259.931|7713.776 -15270.373|7745.862 -15290.176|7754.607 -15279.046
81 ELGIN ESTATES VW SE,7745.862 -15290.176|7713.776 -15270.373|7705.835 -15281.303|7737.487 -15300.840|7739.885 -15297.782
85 ELGIN ESTATES VW SE,7728.015 -15312.894|7728.134 -15312.738|7728.148 -15312.727|7737.487 -15300.840|7736.977 -15300.529|7705.835 -15281.303|7700.172 -15289.632|7699.788 -15290.332|7699.522 -15291.077|7699.368 -15291.855|7699.347 -15292.645|7699.445 -15293.434|7699.669 -15294.191|7700.004 -15294.902|7700.452 -15295.558|7701.039 -15296.159|7701.710 -15296.659|7727.491 -15312.582
5 ELGIN ESTATES GR SE,7755.809 -15330.051|7756.606 -15330.451|7757.459 -15330.696|7758.340 -15330.785|7759.228 -15330.718|7760.088 -15330.496|7760.899 -15330.118|7761.626 -15329.606|7762.248 -15328.961|7763.331 -15327.449|7764.226 -15325.814|7764.904 -15324.069|7765.372 -15322.267|7765.848 -15320.321|7766.547 -15318.453|7741.297 -15298.872|7739.885 -15297.782|7737.487 -15300.840|7728.148 -15312.727|7728.134 -15312.738|7728.015 -15312.894|7729.539 -15313.839
11 ELGIN ESTATES GR SE,7773.628 -15310.280|7754.607 -15279.046|7745.862 -15290.176|7739.885 -15297.782|7766.547 -15318.453|7767.826 -15316.018|7769.462 -15313.816|7771.412 -15311.893
15 ELGIN ESTATES GR SE,7781.297 -15269.694|7766.288 -15264.135|7764.366 -15266.625|7754.908 -15278.668|7754.607 -15279.046|7773.628 -15310.280|7775.767 -15309.168|7778.032 -15308.346|7780.388 -15307.834|7782.786 -15307.656
19 ELGIN ESTATES GR SE,7783.051 -15270.350|7781.297 -15269.694|7782.786 -15307.656|7784.310 -15307.712|7785.820 -15307.890|7787.309 -15308.201|7788.770 -15308.635|7790.189 -15309.202|7791.552 -15309.880|7792.852 -15310.670|7794.082 -15311.570|7803.072 -15277.767|7798.766 -15276.166
23 ELGIN ESTATES GR SE,7812.747 -15282.293|7803.072 -15277.767|7794.082 -15311.570|7795.760 -15313.105|7797.675 -15314.773|7799.849 -15316.096|7802.212 -15317.019|7804.701 -15317.530|7821.052 -15286.196
27 ELGIN ESTATES GR SE,7825.959 -15288.486|7821.052 -15286.196|7804.701 -15317.530|7805.854 -15317.630|7808.546 -15317.942|7811.153 -15318.653|7813.628 -15319.765|7815.907 -15321.233|7840.415 -15295.269|7839.758 -15294.958
31 ELGIN ESTATES GR SE,7852.970 -15301.151|7840.415 -15295.269|7815.907 -15321.233|7817.892 -15322.979|7819.605 -15325.003|7820.996 -15327.260|7822.044 -15329.695|7868.084 -15312.982|7863.365 -15308.490|7858.283 -15303.642
35 ELGIN ESTATES GR SE,7864.623 -15345.518|7869.335 -15341.037|7874.179 -15336.711|7879.156 -15332.531|7884.259 -15328.505|7873.019 -15317.697|7868.084 -15312.982|7822.044 -15329.695|7822.687 -15332.075|7823.002 -15334.532|7822.981 -15337.001|7822.624 -15339.447
39 ELGIN ESTATES GR SE,7848.790 -15362.831|7852.572 -15358.339|7856.465 -15353.958|7860.485 -15349.677|7864.623 -15345.518|7822.624 -15339.447|7822.226 -15340.959|7821.695 -15342.438|7821.045 -15343.850|7820.269 -15345.218|7819.381 -15346.497|7818.381 -15347.698|7817.284 -15348.809|7816.095 -15349.832
43 ELGIN ESTATES GR SE,7832.299 -15377.275|7833.138 -15377.687|7834.033 -15377.931|7834.956 -15377.998|7835.878 -15377.898|7836.766 -15377.620|7837.584 -15377.186|7838.311 -15376.608|7838.912 -15375.897|7843.729 -15369.269|7848.790 -15362.831|7816.095 -15349.832|7815.110 -15350.544|7813.124 -15352.145|7811.447 -15354.047|7810.111 -15356.226|7809.161 -15358.584|7808.986 -15359.395|7808.944 -15360.207|7809.035 -15361.030|7809.259 -15361.819|7809.615 -15362.564|7810.077 -15363.243|7810.650 -15363.832|7811.314 -15364.310
3 ELGIN MEADOWS PA SE,8318.571 -15386.849|8352.209 -15380.355|8351.118 -15376.008|8350.853 -15374.596|8350.077 -15373.617|8349.091 -15372.850|8347.952 -15372.349|8346.721 -15372.138|8345.337 -15372.238|8317.473 -15377.665|8316.718 -15378.821
7 ELGIN MEADOWS PA SE,8320.102 -15393.532|8353.607 -15387.061|8352.209 -15380.355|8318.571 -15386.849
11 ELGIN MEADOWS PA SE,8321.626 -15400.182|8354.907 -15394.032|8353.607 -15387.061|8320.102 -15393.532
15 ELGIN MEADOWS PA SE,8322.989 -15406.175|8323.052 -15406.764|8356.152 -15401.594|8354.907 -15394.032|8321.626 -15400.182
19 ELGIN MEADOWS PA SE,8323.625 -15413.447|8357.256 -15409.444|8356.152 -15401.594|8323.052 -15406.764
23 ELGIN MEADOWS PA SE,8324.191 -15420.141|8358.179 -15417.261|8357.256 -15409.444|8323.625 -15413.447
27 ELGIN MEADOWS PA SE,8324.778 -15426.968|8358.836 -15424.077|8358.179 -15417.261|8324.191 -15420.141|8324.506 -15423.777
31 ELGIN MEADOWS PA SE,8325.359 -15433.785|8359.353 -15430.905|8358.836 -15424.077|8324.778 -15426.968
35 ELGIN MEADOWS PA SE,8325.946 -15440.623|8359.738 -15437.765|8359.353 -15430.905|8325.359 -15433.785
39 ELGIN MEADOWS PA SE,8359.989 -15444.637|8359.738 -15437.765|8325.946 -15440.623|8326.526 -15447.462
43 ELGIN MEADOWS PA SE,8327.106 -15454.289|8360.101 -15451.498|8359.989 -15444.637|8326.526 -15447.462
47 ELGIN MEADOWS PA SE,8326.750 -15461.027|8360.059 -15459.337|8360.101 -15451.498|8327.106 -15454.289|8327.267 -15455.901
51 ELGIN MEADOWS PA SE,8326.093 -15467.821|8359.850 -15466.832|8360.059 -15459.337|8326.750 -15461.027
55 ELGIN MEADOWS PA SE,8325.435 -15474.571|8359.479 -15474.415|8359.850 -15466.832|8326.093 -15467.821
59 ELGIN MEADOWS PA SE,8324.778 -15481.332|8358.640 -15481.832|8359.088 -15479.886|8359.206 -15478.474|8359.479 -15474.415|8325.435 -15474.571
63 ELGIN MEADOWS PA SE,8324.114 -15488.159|8357.662 -15488.659|8357.724 -15486.258|8358.102 -15483.878|8358.452 -15482.510|8358.584 -15482.177|8358.640 -15481.832|8324.778 -15481.332
67 ELGIN MEADOWS PA SE,8323.450 -15494.986|8359.353 -15495.520|8358.577 -15493.507|8357.948 -15491.117|8357.662 -15488.659|8324.114 -15488.159
71 ELGIN MEADOWS PA SE,8365.120 -15502.492|8363.778 -15501.425|8362.541 -15500.246|8361.422 -15498.945|8360.430 -15497.544|8359.353 -15495.520|8323.450 -15494.986|8322.772 -15502.092|8330.706 -15502.114
4 ELGIN MEADOWS PA SE,8367.784 -15377.109|8401.785 -15370.081|8399.744 -15362.019|8398.542 -15361.241|8380.835 -15364.688|8370.468 -15367.134|8369.147 -15367.624|8368.161 -15368.391|8367.392 -15369.369|8366.896 -15370.515|8366.693 -15371.738|8366.749 -15372.794|8366.770 -15373.117
8 ELGIN MEADOWS PA SE,8403.344 -15376.608|8401.785 -15370.081|8367.784 -15377.109|8369.147 -15383.680
12 ELGIN MEADOWS PA SE,8404.882 -15383.146|8404.861 -15382.957|8403.344 -15376.608|8369.147 -15383.680|8370.391 -15390.274
16 ELGIN MEADOWS PA SE,8405.644 -15391.197|8404.882 -15383.146|8370.391 -15390.274|8371.531 -15397.046
20 ELGIN MEADOWS PA SE,8406.399 -15399.203|8405.644 -15391.197|8371.531 -15397.046|8372.544 -15403.840
22 ELGIN MEADOWS PA SE,8407.035 -15405.897|8406.399 -15399.203|8372.544 -15403.840|8373.411 -15410.489
26 ELGIN MEADOWS PA SE,8407.671 -15412.591|8407.035 -15405.897|8373.411 -15410.489|8374.159 -15417.172
30 ELGIN MEADOWS PA SE,8408.426 -15420.564|8407.671 -15412.591|8374.159 -15417.172|8374.788 -15424.011
34 ELGIN MEADOWS PA SE,8409.181 -15428.547|8408.426 -15420.564|8374.788 -15424.011|8375.285 -15430.860
38 ELGIN MEADOWS PA SE,8409.852 -15435.597|8409.181 -15428.547|8375.285 -15430.860|8375.641 -15437.476
42 ELGIN MEADOWS PA SE,8410.510 -15442.491|8409.852 -15435.597|8375.641 -15437.476|8375.879 -15444.137
46 ELGIN MEADOWS PA SE,8411.160 -15449.352|8410.510 -15442.491|8375.879 -15444.137|8375.998 -15450.797
50 ELGIN MEADOWS PA SE,8410.782 -15456.357|8411.160 -15449.352|8375.998 -15450.797|8375.984 -15457.447
52 ELGIN MEADOWS PA SE,8410.782 -15456.357|8375.984 -15457.447|8375.865 -15463.796|8410.328 -15464.752
54 ELGIN MEADOWS PA SE,8410.328 -15464.752|8375.865 -15463.796|8375.606 -15470.601|8409.908 -15472.636
58 ELGIN MEADOWS PA SE,8409.908 -15472.636|8375.606 -15470.601|8375.243 -15477.073|8409.489 -15480.431
62 ELGIN MEADOWS PA SE,8374.893 -15481.943|8374.914 -15482.065|8374.970 -15483.133|8375.012 -15483.344|8375.382 -15484.478|8376.012 -15485.490|8376.864 -15486.324|8377.885 -15486.925|8378.682 -15487.192|8379.248 -15487.292|8407.937 -15490.805|8408.147 -15490.627|8408.979 -15489.927|8409.489 -15480.431|8375.243 -15477.073
172 ELGIN MEADOWS PA SE,8443.945 -15495.198|8444.945 -15495.220|8445.923 -15495.042|8446.846 -15494.664|8447.678 -15494.119|8448.384 -15493.407|8448.936 -15492.573|8449.314 -15491.650|8449.495 -15490.672|8449.936 -15485.079|8415.347 -15482.544|8414.907 -15490.650|8415.843 -15491.773
176 ELGIN MEADOWS PA SE,8449.936 -15485.079|8450.404 -15477.773|8415.704 -15475.827|8415.347 -15482.544
180 ELGIN MEADOWS PA SE,8450.404 -15477.773|8450.747 -15470.468|8416.067 -15469.111|8415.704 -15475.827
184 ELGIN MEADOWS PA SE,8450.747 -15470.468|8450.970 -15463.162|8416.424 -15462.395|8416.067 -15469.111
194 ELGIN MEADOWS PA SE,8451.068 -15455.857|8451.040 -15448.540|8417.109 -15448.941|8417.137 -15449.230|8416.787 -15455.679
200 ELGIN MEADOWS PA SE,8451.040 -15448.540|8450.894 -15441.235|8416.472 -15442.224|8417.109 -15448.941
204 ELGIN MEADOWS PA SE,8450.894 -15441.235|8450.628 -15433.929|8415.836 -15435.519|8416.472 -15442.224
208 ELGIN MEADOWS PA SE,8450.628 -15433.929|8450.236 -15426.624|8415.200 -15428.825|8415.836 -15435.519
212 ELGIN MEADOWS PA SE,8450.236 -15426.624|8449.719 -15419.340|8414.564 -15422.143|8415.200 -15428.825
216 ELGIN MEADOWS PA SE,8449.719 -15419.340|8449.090 -15412.057|8413.935 -15415.460|8414.564 -15422.143
220 ELGIN MEADOWS PA SE,8449.090 -15412.057|8448.328 -15404.785|8413.299 -15408.777|8413.935 -15415.460
226 ELGIN MEADOWS PA SE,8448.328 -15404.785|8447.447 -15397.524|8412.663 -15402.083|8413.299 -15408.777
230 ELGIN MEADOWS PA SE,8447.447 -15397.524|8446.448 -15390.285|8412.034 -15395.389|8412.663 -15402.083
234 ELGIN MEADOWS PA SE,8446.448 -15390.285|8445.322 -15383.058|8411.397 -15388.684|8412.034 -15395.389
240 ELGIN MEADOWS PA SE,8445.322 -15383.058|8444.085 -15375.863|8410.754 -15381.968|8411.397 -15388.684
244 ELGIN MEADOWS PA SE,8444.085 -15375.863|8442.729 -15368.736|8409.202 -15375.463|8410.754 -15381.968
248 ELGIN MEADOWS PA SE,8442.729 -15368.736|8441.310 -15361.864|8407.643 -15368.925|8409.202 -15375.463
252 ELGIN MEADOWS PA SE,8407.643 -15368.925|8441.310 -15361.864|8440.331 -15358.061|8439.946 -15356.804|8439.219 -15355.781|8438.269 -15354.970|8437.143 -15354.425|8435.920 -15354.180|8434.536 -15354.258|8406.350 -15359.729|8405.602 -15360.885
153 ELGIN MEADOWS PA SE,8501.994 -15525.765|8495.325 -15522.830|8491.557 -15531.625|8455.815 -15512.522|8455.801 -15512.588|8453.158 -15513.422|8450.341 -15513.789|8447.503 -15513.712|8452.690 -15518.471|8499.421 -15543.467
157 ELGIN MEADOWS PA SE,8491.557 -15531.625|8495.325 -15522.830|8462.938 -15508.708|8461.316 -15509.019|8459.730 -15510.365|8457.996 -15511.521|8455.815 -15512.522
165 ELGIN MEADOWS PA SE,8488.390 -15513.267|8498.408 -15507.996|8498.967 -15502.770|8466.867 -15498.211|8466.496 -15500.190|8465.818 -15502.347|8466.343 -15503.660
169 ELGIN MEADOWS PA SE,8498.967 -15502.770|8499.631 -15495.742|8466.489 -15491.473|8466.825 -15493.140|8467.000 -15494.831|8467.014 -15496.521|8466.867 -15498.211
173 ELGIN MEADOWS PA SE,8499.631 -15495.742|8500.176 -15488.871|8465.902 -15484.690|8465.860 -15485.290|8465.818 -15486.702|8465.979 -15488.971|8466.419 -15491.195|8466.489 -15491.473
177 ELGIN MEADOWS PA SE,8500.176 -15488.871|8500.708 -15480.620|8466.301 -15478.318|8466.035 -15482.710|8465.902 -15484.690
181 ELGIN MEADOWS PA SE,8466.301 -15478.318|8500.708 -15480.620|8500.813 -15478.663|8501.078 -15472.714|8466.601 -15471.936
185 ELGIN MEADOWS PA SE,8466.601 -15471.936|8501.078 -15472.714|8501.302 -15465.931|8466.825 -15465.153|8466.678 -15469.945
189 ELGIN MEADOWS PA SE,8501.302 -15465.931|8501.428 -15458.792|8466.944 -15458.514|8466.825 -15465.153
193 ELGIN MEADOWS PA SE,8501.428 -15458.792|8501.449 -15451.631|8466.972 -15451.876|8466.944 -15458.514
197 ELGIN MEADOWS PA SE,8501.449 -15451.631|8501.372 -15444.493|8466.895 -15445.249|8466.972 -15451.876
201 ELGIN MEADOWS PA SE,8501.372 -15444.493|8501.183 -15437.376|8466.727 -15438.644|8466.895 -15445.249
205 ELGIN MEADOWS PA SE,8501.183 -15437.376|8500.896 -15430.249|8466.454 -15432.028|8466.727 -15438.644
213 ELGIN MEADOWS PA SE,8500.498 -15423.132|8500.002 -15416.027|8465.629 -15418.840|8466.091 -15425.434
217 ELGIN MEADOWS PA SE,8500.002 -15416.027|8499.428 -15409.255|8465.070 -15412.168|8465.629 -15418.840
221 ELGIN MEADOWS PA SE,8499.428 -15409.255|8498.771 -15402.572|8464.399 -15405.486|8465.070 -15412.168
225 ELGIN MEADOWS PA SE,8464.399 -15405.486|8498.771 -15402.572|8498.086 -15396.434|8497.842 -15394.433|8463.658 -15399.003
229 ELGIN MEADOWS PA SE,8463.658 -15399.003|8497.842 -15394.433|8497.604 -15392.476|8496.779 -15386.304|8462.826 -15392.520
233 ELGIN MEADOWS PA SE,8496.779 -15386.304|8495.786 -15379.522|8461.869 -15385.882|8462.826 -15392.520
237 ELGIN MEADOWS PA SE,8495.786 -15379.522|8494.696 -15372.761|8460.813 -15379.266|8461.869 -15385.882
241 ELGIN MEADOWS PA SE,8494.696 -15372.761|8493.515 -15366.022|8459.667 -15372.672|8460.813 -15379.266
245 ELGIN MEADOWS PA SE,8493.515 -15366.022|8492.235 -15359.295|8458.415 -15366.089|8459.667 -15372.672
249 ELGIN MEADOWS PA SE,8492.235 -15359.295|8490.858 -15352.601|8457.073 -15359.529|8458.415 -15366.089
253 ELGIN MEADOWS PA SE,8457.073 -15359.529|8490.858 -15352.601|8489.390 -15345.907|8455.493 -15352.979|8455.836 -15354.536
271 ELGIN MEADOWS GD SE,8444.931 -15314.595|8477.807 -15303.731|8476.688 -15300.740|8469.796 -15297.404|8443.442 -15306.989|8442.827 -15308.268
275 ELGIN MEADOWS GD SE,8446.944 -15320.977|8479.869 -15310.247|8477.807 -15303.731|8444.931 -15314.595
279 ELGIN MEADOWS GD SE,8448.859 -15327.393|8481.833 -15316.808|8479.869 -15310.247|8446.944 -15320.977
283 ELGIN MEADOWS GD SE,8450.635 -15333.676|8484.077 -15324.691|8483.455 -15322.790|8481.833 -15316.808|8448.859 -15327.393
287 ELGIN MEADOWS GD SE,8452.320 -15339.969|8486.175 -15332.608|8484.511 -15326.626|8484.077 -15324.691|8450.635 -15333.676|8451.774 -15337.935
291 ELGIN MEADOWS GD SE,8453.955 -15346.463|8487.831 -15339.247|8486.175 -15332.608|8452.320 -15339.969
257 ELGIN MEADOWS PA SE,8455.493 -15352.979|8489.390 -15345.907|8487.831 -15339.247|8453.955 -15346.463
190 ELGIN MEADOWS PA SE,8450.970 -15463.162|8451.068 -15455.857|8416.787 -15455.679|8416.424 -15462.395
209 ELGIN MEADOWS PA SE,8500.896 -15430.249|8500.498 -15423.132|8466.091 -15425.434|8466.454 -15432.028
