ADDRESS,POINTS
231 RIVERSIDE CL SE,3203.142 -7975.885|3198.382 -7963.309|3166.275 -7974.084|3171.014 -7986.660
31 RIVERBIRCH RD SE,3837.675 -7744.022|3834.376 -7713.721|3824.680 -7714.788|3827.979 -7745.089
15 RIVERGLEN WY SE,4149.653 -8044.570|4144.326 -8033.618|4117.049 -8046.983|4122.376 -8057.936
68 RIVERGLEN WY SE,4103.733 -8155.020|4090.779 -8127.422|4085.264 -8129.968|4079.706 -8132.414|4091.828 -8160.858
315 RIVERGLEN DR SE,4161.977 -8315.074|4162.208 -8283.528|4158.664 -8284.451|4147.989 -8287.164|4147.766 -8318.577
250 RIVERGREEN PL SE,3497.106 -8052.966|3492.206 -8048.340|3483.859 -8057.269|3507.242 -8079.308|3515.582 -8070.379|3505.390 -8060.772
56 RIVERCROFT CL SE,4438.688 -8061.439|4436.570 -8061.150|4434.494 -8060.605|4432.502 -8059.815|4430.614 -8058.792|4414.872 -8084.323|4427.301 -8091.372|4436.472 -8090.572
9005 21 ST SE,4325.505 -8309.548|4322.954 -8299.196|4317.487 -8296.016|4292.496 -8302.754|4295.978 -8316.575
9 RIVERVIEW BA SE,3409.872 -8207.782|3385.929 -8185.221|3385.496 -8185.677|3384.133 -8187.322|3382.972 -8189.102|3382.015 -8191.003|3381.288 -8193.005|3380.819 -8194.350|3380.218 -8195.640|3397.534 -8220.981
15 RIVERVALLEY PL SE,3757.970 -8185.643|3756.558 -8184.576|3755.285 -8183.364|3754.167 -8182.007|3753.209 -8180.528|3708.512 -8208.127|3726.226 -8218.780|3736.173 -8218.746
135 RIVERBROOK RD SE,3442.552 -7710.997|3421.846 -7692.405|3411.354 -7704.203|3437.128 -7717.379|3438.190 -7715.556|3439.462 -7713.866|3440.924 -7712.342
963 RIVERBEND DR SE,3637.279 -7794.749|3637.279 -7795.171|3637.328 -7805.757|3667.317 -7802.455|3668.436 -7802.232|3669.491 -7801.799|3670.449 -7801.187|3671.288 -7800.409|3671.959 -7799.486|3672.462 -7798.463|3672.763 -7797.362|3672.861 -7796.217|3672.854 -7795.016|3672.812 -7790.835
210 RIVERVIEW PA SE,3560.642 -8678.737|3538.462 -8651.750|3537.280 -8652.718|3528.591 -8659.656|3550.283 -8687.021
82 RIVERVIEW PA SE,3346.237 -8486.337|3317.164 -8468.968|3312.830 -8476.240|3310.607 -8479.999|3339.687 -8497.356
64 RIVERWOOD CL SE,4203.046 -8467.556|4203.032 -8427.581|4192.686 -8427.581|4192.700 -8467.556
7 RIVERSTONE CR SE,4692.443 -8184.487|4680.097 -8181.607|4671.933 -8216.000|4679.489 -8217.590|4684.781 -8218.713
56 RIVERWOOD CI SE,4055.247 -8780.091|4041.818 -8747.878|4039.930 -8748.912|4038.120 -8750.080|4036.400 -8751.381|4034.779 -8752.793|4033.534 -8753.861|4032.199 -8754.806|4044.600 -8784.573
96 RIVERBIRCH RD SE,3811.356 -7555.980|3808.672 -7551.354|3805.875 -7546.795|3779.395 -7563.652|3781.884 -7567.477|3784.261 -7571.358
188 RIVERBIRCH RD SE,3624.563 -7365.092|3616.804 -7356.496|3594.791 -7381.215|3602.166 -7389.388
768 RIVERBEND DR SE,3382.322 -7413.684|3381.309 -7379.714|3374.353 -7380.103|3367.426 -7380.837|3371.809 -7414.529|3377.052 -7413.973
111 RIVERSIDE WY SE,3326.322 -7193.573|3296.032 -7170.723|3291.866 -7175.415|3287.965 -7181.364|3318.304 -7204.270
193 RIVERSIDE CI SE,3067.443 -7482.080|3048.513 -7447.854|3040.537 -7453.858|3037.776 -7455.493|3056.084 -7488.618|3061.452 -7485.605
59 RIVERSTONE CL SE,4857.138 -8106.161|4828.142 -8105.616|4828.170 -8107.651|4827.960 -8109.686|4827.527 -8111.688|4826.876 -8113.622|4857.138 -8125.887
9186 21 ST SE,4379.101 -8692.492|4348.972 -8679.393|4344.352 -8690.113|4374.488 -8703.211
407 RIVER ROCK CI SE,4500.456 -8554.299|4465.616 -8554.299|4465.783 -8563.562|4500.610 -8563.906
28 RIVERVIEW CL SE,3831.551 -8601.902|3830.678 -8568.476|3812.782 -8569.622|3820.311 -8605.126|3822.450 -8604.415|3824.533 -8603.547|3826.218 -8602.869|3827.965 -8602.369|3829.748 -8602.046
104 RIVERCREST CI SE,4355.152 -7696.041|4355.152 -7693.561|4355.040 -7692.249|4354.705 -7690.971|4354.145 -7689.781|4353.390 -7688.713|4352.461 -7687.779|4351.377 -7687.034|4350.182 -7686.489|4348.910 -7686.167|4335.096 -7683.798|4321.304 -7681.319|4321.304 -7696.052
158 RIVERWOOD CR SE,4122.425 -9003.293|4126.619 -9001.959|4130.765 -9000.458|4134.840 -8998.801|4138.853 -8996.977|4142.788 -8994.987|4146.640 -8992.852|4150.401 -8990.561|4154.071 -8988.115|4151.443 -8980.087|4118.000 -8991.106
267 RIVERVIEW CL SE,3864.833 -8823.168|3843.253 -8793.780|3832.915 -8800.562|3852.949 -8831.452|3858.947 -8827.394
7 RIVER ROCK WY SE,4327.519 -8764.480|4323.366 -8762.923|4321.891 -8762.534|4320.374 -8762.456|4318.872 -8762.689|4317.445 -8763.223|4316.159 -8764.035|4315.062 -8765.091|4314.202 -8766.348|4313.615 -8767.760|4310.196 -8779.680|4307.141 -8791.700|4305.016 -8800.640|4318.144 -8803.987
9558 21 ST SE,4191.806 -9083.743|4196.895 -9080.674|4201.907 -9077.493|4182.984 -9048.149|4178.517 -9050.973|4173.994 -9053.698|4191.505 -9083.909
94 RIVERVIEW CI SE,3892.802 -8968.022|3882.875 -8934.497|3870.614 -8938.144|3880.541 -8971.669
120 RIVERCREST CR SE,4787.702 -7727.098|4778.593 -7726.442|4778.593 -7760.512|4787.702 -7761.157
122 RIVER ROCK CR SE,4389.608 -9193.370|4393.656 -9178.992|4360.954 -9167.728|4360.668 -9171.019|4360.737 -9174.322|4360.793 -9175.990|4360.696 -9177.658
949 RIVERVIEW PL SE,3982.958 -9170.708|3983.007 -9171.842|3983.224 -9172.943|3983.601 -9174.011|3984.133 -9175.000|3984.811 -9175.901|3985.614 -9176.690|3986.530 -9177.346|3987.530 -9177.869|3988.599 -9178.225|3989.711 -9178.414|3990.836 -9178.436|3991.948 -9178.292|3993.031 -9177.969|3994.052 -9177.502|3994.996 -9176.879|3995.828 -9176.123|3998.190 -9173.855|4005.153 -9133.102|3989.417 -9133.758|3988.453 -9143.098|3987.055 -9152.383|3985.223 -9161.601
73 RIVER ROCK CO SE,4567.152 -8982.133|4565.006 -8981.844|4556.848 -8981.176|4554.653 -9013.590|4564.964 -9014.401
137 RIVERVIEW CO SE,3207.127 -8107.807|3178.816 -8091.873|3176.348 -8095.398|3174.020 -8099.023|3170.602 -8105.016|3167.568 -8111.210|3166.995 -8112.488|3205.897 -8115.702|3205.806 -8113.689|3205.981 -8111.665|3206.421 -8109.697
135 RIVERSIDE CL SE,3016.623 -7988.650|3010.017 -7977.253|2971.939 -7999.503|2978.545 -8010.901
224 RIVERSIDE ME SE,2992.834 -7697.142|2978.301 -7663.383|2966.011 -7668.709|2980.314 -7701.934|2987.304 -7699.255
4 RIVERGLEN CR SE,4096.036 -8093.752|4099.748 -8101.380|4105.732 -8103.448|4128.989 -8092.062|4123.313 -8080.386
108 RIVERVALLEY DR SE,3617.293 -8288.999|3613.085 -8286.064|3608.989 -8282.983|3590.359 -8307.046|3595.336 -8310.793|3600.446 -8314.352
136 RIVERBROOK WY SE,3374.178 -7841.595|3399.337 -7824.538|3391.585 -7812.907|3366.405 -7829.942
127 RIVERBEND DR SE,3446.698 -8130.847|3437.841 -8122.507|3415.709 -8146.191|3424.566 -8154.542
20 RIVERCROFT CL SE,4413.725 -7963.109|4412.397 -7950.933|4378.745 -7954.247|4381.073 -7967.068
240 RIVERSTONE PL SE,4509.257 -8113.244|4499.883 -8111.298|4487.873 -8124.175|4506.748 -8149.105|4508.341 -8148.037|4510.061 -8147.192|4511.879 -8146.570|4513.759 -8146.191
86 RIVERBEND DR SE,3496.875 -8266.104|3487.564 -8257.742|3463.209 -8283.817|3475.240 -8289.277
59 RIVERVALLEY CR SE,3855.815 -8158.456|3855.787 -8152.574|3855.641 -8151.117|3855.214 -8149.716|3854.515 -8148.415|3853.585 -8147.292|3852.446 -8146.358|3851.153 -8145.669|3849.755 -8145.257|3848.294 -8145.113|3825.407 -8145.213|3825.463 -8158.590
160 RIVERBROOK RD SE,3530.395 -7684.443|3507.766 -7664.128|3500.454 -7672.334|3523.083 -7692.661
935 RIVERBEND DR SE,3667.562 -7736.683|3665.765 -7727.365|3631.050 -7735.204|3632.644 -7743.544
28 RIVERVIEW ME SE,3484.649 -8434.342|3481.832 -8432.274|3472.087 -8466.500|3474.058 -8467.189|3475.939 -8468.112|3477.700 -8469.246|3479.315 -8470.580|3501.314 -8446.651|3495.428 -8442.315
202 RIVERVIEW PA SE,3540.755 -8694.649|3519.056 -8667.284|3509.060 -8675.279|3530.751 -8702.644
84 RIVERWOOD CL SE,4151.450 -8465.199|4141.439 -8427.604|4118.622 -8427.604|4143.599 -8464.854|4145.564 -8464.609|4147.542 -8464.587|4149.513 -8464.787
210 RIVERSTONE CV SE,4716.175 -8301.053|4714.945 -8299.396|4713.610 -8297.828|4712.163 -8296.360|4710.618 -8294.993|4708.989 -8293.736|4707.269 -8292.591|4705.480 -8291.568|4703.627 -8290.667|4680.964 -8320.834|4686.228 -8329.897
32 RIVERWOOD CI SE,4001.469 -8729.120|3997.247 -8719.123|3964.168 -8732.945|3968.607 -8743.453
211 RIVERWOOD CI SE,3984.517 -8517.549|3981.721 -8482.578|3971.347 -8482.578|3974.136 -8517.549
232 RIVERBIRCH RD SE,3541.034 -7428.095|3516.553 -7406.111|3508.857 -7414.751|3533.338 -7436.734
75 RIVERSIDE WY SE,3254.166 -7289.890|3226.442 -7268.975|3220.395 -7280.684|3220.227 -7280.995|3246.155 -7300.599
131 RIVERSIDE ME SE,3135.531 -7597.611|3105.087 -7592.752|3103.927 -7594.342|3102.263 -7596.533|3100.809 -7598.868|3099.572 -7601.325|3098.565 -7603.894|3130.260 -7612.556|3132.762 -7605.039
19 RIVERSTONE CL SE,4732.848 -8108.374|4720.908 -8105.894|4713.994 -8139.498|4715.162 -8139.776|4725.871 -8142.266
85 RIVER ROCK CI SE,4505.559 -8675.112|4495.157 -8672.466|4492.753 -8680.883|4490.166 -8689.245|4487.398 -8697.551|4484.448 -8705.791|4493.403 -8708.148
77 RIVERVIEW CL SE,3725.520 -8719.290|3703.206 -8691.147|3697.250 -8695.906|3696.202 -8696.929|3695.370 -8698.141|3694.797 -8699.486|3694.489 -8700.921|3694.468 -8702.388|3694.727 -8703.834|3695.272 -8705.202|3696.062 -8706.436|3713.727 -8728.719
108 RIVERCREST CI SE,4355.152 -7696.041|4321.304 -7696.052|4321.304 -7704.592|4355.152 -7704.592
9561 21 ST SE,4151.995 -9040.699|4158.412 -9037.775|4164.690 -9034.561|4147.633 -9002.593|4142.809 -9005.039|4137.881 -9007.274
15 RIVERCREST CR SE,4687.130 -7859.331|4685.026 -7855.506|4682.782 -7851.202|4641.007 -7869.850|4647.389 -7877.066
45 RIVER ROCK RD SE,4415.920 -8903.551|4407.140 -8900.338|4395.501 -8932.240|4404.009 -8935.776
9532 21 ST SE,4273.147 -9008.297|4276.579 -9003.226|4279.886 -8998.078|4250.400 -8979.475|4247.534 -8983.934|4244.570 -8988.315
9520 21 ST SE,4304.772 -8946.361|4306.995 -8939.734|4309.043 -8933.051|4275.628 -8923.177|4273.636 -8929.660|4273.315 -8931.150|4273.308 -8932.684|4273.601 -8934.174|4274.195 -8935.586|4275.069 -8936.843|4276.174 -8937.899|4277.467 -8938.711|4278.900 -8939.234|4291.867 -8942.670
199 RIVERVIEW CI SE,3626.276 -9065.729|3624.214 -9051.229|3584.836 -9056.900|3586.899 -9071.400
84 RIVERCREST CR SE,4705.704 -7721.238|4696.595 -7720.582|4696.602 -7754.641|4705.711 -7755.297
913 RIVERVIEW PL SE,4005.992 -9193.225|3992.626 -9193.225|3992.626 -9223.715|4005.992 -9223.715
37 RIVER ROCK CO SE,4622.908 -8931.161|4622.901 -8916.428|4589.787 -8922.577|4589.997 -8924.067|4590.067 -8925.568|4590.067 -8931.161
219 RIVERSIDE CL SE,3218.591 -8012.913|3212.594 -7999.147|3180.472 -8009.933|3181.542 -8011.868|3182.737 -8013.714|3184.072 -8015.460|3185.533 -8017.116|3187.022 -8018.896|3188.274 -8020.864
320 RIVERBEND DR SE,3171.881 -7736.649|3170.874 -7733.380|3169.462 -7728.577|3168.176 -7723.729|3135.831 -7733.814|3137.145 -7738.651|3138.571 -7743.455|3139.403 -7746.145|3139.578 -7746.724
35 RIVERBIRCH RD SE,3846.224 -7743.088|3842.925 -7712.787|3834.376 -7713.721|3837.675 -7744.022
19 RIVERGLEN WY SE,4154.455 -8054.456|4149.653 -8044.570|4122.376 -8057.936|4127.172 -8067.821
64 RIVERGLEN WY SE,4115.008 -8149.494|4101.705 -8122.107|4094.820 -8125.476|4090.779 -8127.422|4103.733 -8155.020
307 RIVERGLEN DR SE,4173.546 -8312.039|4186.437 -8308.569|4189.694 -8303.032|4188.646 -8297.517|4187.905 -8291.957|4187.478 -8286.353|4187.360 -8280.737|4187.388 -8276.968|4173.777 -8280.515
77 RIVERGREEN CR SE,3527.892 -8036.753|3517.350 -8026.813|3497.106 -8052.966|3505.390 -8060.772
60 RIVERCROFT CL SE,4453.410 -8089.104|4450.132 -8058.370|4448.852 -8059.170|4447.510 -8059.849|4446.112 -8060.427|4444.672 -8060.883|4443.197 -8061.205|4441.708 -8061.405|4440.198 -8061.483|4438.688 -8061.439|4436.472 -8090.572|4450.796 -8089.326
9009 21 ST SE,4328.504 -8323.080|4325.505 -8309.548|4295.978 -8316.575|4298.802 -8329.296
41 RIVERVIEW BA SE,3369.243 -8169.487|3375.332 -8162.960|3376.227 -8161.803|3376.870 -8160.480|3377.254 -8159.068|3377.345 -8157.600|3377.156 -8156.143|3376.688 -8154.753|3375.961 -8153.475|3374.996 -8152.374|3356.493 -8134.927|3346.168 -8145.980|3345.287 -8146.925
19 RIVERVALLEY PL SE,3765.023 -8188.079|3763.157 -8187.812|3761.339 -8187.311|3759.598 -8186.577|3757.970 -8185.643|3736.173 -8218.746|3761.052 -8218.635
123 RIVERBROOK RD SE,3440.378 -7738.217|3439.001 -7736.661|3437.820 -7734.948|3436.834 -7733.113|3436.072 -7731.179|3408.453 -7740.341|3417.366 -7753.696
936 RIVERBEND DR SE,3724.052 -7736.394|3722.325 -7726.041|3695.174 -7729.033|3693.937 -7729.299|3692.783 -7729.811|3691.749 -7730.545|3690.889 -7731.479|3690.232 -7732.557|3689.812 -7733.747|3689.638 -7735.004|3689.715 -7736.271|3690.567 -7741.553
194 RIVERVIEW PA SE,3520.748 -8710.639|3499.063 -8683.274|3495.442 -8686.176|3493.758 -8687.622|3492.185 -8689.201|3490.731 -8690.891|3489.409 -8692.681|3510.283 -8719.012
86 RIVERVIEW PA SE,3339.687 -8497.356|3310.607 -8479.999|3307.545 -8485.136|3303.742 -8491.530|3332.823 -8508.887
68 RIVERWOOD CL SE,4192.700 -8467.556|4192.686 -8427.581|4182.334 -8427.581|4182.347 -8467.556
11 RIVERSTONE CR SE,4704.823 -8187.200|4692.443 -8184.487|4684.781 -8218.713|4697.616 -8221.415
60 RIVERWOOD CI SE,4065.893 -8775.621|4052.443 -8743.330|4043.642 -8747.033|4041.818 -8747.878|4055.247 -8780.091
100 RIVERBIRCH RD SE,3805.875 -7546.795|3803.135 -7542.559|3800.297 -7538.400|3774.439 -7556.636|3776.963 -7560.116|3779.395 -7563.652
11 RIVERBIRCH CO SE,3726.932 -7537.555|3702.836 -7515.149|3700.060 -7518.163|3697.530 -7521.309|3695.447 -7524.767|3718.746 -7546.428
772 RIVERBEND DR SE,3395.234 -7379.992|3388.271 -7379.680|3381.309 -7379.714|3382.322 -7413.684|3387.593 -7413.650|3392.864 -7413.895
119 RIVERSIDE WY SE,3342.351 -7172.168|3313.802 -7150.697|3304.917 -7160.704|3334.333 -7182.865
197 RIVERSIDE CI SE,3078.859 -7474.418|3059.530 -7439.459|3058.328 -7440.459|3048.513 -7447.854|3067.443 -7482.080|3073.224 -7478.366
67 RIVERSTONE CL SE,4857.138 -8094.163|4857.138 -8082.566|4825.199 -8082.610|4825.199 -8090.183|4825.269 -8092.195|4825.471 -8094.197
9190 21 ST SE,4374.488 -8703.211|4344.352 -8690.113|4339.731 -8700.832|4369.867 -8713.931
411 RIVER ROCK CI SE,4500.610 -8563.906|4465.783 -8563.562|4465.706 -8572.935|4500.512 -8574.314
32 RIVERVIEW CL SE,3820.311 -8605.126|3812.782 -8569.622|3797.347 -8570.611|3807.896 -8608.273|3813.194 -8606.850|3818.535 -8605.582
144 RIVERCREST CI SE,4355.159 -7775.145|4321.318 -7775.156|4321.318 -7789.667|4335.013 -7787.243|4348.756 -7785.119|4350.049 -7784.808|4351.272 -7784.274|4352.377 -7783.529|4353.335 -7782.595|4354.110 -7781.517|4354.684 -7780.316|4355.040 -7779.026|4355.159 -7777.703
263 RIVERVIEW CL SE,3852.949 -8831.452|3832.915 -8800.562|3823.058 -8807.023|3841.177 -8838.691|3847.112 -8835.155
75 RIVER ROCK WY SE,4460.107 -8851.579|4469.460 -8855.092|4481.966 -8831.564|4482.568 -8830.085|4482.854 -8828.517|4482.791 -8826.916|4482.400 -8825.370|4481.687 -8823.936|4480.687 -8822.690|4479.443 -8821.690|4478.017 -8820.967|4472.298 -8818.821
9560 21 ST SE,4180.740 -9089.703|4186.171 -9086.889|4191.505 -9083.909|4173.994 -9053.698|4169.401 -9056.322|4164.745 -9058.824
42 RIVER ROCK CR SE,4423.379 -8953.556|4411.146 -8948.474|4396.962 -8980.765|4400.408 -8981.688|4403.946 -8982.188|4405.574 -8982.400|4407.175 -8982.755
98 RIVERVIEW CI SE,3880.541 -8971.669|3870.614 -8938.144|3863.645 -8940.223|3862.365 -8940.735|3861.205 -8941.480|3860.198 -8942.414|3859.380 -8943.526|3858.779 -8944.771|3858.416 -8946.094|3858.304 -8947.473|3858.444 -8948.841|3863.854 -8976.651
124 RIVERCREST CR SE,4796.817 -7727.743|4787.702 -7727.098|4787.702 -7761.157|4796.810 -7761.813
126 RIVER ROCK CR SE,4384.547 -9212.139|4389.608 -9193.370|4360.696 -9177.658|4360.339 -9179.782|4359.738 -9181.839|4358.899 -9183.818|4357.822 -9185.675
290 RIVERVIEW CI SE,3958.897 -9175.123|3960.288 -9175.289|3961.686 -9175.200|3963.042 -9174.856|3964.315 -9174.255|3965.447 -9173.432|3966.405 -9172.398|3967.160 -9171.220|3967.677 -9169.908|3969.690 -9162.435|3934.927 -9153.773|3933.060 -9160.589|3930.872 -9167.306|3937.800 -9169.529|3944.783 -9171.575|3951.816 -9173.432
77 RIVER ROCK CO SE,4556.848 -8981.176|4551.899 -8980.721|4545.845 -8984.446|4537.079 -9007.296|4540.008 -9012.133|4554.653 -9013.590
235 RIVERSIDE CL SE,3198.382 -7963.309|3194.041 -7951.233|3161.941 -7961.997|3166.275 -7974.084
328 RIVERBEND DR SE,3168.176 -7723.729|3166.722 -7717.435|3165.499 -7711.097|3132.602 -7719.325|3134.090 -7726.597|3135.831 -7733.814
39 RIVERBIRCH RD SE,3846.224 -7743.088|3856.116 -7741.998|3854.823 -7726.809|3853.369 -7711.631|3842.925 -7712.787
23 RIVERGLEN WY SE,4158.992 -8063.796|4154.455 -8054.456|4127.172 -8067.821|4131.715 -8077.162
52 RIVERGLEN WY SE,4139.803 -8143.545|4149.080 -8143.623|4149.157 -8133.626|4135.518 -8105.550|4124.068 -8111.154
311 RIVERGLEN DR SE,4173.546 -8312.039|4173.777 -8280.515|4162.208 -8283.528|4161.977 -8315.074|4173.085 -8312.161
105 RIVERVIEW CO SE,3258.276 -8137.463|3264.113 -8142.266|3265.351 -8143.145|3266.735 -8143.779|3268.217 -8144.134|3269.734 -8144.201|3271.237 -8143.979|3272.677 -8143.467|3273.984 -8142.700|3275.123 -8141.688|3291.474 -8124.186|3282.946 -8116.158|3280.429 -8113.745
64 RIVERCROFT CL SE,4465.329 -8088.070|4463.714 -8056.268|4457.688 -8056.646|4451.670 -8057.180|4450.132 -8058.370|4453.410 -8089.104
103 RIVERSTONE CO SE,4371.328 -8358.574|4367.001 -8323.536|4351.734 -8327.650|4354.201 -8341.672|4356.299 -8355.761|4361.332 -8359.708
33 RIVERVIEW BA SE,3359.219 -8175.892|3332.473 -8160.625|3328.726 -8164.639|3321.624 -8175.491|3318.814 -8179.783|3352.655 -8184.543|3353.095 -8183.219|3353.661 -8181.952|3354.339 -8180.740|3355.129 -8179.594|3356.017 -8178.527|3357.003 -8177.548|3358.072 -8176.670
23 RIVERVALLEY PL SE,3777.368 -8218.557|3775.432 -8188.034|3774.222 -8188.090|3766.260 -8188.123|3765.023 -8188.079|3761.052 -8218.635
119 RIVERBROOK RD SE,3448.606 -7745.923|3447.264 -7744.322|3445.810 -7742.821|3444.251 -7741.420|3442.601 -7740.130|3441.448 -7739.218|3440.378 -7738.217|3417.366 -7753.696|3423.461 -7762.836
940 RIVERBEND DR SE,3725.415 -7746.090|3724.052 -7736.394|3690.567 -7741.553|3691.812 -7750.415
190 RIVERVIEW PA SE,3510.283 -8719.012|3489.409 -8692.681|3488.480 -8694.138|3487.033 -8696.206|3485.313 -8698.041|3483.349 -8699.620|3481.189 -8700.910|3495.974 -8730.454
90 RIVERVIEW PA SE,3332.823 -8508.887|3303.742 -8491.530|3302.260 -8494.020|3297.185 -8502.560|3326.273 -8519.906
72 RIVERWOOD CL SE,4182.347 -8467.556|4182.334 -8427.581|4171.393 -8427.592|4171.400 -8467.567
15 RIVERSTONE CR SE,4716.658 -8189.646|4704.823 -8187.200|4697.616 -8221.415|4698.748 -8221.648|4709.849 -8223.995
76 RIVERWOOD CI SE,4107.382 -8758.175|4094.477 -8727.196|4092.191 -8727.485|4089.933 -8727.952|4087.717 -8728.597|4085.557 -8729.409|4083.285 -8730.365|4096.735 -8762.656
104 RIVERBIRCH RD SE,3800.297 -7538.400|3797.354 -7534.297|3794.320 -7530.272|3769.133 -7549.886|3771.832 -7553.233|3774.439 -7556.636
15 RIVERBIRCH CO SE,3718.746 -7546.428|3695.447 -7524.767|3694.370 -7527.080|3693.350 -7529.182|3692.070 -7531.117|3690.546 -7532.874|3707.792 -7558.304
776 RIVERBEND DR SE,3409.061 -7381.671|3402.168 -7380.659|3395.234 -7379.992|3392.864 -7413.895|3398.114 -7414.395|3403.329 -7415.163
123 RIVERSIDE WY SE,3349.173 -7163.062|3325.790 -7137.198|3313.802 -7150.697|3342.351 -7172.168
205 RIVERSIDE CI SE,3098.111 -7453.914|3080.495 -7422.012|3069.778 -7430.930|3089.254 -7466.157|3091.092 -7464.277|3092.763 -7462.231|3094.245 -7460.052|3095.524 -7457.750|3096.691 -7455.749
71 RIVERSTONE CL SE,4857.138 -8082.566|4857.138 -8070.968|4825.199 -8071.013|4825.199 -8082.610
10 RIVER ROCK GR SE,4571.347 -8561.371|4575.226 -8561.371|4576.610 -8561.238|4577.953 -8560.848|4579.190 -8560.215|4580.301 -8559.370|4581.224 -8558.324|4581.944 -8557.135|4582.426 -8555.822|4582.664 -8554.444|4583.279 -8547.405|4584.062 -8540.377|4585.006 -8533.372|4586.110 -8526.389|4571.326 -8526.389
36 RIVERVIEW CL SE,3807.896 -8608.273|3797.347 -8570.611|3782.206 -8571.579|3796.228 -8611.954|3802.031 -8610.030
117 RIVERCREST CI SE,4402.932 -7714.844|4370.084 -7714.844|4370.084 -7724.040|4402.932 -7724.040
3 RIVERWOOD CO SE,4106.067 -8909.211|4095.833 -8877.865|4083.824 -8882.913|4087.794 -8894.467|4091.632 -8906.064|4092.219 -8907.410|4093.058 -8908.622|4094.114 -8909.634|4095.351 -8910.423|4096.714 -8910.957|4098.161 -8911.213|4099.629 -8911.179|4101.055 -8910.857
259 RIVERVIEW CL SE,3841.177 -8838.691|3823.058 -8807.023|3816.836 -8811.104|3812.363 -8813.183|3828.469 -8845.541|3834.872 -8842.205
9562 21 ST SE,4169.604 -9094.695|4175.210 -9092.282|4180.740 -9089.703|4164.745 -9058.824|4160.041 -9061.215|4155.273 -9063.505
7 RIVERVIEW CI SE,4023.377 -9064.128|4024.733 -9063.872|4026.054 -9063.483|4027.334 -9062.983|4028.564 -9062.371|4029.731 -9061.637|4030.829 -9060.803|4031.843 -9059.880|4032.765 -9058.857|4033.597 -9057.756|4034.317 -9056.589|4034.932 -9055.355|4035.429 -9054.065|4035.806 -9052.741|4036.058 -9051.385|4036.184 -9050.017|4036.191 -9048.638|4035.310 -9028.601|4034.100 -9023.164|4016.575 -9025.688|4017.694 -9064.940
128 RIVERCREST CR SE,4805.926 -7728.399|4796.817 -7727.743|4796.810 -7761.813|4805.919 -7762.458
294 RIVERVIEW CI SE,3934.927 -9153.773|3969.690 -9162.435|3971.298 -9155.385|3972.626 -9148.280|3937.296 -9142.365|3936.220 -9148.091
7 RIVER ROCK PL SE,4538.177 -8962.729|4535.667 -8956.780|4509.551 -8945.616|4504.755 -8958.137|4535.395 -8970.001
227 RIVERSIDE CL SE,3207.665 -7987.272|3203.142 -7975.885|3171.014 -7986.660|3175.509 -7998.069
336 RIVERBEND DR SE,3165.499 -7711.097|3164.478 -7704.603|3164.157 -7703.224|3163.590 -7701.945|3162.786 -7700.789|3161.787 -7699.811|3160.619 -7699.021|3159.326 -7698.476|3157.956 -7698.187|3156.551 -7698.154|3149.889 -7698.743|3143.248 -7699.566|3136.642 -7700.611|3130.071 -7701.868|3131.154 -7710.619|3132.602 -7719.325
83 RIVERBIRCH CR SE,3842.813 -7783.162|3839.514 -7752.873|3831.593 -7753.740|3834.900 -7784.041
27 RIVERGLEN WY SE,4131.715 -8077.162|4137.035 -8088.114|4160.293 -8076.717|4162.348 -8070.712|4158.992 -8063.796
56 RIVERGLEN WY SE,4139.803 -8143.545|4124.068 -8111.154|4113.156 -8116.502|4126.452 -8143.890|4127.360 -8143.445
47 RIVERGLEN RD SE,4173.847 -8271.208|4187.458 -8267.661|4187.653 -8242.097|4181.921 -8237.605|4174.085 -8239.651
109 RIVERVIEW CO SE,3280.429 -8113.745|3275.899 -8109.197|3271.509 -8104.504|3247.749 -8129.968|3248.399 -8130.413|3253.411 -8133.838|3258.276 -8137.463
68 RIVERCROFT CL SE,4477.297 -8087.025|4477.450 -8055.946|4470.586 -8056.012|4463.714 -8056.268|4465.329 -8088.070
111 RIVERSTONE CO SE,4395.921 -8350.768|4392.111 -8316.853|4387.252 -8318.088|4379.423 -8320.189|4383.988 -8357.139|4385.505 -8356.895|4387.001 -8356.528|4388.462 -8356.027|4389.867 -8355.405|4391.223 -8354.671|4392.502 -8353.815|4393.712 -8352.847|4394.823 -8351.791
29 RIVERVIEW BA SE,3352.655 -8184.543|3318.814 -8179.783|3314.850 -8185.832|3308.685 -8195.251|3299.373 -8209.484|3352.746 -8193.138|3352.249 -8191.014|3352.075 -8188.846|3352.207 -8186.666
27 RIVERVALLEY PL SE,3802.240 -8218.457|3782.038 -8185.832|3780.500 -8186.666|3778.864 -8187.322|3777.165 -8187.778|3775.432 -8188.034|3777.368 -8218.557
115 RIVERBROOK RD SE,3455.436 -7755.997|3449.941 -7747.758|3448.606 -7745.923|3423.461 -7762.836|3430.221 -7772.966
944 RIVERBEND DR SE,3726.533 -7755.819|3725.415 -7746.090|3691.812 -7750.415|3692.839 -7759.311
186 RIVERVIEW PA SE,3495.974 -8730.454|3481.189 -8700.910|3479.057 -8701.821|3476.820 -8702.444|3474.527 -8702.778|3472.213 -8702.811|3465.132 -8755.117
122 RIVERVIEW PA SE,3340.107 -8582.932|3330.257 -8574.748|3306.147 -8604.003|3316.004 -8612.187
7 RIVERWOOD CL SE,4257.104 -8560.682|4255.936 -8549.095|4222.780 -8549.095|4225.640 -8560.693
19 RIVERSTONE CR SE,4728.513 -8191.937|4716.658 -8189.646|4709.849 -8223.995|4711.261 -8224.295|4722.089 -8226.574
80 RIVERWOOD CI SE,4121.174 -8752.371|4104.397 -8724.527|4102.404 -8725.573|4100.293 -8726.362|4098.098 -8726.874|4095.861 -8727.107|4094.477 -8727.196|4107.382 -8758.175
108 RIVERBIRCH RD SE,3794.320 -7530.272|3791.195 -7526.324|3787.980 -7522.455|3763.527 -7543.448|3766.372 -7546.628|3769.133 -7549.886
19 RIVERBIRCH CO SE,3707.792 -7558.304|3690.546 -7532.874|3688.680 -7534.519|3686.604 -7535.898|3684.353 -7536.966|3695.482 -7571.658
780 RIVERBEND DR SE,3422.650 -7384.717|3415.891 -7383.027|3409.061 -7381.671|3403.329 -7415.163|3408.502 -7416.186|3413.619 -7417.464
155 RIVERSIDE WY SE,3432.926 -7159.737|3424.566 -7148.551|3397.429 -7168.999|3405.789 -7180.197
209 RIVERSIDE CI SE,3107.198 -7448.377|3097.104 -7407.190|3089.107 -7414.840|3080.495 -7422.012|3098.111 -7453.914|3100.040 -7452.024|3102.235 -7450.456|3104.640 -7449.222
75 RIVERSTONE CL SE,4857.138 -8070.968|4857.138 -8059.382|4825.199 -8059.426|4825.199 -8071.013
9150 21 ST SE,4405.497 -8596.364|4406.225 -8588.280|4406.728 -8580.185|4380.108 -8580.185|4378.717 -8580.319|4377.382 -8580.708|4376.130 -8581.342|4375.026 -8582.198|4374.096 -8583.243|4373.383 -8584.444|4372.901 -8585.756|4372.670 -8587.135|4372.412 -8590.304|4372.160 -8593.039
14 RIVER ROCK GR SE,4571.347 -8561.371|4571.326 -8526.389|4562.070 -8526.400|4562.091 -8561.371
40 RIVERVIEW CL SE,3796.228 -8611.954|3782.206 -8571.579|3770.385 -8572.346|3768.022 -8574.203|3785.337 -8616.135|3790.755 -8613.966
121 RIVERCREST CI SE,4402.932 -7724.040|4370.084 -7724.040|4370.084 -7733.236|4402.925 -7733.236
7 RIVERWOOD CO SE,4116.462 -8905.786|4105.956 -8873.606|4095.833 -8877.865|4106.067 -8909.211
255 RIVERVIEW CL SE,3828.469 -8845.541|3812.363 -8813.183|3800.702 -8818.609|3814.830 -8851.879|3821.702 -8848.810
128 RIVERGLEN DR SE,4546.097 -7842.918|4534.563 -7841.629|4527.579 -7874.220|4539.127 -7875.421
203 RIVERCREST CL SE,4490.292 -7827.640|4501.274 -7828.863|4502.812 -7821.691|4504.091 -7814.819|4504.993 -7807.881|4505.377 -7804.156|4505.384 -7802.677|4505.098 -7801.220|4504.532 -7799.853|4503.714 -7798.618|4502.665 -7797.573|4501.428 -7796.761|4500.058 -7796.205|4498.604 -7795.927|4495.353 -7795.649
94 RIVER ROCK WY SE,4498.422 -8837.046|4529.669 -8848.109|4537.513 -8833.965|4503.637 -8827.616|4502.819 -8830.218|4501.658 -8832.676|4500.184 -8834.966
9564 21 ST SE,4152.820 -9100.500|4161.278 -9097.787|4169.604 -9094.695|4155.273 -9063.505|4150.925 -9065.462|4149.772 -9066.107|4148.737 -9066.930|4147.870 -9067.931|4147.192 -9069.076|4146.724 -9070.310|4146.479 -9071.611|4146.472 -9072.934|4146.696 -9074.247|4149.933 -9087.323
11 RIVERVIEW CI SE,4017.694 -9064.940|4016.575 -9025.688|4003.237 -9027.611|4004.349 -9066.852
132 RIVERCREST CR SE,4805.919 -7762.458|4816.216 -7763.203|4816.223 -7736.116|4816.090 -7734.715|4815.706 -7733.369|4815.077 -7732.124|4814.224 -7731.012|4813.182 -7730.078|4811.980 -7729.355|4810.673 -7728.866|4809.288 -7728.643|4805.926 -7728.399
130 RIVER ROCK CR SE,4381.541 -9223.737|4383.673 -9215.475|4355.977 -9188.032|4354.565 -9189.389|4353.020 -9190.590|4351.349 -9191.602|4349.581 -9192.436|4362.031 -9223.737
298 RIVERVIEW CI SE,3972.626 -9148.280|3973.668 -9141.130|3974.423 -9133.947|3938.743 -9130.811|3937.932 -9138.195|3937.296 -9142.365
11 RIVER ROCK PL SE,4535.395 -8970.001|4504.755 -8958.137|4501.036 -8967.833|4531.676 -8979.698
133 RIVERVIEW CO SE,3212.223 -8101.658|3194.936 -8074.259|3190.937 -8077.940|3186.351 -8082.655|3182.059 -8087.647|3178.816 -8091.873|3207.127 -8107.807|3208.078 -8106.028|3209.259 -8104.382|3210.650 -8102.926
131 RIVERSIDE CL SE,3010.017 -7977.253|3003.110 -7965.322|2965.033 -7987.583|2971.939 -7999.503
220 RIVERSIDE ME SE,2980.314 -7701.934|2966.011 -7668.709|2954.267 -7673.791|2968.479 -7706.816|2974.812 -7704.080|2975.616 -7703.725
111 RIVERGLEN CR SE,3921.701 -8205.736|3921.749 -8217.934|3949.117 -8217.823|3952.102 -8217.801|3952.046 -8205.614
104 RIVERVALLEY DR SE,3625.647 -8294.192|3621.425 -8291.668|3617.293 -8288.999|3600.446 -8314.352|3605.465 -8317.587|3610.596 -8320.656
143 RIVERBROOK WY SE,3422.441 -7777.469|3415.513 -7767.083|3390.298 -7784.052|3397.226 -7794.426
123 RIVERBEND DR SE,3455.548 -8139.197|3446.698 -8130.847|3424.566 -8154.542|3433.416 -8162.882
16 RIVERCROFT CL SE,4412.397 -7950.933|4411.369 -7938.991|4376.452 -7941.626|4378.577 -7953.335|4378.745 -7954.247
244 RIVERSTONE PL SE,4532.738 -8118.104|4509.257 -8113.244|4513.759 -8146.191|4515.667 -8146.047|4517.583 -8146.158|4519.463 -8146.514|4521.288 -8147.103
91 RIVERGLEN WY SE,3988.166 -8153.252|3960.749 -8147.070|3960.833 -8165.562|3991.822 -8165.428|3990.899 -8164.094|3990.095 -8162.682|3989.424 -8161.203|3988.886 -8159.668|3988.495 -8158.100|3988.236 -8156.488|3988.131 -8154.876
64 RIVERBEND DR SE,3669.302 -8243.109|3645.940 -8223.650|3640.432 -8230.088|3639.691 -8231.111|3639.173 -8232.267|3638.901 -8233.491|3638.880 -8234.758|3639.111 -8236.004|3639.586 -8237.171|3640.285 -8238.216|3641.180 -8239.106|3643.577 -8240.985|3646.045 -8242.764|3648.569 -8244.466|3651.155 -8246.078|3653.791 -8247.590|3656.482 -8249.025|3659.222 -8250.348|3662.004 -8251.582|3665.695 -8247.379
156 RIVERBROOK RD SE,3523.083 -7692.661|3500.454 -7672.334|3493.149 -7680.552|3515.771 -7700.867
931 RIVERBEND DR SE,3665.765 -7727.365|3663.710 -7718.091|3629.226 -7726.909|3631.050 -7735.204
24 RIVERVIEW ME SE,3505.732 -8449.920|3501.314 -8446.651|3479.315 -8470.580|3480.825 -8472.159|3482.132 -8473.916|3483.216 -8475.818|3484.062 -8477.841|3519.790 -8460.295|3515.554 -8457.170
198 RIVERVIEW PA SE,3530.751 -8702.644|3509.060 -8675.279|3499.063 -8683.274|3520.748 -8710.639
76 RIVERWOOD CL SE,4171.400 -8467.567|4171.393 -8427.592|4159.845 -8427.592|4159.859 -8467.356|4163.375 -8467.567
214 RIVERSTONE CV SE,4703.627 -8290.667|4700.992 -8289.655|4698.273 -8288.899|4685.767 -8286.041|4670.793 -8318.343|4679.524 -8318.343|4680.964 -8320.834
36 RIVERWOOD CI SE,4004.461 -8738.783|4004.111 -8736.759|4003.622 -8734.768|4003.000 -8732.823|4002.252 -8730.910|4001.469 -8729.120|3968.607 -8743.453|3974.024 -8755.695
207 RIVERWOOD CI SE,3995.492 -8517.549|3992.703 -8482.578|3981.721 -8482.578|3984.517 -8517.549
228 RIVERBIRCH RD SE,3548.731 -7419.455|3524.250 -7397.460|3516.553 -7406.111|3541.034 -7428.095
124 RIVERSIDE WY SE,3382.896 -7196.175|3360.771 -7172.513|3351.578 -7184.789|3377.031 -7204.003
139 RIVERSIDE ME SE,3143.758 -7548.352|3140.892 -7545.783|3104.136 -7575.339|3105.192 -7576.840|3106.059 -7578.475|3106.723 -7580.198|3107.163 -7581.977|3144.269 -7578.163|3146.862 -7573.204|3149.574 -7568.323|3152.413 -7563.508|3155.363 -7558.771
223 RIVERSIDE CL SE,3212.594 -7999.147|3207.665 -7987.272|3175.509 -7998.069|3179.585 -8007.998|3180.472 -8009.933
512 RIVERBEND DR SE,3163.150 -7667.987|3129.386 -7665.785|3129.106 -7671.022|3128.959 -7676.271|3128.939 -7681.508|3129.043 -7686.756|3135.705 -7685.533|3142.402 -7684.521|3149.127 -7683.721|3155.873 -7683.142|3157.236 -7682.920|3158.529 -7682.442|3159.718 -7681.741|3160.759 -7680.830|3161.612 -7679.740|3162.255 -7678.517|3162.661 -7677.193|3162.814 -7675.826
87 RIVERBIRCH CR SE,3834.900 -7784.041|3831.593 -7753.740|3821.898 -7754.808|3825.204 -7785.108
60 RIVERGLEN WY SE,4126.452 -8143.890|4113.156 -8116.502|4101.705 -8122.107|4115.008 -8149.494
43 RIVERGLEN RD SE,4173.847 -8271.208|4174.085 -8239.651|4162.516 -8242.664|4162.278 -8274.221
113 RIVERVIEW CO SE,3271.509 -8104.504|3267.448 -8099.901|3263.526 -8095.175|3239.311 -8121.106|3241.066 -8123.641|3243.072 -8125.976|3245.309 -8128.089|3247.749 -8129.968
72 RIVERCROFT CL SE,4491.187 -8056.402|4484.322 -8056.079|4477.450 -8055.946|4477.297 -8087.025|4482.798 -8086.546|4489.299 -8087.314
115 RIVERSTONE CO SE,4407.035 -8347.321|4410.461 -8313.562|4405.840 -8314.196|4401.240 -8314.952|4396.662 -8315.842|4392.111 -8316.853|4395.921 -8350.768|4397.109 -8349.856|4398.381 -8349.078|4399.723 -8348.422|4401.128 -8347.910|4402.575 -8347.532|4404.050 -8347.310|4405.546 -8347.243
25 RIVERVIEW BA SE,3357.003 -8199.821|3355.612 -8198.375|3354.423 -8196.763|3353.466 -8195.006|3352.746 -8193.138|3299.373 -8209.484|3334.899 -8225.596
31 RIVERVALLEY PL SE,3816.683 -8198.397|3787.001 -8180.740|3785.994 -8182.230|3784.827 -8183.586|3783.499 -8184.787|3782.038 -8185.832|3802.240 -8218.457|3816.767 -8218.390
167 RIVERBROOK RD SE,3500.322 -7649.995|3504.236 -7645.603|3505.096 -7644.413|3505.718 -7643.079|3506.061 -7641.656|3506.124 -7640.188|3505.900 -7638.742|3505.397 -7637.363|3504.635 -7636.107|3503.649 -7635.017|3486.578 -7619.695|3477.693 -7629.680
948 RIVERBEND DR SE,3727.351 -7764.671|3726.533 -7755.819|3692.839 -7759.311|3693.587 -7767.406
187 RIVERVIEW PA SE,3484.558 -8675.713|3463.482 -8649.137|3450.130 -8659.812|3459.406 -8669.586|3468.473 -8679.549|3469.508 -8680.505|3470.703 -8681.250|3472.017 -8681.762|3473.408 -8682.018|3474.820 -8681.995|3476.197 -8681.717|3477.505 -8681.184|3478.686 -8680.405
126 RIVERVIEW PA SE,3349.502 -8590.738|3340.107 -8582.932|3316.004 -8612.187|3325.399 -8619.993
11 RIVERWOOD CL SE,4255.936 -8549.095|4254.832 -8538.098|4220.068 -8538.109|4222.780 -8549.095
23 RIVERSTONE CR SE,4740.991 -8194.194|4728.513 -8191.937|4722.089 -8226.574|4723.774 -8226.930|4734.938 -8229.276
37 RIVERWOOD CI SE,4017.274 -8728.019|4019.511 -8733.045|4020.224 -8734.290|4021.168 -8735.380|4022.301 -8736.270|4023.580 -8736.926|4024.964 -8737.326|4026.397 -8737.448|4027.830 -8737.293|4029.200 -8736.859|4054.701 -8726.140|4049.417 -8714.498
112 RIVERBIRCH RD SE,3787.980 -7522.455|3780.814 -7514.471|3757.208 -7536.910|3763.527 -7543.448
23 RIVERBIRCH CO SE,3695.482 -7571.658|3684.353 -7536.966|3681.983 -7537.711|3679.529 -7538.122|3677.048 -7538.189|3678.523 -7586.903|3681.277 -7587.059
784 RIVERBEND DR SE,3435.869 -7389.121|3429.312 -7386.752|3422.650 -7384.717|3413.619 -7417.464|3418.666 -7419.010|3423.629 -7420.800
159 RIVERSIDE WY SE,3441.231 -7170.845|3432.926 -7159.737|3405.789 -7180.197|3414.087 -7191.305
213 RIVERSIDE CI SE,3123.954 -7411.271|3113.657 -7402.031|3100.319 -7404.110|3097.104 -7407.190|3107.198 -7448.377|3109.253 -7447.987|3111.343 -7447.843|3113.434 -7447.943|3115.496 -7448.288
79 RIVERSTONE CL SE,4857.138 -8059.382|4857.138 -8047.784|4825.192 -8047.828|4825.199 -8059.426
9110 21 ST SE,4396.948 -8449.387|4394.753 -8427.515|4361.143 -8427.526|4361.220 -8433.875|4361.437 -8440.224|4361.800 -8446.562|4362.303 -8452.889
18 RIVER ROCK GR SE,4562.091 -8561.371|4562.070 -8526.400|4538.610 -8526.400|4553.486 -8562.505|4554.863 -8562.016|4556.275 -8561.660|4557.722 -8561.449|4559.183 -8561.371
44 RIVERVIEW CL SE,3785.337 -8616.135|3768.022 -8574.203|3756.551 -8583.365|3774.712 -8620.949|3779.990 -8618.470
125 RIVERCREST CI SE,4402.925 -7733.236|4370.084 -7733.236|4370.084 -7743.032|4402.925 -7743.032
11 RIVERWOOD CO SE,4127.430 -8902.161|4116.637 -8869.114|4105.956 -8873.606|4116.462 -8905.786
249 RIVERVIEW CL SE,3814.830 -8851.879|3800.702 -8818.609|3796.403 -8820.611|3788.560 -8822.990|3800.772 -8857.405|3807.840 -8854.748
130 RIVERGLEN DR SE,4557.631 -7844.197|4546.097 -7842.918|4539.127 -7875.421|4548.970 -7876.433|4550.676 -7876.622
98 RIVER ROCK WY SE,4529.669 -8848.109|4498.422 -8837.046|4497.863 -8837.557|4495.919 -8839.425|4494.144 -8841.460|4492.564 -8843.639|4491.187 -8845.963|4523.140 -8860.130
15 RIVERVIEW CI SE,3988.495 -9060.714|3988.704 -9062.271|3989.236 -9063.750|3990.060 -9065.084|3991.151 -9066.218|3992.451 -9067.097|3993.898 -9067.686|3995.443 -9067.953|3997.009 -9067.897|4004.349 -9066.852|4003.237 -9027.611|3987.621 -9029.858
2460 RIVERSTONE RD SE,4842.081 -7875.443|4831.127 -7875.443|4831.127 -7901.930|4831.273 -7903.397|4831.693 -7904.798|4832.385 -7906.099|4833.308 -7907.234|4834.440 -7908.168|4835.733 -7908.857|4837.138 -7909.291|4838.593 -7909.435|4842.088 -7909.435
134 RIVER ROCK CR SE,4349.581 -9192.436|4347.623 -9193.103|4345.603 -9193.536|4343.548 -9193.726|4341.479 -9193.681|4343.869 -9223.726|4362.031 -9223.737
15 RIVER ROCK PL SE,4531.676 -8979.698|4501.036 -8967.833|4499.198 -8972.626|4497.765 -8976.362|4497.317 -8977.529|4496.695 -8979.164|4527.335 -8991.017|4527.957 -8989.394
247 RIVERSIDE CL SE,3185.750 -7926.303|3184.667 -7922.812|3180.885 -7910.592|3155.712 -7919.042|3154.391 -7919.632|3153.209 -7920.477|3152.217 -7921.522|3151.434 -7922.734|3150.903 -7924.091|3150.644 -7925.514|3150.658 -7926.960|3150.952 -7928.372|3152.350 -7932.886|3153.650 -7937.067
520 RIVERBEND DR SE,3164.429 -7655.255|3130.903 -7650.662|3130.008 -7658.213|3129.386 -7665.785|3163.150 -7667.987|3163.681 -7661.615
91 RIVERBIRCH CR SE,3825.204 -7785.108|3821.898 -7754.808|3811.608 -7755.942|3814.914 -7786.231
88 RIVERGLEN WY SE,4042.489 -8173.256|4039.336 -8161.481|4010.025 -8169.398|4013.171 -8181.173
95 RIVERBEND DR SE,3489.144 -8215.399|3493.499 -8219.502|3494.736 -8220.459|3496.134 -8221.148|3497.637 -8221.559|3499.196 -8221.659|3500.748 -8221.459|3502.223 -8220.959|3503.579 -8220.181|3504.747 -8219.146|3521.433 -8201.289|3511.276 -8191.715
117 RIVERVIEW CO SE,3263.526 -8095.175|3258.472 -8088.648|3253.684 -8081.932|3234.781 -8108.941|3235.369 -8111.076|3236.012 -8113.700|3236.885 -8116.269|3237.990 -8118.737|3239.311 -8121.106
76 RIVERCROFT CL SE,4504.874 -8057.636|4498.037 -8056.924|4491.187 -8056.402|4489.299 -8087.314|4501.232 -8088.726
119 RIVERSTONE CO SE,4442.624 -8312.328|4430.684 -8312.328|4425.616 -8312.406|4420.555 -8312.639|4415.501 -8313.028|4410.461 -8313.562|4407.035 -8347.321|4409.021 -8347.654|4410.943 -8348.266|4412.768 -8349.122|4414.459 -8350.212
5 RIVERVIEW BA SE,3421.078 -8195.796|3402.574 -8178.360|3401.413 -8177.459|3400.099 -8176.815|3398.687 -8176.425|3397.226 -8176.336|3395.779 -8176.525|3394.388 -8176.992|3393.123 -8177.726|3392.025 -8178.694|3385.929 -8185.221|3409.872 -8207.782
35 RIVERVALLEY PL SE,3816.585 -8176.036|3789.084 -8173.234|3788.937 -8175.191|3788.532 -8177.126|3787.882 -8178.983|3787.001 -8180.740|3816.683 -8198.397
163 RIVERBROOK RD SE,3500.322 -7649.995|3477.693 -7629.680|3469.605 -7638.776|3492.227 -7659.091
952 RIVERBEND DR SE,3728.064 -7775.445|3727.351 -7764.671|3693.587 -7767.406|3694.244 -7777.247
211 RIVERVIEW PA SE,3536.036 -8633.470|3510.094 -8609.407|3506.942 -8614.367|3502.978 -8617.547|3523.474 -8644.589|3527.976 -8640.987|3532.149 -8637.384
130 RIVERVIEW PA SE,3359.352 -8598.922|3349.502 -8590.738|3325.399 -8619.993|3335.248 -8628.177
15 RIVERWOOD CL SE,4254.832 -8538.098|4253.671 -8526.500|4221.683 -8526.511|4218.279 -8530.881|4220.068 -8538.109
27 RIVERSTONE CR SE,4753.490 -8196.296|4740.991 -8194.194|4734.938 -8229.276|4745.472 -8231.500|4747.793 -8231.989
33 RIVERWOOD CI SE,4049.417 -8714.498|4045.055 -8704.412|4012.926 -8717.922|4017.274 -8728.019
116 RIVERBIRCH RD SE,3780.814 -7514.471|3773.258 -7506.854|3750.574 -7530.672|3753.985 -7533.841|3757.208 -7536.910
27 RIVERBIRCH CO SE,3677.048 -7538.189|3674.818 -7537.955|3672.644 -7537.444|3670.547 -7536.654|3668.561 -7535.620|3661.620 -7570.280|3668.443 -7578.363|3674.944 -7586.703|3678.523 -7586.903
788 RIVERBEND DR SE,3448.585 -7394.814|3442.301 -7391.812|3435.869 -7389.121|3423.629 -7420.800|3428.494 -7422.835|3433.255 -7425.115
207 RIVERSIDE WY SE,3536.232 -7290.091|3524.572 -7277.459|3493.100 -7284.787|3494.240 -7287.088|3495.044 -7289.535|3495.484 -7292.070|3495.568 -7294.638
217 RIVERSIDE CI SE,3125.996 -7413.106|3123.954 -7411.271|3115.496 -7448.288|3117.824 -7448.988|3120.040 -7449.989|3122.095 -7451.290|3123.954 -7452.858|3140.585 -7426.193
83 RIVERSTONE CL SE,4857.138 -8047.784|4857.131 -8036.186|4825.192 -8036.242|4825.192 -8047.828
9114 21 ST SE,4398.116 -8461.018|4396.948 -8449.387|4362.303 -8452.889|4362.534 -8455.302|4363.464 -8464.520
22 RIVER ROCK GR SE,4553.486 -8562.505|4538.610 -8526.400|4507.677 -8526.411|4508.677 -8538.632|4547.208 -8567.420|4548.516 -8565.886|4550.012 -8564.540|4551.682 -8563.406
48 RIVERVIEW CL SE,3774.712 -8620.949|3756.551 -8583.365|3744.841 -8592.728|3763.884 -8626.665|3769.252 -8623.718
129 RIVERCREST CI SE,4402.925 -7743.032|4370.084 -7743.032|4370.084 -7752.217|4402.925 -7752.228
15 RIVERWOOD CO SE,4137.825 -8898.736|4126.759 -8864.855|4116.637 -8869.114|4127.430 -8902.161
245 RIVERVIEW CL SE,3800.772 -8857.405|3788.560 -8822.990|3779.563 -8825.715|3776.662 -8826.593|3787.288 -8861.798|3794.061 -8859.696
118 RIVER ROCK WY SE,4501.596 -8901.694|4469.922 -8887.083|4467.377 -8892.198|4466.853 -8893.610|4466.615 -8895.100|4466.678 -8896.602|4467.042 -8898.069|4467.692 -8899.437|4468.594 -8900.638|4469.726 -8901.639|4471.033 -8902.384|4483.253 -8908.233|4495.577 -8913.859
19 RIVERVIEW CI SE,4003.237 -9027.611|4016.575 -9025.688|4034.100 -9023.164|4031.178 -9010.621|3987.257 -9016.937|3987.621 -9029.858
2464 RIVERSTONE RD SE,4852.028 -7875.454|4842.081 -7875.443|4842.088 -7909.435|4852.035 -7909.446
138 RIVER ROCK CR SE,4341.479 -9193.681|4339.032 -9193.314|4336.655 -9192.614|4333.670 -9191.691|4330.602 -9191.079|4330.588 -9223.726|4343.869 -9223.726
812 RIVERVIEW PL SE,3876.081 -9185.519|3875.214 -9183.863|3874.557 -9182.106|3874.123 -9180.282|3873.921 -9178.425|3837.172 -9180.204|3837.172 -9190.056|3837.172 -9209.360
19 RIVER ROCK PL SE,4527.335 -8991.017|4496.695 -8979.164|4495.087 -8983.356|4492.969 -8988.882|4523.602 -9000.736
199 RIVERSIDE CL SE,3190.937 -8077.940|3171.811 -8049.908|3169.763 -8051.420|3167.848 -8053.110|3162.318 -8058.714|3182.059 -8087.647|3186.351 -8082.655
528 RIVERBEND DR SE,3166.373 -7643.768|3133.210 -7637.008|3131.944 -7643.813|3130.903 -7650.662|3164.429 -7655.255|3165.310 -7649.495
95 RIVERBIRCH CR SE,3814.914 -7786.231|3811.608 -7755.942|3800.730 -7757.132|3804.030 -7787.432
92 RIVERGLEN WY SE,4045.635 -8185.032|4042.489 -8173.256|4013.171 -8181.173|4016.317 -8192.949
75 RIVERBEND DR SE,3551.191 -8271.375|3556.532 -8276.178|3557.769 -8277.135|3559.167 -8277.824|3560.677 -8278.235|3562.236 -8278.336|3563.781 -8278.135|3565.263 -8277.635|3566.612 -8276.845|3567.787 -8275.811|3583.110 -8259.421|3572.079 -8249.025
121 RIVERVIEW CO SE,3253.684 -8081.932|3249.909 -8076.216|3246.316 -8070.368|3242.918 -8064.408|3239.717 -8058.347|3228.441 -8101.146|3230.503 -8102.659|3232.286 -8104.493|3233.726 -8106.606|3234.781 -8108.941
80 RIVERCROFT CL SE,4517.834 -8059.515|4511.368 -8058.492|4504.874 -8057.636|4501.232 -8088.726|4512.599 -8090.071
123 RIVERSTONE CO SE,4450.824 -8343.551|4450.817 -8312.328|4442.624 -8312.328|4414.459 -8350.212|4415.990 -8351.535|4417.332 -8353.047|4418.451 -8354.726|4419.339 -8356.539
13 RIVERVIEW BA SE,3397.534 -8220.981|3380.218 -8195.640|3379.533 -8196.819|3378.743 -8197.930|3377.848 -8198.976|3376.870 -8199.921|3375.800 -8200.788|3374.668 -8201.544|3373.458 -8202.189|3372.207 -8202.734|3381.253 -8238.405
39 RIVERVALLEY PL SE,3816.585 -8176.036|3816.515 -8160.046|3782.814 -8160.814|3783.485 -8161.392|3784.736 -8162.537|3785.855 -8163.805|3786.826 -8165.184|3787.630 -8166.674|3788.266 -8168.241|3788.728 -8169.876|3789.000 -8171.544|3789.084 -8173.234
131 RIVERBROOK RD SE,3437.128 -7717.379|3411.354 -7704.203|3409.536 -7706.238|3408.432 -7722.127|3435.226 -7724.173|3435.443 -7722.416|3435.841 -7720.682|3436.401 -7718.992
956 RIVERBEND DR SE,3728.470 -7785.219|3728.064 -7775.445|3694.244 -7777.247|3694.608 -7786.198
219 RIVERVIEW PA SE,3547.144 -8617.536|3515.386 -8601.079|3510.094 -8609.407|3536.036 -8633.470|3539.210 -8629.778|3542.125 -8625.875|3544.774 -8621.794
134 RIVERVIEW PA SE,3369.663 -8607.484|3359.352 -8598.922|3335.248 -8628.177|3345.566 -8636.750
53 RIVERWOOD CL SE,4239.970 -8517.516|4236.461 -8482.534|4225.458 -8482.534|4228.967 -8517.516
35 RIVERSTONE CR SE,4777.391 -8199.843|4765.430 -8198.142|4760.061 -8234.580|4772.672 -8234.814
29 RIVERWOOD CI SE,4045.055 -8704.412|4040.685 -8693.815|4008.382 -8706.903|4012.926 -8717.922
124 RIVERBIRCH RD SE,3765.456 -7499.548|3757.837 -7492.454|3735.488 -7516.639|3743.115 -7523.722
31 RIVERBIRCH CO SE,3668.561 -7535.620|3666.513 -7534.175|3664.682 -7532.451|3663.116 -7530.494|3661.830 -7528.337|3647.919 -7555.791|3654.902 -7562.907|3661.620 -7570.280
792 RIVERBEND DR SE,3460.672 -7401.764|3454.716 -7398.139|3448.585 -7394.814|3433.255 -7425.115|3437.897 -7427.628|3442.412 -7430.374
7 RIVERSIDE RD SE,3244.666 -7350.770|3240.318 -7346.867|3239.046 -7345.721|3237.864 -7344.854|3236.529 -7344.243|3235.103 -7343.887|3233.642 -7343.831|3232.188 -7344.053|3230.811 -7344.565|3229.559 -7345.332|3228.483 -7346.333|3221.674 -7353.883|3211.349 -7365.103|3222.779 -7375.355
221 RIVERSIDE CI SE,3147.365 -7432.276|3140.585 -7426.193|3123.954 -7452.858|3125.849 -7455.004|3127.380 -7457.428|3129.029 -7460.197|3130.973 -7462.776|3153.370 -7437.669
87 RIVERSTONE CL SE,4857.131 -8036.186|4857.131 -8024.600|4825.192 -8024.644|4825.192 -8036.242
9118 21 ST SE,4399.283 -8472.649|4398.116 -8461.018|4363.464 -8464.520|4364.386 -8473.738|4364.631 -8476.151
26 RIVER ROCK GR SE,4547.208 -8567.420|4508.677 -8538.632|4509.103 -8546.048|4509.390 -8553.476|4509.544 -8560.915|4509.558 -8568.343|4544.454 -8573.981|4544.839 -8572.224|4545.440 -8570.534|4546.230 -8568.921
52 RIVERVIEW CL SE,3763.884 -8626.665|3744.841 -8592.728|3732.825 -8602.335|3752.943 -8633.348|3758.361 -8629.912
133 RIVERCREST CI SE,4402.925 -7752.228|4370.084 -7752.217|4370.084 -7761.413|4402.925 -7761.424
19 RIVERWOOD CO SE,4148.227 -8895.312|4136.881 -8860.597|4126.759 -8864.855|4137.825 -8898.736
241 RIVERVIEW CL SE,3787.288 -8861.798|3776.662 -8826.593|3764.995 -8830.129|3775.509 -8864.967|3781.416 -8863.454
132 RIVERGLEN DR SE,4568.942 -7846.488|4562.692 -7844.764|4557.631 -7844.197|4550.676 -7876.622|4556.401 -7877.444|4562.077 -7878.523
15 RIVERCREST CL SE,4539.316 -7800.075|4535.353 -7799.664|4533.885 -7799.652|4532.452 -7799.942|4531.095 -7800.498|4529.872 -7801.309|4528.837 -7802.343|4528.020 -7803.555|4527.453 -7804.912|4527.160 -7806.346|4526.775 -7810.138|4526.300 -7814.208|4525.713 -7818.266|4525.021 -7822.303|4524.217 -7826.317|4523.140 -7831.310|4535.947 -7832.733
23 RIVERVIEW CI SE,4031.178 -9010.621|4028.235 -8998.678|3986.866 -9004.616|3986.964 -9006.662|3987.257 -9016.937
2468 RIVERSTONE RD SE,4852.035 -7909.446|4864.975 -7909.457|4864.975 -7875.465|4852.028 -7875.454
142 RIVER ROCK CR SE,4330.602 -9191.079|4328.434 -9190.834|4326.253 -9190.768|4319.592 -9190.768|4319.599 -9223.726|4330.588 -9223.726
816 RIVERVIEW PL SE,3881.338 -9190.701|3879.793 -9189.656|3878.388 -9188.433|3877.143 -9187.043|3876.081 -9185.519|3837.172 -9209.360|3837.165 -9220.902|3837.172 -9223.715|3862.379 -9223.715
23 RIVER ROCK PL SE,4523.602 -9000.736|4492.969 -8988.882|4489.250 -8998.578|4519.876 -9010.443
195 RIVERSIDE CL SE,3182.059 -8087.647|3162.318 -8058.714|3159.487 -8061.850|3157.949 -8063.752|3156.572 -8065.786|3155.363 -8067.921|3154.328 -8070.145|3174.020 -8099.023|3176.348 -8095.398|3178.816 -8091.873
532 RIVERBEND DR SE,3169.197 -7631.870|3136.565 -7622.875|3134.769 -7629.913|3133.210 -7637.008|3166.373 -7643.768|3167.687 -7637.797
99 RIVERBIRCH CR SE,3804.030 -7787.432|3800.730 -7757.132|3791.028 -7758.199|3794.334 -7788.500
96 RIVERGLEN WY SE,4048.780 -8196.819|4045.635 -8185.032|4016.317 -8192.949|4019.462 -8204.724
12 RIVERGREEN CR SE,3579.076 -8205.814|3556.148 -8185.844|3551.506 -8191.014|3547.640 -8195.151|3569.765 -8216.011|3573.638 -8211.863
153 RIVERVIEW CO SE,3237.109 -8140.988|3235.068 -8139.764|3225.512 -8134.149|3202.891 -8165.651|3215.327 -8171.299
84 RIVERCROFT CL SE,4530.271 -8063.885|4528.586 -8062.684|4527.048 -8061.294|4517.834 -8059.515|4512.599 -8090.071|4519.568 -8090.894|4523.937 -8091.795
127 RIVERSTONE CO SE,4450.824 -8369.804|4450.824 -8343.551|4419.339 -8356.539|4419.996 -8358.507|4420.366 -8360.553|4420.457 -8362.621|4420.261 -8364.689
82 RIVERBEND DR SE,3506.145 -8274.433|3496.875 -8266.104|3475.240 -8289.277|3487.221 -8294.703
43 RIVERVALLEY PL SE,3816.515 -8160.046|3816.452 -8145.246|3786.470 -8145.380|3784.820 -8145.580|3783.254 -8146.136|3781.856 -8147.025|3780.675 -8148.193|3779.794 -8149.605|3779.235 -8151.173|3779.039 -8152.819|3779.214 -8154.475|3779.738 -8156.243|3780.528 -8157.923|3781.562 -8159.457|3782.814 -8160.814
127 RIVERBROOK RD SE,3435.226 -7724.173|3408.432 -7722.127|3407.285 -7738.595|3408.453 -7740.341|3436.072 -7731.179|3435.604 -7729.466|3435.303 -7727.720|3435.177 -7725.952
960 RIVERBEND DR SE,3694.608 -7786.198|3694.734 -7792.547|3694.881 -7793.826|3695.286 -7795.060|3695.936 -7796.183|3696.810 -7797.139|3697.858 -7797.896|3699.040 -7798.429|3700.305 -7798.696|3701.598 -7798.696|3728.596 -7795.727|3728.624 -7794.771|3728.470 -7785.219
178 RIVERVIEW PA SE,3462.154 -8754.850|3469.256 -8702.400|3466.858 -8701.688|3464.586 -8700.643|3462.482 -8699.297|3460.581 -8697.663|3437.799 -8725.295|3451.395 -8741.273
138 RIVERVIEW PA SE,3379.519 -8615.668|3369.663 -8607.484|3345.566 -8636.750|3355.416 -8644.934
57 RIVERWOOD CL SE,4228.967 -8517.516|4225.458 -8482.534|4213.854 -8482.534|4217.363 -8517.516
39 RIVERSTONE CR SE,4789.960 -8201.466|4777.391 -8199.843|4772.672 -8234.814|4785.863 -8235.058
25 RIVERWOOD CI SE,4040.685 -8693.815|4036.722 -8683.697|4004.202 -8696.251|4008.382 -8706.903
128 RIVERBIRCH RD SE,3757.837 -7492.454|3749.819 -7484.982|3727.463 -7509.178|3735.488 -7516.639
35 RIVERBIRCH CO SE,3661.830 -7528.337|3660.634 -7526.191|3659.264 -7524.145|3657.733 -7522.221|3656.055 -7520.431|3636.195 -7544.894|3639.097 -7547.507|3643.459 -7551.699|3647.919 -7555.791
796 RIVERBEND DR SE,3472.863 -7410.581|3466.886 -7406.011|3460.672 -7401.764|3442.412 -7430.374|3447.110 -7433.588|3451.633 -7437.046
127 RIVERSIDE WY SE,3349.173 -7163.062|3351.131 -7160.104|3352.718 -7156.935|3353.927 -7153.599|3354.395 -7152.220|3337.122 -7124.421|3325.790 -7137.198
225 RIVERSIDE CI SE,3158.194 -7441.994|3153.370 -7437.669|3130.973 -7462.776|3132.378 -7464.322|3133.881 -7465.779|3140.319 -7471.550|3162.898 -7446.219
91 RIVERSTONE CL SE,4857.131 -8024.600|4857.131 -8012.357|4825.192 -8012.379|4825.192 -8024.644
9122 21 ST SE,4400.450 -8484.280|4399.283 -8472.649|4364.631 -8476.151|4365.799 -8487.782
34 RIVER ROCK GR SE,4544.049 -8582.821|4509.229 -8582.076|4508.663 -8592.561|4543.510 -8593.306
56 RIVERVIEW CL SE,3752.943 -8633.348|3732.825 -8602.335|3720.431 -8612.243|3742.003 -8641.053|3747.407 -8637.106
105 RIVERCREST CI SE,4402.932 -7696.452|4402.932 -7688.291|4387.840 -7686.167|4372.768 -7683.921|4373.069 -7686.323|4373.027 -7688.747|4372.656 -7691.137|4371.950 -7693.450|4371.013 -7696.452
23 RIVERWOOD CO SE,4155.819 -8893.388|4154.036 -8853.391|4136.881 -8860.597|4148.227 -8895.312|4151.827 -8894.122|4153.798 -8893.622
237 RIVERVIEW CL SE,3775.509 -8864.967|3764.995 -8830.129|3760.619 -8831.452|3752.950 -8832.420|3763.555 -8867.546|3769.546 -8866.334
134 RIVERGLEN DR SE,4582.804 -7850.302|4568.942 -7846.488|4562.077 -7878.523|4567.593 -7879.857|4573.038 -7881.447
27 RIVERVIEW CI SE,4028.235 -8998.678|4025.146 -8986.747|3986.020 -8992.374|3986.866 -9004.616
2420 RIVERSTONE RD SE,4733.309 -7875.354|4718.391 -7875.343|4714.071 -7877.278|4730.268 -7906.700|4730.897 -7907.656|4731.673 -7908.523|4732.575 -7909.246|4733.575 -7909.824|4734.532 -7910.214|4735.539 -7910.458|4736.566 -7910.558|4737.601 -7910.514|4740.712 -7910.202
146 RIVER ROCK CR SE,4319.592 -9190.768|4308.589 -9190.757|4308.602 -9223.726|4319.599 -9223.726
820 RIVERVIEW PL SE,3888.768 -9192.703|3886.825 -9192.569|3884.917 -9192.191|3883.078 -9191.557|3881.338 -9190.701|3862.379 -9223.715|3888.768 -9223.715
27 RIVER ROCK PL SE,4519.876 -9010.443|4489.250 -8998.578|4485.531 -9008.286|4516.157 -9020.139
191 RIVERSIDE CL SE,3174.020 -8099.023|3154.328 -8070.145|3153.356 -8072.847|3152.860 -8074.259|3152.245 -8075.627|3151.518 -8076.939|3150.686 -8078.185|3149.756 -8079.352|3148.736 -8080.442|3147.624 -8081.443|3146.429 -8082.354|3166.995 -8112.488|3167.568 -8111.210|3170.602 -8105.016
513 RIVERBEND DR SE,3219.060 -7668.009|3185.785 -7660.870|3185.135 -7667.497|3184.764 -7674.147|3184.862 -7675.670|3185.268 -7677.138|3185.967 -7678.506|3186.925 -7679.684|3188.106 -7680.663|3189.455 -7681.363|3190.923 -7681.786|3192.447 -7681.897|3218.507 -7681.108|3218.612 -7674.547
103 RIVERBIRCH CR SE,3794.334 -7788.500|3791.028 -7758.199|3781.926 -7759.200|3785.232 -7789.500
100 RIVERGLEN WY SE,4051.933 -8208.594|4048.780 -8196.819|4019.462 -8204.724|4022.608 -8216.500
16 RIVERGREEN CR SE,3588.143 -8194.539|3563.879 -8176.225|3560.097 -8181.107|3556.148 -8185.844|3579.076 -8205.814|3583.704 -8200.254
157 RIVERVIEW CO SE,3247.693 -8148.204|3242.492 -8144.468|3237.109 -8140.988|3215.327 -8171.299|3219.409 -8173.156|3227.239 -8176.714
105 RIVERGLEN DR SE,4452.124 -7926.237|4450.565 -7895.803|4438.087 -7896.570|4440.254 -7926.960
131 RIVERSTONE CO SE,4450.824 -8369.804|4420.261 -8364.689|4419.793 -8366.658|4419.073 -8368.548|4418.101 -8370.327|4416.906 -8371.951|4450.824 -8400.906
98 RIVERBEND DR SE,3468.354 -8240.351|3459.029 -8231.567|3425.985 -8266.927|3438.302 -8272.509
51 RIVERBEND GA SE,3715.705 -8091.228|3715.572 -8060.749|3709.106 -8060.772|3707.547 -8060.938|3706.058 -8061.405|3704.681 -8062.150|3703.479 -8063.151|3702.500 -8064.363|3701.766 -8065.753|3701.319 -8067.243|3701.179 -8068.811|3701.137 -8074.437|3700.962 -8080.064|3700.662 -8085.679|3700.228 -8091.295
107 RIVERBROOK RD SE,3437.638 -7784.085|3444.398 -7794.215|3469.619 -7777.258|3462.860 -7767.128
4 RIVERBROOK WY SE,3628.499 -7834.056|3628.443 -7821.814|3604.787 -7824.416|3603.445 -7824.694|3602.180 -7825.205|3601.026 -7825.950|3600.027 -7826.884|3599.216 -7827.985|3598.615 -7829.219|3598.251 -7830.531|3598.132 -7831.899|3598.146 -7834.201
174 RIVERVIEW PA SE,3460.581 -8697.663|3459.322 -8696.284|3458.211 -8694.772|3457.260 -8693.159|3456.491 -8691.458|3455.058 -8688.356|3453.283 -8685.442|3428.970 -8714.931|3437.799 -8725.295
77 RIVERVIEW PA SE,3398.142 -8496.522|3368.733 -8477.752|3362.483 -8488.260|3391.892 -8507.030|3393.773 -8503.872
61 RIVERWOOD CL SE,4217.363 -8517.516|4213.854 -8482.534|4202.249 -8482.545|4205.766 -8517.527
31 RIVERSTONE CR SE,4765.430 -8198.142|4753.490 -8196.296|4747.793 -8231.989|4760.061 -8234.580
21 RIVERWOOD CI SE,4036.722 -8683.697|4032.919 -8673.522|4000.204 -8685.520|4004.202 -8696.251
132 RIVERBIRCH RD SE,3749.819 -7484.982|3745.009 -7480.501|3744.087 -7479.767|3743.059 -7479.178|3741.954 -7478.766|3740.801 -7478.533|3739.627 -7478.488|3738.459 -7478.622|3737.320 -7478.944|3736.257 -7479.444|3735.279 -7480.100|3734.412 -7480.912|3717.173 -7499.604|3727.463 -7509.178
39 RIVERBIRCH CO SE,3656.055 -7520.431|3655.475 -7519.875|3648.023 -7512.947|3626.542 -7536.232|3636.195 -7544.894
800 RIVERBEND DR SE,3451.633 -7437.046|3455.806 -7440.593|3456.736 -7441.427|3457.603 -7442.083|3458.574 -7442.572|3459.609 -7442.884|3460.686 -7443.017|3461.769 -7442.950|3462.825 -7442.706|3463.817 -7442.272|3464.726 -7441.683|3465.516 -7440.938|3483.929 -7420.255|3478.364 -7415.263|3472.863 -7410.581
199 RIVERSIDE WY SE,3514.100 -7265.817|3504.229 -7254.575|3479.518 -7273.156|3482.685 -7275.858|3486.187 -7278.093|3486.858 -7278.471
246 RIVERSIDE CI SE,3155.363 -7558.771|3160.270 -7551.432|3165.457 -7544.304|3170.923 -7537.377|3176.656 -7530.672|3179.836 -7527.103|3170.322 -7518.574|3143.758 -7548.352
9126 21 ST SE,4401.618 -8495.922|4400.450 -8484.280|4365.799 -8487.782|4366.966 -8499.413
38 RIVER ROCK GR SE,4543.510 -8593.306|4508.663 -8592.561|4507.817 -8603.036|4542.721 -8603.792
60 RIVERVIEW CL SE,3742.003 -8641.053|3720.431 -8612.243|3709.400 -8621.061|3731.678 -8649.226|3737.844 -8644.300
109 RIVERCREST CI SE,4402.932 -7696.452|4371.013 -7696.452|4370.608 -7698.287|4370.314 -7700.144|4370.140 -7702.012|4370.084 -7703.891|4370.084 -7705.648|4402.932 -7705.648
27 RIVERWOOD CO SE,4176.699 -8861.086|4170.135 -8855.326|4163.865 -8849.255|4154.036 -8853.391|4155.819 -8893.388|4157.496 -8893.410|4159.167 -8893.622|4160.796 -8894.011|4162.376 -8894.589
233 RIVERVIEW CL SE,3763.555 -8867.546|3752.950 -8832.420|3740.081 -8834.043|3750.818 -8869.626|3757.201 -8868.669
136 RIVERGLEN DR SE,4596.778 -7854.149|4582.804 -7850.302|4573.038 -7881.447|4578.407 -7883.282|4583.685 -7885.373
2424 RIVERSTONE RD SE,4746.933 -7875.365|4733.309 -7875.354|4740.712 -7910.202|4748.317 -7909.646
150 RIVER ROCK CR SE,4308.589 -9190.757|4297.579 -9190.757|4297.606 -9223.726|4308.602 -9223.726
828 RIVERVIEW PL SE,3940.351 -9210.705|3901.302 -9185.753|3900.212 -9187.265|3898.940 -9188.622|3897.514 -9189.823|3895.955 -9190.823|3914.032 -9223.715|3940.351 -9223.715
31 RIVER ROCK PL SE,4516.157 -9020.139|4485.531 -9008.286|4481.806 -9017.982|4512.445 -9029.835
8 RIVERSIDE CR SE,3210.021 -7737.116|3200.556 -7696.653|3193.901 -7696.853|3192.328 -7697.075|3190.839 -7697.631|3189.497 -7698.476|3188.365 -7699.588|3187.491 -7700.922|3186.918 -7702.413|3186.673 -7703.980|3186.764 -7705.570|3187.742 -7710.952|3188.910 -7716.312|3190.252 -7721.616|3191.783 -7726.875|3195.166 -7737.817
107 RIVERBIRCH CR SE,3785.232 -7789.500|3781.926 -7759.200|3772.824 -7760.201|3776.131 -7790.501
104 RIVERGLEN WY SE,4055.079 -8220.370|4051.933 -8208.594|4022.608 -8216.500|4025.754 -8228.276
20 RIVERGREEN CR SE,3596.406 -8182.652|3570.925 -8166.084|3567.486 -8171.221|3563.879 -8176.225|3588.143 -8194.539|3592.379 -8188.668
161 RIVERVIEW CO SE,3243.072 -8183.909|3246.001 -8178.905|3249.070 -8174.001|3252.285 -8169.198|3255.648 -8164.483|3256.417 -8163.215|3256.934 -8161.814|3257.186 -8160.347|3257.158 -8158.857|3256.857 -8157.400|3256.291 -8156.021|3255.480 -8154.765|3254.453 -8153.686|3251.118 -8150.895|3247.693 -8148.204|3227.239 -8176.714|3239.423 -8182.252
109 RIVERGLEN DR SE,4464.008 -7925.748|4463.050 -7895.280|4450.565 -7895.803|4452.124 -7926.237
135 RIVERSTONE CO SE,4450.824 -8400.906|4416.906 -8371.951|4415.501 -8373.396|4413.914 -8374.641|4412.173 -8375.664|4410.314 -8376.432|4421.457 -8409.479|4450.831 -8409.468
106 RIVERBEND DR SE,3449.270 -8222.360|3439.945 -8213.576|3400.777 -8255.485|3413.094 -8261.078
3 RIVERBEND GA SE,3856.416 -8090.616|3870.446 -8090.550|3870.349 -8067.566|3870.202 -8066.109|3869.768 -8064.697|3869.076 -8063.407|3868.147 -8062.284|3867.007 -8061.350|3865.714 -8060.660|3864.309 -8060.238|3862.855 -8060.104|3856.284 -8060.127
111 RIVERBROOK RD SE,3462.860 -7767.128|3455.436 -7755.997|3430.221 -7772.966|3437.638 -7784.085
47 RIVERBROOK CO SE,3628.932 -7934.298|3628.883 -7922.401|3598.531 -7922.534|3598.552 -7927.326|3598.615 -7929.117|3598.782 -7930.907|3599.055 -7932.675|3599.433 -7934.432
170 RIVERVIEW PA SE,3453.283 -8685.442|3452.031 -8683.752|3450.661 -8682.151|3444.677 -8675.735|3420.267 -8705.357|3424.636 -8709.839|3428.970 -8714.931
81 RIVERVIEW PA SE,3391.892 -8507.030|3362.483 -8488.260|3355.919 -8499.291|3385.335 -8518.061
65 RIVERWOOD CL SE,4205.766 -8517.527|4202.249 -8482.545|4191.246 -8482.545|4194.756 -8517.527
43 RIVERSTONE CR SE,4803.416 -8235.381|4803.878 -8209.928|4803.766 -8208.561|4803.409 -8207.226|4802.815 -8205.992|4802.011 -8204.880|4801.019 -8203.924|4799.872 -8203.179|4798.614 -8202.645|4797.272 -8202.345|4789.960 -8201.466|4785.863 -8235.058
17 RIVERWOOD CI SE,4032.919 -8673.522|4029.095 -8662.725|3996.177 -8674.145|4000.204 -8685.520
120 RIVERBIRCH RD SE,3773.258 -7506.854|3770.944 -7504.663|3765.456 -7499.548|3743.115 -7523.722|3750.574 -7530.672
59 RIVERBIRCH CO SE,3610.324 -7477.899|3607.863 -7475.608|3604.536 -7472.928|3600.866 -7470.760|3577.909 -7492.532|3588.269 -7501.850
19 RIVERSIDE RD SE,3269.580 -7374.677|3267.923 -7374.121|3266.336 -7373.409|3264.819 -7372.553|3263.393 -7371.552|3245.015 -7395.325|3260.108 -7408.880
195 RIVERSIDE WY SE,3504.229 -7254.575|3496.421 -7245.479|3471.668 -7264.149|3477.812 -7271.332|3479.518 -7273.156
222 RIVERSIDE CI SE,3122.388 -7475.575|3116.754 -7470.515|3115.636 -7469.693|3114.391 -7469.081|3113.049 -7468.714|3111.665 -7468.614|3110.288 -7468.759|3108.960 -7469.170|3107.729 -7469.804|3106.639 -7470.671|3102.256 -7474.719|3097.754 -7478.622|3093.119 -7482.391|3088.380 -7486.005|3098.733 -7502.139
103 RIVERSTONE CL SE,4831.322 -7958.072|4824.786 -7957.827|4814.699 -7990.519|4816.356 -7991.141|4817.922 -7991.964|4819.383 -7992.965|4820.718 -7994.132|4854.950 -7958.984|4852.028 -7958.872|4841.675 -7958.472
9130 21 ST SE,4402.778 -8507.553|4401.618 -8495.922|4366.966 -8499.413|4368.133 -8511.055
42 RIVER ROCK GR SE,4542.721 -8603.792|4507.817 -8603.036|4506.845 -8612.309|4541.812 -8613.066
64 RIVERVIEW CL SE,3731.678 -8649.226|3709.400 -8621.061|3699.396 -8629.055|3721.675 -8657.221
113 RIVERCREST CI SE,4402.932 -7705.648|4370.084 -7705.648|4370.084 -7714.844|4402.932 -7714.844
31 RIVERWOOD CO SE,4195.196 -8874.629|4190.414 -8871.471|4185.731 -8868.158|4181.159 -8864.700|4176.699 -8861.086|4162.376 -8894.589|4163.879 -8895.345|4165.291 -8896.268|4166.591 -8897.335|4167.758 -8898.547
229 RIVERVIEW CL SE,3750.818 -8869.626|3740.081 -8834.043|3733.985 -8834.811|3726.610 -8835.733|3727.736 -8839.481|3731.616 -8852.346|3737.299 -8871.182|3742.528 -8870.626
138 RIVERGLEN DR SE,4611.094 -7858.097|4596.778 -7854.149|4583.685 -7885.373|4588.858 -7887.708|4593.912 -7890.287
31 RIVERVIEW CI SE,4025.146 -8986.747|4021.748 -8974.260|3984.335 -8979.642|3985.279 -8985.991|3986.020 -8992.374
2428 RIVERSTONE RD SE,4757.685 -7875.376|4746.933 -7875.365|4748.317 -7909.646|4757.699 -7909.357
154 RIVER ROCK CR SE,4297.579 -9190.757|4286.575 -9190.745|4286.617 -9223.726|4297.606 -9223.726
35 RIVER ROCK PL SE,4512.445 -9029.835|4481.806 -9017.982|4478.094 -9027.678|4508.726 -9039.543
183 RIVERSIDE CL SE,3130.448 -8084.578|3128.603 -8083.833|3126.855 -8082.888|3124.996 -8081.676|3123.004 -8080.720|3120.913 -8080.008|3118.746 -8079.563|3104.045 -8120.772|3117.894 -8127.055
529 RIVERBEND DR SE,3220.772 -7656.044|3188.281 -7646.003|3186.855 -7653.409|3185.785 -7660.870|3219.060 -7668.009|3219.773 -7662.004
111 RIVERBIRCH CR SE,3776.131 -7790.501|3772.824 -7760.201|3764.317 -7761.135|3767.616 -7791.435
108 RIVERGLEN WY SE,4058.225 -8232.145|4055.079 -8220.370|4025.754 -8228.276|4028.900 -8240.051
24 RIVERGREEN CR SE,3603.816 -8170.210|3577.245 -8155.476|3574.176 -8160.836|3570.925 -8166.084|3596.406 -8182.652|3600.216 -8176.492
125 RIVERVIEW CO SE,3239.717 -8058.347|3236.515 -8051.742|3232.908 -8052.821|3229.350 -8054.033|3225.827 -8055.367|3222.359 -8056.824|3217.081 -8059.315|3219.738 -8099.023|3222.010 -8099.045|3224.254 -8099.412|3226.414 -8100.123|3228.441 -8101.146
113 RIVERGLEN DR SE,4475.892 -7925.492|4475.549 -7895.013|4463.050 -7895.280|4464.008 -7925.748
139 RIVERSTONE CO SE,4398.710 -8375.564|4402.541 -8409.490|4421.457 -8409.479|4410.314 -8376.432|4408.874 -8376.843|4407.406 -8377.099|4405.917 -8377.210|4404.421 -8377.177|4402.939 -8376.988|4401.485 -8376.654|4400.066 -8376.176
24 RIVERVIEW DR SE,3314.850 -8185.832|3287.776 -8160.280|3286.049 -8162.126|3280.953 -8167.830|3276.123 -8173.746|3308.685 -8195.251
4 RIVERVALLEY CR SE,3713.000 -8130.713|3712.860 -8100.235|3699.257 -8100.290|3698.460 -8106.039|3697.523 -8111.766|3696.446 -8117.470|3695.237 -8123.141|3695.083 -8124.531|3695.244 -8125.921|3695.705 -8127.244|3696.453 -8128.423|3697.439 -8129.412|3698.627 -8130.157|3699.949 -8130.613|3701.333 -8130.769
147 RIVERBROOK RD SE,3467.956 -7686.356|3445.328 -7666.041|3437.240 -7675.125|3459.861 -7695.441
43 RIVERBROOK CO SE,3628.981 -7944.695|3628.932 -7934.298|3599.433 -7934.432|3600.083 -7936.667|3600.901 -7938.846|3601.886 -7940.959|3603.033 -7942.983|3603.976 -7944.806
166 RIVERVIEW PA SE,3444.677 -8675.735|3436.149 -8666.895|3411.675 -8696.573|3420.267 -8705.357
85 RIVERVIEW PA SE,3385.335 -8518.061|3355.919 -8499.291|3349.055 -8510.833|3378.967 -8528.769
69 RIVERWOOD CL SE,4194.756 -8517.527|4191.246 -8482.545|4180.852 -8482.545|4184.361 -8517.527
230 RIVERSTONE CV SE,4668.780 -8262.946|4639.224 -8247.690|4634.499 -8253.973|4629.486 -8260.033|4624.188 -8265.837|4618.623 -8271.397|4667.130 -8270.174|4667.200 -8268.306|4667.501 -8266.460|4668.032 -8264.670
13 RIVERWOOD CI SE,4029.095 -8662.725|4025.649 -8652.417|3992.542 -8663.292|3996.177 -8674.145
76 RIVERBIRCH RD SE,3831.314 -7604.794|3829.951 -7599.969|3828.469 -7595.176|3799.451 -7604.583|3800.758 -7608.675|3801.961 -7612.789
63 RIVERBIRCH CO SE,3600.866 -7470.760|3596.720 -7469.059|3592.372 -7468.014|3589.967 -7467.413|3565.298 -7481.212|3577.909 -7492.532
23 RIVERSIDE RD SE,3275.885 -7375.266|3274.292 -7375.333|3272.705 -7375.255|3271.125 -7375.032|3269.580 -7374.677|3260.108 -7408.880|3274.012 -7421.367|3274.935 -7420.322|3279.283 -7415.652
187 RIVERSIDE WY SE,3488.990 -7236.684|3481.573 -7227.721|3456.841 -7246.358|3464.251 -7255.331
198 RIVERSIDE CI SE,3098.733 -7502.139|3088.380 -7486.005|3083.137 -7489.730|3077.768 -7493.288|3094.706 -7523.700|3107.513 -7515.839|3105.912 -7513.337
107 RIVERSTONE CL SE,4810.624 -7957.271|4800.669 -7956.893|4807.324 -7990.129|4809.170 -7989.874|4811.036 -7989.863|4812.889 -7990.074|4814.699 -7990.519|4824.786 -7957.827|4820.976 -7957.672
9134 21 ST SE,4403.946 -8519.184|4402.778 -8507.553|4368.133 -8511.055|4369.301 -8522.686
46 RIVER ROCK GR SE,4541.812 -8613.066|4506.845 -8612.309|4505.657 -8621.583|4540.924 -8622.339|4540.924 -8621.049|4541.022 -8619.771
68 RIVERVIEW CL SE,3721.675 -8657.221|3699.396 -8629.055|3689.393 -8637.061|3711.672 -8665.216
193 RIVERCREST CI SE,4289.959 -7846.554|4289.959 -7811.773|4284.143 -7813.218|4282.996 -7813.652|4281.927 -7814.252|4280.969 -7815.020|4280.144 -7815.931|4279.466 -7816.954|4278.963 -7818.077|4278.641 -7819.267|4278.515 -7820.490|4278.515 -7848.856
35 RIVERWOOD CO SE,4214.923 -8890.997|4215.853 -8885.938|4210.554 -8883.369|4205.339 -8880.623|4200.222 -8877.710|4195.196 -8874.629|4167.758 -8898.547|4168.737 -8899.804|4169.576 -8901.172|4170.261 -8902.606|4170.792 -8904.118
163 RIVERVIEW CL SE,3630.568 -8862.031|3630.226 -8860.886|3596.895 -8871.027|3601.124 -8885.037|3634.455 -8874.896
140 RIVERGLEN DR SE,4624.915 -7865.224|4621.021 -7860.832|4611.094 -7858.097|4593.912 -7890.287|4599.085 -7893.234|4604.104 -7896.437
35 RIVERVIEW CI SE,4021.748 -8974.260|4017.540 -8959.593|3982.007 -8967.789|3983.259 -8973.704|3984.335 -8979.642
2432 RIVERSTONE RD SE,4767.436 -7875.387|4757.685 -7875.376|4757.699 -7909.357|4759.209 -7909.357|4767.450 -7909.369
158 RIVER ROCK CR SE,4286.575 -9190.745|4275.565 -9190.745|4275.621 -9223.726|4286.617 -9223.726
610 RIVERVIEW PL SE,3774.188 -9160.523|3775.236 -9155.174|3776.599 -9149.892|3744.562 -9137.272|3738.634 -9152.861|3738.634 -9154.629
39 RIVER ROCK PL SE,4508.726 -9039.543|4478.094 -9027.678|4474.382 -9037.374|4505.007 -9049.239
139 RIVERSIDE CL SE,3023.529 -8000.571|3016.623 -7988.650|2978.545 -8010.901|2985.445 -8022.832
228 RIVERSIDE ME SE,3004.795 -7692.572|2990.038 -7658.290|2978.301 -7663.383|2992.834 -7697.142|2999.265 -7694.684
8 RIVERGLEN CR SE,4123.313 -8080.386|4117.644 -8068.711|4090.360 -8082.076|4096.036 -8093.752
112 RIVERVALLEY DR SE,3608.989 -8282.983|3603.934 -8278.836|3599.069 -8274.466|3583.886 -8290.723|3582.907 -8292.001|3582.208 -8293.458|3581.810 -8295.026|3581.740 -8296.638|3581.991 -8298.239|3582.558 -8299.752|3583.417 -8301.119|3584.536 -8302.287|3590.359 -8307.046
140 RIVERBROOK WY SE,3391.585 -7812.907|3383.944 -7801.454|3358.743 -7818.456|3362.344 -7823.848|3366.405 -7829.942
131 RIVERBEND DR SE,3437.841 -8122.507|3428.991 -8114.167|3406.859 -8137.852|3415.709 -8146.191
24 RIVERCROFT CL SE,4415.284 -7974.996|4413.725 -7963.109|4381.073 -7967.068|4381.443 -7969.136|4383.345 -7979.599
236 RIVERSTONE PL SE,4506.748 -8149.105|4487.873 -8124.175|4475.081 -8137.885|4500.428 -8156.232|4502.567 -8153.441|4504.888 -8150.795
90 RIVERBEND DR SE,3487.564 -8257.742|3478.036 -8249.180|3450.899 -8278.235|3463.209 -8283.817
63 RIVERVALLEY CR SE,3855.871 -8170.643|3855.815 -8158.456|3825.463 -8158.590|3825.519 -8170.777
164 RIVERBROOK RD SE,3537.700 -7676.237|3515.071 -7655.922|3507.766 -7664.128|3530.395 -7684.443
939 RIVERBEND DR SE,3669.100 -7746.045|3667.562 -7736.683|3632.644 -7743.544|3633.931 -7751.438
32 RIVERVIEW ME SE,3464.523 -8419.486|3455.170 -8412.581|3464.174 -8466.055|3466.159 -8465.832|3468.158 -8465.832|3470.137 -8466.055|3472.087 -8466.500|3481.832 -8432.274|3474.345 -8426.736
242 RIVERVIEW PA SE,3604.899 -8578.784|3604.843 -8565.341|3570.010 -8565.508|3570.073 -8578.940
117 RIVERWOOD CL SE,4168.422 -8558.447|4168.611 -8526.534|4151.631 -8526.534|4153.826 -8539.544|4156.371 -8552.498|4156.734 -8553.721|4157.301 -8554.855|4158.056 -8555.889|4158.971 -8556.768|4160.020 -8557.490|4161.180 -8558.013|4162.411 -8558.335|4163.676 -8558.447
206 RIVERSTONE CV SE,4693.163 -8341.839|4699.720 -8336.613|4706.424 -8331.565|4713.260 -8326.694|4720.230 -8322.024|4721.341 -8321.146|4722.264 -8320.056|4722.970 -8318.822|4723.431 -8317.476|4723.627 -8316.064|4723.550 -8314.641|4723.215 -8313.251|4722.613 -8311.961|4717.427 -8303.021|4716.175 -8301.053|4686.228 -8329.897
28 RIVERWOOD CI SE,3997.247 -8719.123|3993.178 -8709.071|3959.890 -8722.370|3964.168 -8732.945
64 RIVERWOOD CI SE,4076.540 -8771.140|4063.090 -8738.860|4052.443 -8743.330|4065.893 -8775.621
236 RIVERBIRCH RD SE,3533.338 -7436.734|3508.857 -7414.751|3501.028 -7423.547|3525.515 -7445.530
79 RIVERSIDE WY SE,3262.184 -7279.193|3232.670 -7256.921|3230.412 -7261.291|3226.442 -7268.975|3254.166 -7289.890
125 RIVERSIDE CI SE,2884.020 -7602.626|2851.137 -7591.518|2848.082 -7611.033|2884.307 -7613.490|2883.608 -7610.821|2883.328 -7608.086|2883.468 -7605.328
23 RIVERSTONE CL SE,4745.374 -8110.965|4732.848 -8108.374|4725.871 -8142.266|4727.619 -8142.678|4738.328 -8145.168
9154 21 ST SE,4405.497 -8596.364|4372.160 -8593.039|4370.881 -8603.814|4404.002 -8608.462|4404.812 -8602.413
360 RIVER ROCK CI SE,4467.706 -8466.311|4461.477 -8427.492|4459.793 -8427.492|4435.913 -8427.504|4460.687 -8464.520|4463.127 -8464.887|4465.490 -8465.588
112 RIVERCREST CI SE,4355.152 -7704.592|4321.304 -7704.592|4321.304 -7713.143|4355.152 -7713.132
9549 21 ST SE,4187.485 -9019.327|4190.729 -9016.614|4193.903 -9013.812|4197.293 -9010.721|4197.573 -9010.465|4173.050 -8984.234|4172.826 -8984.446|4169.101 -8987.804|4165.235 -8991.006
19 RIVERCREST CR SE,4682.782 -7851.202|4680.831 -7847.044|4679.056 -7842.807|4641.783 -7859.442|4635.883 -7864.068|4641.007 -7869.850
135 RIVERCREST CL SE,4440.750 -7700.255|4441.009 -7697.909|4441.568 -7695.618|4442.428 -7693.428|4443.561 -7691.360|4444.959 -7689.458|4446.588 -7687.757|4448.433 -7686.289|4450.446 -7685.066|4437.877 -7683.632|4411.887 -7680.418|4411.887 -7700.244
49 RIVER ROCK RD SE,4424.770 -8906.909|4415.920 -8903.551|4404.009 -8935.776|4412.376 -8939.256
9534 21 ST SE,4265.513 -9018.727|4269.393 -9013.556|4273.147 -9008.297|4244.570 -8988.315|4241.326 -8992.863|4237.971 -8997.333
9524 21 ST SE,4291.888 -8976.717|4295.775 -8968.622|4299.382 -8960.394|4285.408 -8956.447|4271.350 -8952.799|4270.092 -8952.599|4268.820 -8952.622|4267.561 -8952.855|4266.366 -8953.300|4265.262 -8953.934|4264.290 -8954.756|4263.465 -8955.735|4262.815 -8956.836|4260.774 -8961.017
88 RIVERCREST CR SE,4714.819 -7721.883|4705.704 -7721.238|4705.711 -7755.297|4714.819 -7755.942
917 RIVERVIEW PL SE,4017.274 -9193.036|4014.940 -9193.225|4005.992 -9193.225|4005.992 -9223.715|4022.217 -9223.715
41 RIVER ROCK CO SE,4622.908 -8941.580|4622.908 -8931.161|4590.067 -8931.161|4590.074 -8941.591
175 RIVERSIDE CL SE,3105.828 -8075.716|3100.026 -8073.681|3094.308 -8071.446|3094.077 -8071.346|3076.531 -8108.296|3090.491 -8114.634
537 RIVERBEND DR SE,3223.639 -7644.291|3192.174 -7631.426|3190.056 -7638.676|3188.281 -7646.003|3220.772 -7656.044|3222.066 -7650.129
115 RIVERBIRCH CR SE,3767.616 -7791.435|3764.317 -7761.135|3754.698 -7762.191|3758.005 -7792.492
888 RIVERBEND DR SE,3681.780 -7612.745|3677.845 -7606.485|3673.727 -7600.336|3645.884 -7619.683|3649.463 -7625.032|3652.889 -7630.481
28 RIVERGLEN WY SE,4204.773 -8054.378|4198.663 -8041.802|4171.386 -8055.167|4173.379 -8059.259|4175.441 -8060.683|4177.286 -8062.373|4178.873 -8064.296|4180.187 -8066.431
28 RIVERGREEN CR SE,3610.345 -8157.289|3582.816 -8144.457|3580.125 -8150.017|3577.245 -8155.476|3603.816 -8170.210|3607.192 -8163.805
149 RIVERVIEW CO SE,3225.512 -8134.149|3215.970 -8128.578|3185.778 -8157.878|3202.891 -8165.651
121 RIVERGLEN DR SE,4501.155 -7895.258|4488.048 -7895.002|4487.789 -7925.481|4500.260 -7925.714
143 RIVERSTONE CO SE,4398.710 -8375.564|4397.417 -8374.808|4396.088 -8374.030|4394.704 -8373.363|4393.264 -8372.818|4391.782 -8372.395|4390.265 -8372.106|4388.734 -8371.951|4387.196 -8371.917|4385.659 -8372.028|4389.475 -8409.490|4402.541 -8409.490
28 RIVERVIEW DR SE,3308.685 -8195.251|3276.123 -8173.746|3272.621 -8178.394|3269.286 -8183.153|3266.120 -8188.023|3263.114 -8193.005|3299.373 -8209.484
7 RIVERBEND GA SE,3856.416 -8090.616|3856.284 -8060.127|3842.953 -8060.193|3843.086 -8090.672
151 RIVERBROOK RD SE,3476.044 -7677.271|3453.422 -7656.945|3445.328 -7666.041|3467.956 -7686.356
39 RIVERBROOK CO SE,3629.037 -7958.183|3628.981 -7944.695|3603.976 -7944.806|3604.382 -7945.863|3604.703 -7946.952|3604.934 -7948.064|3605.074 -7949.199|3605.123 -7950.333|3605.081 -7951.467|3604.941 -7952.590|3604.717 -7953.713
162 RIVERVIEW PA SE,3436.149 -8666.895|3427.033 -8657.810|3402.672 -8687.366|3411.675 -8696.573
89 RIVERVIEW PA SE,3378.967 -8528.769|3349.055 -8510.833|3343.211 -8520.663|3358.030 -8532.983|3368.341 -8541.545|3370.369 -8543.224
73 RIVERWOOD CL SE,4184.361 -8517.527|4180.852 -8482.545|4170.450 -8482.556|4173.966 -8517.538
238 RIVERSTONE CV SE,4671.933 -8216.000|4658.189 -8213.109|4655.729 -8218.913|4653.044 -8224.617|4673.967 -8257.208|4675.672 -8256.263|4677.483 -8255.541|4679.377 -8255.062|4681.321 -8254.840|4679.489 -8217.590
99 RIVERWOOD CI SE,4057.679 -8711.017|4062.971 -8722.659|4087.976 -8712.151|4089.290 -8711.440|4090.437 -8710.472|4091.366 -8709.305|4092.045 -8707.970|4092.450 -8706.525|4092.555 -8705.035|4092.366 -8703.545|4091.884 -8702.133|4089.815 -8697.507
80 RIVERBIRCH RD SE,3828.469 -7595.176|3826.763 -7590.095|3824.938 -7585.068|3796.326 -7595.977|3797.948 -7600.258|3799.451 -7604.583
67 RIVERBIRCH CO SE,3589.967 -7467.413|3587.849 -7466.501|3585.892 -7465.267|3584.151 -7463.755|3582.662 -7461.987|3581.460 -7460.008|3549.583 -7467.080|3565.298 -7481.212
27 RIVERSIDE RD SE,3296.388 -7400.529|3282.540 -7373.364|3280.953 -7374.076|3279.304 -7374.643|3277.612 -7375.032|3275.885 -7375.266|3279.283 -7415.652|3283.337 -7411.627|3287.545 -7407.757|3291.901 -7404.065
183 RIVERSIDE WY SE,3481.573 -7227.721|3474.233 -7218.703|3449.515 -7237.329|3456.841 -7246.358
180 RIVERSIDE CI SE,3053.546 -7531.217|3043.368 -7512.936|3021.208 -7525.379|3020.006 -7526.224|3018.992 -7527.280|3018.202 -7528.515|3017.664 -7529.882|3017.405 -7531.328|3017.433 -7532.796|3017.748 -7534.230|3018.335 -7535.576|3020.034 -7538.633|3020.712 -7540.012|3021.243 -7541.447
111 RIVERSTONE CL SE,4800.271 -7956.882|4798.712 -7956.815|4789.925 -7958.294|4779.572 -7960.040|4775.329 -7960.752|4800.970 -7993.098|4802.410 -7992.075|4803.969 -7991.241|4805.611 -7990.585|4807.324 -7990.129|4800.669 -7956.893
9138 21 ST SE,4405.113 -8530.815|4403.946 -8519.184|4369.301 -8522.686|4370.461 -8534.317
50 RIVER ROCK GR SE,4540.924 -8622.339|4505.657 -8621.583|4504.469 -8629.500|4503.120 -8637.395|4501.624 -8645.268|4499.960 -8653.096|4542.818 -8628.966|4542.056 -8627.399|4541.483 -8625.764|4541.106 -8624.063
72 RIVERVIEW CL SE,3711.672 -8665.216|3689.393 -8637.061|3679.851 -8644.689|3702.137 -8672.844
189 RIVERCREST CI SE,4299.116 -7844.720|4299.116 -7809.604|4289.959 -7811.773|4289.959 -7846.554
39 RIVERWOOD CO SE,4207.968 -8915.594|4210.065 -8909.556|4211.924 -8903.429|4213.546 -8897.235|4214.923 -8890.997|4170.792 -8904.118|4171.163 -8905.664|4171.365 -8907.254|4171.400 -8908.855|4171.261 -8910.445
159 RIVERVIEW CL SE,3630.226 -8860.886|3625.996 -8846.875|3592.610 -8857.027|3594.218 -8862.164|3596.895 -8871.027
142 RIVERGLEN DR SE,4635.365 -7877.022|4624.915 -7865.224|4604.104 -7896.437|4608.969 -7899.884|4613.653 -7903.564
2436 RIVERSTONE RD SE,4776.594 -7875.398|4767.436 -7875.387|4767.450 -7909.369|4776.601 -7909.380
162 RIVER ROCK CR SE,4275.565 -9190.745|4264.562 -9190.734|4264.625 -9223.726|4275.621 -9223.726
614 RIVERVIEW PL SE,3773.027 -9172.654|3773.405 -9166.572|3774.188 -9160.523|3738.634 -9154.629|3738.634 -9162.046|3738.634 -9171.698
43 RIVER ROCK PL SE,4505.007 -9049.239|4474.382 -9037.374|4470.663 -9047.082|4501.302 -9058.935
188 RIVERSIDE CL SE,3144.534 -8056.379|3115.901 -8038.388|3110.099 -8045.382|3099.977 -8057.580|3107.659 -8060.516|3115.489 -8063.029|3123.444 -8065.119|3131.497 -8066.787|3132.539 -8066.898|3133.587 -8066.865|3134.615 -8066.676|3135.607 -8066.353|3136.551 -8065.898|3137.411 -8065.308|3138.187 -8064.608|3138.858 -8063.796|3141.640 -8060.049
545 RIVERBEND DR SE,3227.980 -7632.004|3197.249 -7617.704|3194.558 -7624.509|3192.174 -7631.426|3223.639 -7644.291|3225.652 -7638.086
119 RIVERBIRCH CR SE,3758.005 -7792.492|3754.698 -7762.191|3746.191 -7763.136|3748.504 -7793.537
900 RIVERBEND DR SE,3691.993 -7631.203|3687.492 -7622.664|3657.845 -7639.109|3661.767 -7646.548
40 RIVERGLEN WY SE,4202.019 -8104.138|4178.468 -8085.813|4176.678 -8087.803|4174.616 -8089.504|4172.323 -8090.872|4169.849 -8091.895|4182.250 -8117.414
32 RIVERGREEN CR SE,3615.965 -8143.934|3587.605 -8133.070|3585.312 -8138.797|3582.816 -8144.457|3610.345 -8157.289|3613.274 -8150.661
37 RIVERGLEN CL SE,4255.370 -8060.438|4255.104 -8058.915|4254.979 -8057.369|4254.979 -8055.823|4255.118 -8054.278|4252.259 -8048.396|4224.982 -8061.761|4230.309 -8072.725
125 RIVERGLEN DR SE,4514.262 -7895.792|4501.155 -7895.258|4500.260 -7925.714|4512.731 -7926.226
9029 21 ST SE,4337.760 -8388.596|4336.585 -8375.398|4306.414 -8378.511|4307.519 -8390.920
12 RIVERVIEW DR SE,3337.443 -8155.298|3313.515 -8132.737|3304.798 -8142.055|3328.726 -8164.639|3332.473 -8160.625
11 RIVERBEND GA SE,3843.086 -8090.672|3842.953 -8060.193|3830.209 -8060.249|3830.342 -8090.727
155 RIVERBROOK RD SE,3484.139 -7668.176|3461.510 -7647.860|3453.422 -7656.945|3476.044 -7677.271
35 RIVERBROOK CO SE,3629.037 -7958.183|3604.717 -7953.713|3604.151 -7955.492|3603.354 -7957.182|3602.334 -7958.750|3601.117 -7960.173|3629.170 -7988.172
158 RIVERVIEW PA SE,3427.033 -8657.810|3418.190 -8649.337|3393.982 -8678.715|3395.786 -8680.316|3402.672 -8687.366
121 RIVERVIEW PA SE,3368.341 -8541.545|3358.030 -8532.983|3335.836 -8559.926|3346.147 -8568.499
77 RIVERWOOD CL SE,4173.966 -8517.538|4170.450 -8482.556|4159.447 -8482.556|4162.956 -8517.538
234 RIVERSTONE CV SE,4673.967 -8257.208|4653.044 -8224.617|4649.940 -8230.588|4646.599 -8236.437|4643.027 -8242.142|4639.224 -8247.690|4668.780 -8262.946|4669.779 -8261.267|4670.996 -8259.744|4672.401 -8258.376
103 RIVERWOOD CI SE,4089.815 -8697.507|4085.425 -8687.388|4053.373 -8701.054|4057.679 -8711.017
72 RIVERBIRCH RD SE,3833.949 -7615.680|3832.705 -7610.221|3831.314 -7604.794|3801.961 -7612.789|3803.177 -7617.426|3804.261 -7622.096
71 RIVERBIRCH CO SE,3579.922 -7451.668|3536.889 -7446.297|3532.254 -7451.512|3549.583 -7467.080|3581.460 -7460.008|3580.628 -7458.028|3580.090 -7455.949|3579.852 -7453.814
31 RIVERSIDE RD SE,3307.496 -7392.913|3290.789 -7365.770|3288.559 -7368.350|3287.266 -7369.840|3285.826 -7371.185|3284.239 -7372.364|3282.540 -7373.364|3296.388 -7400.529|3301.862 -7396.604
175 RIVERSIDE WY SE,3466.977 -7209.619|3463.636 -7205.371|3466.019 -7203.481|3462.272 -7198.677|3435.128 -7219.115|3442.259 -7228.233
176 RIVERSIDE CI SE,3060.914 -7544.438|3053.546 -7531.217|3021.243 -7541.447|3021.719 -7543.437|3021.928 -7545.472|3021.851 -7547.518|3021.502 -7549.531|3053.288 -7557.370|3060.068 -7545.872
115 RIVERSTONE CL SE,4800.970 -7993.098|4775.329 -7960.752|4770.114 -7961.630|4769.673 -7961.697|4764.773 -7985.582|4796.503 -7999.014|4797.335 -7997.335|4798.362 -7995.778|4799.586 -7994.355
9142 21 ST SE,4406.155 -8541.867|4405.574 -8535.418|4405.113 -8530.815|4370.461 -8534.317|4371.573 -8545.348
54 RIVER ROCK GR SE,4548.404 -8634.637|4546.733 -8633.514|4545.230 -8632.180|4543.916 -8630.657|4542.818 -8628.966|4499.960 -8653.096|4497.443 -8663.770|4505.014 -8665.728|4512.634 -8667.496|4520.295 -8669.052|4527.999 -8670.409
76 RIVERVIEW CL SE,3702.137 -8672.844|3679.851 -8644.689|3669.848 -8652.684|3692.133 -8680.839
185 RIVERCREST CI SE,4308.861 -7842.763|4308.868 -7807.447|4299.116 -7809.604|4299.116 -7844.720
43 RIVERWOOD CO SE,4198.482 -8936.576|4201.131 -8931.461|4203.592 -8926.257|4205.877 -8920.964|4207.968 -8915.594|4171.261 -8910.445|4170.939 -8912.102|4170.429 -8913.703|4169.744 -8915.249|4168.891 -8916.706
155 RIVERVIEW CL SE,3625.724 -8845.963|3621.928 -8833.387|3587.248 -8842.127|3590.044 -8849.544|3592.610 -8857.027|3625.996 -8846.875
199 RIVERCREST CL SE,4495.353 -7795.649|4485.594 -7794.904|4480.589 -7826.551|4490.292 -7827.640
144 RIVERGLEN DR SE,4645.033 -7887.941|4635.365 -7877.022|4613.653 -7903.564|4617.945 -7907.289|4622.062 -7911.203
39 RIVERVIEW CI SE,4017.540 -8959.593|4013.527 -8946.339|3979.078 -8956.458|3980.623 -8962.106|3982.007 -8967.789
2440 RIVERSTONE RD SE,4785.751 -7875.398|4776.594 -7875.398|4776.601 -7909.380|4785.758 -7909.380
166 RIVER ROCK CR SE,4264.562 -9190.734|4253.552 -9190.734|4253.629 -9223.726|4264.625 -9223.726
618 RIVERVIEW PL SE,3773.747 -9182.261|3773.258 -9180.260|3773.048 -9178.214|3773.027 -9172.654|3738.634 -9171.698|3738.634 -9190.645|3738.634 -9193.503
47 RIVER ROCK PL SE,4501.302 -9058.935|4470.663 -9047.082|4466.944 -9056.778|4497.590 -9068.642
194 RIVERSIDE CL SE,3151.623 -8048.262|3129.029 -8022.565|3122.423 -8030.526|3115.901 -8038.388|3144.534 -8056.379|3148.009 -8052.254
240 RIVERBEND DR SE,3210.182 -7860.432|3206.386 -7848.167|3174.076 -7858.252|3177.872 -7870.517
123 RIVERBIRCH CR SE,3748.504 -7793.537|3746.191 -7763.136|3736.299 -7764.215|3736.837 -7771.843|3737.229 -7779.471|3737.474 -7787.099|3737.578 -7794.738
908 RIVERBEND DR SE,3699.858 -7648.316|3695.978 -7639.476|3665.234 -7653.754|3668.603 -7661.448
44 RIVERGLEN WY SE,4182.250 -8117.414|4169.849 -8091.895|4167.912 -8092.406|4165.941 -8092.696|4163.942 -8092.762|4161.949 -8092.607|4156.091 -8095.475|4170.569 -8125.276|4181.292 -8118.059
36 RIVERGREEN CR SE,3620.635 -8130.224|3591.589 -8121.373|3589.702 -8127.255|3587.605 -8133.070|3615.965 -8143.934|3618.419 -8137.118
41 RIVERGLEN CL SE,4260.075 -8069.222|4258.446 -8067.299|4257.104 -8065.164|4256.069 -8062.862|4255.370 -8060.438|4230.309 -8072.725|4238.768 -8090.138
129 RIVERGLEN DR SE,4526.740 -7896.559|4514.262 -7895.792|4512.731 -7926.226|4524.601 -7926.948
9017 21 ST SE,4333.216 -8349.133|4331.028 -8336.079|4301.179 -8341.516|4303.241 -8353.804
8 RIVERVIEW DR SE,3346.168 -8145.969|3322.232 -8123.408|3313.515 -8132.737|3337.443 -8155.298|3345.287 -8146.925
15 RIVERBEND GA SE,3830.342 -8090.727|3830.209 -8060.249|3818.074 -8060.293|3818.207 -8090.783
159 RIVERBROOK RD SE,3492.227 -7659.091|3469.605 -7638.776|3461.510 -7647.860|3484.139 -7668.176
31 RIVERBROOK CO SE,3629.170 -7988.172|3601.117 -7960.173|3599.922 -7961.263|3598.608 -7962.197|3597.196 -7962.987|3595.707 -7963.598|3604.822 -7994.777|3629.198 -7994.666
154 RIVERVIEW PA SE,3418.190 -8649.337|3408.753 -8640.653|3384.405 -8670.186|3393.982 -8678.715
125 RIVERVIEW PA SE,3370.369 -8543.224|3368.341 -8541.545|3346.147 -8568.499|3355.996 -8576.683|3378.198 -8549.729
121 RIVERWOOD CL SE,4174.637 -8559.803|4189.785 -8526.523|4168.611 -8526.534|4168.422 -8558.447|4170.023 -8558.536|4171.603 -8558.791|4173.148 -8559.214
242 RIVERSTONE CV SE,4684.781 -8218.713|4679.489 -8217.590|4681.321 -8254.840|4683.355 -8254.873|4685.368 -8255.196|4690.842 -8256.452|4698.748 -8221.648|4697.616 -8221.415
107 RIVERWOOD CI SE,4085.425 -8687.388|4081.076 -8676.825|4048.773 -8689.901|4053.373 -8701.054
75 RIVERBIRCH CO SE,3583.131 -7443.829|3553.456 -7427.672|3536.889 -7446.297|3579.922 -7451.668|3580.293 -7449.555|3580.964 -7447.520|3581.914 -7445.597
35 RIVERSIDE RD SE,3316.877 -7387.553|3301.687 -7358.309|3297.710 -7360.455|3294.054 -7362.857|3290.789 -7365.770|3307.496 -7392.913
171 RIVERSIDE WY SE,3462.272 -7198.677|3455.191 -7189.448|3428.047 -7209.897|3435.128 -7219.115
172 RIVERSIDE CI SE,3053.288 -7557.370|3021.502 -7549.531|3020.880 -7551.477|3019.999 -7553.322|3018.880 -7555.035|3017.538 -7556.569|3040.250 -7579.475|3046.409 -7569.034
123 RIVERSTONE CL SE,4764.773 -7985.582|4769.673 -7961.697|4760.537 -7963.242|4753.246 -7964.466|4750.128 -8000.048|4752.085 -8000.326|4753.994 -8000.815|4755.839 -8001.527|4757.594 -8002.428|4760.970 -8004.129
9146 21 ST SE,4371.573 -8545.348|4372.188 -8551.441|4372.447 -8552.798|4372.950 -8554.077|4373.677 -8555.244|4374.600 -8556.256|4375.697 -8557.079|4376.927 -8557.691|4378.249 -8558.069|4379.612 -8558.191|4406.993 -8558.180|4406.686 -8550.018|4406.155 -8541.867
58 RIVER ROCK GR SE,4556.890 -8636.628|4555.842 -8636.628|4553.898 -8636.494|4551.990 -8636.116|4550.151 -8635.494|4548.404 -8634.637|4527.999 -8670.409|4539.847 -8672.077|4551.759 -8673.267
80 RIVERVIEW CL SE,3692.133 -8680.839|3669.848 -8652.684|3659.376 -8661.057|3681.662 -8689.212
181 RIVERCREST CI SE,4319.214 -7840.683|4319.221 -7805.335|4308.868 -7807.447|4308.861 -7842.763
47 RIVERWOOD CO SE,4185.934 -8956.291|4189.331 -8951.543|4192.561 -8946.661|4195.608 -8941.669|4198.482 -8936.576|4168.891 -8916.706|4167.681 -8918.273|4166.276 -8919.674|4164.697 -8920.875|4162.970 -8921.865
167 RIVERVIEW CL SE,3634.623 -8875.463|3634.455 -8874.896|3601.124 -8885.037|3603.760 -8893.755|3604.326 -8895.134|3605.158 -8896.379|3606.220 -8897.424|3607.472 -8898.236|3608.863 -8898.792|3610.331 -8899.059|3611.820 -8899.026|3613.274 -8898.692|3626.185 -8894.500|3639.194 -8890.608
195 RIVERCREST CL SE,4485.594 -7794.904|4476.094 -7794.337|4474.074 -7794.293|4472.054 -7794.393|4471.299 -7825.516|4480.589 -7826.551
146 RIVERGLEN DR SE,4657.120 -7901.585|4645.033 -7887.941|4622.062 -7911.203|4625.746 -7915.051|4629.263 -7919.042|4648.025 -7905.655
43 RIVERVIEW CI SE,4013.527 -8946.339|4009.340 -8933.162|3975.492 -8945.316|3977.366 -8950.865|3979.078 -8956.458
2444 RIVERSTONE RD SE,4795.503 -7875.410|4785.751 -7875.398|4785.758 -7909.380|4795.510 -7909.391
170 RIVER ROCK CR SE,4253.552 -9190.734|4241.948 -9190.723|4242.039 -9223.726|4253.629 -9223.726
622 RIVERVIEW PL SE,3738.634 -9223.704|3746.219 -9223.704|3777.899 -9188.788|3776.550 -9187.376|3775.390 -9185.797|3774.453 -9184.085|3773.747 -9182.261|3738.634 -9193.503
51 RIVER ROCK PL SE,4497.590 -9068.642|4466.944 -9056.778|4463.225 -9066.474|4493.864 -9078.339
198 RIVERSIDE CL SE,3160.284 -8039.689|3142.374 -8012.090|3129.029 -8022.565|3151.623 -8048.262|3155.873 -8043.892
248 RIVERBEND DR SE,3206.386 -7848.167|3202.415 -7835.335|3170.105 -7845.409|3174.076 -7858.252
84 RIVERBIRCH CR SE,3841.268 -7829.075|3854.270 -7827.640|3853.697 -7805.157|3853.494 -7803.633|3852.977 -7802.177|3852.180 -7800.864|3851.132 -7799.741|3849.880 -7798.863|3848.468 -7798.251|3846.965 -7797.940|3845.427 -7797.951|3837.969 -7798.774
916 RIVERBEND DR SE,3706.555 -7666.007|3703.626 -7657.890|3671.903 -7669.821|3674.580 -7677.238
48 RIVERGLEN WY SE,4170.569 -8125.276|4156.091 -8095.475|4143.564 -8101.613|4157.454 -8130.202|4166.192 -8128.211
40 RIVERGREEN CR SE,3624.340 -8116.213|3594.749 -8109.419|3593.274 -8115.424|3591.589 -8121.373|3620.635 -8130.224|3622.606 -8123.252
45 RIVERGLEN CL SE,4268.065 -8073.970|4265.849 -8073.181|4263.752 -8072.125|4261.815 -8070.790|4260.075 -8069.222|4238.768 -8090.138|4242.298 -8097.399|4260.256 -8102.092
133 RIVERGLEN DR SE,4539.197 -7897.571|4526.740 -7896.559|4524.601 -7926.948|4536.450 -7927.905
9013 21 ST SE,4331.028 -8336.079|4328.504 -8323.080|4298.802 -8329.296|4301.179 -8341.516
4 RIVERVIEW DR SE,3356.493 -8134.927|3350.264 -8129.067|3344.630 -8123.374|3338.870 -8117.826|3337.639 -8116.780|3336.227 -8116.013|3334.689 -8115.546|3333.088 -8115.402|3331.495 -8115.579|3329.964 -8116.069|3328.566 -8116.869|3327.356 -8117.926|3322.232 -8123.408|3346.168 -8145.980
19 RIVERBEND GA SE,3818.207 -8090.783|3818.074 -8060.293|3805.330 -8060.349|3805.463 -8090.839
87 RIVERBROOK WY SE,3484.586 -7908.012|3494.659 -7876.244|3488.773 -7876.888|3471.276 -7905.432|3471.898 -7906.233|3472.625 -7906.956|3473.436 -7907.556|3474.324 -7908.056|3475.275 -7908.423|3476.267 -7908.657|3477.274 -7908.746|3478.295 -7908.712
27 RIVERBROOK CO SE,3604.822 -7994.777|3595.707 -7963.598|3593.784 -7964.110|3591.806 -7964.332|3589.821 -7964.277|3587.856 -7963.943|3575.959 -7994.900
150 RIVERVIEW PA SE,3408.753 -8640.653|3398.694 -8631.769|3374.388 -8661.257|3384.405 -8670.186
129 RIVERVIEW PA SE,3387.593 -8557.535|3378.198 -8549.729|3355.996 -8576.683|3365.384 -8584.477
108 RIVERWOOD CL SE,4136.057 -8523.331|4134.617 -8512.623|4100.056 -8516.926|4101.587 -8528.368
254 RIVERSTONE CV SE,4734.938 -8229.276|4723.774 -8226.930|4715.777 -8262.157|4719.209 -8262.935|4720.530 -8263.302|4721.810 -8263.791|4723.040 -8264.403|4724.214 -8265.114|4745.472 -8231.500
111 RIVERWOOD CI SE,4081.076 -8676.825|4077.141 -8666.739|4044.614 -8679.238|4048.773 -8689.901
76 RIVERBIRCH CO SE,3590.065 -7438.992|3570.681 -7408.313|3553.456 -7427.672|3583.131 -7443.829|3584.585 -7442.261|3586.249 -7440.904|3588.087 -7439.815
39 RIVERSIDE RD SE,3326.629 -7382.894|3313.585 -7352.616|3307.587 -7355.351|3301.687 -7358.309|3316.877 -7387.553
163 RIVERSIDE WY SE,3448.222 -7180.197|3448.068 -7179.996|3441.231 -7170.845|3414.087 -7191.305|3420.483 -7199.867|3421.078 -7200.657
156 RIVERSIDE CI SE,2995.728 -7555.769|2994.784 -7554.568|2993.973 -7553.267|2992.275 -7550.209|2991.443 -7549.008|2990.387 -7547.985|2989.157 -7547.196|2987.794 -7546.662|2986.354 -7546.406|2984.886 -7546.428|2983.460 -7546.740|2982.118 -7547.329|2971.422 -7553.333|2965.725 -7556.614|2960.098 -7560.016|2970.143 -7578.052
127 RIVERSTONE CL SE,4750.128 -8000.048|4753.246 -7964.466|4751.918 -7964.688|4742.061 -7966.345|4731.834 -7968.068|4731.387 -7968.146|4729.129 -7968.991|4741.928 -8001.249|4743.906 -8000.593|4745.955 -8000.159|4748.038 -7999.981
364 RIVER ROCK CI SE,4444.882 -8471.726|4446.210 -8470.136|4447.713 -8468.701|4449.370 -8467.456|4451.166 -8466.411|4431.146 -8436.499|4409.140 -8436.499|4405.232 -8442.170
62 RIVER ROCK GR SE,4561.022 -8673.856|4566.237 -8636.628|4556.890 -8636.628|4551.759 -8673.267
84 RIVERVIEW CL SE,3667.918 -8700.198|3679.327 -8691.080|3657.034 -8662.925|3645.626 -8672.043
177 RIVERCREST CI SE,4329.567 -7838.604|4329.574 -7803.400|4319.221 -7805.335|4319.214 -7840.683
51 RIVERWOOD CO SE,4162.970 -8921.865|4160.768 -8922.721|4158.447 -8923.222|4156.084 -8923.355|4153.721 -8923.099|4173.078 -8971.558|4176.468 -8967.889|4179.740 -8964.119|4182.893 -8960.261|4185.934 -8956.291
191 RIVERCREST CL SE,4471.299 -7825.516|4472.054 -7794.393|4470.320 -7794.582|4468.608 -7794.882|4466.909 -7795.283|4465.238 -7795.772|4462.777 -7796.394|4460.317 -7826.206
148 RIVERGLEN DR SE,4664.802 -7910.269|4657.120 -7901.585|4648.025 -7905.655|4629.263 -7919.042|4632.940 -7923.635|4636.386 -7928.394
47 RIVERVIEW CI SE,4009.340 -8933.162|4005.293 -8920.975|3971.186 -8933.240|3975.359 -8944.938|3975.492 -8945.316
2448 RIVERSTONE RD SE,4805.255 -7875.421|4795.503 -7875.410|4795.510 -7909.391|4805.262 -7909.402
172 RIVER ROCK CR SE,4241.948 -9190.723|4230.938 -9190.723|4231.050 -9223.726|4242.039 -9223.726
626 RIVERVIEW PL SE,3784.715 -9192.347|3782.849 -9191.802|3781.073 -9191.012|3779.416 -9190.000|3777.899 -9188.788|3746.219 -9223.704|3777.871 -9223.704
55 RIVER ROCK PL SE,4493.864 -9078.339|4463.225 -9066.474|4459.513 -9076.181|4490.145 -9088.035
203 RIVERSIDE CL SE,3200.241 -8069.923|3182.786 -8044.326|3180.738 -8045.560|3178.543 -8046.505|3176.781 -8047.195|3175.069 -8047.995|3173.412 -8048.896|3171.811 -8049.908|3190.937 -8077.940|3194.936 -8074.259|3197.557 -8072.047
256 RIVERBEND DR SE,3202.415 -7835.335|3198.794 -7823.648|3166.491 -7833.723|3170.105 -7845.409
88 RIVERBIRCH CR SE,3841.268 -7829.075|3837.969 -7798.774|3827.679 -7799.908|3830.978 -7830.209
920 RIVERBEND DR SE,3709.896 -7676.026|3706.555 -7666.007|3674.580 -7677.238|3677.635 -7686.389
64 RIVERGLEN RD SE,4232.623 -8283.862|4202.312 -8283.617|4202.501 -8287.531|4202.865 -8291.423|4203.410 -8295.293|4204.130 -8299.140|4209.505 -8302.354|4232.532 -8296.149
52 RIVERGREEN CR SE,3629.527 -8070.179|3616.566 -8057.969|3593.603 -8074.226|3594.784 -8075.160|3595.888 -8076.183|3596.902 -8077.306|3597.818 -8078.507|3598.629 -8079.775|3599.335 -8081.120|3599.922 -8082.510|3600.390 -8083.945
49 RIVERGLEN CL SE,4276.146 -8074.326|4274.125 -8074.582|4272.084 -8074.604|4270.057 -8074.404|4268.065 -8073.970|4260.256 -8102.092|4276.761 -8106.406|4281.682 -8104.160
168 RIVERCROFT CL SE,4454.780 -7965.611|4453.256 -7935.177|4440.681 -7935.944|4442.855 -7966.345
386 RIVERGLEN DR SE,3952.487 -8409.646|3952.480 -8374.697|3949.795 -8374.719|3939.743 -8374.764|3939.750 -8409.657
16 RIVERVIEW DR SE,3328.726 -8164.639|3304.798 -8142.055|3296.088 -8151.384|3321.624 -8175.491
23 RIVERBEND GA SE,3805.463 -8090.839|3805.330 -8060.349|3791.999 -8060.416|3792.132 -8090.894
55 RIVERBROOK WY SE,3571.757 -7898.427|3576.811 -7897.871|3578.154 -7897.593|3579.419 -7897.081|3580.572 -7896.336|3581.572 -7895.402|3582.383 -7894.302|3582.984 -7893.067|3583.347 -7891.744|3583.466 -7890.388|3583.354 -7866.481|3568.451 -7868.126
23 RIVERBROOK CO SE,3587.856 -7963.943|3586.200 -7963.420|3584.613 -7962.698|3583.131 -7961.775|3581.782 -7960.674|3558.091 -7980.444|3572.631 -7994.911|3575.959 -7994.900
114 RIVERVIEW PA SE,3319.240 -8568.032|3316.668 -8566.897|3314.312 -8565.374|3312.215 -8563.495|3310.439 -8561.315|3280.184 -8582.443|3294.375 -8594.218
133 RIVERVIEW PA SE,3392.605 -8561.694|3387.593 -8557.535|3365.384 -8584.477|3375.241 -8592.661|3397.443 -8565.719
76 RIVERSTONE CR SE,4857.138 -8261.656|4817.880 -8260.934|4817.740 -8268.539|4817.789 -8270.863|4818.013 -8273.187|4857.159 -8273.899
115 RIVERWOOD CI SE,4077.141 -8666.739|4073.184 -8656.042|4040.427 -8667.907|4044.614 -8679.238
72 RIVERBIRCH CO SE,3598.111 -7438.603|3592.128 -7391.667|3585.473 -7391.689|3570.681 -7408.313|3590.065 -7438.992|3592.037 -7438.480|3594.064 -7438.247|3596.098 -7438.280
51 RIVERSIDE RD SE,3359.282 -7372.998|3353.480 -7340.540|3347.013 -7341.830|3340.596 -7343.353|3348.733 -7375.310
212 RIVERSIDE WY SE,3470.067 -7301.666|3472.765 -7298.730|3473.541 -7297.774|3474.149 -7296.707|3474.576 -7295.539|3474.806 -7294.327|3474.834 -7293.093|3474.660 -7291.870|3474.282 -7290.691|3473.723 -7289.590|3472.989 -7288.601|3456.813 -7269.742|3451.234 -7275.102|3445.964 -7280.761
144 RIVERSIDE CI SE,2957.357 -7607.686|2938.846 -7574.472|2933.450 -7578.586|2928.151 -7582.811|2946.788 -7616.259|2947.214 -7615.914
131 RIVERSTONE CL SE,4741.928 -8001.249|4729.129 -7968.991|4721.481 -7971.849|4712.715 -7975.140|4711.708 -7975.507|4705.354 -7977.898|4735.392 -8005.763|4736.825 -8004.362|4738.405 -8003.139|4740.111 -8002.094
368 RIVER ROCK CI SE,4408.252 -8472.293|4441.694 -8478.953|4442.191 -8477.019|4442.890 -8475.162|4443.791 -8473.394|4444.882 -8471.726|4405.232 -8442.170
30 RIVER ROCK GR SE,4544.454 -8573.981|4509.558 -8568.343|4509.453 -8575.215|4509.229 -8582.076|4544.049 -8582.821|4544.265 -8576.004
88 RIVERVIEW CL SE,3667.918 -8700.198|3645.626 -8672.043|3636.091 -8679.671|3658.383 -8707.815
173 RIVERCREST CI SE,4339.319 -7836.647|4339.333 -7801.732|4329.574 -7803.400|4329.567 -7838.604
55 RIVERWOOD CO SE,4165.011 -8979.442|4166.717 -8977.874|4173.078 -8971.558|4153.721 -8923.099|4151.296 -8922.421|4149.017 -8921.342|4147.011 -8920.286|4144.927 -8919.374|4142.781 -8918.629|4140.586 -8918.051|4160.300 -8978.319
8 RIVERVIEW GD SE,3639.194 -8890.608|3653.252 -8886.750|3667.401 -8883.247|3668.841 -8882.747|3670.148 -8881.957|3671.274 -8880.923|3672.168 -8879.689|3672.791 -8878.299|3673.112 -8876.798|3673.133 -8875.274|3672.840 -8873.773|3670.092 -8864.666|3649.198 -8871.027|3634.623 -8875.463
187 RIVERCREST CL SE,4462.777 -7796.394|4460.883 -7796.628|4458.975 -7796.650|4457.073 -7796.472|4455.207 -7796.094|4447.273 -7827.018|4460.317 -7826.206
150 RIVERGLEN DR SE,4636.386 -7928.394|4640.042 -7934.020|4640.804 -7935.055|4641.734 -7935.933|4642.803 -7936.645|4643.971 -7937.167|4645.215 -7937.490|4646.494 -7937.579|4647.773 -7937.467|4649.011 -7937.123|4675.987 -7927.004|4671.380 -7917.697|4664.802 -7910.269
132 RIVERCREST CL SE,4470.614 -7702.357|4467.915 -7702.068|4466.350 -7702.068|4464.826 -7702.401|4463.393 -7703.035|4462.127 -7703.958|4461.086 -7705.126|4460.303 -7706.482|4459.820 -7707.972|4459.660 -7709.529|4459.660 -7736.494|4470.607 -7737.194
51 RIVERVIEW CI SE,4005.293 -8920.975|4001.294 -8909.422|3967.069 -8921.709|3971.186 -8933.240
2452 RIVERSTONE RD SE,4805.262 -7909.402|4808.736 -7909.402|4810.197 -7909.257|4811.595 -7908.835|4812.889 -7908.134|4814.014 -7907.211|4814.944 -7906.077|4815.636 -7904.776|4816.062 -7903.375|4816.202 -7901.918|4816.209 -7875.421|4805.255 -7875.421
174 RIVER ROCK CR SE,4230.938 -9190.723|4219.935 -9190.723|4220.054 -9223.715|4231.050 -9223.726
630 RIVERVIEW PL SE,3792.726 -9191.891|3790.769 -9192.413|3788.756 -9192.669|3786.721 -9192.647|3784.715 -9192.347|3777.871 -9223.704|3803.596 -9223.704
59 RIVER ROCK PL SE,4490.145 -9088.035|4459.513 -9076.181|4455.794 -9085.878|4486.426 -9097.731
202 RIVERSIDE CL SE,3160.284 -8039.689|3164.115 -8036.298|3168.057 -8033.039|3168.945 -8032.194|3169.679 -8031.227|3170.252 -8030.137|3170.644 -8028.981|3170.839 -8027.780|3170.839 -8026.557|3170.637 -8025.345|3170.238 -8024.188|3164.828 -8011.412|3159.627 -7998.558|3142.374 -8012.090
264 RIVERBEND DR SE,3198.794 -7823.648|3195.006 -7811.384|3162.696 -7821.458|3166.491 -7833.723
92 RIVERBIRCH CR SE,3830.978 -7830.209|3827.679 -7799.908|3816.794 -7801.098|3820.101 -7831.399
924 RIVERBEND DR SE,3712.790 -7685.522|3709.896 -7676.026|3677.635 -7686.389|3680.277 -7695.063
60 RIVERGLEN RD SE,4232.728 -8269.874|4202.375 -8269.629|4202.291 -8280.837|4202.312 -8283.617|4232.623 -8283.862
56 RIVERGREEN CR SE,3616.566 -8057.969|3604.606 -8046.694|3583.984 -8068.766|3585.431 -8069.778|3586.941 -8070.690|3588.492 -8071.524|3590.100 -8072.258|3591.904 -8073.136|3593.603 -8074.226
53 RIVERGLEN CL SE,4298.271 -8096.599|4285.408 -8069.489|4283.388 -8071.202|4281.137 -8072.603|4278.704 -8073.648|4276.146 -8074.326|4281.682 -8104.160
164 RIVERCROFT CL SE,4466.720 -7965.144|4465.846 -7934.676|4453.256 -7935.177|4454.780 -7965.611
382 RIVERGLEN DR SE,3964.629 -8409.646|3964.615 -8374.464|3952.480 -8374.697|3952.487 -8409.646
20 RIVERVIEW DR SE,3321.624 -8175.491|3296.088 -8151.384|3287.776 -8160.280|3314.850 -8185.832|3318.814 -8179.783
27 RIVERBEND GA SE,3792.132 -8090.894|3791.999 -8060.416|3779.857 -8060.471|3779.990 -8090.950
75 RIVERBROOK RD SE,3510.220 -7836.336|3507.725 -7835.346|3505.404 -7833.989|3485.439 -7855.728|3493.191 -7867.359
19 RIVERBROOK CO SE,3581.782 -7960.674|3580.607 -7959.451|3579.587 -7958.105|3578.734 -7956.637|3578.070 -7955.070|3547.458 -7963.398|3547.486 -7969.892|3558.091 -7980.444
145 RIVERVIEW PA SE,3418.463 -8583.176|3416.695 -8581.698|3394.479 -8608.651|3398.582 -8612.054|3404.678 -8617.180|3427.096 -8590.649|3420.791 -8585.111
137 RIVERVIEW PA SE,3406.838 -8573.514|3397.443 -8565.719|3375.241 -8592.661|3384.629 -8600.467
56 RIVERSTONE CR SE,4857.138 -8212.686|4857.138 -8194.372|4821.878 -8201.889|4821.899 -8203.868|4821.710 -8205.848|4821.298 -8207.793|4820.683 -8209.673|4819.886 -8211.997
104 RIVERWOOD CI SE,4133.351 -8672.833|4129.143 -8662.881|4126.347 -8664.037|4096.931 -8676.180|4101.405 -8686.754
871 RIVERBEND DR SE,3591.086 -7591.540|3585.340 -7586.369|3584.354 -7585.647|3583.250 -7585.135|3582.061 -7584.846|3580.845 -7584.791|3579.636 -7584.980|3578.489 -7585.402|3577.448 -7586.036|3576.553 -7586.870|3558.147 -7607.541|3568.003 -7616.392|3568.535 -7616.870
68 RIVERBIRCH CO SE,3612.994 -7414.273|3601.285 -7401.808|3592.128 -7391.667|3598.111 -7438.603|3600.062 -7439.203|3601.914 -7440.059|3603.634 -7441.160|3605.193 -7442.483
55 RIVERSIDE RD SE,3369.970 -7371.474|3366.531 -7338.672|3359.988 -7339.483|3353.480 -7340.540|3359.282 -7372.998
136 RIVERSIDE CI SE,2936.679 -7624.454|2918.211 -7591.284|2913.115 -7595.921|2908.116 -7600.680|2925.383 -7633.605|2926.061 -7633.060|2936.386 -7624.687
135 RIVERSTONE CL SE,4735.392 -8005.763|4705.354 -7977.898|4700.719 -7979.633|4701.265 -7985.559|4701.593 -7991.497|4701.705 -7997.446|4701.607 -8003.395|4731.442 -8012.657|4732.135 -8010.778|4733.036 -8008.988|4734.127 -8007.309
372 RIVER ROCK CI SE,4441.694 -8478.953|4408.252 -8472.293|4410.076 -8490.484|4442.002 -8487.249|4441.568 -8485.203|4441.366 -8483.123|4441.408 -8481.022
92 RIVERVIEW CL SE,3658.383 -8707.815|3636.091 -8679.671|3626.556 -8687.288|3648.848 -8715.443
169 RIVERCREST CI SE,4348.490 -7801.354|4346.484 -7801.198|4344.478 -7801.176|4342.464 -7801.298|4340.472 -7801.543|4339.333 -7801.732|4339.319 -7836.647|4348.469 -7834.812
156 RIVERVIEW CL SE,3578.971 -8863.388|3576.951 -8857.294|3574.770 -8851.256|3537.574 -8865.411|3539.720 -8871.460|3541.684 -8877.565
12 RIVERVIEW GD SE,3670.092 -8864.666|3666.436 -8852.557|3666.003 -8851.245|3630.568 -8862.031|3634.455 -8874.896|3634.623 -8875.463|3649.198 -8871.027
183 RIVERCREST CL SE,4455.207 -7796.094|4453.760 -7795.661|4452.355 -7795.093|4451.005 -7794.415|4449.712 -7793.626|4426.609 -7828.296|4447.273 -7827.018
6 RIVER ROCK WY SE,4346.554 -8713.597|4336.173 -8709.094|4329.057 -8725.595|4326.267 -8732.211|4323.604 -8738.883|4323.206 -8740.317|4323.094 -8741.796|4323.276 -8743.264|4323.737 -8744.676|4324.471 -8745.955|4325.443 -8747.078|4326.617 -8747.978|4327.945 -8748.634|4330.965 -8749.769
55 RIVERVIEW CI SE,4001.294 -8909.422|3997.156 -8897.903|3962.958 -8910.178|3967.069 -8921.709
2427 RIVERSTONE RD SE,4760.537 -7963.242|4756.482 -7925.381|4750.645 -7926.159|4744.836 -7927.149|4751.918 -7964.688|4753.246 -7964.466
2407 RIVERSTONE RD SE,4711.708 -7975.507|4703.320 -7940.236|4692.862 -7944.150|4694.267 -7948.476|4695.546 -7952.846|4696.714 -7957.249|4697.762 -7961.675|4698.685 -7966.134|4699.489 -7970.615|4700.167 -7975.107|4700.719 -7979.633|4705.354 -7977.898
176 RIVER ROCK CR SE,4219.935 -9190.723|4208.932 -9190.712|4209.058 -9223.715|4220.054 -9223.715
711 RIVERVIEW PL SE,3875.731 -9140.730|3877.143 -9139.262|3878.744 -9137.995|3880.499 -9136.960|3882.386 -9136.171|3871.642 -9104.169|3847.846 -9109.640|3846.294 -9115.867
63 RIVER ROCK PL SE,4486.426 -9097.731|4455.794 -9085.878|4452.075 -9095.574|4482.686 -9107.427
171 RIVERSIDE CL SE,3094.077 -8071.346|3088.030 -8068.655|3082.137 -8065.642|3062.487 -8101.925|3076.531 -8108.296
272 RIVERBEND DR SE,3195.006 -7811.384|3191.035 -7798.541|3158.725 -7808.615|3162.696 -7821.458
96 RIVERBIRCH CR SE,3820.101 -7831.399|3816.794 -7801.098|3804.729 -7802.421|3808.028 -7832.722
928 RIVERBEND DR SE,3715.775 -7696.330|3712.790 -7685.522|3680.277 -7695.063|3683.004 -7704.948
212 RIVERGLEN PL SE,4239.732 -8171.989|4206.276 -8171.722|4204.906 -8174.046|4203.892 -8176.559|4203.270 -8179.194|4203.046 -8181.896|4203.011 -8185.688|4233.364 -8185.933|4233.371 -8185.276
60 RIVERGREEN CR SE,3604.606 -8046.694|3595.287 -8037.910|3574.519 -8060.138|3581.250 -8066.487|3582.579 -8067.666|3583.984 -8068.766
57 RIVERGLEN CL SE,4308.777 -8091.817|4296.159 -8062.028|4292.706 -8063.607|4288.316 -8065.764|4286.981 -8067.721|4285.408 -8069.489|4298.271 -8096.599
160 RIVERCROFT CL SE,4478.667 -7964.921|4478.443 -7934.454|4465.846 -7934.676|4466.720 -7965.144
378 RIVERGLEN DR SE,3976.772 -8409.634|3976.758 -8373.985|3964.615 -8374.464|3964.629 -8409.646
24 RIVERSIDE CR SE,3251.817 -7696.419|3249.650 -7695.908|3247.448 -7695.563|3245.225 -7695.374|3242.995 -7695.363|3239.080 -7695.474|3248.385 -7735.304|3260.772 -7734.715
31 RIVERBEND GA SE,3779.990 -8090.950|3779.857 -8060.471|3765.925 -8060.527|3766.058 -8091.005
67 RIVERBROOK RD SE,3529.444 -7863.367|3526.249 -7834.045|3523.565 -7835.235|3522.230 -7835.846|3520.853 -7836.336|3519.434 -7836.714|3517.994 -7836.969|3511.318 -7865.358
15 RIVERBROOK CO SE,3578.070 -7955.070|3577.510 -7953.024|3577.266 -7950.922|3577.343 -7948.798|3577.741 -7946.719|3547.381 -7946.852|3547.458 -7963.398
149 RIVERVIEW PA SE,3427.691 -8591.182|3427.096 -8590.649|3404.678 -8617.180|3414.227 -8625.475|3437.086 -8599.444
141 RIVERVIEW PA SE,3408.607 -8574.992|3406.838 -8573.514|3384.629 -8600.467|3394.479 -8608.651|3416.695 -8581.698
180 RIVERSTONE CR SE,4490.313 -8324.570|4459.779 -8324.559|4459.779 -8336.813|4490.872 -8336.813
60 RIVERSTONE CR SE,4857.138 -8212.686|4819.886 -8211.997|4819.362 -8213.976|4818.977 -8215.989|4818.733 -8218.023|4818.628 -8220.069|4818.551 -8224.217|4857.138 -8224.929
112 RIVERWOOD CI SE,4125.130 -8652.840|4121.509 -8643.277|4088.822 -8655.353|4092.667 -8665.516
875 RIVERBEND DR SE,3601.355 -7600.936|3595.860 -7595.821|3591.086 -7591.540|3568.535 -7616.870|3573.162 -7621.207|3577.643 -7625.699
64 RIVERBIRCH CO SE,3626.877 -7427.894|3619.859 -7421.167|3612.994 -7414.273|3605.193 -7442.483|3606.577 -7444.051|3607.737 -7445.797|3608.646 -7447.687|3609.275 -7449.678|3610.680 -7454.014
59 RIVERSIDE RD SE,3380.735 -7370.729|3379.694 -7337.771|3373.102 -7338.105|3366.531 -7338.672|3369.970 -7371.474
121 RIVERSIDE CI SE,2884.307 -7613.490|2848.082 -7611.033|2844.552 -7621.741|2845.307 -7627.790|2887.033 -7626.155|2886.984 -7624.887|2886.760 -7622.241|2886.299 -7619.617|2885.614 -7617.037|2884.705 -7614.535
376 RIVER ROCK CI SE,4445.364 -8496.400|4444.434 -8493.331|4443.183 -8490.373|4442.519 -8488.839|4442.002 -8487.249|4410.076 -8490.484|4411.013 -8499.880
96 RIVERVIEW CL SE,3648.848 -8715.443|3626.556 -8687.288|3616.545 -8695.294|3638.845 -8723.438
165 RIVERCREST CI SE,4356.487 -7802.177|4353.943 -7802.188|4351.419 -7801.832|4348.490 -7801.354|4348.469 -7834.812|4360.388 -7832.422
160 RIVERVIEW CL SE,3582.886 -8876.264|3579.936 -8866.512|3578.971 -8863.388|3541.684 -8877.565|3541.852 -8878.121|3545.578 -8890.452
16 RIVERVIEW GD SE,3666.003 -8851.245|3665.262 -8849.355|3664.395 -8847.520|3663.409 -8845.741|3662.305 -8844.040|3661.508 -8842.772|3660.844 -8841.427|3660.313 -8840.026|3659.928 -8838.580|3625.724 -8845.963|3625.996 -8846.875|3630.226 -8860.886|3630.568 -8862.031
179 RIVERCREST CL SE,4449.712 -7793.626|4448.496 -7792.736|4447.356 -7791.735|4446.301 -7790.646|4445.343 -7789.478|4411.887 -7814.686|4411.887 -7824.716|4416.354 -7828.941|4426.609 -7828.296
10 RIVER ROCK WY SE,4354.956 -8717.255|4346.554 -8713.597|4330.965 -8749.769|4339.549 -8752.993
139 RIVER ROCK CR SE,4336.935 -9175.556|4338.137 -9175.456|4339.312 -9175.167|4340.423 -9174.689|4341.444 -9174.044|4342.339 -9173.243|4343.100 -9172.298|4343.702 -9171.253|4344.121 -9170.119|4350.273 -9149.025|4347.050 -9144.155|4332.755 -9142.609|4332.734 -9175.556
59 RIVERVIEW CI SE,3997.156 -8897.903|3992.878 -8886.438|3958.848 -8898.648|3962.958 -8910.178
2411 RIVERSTONE RD SE,4721.481 -7971.849|4713.099 -7936.578|4703.320 -7940.236|4711.708 -7975.507|4712.715 -7975.140
178 RIVER ROCK CR SE,4208.932 -9190.712|4197.922 -9190.712|4198.069 -9223.715|4209.058 -9223.715
719 RIVERVIEW PL SE,3932.515 -9104.959|3901.086 -9097.753|3899.981 -9097.842|3890.705 -9135.815|3892.648 -9136.438|3894.487 -9137.327|3896.185 -9138.451|3897.723 -9139.796
67 RIVER ROCK PL SE,4482.686 -9107.427|4452.075 -9095.574|4448.356 -9105.270|4478.974 -9117.134
167 RIVERSIDE CL SE,3082.137 -8065.642|3076.831 -8062.573|3071.687 -8059.248|3047.444 -8095.109|3062.487 -8101.925
280 RIVERBEND DR SE,3191.035 -7798.541|3187.064 -7785.709|3154.754 -7795.783|3158.725 -7808.615
100 RIVERBIRCH CR SE,3808.028 -7832.722|3804.729 -7802.421|3793.845 -7803.622|3797.151 -7833.923
932 RIVERBEND DR SE,3683.004 -7704.948|3684.213 -7709.696|3684.570 -7710.763|3685.115 -7711.731|3685.828 -7712.598|3686.681 -7713.321|3687.652 -7713.877|3688.701 -7714.255|3689.805 -7714.433|3690.924 -7714.422|3719.368 -7711.286|3717.649 -7703.791|3715.775 -7696.330
216 RIVERGLEN PL SE,4209.659 -8168.063|4207.842 -8169.776|4206.276 -8171.722|4239.732 -8171.989|4246.401 -8158.045|4215.119 -8157.789|4214.902 -8159.268|4214.546 -8160.714|4214.049 -8162.126|4213.413 -8163.471|4212.651 -8164.750|4211.763 -8165.951|4210.764 -8167.063
41 RIVERGREEN CR SE,3575.896 -8121.462|3578.070 -8114.401|3579.929 -8107.251|3581.453 -8100.023|3582.655 -8092.729|3582.690 -8090.939|3582.306 -8089.193|3581.516 -8087.592|3580.370 -8086.213|3574.833 -8080.998|3561.537 -8107.929
61 RIVERGLEN CL SE,4317.124 -8088.014|4311.636 -8057.402|4307.673 -8058.225|4303.765 -8059.282|4299.920 -8060.549|4296.159 -8062.028|4308.777 -8091.817
156 RIVERCROFT CL SE,4491.669 -7934.510|4478.443 -7934.454|4478.667 -7964.921|4491.201 -7964.977
374 RIVERGLEN DR SE,3988.907 -8409.634|3988.900 -8373.251|3976.758 -8373.985|3976.772 -8409.634
28 RIVERSIDE CR SE,3263.701 -7697.275|3261.142 -7697.753|3258.542 -7697.854|3255.955 -7697.576|3253.439 -7696.919|3251.817 -7696.419|3260.772 -7734.715|3276.326 -7733.992
35 RIVERBEND GA SE,3766.058 -8091.005|3765.925 -8060.527|3753.782 -8060.582|3753.915 -8091.061
59 RIVERBROOK RD SE,3537.210 -7862.511|3533.687 -7832.244|3531.793 -7832.511|3529.912 -7832.900|3528.060 -7833.422|3526.249 -7834.045|3529.444 -7863.367
3 RIVERBROOK CO SE,3583.627 -7927.393|3583.592 -7920.532|3583.424 -7918.976|3582.935 -7917.486|3582.152 -7916.140|3581.104 -7914.973|3579.838 -7914.061|3578.412 -7913.427|3576.881 -7913.105|3575.315 -7913.116|3547.249 -7916.196|3547.298 -7927.549
153 RIVERVIEW PA SE,3437.309 -8599.644|3437.086 -8599.444|3414.227 -8625.475|3424.042 -8634.348|3447.550 -8608.651
12 RIVERVIEW ME SE,3520.021 -8511.989|3519.965 -8499.146|3485.138 -8499.302|3485.194 -8512.145
176 RIVERSTONE CR SE,4490.872 -8336.813|4459.779 -8336.813|4459.779 -8349.055|4491.522 -8349.055|4491.557 -8347.043|4491.459 -8345.041
52 RIVERSTONE CR SE,4857.138 -8194.372|4857.138 -8172.022|4818.802 -8192.971|4820.012 -8195.028|4820.935 -8197.219|4821.557 -8199.521|4821.878 -8201.889
116 RIVERWOOD CI SE,4088.822 -8655.353|4121.509 -8643.277|4118.063 -8633.648|4085.166 -8645.123
879 RIVERBEND DR SE,3611.540 -7611.511|3606.542 -7606.129|3601.355 -7600.936|3577.643 -7625.699|3580.251 -7628.457|3585.836 -7634.773
60 RIVERBIRCH CO SE,3637.258 -7437.557|3628.548 -7429.462|3626.877 -7427.894|3610.680 -7454.014|3612.435 -7457.606|3614.651 -7460.919|3617.286 -7463.911
63 RIVERSIDE RD SE,3392.871 -7337.827|3386.286 -7337.682|3379.694 -7337.771|3380.735 -7370.729|3391.536 -7370.785
129 RIVERSIDE CI SE,2889.613 -7593.920|2859.330 -7572.492|2851.661 -7588.171|2851.137 -7591.518|2884.020 -7602.626|2884.929 -7600.169|2886.180 -7597.867|2887.753 -7595.765
147 RIVERSTONE CL SE,4730.254 -8037.743|4698.322 -8031.116|4698.301 -8031.238|4695.735 -8043.692|4728.276 -8050.442
380 RIVER ROCK CI SE,4446.601 -8505.774|4446.077 -8500.559|4445.798 -8498.468|4445.364 -8496.400|4411.013 -8499.880|4411.957 -8509.276
100 RIVERVIEW CL SE,3638.845 -8723.438|3616.545 -8695.294|3609.883 -8700.620|3606.074 -8703.667|3628.380 -8731.811
161 RIVERCREST CI SE,4376.732 -7831.399|4362.646 -7800.575|4361.164 -7801.187|4359.640 -7801.654|4358.074 -7801.988|4356.487 -7802.177|4360.388 -7832.422
164 RIVERVIEW CL SE,3586.780 -8889.163|3582.886 -8876.264|3545.578 -8890.452|3549.472 -8903.340
20 RIVERVIEW GD SE,3660.501 -8830.274|3627.101 -8817.976|3621.928 -8833.387|3625.724 -8845.963|3659.928 -8838.580|3659.635 -8836.490|3659.635 -8834.388|3659.921 -8832.298
175 RIVERCREST CL SE,4445.343 -7789.478|4444.490 -7788.222|4443.742 -7786.910|4443.106 -7785.531|4442.596 -7784.107|4411.887 -7793.848|4411.887 -7814.686
14 RIVER ROCK WY SE,4363.352 -8720.902|4354.956 -8717.255|4339.549 -8752.993|4348.134 -8756.218
143 RIVER ROCK CR SE,4332.755 -9142.609|4321.752 -9141.419|4321.738 -9175.545|4332.734 -9175.556
202 RIVERVIEW PL SE,3992.878 -8886.438|3986.397 -8869.837|3955.087 -8888.140|3955.262 -8888.607|3958.848 -8898.648
2431 RIVERSTONE RD SE,4770.114 -7961.630|4768.142 -7924.491|4762.305 -7924.825|4756.482 -7925.381|4760.537 -7963.242|4769.673 -7961.697
2415 RIVERSTONE RD SE,4731.834 -7968.068|4723.445 -7932.786|4718.867 -7934.421|4713.099 -7936.578|4721.481 -7971.849|4729.129 -7968.991|4731.387 -7968.146
180 RIVER ROCK CR SE,4197.922 -9190.712|4186.912 -9190.701|4187.073 -9223.715|4198.069 -9223.715
505 RIVERVIEW PL SE,3683.123 -9082.086|3684.367 -9082.052|3688.897 -9081.941|3694.727 -9081.908|3700.550 -9082.186|3706.352 -9082.775|3712.112 -9083.676|3713.175 -9083.798|3714.251 -9083.776|3715.300 -9083.587|3716.320 -9083.253|3717.278 -9082.786|3718.166 -9082.175|3718.949 -9081.452|3719.627 -9080.618|3724.443 -9073.713|3689.323 -9058.913|3684.066 -9078.561|3683.528 -9080.574
71 RIVER ROCK PL SE,4475.311 -9127.153|4478.520 -9118.313|4478.974 -9117.134|4448.356 -9105.270|4447.902 -9106.460|4444.274 -9116.478
159 RIVERSIDE CL SE,3061.480 -8051.487|3056.895 -8047.417|3052.512 -8043.125|3023.242 -8071.813|3034.204 -8084.067
288 RIVERBEND DR SE,3187.064 -7785.709|3183.268 -7773.444|3150.959 -7783.518|3154.754 -7795.783
104 RIVERBIRCH CR SE,3797.151 -7833.923|3793.845 -7803.622|3783.555 -7804.756|3786.861 -7835.057
7 RIVERBIRCH PL SE,3726.086 -7700.578|3728.323 -7710.307|3752.650 -7707.628|3754.097 -7707.327|3755.446 -7706.738|3756.662 -7705.904|3757.690 -7704.837|3758.487 -7703.602|3759.025 -7702.223|3759.284 -7700.767|3759.256 -7699.299|3758.452 -7692.638
220 RIVERGLEN PL SE,4215.119 -8157.789|4246.401 -8158.045|4250.330 -8149.839|4237.041 -8129.901|4212.379 -8147.681|4213.721 -8149.994|4214.643 -8152.496|4215.112 -8155.120
33 RIVERGREEN CR SE,3561.537 -8107.929|3560.600 -8107.051|3551.296 -8102.447|3546.850 -8110.809|3571.219 -8133.771|3573.680 -8127.666|3575.896 -8121.462
65 RIVERGLEN CL SE,4327.749 -8056.346|4323.702 -8056.268|4319.661 -8056.424|4315.635 -8056.802|4311.636 -8057.402|4317.124 -8088.014|4317.942 -8087.647|4327.351 -8088.659
152 RIVERCROFT CL SE,4504.259 -7934.843|4491.669 -7934.510|4491.201 -7964.977|4503.147 -7965.288
370 RIVERGLEN DR SE,3988.907 -8409.634|4009.368 -8409.623|4009.354 -8371.450|3999.134 -8372.440|3988.900 -8373.251
32 RIVERSIDE CR SE,3300.722 -7728.021|3270.733 -7693.606|3269.140 -7694.807|3267.427 -7695.830|3265.602 -7696.653|3263.701 -7697.275|3276.326 -7733.992|3296.242 -7733.058
39 RIVERBEND GA SE,3753.915 -8091.061|3753.782 -8060.582|3740.451 -8060.638|3740.584 -8091.117
35 RIVERBROOK RD SE,3575.036 -7858.352|3583.320 -7857.440|3583.222 -7835.124|3583.054 -7833.567|3582.565 -7832.077|3581.782 -7830.720|3580.733 -7829.564|3579.461 -7828.652|3578.035 -7828.018|3576.504 -7827.696|3574.945 -7827.696|3571.736 -7828.052
7 RIVERBROOK CO SE,3582.229 -7936.589|3582.844 -7934.343|3583.285 -7932.041|3583.543 -7929.728|3583.627 -7927.393|3547.298 -7927.549|3547.340 -7936.745
157 RIVERVIEW PA SE,3451.843 -8612.643|3449.892 -8610.719|3447.550 -8608.651|3424.042 -8634.348|3433.248 -8643.010|3457.155 -8617.880
16 RIVERVIEW ME SE,3519.965 -8499.146|3519.902 -8485.703|3485.075 -8485.859|3485.138 -8499.302
172 RIVERSTONE CR SE,4491.522 -8349.055|4459.779 -8349.055|4459.786 -8363.600|4490.054 -8360.331|4490.131 -8357.651|4490.607 -8355.016|4491.215 -8352.058
120 RIVERWOOD CI SE,4118.063 -8633.648|4114.617 -8623.407|4081.496 -8634.237|4085.166 -8645.123
56 RIVERBIRCH CO SE,3647.115 -7446.720|3637.258 -7437.557|3617.286 -7463.911|3618.006 -7464.611|3624.794 -7470.927
67 RIVERSIDE RD SE,3406.020 -7338.850|3399.456 -7338.216|3392.871 -7337.827|3391.536 -7370.785|3402.294 -7371.619
108 RIVERSIDE WY SE,3355.731 -7232.447|3330.278 -7213.222|3323.337 -7222.484|3348.789 -7241.710
133 RIVERSIDE CI SE,2899.903 -7587.604|2870.186 -7555.780|2863.762 -7563.419|2859.330 -7572.492|2889.613 -7593.920|2891.668 -7592.407|2893.912 -7591.195|2897.015 -7589.572
151 RIVERSTONE CL SE,4728.276 -8050.442|4695.735 -8043.692|4693.156 -8056.268|4726.290 -8063.140
384 RIVER ROCK CI SE,4447.545 -8515.170|4446.601 -8505.774|4411.957 -8509.276|4412.900 -8518.672
104 RIVERVIEW CL SE,3628.380 -8731.811|3606.074 -8703.667|3596.070 -8711.662|3618.377 -8739.806
157 RIVERCREST CI SE,4399.143 -7830.009|4367.602 -7797.173|4366.477 -7798.185|4365.267 -7799.085|4363.988 -7799.886|4362.646 -7800.575|4376.732 -7831.399
166 RIVERVIEW CL SE,3588.129 -8902.373|3588.129 -8900.082|3588.171 -8897.424|3587.982 -8894.767|3587.556 -8892.143|3586.899 -8889.563|3586.780 -8889.163|3549.472 -8903.340|3553.191 -8915.649
24 RIVERVIEW GD SE,3665.213 -8823.713|3644.137 -8797.138|3630.414 -8808.113|3627.101 -8817.976|3660.501 -8830.274|3661.333 -8828.406|3662.410 -8826.671|3663.710 -8825.092
171 RIVERCREST CL SE,4442.596 -7784.107|4442.163 -7782.462|4441.883 -7780.794|4441.764 -7779.104|4441.806 -7777.402|4411.887 -7777.413|4411.887 -7793.848
18 RIVER ROCK WY SE,4371.754 -8724.561|4363.352 -8720.902|4348.134 -8756.218|4356.718 -8759.431
147 RIVER ROCK CR SE,4321.752 -9141.419|4321.458 -9141.386|4310.756 -9141.108|4310.735 -9175.545|4321.738 -9175.545
206 RIVERVIEW PL SE,3986.397 -8869.837|3981.462 -8857.739|3976.373 -8845.697|3950.061 -8881.590|3951.648 -8882.947|3953.032 -8884.515|3954.185 -8886.260|3955.087 -8888.140
2419 RIVERSTONE RD SE,4742.061 -7966.345|4733.372 -7929.773|4728.381 -7931.196|4723.445 -7932.786|4731.834 -7968.068
184 RIVER ROCK CR SE,4186.912 -9190.701|4179.034 -9190.701|4175.916 -9190.868|4176.077 -9223.715|4187.073 -9223.715
509 RIVERVIEW PL SE,3731.399 -9063.750|3699.949 -9042.056|3692.546 -9046.859|3689.323 -9058.913|3724.443 -9073.713
75 RIVER ROCK PL SE,4472.271 -9137.116|4473.613 -9132.457|4475.088 -9127.831|4475.311 -9127.153|4444.274 -9116.478|4442.330 -9122.405|4440.520 -9128.365
151 RIVERSIDE CL SE,3044.060 -8033.473|3040.376 -8028.569|3036.944 -8023.477|3000.873 -8046.805|3011.883 -8059.115
296 RIVERBEND DR SE,3183.268 -7773.444|3179.647 -7761.746|3147.344 -7771.820|3150.959 -7783.518
108 RIVERBIRCH CR SE,3786.861 -7835.057|3783.555 -7804.756|3772.671 -7805.946|3775.977 -7836.247
11 RIVERBIRCH PL SE,3758.452 -7692.638|3757.229 -7683.087|3723.905 -7692.038|3726.086 -7700.578
224 RIVERGLEN PL SE,4212.379 -8147.681|4237.041 -8129.901|4216.615 -8099.256|4214.336 -8095.854|4204.444 -8138.419|4203.647 -8141.833|4206.192 -8142.678|4208.541 -8143.968|4210.624 -8145.658
29 RIVERGREEN CR SE,3571.219 -8133.771|3546.850 -8110.809|3544.033 -8116.102|3540.922 -8121.940|3565.738 -8145.324|3568.598 -8139.609
69 RIVERGLEN CL SE,4340.437 -8060.505|4338.766 -8059.849|4337.173 -8059.037|4335.670 -8058.069|4334.265 -8056.958|4331.014 -8056.579|4327.749 -8056.346|4327.351 -8088.659|4340.081 -8090.038
140 RIVERCROFT CL SE,4544.363 -7937.757|4542.693 -7937.556|4532.214 -7936.556|4525.720 -7968.157|4537.604 -7970.626
344 RIVERGLEN DR SE,4063.698 -8409.601|4063.691 -8363.133|4049.759 -8365.757|4049.773 -8409.612
36 RIVERSIDE CR SE,3317.122 -7709.607|3275.613 -7686.979|3274.690 -7688.836|3273.558 -7690.570|3272.236 -7692.171|3270.733 -7693.606|3300.722 -7728.021
43 RIVERBEND GA SE,3740.584 -8091.117|3740.451 -8060.638|3728.309 -8060.694|3728.442 -8091.172
87 RIVERBROOK RD SE,3497.316 -7820.568|3496.631 -7818.756|3495.827 -7816.988|3494.911 -7815.275|3493.883 -7813.630|3492.331 -7811.295|3467.110 -7828.263|3472.926 -7836.981
11 RIVERBROOK CO SE,3577.741 -7946.719|3578.384 -7944.851|3579.286 -7943.094|3580.160 -7941.537|3580.950 -7939.925|3581.635 -7938.279|3582.229 -7936.589|3547.340 -7936.745|3547.381 -7946.852
161 RIVERVIEW PA SE,3466.194 -8626.787|3457.155 -8617.880|3433.248 -8643.010|3441.867 -8651.428
48 RIVERVIEW ME SE,3443.936 -8487.760|3414.024 -8469.824|3410.955 -8474.984|3407.775 -8480.332|3437.687 -8498.268
168 RIVERSTONE CR SE,4492.340 -8368.359|4491.424 -8366.469|4490.725 -8364.478|4490.271 -8362.421|4490.054 -8360.331|4459.786 -8363.600|4459.786 -8386.784
44 RIVERSTONE CR SE,4819.166 -8155.865|4803.521 -8154.564|4797.041 -8186.166|4799.760 -8185.632|4802.060 -8185.221|4804.395 -8185.121|4806.716 -8185.321|4808.995 -8185.832
100 RIVERWOOD CI SE,4137.930 -8683.130|4136.336 -8679.594|4133.351 -8672.833|4101.405 -8686.754|4101.656 -8687.344|4102.880 -8689.823|4104.320 -8692.192|4105.977 -8694.405|4107.829 -8696.462|4108.011 -8696.651
32 RIVERBIRCH CO SE,3668.394 -7511.457|3672.336 -7515.127|3673.371 -7515.927|3674.517 -7516.539|3675.755 -7516.939|3677.048 -7517.117|3678.348 -7517.062|3679.620 -7516.784|3680.823 -7516.294|3681.927 -7515.594|3682.885 -7514.715|3700.130 -7496.024|3690.714 -7487.261
71 RIVERSIDE RD SE,3419.064 -7340.829|3412.556 -7339.717|3406.020 -7338.850|3402.294 -7371.619|3412.969 -7373.231
11 RIVERSIDE RD SE,3255.515 -7361.089|3253.858 -7359.165|3252.041 -7357.397|3244.666 -7350.770|3222.779 -7375.355|3233.908 -7385.351
118 RIVERSIDE CI SE,2925.383 -7633.605|2908.116 -7600.680|2903.510 -7605.273|2902.552 -7606.474|2901.860 -7607.830|2901.461 -7609.309|2901.364 -7610.832|2902.664 -7643.457|2913.863 -7638.598
155 RIVERSTONE CL SE,4726.290 -8063.140|4693.156 -8056.268|4690.569 -8068.844|4724.305 -8075.838
388 RIVER ROCK CI SE,4448.489 -8524.566|4447.545 -8515.170|4412.900 -8518.672|4413.837 -8528.068
108 RIVERVIEW CL SE,3618.377 -8739.806|3596.070 -8711.662|3586.535 -8719.290|3608.842 -8747.434
149 RIVERCREST CI SE,4402.925 -7792.714|4372.796 -7787.354|4372.502 -7788.733|4372.097 -7790.090|4371.587 -7791.402|4370.972 -7792.681|4402.925 -7809.771
172 RIVERVIEW CL SE,3591.638 -8911.946|3590.254 -8909.767|3589.199 -8907.410|3588.485 -8904.930|3588.129 -8902.373|3553.191 -8915.649|3559.384 -8936.142
28 RIVERVIEW GD SE,3672.630 -8820.555|3667.834 -8782.682|3661.550 -8783.216|3644.137 -8797.138|3665.213 -8823.713|3666.891 -8822.546|3668.708 -8821.623|3670.631 -8820.956
167 RIVERCREST CL SE,4441.806 -7777.402|4442.163 -7774.867|4442.876 -7772.421|4443.645 -7770.041|4444.211 -7767.606|4411.887 -7767.617|4411.887 -7777.413
22 RIVER ROCK WY SE,4380.157 -8728.208|4371.754 -8724.561|4356.718 -8759.431|4365.302 -8762.656
151 RIVER ROCK CR SE,4310.756 -9141.108|4299.760 -9140.819|4299.739 -9175.545|4310.735 -9175.545
210 RIVERVIEW PL SE,3976.373 -8845.697|3967.908 -8826.560|3949.348 -8834.366|3943.245 -8878.810|3945.063 -8879.177|3946.824 -8879.767|3948.502 -8880.578|3950.061 -8881.590
2423 RIVERSTONE RD SE,4751.918 -7964.688|4744.836 -7927.149|4739.076 -7928.361|4733.372 -7929.773|4742.061 -7966.345
188 RIVER ROCK CR SE,4175.916 -9190.868|4174.071 -9191.124|4172.246 -9191.490|4170.450 -9191.969|4168.681 -9192.558|4166.857 -9193.136|4164.983 -9193.503|4163.047 -9223.715|4176.077 -9223.715
517 RIVERVIEW PL SE,3749.001 -9021.785|3744.541 -9019.583|3729.798 -9022.697|3723.528 -9026.766|3737.578 -9058.646|3739.410 -9057.968|3741.318 -9057.545|3743.262 -9057.367|3745.212 -9057.445
79 RIVER ROCK PL SE,4469.845 -9147.257|4470.977 -9142.164|4472.271 -9137.116|4440.520 -9128.365|4438.835 -9134.403|4437.283 -9140.463
145 RIVERVIEW CO SE,3215.970 -8128.578|3213.181 -8126.921|3211.797 -8125.987|3210.517 -8124.920|3209.364 -8123.708|3208.357 -8122.374|3162.863 -8147.470|3185.778 -8157.878
143 RIVERSIDE CL SE,3030.135 -8011.979|3023.529 -8000.571|2985.445 -8022.832|2992.051 -8034.229
264 RIVERSIDE ME SE,2963.369 -7653.520|2947.214 -7615.914|2946.788 -7616.259|2936.679 -7624.454|2936.386 -7624.687|2951.080 -7658.846
12 RIVERGLEN CR SE,4117.644 -8068.711|4112.317 -8057.747|4085.040 -8071.113|4090.360 -8082.076
199 RIVERBROOK WY SE,3429.753 -7670.088|3407.069 -7649.784|3398.442 -7659.469|3421.665 -7679.184
135 RIVERBEND DR SE,3428.991 -8114.167|3420.134 -8105.817|3398.009 -8129.512|3406.859 -8137.852
28 RIVERCROFT CL SE,4385.833 -7993.298|4417.353 -7988.295|4415.284 -7974.996|4383.345 -7979.599|4383.436 -7980.088
232 RIVERSTONE PL SE,4500.428 -8156.232|4475.081 -8137.885|4463.330 -8150.484|4495.164 -8165.284|4496.311 -8162.926|4497.576 -8160.625|4498.946 -8158.401
94 RIVERBEND DR SE,3478.036 -8249.180|3471.465 -8243.287|3468.354 -8240.351|3438.302 -8272.509|3450.899 -8278.235
67 RIVERVALLEY CR SE,3855.920 -8182.841|3855.871 -8170.643|3825.519 -8170.777|3825.568 -8182.975
168 RIVERBROOK RD SE,3545.012 -7668.031|3522.384 -7647.716|3515.071 -7655.922|3537.700 -7676.237
943 RIVERBEND DR SE,3670.316 -7754.963|3669.100 -7746.045|3633.931 -7751.438|3635.070 -7759.856
36 RIVERVIEW ME SE,3454.219 -8411.881|3450.235 -8408.934|3444.237 -8419.019|3437.184 -8430.884|3433.241 -8437.511|3456.540 -8469.302|3458.295 -8468.156|3460.168 -8467.222|3462.140 -8466.522|3464.174 -8466.055|3455.170 -8412.581
246 RIVERVIEW PA SE,3604.843 -8565.341|3604.780 -8552.498|3569.954 -8552.665|3570.010 -8565.508
192 RIVERWOOD CL SE,4256.433 -8680.394|4234.378 -8653.318|4230.407 -8656.420|4226.290 -8659.334|4245.639 -8688.411|4251.134 -8684.531
222 RIVERSTONE CV SE,4674.295 -8282.617|4672.764 -8281.549|4671.380 -8280.293|4670.164 -8278.869|4669.129 -8277.313|4628.703 -8300.808|4631.856 -8316.186|4632.304 -8318.366|4644.754 -8318.355|4652.653 -8318.355
24 RIVERWOOD CI SE,3993.178 -8709.071|3989.264 -8698.953|3955.772 -8711.740|3959.890 -8722.370
68 RIVERWOOD CI SE,4086.641 -8766.893|4073.184 -8734.613|4063.090 -8738.860|4076.540 -8771.140
140 RIVERBIRCH RD SE,3719.627 -7456.950|3711.539 -7449.411|3689.225 -7473.618|3697.320 -7481.146
83 RIVERSIDE WY SE,3270.202 -7268.485|3239.025 -7244.957|3238.605 -7245.435|3232.670 -7256.921|3262.184 -7279.193
137 RIVERSIDE CI SE,2909.445 -7579.053|2879.504 -7544.716|2870.186 -7555.780|2899.903 -7587.604|2902.105 -7585.736
27 RIVERSTONE CL SE,4757.894 -8113.567|4745.374 -8110.965|4738.328 -8145.168|4740.076 -8145.580|4750.792 -8148.071
9158 21 ST SE,4404.002 -8608.462|4370.881 -8603.814|4369.168 -8614.522|4402.023 -8620.482|4403.072 -8614.478
49 RIVERVIEW CL SE,3797.745 -8667.796|3783.674 -8633.259|3776.236 -8636.973|3768.973 -8641.009|3786.477 -8671.132
116 RIVERCREST CI SE,4355.152 -7713.132|4321.304 -7713.143|4321.311 -7721.683|4355.152 -7721.683
9565 21 ST SE,4136.909 -9038.953|4137.587 -9040.176|4138.489 -9041.266|4139.580 -9042.156|4140.810 -9042.834|4142.152 -9043.257|4143.550 -9043.434|4144.948 -9043.334|4146.312 -9042.979|4151.995 -9040.699|4137.881 -9007.274|4131.813 -9009.665|4125.627 -9011.722|4131.128 -9025.399
23 RIVERCREST CR SE,4679.056 -7842.807|4677.455 -7838.482|4676.036 -7834.101|4636.400 -7851.792|4630.919 -7858.463|4635.883 -7864.068|4641.783 -7859.442
53 RIVER ROCK RD SE,4434.158 -8910.601|4424.770 -8906.909|4412.376 -8939.256|4421.282 -8942.959
9536 21 ST SE,4257.817 -9028.245|4261.724 -9023.531|4265.513 -9018.727|4237.971 -8997.333|4234.692 -9001.492|4231.316 -9005.561
203 RIVERVIEW CI SE,3628.247 -9079.640|3626.276 -9065.729|3586.899 -9071.400|3588.877 -9085.310
92 RIVERCREST CR SE,4723.928 -7722.539|4714.819 -7721.883|4714.819 -7755.942|4723.935 -7756.598
94 RIVER ROCK CR SE,4413.578 -9114.510|4417.095 -9104.036|4384.121 -9092.672|4380.611 -9103.146
921 RIVERVIEW PL SE,4024.013 -9190.067|4022.482 -9191.124|4020.833 -9191.969|4019.085 -9192.614|4017.274 -9193.036|4022.217 -9223.715|4050.011 -9223.726
45 RIVER ROCK CO SE,4622.908 -8951.977|4622.908 -8941.580|4590.074 -8941.591|4590.074 -8951.977
155 RIVERSIDE CL SE,3052.512 -8043.125|3048.164 -8038.410|3044.060 -8033.473|3011.883 -8059.115|3023.242 -8071.813
304 RIVERBEND DR SE,3179.647 -7761.746|3175.859 -7749.481|3143.549 -7759.556|3147.344 -7771.820
112 RIVERBIRCH CR SE,3775.977 -7836.247|3772.671 -7805.946|3762.381 -7807.080|3765.687 -7837.381
15 RIVERBIRCH PL SE,3757.229 -7683.087|3755.928 -7673.502|3721.549 -7683.543|3723.905 -7692.038
228 RIVERGLEN PL SE,4203.647 -8141.833|4214.336 -8095.854|4202.019 -8104.138|4182.250 -8117.414|4181.292 -8118.059|4193.616 -8143.000|4196.014 -8142.055|4198.530 -8141.532|4201.103 -8141.466
25 RIVERGREEN CR SE,3565.738 -8145.324|3540.922 -8121.940|3537.986 -8127.466|3535.001 -8133.070|3559.510 -8156.188|3562.733 -8150.817
73 RIVERGLEN CL SE,4350.720 -8060.794|4348.162 -8061.283|4345.554 -8061.405|4342.961 -8061.138|4340.437 -8060.505|4340.081 -8090.038|4357.725 -8091.962|4358.941 -8091.339
136 RIVERCROFT CL SE,4556.750 -7940.759|4553.717 -7939.758|4550.641 -7938.924|4547.516 -7938.257|4544.363 -7937.757|4537.604 -7970.626|4542.091 -7971.549|4544.161 -7970.859|4546.300 -7970.426|4548.481 -7970.259|4550.662 -7970.359
336 RIVERGLEN DR SE,4091.562 -8409.590|4091.548 -8356.817|4077.616 -8360.153|4077.630 -8409.601
40 RIVERSIDE CR SE,3316.318 -7695.196|3276.242 -7673.391|3276.689 -7676.159|3277.046 -7678.895|3276.983 -7681.652|3276.500 -7684.366|3275.613 -7686.979|3317.122 -7709.607
47 RIVERBEND GA SE,3728.442 -8091.172|3728.309 -8060.694|3715.572 -8060.749|3715.705 -8091.228
83 RIVERBROOK RD SE,3500.343 -7828.674|3499.623 -7827.418|3499.014 -7826.095|3498.511 -7824.738|3498.120 -7823.337|3497.316 -7820.568|3472.926 -7836.981|3479.022 -7846.110
8 RIVERBROOK WY SE,3628.527 -7841.695|3628.499 -7834.056|3598.146 -7834.201|3598.174 -7841.829
165 RIVERVIEW PA SE,3477.498 -8637.929|3466.194 -8626.787|3441.867 -8651.428|3450.130 -8659.812|3463.482 -8649.137|3473.010 -8641.509
52 RIVERVIEW ME SE,3437.687 -8498.268|3407.775 -8480.332|3404.699 -8485.492|3401.218 -8491.352|3431.123 -8509.287
164 RIVERSTONE CR SE,4497.667 -8374.252|4496.094 -8373.018|4494.675 -8371.606|4493.417 -8370.049|4492.340 -8368.359|4459.786 -8386.784|4459.793 -8409.501|4473.060 -8409.501
40 RIVERSTONE CR SE,4803.521 -8154.564|4790.673 -8153.508|4784.095 -8185.621|4788.967 -8186.255|4790.987 -8186.433|4793.008 -8186.488|4795.028 -8186.388|4797.041 -8186.166
96 RIVERWOOD CI SE,4144.599 -8697.974|4137.930 -8683.130|4108.011 -8696.651|4109.584 -8698.519|4110.884 -8700.598|4111.897 -8702.833|4112.590 -8705.179
7 RIVERBIRCH CO SE,3726.932 -7537.555|3735.188 -7528.615|3711.084 -7506.209|3702.836 -7515.149
75 RIVERSIDE RD SE,3431.920 -7343.753|3425.516 -7342.174|3419.064 -7340.829|3412.969 -7373.231|3423.496 -7375.633
15 RIVERSIDE RD SE,3263.393 -7371.552|3261.953 -7370.307|3260.660 -7368.906|3259.521 -7367.382|3258.542 -7365.748|3257.137 -7363.346|3255.515 -7361.089|3233.908 -7385.351|3240.255 -7391.044|3245.015 -7395.325
152 RIVERSIDE CI SE,2970.143 -7578.052|2960.098 -7560.016|2954.680 -7563.463|2949.339 -7567.010|2967.458 -7599.502|2968.367 -7598.768|2977.539 -7591.329
159 RIVERSTONE CL SE,4724.305 -8075.838|4690.569 -8068.844|4687.521 -8083.678|4714.295 -8089.226|4715.805 -8089.426|4717.329 -8089.304|4718.790 -8088.870|4720.125 -8088.137|4721.278 -8087.136|4722.194 -8085.913|4722.837 -8084.534|4723.180 -8083.044
392 RIVER ROCK CI SE,4449.489 -8534.707|4449.132 -8531.004|4448.489 -8524.566|4413.837 -8528.068|4414.487 -8534.517|4414.746 -8537.264
112 RIVERVIEW CL SE,3608.842 -8747.434|3586.535 -8719.290|3576.532 -8727.285|3598.838 -8755.428
145 RIVERCREST CI SE,4402.925 -7779.815|4372.516 -7779.804|4372.887 -7781.672|4373.062 -7783.563|4373.027 -7785.464|4372.796 -7787.354|4402.925 -7792.714
176 RIVERVIEW CL SE,3600.866 -8918.407|3598.286 -8917.406|3595.888 -8916.027|3593.596 -8914.159|3591.638 -8911.946|3559.384 -8936.142|3566.403 -8959.382
32 RIVERVIEW GD SE,3688.568 -8778.802|3680.229 -8768.283|3675.852 -8782.004|3667.834 -8782.682|3672.630 -8820.555|3674.664 -8820.444|3676.698 -8820.600|3678.691 -8821.033|3680.599 -8821.745|3695.691 -8787.786
163 RIVERCREST CL SE,4444.211 -7767.606|4444.609 -7764.804|4444.742 -7761.980|4444.742 -7757.810|4411.887 -7757.821|4411.887 -7767.617
26 RIVER ROCK WY SE,4388.560 -8731.866|4380.157 -8728.208|4365.302 -8762.656|4373.887 -8765.881
155 RIVER ROCK CR SE,4299.760 -9140.819|4288.757 -9140.530|4288.736 -9175.534|4299.739 -9175.545
214 RIVERVIEW PL SE,3943.245 -8878.810|3949.348 -8834.366|3945.881 -8835.822|3926.398 -8844.017|3934.689 -8880.178|3936.730 -8879.355|3938.862 -8878.855|3941.050 -8878.666
192 RIVER ROCK CR SE,4164.983 -9193.503|4163.368 -9193.670|4161.747 -9193.681|4160.132 -9193.536|4158.538 -9193.258|4156.972 -9192.836|4155.455 -9192.269|4153.994 -9191.568|4152.603 -9190.734|4131.205 -9223.715|4163.047 -9223.715
521 RIVERVIEW PL SE,3773.069 -9033.683|3749.001 -9021.785|3745.212 -9057.445|3747.218 -9057.812|3749.162 -9058.435|3750.993 -9059.324|3752.692 -9060.447
83 RIVER ROCK PL SE,4468.062 -9157.520|4468.873 -9152.372|4469.845 -9147.257|4437.283 -9140.463|4435.857 -9146.590|4434.578 -9152.739
163 RIVERSIDE CL SE,3071.687 -8059.248|3066.486 -8055.501|3061.480 -8051.487|3034.204 -8084.067|3041.767 -8092.529|3047.444 -8095.109
312 RIVERBEND DR SE,3175.859 -7749.481|3171.881 -7736.649|3139.578 -7746.724|3143.549 -7759.556
116 RIVERBIRCH CR SE,3765.687 -7837.381|3762.381 -7807.080|3749.127 -7808.537|3752.433 -7838.838
19 RIVERBIRCH PL SE,3755.928 -7673.502|3754.642 -7664.506|3719.172 -7675.659|3721.549 -7683.543
119 RIVERGLEN PL SE,4111.038 -8199.209|4126.179 -8154.031|4097.015 -8168.319|4103.257 -8198.720|4105.208 -8198.453|4107.179 -8198.442|4109.136 -8198.698
21 RIVERGREEN CR SE,3559.510 -8156.188|3535.001 -8133.070|3529.731 -8140.287|3528.850 -8141.499|3527.773 -8142.978|3552.575 -8166.373|3556.141 -8161.347
77 RIVERGLEN CL SE,4380.129 -8080.575|4357.473 -8057.291|4355.935 -8058.436|4354.285 -8059.404|4352.545 -8060.193|4350.720 -8060.794|4358.941 -8091.339
132 RIVERCROFT CL SE,4574.975 -7951.178|4572.912 -7949.532|4570.780 -7947.986|4568.578 -7946.530|4566.320 -7945.162|4564.000 -7943.906|4561.630 -7942.749|4559.211 -7941.693|4556.750 -7940.759|4550.662 -7970.359|4552.920 -7970.748|4555.101 -7971.415|4557.184 -7972.360|4559.127 -7973.572
332 RIVERGLEN DR SE,4104.900 -8409.590|4104.886 -8353.303|4100.915 -8354.371|4091.548 -8356.817|4091.562 -8409.590
44 RIVERSIDE CR SE,3315.521 -7680.830|3277.661 -7660.247|3277.465 -7660.848|3276.661 -7663.917|3276.186 -7667.053|3276.046 -7670.222|3276.242 -7673.391|3316.318 -7695.196
8 RIVERVALLEY CR SE,3726.331 -8130.658|3726.198 -8100.179|3712.860 -8100.235|3713.000 -8130.713
79 RIVERBROOK RD SE,3505.404 -7833.989|3503.943 -7832.866|3502.600 -7831.599|3501.391 -7830.198|3500.343 -7828.674|3479.022 -7846.110|3485.439 -7855.728
12 RIVERBROOK WY SE,3628.583 -7853.171|3628.527 -7841.695|3598.174 -7841.829|3598.230 -7853.304
68 RIVERVIEW ME SE,3420.938 -8543.213|3419.749 -8541.512|3418.764 -8539.688|3417.995 -8537.764|3417.449 -8535.752|3370.369 -8543.224|3378.198 -8549.729|3387.593 -8557.535|3392.605 -8561.694
160 RIVERSTONE CR SE,4505.776 -8409.479|4505.762 -8377.377|4503.609 -8376.977|4501.526 -8376.320|4499.526 -8375.409|4497.667 -8374.252|4473.060 -8409.501
36 RIVERSTONE CR SE,4787.681 -8153.252|4777.838 -8152.441|4771.393 -8183.875|4784.095 -8185.621|4790.673 -8153.508
84 RIVERWOOD CI SE,4143.627 -8742.719|4109.870 -8719.335|4108.717 -8720.847|4107.410 -8722.226|4105.963 -8723.449|4104.397 -8724.527|4121.174 -8752.371|4126.647 -8750.080
43 RIVERBIRCH CO SE,3648.023 -7512.947|3639.257 -7504.797|3617.636 -7528.237|3626.542 -7536.232
79 RIVERSIDE RD SE,3444.531 -7347.612|3438.260 -7345.566|3431.920 -7343.753|3423.496 -7375.633|3433.828 -7378.791
148 RIVERSIDE CI SE,2967.458 -7599.502|2949.339 -7567.010|2944.054 -7570.691|2938.846 -7574.472|2957.357 -7607.686|2957.546 -7607.541
396 RIVER ROCK CI SE,4450.271 -8545.315|4449.489 -8534.707|4414.746 -8537.264|4415.445 -8546.349
116 RIVERVIEW CL SE,3598.838 -8755.428|3576.532 -8727.285|3566.060 -8735.658|3588.367 -8763.801
141 RIVERCREST CI SE,4402.925 -7770.619|4370.238 -7770.608|4370.496 -7772.488|4370.867 -7774.345|4371.349 -7776.168|4371.950 -7777.969|4372.516 -7779.804|4402.925 -7779.815
36 RIVERVIEW GD SE,3697.278 -8789.788|3695.691 -8787.786|3680.599 -8821.745|3682.326 -8822.657|3683.919 -8823.791|3685.353 -8825.114|3686.597 -8826.627|3711.874 -8808.202|3705.981 -8800.774
159 RIVERCREST CL SE,4444.742 -7757.810|4444.742 -7748.025|4411.887 -7748.025|4411.887 -7757.821
30 RIVER ROCK WY SE,4396.962 -8735.513|4388.560 -8731.866|4373.887 -8765.881|4382.471 -8769.105
159 RIVER ROCK CR SE,4288.757 -9140.530|4277.754 -9140.241|4277.740 -9175.534|4288.736 -9175.534
218 RIVERVIEW PL SE,3934.689 -8880.178|3926.398 -8844.017|3912.844 -8849.711|3912.375 -8850.122|3901.330 -8859.885|3896.877 -8863.810|3928.810 -8885.315|3930.012 -8883.747|3931.410 -8882.357|3932.976 -8881.157
2435 RIVERSTONE RD SE,4779.600 -7924.369|4774.609 -7924.358|4768.142 -7924.491|4770.114 -7961.630|4775.329 -7960.752|4779.572 -7960.040
196 RIVER ROCK CR SE,4152.603 -9190.734|4150.883 -9189.444|4149.331 -9187.966|4147.968 -9186.309|4146.815 -9184.496|4112.729 -9214.797|4115.050 -9223.681|4131.205 -9223.715
87 RIVER ROCK PL SE,4466.923 -9167.884|4467.412 -9162.691|4468.062 -9157.520|4434.578 -9152.739|4433.424 -9158.944|4432.418 -9165.171
179 RIVERSIDE CL SE,3118.746 -8079.563|3118.320 -8079.308|3112.043 -8077.629|3105.828 -8075.716|3090.491 -8114.634|3104.045 -8120.772
12 RIVERSIDE CR SE,3222.394 -7736.516|3212.992 -7696.275|3200.556 -7696.653|3210.021 -7737.116
120 RIVERBIRCH CR SE,3752.433 -7838.838|3749.127 -7808.537|3737.648 -7809.805|3737.781 -7840.450
23 RIVERBIRCH PL SE,3754.642 -7664.506|3753.188 -7654.843|3716.460 -7667.275|3719.172 -7675.659
123 RIVERGLEN PL SE,4103.257 -8198.720|4097.015 -8168.319|4075.414 -8178.905|4096.281 -8202.245|4097.833 -8201.022|4099.531 -8200.021|4101.349 -8199.243
17 RIVERGREEN CR SE,3552.575 -8166.373|3527.773 -8142.978|3520.538 -8152.885|3544.963 -8175.914|3548.863 -8171.210
81 RIVERGLEN CL SE,4394.201 -8057.591|4363.254 -8048.496|4362.611 -8050.308|4361.786 -8052.043|4360.779 -8053.677|4359.605 -8055.201|4382.925 -8079.152|4394.970 -8073.036|4394.879 -8070.557
128 RIVERCROFT CL SE,4589.242 -7968.524|4587.830 -7966.078|4586.299 -7963.698|4584.663 -7961.397|4582.923 -7959.184|4581.077 -7957.038|4579.134 -7954.992|4577.100 -7953.035|4574.975 -7951.178|4559.127 -7973.572|4560.875 -7974.985|4562.434 -7976.619|4563.769 -7978.421|4564.873 -7980.378
394 RIVERGLEN DR SE,3927.013 -8409.657|3927.006 -8374.819|3925.902 -8374.819|3923.308 -8375.064|3920.799 -8375.753|3918.443 -8376.876|3916.318 -8378.378|3914.486 -8380.235|3913.004 -8382.381|3911.921 -8384.749|3911.257 -8387.273|3907.650 -8408.378|3907.650 -8409.668
48 RIVERSIDE CR SE,3310.167 -7664.161|3283.645 -7646.793|3281.897 -7650.029|3280.310 -7653.364|3278.898 -7656.767|3277.661 -7660.247|3315.521 -7680.830|3314.962 -7670.855|3308.985 -7665.485
12 RIVERVALLEY CR SE,3738.473 -8130.602|3738.333 -8100.123|3726.198 -8100.179|3726.331 -8130.658
71 RIVERBROOK RD SE,3517.994 -7836.969|3516.036 -7837.136|3514.072 -7837.081|3512.122 -7836.814|3510.220 -7836.336|3493.191 -7867.359|3511.318 -7865.358
16 RIVERBROOK WY SE,3628.632 -7864.646|3628.583 -7853.171|3598.230 -7853.304|3598.279 -7864.768
64 RIVERVIEW ME SE,3417.561 -8527.824|3385.335 -8518.061|3378.967 -8528.769|3370.369 -8543.224|3417.449 -8535.752|3417.149 -8533.784|3417.065 -8531.782|3417.205 -8529.792
80 RIVERVIEW ME SE,3450.053 -8564.040|3449.941 -8563.940|3440.665 -8556.234|3418.463 -8583.176|3420.791 -8585.111|3427.096 -8590.649|3427.691 -8591.182
156 RIVERSTONE CR SE,4522.742 -8409.479|4522.728 -8374.564|4520.547 -8374.786|4518.394 -8375.164|4516.262 -8375.698|4514.185 -8376.387|4511.515 -8377.154|4508.754 -8377.499|4508.761 -8409.479
32 RIVERSTONE CR SE,4775.441 -8152.240|4764.990 -8151.384|4758.733 -8181.963|4771.393 -8183.875|4777.838 -8152.441
88 RIVERWOOD CI SE,4155.169 -8721.481|4112.666 -8712.730|4112.219 -8714.486|4111.604 -8716.177|4110.814 -8717.800|4109.870 -8719.335|4143.627 -8742.719|4161.103 -8734.679
47 RIVERBIRCH CO SE,3606.367 -7518.107|3615.413 -7526.235|3637.062 -7502.762|3628.149 -7494.467
83 RIVERSIDE RD SE,3456.841 -7352.382|3450.724 -7349.880|3444.531 -7347.612|3433.828 -7378.791|3443.894 -7382.694
160 RIVERSIDE CI SE,3002.453 -7560.228|3000.558 -7559.471|2998.783 -7558.460|2997.161 -7557.225|2995.728 -7555.769|2970.143 -7578.052|2977.539 -7591.329|2984.508 -7591.585|2992.394 -7591.863
200 RIVERGLEN DR SE,4670.451 -8122.285|4636.337 -8115.213|4633.876 -8127.199|4667.983 -8134.271
398 RIVER ROCK CI SE,4415.445 -8546.349|4415.753 -8552.264|4415.948 -8558.180|4443.078 -8558.169|4444.574 -8558.024|4446.007 -8557.568|4447.329 -8556.834|4448.468 -8555.856|4449.391 -8554.666|4450.062 -8553.309|4450.446 -8551.853|4450.530 -8550.352|4450.271 -8545.315
120 RIVERVIEW CL SE,3588.367 -8763.801|3566.060 -8735.658|3555.595 -8744.020|3577.895 -8772.174
137 RIVERCREST CI SE,4402.925 -7761.424|4370.084 -7761.413|4370.084 -7767.539|4370.238 -7770.608|4402.925 -7770.619
192 RIVERVIEW CL SE,3644.591 -8944.060|3635.413 -8907.343|3626.912 -8909.989|3624.780 -8910.757|3622.704 -8911.691|3631.847 -8948.329|3632.414 -8948.140
40 RIVERVIEW GD SE,3714.936 -8812.071|3711.874 -8808.202|3686.597 -8826.627|3687.862 -8828.706|3688.771 -8830.963|3689.302 -8833.343|3689.442 -8835.778|3689.435 -8836.467|3722.074 -8826.538
155 RIVERCREST CL SE,4444.742 -7738.228|4411.887 -7738.228|4411.887 -7748.025|4444.742 -7748.025
34 RIVER ROCK WY SE,4405.358 -8739.172|4396.962 -8735.513|4382.471 -8769.105|4391.062 -8772.330
163 RIVER ROCK CR SE,4277.754 -9140.241|4266.757 -9139.941|4266.737 -9175.523|4277.740 -9175.534
222 RIVERVIEW PL SE,3928.810 -8885.315|3896.877 -8863.810|3890.712 -8869.259|3880.527 -8878.243|3884.819 -8891.175|3926.300 -8893.010|3926.524 -8890.975|3927.027 -8888.996|3927.796 -8887.094
2439 RIVERSTONE RD SE,4789.953 -7924.380|4779.600 -7924.369|4779.572 -7960.040|4789.925 -7958.294
200 RIVER ROCK CR SE,4146.815 -9184.496|4145.927 -9182.673|4145.249 -9180.760|4144.795 -9178.781|4144.557 -9176.768|4107.053 -9192.647|4112.729 -9214.797
529 RIVERVIEW PL SE,3790.119 -9054.154|3757.529 -9066.908|3758.116 -9068.776|3758.452 -9070.711|3758.543 -9072.656|3758.375 -9074.613|3796.298 -9080.429
91 RIVER ROCK PL SE,4466.433 -9178.292|4466.594 -9173.088|4466.923 -9167.884|4432.418 -9165.171|4431.537 -9171.453|4430.803 -9177.758
147 RIVERSIDE CL SE,3036.944 -8023.477|3034.029 -8018.695|3030.135 -8011.979|2992.051 -8034.229|2996.504 -8041.924|3000.873 -8046.805
52 RIVERBIRCH CR SE,3824.456 -7925.848|3824.512 -7939.347|3847.399 -7939.247|3848.860 -7939.091|3850.258 -7938.657|3851.544 -7937.957|3852.677 -7937.023|3853.599 -7935.877|3854.277 -7934.588|3854.697 -7933.175|3854.830 -7931.719|3854.809 -7925.714
27 RIVERBIRCH PL SE,3753.188 -7654.843|3751.818 -7646.181|3713.888 -7659.858|3716.460 -7667.275
127 RIVERGLEN PL SE,4096.281 -8202.245|4075.414 -8178.905|4055.827 -8188.501|4058.350 -8197.964|4092.038 -8208.828|4092.765 -8206.982|4093.722 -8205.258|4094.904 -8203.668
13 RIVERGREEN CR SE,3544.963 -8175.914|3520.538 -8152.885|3516.679 -8158.178|3512.807 -8162.326|3536.749 -8184.887|3540.622 -8180.751
85 RIVERGLEN CL SE,4393.488 -8048.084|4392.320 -8036.042|4363.485 -8039.233|4363.876 -8041.535|4363.974 -8043.881|4363.764 -8046.205|4363.254 -8048.496|4394.201 -8057.591
148 RIVERCROFT CL SE,4518.345 -7935.544|4504.259 -7934.843|4503.147 -7965.288|4507.244 -7965.455|4510.851 -7965.700|4514.451 -7966.078
356 RIVERGLEN DR SE,4049.773 -8409.612|4049.759 -8365.757|4034.072 -8368.303|4018.316 -8370.427|4018.323 -8409.623
33 RIVERSIDE CR SE,3260.255 -7668.765|3228.867 -7661.737|3228.224 -7666.485|3227.770 -7671.256|3227.518 -7676.037|3227.462 -7680.830|3252.432 -7680.073|3253.753 -7679.918|3255.033 -7679.517|3256.214 -7678.906|3257.277 -7678.083|3258.171 -7677.093|3258.871 -7675.959|3259.360 -7674.714|3259.625 -7673.402
16 RIVERVALLEY CR SE,3751.804 -8130.546|3751.671 -8100.068|3738.333 -8100.123|3738.473 -8130.602
59 RIVERBROOK WY SE,3571.757 -7898.427|3568.451 -7868.126|3557.168 -7869.361|3560.475 -7899.661
20 RIVERBROOK WY SE,3628.681 -7876.032|3628.632 -7864.646|3598.279 -7864.768|3598.328 -7876.166
60 RIVERVIEW ME SE,3423.755 -8518.027|3393.773 -8503.872|3391.892 -8507.030|3385.335 -8518.061|3417.561 -8527.824|3417.967 -8526.411|3418.484 -8525.021|3419.113 -8523.687|3419.854 -8522.408|3420.686 -8521.196|3421.623 -8520.062|3422.650 -8518.995
72 RIVERVIEW ME SE,3429.788 -8549.295|3429.075 -8549.028|3426.747 -8548.028|3424.594 -8546.704|3422.636 -8545.092|3420.938 -8543.213|3392.605 -8561.694|3397.443 -8565.719|3406.838 -8573.514|3408.607 -8574.992
152 RIVERSTONE CR SE,4535.409 -8409.468|4534.919 -8374.508|4524.573 -8374.508|4522.728 -8374.564|4522.742 -8409.479
28 RIVERSTONE CR SE,4762.662 -8150.839|4752.533 -8148.482|4746.101 -8179.884|4758.733 -8181.963|4764.990 -8151.384
92 RIVERWOOD CI SE,4155.169 -8721.481|4144.599 -8697.974|4112.590 -8705.179|4112.911 -8707.048|4113.030 -8708.949|4112.953 -8710.850|4112.666 -8712.730
51 RIVERBIRCH CO SE,3628.149 -7494.467|3619.237 -7486.183|3597.321 -7509.979|3606.367 -7518.107
87 RIVERSIDE RD SE,3468.760 -7358.031|3462.846 -7355.095|3456.841 -7352.382|3443.894 -7382.694|3453.660 -7387.319
164 RIVERSIDE CI SE,3010.506 -7560.528|3008.500 -7560.861|3006.458 -7560.928|3004.431 -7560.717|3002.453 -7560.228|2992.394 -7591.863|3009.989 -7592.496|3018.265 -7592.797
7 RIVERSTONE CL SE,4696.448 -8100.835|4684.508 -8098.355|4677.791 -8131.069|4689.660 -8133.827
124 RIVERVIEW CL SE,3577.895 -8772.174|3555.595 -8744.020|3545.592 -8752.026|3567.822 -8780.069|3569.996 -8778.490
153 RIVERCREST CI SE,4402.925 -7809.771|4370.972 -7792.681|4369.469 -7795.060|4367.602 -7797.173|4399.143 -7830.009|4402.925 -7829.775
188 RIVERVIEW CL SE,3631.847 -8948.329|3622.704 -8911.691|3619.873 -8913.303|3617.237 -8915.204|3615.853 -8916.227|3614.371 -8917.106|3612.819 -8917.840|3611.205 -8918.418|3619.677 -8952.410
44 RIVERVIEW GD SE,3726.610 -8835.733|3722.074 -8826.538|3689.435 -8836.467|3689.512 -8838.669|3689.757 -8840.871|3690.155 -8843.039|3690.714 -8845.174|3692.259 -8850.278|3727.736 -8839.481
151 RIVERCREST CL SE,4444.742 -7729.033|4411.887 -7729.033|4411.887 -7738.228|4444.742 -7738.228
188 RIVERCREST CL SE,4470.607 -7746.212|4459.660 -7745.501|4459.667 -7771.420|4459.800 -7772.843|4460.205 -7774.222|4460.862 -7775.490|4461.750 -7776.613|4462.833 -7777.547|4464.078 -7778.259|4465.434 -7778.714|4466.853 -7778.915|4470.607 -7779.059
38 RIVER ROCK WY SE,4413.760 -8742.819|4405.358 -8739.172|4391.062 -8772.330|4399.646 -8775.544
167 RIVER ROCK CR SE,4266.757 -9139.941|4251.784 -9139.551|4253.098 -9153.973|4254.063 -9168.440|4254.266 -9169.841|4254.734 -9171.175|4255.447 -9172.398|4256.377 -9173.466|4257.488 -9174.344|4258.746 -9174.989|4260.103 -9175.389|4261.515 -9175.523|4266.737 -9175.523
226 RIVERVIEW PL SE,3892.963 -8915.849|3894.102 -8915.505|3921.868 -8907.232|3923.224 -8906.676|3924.448 -8905.875|3925.489 -8904.841|3926.307 -8903.618|3926.880 -8902.272|3927.174 -8900.827|3927.181 -8899.359|3926.901 -8897.925|3926.398 -8895.490|3926.300 -8893.010|3884.819 -8891.175|3891.858 -8912.525|3892.487 -8914.426
2443 RIVERSTONE RD SE,4800.299 -7924.391|4789.953 -7924.380|4789.925 -7958.294|4798.712 -7956.815|4800.271 -7956.882
204 RIVER ROCK CR SE,4144.557 -9176.768|4144.536 -9175.200|4144.648 -9173.644|4144.893 -9172.098|4145.263 -9170.586|4146.060 -9167.172|4102.901 -9175.790|4107.053 -9192.647
533 RIVERVIEW PL SE,3797.983 -9087.579|3796.298 -9080.429|3758.375 -9074.613|3757.809 -9077.004|3756.858 -9079.273|3754.446 -9083.943|3788.637 -9101.823
95 RIVER ROCK PL SE,4465.175 -9189.267|4465.734 -9187.621|4466.126 -9185.920|4466.364 -9184.196|4466.426 -9182.450|4466.433 -9178.292|4430.803 -9177.758|4429.859 -9188.733
123 RIVERSIDE CL SE,2996.504 -7953.924|2991.303 -7944.940|2989.632 -7942.038|2951.436 -7964.110|2958.427 -7976.174
540 RIVERBEND DR SE,3172.818 -7620.195|3140.871 -7609.009|3138.599 -7615.903|3136.565 -7622.875|3169.197 -7631.870|3170.909 -7625.999
56 RIVERBIRCH CR SE,3854.809 -7925.714|3854.753 -7913.527|3824.400 -7913.661|3824.456 -7925.848
8 RIVERBIRCH PL SE,3805.505 -7690.959|3804.491 -7682.775|3772.768 -7686.845|3773.712 -7694.451
131 RIVERGLEN PL SE,4092.038 -8208.828|4058.350 -8197.964|4064.614 -8221.459|4091.681 -8216.656|4091.380 -8214.699|4091.338 -8212.719|4091.562 -8210.751
91 RIVERBEND DR SE,3543.348 -8221.937|3532.317 -8211.552|3516.134 -8228.876|3515.169 -8230.133|3514.470 -8231.567|3514.072 -8233.101|3513.988 -8234.691|3514.212 -8236.270|3514.743 -8237.760|3515.561 -8239.128|3516.630 -8240.307|3521.831 -8244.977
89 RIVERGLEN CL SE,4392.153 -8034.518|4390.713 -8022.943|4359.165 -8027.291|4359.766 -8031.827|4361.010 -8033.507|4362.052 -8035.308|4362.884 -8037.232|4363.485 -8039.233|4392.320 -8036.042
144 RIVERCROFT CL SE,4532.214 -7936.556|4518.345 -7935.544|4514.451 -7966.078|4517.716 -7966.567|4520.966 -7967.179|4525.720 -7968.157
340 RIVERGLEN DR SE,4077.630 -8409.601|4077.616 -8360.153|4063.691 -8363.133|4063.698 -8409.601
37 RIVERSIDE CR SE,3262.575 -7658.479|3231.957 -7647.771|3231.020 -7651.218|3230.196 -7654.699|3229.483 -7658.213|3228.867 -7661.737|3260.255 -7668.765|3261.261 -7663.583
20 RIVERVALLEY CR SE,3764.541 -8130.491|3764.408 -8100.012|3751.671 -8100.068|3751.804 -8130.546
63 RIVERBROOK WY SE,3560.475 -7899.661|3557.168 -7869.361|3545.893 -7870.606|3549.199 -7900.907
24 RIVERBROOK WY SE,3628.730 -7887.430|3628.681 -7876.032|3598.328 -7876.166|3598.377 -7887.552
102 RIVERVIEW PA SE,3312.124 -8538.687|3281.324 -8529.225|3280.275 -8530.981|3260.408 -8564.384|3307.363 -8548.862|3307.930 -8546.071|3308.929 -8543.391|3310.341 -8540.911
9149 21 ST SE,4314.635 -8546.048|4315.859 -8558.224|4342.611 -8558.213|4344.163 -8558.046|4345.645 -8557.568|4346.987 -8556.790|4348.148 -8555.745|4349.063 -8554.477|4349.700 -8553.054|4350.028 -8551.530|4350.035 -8549.974|4349.637 -8546.037
131 RIVERSTONE CV SE,4632.304 -8318.366|4631.856 -8316.186|4602.895 -8339.559|4603.754 -8341.316|4604.384 -8343.173|4604.768 -8345.097|4604.894 -8347.054|4636.659 -8339.615
24 RIVERSTONE CR SE,4750.792 -8148.071|4740.076 -8145.580|4733.505 -8177.637|4746.101 -8179.884|4752.533 -8148.482
251 RIVERWOOD CI SE,3999.211 -8536.463|3997.960 -8526.545|3962.909 -8526.545|3964.706 -8541.134
55 RIVERBIRCH CO SE,3619.237 -7486.183|3610.324 -7477.899|3588.269 -7501.850|3597.321 -7509.979
91 RIVERSIDE RD SE,3480.238 -7364.547|3478.434 -7363.457|3468.760 -7358.031|3453.660 -7387.319|3463.055 -7392.657
159 RIVERSIDE ME SE,3078.348 -7579.898|3046.409 -7569.034|3040.250 -7579.475|3036.014 -7586.659|3078.621 -7590.261|3077.866 -7587.726|3077.565 -7585.102|3077.726 -7582.467
315 RIVER ROCK CI SE,4578.211 -8517.393|4578.204 -8482.423|4569.550 -8482.423|4569.550 -8517.393
128 RIVERVIEW CL SE,3567.822 -8780.069|3545.592 -8752.026|3535.589 -8760.021|3556.057 -8785.851|3558.301 -8784.517|3560.705 -8783.516|3562.572 -8782.838|3564.382 -8782.037|3566.137 -8781.114
196 RIVERVIEW CL SE,3657.307 -8939.790|3648.282 -8903.618|3635.413 -8907.343|3644.591 -8944.060|3656.754 -8939.979
48 RIVERVIEW GD SE,3731.616 -8852.346|3727.736 -8839.481|3692.259 -8850.278|3696.146 -8863.143
147 RIVERCREST CL SE,4444.735 -7719.837|4411.887 -7719.837|4411.887 -7729.033|4444.742 -7729.033|4444.742 -7720.293
42 RIVER ROCK WY SE,4422.177 -8746.433|4416.920 -8744.198|4413.760 -8742.819|4399.646 -8775.544|4408.231 -8778.768
101 RIVERVIEW PL SE,3972.535 -9023.886|3972.354 -9022.463|3971.906 -9021.084|3971.207 -9019.828|3970.277 -9018.727|3969.152 -9017.826|3967.880 -9017.159|3966.503 -9016.748|3965.069 -9016.603|3957.827 -9016.603|3956.352 -9051.485|3973.318 -9051.574
2447 RIVERSTONE RD SE,4810.652 -7924.391|4800.299 -7924.391|4800.271 -7956.882|4800.669 -7956.893|4810.624 -7957.271
537 RIVERVIEW PL SE,3788.637 -9101.823|3754.446 -9083.943|3750.755 -9091.104|3750.245 -9092.371|3749.966 -9093.717|3749.938 -9095.084|3750.154 -9096.441|3750.616 -9097.731|3751.301 -9098.910|3752.195 -9099.955|3753.258 -9100.811|3776.781 -9116.623|3777.277 -9116.957|3778.270 -9117.624|3780.185 -9114.699
99 RIVER ROCK PL SE,4461.575 -9199.841|4461.666 -9197.851|4462.050 -9195.905|4462.722 -9194.026|4463.651 -9192.269|4464.483 -9190.801|4465.175 -9189.267|4429.859 -9188.733|4429.538 -9194.715|4429.342 -9200.686
119 RIVERSIDE CL SE,2989.632 -7942.038|2983.264 -7930.685|2944.516 -7952.156|2951.436 -7964.110
60 RIVERBIRCH CR SE,3854.753 -7913.527|3854.697 -7900.139|3824.344 -7900.273|3824.400 -7913.661
12 RIVERBIRCH PL SE,3804.491 -7682.775|3803.450 -7674.781|3771.748 -7679.039|3772.768 -7686.845
27 RIVERGLEN RD SE,4122.048 -8283.940|4115.665 -8254.139|4103.837 -8256.608|4109.779 -8286.497
48 RIVERGREEN CR SE,3628.401 -8091.617|3628.890 -8086.269|3629.240 -8080.909|3629.450 -8075.549|3629.527 -8070.179|3600.390 -8083.945|3600.936 -8086.658|3601.054 -8089.426|3600.754 -8092.173|3600.034 -8094.853|3627.478 -8099.145
93 RIVERGLEN CL SE,4390.608 -8022.165|4388.832 -8010.300|4357.403 -8015.460|4359.165 -8027.291|4390.713 -8022.943
117 RIVERGLEN DR SE,4488.048 -7895.002|4475.549 -7895.013|4475.892 -7925.492|4487.789 -7925.481
324 RIVERGLEN DR SE,4131.569 -8409.579|4131.548 -8346.120|4118.217 -8349.712|4118.231 -8409.579
41 RIVERSIDE CR SE,3266.169 -7648.416|3236.599 -7634.617|3234.082 -7641.122|3231.957 -7647.771|3262.575 -7658.479|3264.218 -7653.398
24 RIVERVALLEY CR SE,3777.277 -8130.435|3777.144 -8099.957|3764.408 -8100.012|3764.541 -8130.491
67 RIVERBROOK WY SE,3549.199 -7900.907|3545.893 -7870.606|3534.617 -7871.851|3537.923 -7902.152
28 RIVERBROOK WY SE,3628.779 -7898.816|3628.730 -7887.430|3598.377 -7887.552|3598.426 -7898.950
10 RIVERVIEW PA SE,3503.894 -8319.011|3493.597 -8314.340|3491.975 -8313.607|3462.091 -8354.415|3462.734 -8354.904|3472.388 -8362.043
8 RIVERWOOD CL SE,4270.728 -8547.016|4271.182 -8551.497|4271.441 -8552.842|4271.944 -8554.121|4272.671 -8555.289|4273.601 -8556.301|4274.699 -8557.123|4275.922 -8557.735|4277.243 -8558.113|4278.613 -8558.235|4306.862 -8558.224|4305.380 -8543.502
127 RIVERSTONE CV SE,4628.703 -8300.808|4619.182 -8288.465|4597.428 -8334.066|4599.057 -8335.167|4600.525 -8336.457|4601.811 -8337.925|4602.895 -8339.559|4631.856 -8316.186
20 RIVERSTONE CR SE,4738.328 -8145.168|4727.619 -8142.678|4720.943 -8175.224|4733.505 -8177.637|4740.076 -8145.580
255 RIVERWOOD CI SE,4000.749 -8547.227|3999.211 -8536.463|3964.706 -8541.134|3966.321 -8552.475
36 RIVERBIRCH CO SE,3690.714 -7487.261|3681.878 -7479.044|3659.558 -7503.240|3668.394 -7511.457
95 RIVERSIDE RD SE,3491.213 -7371.874|3485.795 -7368.105|3480.238 -7364.547|3463.055 -7392.657|3472.045 -7398.650
163 RIVERSIDE ME SE,3078.621 -7590.261|3036.014 -7586.659|3032.099 -7593.297|3033.560 -7599.946|3081.851 -7604.016|3081.676 -7600.691|3081.138 -7597.411|3080.236 -7594.198|3078.985 -7591.118
139 RIVERSTONE CL SE,4731.442 -8012.657|4701.607 -8003.395|4701.181 -8010.934|4700.412 -8018.440|4731.449 -8024.889|4730.981 -8021.431|4730.694 -8019.229|4730.674 -8017.016|4730.925 -8014.815
319 RIVER ROCK CI SE,4569.550 -8517.393|4569.550 -8482.423|4561.490 -8482.434|4561.490 -8517.405
132 RIVERVIEW CL SE,3556.057 -8785.851|3535.589 -8760.021|3509.654 -8780.748|3549.395 -8794.647|3550.527 -8792.078|3552.037 -8789.721|3553.897 -8787.631
200 RIVERVIEW CL SE,3669.631 -8936.343|3660.641 -8900.327|3648.282 -8903.618|3657.307 -8939.790|3669.051 -8936.509
52 RIVERVIEW GD SE,3737.299 -8871.182|3731.616 -8852.346|3696.146 -8863.143|3698.278 -8870.204|3698.774 -8871.449|3699.494 -8872.583|3700.396 -8873.573|3701.466 -8874.385|3702.668 -8874.996|3703.954 -8875.374|3705.289 -8875.519|3706.625 -8875.419|3721.934 -8873.106
143 RIVERCREST CL SE,4442.938 -7710.040|4411.887 -7710.040|4411.887 -7719.837|4444.735 -7719.837|4444.595 -7717.335|4444.246 -7714.866|4443.693 -7712.420
46 RIVER ROCK WY SE,4430.677 -8749.869|4422.177 -8746.433|4408.231 -8778.768|4416.815 -8781.993
105 RIVERVIEW PL SE,3957.827 -9016.603|3954.912 -9016.603|3953.263 -9016.514|3951.634 -9016.236|3950.040 -9015.791|3948.509 -9015.158|3931.326 -9051.440|3956.352 -9051.485
2451 RIVERSTONE RD SE,4820.997 -7924.402|4810.652 -7924.391|4810.624 -7957.271|4820.976 -7957.672
933 RIVERVIEW PL SE,4065.565 -9173.710|4059.413 -9146.946|4027.278 -9169.596|4028.270 -9171.286|4029.039 -9173.077|4029.571 -9174.967|4029.850 -9176.902
103 RIVER ROCK PL SE,4464.155 -9207.447|4463.085 -9205.723|4462.288 -9203.844|4461.778 -9201.865|4461.575 -9199.841|4429.342 -9200.686|4429.272 -9209.193|4429.461 -9217.699
115 RIVERSIDE CL SE,2983.264 -7930.685|2976.826 -7918.709|2937.267 -7939.647|2944.516 -7952.156
64 RIVERBIRCH CR SE,3854.697 -7900.139|3854.648 -7889.142|3824.295 -7889.276|3824.344 -7900.273
16 RIVERBIRCH PL SE,3803.450 -7674.781|3802.275 -7666.185|3770.601 -7670.644|3771.748 -7679.039
23 RIVERGLEN RD SE,4109.779 -8286.497|4103.837 -8256.608|4091.387 -8258.999|4096.861 -8288.977
44 RIVERGREEN CR SE,3627.478 -8099.145|3600.034 -8094.853|3599.433 -8096.343|3598.699 -8097.777|3597.615 -8099.857|3596.699 -8102.014|3595.958 -8104.226|3595.385 -8106.506|3594.749 -8109.419|3624.340 -8116.213|3626.087 -8107.718
101 RIVERGLEN CL SE,4385.833 -7993.298|4383.436 -7980.088|4352.307 -7984.625|4354.432 -7998.291
145 RIVERGLEN DR SE,4582.594 -7909.135|4579.113 -7907.400|4575.569 -7905.799|4571.962 -7904.331|4568.306 -7903.019|4558.617 -7931.885|4563.664 -7933.820|4568.543 -7936.133
52 RIVERSIDE CR SE,3317.381 -7656.055|3292.893 -7634.072|3292.397 -7634.639|3289.978 -7637.497|3287.706 -7640.488|3285.595 -7643.579|3283.645 -7646.793|3310.167 -7664.161
28 RIVERVALLEY CR SE,3789.420 -8130.380|3789.287 -8099.901|3777.144 -8099.957|3777.277 -8130.435
71 RIVERBROOK WY SE,3537.923 -7902.152|3534.617 -7871.851|3523.341 -7873.086|3526.641 -7903.386
32 RIVERBROOK WY SE,3628.828 -7910.214|3628.779 -7898.816|3598.426 -7898.950|3598.475 -7910.336
14 RIVERVIEW PA SE,3491.975 -8313.607|3477.064 -8306.835|3453.457 -8344.674|3454.520 -8345.898|3455.471 -8347.210|3456.897 -8349.211|3458.484 -8351.090|3460.217 -8352.825|3462.091 -8354.415
28 RIVERWOOD CL SE,4300.990 -8499.747|4299.892 -8488.805|4265.716 -8492.275|4265.625 -8494.954|4265.772 -8497.634|4266.338 -8503.261
123 RIVERSTONE CV SE,4619.182 -8288.465|4611.164 -8278.069|4606.082 -8282.172|4600.846 -8286.075|4595.464 -8289.766|4589.934 -8293.247|4589.969 -8332.065|4591.920 -8332.187|4593.828 -8332.576|4595.680 -8333.210|4597.428 -8334.066
16 RIVERSTONE CR SE,4725.871 -8142.266|4715.162 -8139.776|4708.409 -8172.656|4720.943 -8175.224|4727.619 -8142.678
259 RIVERWOOD CI SE,4002.462 -8557.969|4000.749 -8547.227|3966.321 -8552.475|3968.124 -8563.784
40 RIVERBIRCH CO SE,3681.878 -7479.044|3673.112 -7470.894|3650.799 -7495.101|3659.558 -7503.240
99 RIVERSIDE RD SE,3501.629 -7379.981|3496.498 -7375.833|3491.213 -7371.874|3472.045 -7398.650|3480.580 -7405.300
232 RIVERBROOK WY SE,3459.211 -7530.783|3453.499 -7525.657|3436.974 -7544.215|3450.403 -7576.784|3452.192 -7576.140|3454.038 -7575.695|3455.925 -7575.450|3457.819 -7575.417
168 RIVERSIDE CI SE,3040.250 -7579.475|3017.538 -7556.569|3016.000 -7557.915|3014.295 -7559.038|3012.449 -7559.905|3010.506 -7560.528|3018.265 -7592.797|3032.099 -7593.297|3036.014 -7586.659
323 RIVER ROCK CI SE,4561.490 -8517.405|4561.490 -8482.434|4552.829 -8482.434|4552.836 -8517.405
136 RIVERVIEW CL SE,3549.395 -8794.647|3509.654 -8780.748|3493.114 -8793.980|3507.109 -8811.626|3507.948 -8812.694|3549.024 -8805.377|3548.507 -8802.709|3548.395 -8799.984|3548.696 -8797.282
204 RIVERVIEW CL SE,3681.941 -8932.907|3673.070 -8897.324|3660.641 -8900.327|3669.631 -8936.343
139 RIVERCREST CL SE,4440.750 -7700.255|4411.887 -7700.244|4411.887 -7710.040|4442.938 -7710.040|4442.232 -7708.272|4441.519 -7706.349|4441.030 -7704.347|4440.771 -7702.312
50 RIVER ROCK WY SE,4439.255 -8753.116|4430.677 -8749.869|4416.815 -8781.993|4425.399 -8785.218
109 RIVERVIEW PL SE,3931.326 -9051.440|3948.509 -9015.158|3946.803 -9014.201|3945.244 -9013.034|3943.839 -9011.666|3942.630 -9010.132|3911.236 -9031.959|3913.955 -9051.585
2455 RIVERSTONE RD SE,4831.350 -7924.413|4820.997 -7924.402|4820.976 -7957.672|4824.786 -7957.827|4831.322 -7958.072
277 RIVERVIEW CI SE,3953.123 -9188.855|3946.719 -9187.432|3940.351 -9185.853|3940.351 -9210.705|3940.351 -9223.715|3953.123 -9223.715
111 RIVERSIDE CL SE,2976.826 -7918.709|2970.877 -7907.122|2930.325 -7927.660|2937.267 -7939.647
105 RIVERSIDE CI SE,2889.445 -7679.484|2888.962 -7672.824|2888.627 -7666.152|2850.298 -7667.664|2852.158 -7682.542
68 RIVERBIRCH CR SE,3854.648 -7889.142|3854.592 -7875.754|3824.239 -7875.888|3824.295 -7889.276
20 RIVERBIRCH PL SE,3802.275 -7666.185|3801.136 -7658.201|3769.490 -7662.860|3770.601 -7670.644
19 RIVERGLEN RD SE,4096.861 -8288.977|4091.387 -8258.999|4079.497 -8261.089|4084.516 -8291.156
79 RIVERBEND DR SE,3572.079 -8249.025|3562.502 -8239.995|3541.405 -8262.579|3551.191 -8271.375
105 RIVERGLEN CL SE,4383.345 -7979.599|4381.443 -7969.136|4350.692 -7972.494|4352.307 -7984.625|4383.436 -7980.088
149 RIVERGLEN DR SE,4595.170 -7916.985|4592.136 -7914.850|4589.032 -7912.827|4585.845 -7910.925|4582.594 -7909.135|4568.543 -7936.133|4573.017 -7938.702|4577.281 -7941.593
151 RIVERSTONE CO SE,4376.662 -8409.501|4373.006 -8373.463|4363.009 -8374.597|4358.976 -8379.578|4360.115 -8394.523|4360.828 -8409.501
45 RIVERSIDE CR SE,3270.950 -7638.898|3242.799 -7622.096|3239.507 -7628.268|3236.599 -7634.617|3266.169 -7648.416|3268.413 -7643.579
32 RIVERVALLEY CR SE,3801.562 -8130.324|3801.429 -8099.845|3789.287 -8099.901|3789.420 -8130.380
75 RIVERBROOK WY SE,3526.641 -7903.386|3523.341 -7873.086|3511.695 -7874.364|3512.793 -7904.910
51 RIVERBROOK CO SE,3628.883 -7922.401|3628.828 -7910.214|3598.475 -7910.336|3598.531 -7922.534
18 RIVERVIEW PA SE,3477.064 -8306.835|3456.519 -8297.506|3445.174 -8339.726|3447.474 -8340.527|3449.655 -8341.628|3451.661 -8343.029|3453.457 -8344.674
32 RIVERWOOD CL SE,4299.892 -8488.805|4298.396 -8473.883|4267.170 -8482.678|4267.009 -8484.891|4266.590 -8487.060|4266.037 -8489.650|4265.716 -8492.275
119 RIVERSTONE CV SE,4589.969 -8332.065|4589.934 -8293.247|4584.663 -8296.293|4579.274 -8299.140|4573.793 -8301.787|4568.208 -8304.222|4582.503 -8334.066|4584.251 -8333.199|4586.103 -8332.576|4588.019 -8332.187
12 RIVERSTONE CR SE,4713.994 -8139.498|4702.705 -8136.873|4695.917 -8169.920|4708.409 -8172.656|4715.162 -8139.776
263 RIVERWOOD CI SE,4004.244 -8568.076|4002.462 -8557.969|3968.124 -8563.784|3970.005 -8574.436
44 RIVERBIRCH CO SE,3673.112 -7470.894|3664.346 -7462.754|3642.033 -7486.950|3650.799 -7495.101
8 RIVERSIDE RD SE,3275.773 -7314.353|3263.072 -7302.945|3254.460 -7314.442|3247.385 -7323.671|3246.623 -7324.850|3246.092 -7326.162|3245.819 -7327.541|3245.812 -7328.953|3246.064 -7330.343|3246.567 -7331.655|3247.315 -7332.856|3248.266 -7333.890|3253.886 -7338.939
228 RIVERBROOK WY SE,3450.403 -7576.784|3436.974 -7544.215|3424.489 -7558.237|3443.244 -7582.211|3444.761 -7580.521|3446.481 -7579.042|3448.368 -7577.785
140 RIVERSIDE CI SE,2946.788 -7616.259|2928.151 -7582.811|2923.139 -7586.992|2918.211 -7591.284|2936.679 -7624.454
119 RIVERSTONE CL SE,4796.503 -7999.014|4764.773 -7985.582|4760.970 -8004.129|4764.179 -8005.285|4767.506 -8006.064|4786.758 -8009.444|4788.261 -8009.544|4789.757 -8009.344|4791.176 -8008.843|4792.469 -8008.065|4793.588 -8007.053|4794.476 -8005.830|4795.105 -8004.451|4795.447 -8002.984|4795.839 -8000.960
327 RIVER ROCK CI SE,4552.836 -8517.405|4552.829 -8482.434|4543.573 -8482.434|4543.580 -8517.405
140 RIVERVIEW CL SE,3555.365 -8814.884|3554.903 -8814.495|3552.925 -8812.583|3551.261 -8810.392|3549.954 -8807.968|3549.024 -8805.377|3507.948 -8812.694|3513.771 -8820.522|3519.203 -8828.617
208 RIVERVIEW CL SE,3694.999 -8929.960|3686.156 -8894.467|3673.070 -8897.324|3681.941 -8932.907|3694.433 -8930.093
128 RIVERCREST CL SE,4479.799 -7703.324|4470.614 -7702.357|4470.607 -7737.194|4479.764 -7737.784
54 RIVER ROCK WY SE,4447.916 -8756.151|4439.255 -8753.116|4425.399 -8785.218|4433.984 -8788.431
113 RIVERVIEW PL SE,3942.630 -9010.132|3941.588 -9008.375|3940.799 -9006.495|3940.267 -9004.516|3940.009 -9002.492|3907.426 -9004.416|3907.706 -9006.418|3909.467 -9019.161|3911.236 -9031.959
2459 RIVERSTONE RD SE,4841.696 -7924.424|4831.350 -7924.413|4831.322 -7958.072|4841.675 -7958.472
832 RIVERVIEW PL SE,3940.351 -9210.705|3940.351 -9189.478|3940.351 -9189.467|3940.351 -9185.853|3939.156 -9185.508|3925.909 -9181.372|3912.907 -9176.490|3912.075 -9176.235|3911.222 -9176.079|3910.012 -9176.023|3908.810 -9176.179|3907.650 -9176.524|3906.559 -9177.046|3905.567 -9177.736|3904.700 -9178.581|3903.980 -9179.559|3903.427 -9180.638|3903.057 -9181.794|3902.323 -9183.840|3901.302 -9185.753
119 RIVER ROCK PL SE,4518.443 -9203.577|4517.855 -9192.602|4487.370 -9194.248|4487.845 -9195.582|4488.181 -9196.961|4488.370 -9198.373|4488.412 -9199.786|4488.300 -9201.198|4488.048 -9202.599|4487.650 -9203.955|4487.111 -9205.268
107 RIVERSIDE CL SE,2970.877 -7907.122|2964.886 -7894.902|2924.062 -7914.606|2927.200 -7922.267|2930.325 -7927.660
101 RIVERSIDE CI SE,2890.738 -7692.194|2890.025 -7685.844|2889.445 -7679.484|2852.158 -7682.542|2853.933 -7696.708
72 RIVERBIRCH CR SE,3854.592 -7875.754|3854.536 -7863.556|3824.183 -7863.701|3824.239 -7875.888
24 RIVERBIRCH PL SE,3801.136 -7658.201|3799.647 -7648.283|3768.036 -7653.187|3769.490 -7662.860
15 RIVERGLEN RD SE,4084.516 -8291.156|4079.497 -8261.089|4067.571 -8263.013|4072.150 -8293.147
83 RIVERBEND DR SE,3562.502 -8239.995|3554.442 -8232.412|3552.925 -8230.966|3549.521 -8234.614|3531.618 -8253.773|3541.405 -8262.579
109 RIVERGLEN CL SE,4378.745 -7954.247|4378.577 -7953.335|4352.538 -7962.375|4352.629 -7964.977|4352.349 -7967.568|4351.699 -7970.092|4350.692 -7972.494|4381.443 -7969.136|4381.073 -7967.068
153 RIVERGLEN DR SE,4606.446 -7926.615|4603.768 -7924.057|4600.986 -7921.589|4598.120 -7919.231|4595.170 -7916.985|4577.281 -7941.593|4581.329 -7944.795|4585.125 -7948.287
9025 21 ST SE,4336.585 -8375.398|4335.068 -8362.243|4304.981 -8366.135|4306.414 -8378.511
49 RIVERSIDE CR SE,3276.591 -7630.369|3251.139 -7609.520|3248.902 -7612.556|3246.763 -7615.669|3244.729 -7618.850|3242.799 -7622.096|3270.950 -7638.898|3273.641 -7634.550
36 RIVERVALLEY CR SE,3812.502 -8130.279|3812.369 -8099.801|3801.429 -8099.845|3801.562 -8130.324
79 RIVERBROOK WY SE,3512.793 -7904.910|3511.695 -7874.364|3501.825 -7875.454|3498.434 -7906.489
92 RIVERBROOK WY SE,3457.568 -7916.830|3456.883 -7915.140|3456.372 -7913.394|3455.631 -7910.803|3454.667 -7908.301|3429.837 -7925.014|3437.876 -7937.067
30 RIVERVIEW PA SE,3429.920 -8342.573|3409.215 -8314.207|3405.768 -8319.989|3398.568 -8332.109|3397.680 -8333.588|3424.251 -8349.522|3425.328 -8347.521|3426.649 -8345.686|3428.187 -8344.029
36 RIVERWOOD CL SE,4298.396 -8473.883|4297.194 -8461.918|4296.677 -8456.270|4264.947 -8473.850|4265.919 -8475.929|4266.625 -8478.119|4267.037 -8480.377|4267.170 -8482.678
115 RIVERSTONE CV SE,4582.503 -8334.066|4568.208 -8304.222|4562.084 -8306.623|4555.870 -8308.781|4549.571 -8310.693|4543.203 -8312.350|4577.037 -8339.559|4578.127 -8337.925|4579.414 -8336.457|4580.882 -8335.156
8 RIVERSTONE CR SE,4702.124 -8136.729|4690.248 -8133.971|4683.460 -8167.018|4695.917 -8169.920|4702.705 -8136.873
267 RIVERWOOD CI SE,4006.180 -8578.162|4004.244 -8568.076|3970.005 -8574.436|3972.046 -8585.067
48 RIVERBIRCH CO SE,3664.346 -7462.754|3655.734 -7454.737|3633.413 -7478.933|3642.033 -7486.950
16 RIVERSIDE RD SE,3265.756 -7349.591|3270.076 -7353.483|3271.048 -7354.217|3272.117 -7354.784|3273.271 -7355.173|3274.473 -7355.362|3275.690 -7355.362|3276.885 -7355.151|3278.031 -7354.762|3279.101 -7354.183|3284.316 -7350.925|3289.629 -7347.823|3295.032 -7344.887|3300.534 -7342.130|3301.254 -7337.226|3287.643 -7325.006
224 RIVERBROOK WY SE,3443.244 -7582.211|3424.489 -7558.237|3414.534 -7569.423|3438.568 -7591.017|3439.665 -7588.960|3440.595 -7586.825|3441.748 -7584.424
135 RIVERSIDE ME SE,3135.531 -7597.611|3137.544 -7592.674|3139.669 -7587.782|3141.913 -7582.945|3144.269 -7578.163|3107.163 -7581.977|3107.359 -7583.367|3107.415 -7584.768|3107.345 -7586.180|3107.142 -7587.559|3106.814 -7588.927|3106.359 -7590.250|3105.779 -7591.529|3105.087 -7592.752
99 RIVERSTONE CL SE,4864.982 -7959.373|4854.950 -7958.984|4820.718 -7994.132|4822.256 -7995.900|4823.493 -7997.891|4824.409 -8000.048|4824.982 -8002.327|4857.131 -7989.840|4864.989 -7986.794
331 RIVER ROCK CI SE,4543.580 -8517.405|4543.573 -8482.434|4534.325 -8482.434|4534.325 -8517.405
144 RIVERVIEW CL SE,3563.613 -8826.115|3562.285 -8823.569|3560.866 -8821.156|3559.230 -8818.899|3557.392 -8816.797|3555.365 -8814.884|3519.203 -8828.617|3522.754 -8834.432|3526.109 -8840.370
212 RIVERVIEW CL SE,3708.638 -8926.891|3699.900 -8891.798|3686.156 -8894.467|3694.999 -8929.960|3706.911 -8927.280
124 RIVERCREST CL SE,4488.321 -7704.192|4479.799 -7703.324|4479.764 -7737.784|4488.279 -7738.328
58 RIVER ROCK WY SE,4456.661 -8758.998|4447.916 -8756.151|4433.984 -8788.431|4442.568 -8791.656
117 RIVERVIEW PL SE,3941.728 -8994.587|3903.225 -8974.071|3904.175 -8980.932|3905.937 -8993.675|3907.426 -9004.416|3940.009 -9002.492|3940.030 -9000.446|3940.330 -8998.423|3940.896 -8996.455
2463 RIVERSTONE RD SE,4852.049 -7924.435|4841.696 -7924.424|4841.675 -7958.472|4852.028 -7958.872
824 RIVERVIEW PL SE,3895.955 -9190.823|3894.256 -9191.635|3892.480 -9192.224|3890.635 -9192.580|3888.768 -9192.703|3888.768 -9223.715|3914.032 -9223.715
123 RIVER ROCK PL SE,4517.855 -9192.602|4517.268 -9181.627|4481.785 -9183.540|4482.365 -9185.530|4483.162 -9187.454|4484.175 -9189.267|4485.392 -9190.957|4486.503 -9192.536|4487.370 -9194.248
103 RIVERSIDE CL SE,2964.886 -7894.902|2959.685 -7883.805|2917.637 -7898.938|2924.062 -7914.606
97 RIVERSIDE CI SE,2892.542 -7704.848|2891.577 -7698.532|2890.738 -7692.194|2853.933 -7696.708|2855.702 -7710.863
76 RIVERBIRCH CR SE,3854.536 -7863.556|3854.487 -7851.369|3824.127 -7851.503|3824.183 -7863.701
28 RIVERBIRCH PL SE,3799.647 -7648.283|3798.116 -7638.575|3766.547 -7643.713|3768.036 -7653.187
11 RIVERGLEN RD SE,4072.150 -8293.147|4067.571 -8263.013|4055.023 -8264.836|4059.126 -8295.037
87 RIVERBEND DR SE,3552.925 -8230.966|3543.348 -8221.937|3521.831 -8244.977|3531.618 -8253.773|3549.521 -8234.614
113 RIVERGLEN CL SE,4376.452 -7941.626|4375.320 -7935.399|4349.343 -7953.924|4350.538 -7955.859|4351.475 -7957.938|4352.146 -7960.118|4352.538 -7962.375|4378.577 -7953.335
157 RIVERGLEN DR SE,4616.617 -7938.413|4614.247 -7935.321|4611.766 -7932.319|4609.158 -7929.417|4606.446 -7926.615|4585.125 -7948.287|4588.816 -7952.245|4592.185 -7956.493
9033 21 ST SE,4307.519 -8390.920|4308.141 -8400.216|4308.582 -8409.512|4338.927 -8409.512|4338.452 -8399.049|4337.760 -8388.596
40 RIVERVALLEY CR SE,3824.645 -8130.224|3824.512 -8099.745|3812.369 -8099.801|3812.502 -8130.279
83 RIVERBROOK WY SE,3498.434 -7906.489|3501.825 -7875.454|3494.659 -7876.244|3484.586 -7908.012
88 RIVERBROOK WY SE,3463.195 -7923.702|3461.476 -7922.267|3459.952 -7920.621|3458.644 -7918.798|3457.568 -7916.830|3437.876 -7937.067|3448.676 -7953.257|3451.388 -7954.525
34 RIVERVIEW PA SE,3424.251 -8349.522|3397.680 -8333.588|3393.276 -8340.994|3391.123 -8344.619|3420.120 -8361.999|3421.029 -8360.030|3421.798 -8358.007|3422.420 -8355.927|3422.888 -8353.815|3423.433 -8351.624
40 RIVERWOOD CL SE,4296.677 -8456.270|4295.992 -8446.418|4295.586 -8436.544|4282.046 -8436.544|4260.920 -8468.879|4262.095 -8469.980|4263.157 -8471.181|4264.108 -8472.471|4264.947 -8473.850
175 RIVERSTONE CR SE,4540.211 -8359.519|4540.211 -8343.529|4506.314 -8343.540|4507.181 -8352.825|4507.447 -8354.170|4507.957 -8355.438|4508.684 -8356.594|4509.614 -8357.595|4510.704 -8358.418|4511.934 -8359.030|4513.249 -8359.397|4514.605 -8359.519
2 RIVERSTONE CR SE,4689.660 -8133.827|4677.791 -8131.069|4671.031 -8163.960|4683.460 -8167.018|4690.248 -8133.971
271 RIVERWOOD CI SE,4008.410 -8588.803|4006.180 -8578.162|3972.046 -8585.067|3974.388 -8596.275
872 RIVERBEND DR SE,3624.130 -7546.084|3613.665 -7536.699|3591.107 -7562.007|3601.565 -7571.403
52 RIVERBIRCH CO SE,3655.734 -7454.737|3647.115 -7446.720|3624.794 -7470.927|3633.413 -7478.933
12 RIVERSIDE PL SE,3415.905 -7310.673|3418.827 -7304.702|3422.014 -7298.864|3385.748 -7296.340|3385.146 -7298.030|3384.343 -7299.642|3382.357 -7303.812|3381.029 -7308.238
220 RIVERBROOK WY SE,3438.568 -7591.017|3414.534 -7569.423|3406.845 -7578.063|3431.326 -7600.046|3435.058 -7595.854|3436.932 -7593.519
127 RIVERSIDE ME SE,3130.260 -7612.556|3098.565 -7603.894|3098.257 -7604.850|3096.314 -7611.566|3094.559 -7618.327|3126.737 -7625.054|3128.407 -7618.772
95 RIVERSTONE CL SE,4857.131 -8012.357|4857.131 -7989.840|4824.982 -8002.327|4825.192 -8004.829|4825.192 -8012.379
335 RIVER ROCK CI SE,4534.325 -8517.405|4534.325 -8482.434|4525.664 -8482.445|4525.671 -8517.416
148 RIVERVIEW CL SE,3569.681 -8838.814|3566.738 -8832.420|3563.613 -8826.115|3526.109 -8840.370|3529.374 -8846.619|3532.415 -8852.991
216 RIVERVIEW CL SE,3721.696 -8923.955|3713.140 -8889.552|3699.900 -8891.798|3708.638 -8926.891|3719.382 -8924.478
120 RIVERCREST CL SE,4497.492 -7705.103|4488.321 -7704.192|4488.279 -7738.328|4497.436 -7738.918
62 RIVER ROCK WY SE,4465.490 -8761.655|4456.661 -8758.998|4442.568 -8791.656|4451.152 -8794.880
121 RIVERVIEW PL SE,3946.992 -8988.904|3927.503 -8957.681|3919.023 -8960.205|3905.615 -8964.197|3902.008 -8965.276|3903.225 -8974.071|3941.728 -8994.587|3942.756 -8992.919|3943.986 -8991.406|3945.405 -8990.061
2467 RIVERSTONE RD SE,4864.982 -7959.373|4864.975 -7924.447|4852.049 -7924.435|4852.028 -7958.872|4854.950 -7958.984
634 RIVERVIEW PL SE,3837.165 -9220.902|3799.088 -9187.554|3797.724 -9188.944|3796.194 -9190.145|3794.516 -9191.124|3792.726 -9191.891|3803.596 -9223.704|3837.172 -9223.715
127 RIVER ROCK PL SE,4517.268 -9181.627|4516.681 -9170.641|4481.561 -9172.543|4481.344 -9179.392|4481.449 -9181.483|4481.785 -9183.540
211 RIVERSIDE CL SE,3227.336 -8031.950|3190.462 -8030.704|3190.224 -8032.650|3189.791 -8034.552|3189.147 -8036.386|3188.309 -8038.154|3222.359 -8056.824|3225.827 -8055.367|3229.350 -8054.033|3232.908 -8052.821|3236.515 -8051.742
10 RIVERSIDE CL SE,3120.026 -7878.946|3116.055 -7866.103|3083.738 -7876.177|3087.709 -7889.020
109 RIVERSIDE CI SE,2888.627 -7666.152|2888.613 -7665.896|2888.103 -7653.020|2848.655 -7654.565|2850.298 -7667.664
16 RIVERGLEN CR SE,4112.317 -8057.747|4106.473 -8045.716|4079.189 -8059.081|4085.040 -8071.113
203 RIVERBROOK WY SE,3437.841 -7660.992|3415.157 -7640.699|3407.069 -7649.784|3429.753 -7670.088
139 RIVERBEND DR SE,3420.134 -8105.817|3411.284 -8097.477|3389.152 -8121.161|3398.009 -8129.512
36 RIVERCROFT CL SE,4422.163 -8017.772|4420.324 -8005.474|4388.832 -8010.300|4390.608 -8022.165
228 RIVERSTONE PL SE,4495.164 -8165.284|4463.330 -8150.484|4459.758 -8154.309|4459.758 -8167.230|4491.704 -8175.169|4492.389 -8172.634|4493.200 -8170.143|4494.123 -8167.685
102 RIVERBEND DR SE,3459.029 -8231.567|3449.270 -8222.360|3413.094 -8261.078|3425.985 -8266.927
71 RIVERVALLEY CR SE,3855.976 -8195.028|3855.920 -8182.841|3825.568 -8182.975|3825.623 -8195.162
172 RIVERBROOK RD SE,3552.324 -7659.814|3529.689 -7639.498|3522.384 -7647.716|3545.012 -7668.031
947 RIVERBEND DR SE,3671.295 -7763.903|3670.316 -7754.963|3635.070 -7759.856|3635.972 -7768.295
40 RIVERVIEW ME SE,3456.540 -8469.302|3433.241 -8437.511|3430.934 -8441.392|3424.370 -8452.422|3420.581 -8458.794|3450.493 -8476.729|3451.780 -8474.561|3452.772 -8473.071|3453.898 -8471.692|3455.163 -8470.436
250 RIVERVIEW PA SE,3604.780 -8552.498|3604.724 -8539.054|3569.891 -8539.221|3569.954 -8552.665
12 RIVERWOOD CL SE,4305.380 -8543.502|4304.282 -8532.560|4269.631 -8536.074|4270.728 -8547.016
226 RIVERSTONE CV SE,4669.129 -8277.313|4668.297 -8275.645|4667.682 -8273.877|4667.291 -8272.042|4667.130 -8270.174|4618.623 -8271.397|4614.939 -8274.788|4611.164 -8278.069|4619.182 -8288.465|4628.703 -8300.808
20 RIVERWOOD CI SE,3989.264 -8698.953|3985.510 -8688.778|3951.823 -8701.032|3955.772 -8711.740
72 RIVERWOOD CI SE,4096.735 -8762.656|4083.285 -8730.365|4073.184 -8734.613|4086.641 -8766.893
144 RIVERBIRCH RD SE,3711.539 -7449.411|3703.444 -7441.883|3681.130 -7466.090|3689.225 -7473.618
724 RIVERBEND DR SE,3286.818 -7471.461|3261.590 -7448.821|3252.838 -7458.651|3273.425 -7477.132|3274.410 -7477.854|3275.515 -7478.377|3276.696 -7478.666|3277.920 -7478.711|3279.122 -7478.522|3280.268 -7478.110|3281.310 -7477.465|3282.205 -7476.642
87 RIVERSIDE WY SE,3278.220 -7257.788|3247.861 -7234.871|3240.451 -7243.322|3239.025 -7244.957|3270.202 -7268.485
141 RIVERSIDE CI SE,2919.623 -7570.457|2890.633 -7534.241|2881.629 -7542.181|2879.504 -7544.716|2909.445 -7579.053|2914.492 -7574.705
31 RIVERSTONE CL SE,4769.834 -8116.035|4757.894 -8113.567|4750.792 -8148.071|4752.533 -8148.482|4762.662 -8150.839
9162 21 ST SE,4402.023 -8620.482|4369.168 -8614.522|4367.043 -8625.164|4399.549 -8632.414|4400.849 -8626.465
4 RIVERVIEW CL SE,3848.245 -8643.333|3849.021 -8650.149|3849.377 -8651.672|3850.048 -8653.096|3850.999 -8654.352|3852.194 -8655.375|3853.571 -8656.120|3855.074 -8656.565|3856.640 -8656.687|3858.199 -8656.476|3879.793 -8651.183|3882.218 -8650.349|3884.469 -8649.115|3886.483 -8647.525|3888.188 -8645.601|3889.544 -8643.422|3890.509 -8641.042|3891.047 -8638.529|3891.159 -8635.961|3891.019 -8632.836
120 RIVERCREST CI SE,4355.152 -7721.683|4321.311 -7721.683|4321.311 -7730.478|4355.152 -7730.478
138 RIVERWOOD CR SE,4137.972 -8938.878|4134.561 -8928.426|4101.838 -8939.223|4104.355 -8948.007|4104.858 -8949.786
27 RIVERCREST CR SE,4676.036 -7834.101|4674.792 -7829.608|4673.729 -7825.072|4631.500 -7843.919|4625.963 -7852.870|4630.919 -7858.463|4636.400 -7851.792
57 RIVER ROCK RD SE,4443.491 -8914.426|4434.158 -8910.601|4421.282 -8942.959|4430.181 -8946.650
9540 21 ST SE,4249.673 -9037.385|4253.797 -9032.860|4257.817 -9028.245|4231.316 -9005.561|4227.842 -9009.553|4224.276 -9013.467
96 RIVERCREST CR SE,4733.036 -7723.184|4723.928 -7722.539|4723.935 -7756.598|4733.043 -7757.254
98 RIVER ROCK CR SE,4410.139 -9124.996|4413.578 -9114.510|4380.611 -9103.146|4377.165 -9113.632
925 RIVERVIEW PL SE,4077.966 -9223.670|4072.884 -9203.644|4028.585 -9184.252|4027.725 -9185.908|4026.663 -9187.443|4025.418 -9188.844|4024.013 -9190.067|4050.011 -9223.726
49 RIVER ROCK CO SE,4622.915 -8962.373|4622.908 -8951.977|4590.074 -8951.977|4590.074 -8956.424|4590.137 -8957.937|4590.333 -8959.438|4590.647 -8960.928|4591.081 -8962.373
99 RIVERSIDE CL SE,2959.685 -7883.805|2958.518 -7881.503|2957.148 -7879.324|2955.603 -7877.267|2953.890 -7875.343|2952.471 -7873.708|2909.976 -7880.258|2917.637 -7898.938
93 RIVERSIDE CI SE,2894.834 -7717.424|2893.625 -7711.152|2892.542 -7704.848|2855.702 -7710.863|2857.477 -7725.074
80 RIVERBIRCH CR SE,3854.487 -7851.369|3854.459 -7845.298|3854.396 -7836.680|3824.079 -7840.016|3824.127 -7851.503
36 RIVERBIRCH RD SE,3814.411 -7689.981|3815.662 -7700.700|3838.374 -7698.209|3839.814 -7697.898|3841.163 -7697.309|3842.380 -7696.475|3843.400 -7695.418|3844.197 -7694.173|3844.742 -7692.794|3845.001 -7691.349|3844.973 -7689.870|3844.589 -7686.667
343 RIVERGLEN DR SE,4069.102 -8333.499|4064.831 -8303.310|4046.446 -8305.723|4053.226 -8331.120|4058.833 -8334.900
99 RIVERBEND DR SE,3511.276 -8191.715|3502.419 -8183.375|3480.294 -8207.060|3489.144 -8215.399
117 RIVERGLEN CL SE,4371.838 -7916.207|4369.853 -7905.254|4343.429 -7948.598|4345.121 -7949.677|4346.687 -7950.933|4348.099 -7952.356|4349.343 -7953.924|4375.320 -7935.399|4374.152 -7928.950
161 RIVERGLEN DR SE,4624.488 -7951.011|4622.699 -7947.753|4620.783 -7944.562|4618.756 -7941.448|4616.617 -7938.413|4592.185 -7956.493|4595.086 -7960.763|4597.659 -7965.244
44 RIVERVALLEY CR SE,3835.592 -8130.179|3835.459 -8099.701|3824.512 -8099.745|3824.645 -8130.224
91 RIVERBROOK WY SE,3488.773 -7876.888|3485.530 -7872.029|3460.308 -7888.986|3471.276 -7905.432
84 RIVERBROOK WY SE,3471.416 -7927.037|3469.221 -7926.593|3467.096 -7925.892|3465.083 -7924.925|3463.195 -7923.702|3451.388 -7954.525|3456.393 -7956.860|3469.829 -7955.381
38 RIVERVIEW PA SE,3420.120 -8361.999|3391.123 -8344.619|3387.992 -8349.878|3384.259 -8356.150|3413.318 -8373.563|3419.162 -8363.733
224 RIVERWOOD CL SE,4305.408 -8596.498|4306.058 -8592.450|4306.596 -8588.380|4307.009 -8584.299|4307.309 -8580.207|4279.089 -8580.219|4277.761 -8580.341|4276.474 -8580.697|4275.272 -8581.275|4274.195 -8582.064|4273.266 -8583.032|4272.532 -8584.144|4272.007 -8585.367|4271.700 -8586.679|4270.721 -8592.495
179 RIVERSTONE CR SE,4540.204 -8338.937|4540.204 -8330.041|4505.454 -8330.052|4505.825 -8336.802|4506.314 -8343.540|4540.211 -8343.529
64 RIVERSTONE CR SE,4857.138 -8224.929|4818.551 -8224.217|4818.327 -8236.459|4857.138 -8237.171
275 RIVERWOOD CI SE,4010.668 -8598.822|4008.410 -8588.803|3974.388 -8596.275|3976.772 -8606.828
874 RIVERBEND DR SE,3634.741 -7555.624|3633.169 -7554.212|3624.130 -7546.084|3601.565 -7571.403|3610.492 -7579.409|3611.960 -7580.743
43 RIVERBIRCH PL SE,3735.831 -7621.107|3734.251 -7620.317|3732.363 -7619.283|3730.651 -7617.982|3729.134 -7616.448|3727.862 -7614.713|3700.606 -7628.379|3704.597 -7636.763
20 RIVERSIDE PL SE,3412.955 -7280.906|3395.744 -7259.412|3380.351 -7280.128|3382.210 -7281.784|3383.769 -7283.730|3384.993 -7285.899|3385.832 -7288.245
236 RIVERBROOK WY SE,3479.112 -7548.652|3459.211 -7530.783|3457.819 -7575.417|3459.714 -7575.572|3461.587 -7575.928|3463.405 -7576.495|3465.152 -7577.240
194 RIVERSIDE CI SE,3094.706 -7523.700|3077.768 -7493.288|3073.287 -7496.046|3068.737 -7498.692|3066.234 -7500.093|3083.270 -7530.716|3084.206 -7530.138
339 RIVER ROCK CI SE,4525.671 -8517.416|4525.664 -8482.445|4517.010 -8482.445|4517.017 -8517.416
11 RIVERVIEW TC SE,3716.586 -8756.385|3708.246 -8745.866|3680.229 -8768.283|3688.568 -8778.802
152 RIVERVIEW CL SE,3574.770 -8851.256|3572.310 -8845.007|3569.681 -8838.814|3532.415 -8852.991|3535.099 -8859.162|3537.574 -8865.411
220 RIVERVIEW CL SE,3734.370 -8921.898|3725.862 -8887.695|3713.140 -8889.552|3721.696 -8923.955|3732.608 -8922.187
116 RIVERCREST CL SE,4506.657 -7705.993|4497.492 -7705.103|4497.436 -7738.918|4506.594 -7739.507
66 RIVER ROCK WY SE,4474.410 -8764.102|4465.490 -8761.655|4451.152 -8794.880|4459.744 -8798.105
125 RIVERVIEW PL SE,3956.275 -8985.580|3945.258 -8952.399|3932.431 -8956.213|3927.503 -8957.681|3946.992 -8988.904|3948.775 -8987.948|3950.662 -8987.248
638 RIVERVIEW PL SE,3837.172 -9209.360|3837.172 -9190.056|3802.646 -9179.626|3802.205 -9181.783|3801.450 -9183.851|3800.409 -9185.786|3799.088 -9187.554|3837.165 -9220.902
131 RIVER ROCK PL SE,4516.681 -9170.641|4515.961 -9156.720|4487.929 -9155.797|4482.770 -9160.089|4482.036 -9166.305|4481.561 -9172.543
95 RIVERSIDE CL SE,2948.787 -7863.578|2899.189 -7853.960|2909.976 -7880.258|2952.471 -7873.708|2950.982 -7871.418|2949.856 -7868.927|2949.115 -7866.292
89 RIVERSIDE CI SE,2897.770 -7730.456|2896.233 -7723.951|2894.834 -7717.424|2857.477 -7725.074|2859.351 -7740.019
3 RIVERBIRCH CR SE,3715.342 -7985.292|3715.202 -7954.814|3707.799 -7954.847|3706.212 -7955.014|3704.688 -7955.503|3703.290 -7956.282|3702.074 -7957.327|3701.095 -7958.594|3700.382 -7960.029|3699.977 -7961.575|3699.879 -7963.176|3700.808 -7985.359
40 RIVERBIRCH RD SE,3844.589 -7686.667|3843.589 -7678.595|3813.481 -7682.442|3814.411 -7689.981
339 RIVERGLEN DR SE,4082.048 -8331.553|4077.330 -8301.431|4064.831 -8303.310|4069.102 -8333.499
103 RIVERBEND DR SE,3502.419 -8183.375|3493.135 -8174.624|3471.004 -8198.309|3480.294 -8207.060
121 RIVERGLEN CL SE,4343.429 -7948.598|4369.853 -7905.254|4354.586 -7908.268|4339.396 -7911.659|4336.313 -7946.408|4338.165 -7946.674|4339.990 -7947.130|4341.744 -7947.775
165 RIVERGLEN DR SE,4630.416 -7964.632|4629.123 -7961.141|4627.704 -7957.705|4626.159 -7954.325|4624.488 -7951.011|4597.659 -7965.244|4599.896 -7969.892|4601.776 -7974.707
284 RIVERGLEN DR SE,4388.944 -8308.369|4381.772 -8278.758|4377.067 -8279.970|4369.049 -8282.127|4376.913 -8311.561|4384.932 -8309.392
20 RIVERSIDE CR SE,3248.385 -7735.304|3239.080 -7695.474|3226.036 -7695.863|3235.389 -7735.904
48 RIVERVALLEY CR SE,3847.734 -8130.124|3847.601 -8099.645|3835.459 -8099.701|3835.592 -8130.179
95 RIVERBROOK WY SE,3485.530 -7872.029|3480.098 -7863.890|3454.883 -7880.847|3460.308 -7888.986
80 RIVERBROOK WY SE,3486.648 -7953.535|3483.482 -7924.513|3481.818 -7925.280|3479.350 -7926.303|3476.750 -7926.948|3474.086 -7927.193|3471.416 -7927.037|3469.829 -7955.381
220 RIVERWOOD CL SE,4305.408 -8596.498|4270.721 -8592.495|4269.666 -8597.265|4268.386 -8601.991|4302.150 -8610.642|4303.961 -8603.614
250 RIVERGLEN DR SE,4521.756 -8306.935|4517.862 -8272.175|4513.696 -8272.553|4509.523 -8272.776|4505.049 -8277.357|4505.049 -8307.836|4513.416 -8307.613
876 RIVERBEND DR SE,3645.437 -7565.965|3640.159 -7560.717|3634.741 -7555.624|3611.960 -7580.743|3616.685 -7585.180|3621.278 -7589.750
47 RIVERBIRCH PL SE,3727.862 -7614.713|3727.072 -7613.290|3726.436 -7611.800|3725.974 -7610.232|3725.681 -7608.631|3692.329 -7613.012|3696.593 -7620.629|3700.606 -7628.379
24 RIVERSIDE PL SE,3395.744 -7259.412|3381.190 -7240.520|3374.206 -7277.414|3376.380 -7278.004|3378.443 -7278.916|3380.351 -7280.128
240 RIVERBROOK WY SE,3491.723 -7559.972|3479.112 -7548.652|3465.152 -7577.240|3466.984 -7578.274|3468.676 -7579.520|3470.221 -7580.954|3471.577 -7582.567
201 RIVERSIDE CI SE,3089.254 -7466.157|3069.778 -7430.930|3059.530 -7439.459|3078.859 -7474.418|3083.479 -7470.927|3087.981 -7467.280
63 RIVERSTONE CL SE,4857.138 -8106.161|4857.138 -8094.163|4825.471 -8094.197|4826.087 -8097.455|4827.065 -8100.613|4827.778 -8103.070|4828.142 -8105.616
343 RIVER ROCK CI SE,4517.017 -8517.416|4517.010 -8482.445|4507.754 -8482.445|4507.761 -8517.416
15 RIVERVIEW TC SE,3725.289 -8767.371|3716.586 -8756.385|3688.568 -8778.802|3695.691 -8787.786|3697.278 -8789.788
224 RIVERVIEW CL SE,3746.442 -8919.941|3738.047 -8886.183|3725.862 -8887.695|3734.370 -8921.898|3745.289 -8920.130
112 RIVERCREST CL SE,4515.178 -7706.805|4506.657 -7705.993|4506.594 -7739.507|4513.962 -7739.974|4515.101 -7740.096
70 RIVER ROCK WY SE,4483.420 -8766.359|4474.410 -8764.102|4459.744 -8798.105|4468.328 -8801.330
212 RIVER ROCK CR SE,4146.004 -9155.319|4144.760 -9143.688|4097.560 -9153.162|4100.202 -9164.515
642 RIVERVIEW PL SE,3837.172 -9180.204|3837.172 -9176.023|3803.457 -9165.838|3803.079 -9168.662|3802.834 -9171.498|3802.730 -9174.344|3802.758 -9177.191|3802.646 -9179.626|3837.172 -9190.056
138 RIVER ROCK PL SE,4509.928 -9105.070|4500.149 -9103.658|4492.459 -9123.706|4489.243 -9132.646|4488.006 -9136.438|4491.236 -9140.908|4504.986 -9141.364
244 RIVERSIDE CL SE,3142.954 -7952.545|3139.019 -7940.325|3106.702 -7950.399|3110.498 -7962.664
85 RIVERSIDE CI SE,2901.077 -7742.799|2899.357 -7736.649|2897.770 -7730.456|2859.351 -7740.019|2861.154 -7754.441
7 RIVERBIRCH CR SE,3726.289 -7985.248|3726.149 -7954.769|3715.202 -7954.814|3715.342 -7985.292
44 RIVERBIRCH RD SE,3843.589 -7678.595|3842.463 -7669.910|3812.376 -7673.947|3813.481 -7682.442
335 RIVERGLEN DR SE,4094.974 -8329.407|4089.801 -8299.374|4077.330 -8301.431|4082.048 -8331.553
107 RIVERBEND DR SE,3493.135 -8174.624|3483.412 -8165.462|3461.280 -8189.146|3471.004 -8198.309
125 RIVERGLEN CL SE,4336.313 -7946.408|4339.396 -7911.659|4329.539 -7914.083|4319.717 -7916.663|4327.204 -7947.998|4329.385 -7947.153|4331.657 -7946.608|4333.978 -7946.352
169 RIVERGLEN DR SE,4634.261 -7978.988|4633.499 -7975.352|4632.604 -7971.738|4631.577 -7968.168|4630.416 -7964.632|4601.776 -7974.707|4603.300 -7979.644|4604.453 -7984.692
268 RIVERGLEN DR SE,4436.528 -8272.865|4430.677 -8272.865|4423.148 -8273.009|4424.253 -8303.454|4430.684 -8303.343|4436.535 -8303.332
56 RIVERSIDE CR SE,3325.909 -7646.481|3301.415 -7624.498|3292.893 -7634.072|3317.381 -7656.055
52 RIVERVALLEY CR SE,3847.734 -8130.124|3861.666 -8130.057|3861.534 -8099.579|3847.601 -8099.645
99 RIVERBROOK WY SE,3480.098 -7863.890|3474.674 -7855.750|3449.452 -7872.719|3454.883 -7880.847
76 RIVERBROOK WY SE,3496.938 -7952.401|3493.632 -7922.100|3491.940 -7922.289|3489.773 -7922.612|3487.634 -7923.090|3485.530 -7923.724|3483.482 -7924.513|3486.648 -7953.535
216 RIVERWOOD CL SE,4302.150 -8610.642|4268.386 -8601.991|4266.890 -8606.650|4265.178 -8611.231|4297.488 -8624.274|4299.997 -8617.525
248 RIVERGLEN DR SE,4536.177 -8304.689|4529.068 -8270.452|4523.483 -8271.441|4517.862 -8272.175|4521.756 -8306.935|4528.991 -8305.990
113 RIVERSTONE CR SE,4665.627 -8359.486|4657.190 -8318.355|4652.653 -8318.355|4644.754 -8318.355|4653.177 -8359.486
119 RIVERWOOD CI SE,4073.184 -8656.042|4069.612 -8645.813|4036.652 -8657.110|4040.427 -8667.907
878 RIVERBEND DR SE,3655.538 -7576.907|3650.561 -7571.358|3645.437 -7565.965|3621.278 -7589.750|3625.738 -7594.453|3630.065 -7599.279
51 RIVERBIRCH PL SE,3725.939 -7603.349|3686.793 -7594.320|3683.137 -7598.278|3687.855 -7605.562|3692.329 -7613.012|3725.681 -7608.631|3725.576 -7605.973
32 RIVERSIDE PL SE,3360.183 -7282.274|3361.875 -7280.617|3363.805 -7279.249|3365.923 -7278.204|3368.181 -7277.514|3360.197 -7241.443|3341.750 -7266.072
244 RIVERBROOK WY SE,3499.867 -7567.288|3491.723 -7559.972|3471.577 -7582.567|3472.402 -7583.756|3473.122 -7585.002|3474.163 -7586.825|3475.331 -7588.571|3476.617 -7590.228|3478.015 -7591.796
165 RIVERSIDE CI SE,2985.962 -7527.992|2966.200 -7492.232|2965.557 -7492.554|2954.435 -7499.270|2974.016 -7534.708
347 RIVER ROCK CI SE,4507.761 -8517.416|4507.754 -8482.445|4498.499 -8482.445|4498.506 -8517.416
19 RIVERVIEW TC SE,3733.999 -8778.357|3725.289 -8767.371|3697.278 -8789.788|3705.981 -8800.774
228 RIVERVIEW CL SE,3759.109 -8917.895|3750.860 -8884.748|3744.052 -8885.538|3738.047 -8886.183|3746.442 -8919.941|3757.949 -8918.084
108 RIVERCREST CL SE,4523.692 -7707.583|4515.178 -7706.805|4515.101 -7740.096|4523.616 -7740.975
74 RIVER ROCK WY SE,4492.515 -8768.405|4483.420 -8766.359|4468.328 -8801.330|4475.745 -8804.110|4476.919 -8804.521
216 RIVER ROCK CR SE,4144.760 -9143.688|4143.236 -9132.124|4094.974 -9141.809|4097.560 -9153.162
129 RIVERVIEW PL SE,3956.275 -8985.580|3963.112 -8983.534|3964.398 -8983.022|3965.566 -8982.266|3966.572 -8981.321|3967.390 -8980.198|3967.985 -8978.953|3968.341 -8977.607|3968.446 -8976.228|3968.292 -8974.849|3966.880 -8968.545|3965.244 -8962.296|3963.399 -8956.102|3961.330 -8949.986|3960.568 -8947.840|3945.258 -8952.399
646 RIVERVIEW PL SE,3837.172 -9159.555|3831.558 -9158.110|3825.987 -9156.509|3820.464 -9154.763|3814.984 -9152.861|3813.523 -9152.494|3812.006 -9152.428|3810.517 -9152.672|3809.105 -9153.206|3807.826 -9154.029|3806.742 -9155.074|3805.889 -9156.331|3805.309 -9157.732|3804.240 -9161.757|3803.457 -9165.838|3837.172 -9176.023
142 RIVER ROCK PL SE,4519.505 -9106.326|4509.928 -9105.070|4504.986 -9141.364|4515.150 -9141.697
240 RIVERSIDE CL SE,3147.268 -7965.266|3142.954 -7952.545|3110.498 -7962.664|3114.468 -7975.507
81 RIVERSIDE CI SE,2904.544 -7754.329|2903.929 -7752.139|2901.077 -7742.799|2861.154 -7754.441|2862.371 -7764.204|2865.223 -7771.142
11 RIVERBIRCH CR SE,3738.424 -7985.192|3738.291 -7954.714|3726.149 -7954.769|3726.289 -7985.248
48 RIVERBIRCH RD SE,3842.463 -7669.910|3841.198 -7660.637|3811.139 -7664.873|3812.376 -7673.947
331 RIVERGLEN DR SE,4107.864 -8327.083|4102.244 -8297.116|4089.801 -8299.374|4094.974 -8329.407
111 RIVERBEND DR SE,3483.412 -8165.462|3474.562 -8157.111|3452.430 -8180.795|3461.280 -8189.146
129 RIVERGLEN CL SE,4327.204 -7947.998|4319.717 -7916.663|4308.015 -7919.954|4316.019 -7953.424|4321.612 -7952.078|4322.856 -7950.855|4324.212 -7949.766|4325.666 -7948.809
173 RIVERGLEN DR SE,4635.974 -7994.499|4635.778 -7990.596|4635.421 -7986.705|4634.918 -7982.835|4634.261 -7978.988|4604.453 -7984.692|4605.257 -7990.052|4605.642 -7995.467
268 RIVERSTONE PL SE,4527.355 -8207.093|4517.331 -8176.136|4514.752 -8177.237|4512.368 -8178.716|4510.243 -8180.551|4508.432 -8182.697|4506.978 -8185.087|4505.909 -8187.689|4505.259 -8190.425|4505.042 -8193.227|4505.042 -8211.396|4507.901 -8211.329|4510.753 -8211.129|4513.584 -8210.785|4516.408 -8210.318|4519.198 -8209.706|4521.959 -8208.961|4524.678 -8208.094
16 RIVERSIDE CR SE,3235.389 -7735.904|3226.036 -7695.863|3212.992 -7696.275|3222.394 -7736.516
63 RIVERBEND DR SE,3616.503 -8222.260|3592.617 -8203.457|3588.646 -8208.394|3584.536 -8213.209|3607.283 -8233.391|3611.973 -8227.886
103 RIVERBROOK WY SE,3474.674 -7855.750|3469.577 -7848.111|3444.356 -7865.080|3449.452 -7872.719
96 RIVERBROOK WY SE,3454.667 -7908.301|3453.506 -7905.933|3452.143 -7903.675|3449.955 -7900.406|3424.748 -7917.375|3429.837 -7925.014
212 RIVERWOOD CL SE,4297.488 -8624.274|4265.178 -8611.231|4263.074 -8616.123|4260.718 -8620.905|4291.553 -8637.184|4294.684 -8630.801
246 RIVERGLEN DR SE,4550.326 -8301.097|4540.064 -8267.672|4535.395 -8268.995|4529.068 -8270.452|4536.177 -8304.689|4543.294 -8303.065
67 RIVERSTONE CR SE,4772.672 -8234.814|4760.061 -8234.580|4761.362 -8245.577|4761.509 -8246.856|4803.193 -8247.612|4803.416 -8235.381|4785.863 -8235.058
123 RIVERWOOD CI SE,4069.612 -8645.813|4066.047 -8634.971|4032.877 -8645.635|4036.652 -8657.110
880 RIVERBEND DR SE,3664.996 -7588.393|3660.348 -7582.578|3655.538 -7576.907|3630.065 -7599.279|3634.252 -7604.227|3638.293 -7609.298
55 RIVERBIRCH PL SE,3728.057 -7598.412|3700.179 -7579.798|3686.793 -7594.320|3725.939 -7603.349|3726.296 -7602.048|3726.771 -7600.780|3727.365 -7599.568
180 RIVERSIDE WY SE,3443.755 -7253.986|3436.471 -7244.979|3411.654 -7265.027|3419.120 -7274.268
248 RIVERBROOK WY SE,3508.011 -7574.594|3499.867 -7567.288|3478.015 -7591.796|3479.630 -7593.353|3486.110 -7599.179
169 RIVERSIDE CI SE,2997.392 -7521.576|2977.923 -7486.350|2966.200 -7492.232|2985.962 -7527.992
351 RIVER ROCK CI SE,4498.506 -8517.416|4498.499 -8482.445|4489.845 -8482.445|4489.852 -8517.427
23 RIVERVIEW TC SE,3742.129 -8788.609|3733.999 -8778.357|3705.981 -8800.774|3711.874 -8808.202|3714.936 -8812.071
76 RIVERGLEN DR SE,4234.371 -7907.878|4228.610 -7874.487|4219.788 -7877.456|4219.788 -7884.138|4219.788 -7906.778|4219.781 -7913.872
232 RIVERVIEW CL SE,3772.202 -8915.071|3764.135 -8882.680|3757.508 -8883.803|3750.860 -8884.748|3759.109 -8917.895|3770.469 -8915.449
104 RIVERCREST CL SE,4532.850 -7708.406|4523.692 -7707.583|4523.616 -7740.975|4532.773 -7741.931
78 RIVER ROCK WY SE,4486.258 -8806.011|4501.700 -8770.251|4492.515 -8768.405|4476.919 -8804.521|4479.170 -8805.166|4481.470 -8805.633|4483.791 -8805.911|4486.133 -8806.011
220 RIVER ROCK CR SE,4143.236 -9132.124|4141.544 -9121.204|4092.583 -9131.023|4094.974 -9141.809
307 RIVERVIEW PL SE,3903.225 -8974.071|3902.008 -8965.276|3892.802 -8968.022|3880.541 -8971.669|3863.854 -8976.651|3866.140 -8988.415|3904.175 -8980.932
808 RIVERVIEW PL SE,3873.921 -9178.425|3873.900 -9177.702|3873.900 -9172.154|3873.781 -9170.819|3873.424 -9169.518|3872.844 -9168.306|3872.054 -9167.217|3871.083 -9166.283|3869.957 -9165.549|3868.727 -9165.015|3867.413 -9164.726|3863.980 -9164.259|3850.537 -9162.146|3837.172 -9159.555|3837.172 -9176.023|3837.172 -9180.204
146 RIVER ROCK PL SE,4529.676 -9107.516|4519.505 -9106.326|4515.150 -9141.697|4525.908 -9142.053
236 RIVERSIDE CL SE,3151.581 -7977.364|3147.268 -7965.266|3114.468 -7975.507|3116.468 -7981.968|3118.264 -7987.772
77 RIVERSIDE CI SE,2906.313 -7767.973|2905.879 -7766.494|2905.586 -7764.982|2905.411 -7763.447|2905.376 -7761.902|2905.201 -7758.088|2904.544 -7754.329|2865.223 -7771.142|2870.242 -7783.396
15 RIVERBIRCH CR SE,3749.371 -7985.148|3749.238 -7954.658|3738.291 -7954.714|3738.424 -7985.192
52 RIVERBIRCH RD SE,3841.198 -7660.637|3839.954 -7651.963|3809.923 -7656.400|3811.139 -7664.873
327 RIVERGLEN DR SE,4120.719 -8324.559|4114.645 -8294.681|4102.244 -8297.116|4107.864 -8327.083
115 RIVERBEND DR SE,3474.562 -8157.111|3465.271 -8148.360|3443.139 -8172.044|3452.430 -8180.795
133 RIVERGLEN CL SE,4316.019 -7953.424|4308.015 -7919.954|4296.376 -7923.490|4304.212 -7956.282
177 RIVERGLEN DR SE,4635.170 -8010.801|4635.617 -8006.742|4635.904 -8002.661|4636.022 -7998.580|4635.974 -7994.499|4605.642 -7995.467|4605.670 -7998.302|4605.593 -8001.149|4605.390 -8003.973|4605.083 -8006.797
53 RIVERSIDE CR SE,3283.771 -7621.830|3259.290 -7599.846|3256.780 -7602.660|3253.893 -7606.040|3251.139 -7609.520|3276.591 -7630.369|3278.870 -7627.456|3281.268 -7624.643
59 RIVERBEND DR SE,3624.997 -8210.696|3600.062 -8193.327|3596.413 -8198.442|3592.617 -8203.457|3616.503 -8222.260|3620.837 -8216.544
107 RIVERBROOK WY SE,3469.577 -7848.111|3464.481 -7840.472|3439.260 -7857.440|3444.356 -7865.080
72 RIVERBROOK WY SE,3506.040 -7951.400|3502.733 -7921.100|3493.632 -7922.100|3496.938 -7952.401
286 RIVERVIEW PA SE,3604.130 -8407.533|3600.628 -8406.132|3568.793 -8430.428|3569.961 -8432.174|3570.911 -8434.042|3571.645 -8436.010|3572.142 -8438.045|3604.242 -8432.096
208 RIVERWOOD CL SE,4291.553 -8637.184|4260.718 -8620.905|4258.131 -8625.564|4255.307 -8630.078|4284.339 -8649.415|4288.099 -8643.388
244 RIVERGLEN DR SE,4564.083 -8296.205|4550.760 -8263.880|4544.349 -8266.293|4540.064 -8267.672|4550.326 -8301.097|4557.268 -8298.818
71 RIVERSTONE CR SE,4803.193 -8247.612|4761.509 -8246.856|4763.025 -8259.733|4802.955 -8260.455
127 RIVERWOOD CI SE,4066.047 -8634.971|4062.678 -8624.063|4029.319 -8634.093|4032.877 -8645.635
884 RIVERBEND DR SE,3673.727 -7600.336|3669.449 -7594.309|3664.996 -7588.393|3638.293 -7609.298|3642.165 -7614.435|3645.884 -7619.683
59 RIVERBIRCH PL SE,3731.553 -7594.709|3711.385 -7567.644|3700.179 -7579.798|3728.057 -7598.412|3728.805 -7597.378|3729.644 -7596.410|3730.560 -7595.510
176 RIVERSIDE WY SE,3436.471 -7244.979|3429.256 -7235.894|3404.272 -7255.731|3411.654 -7265.027
208 RIVERBROOK WY SE,3415.947 -7617.315|3391.466 -7595.332|3383.776 -7603.972|3408.257 -7625.955
173 RIVERSIDE CI SE,3009.338 -7514.871|2990.359 -7480.523|2985.284 -7482.658|2977.923 -7486.350|2997.392 -7521.576
355 RIVER ROCK CI SE,4489.852 -8517.427|4489.845 -8482.445|4481.785 -8482.456|4481.792 -8517.427
27 RIVERVIEW TC SE,3748.882 -8793.579|3747.043 -8792.690|3745.324 -8791.589|3743.730 -8790.299|3742.304 -8788.831|3742.129 -8788.609|3714.936 -8812.071|3722.074 -8826.538|3726.610 -8835.733|3733.985 -8834.811
78 RIVERGLEN DR SE,4245.374 -7903.675|4239.690 -7870.751|4228.610 -7874.487|4234.371 -7907.878
236 RIVERVIEW CL SE,3785.883 -8912.124|3777.830 -8879.822|3771.000 -8881.346|3764.135 -8882.680|3772.202 -8915.071|3783.562 -8912.625
100 RIVERCREST CL SE,4541.994 -7709.195|4532.850 -7708.406|4532.773 -7741.931|4541.931 -7742.876
82 RIVER ROCK WY SE,4486.258 -8806.011|4488.279 -8806.144|4490.264 -8806.500|4492.193 -8807.090|4494.053 -8807.879|4512.494 -8776.678|4510.201 -8771.752|4501.700 -8770.251
224 RIVER ROCK CR SE,4141.544 -9121.204|4139.594 -9110.340|4090.248 -9120.215|4092.583 -9131.023
311 RIVERVIEW PL SE,3905.937 -8993.675|3904.175 -8980.932|3866.140 -8988.415|3868.594 -9001.014
436 RIVERVIEW PL SE,3657.258 -9192.680|3654.916 -9192.502|3652.630 -9191.946|3651.365 -9191.457|3650.155 -9190.846|3649.002 -9190.134|3647.919 -9189.311|3608.101 -9219.956|3608.639 -9223.715|3611.302 -9223.704|3648.925 -9223.704
150 RIVER ROCK PL SE,4539.861 -9108.572|4529.676 -9107.516|4525.908 -9142.053|4536.639 -9142.409
232 RIVERSIDE CL SE,3156.285 -7989.974|3151.581 -7977.364|3118.264 -7987.772|3122.235 -8000.604
69 RIVERSIDE CI SE,2944.306 -7806.602|2935.093 -7775.757|2934.030 -7776.624|2932.905 -7777.402|2931.716 -7778.103|2930.486 -7778.703|2929.207 -7779.204|2927.899 -7779.604|2926.564 -7779.915|2925.208 -7780.116|2925.858 -7789.556|2930.954 -7806.902|2936.407 -7809.616
19 RIVERBIRCH CR SE,3762.709 -7985.081|3762.576 -7954.603|3749.238 -7954.658|3749.371 -7985.148
56 RIVERBIRCH RD SE,3839.954 -7651.963|3838.752 -7643.902|3808.741 -7648.516|3809.923 -7656.400
319 RIVERGLEN DR SE,4147.766 -8318.577|4147.989 -8287.164|4137.518 -8289.677|4127.011 -8292.057|4133.533 -8321.835
119 RIVERBEND DR SE,3465.271 -8148.360|3455.548 -8139.197|3433.416 -8162.882|3443.139 -8172.044
137 RIVERGLEN CL SE,4304.212 -7956.282|4296.376 -7923.490|4284.779 -7927.249|4292.413 -7959.128
100 RIVERCROFT CL SE,4586.131 -8055.412|4557.645 -8049.485|4557.359 -8051.965|4556.729 -8054.367|4555.779 -8056.657|4554.520 -8058.803|4581.595 -8077.495|4582.343 -8073.848
168 RIVERVALLEY CR SE,3703.199 -8303.833|3703.066 -8273.354|3696.118 -8273.387|3693.909 -8273.365|3693.385 -8303.844|3696.251 -8303.866
55 RIVERBEND DR SE,3632.749 -8198.764|3606.849 -8182.864|3603.529 -8188.145|3600.062 -8193.327|3624.997 -8210.696|3628.960 -8204.791
111 RIVERBROOK WY SE,3464.481 -7840.472|3459.714 -7833.333|3434.499 -7850.302|3439.260 -7857.440
56 RIVERBROOK WY SE,3547.298 -7927.549|3547.249 -7916.196|3532.415 -7917.830|3535.721 -7948.131|3547.381 -7946.852|3547.340 -7936.745
115 RIVERVALLEY DR SE,3567.032 -8329.908|3561.859 -8325.538|3560.621 -8324.648|3559.237 -8324.014|3557.755 -8323.647|3556.238 -8323.581|3554.728 -8323.803|3553.295 -8324.303|3551.981 -8325.082|3550.842 -8326.083|3550.723 -8326.205|3539.979 -8338.014|3529.535 -8350.078|3535.637 -8355.594|3541.915 -8360.909
204 RIVERWOOD CL SE,4284.339 -8649.415|4255.307 -8630.078|4252.427 -8634.226|4249.344 -8638.229|4276.383 -8660.279|4280.494 -8654.942
242 RIVERGLEN DR SE,4577.323 -8290.033|4561.057 -8259.110|4555.961 -8261.612|4550.760 -8263.880|4564.083 -8296.205|4570.773 -8293.269
75 RIVERSTONE CR SE,4802.955 -8260.455|4763.025 -8259.733|4763.934 -8267.427|4764.878 -8275.478|4802.745 -8271.842
131 RIVERWOOD CI SE,4062.678 -8624.063|4059.679 -8613.655|4026.145 -8623.095|4029.319 -8634.093
63 RIVERBIRCH PL SE,3736.145 -7592.374|3724.373 -7553.567|3711.385 -7567.644|3731.553 -7594.709|3733.748 -7593.341
172 RIVERSIDE WY SE,3429.256 -7235.894|3421.763 -7226.276|3396.597 -7245.891|3404.272 -7255.731
264 RIVERBROOK WY SE,3509.654 -7620.306|3513.597 -7623.842|3514.778 -7624.709|3516.099 -7625.332|3517.525 -7625.677|3518.986 -7625.744|3520.433 -7625.510|3521.810 -7625.010|3523.062 -7624.242|3524.138 -7623.253|3541.048 -7604.250|3531.548 -7595.721
177 RIVERSIDE CI SE,3020.761 -7508.455|3002.411 -7475.241|2999.055 -7476.865|2990.359 -7480.523|3009.338 -7514.871
359 RIVER ROCK CI SE,4481.792 -8517.427|4481.785 -8482.456|4473.130 -8482.456|4473.130 -8517.427
31 RIVERVIEW TC SE,3758.263 -8793.857|3755.921 -8794.258|3753.552 -8794.347|3751.196 -8794.124|3748.882 -8793.579|3733.985 -8834.811|3740.081 -8834.043|3752.950 -8832.420|3760.619 -8831.452
80 RIVERGLEN DR SE,4256.405 -7899.717|4250.770 -7867.025|4239.690 -7870.751|4245.374 -7903.675
240 RIVERVIEW CL SE,3799.850 -8909.122|3790.447 -8876.497|3784.156 -8878.232|3777.830 -8879.822|3785.883 -8912.124|3796.068 -8909.934
96 RIVERCREST CL SE,4550.494 -7709.918|4541.994 -7709.195|4541.931 -7742.876|4550.445 -7743.755
86 RIVER ROCK WY SE,4503.497 -8819.744|4535.583 -8807.623|4520.190 -8781.281|4519.491 -8782.460|4502.840 -8810.626|4500.911 -8813.895|4501.742 -8815.274|4502.448 -8816.708|4503.036 -8818.209
228 RIVER ROCK CR SE,4139.594 -9110.340|4137.273 -9098.943|4089.143 -9108.561|4089.416 -9116.300|4090.248 -9120.215
315 RIVERVIEW PL SE,3907.426 -9004.416|3905.937 -8993.675|3868.594 -9001.014|3871.048 -9013.623|3907.706 -9006.418
214 RIVERVIEW CI SE,3658.397 -9082.664|3657.670 -9047.693|3638.838 -9048.138|3642.857 -9076.426|3643.165 -9077.749|3643.710 -9078.983|3644.472 -9080.118|3645.416 -9081.085|3646.527 -9081.863|3647.758 -9082.430|3649.072 -9082.764|3650.421 -9082.853
154 RIVER ROCK PL SE,4549.473 -9109.429|4539.861 -9108.572|4536.639 -9142.409|4546.733 -9142.743
228 RIVERSIDE CL SE,3159.627 -7998.558|3156.285 -7989.974|3122.235 -8000.604|3124.157 -8006.820|3129.029 -8022.565|3142.374 -8012.090
65 RIVERSIDE CI SE,2956.281 -7802.021|2946.543 -7769.374|2944.145 -7770.286|2941.706 -7771.353|2939.371 -7772.621|2937.162 -7774.089|2935.093 -7775.757|2944.306 -7806.602
23 RIVERBIRCH CR SE,3773.656 -7985.037|3773.523 -7954.558|3762.576 -7954.603|3762.709 -7985.081
60 RIVERBIRCH RD SE,3838.752 -7643.902|3837.402 -7635.240|3807.427 -7640.054|3808.741 -7648.516
240 RIVERGLEN PL SE,4185.598 -8159.279|4157.916 -8159.079|4157.825 -8171.266|4187.639 -8171.488|4186.856 -8165.617|4185.710 -8159.802
8 RIVERGREEN CR SE,3569.765 -8216.011|3547.640 -8195.151|3538.441 -8204.991|3560.573 -8225.852
141 RIVERGLEN CL SE,4292.413 -7959.128|4284.779 -7927.249|4272.811 -7931.396|4280.787 -7961.975|4284.199 -7961.108
104 RIVERCROFT CL SE,4588.704 -8042.891|4557.505 -8036.398|4556.373 -8041.913|4556.995 -8043.736|4557.422 -8045.627|4557.638 -8047.550|4557.645 -8049.485|4586.131 -8055.412
172 RIVERVALLEY CR SE,3693.909 -8273.365|3689.736 -8273.209|3685.569 -8272.876|3682.556 -8303.210|3687.960 -8303.643|3693.385 -8303.844
51 RIVERBEND DR SE,3639.852 -8186.299|3613.078 -8171.933|3610.044 -8177.437|3606.849 -8182.864|3632.749 -8198.764|3636.391 -8192.582
115 RIVERBROOK WY SE,3459.714 -7833.333|3454.953 -7826.195|3429.732 -7843.152|3434.499 -7850.302
60 RIVERBROOK WY SE,3535.721 -7948.131|3532.415 -7917.830|3522.125 -7918.965|3525.431 -7949.265
26 RIVERVIEW PA SE,3437.254 -8339.404|3427.089 -8284.151|3410.396 -8312.217|3409.215 -8314.207|3429.920 -8342.573|3431.612 -8341.472|3433.409 -8340.571|3435.296 -8339.882
200 RIVERWOOD CL SE,4276.383 -8660.279|4249.344 -8638.229|4245.898 -8642.288|4242.249 -8646.157|4266.918 -8670.842|4271.784 -8665.683
238 RIVERGLEN DR SE,4589.934 -8282.650|4570.857 -8253.383|4565.663 -8256.575|4561.057 -8259.110|4577.323 -8290.033|4583.713 -8286.497
68 RIVERSTONE CR SE,4857.138 -8237.171|4818.327 -8236.459|4818.103 -8248.702|4857.138 -8249.414
135 RIVERWOOD CI SE,4059.679 -8613.655|4056.715 -8602.624|4023.007 -8611.431|4026.145 -8623.095
64 RIVERBIRCH PL SE,3744.674 -7537.444|3741.759 -7534.731|3724.373 -7553.567|3736.145 -7592.374|3738.739 -7591.829|3741.395 -7591.751
168 RIVERSIDE WY SE,3421.763 -7226.276|3414.318 -7216.546|3388.970 -7235.916|3396.597 -7245.891
212 RIVERBROOK WY SE,3423.636 -7608.686|3399.155 -7586.703|3391.466 -7595.332|3415.947 -7617.315
181 RIVERSIDE CI SE,3032.708 -7501.750|3014.693 -7469.137|3013.323 -7469.948|3002.411 -7475.241|3020.761 -7508.455
164 RIVERGLEN DR SE,4692.540 -8005.952|4692.750 -7999.014|4692.659 -7992.064|4657.840 -7993.343|4657.917 -7998.736|4657.749 -8004.129
363 RIVER ROCK CI SE,4473.130 -8517.427|4473.130 -8482.456|4467.517 -8482.456|4465.965 -8482.623|4464.483 -8483.101|4463.134 -8483.890|4461.981 -8484.936|4461.058 -8486.192|4460.422 -8487.615|4460.100 -8489.139|4460.093 -8490.707|4462.777 -8517.438
35 RIVERVIEW TC SE,3779.563 -8825.715|3769.091 -8790.599|3758.263 -8793.857|3760.619 -8831.452|3764.995 -8830.129|3776.662 -8826.593
82 RIVERGLEN DR SE,4256.405 -7899.717|4263.381 -7897.348|4264.660 -7896.792|4265.814 -7896.014|4266.806 -7895.024|4267.589 -7893.868|4268.142 -7892.589|4268.456 -7891.233|4268.498 -7889.832|4268.288 -7888.453|4266.855 -7882.037|4265.681 -7875.576|4264.765 -7869.071|4264.115 -7862.544|4250.770 -7867.025
244 RIVERVIEW CL SE,3813.055 -8904.619|3802.240 -8872.761|3796.368 -8874.696|3790.447 -8876.497|3799.850 -8909.122|3808.322 -8906.231
92 RIVERCREST CL SE,4559.638 -7710.663|4550.494 -7709.918|4550.445 -7743.755|4559.603 -7744.711
90 RIVER ROCK WY SE,4503.637 -8827.616|4537.513 -8833.965|4544.147 -8822.268|4535.583 -8807.623|4503.497 -8819.744|4503.826 -8821.701|4503.958 -8823.669|4503.895 -8825.648
232 RIVER ROCK CR SE,4137.273 -9098.943|4134.672 -9087.590|4088.731 -9096.764|4089.143 -9108.561
319 RIVERVIEW PL SE,3909.467 -9019.161|3907.706 -9006.418|3871.048 -9013.623|3873.501 -9026.233
513 RIVERVIEW PL SE,3737.578 -9058.646|3723.528 -9026.766|3699.949 -9042.056|3731.399 -9063.750|3732.671 -9062.171|3734.139 -9060.770|3735.789 -9059.591
158 RIVER ROCK PL SE,4559.693 -9110.207|4549.473 -9109.429|4546.733 -9142.743|4557.436 -9143.098
232 RIVERSIDE BA SE,3110.099 -8045.382|3077.824 -8026.501|3076.209 -8027.869|3074.769 -8029.403|3072.875 -8031.694|3072.036 -8032.939|3071.463 -8034.318|3071.176 -8035.786|3071.183 -8037.287|3071.491 -8038.744|3072.078 -8040.123|3072.924 -8041.357|3074.000 -8042.391|3077.006 -8044.670|3080.089 -8046.850|3083.242 -8048.918|3086.464 -8050.886|3089.757 -8052.732|3093.105 -8054.467|3096.510 -8056.079|3099.977 -8057.580
13 RIVERSIDE CI SE,3118.649 -7747.458|3104.143 -7709.184|3100.040 -7710.697|3092.162 -7713.710|3105.541 -7748.981
27 RIVERBIRCH CR SE,3786.994 -7984.981|3786.861 -7954.503|3773.523 -7954.558|3773.656 -7985.037
68 RIVERBIRCH RD SE,3835.788 -7625.343|3834.921 -7620.495|3833.949 -7615.680|3804.261 -7622.096|3805.106 -7626.222|3805.847 -7630.369
236 RIVERGLEN PL SE,4185.598 -8159.279|4185.332 -8157.011|4185.416 -8154.720|4185.850 -8152.463|4186.626 -8150.306|4158.084 -8137.507|4157.965 -8152.685|4157.916 -8159.079
64 RIVERGREEN CR SE,3595.287 -8037.910|3585.536 -8028.725|3564.767 -8050.953|3574.519 -8060.138
145 RIVERGLEN CL SE,4280.787 -7961.975|4272.811 -7931.396|4260.005 -7936.144|4269.735 -7965.288|4275.237 -7963.532
112 RIVERCROFT CL SE,4593.877 -8017.717|4562.441 -8012.190|4561.937 -8014.848|4560.085 -8023.866|4591.276 -8030.360
209 RIVERGLEN DR SE,4609.144 -8138.764|4579.421 -8132.603|4576.722 -8145.724|4606.453 -8151.874
176 RIVERVALLEY CR SE,3685.569 -8272.876|3681.123 -8272.331|3676.705 -8271.597|3671.057 -8301.542|3676.789 -8302.498|3682.556 -8303.210
47 RIVERBEND DR SE,3646.318 -8173.223|3618.747 -8160.480|3616.000 -8166.251|3613.078 -8171.933|3639.852 -8186.299|3643.179 -8179.806
119 RIVERBROOK WY SE,3454.953 -7826.195|3449.522 -7818.055|3424.300 -7835.024|3429.732 -7843.152
64 RIVERBROOK WY SE,3525.431 -7949.265|3522.125 -7918.965|3513.023 -7919.965|3516.330 -7950.266
22 RIVERVIEW PA SE,3456.519 -8297.506|3427.089 -8284.151|3437.254 -8339.404|3439.232 -8339.148|3441.231 -8339.115|3443.216 -8339.315|3445.174 -8339.726
196 RIVERWOOD CL SE,4266.918 -8670.842|4242.249 -8646.157|4238.404 -8649.838|4234.378 -8653.318|4256.433 -8680.394|4261.794 -8675.746
236 RIVERGLEN DR SE,4601.804 -8274.121|4580.092 -8246.767|4575.555 -8250.192|4570.857 -8253.383|4589.934 -8282.650|4595.967 -8278.525
72 RIVERSTONE CR SE,4857.138 -8249.414|4818.103 -8248.702|4817.880 -8260.934|4857.138 -8261.656
139 RIVERWOOD CI SE,4056.715 -8602.624|4053.953 -8591.549|4020.092 -8599.711|4023.007 -8611.431
60 RIVERBIRCH PL SE,3763.898 -7557.670|3760.137 -7553.144|3756.215 -7548.752|3752.133 -7544.516|3747.896 -7540.435|3744.674 -7537.444|3741.395 -7591.751|3742.828 -7591.907|3744.233 -7592.207|3745.610 -7592.641|3746.939 -7593.197
216 RIVERBROOK WY SE,3431.326 -7600.046|3406.845 -7578.063|3399.155 -7586.703|3423.636 -7608.686
185 RIVERSIDE CI SE,3044.137 -7495.334|3025.976 -7462.465|3014.693 -7469.137|3032.708 -7501.750
39 RIVERVIEW TC SE,3796.403 -8820.611|3781.353 -8786.908|3769.091 -8790.599|3779.563 -8825.715|3788.560 -8822.990
84 RIVERGLEN DR SE,4296.488 -7887.452|4292.615 -7855.205|4278.732 -7857.985|4279.222 -7864.357|4279.990 -7870.695|4281.039 -7877.000|4282.360 -7883.238|4282.843 -7884.661|4283.598 -7885.962|4284.597 -7887.085|4285.807 -7887.986|4287.163 -7888.620|4288.624 -7888.964|4290.127 -7889.020|4291.602 -7888.775
42 RIVERWOOD CR SE,4181.558 -8832.053|4200.844 -8823.947|4195.294 -8818.643|4190.051 -8813.027|4185.137 -8807.123|4180.572 -8800.952|4179.761 -8799.984|4178.803 -8799.161|4177.713 -8798.505|4176.531 -8798.049|4175.294 -8797.805|4174.029 -8797.771|4172.778 -8797.949|4171.575 -8798.339|4168.108 -8799.795
248 RIVERVIEW CL SE,3825.637 -8900.338|3813.313 -8868.703|3807.798 -8870.793|3802.240 -8872.761|3813.055 -8904.619|3820.464 -8902.095
88 RIVERCREST CL SE,4568.774 -7711.386|4559.638 -7710.663|4559.603 -7744.711|4568.760 -7745.656
102 RIVER ROCK WY SE,4523.140 -8860.130|4491.187 -8845.963|4485.790 -8856.127|4517.492 -8870.749
10 RIVER ROCK CR SE,4333.719 -8922.132|4321.926 -8919.041|4321.122 -8922.421|4319.459 -8929.026|4317.634 -8935.575|4315.579 -8942.292|4313.349 -8948.963|4323.863 -8952.310
323 RIVERVIEW PL SE,3911.236 -9031.959|3909.467 -9019.161|3873.501 -9026.233|3875.955 -9038.820
525 RIVERVIEW PL SE,3790.119 -9054.154|3786.910 -9040.521|3773.069 -9033.683|3752.692 -9060.447|3754.223 -9061.804|3755.551 -9063.349|3756.662 -9065.062|3757.529 -9066.908
162 RIVER ROCK PL SE,4569.914 -9110.841|4559.693 -9110.207|4557.436 -9143.098|4568.124 -9143.454
228 RIVERSIDE BA SE,3122.423 -8030.526|3088.142 -8018.506|3086.807 -8020.363|3085.213 -8021.987|3083.382 -8023.354|3081.368 -8024.433|3079.537 -8025.367|3077.824 -8026.501|3110.099 -8045.382|3115.901 -8038.388
9 RIVERSIDE CI SE,3118.649 -7747.458|3125.569 -7746.646|3128.736 -7741.820|3126.261 -7732.480|3124.192 -7723.028|3122.535 -7713.510|3121.284 -7703.914|3112.651 -7706.360|3104.143 -7709.184
31 RIVERBIRCH CR SE,3799.130 -7984.925|3798.997 -7954.447|3786.861 -7954.503|3786.994 -7984.981
912 RIVERBEND DR SE,3703.626 -7657.890|3703.241 -7656.867|3699.858 -7648.316|3668.603 -7661.448|3671.553 -7668.887|3671.903 -7669.821
35 RIVERGLEN RD SE,4148.066 -8277.880|4148.311 -8246.367|4137.895 -8249.002|4127.444 -8251.504|4134.281 -8281.204
9 RIVERGREEN CR SE,3536.749 -8184.887|3512.807 -8162.326|3503.614 -8172.155|3527.556 -8194.728
153 RIVERGLEN CL SE,4258.928 -7969.336|4247.352 -7941.148|4234.895 -7946.396|4248.380 -7974.128|4249.079 -7973.784|4253.965 -7971.482
116 RIVERCROFT CL SE,4596.512 -8002.750|4563.643 -8001.204|4563.217 -8006.720|4562.441 -8012.190|4593.877 -8017.717|4595.478 -8009.922|4596.100 -8006.353
215 RIVERGLEN DR SE,4606.453 -8151.874|4576.722 -8145.724|4574.031 -8158.834|4603.754 -8164.983
180 RIVERVALLEY CR SE,3676.705 -8271.597|3672.567 -8270.719|3668.471 -8269.673|3660.362 -8299.040|3665.681 -8300.408|3671.057 -8301.542
43 RIVERBEND DR SE,3651.959 -8159.902|3623.690 -8148.805|3621.306 -8154.676|3618.747 -8160.480|3646.318 -8173.223|3649.233 -8166.607
123 RIVERBROOK WY SE,3449.522 -7818.055|3443.762 -7809.415|3418.540 -7826.384|3424.300 -7835.024
68 RIVERBROOK WY SE,3516.330 -7950.266|3513.023 -7919.965|3502.733 -7921.100|3506.040 -7951.400
235 RIVERVIEW PA SE,3553.575 -8599.478|3554.281 -8595.652|3554.784 -8591.783|3555.085 -8587.891|3555.169 -8583.999|3555.162 -8581.586|3520.335 -8581.742|3520.384 -8592.339
184 RIVERWOOD CL SE,4234.748 -8695.194|4216.852 -8665.194|4214.462 -8666.617|4212.763 -8667.718|4211.134 -8668.930|4209.596 -8670.253|4208.149 -8671.676|4223.172 -8702.033
234 RIVERGLEN DR SE,4612.828 -8264.514|4588.669 -8239.317|4585.425 -8242.308|4580.092 -8246.767|4601.804 -8274.121|4607.424 -8269.451
246 RIVERSTONE CV SE,4709.849 -8223.995|4698.748 -8221.648|4690.842 -8256.452|4703.306 -8259.299|4711.261 -8224.295
143 RIVERWOOD CI SE,4053.953 -8591.549|4051.528 -8580.986|4017.526 -8588.558|4020.092 -8599.711
56 RIVERBIRCH PL SE,3775.530 -7574.238|3772.817 -7569.957|3769.972 -7565.765|3767.001 -7561.673|3763.898 -7557.670|3746.939 -7593.197|3748.183 -7593.875|3749.357 -7594.665|3750.448 -7595.554|3751.454 -7596.555
36 RIVERSIDE PL SE,3356.507 -7291.458|3356.835 -7288.968|3357.569 -7286.555|3358.695 -7284.308|3360.183 -7282.274|3341.750 -7266.072|3323.854 -7289.968
252 RIVERBROOK WY SE,3516.162 -7581.911|3508.011 -7574.594|3486.110 -7599.179|3494.261 -7606.485
189 RIVERSIDE CI SE,3056.084 -7488.618|3037.776 -7455.493|3025.976 -7462.465|3044.137 -7495.334
43 RIVERVIEW TC SE,3816.836 -8811.104|3790.930 -8782.493|3789.636 -8783.550|3788.231 -8784.450|3786.735 -8785.195|3785.170 -8785.762|3781.353 -8786.908|3796.403 -8820.611|3800.702 -8818.609|3812.363 -8813.183
86 RIVERGLEN DR SE,4308.407 -7884.416|4304.611 -7852.793|4292.615 -7855.205|4296.488 -7887.452
46 RIVERWOOD CR SE,4181.558 -8832.053|4168.108 -8799.795|4158.007 -8804.043|4171.463 -8836.301
252 RIVERVIEW CL SE,3838.598 -8895.123|3824.715 -8863.899|3819.038 -8866.368|3813.313 -8868.703|3825.637 -8900.338|3833.075 -8897.347
84 RIVERCREST CL SE,4568.760 -7745.656|4579.826 -7746.802|4579.826 -7719.181|4579.693 -7717.791|4579.309 -7716.445|4578.687 -7715.200|4577.841 -7714.088|4576.799 -7713.154|4575.604 -7712.431|4574.297 -7711.942|4572.926 -7711.708|4568.774 -7711.386
106 RIVER ROCK WY SE,4517.492 -8870.749|4485.790 -8856.127|4480.428 -8866.412|4512.109 -8881.023
14 RIVER ROCK CR SE,4345.205 -8925.523|4338.857 -8923.477|4333.719 -8922.132|4323.863 -8952.310|4334.705 -8955.969
327 RIVERVIEW PL SE,3911.236 -9031.959|3875.955 -9038.820|3877.458 -9046.537|3877.619 -9047.760|3877.626 -9048.994|3913.955 -9051.585
166 RIVER ROCK PL SE,4579.553 -9111.308|4569.914 -9110.841|4568.124 -9143.454|4578.183 -9143.788
224 RIVERSIDE BA SE,3129.029 -8022.565|3124.157 -8006.820|3090.316 -8010.078|3090.246 -8012.279|3089.848 -8014.448|3089.142 -8016.538|3088.142 -8018.506|3122.423 -8030.526
66 RIVERSIDE CI SE,2938.609 -7756.364|2926.690 -7724.929|2913.247 -7730.756|2914.911 -7736.872|2916.701 -7742.965|2918.616 -7749.003|2920.650 -7755.008|2921.279 -7756.364|2922.167 -7757.554|2923.272 -7758.555|2924.551 -7759.322|2925.956 -7759.811|2927.424 -7760.011|2928.913 -7759.911|2930.346 -7759.522
35 RIVERBIRCH CR SE,3812.467 -7984.870|3812.335 -7954.391|3798.997 -7954.447|3799.130 -7984.925
904 RIVERBEND DR SE,3695.978 -7639.476|3691.993 -7631.203|3661.767 -7646.548|3665.234 -7653.754
7 RIVERGLEN RD SE,4059.126 -8295.037|4055.023 -8264.836|4040.602 -8266.682|4037.309 -8271.541|4044.104 -8296.950
57 RIVERGREEN CR SE,3574.833 -8080.998|3567.109 -8073.715|3547.731 -8100.679|3551.296 -8102.447|3560.600 -8107.051|3561.537 -8107.929
157 RIVERGLEN CL SE,4248.380 -7974.128|4234.895 -7946.396|4226.171 -7950.255|4224.060 -7956.159|4233.818 -7976.252|4239.809 -7978.320
88 RIVERCROFT CL SE,4540.784 -8066.576|4539.407 -8066.609|4538.030 -8066.531|4536.667 -8066.342|4535.318 -8066.053|4533.996 -8065.653|4532.710 -8065.164|4531.466 -8064.563|4530.271 -8063.885|4523.937 -8091.795|4542.448 -8095.631
204 RIVERSTONE PL SE,4490.117 -8236.237|4459.765 -8236.237|4459.765 -8250.881|4485.643 -8250.881|4490.117 -8246.378
184 RIVERVALLEY CR SE,3668.471 -8269.673|3663.801 -8268.250|3659.208 -8266.604|3648.345 -8295.070|3654.308 -8297.194|3660.362 -8299.040
39 RIVERBEND DR SE,3656.915 -8145.947|3628.038 -8136.562|3625.954 -8142.711|3623.690 -8148.805|3651.959 -8159.902|3654.539 -8152.963
127 RIVERBROOK WY SE,3443.762 -7809.415|3438.617 -7801.710|3413.402 -7818.678|3418.540 -7826.384
100 RIVERBROOK WY SE,3449.955 -7900.406|3444.859 -7892.767|3419.651 -7909.747|3424.748 -7917.375
206 RIVERVIEW PA SE,3550.283 -8687.021|3528.591 -8659.656|3519.056 -8667.284|3540.755 -8694.649
180 RIVERWOOD CL SE,4223.172 -8702.033|4208.149 -8671.676|4206.681 -8673.333|4205.143 -8674.979|4203.417 -8676.424|4201.522 -8677.636|4199.495 -8678.604|4211.456 -8708.704
224 RIVERGLEN DR SE,4646.683 -8217.145|4615.023 -8202.556|4612.506 -8207.660|4609.752 -8212.630|4639.909 -8230.133|4643.446 -8223.717
250 RIVERSTONE CV SE,4722.089 -8226.574|4711.261 -8224.295|4703.306 -8259.299|4715.777 -8262.157|4723.774 -8226.930
147 RIVERWOOD CI SE,4051.528 -8580.986|4049.172 -8569.811|4015.037 -8576.738|4017.526 -8588.558
52 RIVERBIRCH PL SE,3782.947 -7587.793|3779.402 -7580.921|3775.530 -7574.238|3751.454 -7596.555|3752.860 -7598.334|3753.985 -7600.313|3754.363 -7601.125
28 RIVERSIDE PL SE,3381.190 -7240.520|3375.884 -7233.448|3373.724 -7230.557|3368.355 -7230.557|3360.197 -7241.443|3368.181 -7277.514|3370.180 -7277.203|3372.200 -7277.170|3374.206 -7277.414
256 RIVERBROOK WY SE,3523.852 -7588.816|3516.162 -7581.911|3494.261 -7606.485|3501.957 -7613.401
229 RIVERSIDE CI SE,3169.029 -7451.724|3162.898 -7446.219|3140.319 -7471.550|3149.861 -7480.112|3172.433 -7454.781
88 RIVERGLEN DR SE,4320.353 -7881.648|4316.607 -7850.380|4304.611 -7852.793|4308.407 -7884.416
50 RIVERWOOD CR SE,4171.463 -8836.301|4158.007 -8804.043|4147.912 -8808.291|4161.362 -8840.548
256 RIVERVIEW CL SE,3852.208 -8889.641|3836.396 -8858.317|3830.587 -8861.186|3824.715 -8863.899|3838.598 -8895.123|3845.057 -8892.521
208 RIVERCREST CL SE,4515.751 -7749.203|4513.214 -7748.948|4506.594 -7748.525|4506.587 -7781.617|4509.649 -7781.928|4515.751 -7782.562
110 RIVER ROCK WY SE,4512.109 -8881.023|4480.428 -8866.412|4475.137 -8876.731|4506.810 -8891.342
18 RIVER ROCK CR SE,4356.620 -8929.182|4345.205 -8925.523|4334.705 -8955.969|4345.484 -8959.794
331 RIVERVIEW PL SE,3913.955 -9051.585|3877.626 -9048.994|3877.304 -9051.029|3876.584 -9052.942|3875.480 -9054.676|3874.053 -9056.144|3903.847 -9074.825
170 RIVER ROCK PL SE,4599.092 -9138.906|4596.519 -9132.179|4594.087 -9125.385|4591.801 -9118.547|4589.662 -9111.664|4579.553 -9111.308|4578.183 -9143.788|4594.415 -9144.322
15 RIVERSTONE CL SE,4720.908 -8105.894|4708.968 -8103.426|4702.124 -8136.729|4702.705 -8136.873|4713.994 -8139.498
109 RIVER ROCK CI SE,4539.526 -8716.299|4545.216 -8716.844|4546.244 -8716.866|4547.271 -8716.733|4548.264 -8716.466|4549.215 -8716.065|4550.103 -8715.532|4550.906 -8714.887|4551.619 -8714.142|4552.214 -8713.297|4556.485 -8705.991|4560.441 -8698.519|4564.083 -8690.880|4567.397 -8683.096|4559.707 -8682.796|4552.025 -8682.318
356 RIVER ROCK CI SE,4475.878 -8467.456|4476.276 -8467.456|4476.283 -8428.693|4476.283 -8427.492|4461.477 -8427.492|4467.706 -8466.311|4469.712 -8466.811|4471.753 -8467.167|4473.808 -8467.389
207 RIVERSIDE CL SE,3222.359 -8056.824|3188.309 -8038.154|3187.204 -8039.934|3185.911 -8041.568|3184.429 -8043.036|3182.786 -8044.326|3200.241 -8069.923|3204.261 -8066.976|3208.413 -8064.230|3212.691 -8061.672|3217.081 -8059.315
14 RIVERSIDE CL SE,3116.055 -7866.103|3112.259 -7853.849|3079.942 -7863.923|3080.620 -7866.091|3083.738 -7876.177
20 RIVERGLEN CR SE,4106.473 -8045.716|4101.146 -8034.752|4073.862 -8048.129|4079.189 -8059.081
112 RIVERGLEN WY SE,4028.900 -8240.051|4031.081 -8248.202|4036.687 -8252.038|4049.675 -8250.426|4062.629 -8248.602|4058.225 -8232.145
207 RIVERBROOK WY SE,3445.929 -7651.908|3423.252 -7631.604|3415.157 -7640.699|3437.841 -7660.992
143 RIVERBEND DR SE,3411.284 -8097.477|3402.427 -8089.137|3380.302 -8112.822|3389.152 -8121.161
32 RIVERCROFT CL SE,4420.324 -8005.474|4418.577 -7995.311|4417.982 -7991.986|4386.497 -7996.979|4387.238 -8001.060|4388.832 -8010.300
224 RIVERSTONE PL SE,4491.704 -8175.169|4459.758 -8167.230|4459.758 -8183.964|4490.180 -8185.532|4490.376 -8182.919|4490.697 -8180.306|4491.138 -8177.726
110 RIVERBEND DR SE,3439.945 -8213.576|3430.403 -8204.580|3388.166 -8249.770|3400.777 -8255.485
75 RIVERVALLEY CR SE,3856.018 -8206.025|3855.976 -8195.028|3825.623 -8195.162|3825.672 -8206.159
176 RIVERBROOK RD SE,3559.629 -7651.608|3537.001 -7631.292|3529.689 -7639.498|3552.324 -7659.814
951 RIVERBEND DR SE,3672.036 -7772.866|3671.295 -7763.903|3635.972 -7768.295|3636.671 -7777.269
56 RIVERVIEW ME SE,3431.123 -8509.287|3401.218 -8491.352|3398.142 -8496.522|3393.773 -8503.872|3423.755 -8518.027|3425.747 -8516.270|3427.579 -8514.336|3429.228 -8512.256|3430.689 -8510.032
254 RIVERVIEW PA SE,3604.724 -8539.054|3604.668 -8526.211|3569.835 -8526.378|3569.891 -8539.221
16 RIVERWOOD CL SE,4304.282 -8532.560|4303.185 -8521.619|4268.533 -8525.133|4269.631 -8536.074
258 RIVERSTONE CV SE,4747.793 -8231.989|4745.472 -8231.500|4724.214 -8265.114|4726.095 -8266.616|4727.710 -8268.406|4729.024 -8270.430|4729.988 -8272.631|4761.362 -8245.577|4760.061 -8234.580
16 RIVERWOOD CI SE,3985.510 -8688.778|3981.910 -8678.548|3949.117 -8689.901|3950.243 -8696.617|3951.823 -8701.032
200 RIVERWOOD CI SE,4012.612 -8467.600|4012.619 -8427.637|4001.672 -8427.648|4001.665 -8467.600
148 RIVERBIRCH RD SE,3703.444 -7441.883|3695.349 -7434.355|3673.035 -7458.562|3681.130 -7466.090
740 RIVERBEND DR SE,3315.144 -7440.626|3292.579 -7415.307|3287.504 -7420.100|3282.680 -7425.137|3307.650 -7448.076|3311.299 -7444.262
91 RIVERSIDE WY SE,3286.595 -7246.602|3257.095 -7224.341|3247.861 -7234.871|3278.220 -7257.788
145 RIVERSIDE CI SE,2929.689 -7562.629|2901.629 -7524.556|2890.633 -7534.241|2919.623 -7570.457|2924.621 -7566.488
73 RIVERVIEW CL SE,3735.992 -8710.917|3713.678 -8682.774|3703.206 -8691.147|3725.520 -8719.290
9166 21 ST SE,4399.549 -8632.414|4367.043 -8625.164|4365.750 -8630.734|4364.338 -8636.272|4396.431 -8644.867|4398.060 -8638.663
8 RIVERVIEW CL SE,3891.019 -8632.836|3890.418 -8619.148|3848.049 -8629.545|3847.636 -8633.259|3847.692 -8636.995|3848.245 -8643.333
124 RIVERCREST CI SE,4355.152 -7730.478|4321.311 -7730.478|4321.311 -7739.674|4355.152 -7739.674
142 RIVERWOOD CR SE,4141.390 -8949.319|4137.972 -8938.878|4104.858 -8949.786|4107.955 -8960.338
31 RIVERCREST CR SE,4673.729 -7825.072|4672.848 -7820.401|4672.170 -7815.698|4627.962 -7835.435|4618.455 -7850.802|4625.963 -7852.870|4631.500 -7843.919
61 RIVER ROCK RD SE,4452.208 -8918.118|4443.491 -8914.426|4430.181 -8946.650|4438.541 -8950.131
9544 21 ST SE,4241.109 -9046.125|4245.444 -9041.811|4249.673 -9037.385|4224.276 -9013.467|4220.620 -9017.293|4216.873 -9021.029
74 RIVERVIEW CI SE,3960.568 -8947.840|3951.179 -8921.531|3950.585 -8920.242|3949.753 -8919.096|3948.726 -8918.129|3947.537 -8917.373|3946.223 -8916.850|3944.832 -8916.594|3943.420 -8916.594|3942.036 -8916.872|3935.353 -8918.863|3945.258 -8952.399
100 RIVERCREST CR SE,4742.152 -7723.840|4733.036 -7723.184|4733.043 -7757.254|4742.152 -7757.899
102 RIVER ROCK CR SE,4406.581 -9136.082|4410.139 -9124.996|4377.165 -9113.632|4373.614 -9124.729
929 RIVERVIEW PL SE,4072.884 -9203.644|4065.565 -9173.710|4029.850 -9176.902|4029.885 -9178.781|4029.675 -9180.649|4029.242 -9182.484|4028.585 -9184.252
53 RIVER ROCK CO SE,4622.915 -8962.373|4591.081 -8962.373|4591.703 -8963.919|4592.542 -8966.243|4592.989 -8968.678|4593.031 -8971.147|4592.668 -8973.582|4622.915 -8980.698
78 RIVERCREST CI SE,4312.349 -7688.413|4312.349 -7679.651|4287.456 -7674.758|4285.821 -7674.625|4284.192 -7674.858|4282.647 -7675.437|4281.270 -7676.337|4280.116 -7677.505|4279.249 -7678.906|4278.704 -7680.463|4278.508 -7682.097|4278.508 -7688.413
9557 21 ST SE,4164.690 -9034.561|4170.799 -9031.058|4176.741 -9027.267|4156.916 -8997.033|4152.337 -8999.913|4147.633 -9002.593
220 RIVERSIDE BA SE,3118.264 -7987.772|3116.468 -7981.968|3087.632 -8002.105|3088.722 -8003.929|3089.540 -8005.897|3090.078 -8007.954|3090.316 -8010.078|3124.157 -8006.820|3122.235 -8000.604
204 RIVERSIDE ME SE,2932.150 -7722.561|2917.945 -7689.536|2911.367 -7692.383|2910.283 -7692.961|2909.312 -7693.717|2908.473 -7694.618|2907.788 -7695.652|2907.284 -7696.775|2906.977 -7697.965|2906.865 -7699.188|2906.949 -7700.422|2908.242 -7708.061|2909.717 -7715.667|2911.388 -7723.239|2913.247 -7730.756|2926.690 -7724.929
39 RIVERBIRCH CR SE,3823.414 -7984.825|3823.282 -7954.336|3812.335 -7954.391|3812.467 -7984.870
896 RIVERBEND DR SE,3687.492 -7622.664|3683.318 -7615.314|3681.780 -7612.745|3652.889 -7630.481|3654.420 -7633.060|3657.845 -7639.120
107 RIVERGLEN PL SE,4148.542 -8215.955|4148.632 -8203.335|4120.915 -8210.618|4121.167 -8212.908|4121.069 -8215.210|4120.622 -8217.467|4119.832 -8219.625|4118.958 -8221.737|4118.224 -8223.894
61 RIVERGREEN CR SE,3567.109 -8073.715|3559.098 -8066.164|3536.623 -8090.216|3547.731 -8100.679
146 RIVERGLEN CL SE,4289.651 -8006.675|4281.326 -7977.364|4274.454 -7979.510|4267.687 -7981.968|4278.655 -8010.389|4284.108 -8008.410
92 RIVERCROFT CL SE,4569.242 -8101.180|4548.551 -8064.296|4546.719 -8065.197|4544.804 -8065.886|4542.811 -8066.342|4540.784 -8066.576|4542.448 -8095.631
208 RIVERSTONE PL SE,4490.117 -8223.450|4459.765 -8223.439|4459.765 -8236.237|4490.117 -8236.237
188 RIVERVALLEY CR SE,3659.208 -8266.604|3654.699 -8264.747|3650.288 -8262.668|3636.762 -8289.955|3642.494 -8292.646|3648.345 -8295.070
35 RIVERBEND DR SE,3661.033 -8131.714|3631.645 -8124.086|3629.932 -8130.357|3628.038 -8136.562|3656.915 -8145.947|3659.082 -8138.864
39 RIVERBROOK RD SE,3575.036 -7858.352|3571.736 -7828.052|3564.180 -7828.886|3567.479 -7859.186
104 RIVERBROOK WY SE,3444.859 -7892.767|3439.099 -7884.138|3413.898 -7901.129|3419.651 -7909.747
58 RIVERVIEW PA SE,3386.489 -8418.675|3357.422 -8401.284|3354.130 -8406.821|3350.865 -8412.303|3379.932 -8429.694
176 RIVERWOOD CL SE,4211.456 -8708.704|4199.495 -8678.604|4197.699 -8679.215|4195.853 -8679.627|4193.966 -8679.849|4192.071 -8679.872|4190.338 -8720.124|4200.935 -8714.486
222 RIVERGLEN DR SE,4652.142 -8203.790|4619.343 -8192.026|4617.309 -8197.341|4615.023 -8202.556|4646.683 -8217.145|4649.563 -8210.529
151 RIVERWOOD CI SE,4049.172 -8569.811|4047.026 -8558.602|4012.766 -8564.874|4015.037 -8576.738
48 RIVERBIRCH PL SE,3787.015 -7596.833|3785.051 -7592.285|3782.947 -7587.793|3754.363 -7601.125|3756.005 -7604.817|3757.543 -7608.564
16 RIVERSIDE PL SE,3422.014 -7298.864|3424.447 -7294.783|3412.955 -7280.906|3385.832 -7288.245|3386.230 -7290.257|3386.342 -7292.303|3386.188 -7294.338|3385.748 -7296.340
260 RIVERBROOK WY SE,3531.548 -7595.721|3523.852 -7588.816|3501.957 -7613.401|3509.654 -7620.306
233 RIVERSIDE CI SE,3179.864 -7461.442|3172.433 -7454.781|3149.861 -7480.112|3159.403 -7488.674|3181.961 -7463.332
8 RIVER ROCK CI SE,4449.726 -8593.484|4450.118 -8588.158|4450.062 -8586.635|4449.698 -8585.145|4449.041 -8583.766|4448.118 -8582.554|4446.972 -8581.542|4445.644 -8580.797|4444.183 -8580.330|4442.666 -8580.174|4415.683 -8580.174|4415.012 -8590.638
90 RIVERGLEN DR SE,4332.929 -7879.035|4329.189 -7847.855|4316.607 -7850.380|4320.353 -7881.648
54 RIVERWOOD CR SE,4161.362 -8840.548|4147.912 -8808.291|4138.370 -8812.305|4151.820 -8844.562
260 RIVERVIEW CL SE,3865.938 -8884.114|3847.790 -8852.157|3842.135 -8855.304|3836.396 -8858.317|3852.208 -8889.641|3857.039 -8887.706
204 RIVERCREST CL SE,4506.594 -7748.525|4498.079 -7747.969|4498.079 -7780.838|4506.587 -7781.617
114 RIVER ROCK WY SE,4506.810 -8891.342|4475.137 -8876.731|4469.922 -8887.083|4501.596 -8901.694
22 RIVER ROCK CR SE,4367.462 -8932.673|4356.620 -8929.182|4345.484 -8959.794|4355.648 -8963.596
335 RIVERVIEW PL SE,3900.016 -9083.643|3903.847 -9074.825|3874.053 -9056.144|3872.383 -9057.267|3870.523 -9058.034|3867.140 -9059.046|3882.820 -9088.769
246 RIVERVIEW CI SE,3811.293 -9095.507|3805.798 -9092.438|3800.437 -9089.169|3780.835 -9119.036|3787.637 -9123.206|3794.607 -9127.109
149 RIVER ROCK PL SE,4535.660 -9194.648|4536.884 -9157.409|4523.944 -9156.987|4525.741 -9190.679|4530.445 -9194.926
11 RIVERCREST CR SE,4691.576 -7867.404|4687.130 -7859.331|4647.389 -7877.066|4653.778 -7884.283
81 RIVERCREST CL SE,4628.585 -7714.155|4628.585 -7700.700|4591.514 -7698.043|4590.773 -7697.998|4592.486 -7699.510|4593.996 -7701.234|4595.275 -7703.135|4596.296 -7705.181|4597.058 -7707.338|4597.533 -7709.585|4597.729 -7711.864|4597.624 -7714.155
41 RIVER ROCK RD SE,4407.140 -8900.338|4397.375 -8896.902|4386.316 -8929.293|4395.501 -8932.240
216 RIVERSIDE BA SE,3110.498 -7962.664|3106.702 -7950.399|3080.425 -7996.579|3082.529 -7997.524|3084.458 -7998.780|3086.171 -8000.315|3087.632 -8002.105|3116.468 -7981.968|3114.468 -7975.507
232 RIVERSIDE ME SE,3017.322 -7687.779|3002.292 -7652.897|3000.915 -7653.576|2990.038 -7658.290|3004.795 -7692.572|3011.771 -7689.903
43 RIVERBIRCH CR SE,3835.557 -7984.770|3835.424 -7954.291|3823.282 -7954.336|3823.414 -7984.825
39 RIVERBIRCH PL SE,3744.394 -7627.979|3742.500 -7625.966|3740.430 -7624.142|3738.201 -7622.519|3735.831 -7621.107|3704.597 -7636.763|3707.610 -7643.635
111 RIVERGLEN PL SE,4148.632 -8203.335|4148.835 -8176.114|4117.518 -8203.568|4118.706 -8205.147|4119.685 -8206.871|4120.426 -8208.705|4120.915 -8210.618
142 RIVERGLEN CL SE,4301.549 -8003.884|4294.398 -7974.062|4287.687 -7975.685|4281.326 -7977.364|4289.651 -8006.675|4295.565 -8005.141
96 RIVERCROFT CL SE,4581.595 -8077.495|4554.520 -8058.803|4553.276 -8060.427|4551.850 -8061.895|4550.270 -8063.184|4548.551 -8064.296|4569.242 -8101.180|4576.422 -8102.670
212 RIVERSTONE PL SE,4490.117 -8210.651|4459.765 -8210.651|4459.765 -8223.439|4490.117 -8223.450
192 RIVERVALLEY CR SE,3650.288 -8262.668|3645.975 -8260.378|3641.774 -8257.887|3625.717 -8283.751|3631.162 -8286.986|3636.762 -8289.955
31 RIVERBEND DR SE,3663.962 -8118.938|3634.210 -8112.889|3633.001 -8118.504|3631.645 -8124.086|3661.033 -8131.714|3662.585 -8125.342
43 RIVERBROOK RD SE,3567.479 -7859.186|3564.180 -7828.886|3556.609 -7829.720|3559.915 -7860.020
108 RIVERBROOK WY SE,3439.099 -7884.138|3432.905 -7874.854|3407.712 -7891.855|3409.410 -7894.402|3413.898 -7901.129
94 RIVERVIEW PA SE,3326.273 -8519.906|3297.185 -8502.560|3296.976 -8502.916|3291.691 -8511.800|3289.335 -8515.759|3320.540 -8529.536|3320.848 -8529.024
172 RIVERWOOD CL SE,4192.071 -8679.872|4190.191 -8679.682|4188.331 -8679.304|4186.528 -8678.726|4184.794 -8677.959|4164.039 -8719.346|4169.184 -8730.799|4179.796 -8725.528|4190.338 -8720.124
218 RIVERGLEN DR SE,4656.134 -8190.836|4622.755 -8180.751|4621.182 -8186.433|4619.343 -8192.026|4652.142 -8203.790|4654.275 -8197.363
155 RIVERWOOD CI SE,4047.026 -8558.602|4045.187 -8547.928|4010.815 -8553.599|4012.766 -8564.874
44 RIVERBIRCH PL SE,3790.629 -7606.462|3788.895 -7601.625|3787.015 -7596.833|3757.543 -7608.564|3759.088 -7612.645|3760.500 -7616.792
8 RIVERSIDE PL SE,3410.417 -7324.283|3412.990 -7317.411|3415.905 -7310.673|3381.029 -7308.238|3380.477 -7311.796|3380.351 -7315.399|3380.491 -7316.666|3380.847 -7317.889|3381.400 -7319.035|3382.141 -7320.080|3383.042 -7320.969|3384.084 -7321.703|3385.237 -7322.237|3386.461 -7322.582|3387.726 -7322.704|3399.092 -7323.160
237 RIVERSIDE CI SE,3190.699 -7471.172|3181.961 -7463.332|3159.403 -7488.674|3168.945 -7497.236|3191.489 -7471.883
12 RIVER ROCK CI SE,4449.726 -8593.484|4415.012 -8590.638|4414.145 -8599.667|4448.762 -8603.536
47 RIVERVIEW TC SE,3845.644 -8792.212|3795.103 -8775.966|3794.390 -8777.790|3793.446 -8779.502|3792.286 -8781.081|3790.930 -8782.493|3816.836 -8811.104|3823.058 -8807.023|3832.915 -8800.562|3843.253 -8793.780
92 RIVERGLEN DR SE,4345.533 -7876.699|4341.772 -7845.331|4329.189 -7847.855|4332.929 -7879.035
58 RIVERWOOD CR SE,4151.820 -8844.562|4138.370 -8812.305|4128.821 -8816.319|4142.278 -8848.576
264 RIVERVIEW CL SE,3879.226 -8878.777|3858.388 -8845.763|3853.124 -8849.021|3847.790 -8852.157|3865.938 -8884.114|3869.573 -8882.658
200 RIVERCREST CL SE,4498.079 -7747.969|4488.922 -7747.380|4488.922 -7779.982|4488.915 -7780.116|4498.079 -7780.838
11 RIVER ROCK WY SE,4337.851 -8768.360|4327.519 -8764.480|4318.144 -8803.987|4328.749 -8806.689
339 RIVERVIEW PL SE,3882.820 -9088.769|3867.140 -9059.046|3856.032 -9062.360|3865.385 -9093.961
250 RIVERVIEW CI SE,3823.254 -9101.267|3817.214 -9098.509|3811.293 -9095.507|3794.607 -9127.109|3801.821 -9130.767|3809.175 -9134.125
153 RIVER ROCK PL SE,4546.020 -9194.092|4547.222 -9157.754|4536.884 -9157.409|4535.660 -9194.648
9528 21 ST SE,4279.886 -8998.078|4283.080 -8992.841|4286.142 -8987.537|4255.803 -8970.368|4253.154 -8974.961|4250.400 -8979.475
195 RIVERVIEW CI SE,3624.214 -9051.229|3622.236 -9037.330|3582.858 -9043.001|3584.836 -9056.900
80 RIVERCREST CR SE,4696.595 -7720.582|4694.295 -7720.415|4692.764 -7720.471|4691.275 -7720.826|4689.898 -7721.494|4688.675 -7722.416|4687.668 -7723.573|4686.920 -7724.907|4686.459 -7726.364|4686.305 -7727.898|4686.305 -7753.907|4696.602 -7754.641
909 RIVERVIEW PL SE,3979.260 -9223.715|3992.626 -9223.715|3992.626 -9193.225|3988.089 -9193.225|3983.671 -9193.136|3979.260 -9192.836
204 RIVERSIDE BA SE,3048.164 -8011.646|3049.219 -8012.224|3050.359 -8012.613|3051.540 -8012.813|3052.742 -8012.824|3053.931 -8012.635|3055.070 -8012.268|3056.140 -8011.712|3057.104 -8010.990|3058.915 -8009.155|3060.453 -8007.087|3061.669 -8004.807|3044.004 -7974.306|3030.240 -7982.346|3030.841 -7983.380|3045.745 -8009.110|3046.416 -8010.089|3047.227 -8010.934
244 RIVERSIDE ME SE,3018.265 -7592.797|3009.989 -7592.496|2999.517 -7625.532|3001.334 -7626.244|3003.040 -7627.189|3004.613 -7628.357|3006.025 -7629.713|3034.378 -7603.716|3033.560 -7599.946|3032.099 -7593.297
47 RIVERBIRCH CR SE,3848.895 -7984.714|3848.762 -7954.225|3835.424 -7954.291|3835.557 -7984.770
35 RIVERBIRCH PL SE,3749.581 -7636.596|3748.560 -7634.283|3747.351 -7632.059|3745.960 -7629.958|3744.394 -7627.979|3707.610 -7643.635|3710.847 -7651.641
115 RIVERGLEN PL SE,4148.835 -8176.114|4149.010 -8152.607|4129.395 -8152.463|4126.179 -8154.031|4111.038 -8199.209|4112.862 -8199.965|4114.568 -8200.955|4116.127 -8202.167|4117.518 -8203.568
147 RIVERBEND DR SE,3402.427 -8089.137|3393.577 -8080.787|3371.452 -8104.482|3372.403 -8105.383|3380.302 -8112.822
138 RIVERGLEN CL SE,4314.223 -8002.094|4306.785 -7971.082|4294.398 -7974.062|4301.549 -8003.884|4305.219 -8003.261|4308.910 -8002.750
120 RIVERCROFT CL SE,4596.163 -7989.518|4566.670 -7988.717|4566.432 -7991.197|4565.852 -7993.632|4564.950 -7995.956|4563.727 -7998.124|4563.643 -8001.204|4596.512 -8002.750|4596.694 -7999.436|4596.701 -7996.123|4596.526 -7992.820
216 RIVERSTONE PL SE,4490.110 -8197.864|4459.765 -8197.853|4459.765 -8210.651|4490.117 -8210.651
196 RIVERVALLEY CR SE,3641.774 -8257.887|3637.622 -8255.140|3633.602 -8252.194|3615.105 -8276.367|3620.320 -8280.192|3625.717 -8283.751
27 RIVERBEND DR SE,3663.962 -8118.938|3665.632 -8109.708|3666.961 -8100.435|3636.321 -8100.568|3635.357 -8106.751|3634.210 -8112.889
47 RIVERBROOK RD SE,3559.915 -7860.020|3556.609 -7829.720|3549.045 -7830.554|3552.345 -7860.854
112 RIVERBROOK WY SE,3432.905 -7874.854|3427.145 -7866.214|3401.959 -7883.227|3407.712 -7891.855
98 RIVERVIEW PA SE,3320.540 -8529.536|3289.335 -8515.759|3284.868 -8523.265|3281.324 -8529.225|3312.124 -8538.687|3313.921 -8537.019|3315.808 -8535.374|3317.549 -8533.561|3319.128 -8531.615
168 RIVERWOOD CL SE,4184.794 -8677.959|4183.151 -8677.014|4181.613 -8675.902|4180.201 -8674.634|4178.936 -8673.222|4152.848 -8694.460|4164.039 -8719.346
216 RIVERGLEN DR SE,4656.134 -8190.836|4658.049 -8182.630|4659.329 -8176.414|4646.368 -8172.934|4633.457 -8169.253|4631.947 -8168.986|4630.416 -8169.042|4628.920 -8169.398|4627.536 -8170.054|4626.313 -8170.988|4625.299 -8172.133|4624.537 -8173.468|4624.069 -8174.935|4623.936 -8175.569|4622.755 -8180.751
41 RIVERWOOD CR SE,4172.428 -8778.635|4160.355 -8744.965|4149.569 -8749.902|4163.243 -8784.361|4165.018 -8782.816|4166.668 -8781.448|4168.471 -8780.281|4170.401 -8779.335
159 RIVERWOOD CI SE,4045.187 -8547.928|4043.447 -8536.641|4008.977 -8541.656|4010.815 -8553.599
40 RIVERBIRCH PL SE,3793.887 -7617.282|3792.356 -7611.844|3790.629 -7606.462|3760.500 -7616.792|3761.828 -7621.118|3763.017 -7625.477
736 RIVERBEND DR SE,3307.650 -7448.076|3282.680 -7425.137|3281.618 -7426.316|3275.382 -7433.321|3300.611 -7455.971|3306.846 -7448.966
241 RIVERSIDE CI SE,3201.024 -7480.434|3191.489 -7471.883|3168.945 -7497.236|3178.487 -7505.798
16 RIVER ROCK CI SE,4448.762 -8603.536|4414.145 -8599.667|4413.012 -8608.662|4447.496 -8613.555
51 RIVERVIEW TC SE,3834.068 -8763.990|3832.544 -8761.422|3795.543 -8768.561|3795.781 -8770.418|3795.781 -8772.297|3795.557 -8774.154|3795.103 -8775.966|3845.644 -8792.212|3849.412 -8789.743|3841.562 -8776.567
94 RIVERGLEN DR SE,4357.585 -7874.742|4353.768 -7842.918|4341.772 -7845.331|4345.533 -7876.699
66 RIVERWOOD CR SE,4132.184 -8852.824|4118.727 -8820.566|4108.633 -8824.814|4122.097 -8857.072
268 RIVERVIEW CL SE,3890.712 -8869.259|3869.146 -8838.536|3863.812 -8842.216|3858.388 -8845.763|3879.226 -8878.777|3880.527 -8878.243
196 RIVERCREST CL SE,4488.922 -7747.380|4479.764 -7746.790|4479.757 -7779.526|4488.915 -7780.116|4488.922 -7779.982
15 RIVER ROCK WY SE,4348.553 -8772.375|4337.851 -8768.360|4328.749 -8806.689|4339.738 -8809.503
343 RIVERVIEW PL SE,3856.032 -9062.360|3855.256 -9062.593|3853.473 -9063.005|3851.656 -9063.194|3849.831 -9063.160|3848.021 -9062.905|3841.240 -9096.163|3857.074 -9096.441|3865.385 -9093.961
254 RIVERVIEW CI SE,3835.648 -9106.037|3829.398 -9103.780|3823.254 -9101.267|3809.175 -9134.125|3816.662 -9137.194|3824.267 -9139.941
157 RIVER ROCK PL SE,4556.387 -9193.536|4557.547 -9158.099|4547.222 -9157.754|4546.020 -9194.092
208 RIVERSIDE BA SE,3067.597 -7997.913|3066.625 -7961.096|3055.056 -7967.846|3044.004 -7974.306|3061.669 -8004.807|3061.732 -8004.674|3062.795 -8002.661|3064.151 -8000.837|3065.766 -7999.247
248 RIVERSIDE ME SE,2992.394 -7591.863|2984.508 -7591.585|2991.799 -7625.177|2993.729 -7624.876|2995.679 -7624.843|2997.622 -7625.054|2999.517 -7625.532|3009.989 -7592.496
51 RIVERBIRCH CR SE,3848.895 -7984.714|3861.030 -7984.659|3860.897 -7954.180|3848.762 -7954.225
31 RIVERBIRCH PL SE,3751.818 -7646.181|3751.252 -7642.690|3750.574 -7639.598|3749.581 -7636.596|3710.847 -7651.641|3711.623 -7653.687|3713.888 -7659.858
323 RIVERGLEN DR SE,4133.533 -8321.835|4127.011 -8292.057|4114.645 -8294.681|4120.719 -8324.559
151 RIVERBEND DR SE,3393.577 -8080.787|3384.720 -8072.447|3362.749 -8095.976|3371.452 -8104.482
130 RIVERGLEN CL SE,4326.946 -8000.526|4339.417 -7998.992|4337.131 -7983.925|4335.222 -7968.802|4330.378 -7965.389|4319.172 -7968.091
124 RIVERCROFT CL SE,4596.163 -7989.518|4595.729 -7986.771|4595.163 -7984.058|4594.478 -7981.356|4593.667 -7978.699|4592.737 -7976.085|4591.689 -7973.506|4590.521 -7970.982|4589.242 -7968.524|4564.873 -7980.378|4565.698 -7982.368|4566.271 -7984.447|4566.600 -7986.571|4566.670 -7988.717
220 RIVERSTONE PL SE,4490.180 -8185.532|4459.758 -8183.964|4459.765 -8197.853|4490.110 -8197.864|4490.110 -8188.323
200 RIVERVALLEY CR SE,3633.602 -8252.194|3630.358 -8249.580|3629.394 -8248.913|3628.317 -8248.446|3627.171 -8248.191|3625.996 -8248.146|3624.836 -8248.324|3623.724 -8248.724|3622.718 -8249.325|3621.837 -8250.103|3605.200 -8267.905|3610.051 -8272.253|3615.105 -8276.367
67 RIVERBEND DR SE,3607.283 -8233.391|3584.536 -8213.209|3580.167 -8218.023|3576.301 -8222.160|3598.419 -8243.009|3602.292 -8238.861
51 RIVERBROOK RD SE,3552.345 -7860.854|3549.045 -7830.554|3541.475 -7831.387|3544.781 -7861.677
116 RIVERBROOK WY SE,3427.145 -7866.214|3422.049 -7858.575|3396.870 -7875.599|3401.959 -7883.227
107 RIVERVIEW PA SE,3358.030 -8532.983|3343.211 -8520.663|3328.419 -8545.526|3327.846 -8546.727|3327.489 -8548.005|3327.370 -8549.318|3327.475 -8550.641|3327.818 -8551.920|3328.370 -8553.120|3329.132 -8554.210|3330.069 -8555.144|3335.836 -8559.926
164 RIVERWOOD CL SE,4146.004 -8679.227|4152.848 -8694.460|4178.936 -8673.222|4177.538 -8671.221|4176.420 -8669.041|4175.609 -8666.739|4175.112 -8664.349
208 RIVERGLEN DR SE,4665.522 -8146.258|4631.409 -8139.186|4630.122 -8145.469|4629.955 -8146.859|4630.053 -8148.249|4630.402 -8149.605|4631.003 -8150.862|4631.828 -8151.985|4632.856 -8152.941|4634.037 -8153.675|4635.330 -8154.186|4648.815 -8158.045|4662.349 -8161.714
45 RIVERWOOD CR SE,4163.243 -8784.361|4149.569 -8749.902|4139.097 -8754.528|4153.742 -8789.588|4156.161 -8788.576|4158.035 -8787.708|4159.845 -8786.708|4161.586 -8785.596
163 RIVERWOOD CI SE,4043.447 -8536.641|4042.077 -8526.534|4006.977 -8526.545|4008.977 -8541.656
184 RIVERBROOK RD SE,3566.941 -7643.401|3574.253 -7635.184|3571.310 -7632.048|3568.290 -7628.990|3565.200 -7626.010|3562.034 -7623.097|3552.177 -7614.246|3544.313 -7623.086
756 RIVERBEND DR SE,3351.306 -7419.355|3340.345 -7387.197|3333.808 -7389.632|3327.405 -7392.390|3341.512 -7423.280|3346.356 -7421.189
67 RIVERSIDE WY SE,3238.095 -7311.262|3220.367 -7297.874|3212.936 -7292.259|3206.840 -7300.788|3204.072 -7303.801|3228.091 -7323.783|3233.146 -7317.567
245 RIVERSIDE CI SE,3201.507 -7480.868|3201.024 -7480.434|3178.487 -7505.798|3189.784 -7515.927|3212.335 -7490.586
20 RIVER ROCK CI SE,4447.496 -8613.555|4413.012 -8608.662|4411.614 -8617.636|4445.944 -8623.540
55 RIVERVIEW TC SE,3826.204 -8750.781|3821.024 -8736.525|3792.167 -8761.589|3793.348 -8763.157|3794.313 -8764.858|3795.047 -8766.670|3795.543 -8768.561|3832.544 -8761.422
96 RIVERGLEN DR SE,4369.657 -7873.052|4365.834 -7841.095|4361.548 -7841.362|4353.768 -7842.918|4357.585 -7874.742
70 RIVERWOOD CR SE,4122.097 -8857.072|4108.633 -8824.814|4099.084 -8828.828|4112.548 -8861.086
272 RIVERVIEW CL SE,3901.330 -8859.885|3879.080 -8831.141|3874.151 -8834.899|3869.146 -8838.536|3890.712 -8869.259|3896.877 -8863.810
192 RIVERCREST CL SE,4479.764 -7746.790|4470.607 -7746.212|4470.607 -7779.059|4479.757 -7779.526
19 RIVER ROCK WY SE,4358.053 -8775.944|4348.553 -8772.375|4339.738 -8809.503|4348.266 -8811.671
26 RIVER ROCK CR SE,4378.906 -8936.343|4367.462 -8932.673|4355.648 -8963.596|4366.302 -8967.777
347 RIVERVIEW PL SE,3848.021 -9062.905|3846.133 -9062.382|3844.337 -9061.626|3842.652 -9060.636|3841.114 -9059.435|3818.137 -9085.366|3837.256 -9096.085|3841.240 -9096.163
9 RIVER ROCK CR SE,4318.138 -8966.232|4308.008 -8962.985|4305.156 -8969.623|4302.129 -8976.184|4298.928 -8982.655|4295.558 -8989.038|4297.565 -8994.664|4305.834 -8997.922
258 RIVERVIEW CI SE,3846.294 -9115.867|3847.846 -9109.640|3841.709 -9107.961|3835.648 -9106.037|3824.267 -9139.941|3831.656 -9142.287|3839.136 -9144.344
161 RIVER ROCK PL SE,4566.761 -9192.969|4567.886 -9158.443|4557.547 -9158.099|4556.387 -9193.536
145 RIVERSIDE BA SE,3044.004 -7974.306|3025.235 -7941.904|3017.923 -7946.174|3016.741 -7947.041|3015.742 -7948.120|3014.973 -7949.365|3014.462 -7950.744|3014.232 -7952.190|3014.281 -7953.657|3014.616 -7955.092|3015.224 -7956.426|3030.240 -7982.346
171 RIVERSIDE ME SE,3079.586 -7616.726|3036.427 -7613.078|3039.425 -7626.822|3076.783 -7629.969|3078.104 -7623.331
8 RIVERBEND GA SE,3850.251 -8024.177|3850.125 -7993.699|3837.983 -7993.754|3838.115 -8024.233
32 RIVERBIRCH PL SE,3798.116 -7638.575|3797.018 -7631.859|3796.277 -7627.734|3764.883 -7633.861|3765.470 -7637.152|3766.547 -7643.713
31 RIVERGLEN RD SE,4134.281 -8281.204|4127.444 -8251.504|4115.665 -8254.139|4122.048 -8283.940
155 RIVERBEND DR SE,3384.720 -8072.447|3374.325 -8062.640|3370.858 -8066.242|3357.912 -8080.097|3356.989 -8081.309|3356.304 -8082.666|3355.898 -8084.122|3355.766 -8085.635|3355.926 -8087.147|3356.360 -8088.592|3357.066 -8089.938|3358.009 -8091.128|3362.749 -8095.976
70 RIVERGLEN CL SE,4330.413 -8041.490|4327.952 -8009.466|4315.292 -8011.023|4317.634 -8041.535|4320.829 -8041.346|4324.023 -8041.279|4327.218 -8041.324
181 RIVERGLEN DR SE,4635.170 -8010.801|4605.083 -8006.797|4604.251 -8011.735|4602.860 -8018.484|4632.590 -8024.655|4633.974 -8017.906|4634.638 -8014.370
205 RIVERGLEN DR SE,4611.905 -8125.320|4582.182 -8119.160|4579.421 -8132.603|4609.144 -8138.764
100 RIVERVALLEY CR SE,3852.061 -8303.188|3862.414 -8303.143|3862.282 -8272.653|3851.929 -8272.709
71 RIVERBEND DR SE,3598.419 -8243.009|3576.301 -8222.160|3567.102 -8232.001|3589.233 -8252.861
55 RIVERBROOK RD SE,3544.781 -7861.677|3541.475 -7831.387|3533.911 -7832.210|3533.687 -7832.244|3537.210 -7862.511
120 RIVERBROOK WY SE,3422.049 -7858.575|3416.625 -7850.435|3391.445 -7867.470|3396.870 -7875.599
118 RIVERVIEW PA SE,3330.257 -8574.748|3328.433 -8573.236|3326.454 -8571.423|3324.231 -8569.933|3321.806 -8568.799|3319.240 -8568.032|3294.375 -8594.218|3306.147 -8604.003
160 RIVERWOOD CL SE,4175.112 -8664.349|4174.980 -8663.103|4174.707 -8660.568|4174.218 -8658.066|4173.519 -8655.620|4172.617 -8653.240|4140.873 -8667.640|4144.501 -8675.891|4146.004 -8679.227
135 RIVERSTONE CV SE,4640.741 -8359.486|4636.659 -8339.615|4604.894 -8347.054|4604.894 -8352.002|4605.034 -8353.459|4605.460 -8354.860|4606.152 -8356.161|4607.075 -8357.295|4608.207 -8358.229|4609.494 -8358.918|4610.892 -8359.352|4612.353 -8359.497
53 RIVERWOOD CR SE,4143.648 -8793.835|4129.024 -8758.831|4118.923 -8763.068|4133.554 -8798.083
124 RIVERWOOD CI SE,4114.617 -8623.407|4111.366 -8613.099|4078.043 -8623.284|4081.496 -8634.237
883 RIVERBEND DR SE,3618.132 -7619.228|3614.882 -7615.325|3611.540 -7611.511|3585.836 -7634.773|3591.156 -7641.378
748 RIVERBEND DR SE,3323.337 -7433.977|3327.678 -7430.963|3332.159 -7428.172|3315.053 -7398.850|3309.132 -7402.531|3303.407 -7406.512
63 RIVERSIDE WY SE,3228.091 -7323.783|3204.072 -7303.801|3194.209 -7314.509|3217.997 -7335.625|3220.325 -7332.956
186 RIVERSIDE CI SE,3071.840 -7537.733|3054.546 -7506.654|3043.368 -7512.936|3053.546 -7531.217|3060.914 -7544.438
24 RIVER ROCK CI SE,4445.944 -8623.540|4411.614 -8617.636|4409.957 -8626.554|4444.106 -8633.470
59 RIVERVIEW TC SE,3815.949 -8722.570|3811.062 -8709.138|3803.170 -8711.506|3786.106 -8757.352|3787.812 -8758.119|3789.406 -8759.087|3790.867 -8760.254|3792.167 -8761.589|3821.024 -8736.525|3820.954 -8736.336
98 RIVERGLEN DR SE,4381.653 -7871.640|4378.319 -7840.316|4365.834 -7841.095|4369.657 -7873.052
74 RIVERWOOD CR SE,4112.548 -8861.086|4099.084 -8828.828|4089.542 -8832.842|4103.006 -8865.100
276 RIVERVIEW CL SE,3912.375 -8850.122|3889.097 -8822.913|3884.141 -8827.094|3879.080 -8831.141|3901.330 -8859.885
32 RIVERCREST CL SE,4569.410 -7788.122|4571.598 -7788.344|4573.157 -7788.344|4574.681 -7788.010|4576.107 -7787.377|4577.365 -7786.454|4578.407 -7785.286|4579.190 -7783.930|4579.665 -7782.451|4579.826 -7780.894|4579.826 -7755.842|4569.403 -7754.763
23 RIVER ROCK WY SE,4367.029 -8779.313|4358.053 -8775.944|4348.266 -8811.671|4356.984 -8813.895
30 RIVER ROCK CR SE,4390.384 -8940.034|4378.906 -8936.343|4366.302 -8967.777|4376.885 -8972.125
110 RIVERVIEW CI SE,3849.671 -8981.910|3844.337 -8954.534|3843.890 -8953.044|3843.135 -8951.676|3842.121 -8950.509|3840.884 -8949.564|3839.486 -8948.897|3837.969 -8948.541|3836.417 -8948.496|3834.893 -8948.785|3828.245 -8950.765|3835.144 -8986.236
351 RIVERVIEW PL SE,3841.114 -9059.435|3839.800 -9058.101|3838.661 -9056.622|3837.710 -9055.010|3836.976 -9053.297|3807.155 -9063.928|3814.075 -9083.342|3818.137 -9085.366
13 RIVER ROCK CR SE,4328.546 -8969.734|4318.138 -8966.232|4305.834 -8997.922|4316.040 -9001.936
606 RIVERVIEW PL SE,3776.599 -9149.892|3777.697 -9146.412|3778.927 -9142.976|3779.284 -9141.731|3779.416 -9140.441|3779.332 -9139.151|3779.025 -9137.883|3778.501 -9136.694|3777.788 -9135.615|3776.893 -9134.681|3775.858 -9133.903|3770.056 -9130.133|3751.839 -9118.135|3744.562 -9137.272
165 RIVER ROCK PL SE,4576.533 -9192.447|4577.638 -9158.766|4567.886 -9158.443|4566.761 -9192.969
33 RIVER ROCK CO SE,4622.901 -8916.428|4622.929 -8892.954|4622.468 -8892.498|4587.250 -8916.339|4588.124 -8917.795|4588.844 -8919.330|4589.396 -8920.920|4589.787 -8922.577
137 RIVERSIDE BA SE,3066.625 -7961.096|3049.464 -7931.474|3047.520 -7931.997|3045.528 -7932.264|3043.459 -7932.508|3041.439 -7932.997|3039.488 -7933.720|3037.629 -7934.665|3036.294 -7935.455|3055.056 -7967.846
107 RIVERSIDE ME SE,3087.163 -7676.004|3087.149 -7682.475|3087.296 -7688.947|3087.569 -7690.681|3088.233 -7692.316|3089.254 -7693.739|3090.589 -7694.896|3092.148 -7695.696|3093.853 -7696.108|3095.615 -7696.119|3097.321 -7695.719|3102.955 -7693.728|3108.645 -7691.905|3114.377 -7690.248|3120.158 -7688.736|3119.991 -7682.075|3120.019 -7675.403
12 RIVERBEND GA SE,3838.115 -8024.233|3837.983 -7993.754|3824.652 -7993.810|3824.778 -8024.288
36 RIVERBIRCH PL SE,3796.277 -7627.734|3795.166 -7622.486|3793.887 -7617.282|3763.017 -7625.477|3764.009 -7629.658|3764.883 -7633.861
232 RIVERGLEN PL SE,4193.616 -8143.000|4192.071 -8139.864|4181.292 -8118.059|4170.569 -8125.276|4166.192 -8128.211|4157.454 -8130.202|4158.125 -8131.592|4158.084 -8137.507|4186.626 -8150.306|4187.870 -8148.048|4189.485 -8146.036|4191.421 -8144.335
135 RIVERGREEN PL SE,3416.632 -8046.828|3412.780 -8041.501|3411.850 -8040.445|3410.732 -8039.578|3409.473 -8038.944|3408.117 -8038.544|3406.712 -8038.421|3405.314 -8038.555|3403.958 -8038.966|3402.707 -8039.611|3396.981 -8043.481|3391.417 -8047.573|3386.027 -8051.898|3380.812 -8056.435|3393.514 -8068.399
66 RIVERGLEN CL SE,4317.634 -8041.535|4315.292 -8011.023|4310.001 -8011.679|4304.925 -8012.424|4299.892 -8013.380|4306.212 -8043.192|4311.895 -8042.180
141 RIVERGLEN DR SE,4568.306 -7903.019|4564.419 -7901.785|4560.490 -7900.729|4556.527 -7899.817|4552.521 -7899.083|4547.649 -7929.150|4550.424 -7929.662|4553.185 -7930.284|4555.919 -7931.029|4558.617 -7931.885
107 RIVERSTONE CO SE,4383.988 -8357.139|4379.423 -8320.189|4367.001 -8323.536|4371.328 -8358.574
104 RIVERVALLEY CR SE,3852.061 -8303.188|3851.929 -8272.709|3841.583 -8272.754|3841.716 -8303.232
12 RIVERBROOK PL SE,3544.264 -7776.290|3533.946 -7752.506|3528.409 -7755.864|3522.978 -7759.389|3534.938 -7777.313
91 RIVERBROOK RD SE,3492.331 -7811.295|3486.900 -7803.155|3461.678 -7820.123|3467.110 -7828.263
124 RIVERBROOK WY SE,3416.625 -7850.435|3411.529 -7842.796|3386.356 -7859.842|3391.445 -7867.470
110 RIVERVIEW PA SE,3310.439 -8561.315|3309.174 -8559.192|3308.209 -8556.912|3307.566 -8554.510|3307.259 -8552.053|3261.730 -8567.109|3280.184 -8582.443
156 RIVERWOOD CL SE,4172.617 -8653.240|4168.297 -8642.866|4136.029 -8656.020|4140.873 -8667.640
183 RIVERSTONE CR SE,4540.204 -8330.041|4540.204 -8313.028|4531.508 -8314.685|4522.742 -8315.875|4513.920 -8316.598|4505.077 -8316.831|4505.454 -8330.052
77 RIVERWOOD CR SE,4083.076 -8819.310|4068.438 -8784.295|4058.343 -8788.531|4072.849 -8823.402|4075.484 -8822.535|4078.029 -8821.434
128 RIVERWOOD CI SE,4111.366 -8613.099|4108.472 -8603.280|4074.967 -8612.865|4078.043 -8623.284
223 RIVERBROOK WY SE,3470.983 -7623.731|3477.617 -7616.292|3479.937 -7613.679|3462.846 -7598.379|3461.846 -7597.622|3460.728 -7597.044|3459.539 -7596.655|3458.295 -7596.477|3457.037 -7596.522|3455.806 -7596.766|3454.821 -7597.122|3453.898 -7597.622|3453.052 -7598.245|3452.304 -7598.979|3448.319 -7603.449
103 RIVERSIDE RD SE,3506.816 -7394.558|3507.550 -7393.569|3508.123 -7392.479|3508.507 -7391.311|3508.689 -7390.088|3508.675 -7388.865|3508.493 -7387.753|3508.144 -7386.697|3507.641 -7385.696|3506.997 -7384.784|3506.222 -7383.972|3501.629 -7379.981|3480.580 -7405.300|3484.334 -7408.558|3488.116 -7411.960|3489.899 -7413.550
7 RIVERSIDE WY SE,3212.335 -7490.586|3220.122 -7481.846|3234.215 -7466.034|3223.387 -7456.316|3201.507 -7480.868
190 RIVERSIDE CI SE,3083.270 -7530.716|3066.234 -7500.093|3054.546 -7506.654|3071.840 -7537.733
28 RIVER ROCK CI SE,4444.106 -8633.470|4409.957 -8626.554|4408.042 -8635.416|4441.967 -8643.333
63 RIVERVIEW TC SE,3786.106 -8757.352|3803.170 -8711.506|3773.614 -8720.391|3778.766 -8756.563|3780.626 -8756.418|3782.485 -8756.496|3784.324 -8756.818
100 RIVERGLEN DR SE,4394.187 -7870.428|4391.586 -7839.494|4378.319 -7840.316|4381.653 -7871.640
78 RIVERWOOD CR SE,4103.006 -8865.100|4089.542 -8832.842|4079.441 -8837.090|4092.911 -8869.337
280 RIVERVIEW CL SE,3926.398 -8844.017|3900.226 -8813.450|3898.073 -8814.973|3896.059 -8816.686|3889.097 -8822.913|3912.375 -8850.122|3912.844 -8849.711
28 RIVERCREST CL SE,4569.403 -7754.763|4560.246 -7753.818|4560.253 -7787.176|4569.410 -7788.122
27 RIVER ROCK WY SE,4376.340 -8782.805|4367.029 -8779.313|4356.984 -8813.895|4365.547 -8816.085
34 RIVER ROCK CR SE,4400.989 -8944.249|4392.432 -8940.690|4390.384 -8940.034|4376.885 -8972.125|4386.861 -8976.417
114 RIVERVIEW CI SE,3835.144 -8986.236|3828.245 -8950.765|3815.354 -8954.612|3822.254 -8990.072
355 RIVERVIEW PL SE,3836.326 -9045.569|3802.855 -9039.354|3804.589 -9057.211|3807.155 -9063.928|3836.976 -9053.297|3836.438 -9051.407|3836.144 -9049.472|3836.109 -9047.515
17 RIVER ROCK CR SE,4338.885 -8973.415|4328.546 -8969.734|4316.040 -9001.936|4326.246 -9005.951
707 RIVERVIEW PL SE,3865.637 -9149.359|3866.860 -9149.392|3868.063 -9149.214|3869.223 -9148.847|3870.314 -9148.302|3871.292 -9147.580|3872.152 -9146.712|3872.851 -9145.712|3873.382 -9144.622|3874.410 -9142.587|3875.731 -9140.730|3846.294 -9115.867|3839.136 -9144.344|3845.693 -9145.934|3852.306 -9147.302|3858.954 -9148.447
169 RIVER ROCK PL SE,4586.900 -9191.891|4587.991 -9159.111|4577.638 -9158.766|4576.533 -9192.447
26 RIVERSIDE CL SE,3104.493 -7828.741|3102.004 -7820.691|3101.452 -7819.367|3100.655 -7818.178|3099.648 -7817.155|3098.467 -7816.343|3097.153 -7815.776|3095.755 -7815.476|3094.322 -7815.442|3092.917 -7815.687|3080.089 -7819.312|3067.338 -7823.170|3072.183 -7838.826
111 RIVERSIDE ME SE,3120.641 -7662.460|3087.821 -7660.926|3087.380 -7668.454|3087.163 -7676.004|3120.019 -7675.403|3120.235 -7668.932
16 RIVERBEND GA SE,3824.778 -8024.288|3824.652 -7993.810|3812.509 -7993.866|3812.635 -8024.344
64 RIVERBIRCH RD SE,3837.402 -7635.240|3835.788 -7625.343|3805.847 -7630.369|3807.427 -7640.054
244 RIVERGLEN PL SE,4187.639 -8171.488|4157.825 -8171.266|4157.734 -8183.453|4188.101 -8183.686|4188.115 -8181.774|4188.017 -8176.626
127 RIVERGREEN PL SE,3430.850 -8059.537|3428.921 -8058.981|3427.075 -8058.158|3425.363 -8057.102|3423.804 -8055.823|3422.790 -8054.823|3408.026 -8082.076|3426.593 -8099.579
62 RIVERGLEN CL SE,4306.212 -8043.192|4299.892 -8013.380|4296.271 -8014.214|4292.685 -8015.159|4289.120 -8016.227|4285.597 -8017.405|4295.607 -8046.172|4300.864 -8044.515
172 RIVERCROFT CL SE,4442.855 -7966.345|4440.681 -7935.944|4426.203 -7937.167|4427.322 -7950.110|4428.755 -7963.031|4433.781 -7967.079
147 RIVERSTONE CO SE,4389.475 -8409.490|4385.659 -8372.028|4373.006 -8373.463|4376.662 -8409.501
108 RIVERVALLEY CR SE,3841.716 -8303.232|3841.583 -8272.754|3832.425 -8272.787|3832.558 -8303.265
16 RIVERBROOK PL SE,3553.561 -7775.267|3543.970 -7746.946|3539.398 -7749.426|3533.946 -7752.506|3544.264 -7776.290
95 RIVERBROOK RD SE,3486.900 -7803.155|3482.139 -7796.016|3456.918 -7812.985|3461.678 -7820.123
128 RIVERBROOK WY SE,3411.529 -7842.796|3406.761 -7835.657|3381.595 -7852.704|3386.356 -7859.842
146 RIVERVIEW PA SE,3398.694 -8631.769|3389.068 -8623.607|3388.907 -8623.473|3364.811 -8652.740|3364.972 -8652.873|3374.388 -8661.257
152 RIVERWOOD CL SE,4168.297 -8642.866|4164.158 -8632.269|4131.604 -8644.689|4136.029 -8656.020
107 RIVERSTONE CV SE,4575.038 -8347.054|4540.204 -8338.937|4540.211 -8343.529|4540.211 -8359.519|4567.579 -8359.508|4569.033 -8359.363|4570.431 -8358.930|4571.724 -8358.229|4572.857 -8357.295|4573.779 -8356.161|4574.471 -8354.871|4574.898 -8353.470|4575.038 -8352.013
81 RIVERWOOD CR SE,4072.849 -8823.402|4058.343 -8788.531|4046.488 -8793.513|4062.342 -8824.803|4064.998 -8824.058|4067.732 -8823.736|4070.297 -8823.680
132 RIVERWOOD CI SE,4108.472 -8603.280|4105.753 -8593.417|4072.087 -8602.391|4074.967 -8612.865
215 RIVERBROOK WY SE,3462.496 -7633.271|3439.833 -7612.978|3431.738 -7622.074|3454.415 -7642.367
43 RIVERSIDE RD SE,3338.380 -7378.368|3327.943 -7347.100|3320.708 -7349.702|3313.585 -7352.616|3326.629 -7382.894|3332.452 -7380.503
6 RIVERSIDE WY SE,3236.089 -7443.584|3246.162 -7452.624|3268.042 -7428.072|3257.976 -7419.032
226 RIVERSIDE CI SE,3131.930 -7484.126|3122.388 -7475.575|3098.733 -7502.139|3105.912 -7513.337
32 RIVER ROCK CI SE,4441.967 -8643.333|4408.042 -8635.416|4405.868 -8644.222|4439.548 -8653.140
67 RIVERVIEW TC SE,3778.766 -8756.563|3773.614 -8720.391|3757.508 -8725.239|3767.784 -8759.687|3776.599 -8757.041
102 RIVERGLEN DR SE,4406.162 -7869.538|4404.211 -7838.704|4391.586 -7839.494|4394.187 -7870.428
82 RIVERWOOD CR SE,4092.911 -8869.337|4079.441 -8837.090|4075.197 -8838.869|4073.925 -8839.559|4072.814 -8840.481|4071.898 -8841.593|4071.206 -8842.861|4070.779 -8844.240|4070.619 -8845.674|4070.738 -8847.120|4071.122 -8848.510|4076.050 -8861.442|4080.804 -8874.429
284 RIVERVIEW CL SE,3945.881 -8835.822|3909.097 -8808.035|3906.755 -8809.892|3904.147 -8811.337|3902.148 -8812.316|3900.226 -8813.450|3926.398 -8844.017
24 RIVERCREST CL SE,4560.246 -7753.818|4551.088 -7752.873|4551.095 -7786.220|4560.253 -7787.176
31 RIVER ROCK WY SE,4385.994 -8786.430|4376.340 -8782.805|4365.547 -8816.085|4373.810 -8819.188
38 RIVER ROCK CR SE,4411.146 -8948.474|4400.989 -8944.249|4386.861 -8976.417|4394.061 -8979.631|4396.962 -8980.765
118 RIVERVIEW CI SE,3822.254 -8990.072|3815.354 -8954.612|3803.226 -8958.215|3803.044 -8958.270|3809.951 -8993.719|3813.411 -8992.707
359 RIVERVIEW PL SE,3839.835 -9038.286|3813.285 -9014.713|3802.107 -9032.882|3802.855 -9039.354|3836.326 -9045.569|3836.822 -9043.590|3837.577 -9041.689|3838.591 -9039.910
21 RIVER ROCK CR SE,4349.161 -8977.251|4338.885 -8973.415|4326.246 -9005.951|4336.453 -9009.965
173 RIVER ROCK PL SE,4599.882 -9191.190|4597.281 -9160.211|4594.695 -9159.533|4592.038 -9159.244|4587.991 -9159.111|4586.900 -9191.891
62 RIVERSIDE CL SE,3064.787 -7859.664|3054.154 -7827.418|3041.641 -7831.699|3052.833 -7863.756
252 RIVERSIDE ME SE,2984.508 -7591.585|2977.539 -7591.329|2968.367 -7598.768|2982.474 -7631.659|2983.327 -7630.469|2984.285 -7629.380|2985.347 -7628.379|2986.501 -7627.489|2987.731 -7626.722|2989.038 -7626.077|2990.394 -7625.555|2991.799 -7625.177
20 RIVERBEND GA SE,3812.635 -8024.344|3812.509 -7993.866|3799.171 -7993.921|3799.304 -8024.400
4 RIVERBIRCH PL SE,3773.712 -7694.451|3774.111 -7697.798|3774.425 -7699.221|3775.005 -7700.567|3775.830 -7701.756|3776.879 -7702.779|3778.095 -7703.569|3779.451 -7704.114|3780.877 -7704.381|3782.331 -7704.370|3806.756 -7701.679|3805.505 -7690.959
103 RIVERGLEN PL SE,4118.224 -8223.894|4117.567 -8226.374|4117.091 -8228.898|4116.805 -8231.456|4116.707 -8234.024|4121.356 -8237.527|4133.218 -8234.725|4145.025 -8231.734|4148.430 -8230.855|4148.542 -8215.955
123 RIVERGREEN PL SE,3451.654 -8091.739|3440.434 -8058.425|3438.141 -8059.304|3435.737 -8059.782|3433.283 -8059.860|3430.850 -8059.537|3426.593 -8099.579|3436.030 -8108.463|3444.517 -8099.378
97 RIVERGLEN CL SE,4388.832 -8010.300|4387.238 -8001.060|4386.497 -7996.979|4355.061 -8001.983|4355.921 -8006.831|4357.403 -8015.460
101 RIVERGLEN DR SE,4440.254 -7926.960|4438.087 -7896.570|4429.244 -7897.259|4424.798 -7902.163|4425.050 -7915.184|4425.623 -7928.194
264 RIVERGLEN DR SE,4436.535 -8303.332|4450.817 -8303.332|4450.817 -8272.865|4436.528 -8272.865
112 RIVERVALLEY CR SE,3832.558 -8303.265|3832.425 -8272.787|3822.673 -8272.831|3822.806 -8303.310
20 RIVERBROOK PL SE,3561.481 -7774.389|3553.386 -7742.465|3550.653 -7743.466|3548.025 -7744.733|3543.970 -7746.946|3553.561 -7775.267
99 RIVERBROOK RD SE,3482.139 -7796.016|3477.036 -7788.377|3451.822 -7805.346|3456.918 -7812.985
132 RIVERBROOK WY SE,3406.761 -7835.657|3401.001 -7827.029|3375.842 -7844.086|3381.595 -7852.704
142 RIVERVIEW PA SE,3388.907 -8623.473|3379.519 -8615.668|3355.416 -8644.934|3364.811 -8652.740
140 RIVERWOOD CL SE,4156.762 -8611.353|4153.309 -8600.501|4120.020 -8610.764|4123.697 -8622.350
111 RIVERSTONE CV SE,4577.037 -8339.559|4543.203 -8312.350|4540.204 -8313.028|4540.204 -8330.041|4540.204 -8338.937|4575.038 -8347.054|4575.170 -8345.097|4575.548 -8343.173|4576.177 -8341.316
85 RIVERWOOD CR SE,4062.342 -8824.803|4046.488 -8793.513|4027.683 -8801.419|4055.701 -8829.084|4057.176 -8827.739|4058.784 -8826.571|4060.517 -8825.592
136 RIVERWOOD CI SE,4072.087 -8602.391|4105.753 -8593.417|4103.222 -8583.510|4069.388 -8591.861
219 RIVERBROOK WY SE,3470.983 -7623.731|3448.319 -7603.449|3439.833 -7612.978|3462.496 -7633.271
47 RIVERSIDE RD SE,3348.733 -7375.310|3340.596 -7343.353|3334.235 -7345.110|3327.943 -7347.100|3338.380 -7378.368
10 RIVERSIDE WY SE,3257.976 -7419.032|3247.965 -7410.048|3226.071 -7434.600|3236.089 -7443.584
230 RIVERSIDE CI SE,3141.472 -7492.688|3131.930 -7484.126|3105.912 -7513.337|3107.513 -7515.839|3114.930 -7522.488
36 RIVER ROCK CI SE,4439.548 -8653.140|4405.868 -8644.222|4403.435 -8652.951|4436.843 -8662.870
71 RIVERVIEW TC SE,3767.784 -8759.687|3757.508 -8725.239|3744.688 -8729.086|3754.964 -8763.546
104 RIVERGLEN DR SE,4418.150 -7868.905|4416.836 -7837.926|4404.211 -7838.704|4406.162 -7869.538
62 RIVERWOOD CR SE,4142.278 -8848.576|4128.821 -8816.319|4118.727 -8820.566|4132.184 -8852.824
288 RIVERVIEW CL SE,3964.105 -8818.609|3913.815 -8800.663|3912.983 -8802.709|3911.907 -8804.643|3910.607 -8806.422|3909.097 -8808.035|3945.881 -8835.822|3949.348 -8834.366|3967.908 -8826.560
20 RIVERCREST CL SE,4551.088 -7752.873|4541.931 -7751.916|4541.938 -7785.275|4551.095 -7786.220
35 RIVER ROCK WY SE,4394.571 -8789.643|4385.994 -8786.430|4373.810 -8819.188|4382.387 -8822.401
46 RIVER ROCK CR SE,4439.772 -8960.361|4423.379 -8953.556|4407.175 -8982.755|4409.251 -8983.456|4411.223 -8984.401|4413.061 -8985.591|4414.746 -8986.981
122 RIVERVIEW CI SE,3809.951 -8993.719|3803.044 -8958.270|3796.585 -8960.083|3790.091 -8961.762|3796.969 -8997.100|3803.478 -8995.487
363 RIVERVIEW PL SE,3846.770 -9033.849|3833.879 -9001.203|3818.850 -9005.684|3813.285 -9014.713|3839.835 -9038.286|3841.317 -9036.818|3842.988 -9035.573|3844.819 -9034.583
25 RIVER ROCK CR SE,4359.955 -8981.488|4349.161 -8977.251|4336.453 -9009.965|4347.232 -9014.212
715 RIVERVIEW PL SE,3899.981 -9097.842|3871.642 -9104.169|3882.386 -9136.171|3884.427 -9135.637|3886.517 -9135.404|3888.629 -9135.459|3890.705 -9135.815
177 RIVER ROCK PL SE,4605.866 -9160.545|4603.719 -9160.945|4601.545 -9161.012|4599.385 -9160.767|4597.281 -9160.211|4599.882 -9191.190|4613.541 -9190.456
66 RIVERSIDE CL SE,3052.833 -7863.756|3041.641 -7831.699|3029.779 -7835.991|3041.502 -7867.859|3049.694 -7864.868
256 RIVERSIDE ME SE,2982.474 -7631.659|2968.367 -7598.768|2967.458 -7599.502|2957.546 -7607.541|2974.162 -7646.226|2976.273 -7643.724|2978.112 -7641.011|2979.636 -7638.120|2980.838 -7635.073|2981.551 -7633.305
24 RIVERBEND GA SE,3799.304 -8024.400|3799.171 -7993.921|3788.224 -7993.966|3788.357 -8024.444
4 RIVERBIRCH BA SE,3784.289 -7925.525|3784.317 -7932.030|3784.464 -7933.487|3784.897 -7934.888|3785.589 -7936.178|3786.526 -7937.312|3787.658 -7938.235|3788.951 -7938.924|3790.356 -7939.347|3791.811 -7939.491|3815.557 -7939.380|3815.494 -7925.392
139 RIVERGLEN PL SE,4067.767 -8233.290|4071.486 -8247.223|4084.718 -8244.977|4097.910 -8242.497|4101.600 -8237.193|4100.964 -8234.780|4100.160 -8232.412|4099.189 -8230.110|4098.056 -8227.886
119 RIVERGREEN PL SE,3468.718 -8073.481|3446.726 -8052.754|3445.474 -8054.500|3443.992 -8056.046|3442.301 -8057.369|3440.434 -8058.425|3451.654 -8091.739|3462.678 -8079.942
74 RIVERGLEN CL SE,4330.413 -8041.490|4335.949 -8042.057|4341.626 -8042.836|4345.582 -8038.955|4343.632 -8024.211|4341.234 -8009.511|4340.933 -8007.865|4327.952 -8009.466
108 RIVERCROFT CL SE,4591.276 -8030.360|4560.085 -8023.866|4557.505 -8036.398|4588.704 -8042.891
288 RIVERGLEN DR SE,4376.913 -8311.561|4369.049 -8282.127|4356.753 -8285.441|4364.610 -8314.874
116 RIVERVALLEY CR SE,3822.806 -8303.310|3822.673 -8272.831|3814.117 -8272.865|3814.250 -8303.343
24 RIVERBROOK PL SE,3564.201 -7741.175|3561.460 -7741.119|3558.734 -7741.320|3556.036 -7741.764|3553.386 -7742.465|3561.481 -7774.389|3570.583 -7773.388
103 RIVERBROOK RD SE,3477.036 -7788.377|3471.276 -7779.749|3446.062 -7796.706|3451.822 -7805.346
136 RIVERWOOD CL SE,4153.309 -8600.501|4150.107 -8589.570|4116.595 -8599.100|4120.020 -8610.764
232 RIVERGLEN DR SE,4622.908 -8253.917|4596.512 -8231.100|4592.688 -8235.303|4588.669 -8239.317|4612.828 -8264.514|4617.994 -8259.332
89 RIVERWOOD CR SE,4055.701 -8829.084|4027.683 -8801.419|4009.221 -8809.180|4013.842 -8819.421|4051.737 -8835.278|4052.485 -8833.587|4053.401 -8831.975|4054.478 -8830.474
140 RIVERWOOD CI SE,4103.222 -8583.510|4100.741 -8572.980|4066.753 -8580.675|4069.388 -8591.861
867 RIVERBEND DR SE,3537.525 -7589.027|3547.018 -7597.545|3565.424 -7576.873|3566.144 -7575.884|3566.661 -7574.772|3566.948 -7573.582|3566.997 -7572.370|3566.808 -7571.158|3566.396 -7570.002|3565.759 -7568.956|3564.935 -7568.056|3560.076 -7563.697
184 RIVERSIDE WY SE,3432.276 -7283.352|3438.099 -7276.125|3444.370 -7269.286|3451.046 -7262.848|3443.755 -7253.986|3419.120 -7274.268|3426.747 -7283.530
14 RIVERSIDE WY SE,3247.965 -7410.048|3240.234 -7403.098|3237.955 -7401.052|3216.054 -7425.615|3226.071 -7434.600
234 RIVERSIDE CI SE,3151.238 -7501.450|3141.472 -7492.688|3114.930 -7522.488|3116.209 -7523.633|3124.688 -7531.239
40 RIVER ROCK CI SE,4436.843 -8662.870|4403.435 -8652.951|4400.681 -8661.825|4434.047 -8671.732|4434.690 -8669.920
75 RIVERVIEW TC SE,3754.964 -8763.546|3744.688 -8729.086|3719.927 -8736.536|3740.822 -8762.890|3741.570 -8763.712|3742.437 -8764.402|3743.394 -8764.969|3744.422 -8765.380|3745.506 -8765.625|3746.610 -8765.714|3747.715 -8765.647|3748.798 -8765.403
106 RIVERGLEN DR SE,4430.153 -7868.527|4429.475 -7837.136|4416.836 -7837.926|4418.150 -7868.905
4 RIVERWOOD CR SE,4267.380 -8864.388|4267.575 -8862.921|4267.485 -8861.442|4267.100 -8860.007|4266.443 -8858.673|4265.534 -8857.505|4264.416 -8856.527|4263.129 -8855.793|4261.724 -8855.337|4257.432 -8854.314|4248.827 -8888.206|4254.937 -8889.652|4261.088 -8890.864
292 RIVERVIEW CL SE,3952.074 -8793.179|3914.465 -8791.645|3914.731 -8793.913|3914.710 -8796.193|3914.402 -8798.461|3913.815 -8800.663|3964.105 -8818.609|3957.939 -8805.311
16 RIVERCREST CL SE,4541.931 -7751.916|4533.423 -7751.038|4533.423 -7784.397|4541.938 -7785.275
39 RIVER ROCK WY SE,4403.142 -8792.868|4394.571 -8789.643|4382.387 -8822.401|4390.957 -8825.626
50 RIVER ROCK CR SE,4466.776 -8971.580|4439.772 -8960.361|4414.746 -8986.981|4415.990 -8988.282|4417.095 -8989.683|4418.059 -8991.195|4418.870 -8992.796
126 RIVERVIEW CI SE,3796.969 -8997.100|3790.091 -8961.762|3783.268 -8963.330|3776.417 -8964.697|3783.289 -9000.002|3790.147 -8998.634
367 RIVERVIEW PL SE,3846.770 -9033.849|3852.558 -9032.115|3853.837 -9031.603|3854.997 -9030.869|3856.004 -9029.924|3856.822 -9028.812|3857.423 -9027.567|3857.787 -9026.244|3857.898 -9024.865|3857.766 -9023.497|3852.355 -8995.698|3833.879 -9001.203
29 RIVER ROCK CR SE,4370.671 -8985.913|4359.955 -8981.488|4347.232 -9014.212|4358.011 -9018.449
181 RIVER ROCK PL SE,4634.960 -9189.300|4611.178 -9157.954|4609.955 -9158.799|4608.648 -9159.522|4607.285 -9160.100|4605.866 -9160.545|4613.541 -9190.456
70 RIVERSIDE CL SE,3041.502 -7867.859|3029.779 -7835.991|3017.412 -7840.706|3029.695 -7872.363
260 RIVERSIDE ME SE,2974.162 -7646.226|2957.546 -7607.541|2957.357 -7607.686|2947.214 -7615.914|2963.369 -7653.520|2964.348 -7653.098|2967.046 -7651.763|2969.605 -7650.162|2971.981 -7648.305
28 RIVERBEND GA SE,3788.357 -8024.444|3788.224 -7993.966|3776.082 -7994.021|3776.215 -8024.500
8 RIVERBIRCH BA SE,3815.494 -7925.392|3815.438 -7912.793|3784.233 -7912.927|3784.289 -7925.525
135 RIVERGLEN PL SE,4098.056 -8227.886|4096.469 -8225.296|4094.659 -8222.849|4093.652 -8221.437|4092.813 -8219.925|4092.149 -8218.324|4091.681 -8216.656|4064.614 -8221.459|4067.767 -8233.290
115 RIVERGREEN PL SE,3482.328 -8055.379|3448.886 -8043.592|3448.907 -8045.983|3448.543 -8048.340|3447.809 -8050.619|3446.726 -8052.754|3468.718 -8073.481|3473.821 -8068.021|3482.873 -8058.325
58 RIVERGLEN CL SE,4295.607 -8046.172|4285.597 -8017.405|4279.145 -8019.885|4272.853 -8022.732|4272.084 -8023.110|4285.394 -8050.508|4286.163 -8050.130|4290.826 -8048.017
137 RIVERGLEN DR SE,4552.521 -7899.083|4546.719 -7898.305|4539.197 -7897.571|4536.450 -7927.905|4543.608 -7928.605|4547.649 -7929.150
320 RIVERGLEN DR SE,4144.592 -8409.579|4145.088 -8342.473|4131.548 -8346.120|4131.569 -8409.579
120 RIVERVALLEY CR SE,3814.250 -8303.343|3814.117 -8272.865|3804.365 -8272.909|3804.498 -8303.388
28 RIVERBROOK PL SE,3573.994 -7742.954|3572.414 -7742.754|3570.862 -7742.387|3567.563 -7741.586|3564.201 -7741.175|3570.583 -7773.388|3580.866 -7772.254
964 RIVERBEND DR SE,3728.763 -7826.384|3728.693 -7810.783|3700.403 -7813.897|3699.285 -7814.130|3698.229 -7814.564|3697.271 -7815.175|3696.439 -7815.954|3695.761 -7816.877|3695.265 -7817.900|3694.957 -7819.000|3694.860 -7820.135|3694.888 -7826.528
132 RIVERWOOD CL SE,4150.107 -8589.570|4147.136 -8578.573|4113.428 -8587.357|4116.595 -8599.100
230 RIVERGLEN DR SE,4631.961 -8242.431|4603.566 -8222.182|4600.140 -8226.719|4596.512 -8231.100|4622.908 -8253.917|4627.571 -8248.280
49 RIVERWOOD CR SE,4153.742 -8789.588|4139.097 -8754.528|4130.108 -8758.375|4129.024 -8758.831|4143.648 -8793.835
144 RIVERWOOD CI SE,4100.741 -8572.980|4098.455 -8562.416|4064.327 -8569.444|4066.753 -8580.675
820 RIVERBEND DR SE,3504.754 -7438.892|3495.114 -7430.230|3476.701 -7450.901|3476.051 -7451.768|3475.561 -7452.747|3475.247 -7453.792|3475.121 -7454.870|3475.177 -7455.949|3475.428 -7457.016|3475.855 -7458.017|3476.442 -7458.929|3477.190 -7459.718|3482.195 -7464.211
164 RIVERSIDE WY SE,3414.318 -7216.546|3408.537 -7208.863|3406.384 -7205.972|3382.378 -7227.154|3383.049 -7228.044|3388.970 -7235.916
238 RIVERSIDE CI SE,3160.780 -7510.012|3151.238 -7501.450|3124.688 -7531.239|3134.223 -7539.801
44 RIVER ROCK CI SE,4429.272 -8679.883|4430.698 -8677.992|4431.977 -8676.002|4433.096 -8673.900|4434.047 -8671.732|4400.681 -8661.825|4397.661 -8670.620|4429.195 -8679.983
108 RIVERGLEN DR SE,4442.743 -7868.393|4442.764 -7836.313|4429.475 -7837.136|4430.153 -7868.527
8 RIVERWOOD CR SE,4257.432 -8854.314|4252.490 -8852.946|4247.597 -8851.390|4236.447 -8884.526|4242.605 -8886.483|4248.827 -8888.206
296 RIVERVIEW CL SE,3952.074 -8793.179|3949.467 -8787.775|3943.154 -8774.398|3909.460 -8782.126|3911.236 -8784.195|3912.690 -8786.507|3913.773 -8789.009|3914.465 -8791.645
12 RIVERCREST CL SE,4533.423 -7751.038|4524.266 -7750.093|4524.266 -7783.440|4533.423 -7784.397
43 RIVER ROCK WY SE,4411.719 -8796.081|4403.142 -8792.868|4390.957 -8825.626|4399.535 -8828.839
54 RIVER ROCK CR SE,4456.283 -9000.391|4462.274 -8986.302|4468.391 -8972.259|4466.776 -8971.580|4418.870 -8992.796|4419.541 -8994.564|4420.031 -8996.399|4420.324 -8998.267|4420.415 -9000.157
130 RIVERVIEW CI SE,3783.289 -9000.002|3776.417 -8964.697|3769.930 -8965.820|3763.415 -8966.788|3762.597 -8966.888|3769.483 -9002.270|3776.403 -9001.214
302 RIVERVIEW CI SE,3974.423 -9133.947|3974.926 -9126.375|3975.122 -9118.791|3939.303 -9118.613|3939.149 -9124.718|3938.743 -9130.811
33 RIVER ROCK CR SE,4380.751 -8990.272|4370.671 -8985.913|4358.011 -9018.449|4368.217 -9022.463
723 RIVERVIEW PL SE,3937.932 -9138.195|3938.743 -9130.811|3939.149 -9124.718|3939.303 -9118.613|3939.240 -9113.610|3939.016 -9108.606|3938.883 -9106.627|3932.515 -9104.959|3897.723 -9139.796|3899.058 -9141.342|3900.177 -9143.054|3901.044 -9144.911|3901.659 -9146.868
185 RIVER ROCK PL SE,4641.202 -9188.966|4646.159 -9184.196|4647.123 -9174.133|4647.578 -9167.973|4647.787 -9161.813|4616.246 -9150.915|4615.380 -9152.939|4614.233 -9154.807|4612.821 -9156.497|4611.178 -9157.954|4634.960 -9189.300
215 RIVERSIDE CL SE,3227.336 -8031.950|3223.296 -8023.254|3219.500 -8014.937|3218.591 -8012.913|3188.274 -8020.864|3189.336 -8023.188|3190.070 -8025.634|3190.441 -8028.158|3190.462 -8030.704
18 RIVERSIDE CL SE,3112.259 -7853.849|3108.289 -7841.006|3075.972 -7851.091|3077.377 -7855.606|3079.942 -7863.923
24 RIVERGLEN CR SE,4101.146 -8034.752|4095.819 -8023.799|4068.543 -8037.165|4073.862 -8048.129
84 RIVERGLEN WY SE,4039.336 -8161.481|4035.680 -8147.815|4029.494 -8149.449|4023.265 -8150.951|4016.869 -8152.385|4010.445 -8153.675|4007.201 -8158.834|4010.025 -8169.398
211 RIVERBROOK WY SE,3454.415 -7642.367|3431.738 -7622.074|3423.252 -7631.604|3445.929 -7651.908
68 RIVERGREEN CR SE,3585.536 -8028.725|3576.210 -8019.941|3555.441 -8042.157|3564.767 -8050.953
40 RIVERCROFT CL SE,4423.806 -8030.905|4422.163 -8017.772|4390.608 -8022.165|4390.713 -8022.943|4392.153 -8034.518
272 RIVERGLEN DR SE,4424.253 -8303.454|4423.148 -8273.009|4416.179 -8273.376|4409.237 -8273.988|4412.383 -8304.300|4418.311 -8303.777
114 RIVERBEND DR SE,3430.403 -8204.580|3421.078 -8195.796|3409.872 -8207.782|3397.534 -8220.981|3381.253 -8238.405|3375.849 -8244.176|3388.166 -8249.770
79 RIVERVALLEY CR SE,3825.672 -8206.159|3825.721 -8218.357|3856.074 -8218.224|3856.018 -8206.025
180 RIVERBROOK RD SE,3566.941 -7643.401|3544.313 -7623.086|3537.001 -7631.292|3559.629 -7651.608
955 RIVERBEND DR SE,3672.546 -7781.839|3672.036 -7772.866|3636.671 -7777.269|3637.111 -7786.253
226 RIVERVIEW PA SE,3597.958 -8624.697|3565.214 -8613.188|3563.124 -8618.603|3560.677 -8623.874|3591.156 -8639.408
258 RIVERVIEW PA SE,3604.668 -8526.211|3604.613 -8513.969|3569.779 -8514.135|3569.835 -8526.378
20 RIVERWOOD CL SE,4303.185 -8521.619|4302.087 -8510.677|4267.436 -8514.202|4268.533 -8525.133
266 RIVERSTONE CV SE,4764.878 -8275.478|4763.934 -8267.427|4730.820 -8283.017|4730.820 -8288.232|4730.897 -8290.356|4731.121 -8292.480|4731.498 -8294.570|4732.016 -8296.638|4765.514 -8280.871
12 RIVERWOOD CI SE,3981.910 -8678.548|3978.463 -8668.252|3947.216 -8678.537|3949.117 -8689.901
204 RIVERWOOD CI SE,4001.665 -8467.600|4001.672 -8427.648|3990.725 -8427.648|3990.725 -8467.612
152 RIVERBIRCH RD SE,3695.349 -7434.355|3687.261 -7426.827|3664.940 -7451.045|3673.035 -7458.562
744 RIVERBEND DR SE,3323.337 -7433.977|3303.407 -7406.512|3297.884 -7410.770|3292.579 -7415.307|3315.144 -7440.626|3319.156 -7437.201
95 RIVERSIDE WY SE,3294.613 -7235.905|3265.938 -7214.256|3257.095 -7224.341|3286.595 -7246.602
149 RIVERSIDE CI SE,2940.531 -7554.890|2915.372 -7517.551|2907.166 -7519.675|2901.629 -7524.556|2929.689 -7562.629|2935.072 -7558.704
39 RIVERSTONE CL SE,4794.448 -8120.361|4793.029 -8120.138|4782.389 -8118.504|4775.441 -8152.240|4777.838 -8152.441|4787.681 -8153.252
9170 21 ST SE,4396.431 -8644.867|4364.338 -8636.272|4362.814 -8641.787|4361.171 -8647.269|4392.782 -8657.177|4394.676 -8651.039
12 RIVERVIEW CL SE,3890.418 -8619.148|3890.334 -8617.213|3887.538 -8604.014|3849.657 -8616.691|3849.915 -8618.892|3849.901 -8621.105|3849.615 -8623.307|3849.063 -8625.453|3848.489 -8627.476|3848.049 -8629.545
128 RIVERCREST CI SE,4355.152 -7739.674|4321.311 -7739.674|4321.311 -7748.214|4355.159 -7748.214
146 RIVERWOOD CR SE,4144.613 -8959.193|4141.390 -8949.319|4107.955 -8960.338|4111.024 -8970.268
2410 RIVERSTONE RD SE,4704.648 -7916.963|4688.954 -7888.475|4679.461 -7892.712|4694.540 -7920.132|4699.573 -7918.475
65 RIVER ROCK RD SE,4460.883 -8921.910|4452.208 -8918.118|4438.541 -8950.131|4446.902 -8953.600
9548 21 ST SE,4231.637 -9054.899|4236.433 -9050.573|4241.109 -9046.125|4216.873 -9021.029|4212.826 -9024.876|4208.688 -9028.612
78 RIVERVIEW CI SE,3945.258 -8952.399|3935.353 -8918.863|3922.518 -8922.677|3932.431 -8956.213
104 RIVERCREST CR SE,4751.260 -7724.496|4742.152 -7723.840|4742.152 -7757.899|4751.260 -7758.555
106 RIVER ROCK CR SE,4403.289 -9146.623|4406.581 -9136.082|4373.614 -9124.729|4370.321 -9135.270
57 RIVER ROCK CO SE,4622.915 -9011.266|4622.915 -8980.698|4592.668 -8973.582|4592.052 -8975.594|4591.158 -8977.496|4590.011 -8979.253|4588.634 -8980.832|4620.762 -9013.445
78 RIVERSIDE CL SE,3018.517 -7876.844|3005.703 -7845.409|2993.505 -7850.546|3006.871 -7881.748|3012.051 -7879.535
276 RIVERSIDE ME SE,2927.047 -7669.265|2913.863 -7638.598|2902.664 -7643.457|2903.531 -7665.296|2903.670 -7668.376|2903.971 -7670.144|2904.684 -7671.801|2905.775 -7673.224|2907.173 -7674.358|2908.801 -7675.125|2910.563 -7675.470|2912.360 -7675.392|2914.079 -7674.881
32 RIVERBEND GA SE,3776.215 -8024.500|3776.082 -7994.021|3763.946 -7994.077|3764.072 -8024.555
12 RIVERBIRCH BA SE,3815.438 -7912.793|3815.382 -7899.661|3787.190 -7899.783|3785.897 -7902.930|3784.967 -7906.188|3784.408 -7909.535|3784.233 -7912.927
204 RIVERGLEN PL SE,4233.259 -8199.921|4202.906 -8199.676|4202.802 -8213.665|4233.154 -8213.909
111 RIVERGREEN PL SE,3478.295 -8033.573|3445.006 -8033.451|3447.362 -8038.188|3447.935 -8039.478|3448.382 -8040.812|3448.697 -8042.191|3448.886 -8043.592|3482.328 -8055.379
149 RIVERGLEN CL SE,4269.735 -7965.288|4260.005 -7936.144|4247.352 -7941.148|4258.928 -7969.336|4264.297 -7967.223
185 RIVERGLEN DR SE,4632.590 -8024.655|4602.860 -8018.484|4600.406 -8030.426|4630.136 -8036.587
328 RIVERGLEN DR SE,4118.231 -8409.579|4118.217 -8349.712|4104.886 -8353.303|4104.900 -8409.590
124 RIVERVALLEY CR SE,3804.498 -8303.388|3804.365 -8272.909|3795.208 -8272.954|3795.341 -8303.432
32 RIVERBROOK PL SE,3595.707 -7770.631|3582.152 -7740.919|3580.251 -7741.898|3578.230 -7742.565|3576.126 -7742.921|3573.994 -7742.954|3580.866 -7772.254
1000 RIVERBEND DR SE,3698.292 -7925.247|3698.585 -7932.197|3698.795 -7933.709|3699.285 -7935.155|3700.040 -7936.489|3701.039 -7937.645|3702.235 -7938.591|3703.591 -7939.291|3705.059 -7939.714|3706.576 -7939.858|3729.260 -7939.758|3729.197 -7925.114
42 RIVERVIEW PA SE,3413.318 -8373.563|3384.259 -8356.150|3382.707 -8358.774|3377.702 -8367.180|3406.761 -8384.582
128 RIVERWOOD CL SE,4147.136 -8578.573|4144.417 -8567.509|4110.520 -8575.548|4113.428 -8587.357
228 RIVERGLEN DR SE,4639.909 -8230.133|4609.752 -8212.630|4606.767 -8217.479|4603.566 -8222.182|4631.961 -8242.431|4636.078 -8236.371
148 RIVERWOOD CI SE,4098.455 -8562.416|4096.379 -8551.808|4062.125 -8558.169|4064.327 -8569.444
824 RIVERBEND DR SE,3513.659 -7446.887|3504.754 -7438.892|3482.195 -7464.211|3491.101 -7472.206
160 RIVERSIDE WY SE,3406.384 -7205.972|3398.617 -7195.586|3389.285 -7202.614|3376.653 -7219.482|3382.378 -7227.154
645 RIVERBEND DR SE,3298.772 -7542.003|3307.671 -7532.006|3287.077 -7513.526|3286.098 -7512.803|3284.987 -7512.291|3283.806 -7512.002|3282.589 -7511.947|3281.380 -7512.136|3280.233 -7512.558|3279.192 -7513.192|3278.297 -7514.015|3273.551 -7519.352
242 RIVERSIDE CI SE,3170.322 -7518.574|3160.780 -7510.012|3134.223 -7539.801|3140.892 -7545.783|3143.758 -7548.352
48 RIVER ROCK CI SE,4429.195 -8679.983|4397.661 -8670.620|4395.459 -8676.547|4393.124 -8682.440|4425.455 -8688.189|4425.994 -8685.976|4426.804 -8683.841|4427.881 -8681.840
110 RIVERGLEN DR SE,4455.340 -7868.549|4456.088 -7835.479|4442.764 -7836.313|4442.743 -7868.393
12 RIVERWOOD CR SE,4247.597 -8851.390|4243.032 -8849.744|4238.530 -8847.943|4225.031 -8880.189|4230.701 -8882.458|4236.447 -8884.526
300 RIVERVIEW CL SE,3943.154 -8774.398|3937.786 -8762.456|3897.576 -8771.685|3899.415 -8773.954|3901.470 -8776.022|3903.714 -8777.879|3906.126 -8779.513|3907.866 -8780.725|3909.460 -8782.126
8 RIVERCREST CL SE,4524.266 -7750.093|4515.751 -7749.203|4515.751 -7782.562|4524.266 -7783.440
47 RIVER ROCK WY SE,4420.289 -8799.295|4411.719 -8796.081|4399.535 -8828.839|4408.105 -8832.064
58 RIVER ROCK CR SE,4449.915 -9015.825|4456.283 -9000.391|4420.415 -9000.157|4420.233 -9002.693|4419.695 -9005.183|4418.807 -9007.563|4417.598 -9009.809
134 RIVERVIEW CI SE,3769.483 -9002.270|3762.597 -8966.888|3755.956 -8967.800|3749.336 -8968.856|3756.229 -9004.194|3768.197 -9002.448
306 RIVERVIEW CI SE,3975.122 -9118.791|3975.045 -9112.598|3974.849 -9105.604|3938.883 -9106.627|3939.016 -9108.606|3939.240 -9113.610|3939.303 -9118.613
37 RIVER ROCK CR SE,4390.755 -8994.787|4380.751 -8990.272|4368.217 -9022.463|4378.423 -9026.488
727 RIVERVIEW PL SE,3930.872 -9167.306|3933.060 -9160.589|3934.927 -9153.773|3936.220 -9148.091|3937.296 -9142.365|3937.932 -9138.195|3901.659 -9146.868|3902.008 -9148.925|3902.064 -9151.004|3902.085 -9152.228|3902.302 -9153.417|3902.714 -9154.563|3903.302 -9155.630|3904.050 -9156.586|3904.944 -9157.398|3905.965 -9158.065|3907.076 -9158.555|3911.914 -9160.289|3916.709 -9162.135|3917.129 -9162.302|3923.972 -9164.893
189 RIVER ROCK PL SE,4647.787 -9161.813|4647.732 -9155.308|4647.403 -9148.814|4646.788 -9142.342|4645.893 -9135.893|4616.086 -9140.741|4616.785 -9143.232|4617.050 -9145.812|4616.869 -9148.391|4616.246 -9150.915
109 RIVERSIDE BA SE,3024.368 -7915.818|3012.051 -7879.535|3006.871 -7881.748|2997.112 -7886.051|3013.428 -7922.212
115 RIVERSIDE ME SE,3121.948 -7650.017|3089.219 -7647.026|3088.429 -7653.965|3087.821 -7660.926|3120.641 -7662.460|3121.207 -7656.233
36 RIVERBEND GA SE,3764.072 -8024.555|3763.946 -7994.077|3752.999 -7994.121|3753.125 -8024.600
16 RIVERBIRCH BA SE,3815.382 -7899.661|3815.305 -7882.070|3790.447 -7887.908|3790.573 -7889.109|3790.601 -7890.321|3790.517 -7891.533|3790.329 -7892.734|3790.035 -7893.912|3789.643 -7895.058|3789.161 -7896.170|3788.574 -7897.226|3787.190 -7899.783
208 RIVERGLEN PL SE,4233.364 -8185.933|4203.011 -8185.688|4202.906 -8199.676|4233.259 -8199.921
107 RIVERGREEN PL SE,3478.295 -8033.573|3474.625 -8013.747|3467.830 -8014.681|3461.084 -8015.893|3454.387 -8017.383|3447.760 -8019.140|3446.243 -8019.763|3444.901 -8020.708|3443.797 -8021.909|3442.979 -8023.332|3442.482 -8024.900|3442.350 -8026.535|3442.566 -8028.158|3443.139 -8029.704|3445.006 -8033.451
154 RIVERGLEN CL SE,4278.655 -8010.389|4267.687 -7981.968|4261.599 -7984.481|4255.622 -7987.261|4255.188 -7987.472|4268.498 -8014.859|4268.925 -8014.648|4273.748 -8012.413
189 RIVERGLEN DR SE,4630.136 -8036.587|4600.406 -8030.426|4597.833 -8042.947|4627.564 -8049.118
9021 21 ST SE,4335.068 -8362.243|4333.216 -8349.133|4303.241 -8353.804|4304.981 -8366.135
128 RIVERVALLEY CR SE,3795.341 -8303.432|3795.208 -8272.954|3785.456 -8272.998|3785.589 -8303.477
36 RIVERBROOK PL SE,3626.870 -7767.195|3586.430 -7736.805|3585.536 -7738.006|3584.515 -7739.096|3583.382 -7740.074|3582.152 -7740.919|3595.707 -7770.631
968 RIVERBEND DR SE,3728.826 -7839.772|3728.763 -7826.373|3694.888 -7826.528|3694.950 -7839.916
46 RIVERVIEW PA SE,3406.761 -8384.582|3377.702 -8367.180|3376.345 -8369.460|3370.837 -8378.722|3399.903 -8396.113
124 RIVERWOOD CL SE,4144.417 -8567.509|4141.936 -8556.390|4107.871 -8563.673|4110.520 -8575.548
204 RIVERGLEN DR SE,4667.983 -8134.271|4633.876 -8127.199|4631.409 -8139.186|4665.522 -8146.258
33 RIVERWOOD CR SE,4223.284 -8764.947|4217.517 -8755.195|4189.771 -8783.094|4191.323 -8784.817|4192.637 -8786.741|4193.693 -8788.809|4194.469 -8791.000|4195.189 -8793.135
152 RIVERWOOD CI SE,4096.379 -8551.808|4094.603 -8541.723|4060.238 -8547.472|4062.125 -8558.169
828 RIVERBEND DR SE,3522.635 -7454.948|3513.659 -7446.887|3491.101 -7472.206|3500.077 -7480.267
728 RIVERBEND DR SE,3293.711 -7463.721|3268.482 -7441.071|3261.590 -7448.821|3286.818 -7471.461
638 RIVERBEND DR SE,3256.382 -7505.642|3261.974 -7499.359|3262.694 -7498.381|3263.205 -7497.269|3263.498 -7496.079|3263.547 -7494.856|3263.358 -7493.644|3262.939 -7492.499|3262.310 -7491.442|3261.485 -7490.542|3240.912 -7472.083|3231.174 -7483.003
23 RIVERSIDE WY SE,3190.888 -7427.149|3183.373 -7420.411|3181.661 -7418.977|3179.836 -7417.687|3158.194 -7441.994|3162.898 -7446.219|3169.029 -7451.724
112 RIVERGLEN DR SE,4467.335 -7868.960|4468.831 -7834.690|4456.088 -7835.479|4455.340 -7868.549
16 RIVERWOOD CR SE,4238.530 -8847.943|4234.091 -8845.963|4229.729 -8843.840|4213.958 -8875.030|4219.446 -8877.710|4225.031 -8880.189
304 RIVERVIEW CL SE,3937.786 -8762.456|3932.235 -8749.502|3889.460 -8759.999|3893.438 -8765.903|3897.576 -8771.685
17 RIVERCREST CL SE,4548.418 -7801.009|4539.316 -7800.075|4535.947 -7832.733|4545.048 -7833.745
51 RIVER ROCK WY SE,4428.867 -8802.520|4420.289 -8799.295|4408.105 -8832.064|4416.682 -8835.278
62 RIVER ROCK CR SE,4444.267 -9029.891|4449.915 -9015.825|4417.598 -9009.809|4416.745 -9011.032|4415.787 -9012.189|4414.550 -9013.656|4413.404 -9015.202|4412.362 -9016.825|4411.425 -9018.505
138 RIVERVIEW CI SE,3756.229 -9004.194|3749.336 -8968.856|3736.733 -8971.002|3743.618 -9006.329
313 RIVERVIEW CI SE,4005.153 -9133.102|4009.480 -9132.924|4004.034 -9094.662|3996.128 -9095.796|3994.807 -9096.119|3993.563 -9096.663|3992.437 -9097.431|3991.473 -9098.387|3990.690 -9099.510|3990.130 -9100.744|3989.802 -9102.068|3989.718 -9103.435|3989.963 -9112.164|3990.046 -9117.568|3989.984 -9122.972|3989.767 -9128.365|3989.417 -9133.758
41 RIVER ROCK CR SE,4390.321 -9031.170|4399.793 -9006.929|4400.199 -9005.573|4400.339 -9004.160|4400.206 -9002.759|4399.814 -9001.392|4399.178 -9000.135|4398.318 -8999.012|4397.256 -8998.067|4396.039 -8997.344|4390.755 -8994.787|4378.423 -9026.488
193 RIVER ROCK PL SE,4645.893 -9135.893|4644.663 -9129.221|4643.132 -9122.605|4612.618 -9132.502|4615.051 -9138.539|4616.086 -9140.741
121 RIVERSIDE BA SE,3079.942 -7863.923|3077.377 -7855.606|3064.787 -7859.664|3052.833 -7863.756|3049.694 -7864.868|3044.060 -7902.319|3046.269 -7902.408|3048.443 -7902.819|3050.533 -7903.542|3052.491 -7904.576|3080.620 -7866.091
123 RIVERSIDE ME SE,3126.737 -7625.054|3094.559 -7618.327|3092.966 -7625.221|3091.567 -7632.148|3124.038 -7637.219|3125.303 -7631.114
40 RIVERBEND GA SE,3753.125 -8024.600|3752.999 -7994.121|3740.256 -7994.177|3740.389 -8024.655
24 RIVERBIRCH BA SE,3815.173 -7850.913|3815.152 -7845.987|3810.181 -7841.540|3786.344 -7844.164|3779.563 -7876.277|3781.472 -7876.833|3783.289 -7877.656|3784.967 -7878.723|3786.470 -7880.024
248 RIVERGLEN PL SE,4188.101 -8183.686|4157.734 -8183.453|4157.650 -8195.651|4188.010 -8195.873
144 RIVERGREEN CR SE,3370.215 -8045.849|3349.404 -8019.607|3344.902 -8023.766|3340.512 -8028.047|3361.442 -8054.433|3365.755 -8050.075
5 RIVERGLEN CL SE,4214.993 -7971.693|4210.568 -7962.575|4204.577 -7960.507|4181.327 -7971.905|4187.716 -7985.059
193 RIVERGLEN DR SE,4627.564 -8049.118|4597.833 -8042.947|4595.380 -8054.889|4625.110 -8061.061
390 RIVERGLEN DR SE,3939.750 -8409.657|3939.743 -8374.764|3927.006 -8374.819|3927.013 -8409.657
132 RIVERVALLEY CR SE,3785.589 -8303.477|3785.456 -8272.998|3776.306 -8273.032|3776.438 -8303.510
40 RIVERBROOK PL SE,3623.256 -7741.976|3588.625 -7731.279|3588.297 -7732.746|3587.821 -7734.159|3587.199 -7735.526|3586.430 -7736.805|3626.870 -7767.195|3626.171 -7760.868|3625.332 -7754.552|3624.361 -7748.258
972 RIVERBEND DR SE,3728.875 -7851.959|3728.826 -7839.772|3694.950 -7839.916|3694.978 -7845.987|3695.230 -7852.114
50 RIVERVIEW PA SE,3399.903 -8396.113|3370.837 -8378.722|3369.984 -8380.146|3364.699 -8389.041|3364.280 -8389.742|3393.346 -8407.133
120 RIVERWOOD CL SE,4141.936 -8556.390|4139.810 -8545.804|4105.599 -8552.364|4107.871 -8563.673
116 RIVERSTONE CR SE,4644.642 -8409.457|4644.635 -8374.475|4632.443 -8374.486|4632.450 -8409.457
25 RIVERWOOD CR SE,4234.482 -8783.861|4229.058 -8774.699|4201.033 -8802.875|4205.584 -8807.779|4210.407 -8812.427
156 RIVERWOOD CI SE,4060.238 -8547.472|4094.603 -8541.723|4093.016 -8531.626|4058.546 -8536.730
832 RIVERBEND DR SE,3531.688 -7463.077|3522.635 -7454.948|3500.077 -7480.267|3509.130 -7488.396
732 RIVERBEND DR SE,3300.611 -7455.971|3275.382 -7433.321|3268.482 -7441.071|3293.711 -7463.721
81 RIVERSIDE CR SE,3329.936 -7569.968|3333.857 -7565.565|3334.724 -7564.386|3335.339 -7563.052|3335.682 -7561.617|3335.745 -7560.161|3335.521 -7558.704|3335.018 -7557.325|3334.256 -7556.069|3333.270 -7554.990|3314.347 -7538.000|3305.455 -7547.996
27 RIVERSIDE WY SE,3179.836 -7417.687|3177.187 -7416.130|3174.384 -7414.851|3172.412 -7413.928|3170.560 -7412.772|3168.868 -7411.393|3167.351 -7409.825|3147.365 -7432.276|3153.370 -7437.669|3158.194 -7441.994
114 RIVERGLEN DR SE,4481.526 -7835.713|4471.047 -7834.545|4468.831 -7834.690|4467.335 -7868.960|4479.324 -7869.627
20 RIVERWOOD CR SE,4229.729 -8843.840|4225.206 -8841.415|4220.774 -8838.825|4202.676 -8868.714|4208.261 -8871.983|4213.958 -8875.030
308 RIVERVIEW CL SE,3932.235 -8749.502|3927.328 -8737.482|3882.365 -8748.523|3885.839 -8754.305|3889.460 -8759.999
21 RIVERCREST CL SE,4557.526 -7801.954|4548.418 -7801.009|4545.048 -7833.745|4554.150 -7834.757
55 RIVER ROCK WY SE,4437.437 -8805.733|4428.867 -8802.520|4416.682 -8835.278|4425.253 -8838.491
66 RIVER ROCK CR SE,4440.023 -9040.732|4444.267 -9029.891|4411.425 -9018.505|4410.153 -9021.329|4407.049 -9029.313
142 RIVERVIEW CI SE,3743.618 -9006.329|3736.733 -8971.002|3724.178 -8973.426|3731.063 -9008.742
317 RIVERVIEW CI SE,4018.204 -9132.557|4023.517 -9132.335|4017.883 -9092.683|4004.034 -9094.662|4009.480 -9132.924
197 RIVER ROCK PL SE,4643.132 -9122.605|4641.762 -9117.590|4640.210 -9112.620|4608.997 -9122.761|4612.618 -9132.502
125 RIVERSIDE BA SE,3083.738 -7876.177|3080.620 -7866.091|3052.491 -7904.576|3053.693 -7905.410|3054.811 -7906.366|3055.825 -7907.423|3056.734 -7908.568|3057.524 -7909.802|3058.195 -7911.114|3058.733 -7912.471|3059.132 -7913.883|3087.709 -7889.020
119 RIVERSIDE ME SE,3124.038 -7637.219|3091.567 -7632.148|3090.281 -7639.565|3089.219 -7647.026|3121.948 -7650.017|3122.899 -7643.602
44 RIVERBEND GA SE,3740.389 -8024.655|3740.256 -7994.177|3726.925 -7994.232|3727.058 -8024.722
28 RIVERBIRCH BA SE,3779.563 -7876.277|3786.344 -7844.164|3760.451 -7847.010|3771.734 -7876.877|3773.635 -7876.310|3775.600 -7876.010|3777.592 -7875.999
252 RIVERGLEN PL SE,4188.010 -8195.873|4157.650 -8195.651|4157.559 -8207.838|4187.919 -8208.071
140 RIVERGREEN CR SE,3379.939 -8037.554|3359.240 -8011.312|3354.263 -8015.382|3349.404 -8019.607|3370.215 -8045.849|3375.003 -8041.613
9 RIVERGLEN CL SE,4220.320 -7982.646|4214.993 -7971.693|4187.716 -7985.059|4193.043 -7996.023
197 RIVERGLEN DR SE,4625.110 -8061.061|4595.380 -8054.889|4592.926 -8066.854|4622.650 -8073.014
188 RIVERSTONE CR SE,4490.124 -8299.540|4459.772 -8299.540|4459.772 -8312.317|4490.124 -8312.328
136 RIVERVALLEY CR SE,3776.438 -8303.510|3776.306 -8273.032|3766.554 -8273.076|3766.687 -8303.555
44 RIVERBROOK PL SE,3623.256 -7741.976|3621.138 -7731.701|3618.656 -7721.516|3588.192 -7724.852|3588.576 -7726.431|3588.779 -7728.043|3588.793 -7729.666|3588.625 -7731.279
976 RIVERBEND DR SE,3728.924 -7862.956|3728.875 -7851.959|3695.230 -7852.114|3695.691 -7863.100
95 RIVERVALLEY DR SE,3588.793 -8390.987|3594.330 -8393.611|3599.922 -8396.102|3618.188 -8360.453|3612.561 -8358.029|3607.003 -8355.438
54 RIVERVIEW PA SE,3393.346 -8407.133|3364.280 -8389.742|3359.415 -8397.926|3357.422 -8401.284|3386.489 -8418.675
116 RIVERWOOD CL SE,4139.810 -8545.804|4137.804 -8534.584|4103.467 -8540.389|4105.599 -8552.364
120 RIVERSTONE CR SE,4632.450 -8409.457|4632.443 -8374.486|4620.252 -8374.486|4620.259 -8409.457|4628.948 -8409.457
21 RIVERWOOD CR SE,4241.102 -8791.411|4239.683 -8790.811|4238.215 -8790.177|4237.432 -8788.843|4234.482 -8783.861|4210.407 -8812.427|4215.776 -8817.030|4221.410 -8821.311
160 RIVERWOOD CI SE,4093.016 -8531.626|4091.534 -8520.907|4056.973 -8525.355|4058.546 -8536.730
836 RIVERBEND DR SE,3540.587 -7471.071|3531.688 -7463.077|3509.130 -7488.396|3518.028 -7496.391
12 RIVERSIDE RD SE,3287.643 -7325.006|3275.773 -7314.353|3253.886 -7338.939|3265.756 -7349.591
76 RIVERSIDE CR SE,3367.111 -7600.202|3343.022 -7578.564|3340.862 -7580.398|3338.884 -7582.422|3334.948 -7586.836|3359.429 -7608.831
31 RIVERSIDE WY SE,3167.351 -7409.825|3166.142 -7408.246|3165.114 -7406.534|3164.282 -7404.721|3163.660 -7402.831|3125.996 -7413.106|3140.585 -7426.193|3147.365 -7432.276
89 RIVERVIEW CL SE,3702.053 -8738.049|3684.388 -8715.776|3683.367 -8714.720|3682.165 -8713.886|3680.823 -8713.297|3679.390 -8712.996|3677.929 -8712.974|3676.489 -8713.241|3675.125 -8713.775|3673.902 -8714.575|3667.946 -8719.335|3690.260 -8747.478
116 RIVERGLEN DR SE,4479.324 -7869.627|4485.811 -7870.083|4487.153 -7870.072|4488.467 -7869.816|4489.719 -7869.338|4490.858 -7868.627|4491.858 -7867.737|4492.676 -7866.670|4493.291 -7865.480|4493.675 -7864.190|4499.352 -7837.703|4481.526 -7835.713
24 RIVERWOOD CR SE,4220.774 -8838.825|4217.237 -8836.590|4213.770 -8834.243|4189.520 -8859.796|4195.993 -8864.411|4202.676 -8868.714
312 RIVERVIEW CL SE,3927.328 -8737.482|3922.630 -8725.417|3875.969 -8736.881|3879.094 -8742.741|3882.365 -8748.523
25 RIVERCREST CL SE,4565.230 -7802.966|4563.503 -7802.632|4561.756 -7802.399|4557.526 -7801.954|4554.150 -7834.757|4564.384 -7835.902|4566.264 -7826.084
59 RIVER ROCK WY SE,4446.014 -8808.958|4437.437 -8805.733|4425.253 -8838.491|4433.830 -8841.716
70 RIVER ROCK CR SE,4436.067 -9051.040|4440.023 -9040.732|4407.049 -9029.313|4403.114 -9039.643
146 RIVERVIEW CI SE,3731.063 -9008.742|3724.178 -8973.426|3711.672 -8976.117|3718.557 -9011.444
321 RIVERVIEW CI SE,4037.554 -9131.757|4031.724 -9090.692|4017.883 -9092.683|4023.517 -9132.335
93 RIVER ROCK CR SE,4366.980 -9096.319|4368.721 -9091.148|4369.084 -9089.714|4369.154 -9088.235|4368.930 -9086.767|4368.427 -9085.377|4367.658 -9084.110|4366.658 -9083.020|4365.463 -9082.153|4364.121 -9081.530|4336.921 -9071.745|4332.964 -9083.987
201 RIVER ROCK PL SE,4640.210 -9112.620|4639.392 -9110.218|4637.092 -9103.346|4605.859 -9113.487|4608.997 -9122.761
113 RIVERSIDE BA SE,3034.700 -7906.077|3026.843 -7873.486|3018.517 -7876.844|3012.051 -7879.535|3024.368 -7915.818|3026.123 -7914.795|3027.856 -7913.638|3029.450 -7912.293|3030.869 -7910.770|3032.106 -7909.091|3033.302 -7907.500
240 RIVERSIDE ME SE,3036.427 -7613.078|3034.378 -7603.716|3006.025 -7629.713|3007.451 -7631.548|3008.576 -7633.594|3009.373 -7635.785|3009.821 -7638.075|3039.425 -7626.822
48 RIVERBEND GA SE,3727.058 -8024.722|3726.925 -7994.232|3714.782 -7994.288|3714.915 -8024.767
32 RIVERBIRCH BA SE,3771.734 -7876.877|3760.451 -7847.010|3737.823 -7849.501|3737.879 -7861.999|3765.352 -7881.803|3766.659 -7880.235|3768.183 -7878.868|3769.881 -7877.745
256 RIVERGLEN PL SE,4187.919 -8208.071|4157.559 -8207.838|4157.405 -8228.509|4183.487 -8221.715|4187.856 -8216.089
132 RIVERGREEN CR SE,3399.519 -8023.955|3382.364 -7995.244|3376.248 -7999.069|3370.264 -8003.095|3389.271 -8030.593|3394.339 -8027.191
13 RIVERGLEN CL SE,4225.640 -7993.610|4220.320 -7982.646|4193.043 -7996.023|4198.370 -8006.975
220 RIVERBEND DR SE,3230.293 -7925.492|3226.498 -7913.227|3194.188 -7923.257|3198.130 -7935.477
192 RIVERSTONE CR SE,4490.124 -8286.753|4459.772 -8286.753|4459.772 -8299.540|4490.124 -8299.540
140 RIVERVALLEY CR SE,3766.687 -8303.555|3766.554 -8273.076|3757.991 -8273.109|3758.123 -8303.599
48 RIVERBROOK PL SE,3618.656 -7721.516|3616.804 -7714.766|3614.791 -7708.072|3585.542 -7716.267|3588.192 -7724.852
980 RIVERBEND DR SE,3728.980 -7875.154|3728.924 -7862.956|3695.691 -7863.100|3696.202 -7875.287
99 RIVERVALLEY DR SE,3607.003 -8355.438|3601.690 -8352.758|3596.455 -8349.934|3577.091 -8384.849|3582.900 -8387.996|3588.793 -8390.987
62 RIVERVIEW PA SE,3379.932 -8429.694|3350.865 -8412.303|3347.768 -8417.507|3344.001 -8423.845|3373.067 -8441.225
112 RIVERWOOD CL SE,4137.804 -8534.584|4136.057 -8523.331|4101.587 -8528.368|4103.467 -8540.389
124 RIVERSTONE CR SE,4620.259 -8409.457|4620.252 -8374.486|4608.061 -8374.486|4608.075 -8409.468
17 RIVERWOOD CR SE,4250.386 -8795.314|4241.102 -8791.411|4221.410 -8821.311|4227.240 -8825.226|4233.294 -8828.784
164 RIVERWOOD CI SE,4091.534 -8520.907|4090.255 -8510.177|4055.617 -8513.946|4056.973 -8525.355
840 RIVERBEND DR SE,3549.493 -7479.066|3540.587 -7471.071|3518.028 -7496.391|3526.934 -7504.385
71 RIVERSIDE WY SE,3246.155 -7300.599|3220.227 -7280.995|3218.263 -7284.809|3212.936 -7292.259|3220.367 -7297.874|3238.095 -7311.262|3240.367 -7308.293|3242.527 -7305.435
80 RIVERSIDE CR SE,3376.359 -7589.805|3351.844 -7572.348|3350.795 -7573.371|3349.663 -7574.305|3348.460 -7575.150|3347.195 -7575.884|3345.056 -7577.140|3343.022 -7578.564|3367.111 -7600.202
35 RIVERSIDE WY SE,3163.255 -7395.303|3125.387 -7389.276|3113.657 -7402.031|3123.954 -7411.271|3125.996 -7413.106|3163.660 -7402.831|3163.262 -7400.974|3163.059 -7399.084|3163.059 -7397.194
47 RIVER ROCK CI SE,4482.840 -8682.696|4449.600 -8672.255|4446.755 -8681.017|4479.715 -8692.314
7 RIVERCREST CI SE,4228.771 -7847.099|4228.771 -7860.443|4233.021 -7863.512|4263.654 -7853.204|4263.612 -7849.257|4263.612 -7847.088
28 RIVERWOOD CR SE,4213.770 -8834.243|4208.604 -8830.429|4176.930 -8843.751|4176.063 -8848.588|4182.641 -8854.359|4189.520 -8859.796
316 RIVERVIEW CL SE,3922.630 -8725.417|3917.947 -8712.730|3869.992 -8724.505|3872.900 -8730.732|3875.969 -8736.881
29 RIVERCREST CL SE,4574.548 -7806.391|4573.206 -7805.913|4571.899 -7805.335|4568.634 -7803.956|4565.230 -7802.966|4566.264 -7826.084|4564.384 -7835.902|4576.002 -7839.104
63 RIVER ROCK WY SE,4454.592 -8812.171|4446.014 -8808.958|4433.830 -8841.716|4442.400 -8844.929
74 RIVER ROCK CR SE,4431.977 -9061.937|4436.067 -9051.040|4403.114 -9039.643|4399.031 -9050.562
150 RIVERVIEW CI SE,3718.557 -9011.444|3711.672 -8976.117|3698.641 -8979.219|3705.534 -9014.590
325 RIVERVIEW CI SE,4039.050 -9131.690|4055.904 -9130.989|4052.157 -9113.243|4048.557 -9095.451|4048.158 -9094.095|4047.508 -9092.838|4046.627 -9091.726|4045.558 -9090.792|4044.334 -9090.081|4042.992 -9089.625|4041.594 -9089.425|4040.182 -9089.491|4031.724 -9090.692|4037.554 -9131.757
97 RIVER ROCK CR SE,4363.499 -9106.804|4366.980 -9096.319|4332.964 -9083.987|4329.567 -9094.517
205 RIVER ROCK PL SE,4637.092 -9103.346|4634.079 -9093.405|4602.832 -9103.546|4605.859 -9113.487
58 RIVERSIDE CL SE,3072.183 -7838.826|3067.338 -7823.170|3054.154 -7827.418|3064.787 -7859.664|3077.377 -7855.606|3075.972 -7851.091
272 RIVERSIDE ME SE,2939.336 -7663.939|2926.061 -7633.060|2925.383 -7633.605|2913.863 -7638.598|2927.047 -7669.265
52 RIVERBEND GA SE,3714.915 -8024.767|3714.782 -7994.288|3700.850 -7994.355|3700.948 -8016.838|3701.109 -8018.395|3701.563 -8019.885|3702.304 -8021.264|3703.304 -8022.476|3704.513 -8023.466|3705.891 -8024.200|3707.387 -8024.644|3708.945 -8024.800
44 RIVERBIRCH BA SE,3769.308 -7912.993|3769.147 -7910.002|3768.686 -7907.045|3767.931 -7904.142|3766.896 -7901.329|3738.047 -7901.463|3738.103 -7913.127
44 RIVERGLEN RD SE,4233.154 -8213.909|4202.802 -8213.665|4202.697 -8227.664|4233.049 -8227.897
128 RIVERGREEN CR SE,3409.669 -8018.273|3394.360 -7988.528|3388.306 -7991.786|3382.364 -7995.244|3399.519 -8023.955|3404.545 -8021.030
17 RIVERGLEN CL SE,4230.966 -8004.562|4225.640 -7993.610|4198.370 -8006.975|4203.689 -8017.939
216 RIVERBEND DR SE,3233.887 -7937.067|3232.824 -7933.676|3230.293 -7925.492|3198.130 -7935.477|3202.136 -7947.230
196 RIVERSTONE CR SE,4490.124 -8286.753|4490.124 -8277.357|4485.643 -8272.865|4459.772 -8272.865|4459.772 -8286.753
144 RIVERVALLEY CR SE,3758.123 -8303.599|3757.991 -8273.109|3748.239 -8273.154|3748.372 -8303.632
52 RIVERBROOK PL SE,3614.791 -7708.072|3612.540 -7701.189|3610.121 -7694.362|3583.194 -7708.628|3585.542 -7716.267
984 RIVERBEND DR SE,3729.036 -7888.542|3728.980 -7875.154|3696.202 -7875.287|3696.761 -7888.675
103 RIVERVALLEY DR SE,3596.455 -8349.934|3591.149 -8346.854|3585.941 -8343.629|3564.522 -8377.310|3570.751 -8381.180|3577.091 -8384.849
66 RIVERVIEW PA SE,3373.067 -8441.225|3344.001 -8423.845|3341.414 -8428.193|3337.443 -8434.865|3366.517 -8452.244
104 RIVERWOOD CL SE,4134.617 -8512.623|4133.351 -8501.304|4098.699 -8504.840|4100.056 -8516.926
128 RIVERSTONE CR SE,4608.075 -8409.468|4608.061 -8374.486|4595.869 -8374.486|4595.883 -8409.468
13 RIVERWOOD CR SE,4259.753 -8799.261|4250.386 -8795.314|4233.294 -8828.784|4239.565 -8831.997|4246.017 -8834.822
168 RIVERWOOD CI SE,4090.255 -8510.177|4089.185 -8499.413|4054.478 -8502.504|4055.617 -8513.946
844 RIVERBEND DR SE,3558.322 -7486.995|3549.493 -7479.066|3526.934 -7504.385|3535.763 -7512.314
228 RIVERSIDE WY SE,3444.027 -7331.666|3445.209 -7331.933|3446.411 -7332.011|3447.613 -7331.889|3448.781 -7331.566|3449.878 -7331.066|3450.857 -7330.421|3451.717 -7329.632|3452.451 -7328.709|3453.024 -7327.686|3454.890 -7323.872|3425.936 -7310.495|3422.951 -7316.866|3420.281 -7323.382|3419.435 -7325.662|3427.718 -7327.308|3435.918 -7329.309
84 RIVERSIDE CR SE,3387.558 -7575.795|3355.884 -7565.509|3355.164 -7567.377|3354.242 -7569.157|3353.137 -7570.813|3351.844 -7572.348|3376.359 -7589.805|3387.635 -7577.140
43 RIVERSIDE WY SE,3177.879 -7378.835|3154.761 -7357.364|3144.164 -7368.872|3166.897 -7386.952|3168.176 -7385.496|3169.602 -7384.195|3171.161 -7383.050|3172.839 -7382.071|3175.439 -7380.581
43 RIVER ROCK CI SE,4485.713 -8673.000|4452.215 -8663.426|4449.600 -8672.255|4482.840 -8682.696
93 RIVERVIEW CL SE,3690.260 -8747.478|3667.946 -8719.335|3657.943 -8727.330|3680.263 -8755.473
11 RIVERCREST CI SE,4263.612 -7847.088|4263.612 -7837.892|4228.771 -7837.904|4228.771 -7847.099
101 RIVERWOOD CR SE,4053.443 -8851.501|4017.295 -8850.522|4024.384 -8868.403|4057.868 -8857.361|4056.547 -8855.448|4055.072 -8853.647
320 RIVERVIEW CL SE,3917.947 -8712.730|3913.682 -8700.565|3864.945 -8712.529|3867.399 -8718.545|3869.992 -8724.505
33 RIVERCREST CL SE,4582.692 -7806.958|4580.644 -7807.169|4578.589 -7807.147|4576.547 -7806.880|4574.548 -7806.391|4576.002 -7839.104|4588.410 -7842.518
67 RIVER ROCK WY SE,4463.162 -8815.385|4454.592 -8812.171|4442.400 -8844.929|4450.978 -8848.154
78 RIVER ROCK CR SE,4427.965 -9072.857|4431.977 -9061.937|4399.031 -9050.562|4395.040 -9061.492
154 RIVERVIEW CI SE,3705.534 -9014.590|3698.641 -8979.219|3685.094 -8982.778|3692.007 -9018.193|3693.287 -9017.837
101 RIVER ROCK CR SE,4360.094 -9117.312|4363.499 -9106.804|4329.567 -9094.517|4326.163 -9105.036
404 RIVERVIEW PL SE,3632.043 -9106.126|3630.135 -9092.794|3590.757 -9098.454|3592.659 -9111.786
209 RIVER ROCK PL SE,4634.079 -9093.405|4631.577 -9083.932|4600.259 -9094.084|4602.832 -9103.546
82 RIVERSIDE CL SE,3006.871 -7881.748|2993.505 -7850.546|2980.845 -7856.162|2994.777 -7887.107|2997.112 -7886.051
268 RIVERSIDE ME SE,2951.080 -7658.846|2936.386 -7624.687|2926.061 -7633.060|2939.336 -7663.939
4 RIVERBEND GA SE,3850.251 -8024.177|3851.754 -8024.177|3853.061 -8024.111|3854.347 -8023.933|3855.620 -8023.644|3856.864 -8023.243|3858.066 -8022.732|3859.220 -8022.120|3860.310 -8021.420|3861.345 -8020.619|3862.295 -8019.729|3863.176 -8018.762|3863.959 -8017.717|3864.658 -8016.616|3865.252 -8015.460|3865.742 -8014.248|3866.126 -8013.002|3866.406 -8011.723|3869.503 -7993.621|3850.125 -7993.699
48 RIVERBIRCH BA SE,3769.357 -7925.180|3769.308 -7912.993|3738.103 -7913.127|3738.152 -7925.325
48 RIVERGLEN RD SE,4233.049 -8227.897|4202.697 -8227.664|4202.585 -8241.652|4232.938 -8241.897
124 RIVERGREEN CR SE,3420.155 -8013.236|3406.747 -7982.590|3400.505 -7985.459|3394.360 -7988.528|3409.669 -8018.273|3414.870 -8015.671
21 RIVERGLEN CL SE,4236.286 -8015.526|4230.966 -8004.562|4203.689 -8017.939|4209.016 -8028.892
212 RIVERBEND DR SE,3238.046 -7949.577|3233.887 -7937.067|3202.136 -7947.230|3206.896 -7960.496
399 RIVERGLEN DR SE,3925.273 -8342.339|3925.140 -8311.861|3907.230 -8311.939|3907.328 -8334.923|3907.475 -8336.390|3907.908 -8337.791|3908.600 -8339.081|3909.537 -8340.215|3910.670 -8341.138|3911.963 -8341.828|3913.368 -8342.250|3914.822 -8342.384
148 RIVERVALLEY CR SE,3748.372 -8303.632|3748.239 -8273.154|3739.088 -8273.198|3739.221 -8303.677
60 RIVERBROOK PL SE,3604.417 -7680.518|3601.642 -7674.781|3598.664 -7669.165|3595.490 -7663.650|3592.114 -7658.246|3574.707 -7698.332|3576.056 -7698.977|3577.329 -7699.755|3578.510 -7700.667|3579.587 -7701.701
988 RIVERBEND DR SE,3729.085 -7899.539|3729.036 -7888.542|3696.761 -7888.675|3697.222 -7899.672
107 RIVERVALLEY DR SE,3585.941 -8343.629|3581.069 -8340.405|3576.287 -8337.035|3552.988 -8369.438|3558.699 -8373.452|3564.522 -8377.310
70 RIVERVIEW PA SE,3366.517 -8452.244|3337.443 -8434.865|3336.122 -8437.089|3330.837 -8445.973|3330.579 -8446.407|3359.652 -8463.775
100 RIVERWOOD CL SE,4133.351 -8501.304|4133.218 -8499.969|4132.862 -8497.456|4132.289 -8494.965|4131.513 -8492.541|4130.541 -8490.195|4097.609 -8492.664|4098.699 -8504.840
132 RIVERSTONE CR SE,4595.883 -8409.468|4595.869 -8374.486|4583.685 -8374.497|4583.692 -8409.468
9 RIVERWOOD CR SE,4269.106 -8803.198|4259.753 -8799.261|4246.017 -8834.822|4252.616 -8837.268|4259.355 -8839.325
172 RIVERWOOD CI SE,4089.185 -8499.413|4088.368 -8489.217|4054.380 -8491.618|4054.058 -8495.121|4054.142 -8498.624|4054.478 -8502.504
848 RIVERBEND DR SE,3567.227 -7494.989|3558.322 -7486.995|3535.763 -7512.314|3544.662 -7520.309
224 RIVERSIDE WY SE,3454.890 -7323.872|3459.322 -7316.055|3431.752 -7300.020|3428.732 -7305.191|3425.936 -7310.495
88 RIVERSIDE CR SE,3387.558 -7575.795|3386.475 -7556.336|3356.695 -7558.615|3356.744 -7560.361|3356.625 -7562.096|3356.332 -7563.819|3355.884 -7565.509
47 RIVERSIDE WY SE,3188.008 -7368.372|3164.625 -7346.655|3154.761 -7357.364|3177.879 -7378.835|3179.633 -7377.334|3181.262 -7375.688
39 RIVER ROCK CI SE,4488.335 -8663.237|4454.606 -8654.530|4452.215 -8663.426|4485.713 -8673.000
97 RIVERVIEW CL SE,3680.263 -8755.473|3657.943 -8727.330|3647.471 -8735.702|3669.806 -8763.835
15 RIVERCREST CI SE,4263.612 -7837.892|4263.605 -7828.697|4228.771 -7828.708|4228.771 -7837.904
97 RIVERWOOD CR SE,4053.443 -8851.501|4052.520 -8849.889|4051.765 -8848.198|4051.192 -8846.430|4050.794 -8844.618|4007.096 -8826.349|4012.269 -8838.402|4017.295 -8850.522
324 RIVERVIEW CL SE,3913.682 -8700.565|3909.621 -8688.345|3860.527 -8700.387|3862.659 -8706.492|3864.945 -8712.529
37 RIVERCREST CL SE,4595.799 -7844.553|4601.007 -7832.966|4589.235 -7804.501|4587.697 -7805.357|4586.082 -7806.046|4584.412 -7806.591|4582.692 -7806.958|4588.410 -7842.518
71 RIVER ROCK WY SE,4472.298 -8818.821|4463.162 -8815.385|4450.978 -8848.154|4460.107 -8851.579
82 RIVER ROCK CR SE,4424.232 -9083.242|4427.965 -9072.857|4395.040 -9061.492|4391.314 -9071.889
158 RIVERVIEW CI SE,3692.007 -9018.193|3685.094 -8982.778|3671.609 -8986.669|3678.495 -9021.952
105 RIVER ROCK CR SE,4356.753 -9127.854|4360.094 -9117.312|4326.163 -9105.036|4322.765 -9115.555
408 RIVERVIEW PL SE,3634.035 -9120.059|3632.043 -9106.126|3592.659 -9111.786|3594.644 -9125.708
213 RIVER ROCK PL SE,4631.577 -9083.932|4629.242 -9073.757|4597.854 -9083.954|4600.259 -9094.084
86 RIVERSIDE CL SE,2994.777 -7887.107|2980.845 -7856.162|2973.289 -7859.642|2972.044 -7860.387|2970.961 -7861.355|2970.087 -7862.511|2969.451 -7863.812|2969.073 -7865.213|2968.982 -7866.659|2969.164 -7868.104|2969.619 -7869.483|2975.120 -7881.603|2980.852 -7893.612
117 RIVERSIDE CI SE,2887.557 -7639.287|2887.033 -7626.155|2845.307 -7627.790|2846.950 -7640.888
115 RIVERGLEN CR SE,3932.270 -8257.364|3932.137 -8226.886|3921.791 -8226.930|3921.903 -8252.916|3926.398 -8257.386
20 RIVERBIRCH BA SE,3815.305 -7882.070|3815.173 -7850.913|3786.470 -7880.024|3787.931 -7881.725|3789.098 -7883.638|3789.944 -7885.717|3790.447 -7887.908
52 RIVERGLEN RD SE,4232.938 -8241.897|4202.585 -8241.652|4202.480 -8255.641|4232.833 -8255.885
120 RIVERGREEN CR SE,3431.479 -8008.688|3420.120 -7977.209|3413.388 -7979.788|3406.747 -7982.590|3420.155 -8013.236|3425.775 -8010.867
25 RIVERGLEN CL SE,4241.613 -8026.479|4236.286 -8015.526|4209.016 -8028.892|4214.336 -8039.856
204 RIVERBEND DR SE,3246.700 -7972.605|3242.331 -7961.419|3211.664 -7973.072|3216.410 -7984.992
383 RIVERGLEN DR SE,3963.427 -8342.072|3962.867 -8311.594|3953.458 -8311.727|3953.675 -8342.206
152 RIVERVALLEY CR SE,3739.221 -8303.677|3739.088 -8273.198|3729.337 -8273.232|3729.469 -8303.721
64 RIVERBROOK PL SE,3592.114 -7658.246|3589.310 -7654.065|3586.381 -7649.962|3583.340 -7645.948|3580.188 -7642.011|3568.912 -7654.677|3568.870 -7697.298|3570.359 -7697.320|3571.841 -7697.498|3573.295 -7697.842|3574.707 -7698.332
992 RIVERBEND DR SE,3729.141 -7911.726|3729.085 -7899.539|3697.222 -7899.672|3697.733 -7911.859
111 RIVERVALLEY DR SE,3576.287 -8337.035|3571.610 -8333.533|3567.032 -8329.908|3541.915 -8360.909|3547.388 -8365.257|3552.988 -8369.438
74 RIVERVIEW PA SE,3359.652 -8463.775|3330.579 -8446.407|3325.553 -8454.869|3324.022 -8457.426|3353.102 -8474.795
96 RIVERWOOD CL SE,4130.541 -8490.195|4129.807 -8488.383|4129.283 -8486.504|4128.961 -8484.569|4128.842 -8482.623|4120.754 -8479.576|4096.728 -8479.587|4097.609 -8492.664
136 RIVERSTONE CR SE,4583.692 -8409.468|4583.685 -8374.497|4571.493 -8374.497|4571.507 -8409.479
5 RIVERWOOD CR SE,4259.355 -8839.325|4265.471 -8840.815|4266.911 -8840.982|4268.351 -8840.871|4269.735 -8840.481|4271.029 -8839.825|4272.168 -8838.936|4273.119 -8837.846|4273.839 -8836.601|4274.307 -8835.233|4280.745 -8808.101|4279.396 -8807.534|4269.106 -8803.198
176 RIVERWOOD CI SE,4088.368 -8489.217|4087.759 -8479.587|4062.678 -8479.576|4055.855 -8480.377|4055.988 -8482.211|4055.932 -8484.046|4055.687 -8485.870|4055.261 -8487.660|4054.750 -8489.628|4054.380 -8491.618
852 RIVERBEND DR SE,3576.091 -7502.951|3567.227 -7494.989|3544.662 -7520.309|3553.533 -7528.270
220 RIVERSIDE WY SE,3459.322 -7316.055|3464.398 -7308.638|3438.449 -7290.079|3434.996 -7294.983|3431.752 -7300.020
92 RIVERSIDE CR SE,3386.475 -7556.336|3385.419 -7537.466|3384.762 -7536.865|3354.850 -7551.921|3355.549 -7553.522|3356.094 -7555.179|3356.479 -7556.881|3356.695 -7558.615
59 RIVERSIDE WY SE,3217.997 -7335.625|3194.209 -7314.509|3184.345 -7325.228|3207.735 -7346.945|3210.713 -7343.709
35 RIVER ROCK CI SE,4490.711 -8653.418|4456.773 -8645.579|4454.606 -8654.530|4488.335 -8663.237
101 RIVERVIEW CL SE,3669.806 -8763.835|3647.471 -8735.702|3636.999 -8744.075|3659.341 -8772.197
19 RIVERCREST CI SE,4263.605 -7828.697|4263.605 -7819.501|4228.771 -7819.512|4228.771 -7828.708
105 RIVERWOOD CR SE,4062.356 -8867.457|4060.650 -8862.909|4059.406 -8860.063|4057.868 -8857.361|4024.384 -8868.403|4028.291 -8878.688
328 RIVERVIEW CL SE,3909.621 -8688.345|3906.986 -8680.016|3906.447 -8678.715|3905.671 -8677.548|3904.693 -8676.536|3903.539 -8675.724|3902.260 -8675.146|3900.890 -8674.823|3899.485 -8674.768|3898.094 -8674.968|3863.512 -8683.463|3862.079 -8683.975|3860.786 -8684.764|3859.674 -8685.798|3858.793 -8687.032|3858.185 -8688.422|3857.864 -8689.912|3857.850 -8691.436|3858.143 -8692.926|3860.527 -8700.387
49 RIVERCREST CL SE,4628.585 -7780.916|4595.953 -7780.916|4596.617 -7782.940|4597.141 -7784.608|4597.505 -7786.331|4597.701 -7788.066|4597.722 -7789.823|4624.111 -7790.846|4628.585 -7786.531
162 RIVERVIEW CI SE,3678.495 -9021.952|3671.609 -8986.669|3658.754 -8990.695|3665.555 -9025.543
109 RIVER ROCK CR SE,4354.187 -9136.104|4356.753 -9127.854|4322.765 -9115.555|4318.851 -9127.665|4321.989 -9132.546
412 RIVERVIEW PL SE,3636.119 -9134.570|3634.035 -9120.059|3594.644 -9125.708|3596.720 -9140.230
217 RIVER ROCK PL SE,4629.242 -9073.757|4627.263 -9063.472|4596.911 -9073.335|4596.701 -9075.025|4596.652 -9076.726|4596.764 -9078.427|4597.030 -9080.107|4597.854 -9083.954
74 RIVERSIDE CL SE,3029.695 -7872.363|3017.412 -7840.706|3005.703 -7845.409|3018.517 -7876.844|3026.843 -7873.486
119 RIVERGLEN CR SE,3942.022 -8257.320|3941.889 -8226.841|3932.137 -8226.886|3932.270 -8257.364
40 RIVERBIRCH BA SE,3762.758 -7889.242|3737.991 -7887.963|3738.047 -7901.463|3766.896 -7901.329|3765.939 -7899.294|3764.827 -7897.337|3763.856 -7895.458|3763.178 -7893.445|3762.807 -7891.366
56 RIVERGLEN RD SE,4232.833 -8255.885|4202.480 -8255.641|4202.375 -8269.629|4232.728 -8269.874
116 RIVERGREEN CR SE,3442.517 -8005.052|3433.157 -7972.872|3428.697 -7974.284|3420.120 -7977.209|3431.479 -8008.688|3436.967 -8006.786
29 RIVERGLEN CL SE,4246.939 -8037.432|4241.613 -8026.479|4214.336 -8039.856|4219.663 -8050.808
196 RIVERBEND DR SE,3257.011 -7996.245|3251.586 -7984.225|3221.590 -7997.402|3227.239 -8010.300
379 RIVERGLEN DR SE,3973.374 -8341.817|3972.465 -8311.338|3962.867 -8311.594|3963.427 -8342.072
156 RIVERVALLEY CR SE,3729.469 -8303.721|3729.337 -8273.232|3720.773 -8273.276|3720.913 -8303.755
68 RIVERBROOK PL SE,3568.870 -7697.298|3568.912 -7654.677|3551.932 -7673.746|3563.131 -7698.799|3564.501 -7698.198|3565.920 -7697.742|3567.381 -7697.442
996 RIVERBEND DR SE,3729.197 -7925.114|3729.141 -7911.726|3697.733 -7911.859|3698.292 -7925.247
310 RIVERVIEW PA SE,3534.862 -8366.735|3529.255 -8361.943|3523.789 -8356.995|3515.337 -8367.547|3507.116 -8378.278|3506.347 -8379.545|3505.851 -8380.935|3505.627 -8382.392|3505.697 -8383.871|3506.054 -8385.305|3506.683 -8386.639|3507.564 -8387.829|3508.661 -8388.819|3515.169 -8393.634
78 RIVERVIEW PA SE,3353.102 -8474.795|3324.022 -8457.426|3319.191 -8465.554|3317.164 -8468.968|3346.237 -8486.337
92 RIVERWOOD CL SE,4137.154 -8467.378|4092.415 -8436.866|4092.415 -8440.113|4092.422 -8470.592|4122.376 -8470.580|4131.079 -8473.861|4132.282 -8471.970|4133.708 -8470.236|4135.344 -8468.701
140 RIVERSTONE CR SE,4571.507 -8409.479|4571.493 -8374.497|4559.302 -8374.497|4559.316 -8409.479
44 RIVERWOOD MR SE,4267.184 -8792.623|4282.850 -8799.228|4285.848 -8786.596|4288.002 -8777.945|4290.336 -8769.339|4290.574 -8768.071|4290.602 -8766.781|4290.399 -8765.503|4289.987 -8764.291|4289.372 -8763.157|4288.575 -8762.145|4287.617 -8761.288|4286.520 -8760.599|4281.612 -8758.108
215 RIVERWOOD CI SE,3974.136 -8517.549|3971.347 -8482.578|3967.244 -8482.589|3965.734 -8482.745|3964.287 -8483.201|3962.965 -8483.946|3961.819 -8484.947|3960.896 -8486.159|3960.239 -8487.527|3959.869 -8489.005|3959.806 -8490.518|3961.952 -8517.549
856 RIVERBEND DR SE,3584.843 -7510.813|3576.091 -7502.951|3553.533 -7528.270|3562.285 -7536.120
216 RIVERSIDE WY SE,3464.398 -7308.638|3470.067 -7301.666|3445.964 -7280.761|3442.105 -7285.343|3438.449 -7290.079
96 RIVERSIDE CR SE,3384.762 -7536.865|3371.914 -7525.335|3349.467 -7545.505|3351.089 -7546.862|3352.536 -7548.396|3353.794 -7550.098|3354.850 -7551.921
51 RIVERSIDE WY SE,3197.872 -7357.653|3174.488 -7335.936|3164.625 -7346.655|3188.008 -7368.372|3194.139 -7361.711
31 RIVER ROCK CI SE,4492.837 -8643.533|4458.702 -8636.572|4456.773 -8645.579|4490.711 -8653.418
311 RIVER ROCK CI SE,4578.211 -8517.393|4587.781 -8517.393|4589.137 -8511.000|4590.633 -8504.639|4592.262 -8498.312|4594.024 -8492.019|4594.317 -8490.318|4594.205 -8488.583|4593.709 -8486.926|4592.835 -8485.425|4591.647 -8484.168|4590.207 -8483.223|4588.578 -8482.623|4586.858 -8482.423|4578.204 -8482.423
105 RIVERVIEW CL SE,3659.341 -8772.197|3636.999 -8744.075|3626.996 -8752.070|3649.345 -8780.192
23 RIVERCREST CI SE,4263.605 -7819.501|4263.605 -7810.305|4228.764 -7810.316|4228.771 -7819.512
109 RIVERWOOD CR SE,4066.348 -8878.343|4062.356 -8867.457|4028.291 -8878.688|4032.290 -8889.563
327 RIVERVIEW CL SE,3848.342 -8710.795|3846.322 -8704.968|3844.428 -8699.097|3811.062 -8709.138|3815.949 -8722.570
57 RIVERCREST CL SE,4628.585 -7761.935|4594.751 -7761.924|4594.751 -7771.720|4628.585 -7771.720
9486 21 ST SE,4333.971 -8829.462|4336.690 -8817.998|4302.940 -8809.380|4302.038 -8813.194|4300.270 -8820.622
166 RIVERVIEW CI SE,3665.555 -9025.543|3658.754 -8990.695|3646.534 -8994.820|3653.189 -9028.979
205 RIVER ROCK CR SE,4195.406 -9160.678|4161.551 -9163.214|4161.928 -9168.696|4162.152 -9170.074|4162.627 -9171.409|4163.340 -9172.610|4164.270 -9173.666|4165.375 -9174.533|4166.626 -9175.178|4167.975 -9175.567|4169.373 -9175.701|4197.160 -9175.723
416 RIVERVIEW PL SE,3638.111 -9148.503|3636.119 -9134.570|3596.720 -9140.230|3598.713 -9154.162
221 RIVER ROCK PL SE,4627.263 -9063.472|4626.334 -9057.767|4625.509 -9052.041|4596.645 -9063.094|4597.295 -9065.284|4597.596 -9067.541|4597.561 -9069.810|4597.183 -9072.056|4596.911 -9073.335
105 RIVERSIDE BA SE,3013.428 -7922.212|2997.112 -7886.051|2994.777 -7887.107|2980.852 -7893.612|2988.388 -7908.579|2996.280 -7923.357|2997.119 -7924.580|2998.189 -7925.614|2999.440 -7926.426|3000.824 -7926.960|3002.285 -7927.215|3003.774 -7927.171|3005.221 -7926.837|3006.570 -7926.215
127 RIVERGLEN CR SE,3961.518 -8257.142|3960.910 -8226.674|3951.340 -8226.797|3951.571 -8257.275
36 RIVERBIRCH BA SE,3765.352 -7881.803|3737.879 -7861.999|3737.991 -7887.963|3762.758 -7889.242|3763.003 -7887.263|3763.520 -7885.339|3764.310 -7883.505
144 RIVERBROOK WY SE,3383.944 -7801.454|3376.856 -7790.835|3376.464 -7790.245|3351.243 -7807.214|3358.743 -7818.456
112 RIVERGREEN CR SE,3453.772 -8002.138|3446.292 -7968.702|3433.157 -7972.872|3442.517 -8005.052|3448.124 -8003.506
33 RIVERGLEN CL SE,4252.259 -8048.396|4246.939 -8037.432|4219.663 -8050.808|4224.982 -8061.761
184 RIVERBEND DR SE,3274.634 -8030.326|3268.552 -8019.296|3238.780 -8035.341|3244.470 -8047.606
375 RIVERGLEN DR SE,3983.126 -8341.450|3981.875 -8310.993|3972.465 -8311.338|3973.374 -8341.817
160 RIVERVALLEY CR SE,3720.913 -8303.755|3720.773 -8273.276|3711.623 -8273.309|3711.756 -8303.799
72 RIVERBROOK PL SE,3563.131 -7698.799|3551.932 -7673.746|3543.970 -7682.687|3556.937 -7705.081|3558.084 -7703.158|3559.524 -7701.434|3561.223 -7699.977
967 RIVERBEND DR SE,3673.014 -7830.376|3672.986 -7823.860|3672.847 -7822.559|3672.434 -7821.324|3671.784 -7820.190|3670.910 -7819.223|3669.855 -7818.467|3668.659 -7817.933|3667.387 -7817.666|3666.087 -7817.677|3637.398 -7820.835|3637.440 -7830.531
306 RIVERVIEW PA SE,3544.452 -8374.297|3539.615 -8370.572|3534.862 -8366.735|3515.169 -8393.634|3524.991 -8400.883
45 RIVERVIEW PA SE,3433.136 -8396.302|3422.049 -8388.118|3414.332 -8401.084|3444.237 -8419.019|3450.235 -8408.934|3443.440 -8403.908
88 RIVERWOOD CL SE,4143.599 -8464.854|4118.622 -8427.604|4092.408 -8427.615|4092.415 -8436.866|4137.154 -8467.378|4138.664 -8466.511|4140.251 -8465.799|4141.908 -8465.243
144 RIVERSTONE CR SE,4559.316 -8409.479|4559.302 -8374.497|4547.111 -8374.508|4547.125 -8409.479
36 RIVERWOOD MR SE,4272.734 -8753.605|4269.029 -8751.726|4267.086 -8750.536|4265.345 -8749.057|4239.795 -8775.232|4244.402 -8783.027|4254.335 -8787.208
191 RIVERWOOD CI SE,4028.424 -8517.538|4040.993 -8517.538|4038.504 -8489.561|4038.281 -8488.171|4037.798 -8486.848|4037.085 -8485.647|4036.156 -8484.591|4035.044 -8483.724|4033.800 -8483.090|4032.451 -8482.701|4031.053 -8482.567|4025.635 -8482.567
860 RIVERBEND DR SE,3593.561 -7518.641|3584.843 -7510.813|3562.285 -7536.120|3571.002 -7543.949
132 RIVERSIDE WY SE,3384.098 -7195.275|3393.248 -7188.381|3377.059 -7166.709|3376.227 -7165.775|3375.241 -7164.985|3374.143 -7164.374|3372.955 -7163.951|3371.718 -7163.740|3370.466 -7163.740|3369.222 -7163.951|3368.041 -7164.362|3366.943 -7164.974|3365.958 -7165.764|3365.119 -7166.698|3360.771 -7172.513|3376.080 -7188.892|3382.896 -7196.175
100 RIVERSIDE CR SE,3371.914 -7525.335|3361.358 -7515.861|3342.008 -7537.599|3339.659 -7540.235|3342.442 -7541.892|3345.378 -7543.237|3347.496 -7544.238|3349.467 -7545.505
26 RIVERSIDE WY SE,3216.634 -7381.915|3205.268 -7371.708|3188.120 -7390.322|3187.225 -7391.511|3186.589 -7392.846|3186.218 -7394.280|3186.142 -7395.770|3186.358 -7397.227|3186.862 -7398.628|3187.624 -7399.896|3188.623 -7400.996|3194.726 -7406.478
27 RIVER ROCK CI SE,4494.703 -8633.592|4460.408 -8627.521|4458.702 -8636.572|4492.837 -8643.533
109 RIVERVIEW CL SE,3649.345 -8780.192|3626.996 -8752.070|3617.461 -8759.698|3639.817 -8787.808
27 RIVERCREST CI SE,4263.605 -7810.305|4263.605 -7801.120|4228.764 -7801.120|4228.764 -7810.316
113 RIVERWOOD CR SE,4070.018 -8888.707|4066.348 -8878.343|4032.290 -8889.563|4035.974 -8899.915
323 RIVERVIEW CL SE,3853.040 -8722.926|3850.621 -8716.888|3848.342 -8710.795|3815.949 -8722.570|3820.954 -8736.336
61 RIVERCREST CL SE,4628.585 -7752.139|4594.751 -7752.128|4594.751 -7761.924|4628.585 -7761.935
9490 21 ST SE,4333.971 -8829.462|4300.270 -8820.622|4297.599 -8831.897|4331.301 -8840.737
170 RIVERVIEW CI SE,3653.189 -9028.979|3646.534 -8994.820|3637.677 -8998.000|3636.524 -8998.534|3635.482 -8999.268|3634.581 -9000.157|3633.840 -9001.191|3633.280 -9002.337|3632.924 -9003.560|3632.784 -9004.828|3632.854 -9006.095|3636.762 -9033.549
209 RIVER ROCK CR SE,4195.406 -9160.678|4194.050 -9149.092|4160.628 -9152.417|4161.551 -9163.214
420 RIVERVIEW PL SE,3640.019 -9161.835|3638.111 -9148.503|3598.713 -9154.162|3600.614 -9167.495
225 RIVER ROCK PL SE,4625.509 -9052.041|4624.174 -9040.176|4623.321 -9028.256|4593.339 -9057.912|4594.359 -9059.068|4595.261 -9060.336|4596.023 -9061.682|4596.645 -9063.094
232 RIVERBEND DR SE,3177.872 -7870.517|3182.884 -7886.729|3207.588 -7878.434|3209.000 -7877.800|3210.259 -7876.911|3211.321 -7875.799|3212.153 -7874.498|3212.719 -7873.052|3212.999 -7871.540|3212.978 -7869.994|3212.670 -7868.482|3210.182 -7860.432
22 RIVERSIDE CL SE,3108.289 -7841.006|3104.493 -7828.741|3072.183 -7838.826|3075.972 -7851.091
19 RIVERBIRCH RD SE,3809.440 -7747.124|3806.141 -7716.823|3796.781 -7717.857|3800.087 -7748.158
3 RIVERGLEN WY SE,4133.855 -8012.057|4129.185 -8002.450|4123.201 -8000.382|4099.944 -8011.768|4106.578 -8025.423
80 RIVERGLEN WY SE,4067.249 -8172.900|4056.498 -8141.399|4053.604 -8142.377|4044.293 -8145.335|4052.304 -8175.313|4057.491 -8177.682
75 RIVERBIRCH CR SE,3867.594 -7780.438|3866.734 -7765.204|3865.707 -7749.993|3849.797 -7751.739|3853.103 -7782.039
72 RIVERGREEN CR SE,3576.210 -8019.941|3567.325 -8011.557|3546.557 -8033.785|3555.441 -8042.157
44 RIVERCROFT CL SE,4422.135 -8043.748|4422.247 -8041.479|4422.645 -8039.244|4423.309 -8037.087|4424.246 -8035.019|4423.806 -8030.905|4392.153 -8034.518|4392.320 -8036.042|4393.488 -8048.084
276 RIVERGLEN DR SE,4412.383 -8304.300|4409.237 -8273.988|4402.310 -8274.833|4395.424 -8275.911|4400.597 -8305.934|4406.476 -8305.011
37 RIVERVIEW BA SE,3369.243 -8169.487|3345.287 -8146.925|3337.443 -8155.309|3332.473 -8160.625|3359.219 -8175.892|3360.477 -8175.202|3361.791 -8174.635|3363.735 -8173.779|3365.573 -8172.700|3367.265 -8171.422|3368.803 -8169.954
3 RIVERVALLEY PL SE,3758.074 -8160.558|3758.948 -8160.035|3760.374 -8159.023|3761.556 -8157.722|3762.437 -8156.210|3762.975 -8154.542|3763.129 -8152.885|3762.919 -8151.240|3762.353 -8149.672|3761.451 -8148.282|3760.262 -8147.114|3758.850 -8146.236|3757.285 -8145.702|3755.635 -8145.513|3730.099 -8145.635|3727.952 -8152.941|3725.604 -8160.180
887 RIVERBEND DR SE,3624.228 -7627.122|3621.229 -7623.142|3618.132 -7619.228|3591.156 -7641.378|3595.888 -7647.816
222 RIVERVIEW PA SE,3591.156 -8639.408|3560.677 -8623.874|3557.755 -8629.200|3554.463 -8634.315|3583.956 -8654.953
262 RIVERVIEW PA SE,3604.613 -8513.969|3604.557 -8501.137|3569.723 -8501.292|3569.779 -8514.135
24 RIVERWOOD CL SE,4302.087 -8510.677|4300.990 -8499.747|4266.338 -8503.261|4267.436 -8514.202
270 RIVERSTONE CV SE,4767.408 -8296.972|4765.514 -8280.871|4732.016 -8296.638|4733.246 -8300.074|4734.889 -8303.332|4735.532 -8304.444|4736.357 -8305.601|4737.384 -8306.579|4738.580 -8307.346|4739.901 -8307.869|4741.292 -8308.136|4742.711 -8308.125|4744.102 -8307.858|4745.416 -8307.324|4750.834 -8304.566|4756.308 -8301.920|4761.837 -8299.385
8 RIVERWOOD CI SE,3978.463 -8668.252|3976.709 -8662.825|3976.163 -8661.535|3975.387 -8660.368|3974.409 -8659.367|3973.255 -8658.567|3971.976 -8657.999|3970.613 -8657.677|3969.215 -8657.621|3967.831 -8657.822|3958.170 -8660.190|3956.828 -8660.590|3955.534 -8661.113|3954.290 -8661.758|3953.109 -8662.514|3952.011 -8663.370|3950.991 -8664.338|3950.068 -8665.383|3949.243 -8666.517|3948.537 -8667.729|3947.936 -8668.997|3947.460 -8670.309|3947.111 -8671.665|3946.887 -8673.055|3946.796 -8674.445|3946.831 -8675.846|3946.999 -8677.236|3947.216 -8678.537
208 RIVERWOOD CI SE,3990.725 -8467.612|3990.725 -8427.648|3979.777 -8427.648|3979.777 -8467.612
84 RIVERBIRCH RD SE,3824.938 -7585.068|3822.862 -7579.798|3820.646 -7574.572|3792.524 -7587.059|3794.488 -7591.484|3796.326 -7595.977
156 RIVERBIRCH RD SE,3687.261 -7426.827|3679.096 -7419.221|3656.768 -7443.451|3664.940 -7451.045
752 RIVERBEND DR SE,3341.512 -7423.280|3327.405 -7392.390|3321.149 -7395.459|3315.053 -7398.850|3332.159 -7428.172|3336.772 -7425.604
99 RIVERSIDE WY SE,3302.624 -7225.197|3273.599 -7203.292|3267.811 -7212.121|3265.938 -7214.256|3294.613 -7235.905
153 RIVERSIDE CI SE,2951.059 -7548.007|2930.710 -7513.604|2915.372 -7517.551|2940.531 -7554.890
43 RIVERSTONE CL SE,4804.353 -8123.841|4802.326 -8122.985|4800.431 -8122.129|4798.481 -8121.395|4796.482 -8120.817|4794.448 -8120.361|4787.681 -8153.252|4790.673 -8153.508|4803.521 -8154.564
9174 21 ST SE,4392.782 -8657.177|4361.171 -8647.269|4359.416 -8652.707|4357.550 -8658.111|4388.615 -8669.297|4390.769 -8663.259
395 RIVER ROCK CI SE,4499.491 -8535.707|4498.681 -8526.411|4463.679 -8526.423|4463.987 -8529.503|4464.553 -8535.718
16 RIVERVIEW CL SE,3887.538 -8604.014|3885.049 -8591.205|3882.778 -8578.351|3845.917 -8608.529|3847.231 -8610.375|3848.308 -8612.376|3849.118 -8614.489|3849.657 -8616.691
132 RIVERCREST CI SE,4355.159 -7748.214|4321.311 -7748.214|4321.311 -7756.765|4355.159 -7756.765
150 RIVERWOOD CR SE,4148.031 -8969.634|4144.613 -8959.193|4111.024 -8970.268|4114.435 -8980.709
2414 RIVERSTONE RD SE,4704.648 -7916.963|4707.780 -7916.096|4709.360 -7915.462|4710.751 -7914.506|4711.897 -7913.260|4712.729 -7911.781|4713.211 -7910.158|4713.316 -7908.457|4713.037 -7906.789|4712.393 -7905.221|4700.370 -7883.382|4688.954 -7888.475
69 RIVER ROCK RD SE,4469.509 -8925.812|4460.883 -8921.910|4446.902 -8953.600|4455.270 -8957.080
9552 21 ST SE,4221.739 -9063.194|4226.737 -9059.113|4231.637 -9054.899|4208.688 -9028.612|4204.451 -9032.248|4200.124 -9035.784
208 RIVER ROCK CR SE,4146.060 -9167.172|4146.465 -9163.347|4146.381 -9159.511|4146.004 -9155.319|4100.202 -9164.515|4102.901 -9175.790
82 RIVERVIEW CI SE,3932.431 -8956.213|3922.518 -8922.677|3909.118 -8926.680|3919.023 -8960.205|3927.503 -8957.681
108 RIVERCREST CR SE,4760.369 -7725.141|4751.260 -7724.496|4751.260 -7758.555|4760.369 -7759.200
110 RIVER ROCK CR SE,4400.059 -9157.198|4403.289 -9146.623|4370.321 -9135.270|4367.092 -9145.845
937 RIVERVIEW PL SE,4059.413 -9146.946|4055.904 -9130.989|4039.050 -9131.690|4021.965 -9164.848|4023.496 -9165.793|4024.908 -9166.905|4026.173 -9168.184|4027.278 -9169.596
61 RIVER ROCK CO SE,4620.762 -9013.445|4588.634 -8980.832|4587.460 -8981.877|4586.187 -8982.789|4584.824 -8983.567|4583.391 -8984.201|4595.226 -9015.769|4618.441 -9015.769
117 RIVERSIDE BA SE,3044.060 -7902.319|3049.694 -7864.868|3041.502 -7867.859|3029.695 -7872.363|3026.843 -7873.486|3034.700 -7906.077|3036.762 -7904.543|3039.055 -7903.386|3041.509 -7902.630
17 RIVERSIDE CI SE,3105.541 -7748.981|3092.162 -7713.710|3079.649 -7718.491|3091.819 -7750.582
131 RIVERGLEN CR SE,3971.466 -8256.875|3970.473 -8226.419|3960.910 -8226.674|3961.518 -8257.142
52 RIVERBIRCH BA SE,3738.152 -7925.325|3738.215 -7939.725|3761.961 -7939.614|3763.415 -7939.469|3764.813 -7939.035|3766.100 -7938.335|3767.232 -7937.390|3768.155 -7936.255|3768.833 -7934.954|3769.252 -7933.553|3769.392 -7932.086|3769.357 -7925.180
148 RIVERBROOK WY SE,3376.464 -7790.245|3373.249 -7785.075|3370.320 -7779.737|3343.078 -7793.904|3346.342 -7799.597|3349.852 -7805.123|3351.243 -7807.214
108 RIVERGREEN CR SE,3453.772 -8002.138|3459.539 -8000.926|3465.341 -7999.903|3461.587 -7965.344|3457.372 -7965.800|3454.394 -7966.134|3446.292 -7968.702
54 RIVERGLEN CL SE,4285.394 -8050.508|4272.084 -8023.110|4259.564 -8029.248|4270.910 -8052.599|4276.901 -8054.667
188 RIVERBEND DR SE,3268.552 -8019.296|3262.499 -8007.587|3232.845 -8022.532|3238.780 -8035.341
371 RIVERGLEN DR SE,3993.066 -8340.972|3991.466 -8310.526|3981.875 -8310.993|3983.126 -8341.450
164 RIVERVALLEY CR SE,3711.756 -8303.799|3711.623 -8273.309|3703.066 -8273.354|3703.199 -8303.833
80 RIVERBROOK PL SE,3554.288 -7715.189|3537.336 -7690.137|3530.835 -7697.442|3549.716 -7723.795|3551.114 -7721.794|3552.352 -7719.681|3553.407 -7717.479
971 RIVERBEND DR SE,3673.049 -7838.971|3673.014 -7830.376|3637.440 -7830.531|3637.475 -7839.127
302 RIVERVIEW PA SE,3554.889 -8381.725|3549.625 -8378.077|3544.452 -8374.297|3524.991 -8400.883|3535.288 -8408.489
49 RIVERVIEW PA SE,3444.237 -8419.019|3414.332 -8401.084|3407.775 -8412.103|3437.184 -8430.884
80 RIVERWOOD CL SE,4159.859 -8467.356|4159.845 -8427.592|4141.439 -8427.604|4151.450 -8465.199|4152.980 -8465.699|4156.371 -8466.733
148 RIVERSTONE CR SE,4547.125 -8409.479|4547.111 -8374.508|4534.919 -8374.508|4535.409 -8409.468|4544.370 -8409.479
32 RIVERWOOD MR SE,4265.345 -8749.057|4264.213 -8747.812|4263.234 -8746.444|4262.416 -8744.976|4261.766 -8743.419|4228.149 -8755.562|4239.795 -8775.232
180 RIVERWOOD CI SE,4092.422 -8470.592|4092.415 -8440.113|4046.788 -8466.855|4048.368 -8467.845|4049.836 -8469.001|4051.178 -8470.302|4052.374 -8471.737|4062.153 -8470.580
864 RIVERBEND DR SE,3602.466 -7526.636|3593.561 -7518.641|3571.002 -7543.949|3579.901 -7551.944
131 RIVERSIDE WY SE,3354.395 -7152.220|3355.633 -7149.651|3357.247 -7147.316|3359.212 -7145.270|3361.477 -7143.558|3348.782 -7111.289|3337.122 -7124.421
606 RIVERBEND DR SE,3231.405 -7533.685|3206.197 -7511.013|3196.467 -7521.932|3216.124 -7539.601|3217.305 -7540.468|3218.633 -7541.080|3220.052 -7541.436|3221.513 -7541.491|3222.960 -7541.269|3224.338 -7540.768|3225.589 -7540.001|3226.665 -7539.012
23 RIVER ROCK CI SE,4496.346 -8623.396|4461.904 -8618.225|4460.408 -8627.521|4494.703 -8633.592
152 RIVERGLEN DR SE,4689.059 -7963.776|4686.983 -7955.459|4684.466 -7947.275|4658.357 -7957.082|4657.113 -7957.694|4656.001 -7958.506|4655.065 -7959.517|4654.324 -7960.685|4653.806 -7961.964|4653.541 -7963.320|4653.520 -7964.699|4653.757 -7966.067|4655.051 -7971.360
113 RIVERVIEW CL SE,3639.817 -8787.808|3617.461 -8759.698|3607.465 -8767.693|3629.820 -8795.803
33 RIVERVIEW CL SE,3834.858 -8656.810|3833.886 -8649.382|3833.117 -8641.921|3832.551 -8634.459|3832.187 -8626.965|3831.950 -8625.353|3831.377 -8623.829|3830.482 -8622.462|3829.321 -8621.327|3827.937 -8620.471|3826.399 -8619.937|3824.778 -8619.737|3823.163 -8619.904|3818.186 -8621.049|3813.243 -8622.339|3821.534 -8660.746
31 RIVERCREST CI SE,4263.605 -7801.120|4263.605 -7791.924|4228.764 -7791.936|4228.764 -7801.120
117 RIVERWOOD CR SE,4073.394 -8898.525|4070.018 -8888.707|4035.974 -8899.915|4039.357 -8909.745
319 RIVERVIEW CL SE,3858.549 -8735.336|3855.717 -8729.164|3853.040 -8722.926|3820.954 -8736.336|3821.024 -8736.525|3826.204 -8750.781
65 RIVERCREST CL SE,4628.585 -7742.943|4594.751 -7742.932|4594.751 -7752.128|4628.585 -7752.139
9494 21 ST SE,4331.301 -8840.737|4297.599 -8831.897|4296.201 -8837.779|4295.999 -8839.214|4296.083 -8840.659|4296.439 -8842.072|4297.061 -8843.373|4297.914 -8844.540|4298.984 -8845.519|4300.214 -8846.275|4301.570 -8846.775|4328.211 -8853.758
91 RIVERVIEW CI SE,3892.963 -8915.849|3892.487 -8914.426|3884.819 -8891.175|3880.527 -8878.243|3879.226 -8878.777|3869.573 -8882.658|3878.849 -8920.053
213 RIVER ROCK CR SE,4194.050 -9149.092|4192.637 -9136.972|4159.398 -9141.052|4160.628 -9152.417
424 RIVERVIEW PL SE,3642.012 -9175.756|3640.019 -9161.835|3600.614 -9167.495|3602.599 -9181.416
229 RIVER ROCK PL SE,4623.321 -9028.256|4618.637 -9023.764|4600.518 -9023.764|4588.257 -9054.521|4589.648 -9055.166|4590.969 -9055.955|4592.206 -9056.867|4593.339 -9057.912
21 RIVERSIDE CI SE,3091.819 -7750.582|3079.649 -7718.491|3067.695 -7723.061|3079.740 -7754.819|3090.421 -7750.738
135 RIVERGLEN CR SE,3981.602 -8256.486|3980.225 -8226.041|3970.473 -8226.419|3971.466 -8256.875
4 RIVERVALLEY DR SE,3850.146 -8342.673|3853.138 -8342.651|3854.438 -8342.595|3855.731 -8342.417|3857.004 -8342.128|3858.241 -8341.728|3859.443 -8341.216|3860.597 -8340.605|3861.694 -8339.904|3862.722 -8339.104|3863.680 -8338.214|3864.553 -8337.247|3865.343 -8336.201|3866.035 -8335.101|3866.630 -8333.933|3867.126 -8332.732|3867.510 -8331.476|3867.783 -8330.208|3870.880 -8312.094|3850.020 -8312.183
156 RIVERBROOK WY SE,3365.531 -7769.185|3363.539 -7763.748|3361.826 -7758.210|3331.739 -7766.783|3334.053 -7773.777|3336.723 -7780.649
104 RIVERGREEN CR SE,3481.224 -7998.080|3477.470 -7963.598|3464.551 -7965.010|3468.291 -7999.459|3474.743 -7998.658
134 RIVERGLEN CL SE,4326.946 -8000.526|4319.172 -7968.091|4306.785 -7971.082|4314.223 -8002.094
192 RIVERBEND DR SE,3262.499 -8007.587|3257.011 -7996.245|3227.239 -8010.300|3231.419 -8019.451|3232.845 -8022.532
367 RIVERGLEN DR SE,4003.496 -8340.338|4001.525 -8309.926|3991.466 -8310.526|3993.066 -8340.972
103 RIVERVALLEY CR SE,3844.106 -8257.753|3848.783 -8257.731|3850.237 -8257.575|3851.635 -8257.142|3852.928 -8256.441|3854.054 -8255.507|3854.976 -8254.362|3855.662 -8253.072|3856.074 -8251.660|3856.214 -8250.203|3856.116 -8227.219|3843.973 -8227.264
76 RIVERBROOK PL SE,3556.937 -7705.081|3543.970 -7682.687|3537.336 -7690.137|3554.288 -7715.189|3555.085 -7712.364|3555.609 -7709.462|3555.805 -7708.328|3556.092 -7707.216|3556.469 -7706.126
975 RIVERBEND DR SE,3673.014 -7848.167|3673.084 -7846.087|3673.049 -7838.971|3637.475 -7839.127|3637.517 -7848.322
298 RIVERVIEW PA SE,3566.221 -8388.930|3560.503 -8385.405|3554.889 -8381.725|3535.288 -8408.489|3546.074 -8416.451
53 RIVERVIEW PA SE,3437.184 -8430.884|3407.775 -8412.103|3401.525 -8422.622|3430.934 -8441.392|3433.241 -8437.511
52 RIVERWOOD CL SE,4237.083 -8467.211|4237.062 -8427.570|4225.521 -8427.570|4225.535 -8467.545|4232.630 -8467.545|4234.860 -8467.456
184 RIVERSTONE CR SE,4490.124 -8312.328|4459.772 -8312.317|4459.779 -8324.559|4490.313 -8324.570
28 RIVERWOOD MR SE,4260.976 -8736.792|4214.098 -8731.822|4228.149 -8755.562|4261.766 -8743.419|4261.291 -8741.807|4260.997 -8740.150|4260.892 -8738.471
184 RIVERWOOD CI SE,4092.415 -8436.866|4092.408 -8427.615|4067.033 -8427.626|4039.588 -8464.654|4041.468 -8464.909|4043.307 -8465.365|4045.082 -8466.021|4046.788 -8466.855|4092.415 -8440.113
868 RIVERBEND DR SE,3579.901 -7551.944|3588.884 -7560.005|3611.442 -7534.697|3602.466 -7526.636
135 RIVERSIDE WY SE,3361.477 -7143.558|3364.210 -7142.124|3367.146 -7141.189|3370.194 -7140.767|3368.006 -7108.376|3348.782 -7111.289
585 RIVERBEND DR SE,3252.614 -7593.853|3227.385 -7571.202|3224.876 -7574.027|3219.975 -7579.798|3219.717 -7580.120|3245.141 -7602.615|3247.574 -7599.602|3250.104 -7596.666
11 RIVERSIDE WY SE,3223.387 -7456.316|3212.552 -7446.586|3190.699 -7471.172|3191.489 -7471.883|3201.024 -7480.434|3201.507 -7480.868
19 RIVER ROCK CI SE,4497.730 -8613.155|4463.162 -8608.896|4461.904 -8618.225|4496.346 -8623.396
156 RIVERGLEN DR SE,4691.548 -7978.220|4690.471 -7970.970|4689.059 -7963.776|4655.051 -7971.360|4656.148 -7976.953|4656.980 -7982.590
117 RIVERVIEW CL SE,3629.820 -8795.803|3607.465 -8767.693|3596.993 -8776.066|3619.355 -8804.165
37 RIVERVIEW CL SE,3821.534 -8660.746|3813.243 -8622.339|3805.966 -8624.496|3798.780 -8626.954|3809.853 -8664.204
35 RIVERCREST CI SE,4263.605 -7791.924|4263.605 -7782.729|4228.764 -7782.740|4228.764 -7791.936
121 RIVERWOOD CR SE,4076.679 -8908.388|4073.394 -8898.525|4039.357 -8909.745|4042.636 -8919.597
315 RIVERVIEW CL SE,3864.665 -8747.456|3861.534 -8741.429|3858.549 -8735.336|3826.204 -8750.781|3832.544 -8761.422|3834.068 -8763.990
73 RIVERCREST CL SE,4628.585 -7723.951|4595.156 -7723.940|4594.849 -7726.419|4594.744 -7728.910|4594.744 -7733.736|4628.585 -7733.747
9500 21 ST SE,4323.136 -8875.152|4296.803 -8868.247|4295.335 -8868.013|4293.853 -8868.080|4292.413 -8868.436|4291.070 -8869.070|4289.882 -8869.959|4288.889 -8871.071|4288.141 -8872.350|4287.659 -8873.762|4286.471 -8878.755|4320.179 -8887.595
95 RIVERVIEW CI SE,3878.849 -8920.053|3869.573 -8882.658|3865.938 -8884.114|3857.039 -8887.706|3866.007 -8923.878
217 RIVER ROCK CR SE,4192.637 -9136.972|4191.295 -9125.485|4157.986 -9130.311|4159.398 -9141.052
428 RIVERVIEW PL SE,3645.793 -9187.165|3644.724 -9185.742|3643.829 -9184.196|3642.976 -9182.039|3642.487 -9179.771|3642.012 -9175.756|3602.599 -9181.416|3607.618 -9216.554
233 RIVER ROCK PL SE,4600.518 -9023.764|4592.227 -9023.764|4584.398 -9023.497|4580.944 -9053.542|4582.804 -9053.431|4584.663 -9053.564|4586.488 -9053.931|4588.257 -9054.521
87 RIVERSIDE CL SE,2968.724 -7844.342|2956.337 -7811.628|2941.216 -7817.410|2939.650 -7822.659|2957.448 -7847.344|2959.280 -7846.377|2961.209 -7845.632|2963.215 -7845.109|2965.263 -7844.820
25 RIVERSIDE CI SE,3079.740 -7754.819|3067.695 -7723.061|3055.189 -7727.843|3067.234 -7759.600
139 RIVERGLEN CR SE,3992.528 -8255.919|3990.739 -8225.485|3980.225 -8226.041|3981.602 -8256.486
8 RIVERVALLEY DR SE,3850.146 -8342.673|3850.020 -8312.183|3840.268 -8312.228|3840.401 -8342.706
164 RIVERBROOK WY SE,3359.142 -7746.334|3358.240 -7739.996|3357.688 -7733.625|3325.895 -7735.515|3326.259 -7739.585|3326.734 -7743.644|3327.321 -7747.680|3328.027 -7751.705
100 RIVERGREEN CR SE,3493.939 -7996.690|3490.185 -7962.197|3477.470 -7963.598|3481.224 -7998.080|3487.117 -7997.757|3490.556 -7997.424
158 RIVERGLEN CL SE,4268.498 -8014.859|4255.188 -7987.472|4246.352 -7991.797|4244.290 -7997.813|4255.636 -8021.164
180 RIVERBEND DR SE,3281.296 -8041.702|3274.634 -8030.326|3244.470 -8047.606|3244.631 -8047.951|3247.644 -8054.155|3250.859 -8060.249
152 RIVERGLEN CR SE,4012.164 -8300.130|4029.081 -8298.606|4022.273 -8273.098|4016.652 -8269.162|4009.767 -8269.740
163 RIVERVALLEY CR SE,3717.865 -8224.239|3709.672 -8219.313|3688.687 -8258.109|3692.371 -8258.332|3696.055 -8258.387|3705.604 -8258.354
84 RIVERBROOK PL SE,3549.716 -7723.795|3530.835 -7697.442|3524.732 -7704.292|3543.131 -7730.133|3544.956 -7728.743|3546.668 -7727.209|3548.255 -7725.563
979 RIVERBEND DR SE,3672.707 -7857.363|3673.014 -7848.167|3637.517 -7848.322|3637.559 -7857.518
294 RIVERVIEW PA SE,3580.237 -8396.747|3573.169 -8392.944|3566.221 -8388.930|3546.074 -8416.451|3549.982 -8419.342|3552.946 -8421.265|3556.113 -8422.833
57 RIVERVIEW PA SE,3430.934 -8441.392|3401.525 -8422.622|3394.968 -8433.641|3424.370 -8452.422
48 RIVERWOOD CL SE,4247.023 -8464.676|4251.015 -8427.559|4237.062 -8427.570|4237.083 -8467.211|4240.089 -8466.589|4243.018 -8465.666|4244.989 -8465.054
24 RIVERWOOD MR SE,4263.136 -8730.476|4228.869 -8709.116|4218.334 -8715.154|4207.709 -8721.036|4214.098 -8731.822|4260.976 -8736.792|4261.249 -8735.135|4261.703 -8733.512|4262.333 -8731.955
188 RIVERWOOD CI SE,4039.588 -8464.654|4067.033 -8427.626|4053.674 -8427.637|4043.153 -8427.637|4031.116 -8465.966|4031.836 -8465.710|4033.716 -8465.132|4035.652 -8464.754|4037.617 -8464.587
831 RIVERBEND DR SE,3489.591 -7500.416|3480.986 -7492.688|3458.428 -7518.018|3467.040 -7525.746
139 RIVERSIDE WY SE,3391.829 -7104.762|3368.006 -7108.376|3370.194 -7140.767|3373.011 -7140.845|3375.779 -7141.367|3378.436 -7142.313
614 RIVERBEND DR SE,3239.926 -7524.111|3214.726 -7501.461|3206.197 -7511.013|3231.405 -7533.685
15 RIVERSIDE WY SE,3212.552 -7446.586|3201.723 -7436.868|3179.864 -7461.442|3181.961 -7463.332|3190.699 -7471.172
140 RIVERSTONE CL SE,4779.418 -8023.366|4755.944 -8019.251|4754.455 -8019.085|4752.959 -8019.229|4751.533 -8019.685|4750.233 -8020.430|4749.107 -8021.431|4748.220 -8022.632|4747.604 -8023.999|4747.283 -8025.467|4746.339 -8031.527|4778.167 -8038.121|4778.251 -8037.176
15 RIVER ROCK CI SE,4498.757 -8603.747|4464.099 -8600.323|4463.162 -8608.896|4497.730 -8613.155
160 RIVERGLEN DR SE,4692.659 -7992.064|4692.254 -7985.137|4691.548 -7978.220|4656.980 -7982.590|4657.532 -7987.950|4657.840 -7993.343
121 RIVERVIEW CL SE,3619.355 -8804.165|3596.993 -8776.066|3586.521 -8784.439|3608.891 -8812.538
41 RIVERVIEW CL SE,3809.853 -8664.204|3798.780 -8626.954|3791.153 -8629.945|3783.674 -8633.259|3797.745 -8667.796
39 RIVERCREST CI SE,4263.605 -7782.729|4263.605 -7772.932|4228.757 -7772.943|4228.764 -7782.740
125 RIVERWOOD CR SE,4080.049 -8918.841|4076.679 -8908.388|4042.636 -8919.597|4046.005 -8930.049
311 RIVERVIEW CL SE,3871.069 -8758.764|3867.797 -8753.149|3864.665 -8747.456|3834.068 -8763.990|3841.562 -8776.567
77 RIVERCREST CL SE,4628.585 -7714.155|4597.624 -7714.155|4597.253 -7716.345|4596.610 -7718.480|4595.757 -7721.182|4595.156 -7723.940|4628.585 -7723.951
9504 21 ST SE,4320.179 -8887.595|4286.471 -8878.755|4283.933 -8889.452|4317.641 -8898.292
99 RIVERVIEW CI SE,3866.007 -8923.878|3857.039 -8887.706|3852.208 -8889.641|3845.057 -8892.521|3853.732 -8927.536
221 RIVER ROCK CR SE,4191.295 -9125.485|4189.876 -9113.354|4156.252 -9119.014|4157.986 -9130.311
440 RIVERVIEW PL SE,3668.247 -9192.691|3659.390 -9192.680|3657.258 -9192.680|3648.925 -9223.704|3668.247 -9223.704
237 RIVER ROCK PL SE,4571.011 -9055.343|4572.710 -9055.332|4574.394 -9055.143|4576.065 -9054.810|4577.687 -9054.309|4579.295 -9053.831|4580.944 -9053.542|4584.398 -9023.497|4572.857 -9022.919
79 RIVERSIDE CL SE,2991.883 -7834.935|2979.685 -7802.699|2968.290 -7807.058|2980.684 -7839.794
29 RIVERSIDE CI SE,3067.234 -7759.600|3055.189 -7727.843|3043.235 -7732.413|3055.280 -7764.170
143 RIVERGLEN CR SE,4002.657 -8255.251|4000.476 -8224.851|3990.739 -8225.485|3992.528 -8255.919
12 RIVERVALLEY DR SE,3840.401 -8342.706|3840.268 -8312.228|3830.517 -8312.272|3830.650 -8342.751
168 RIVERBROOK WY SE,3357.618 -7721.449|3325.560 -7719.926|3325.518 -7727.720|3325.895 -7735.515|3357.688 -7733.625|3357.492 -7727.543
96 RIVERGREEN CR SE,3503.838 -7994.877|3512.352 -7959.751|3490.185 -7962.197|3493.939 -7996.690|3496.295 -7995.934|3498.127 -7995.367|3500.007 -7995.000|3501.915 -7994.833
176 RIVERBEND DR SE,3287.951 -8052.399|3281.296 -8041.702|3250.859 -8060.249|3254.222 -8066.120|3257.780 -8071.880
148 RIVERGLEN CR SE,4012.164 -8300.130|4009.767 -8269.740|4000.833 -8270.407|4002.902 -8300.819
167 RIVERVALLEY CR SE,3709.672 -8219.313|3700.794 -8213.965|3694.755 -8223.628|3688.330 -8233.046|3681.529 -8242.186|3674.357 -8251.048|3675.922 -8256.108|3682.270 -8257.353|3688.687 -8258.109
88 RIVERBROOK PL SE,3543.131 -7730.133|3524.732 -7704.292|3517.700 -7712.198|3533.960 -7735.337|3540.237 -7731.924
983 RIVERBEND DR SE,3672.406 -7866.558|3672.707 -7857.363|3637.559 -7857.518|3637.594 -7866.714
290 RIVERVIEW PA SE,3556.113 -8422.833|3559.454 -8424.012|3561.460 -8424.724|3563.369 -8425.658|3565.158 -8426.825|3566.787 -8428.193|3597.440 -8404.809|3588.765 -8400.939|3580.237 -8396.747
61 RIVERVIEW PA SE,3424.370 -8452.422|3394.968 -8433.641|3388.103 -8445.183|3417.512 -8463.964|3420.581 -8458.794
44 RIVERWOOD CL SE,4247.023 -8464.676|4249.924 -8464.554|4252.811 -8464.898|4277.208 -8427.548|4251.015 -8427.559
20 RIVERWOOD MR SE,4267.813 -8725.728|4249.463 -8696.662|4245.520 -8699.164|4228.869 -8709.116|4263.136 -8730.476|4264.101 -8729.098|4265.206 -8727.830|4266.450 -8726.707
192 RIVERWOOD CI SE,4022.475 -8467.578|4024.670 -8467.411|4026.851 -8467.089|4029.004 -8466.611|4031.116 -8465.966|4043.153 -8427.637|4027.229 -8427.637
835 RIVERBEND DR SE,3498.085 -7508.044|3489.591 -7500.416|3467.040 -7525.746|3475.533 -7533.374
143 RIVERSIDE WY SE,3405.447 -7122.976|3391.829 -7104.762|3378.436 -7142.313|3380.729 -7143.558|3382.826 -7145.126|3384.664 -7146.983|3386.223 -7149.084
622 RIVERBEND DR SE,3248.252 -7514.771|3223.051 -7492.121|3214.726 -7501.461|3239.926 -7524.111
19 RIVERSIDE WY SE,3201.723 -7436.868|3190.888 -7427.149|3169.029 -7451.724|3172.433 -7454.781|3179.864 -7461.442
144 RIVERSTONE CL SE,4778.167 -8038.121|4746.339 -8031.527|4744.445 -8043.636|4777.125 -8050.408|4777.209 -8049.463
11 RIVER ROCK CI SE,4499.505 -8595.085|4464.833 -8591.661|4464.099 -8600.323|4498.757 -8603.747
35 RIVERSTONE CL SE,4782.389 -8118.504|4773.889 -8116.880|4769.834 -8116.035|4762.662 -8150.839|4764.990 -8151.384|4775.441 -8152.240
125 RIVERVIEW CL SE,3608.891 -8812.538|3586.521 -8784.439|3576.518 -8792.434|3598.894 -8820.522
43 RIVERCREST CI SE,4263.605 -7772.932|4263.605 -7763.136|4228.757 -7763.147|4228.757 -7772.943
129 RIVERWOOD CR SE,4083.488 -8929.916|4080.049 -8918.841|4046.005 -8930.049|4049.438 -8941.124
307 RIVERVIEW CL SE,3877.423 -8768.894|3874.193 -8763.868|3871.069 -8758.764|3841.562 -8776.567|3849.412 -8789.743|3854.249 -8786.140|3864.518 -8778.501
9508 21 ST SE,4317.641 -8898.292|4283.933 -8889.452|4281.389 -8900.149|4315.104 -8908.978
103 RIVERVIEW CI SE,3853.732 -8927.536|3845.057 -8892.521|3838.598 -8895.123|3833.075 -8897.347|3841.464 -8931.194
225 RIVER ROCK CR SE,4189.876 -9113.354|4188.422 -9100.944|4183.592 -9098.309|4176.517 -9101.534|4169.310 -9104.458|4161.984 -9107.060|4154.553 -9109.351|4156.252 -9119.014
444 RIVERVIEW PL SE,3682.207 -9192.691|3668.247 -9192.691|3668.247 -9223.704|3682.207 -9223.704
241 RIVER ROCK PL SE,4572.857 -9022.919|4562.650 -9022.252|4560.302 -9054.643|4570.627 -9055.332|4571.011 -9055.343
75 RIVERSIDE CL SE,3003.711 -7830.031|2991.632 -7798.129|2979.685 -7802.699|2991.883 -7834.935
33 RIVERSIDE CI SE,3055.280 -7764.170|3043.235 -7732.413|3031.282 -7736.983|3043.326 -7768.740
147 RIVERGLEN CR SE,4002.657 -8255.251|4012.731 -8254.451|4016.030 -8249.725|4009.200 -8224.161|4000.476 -8224.851
16 RIVERVALLEY DR SE,3830.650 -8342.751|3830.517 -8312.272|3821.359 -8312.317|3821.492 -8342.795
172 RIVERBROOK WY SE,3358.736 -7709.907|3326.804 -7705.126|3325.993 -7712.509|3325.560 -7719.926|3357.618 -7721.449|3358.030 -7715.667
92 RIVERGREEN CR SE,3527.710 -7974.229|3512.352 -7959.751|3503.838 -7994.877|3506.061 -7995.189|3508.221 -7995.778|3510.297 -7996.623|3512.247 -7997.735
172 RIVERBEND DR SE,3295.207 -8063.396|3287.951 -8052.399|3257.780 -8071.880|3261.702 -8077.762|3265.833 -8083.511
144 RIVERGLEN CR SE,4002.902 -8300.819|4000.833 -8270.407|3991.403 -8270.997|3993.115 -8301.431
107 RIVERVALLEY CR SE,3844.106 -8257.753|3843.973 -8227.264|3834.222 -8227.308|3834.355 -8257.787
96 RIVERBROOK PL SE,3525.620 -7740.030|3511.339 -7719.347|3502.719 -7729.021|3514.673 -7746.935|3520.098 -7743.410
987 RIVERBEND DR SE,3672.099 -7875.754|3672.406 -7866.558|3637.594 -7866.714|3637.636 -7875.910
282 RIVERVIEW PA SE,3604.326 -8449.765|3604.242 -8432.096|3572.142 -8438.045|3572.421 -8440.424|3572.379 -8442.826|3572.016 -8445.195|3571.352 -8447.496|3570.576 -8449.920
65 RIVERVIEW PA SE,3417.512 -8463.964|3388.103 -8445.183|3381.539 -8456.214|3410.955 -8474.984|3414.024 -8469.824
181 RIVERWOOD CL SE,4207.933 -8653.085|4188.422 -8628.611|4181.047 -8634.537|4185.130 -8644.500|4189.422 -8654.375|4190.205 -8655.731|4191.246 -8656.888|4192.512 -8657.810|4193.938 -8658.444|4195.469 -8658.767|4197.027 -8658.756|4198.551 -8658.433|4199.977 -8657.788
241 RIVERGLEN DR SE,4552.004 -8239.039|4537.680 -8212.175|4532.822 -8214.543|4527.789 -8216.533|4537.778 -8245.311|4541.420 -8243.954|4545.013 -8242.453|4548.544 -8240.818
16 RIVERWOOD MR SE,4269.239 -8681.095|4264.555 -8685.309|4259.690 -8689.312|4254.657 -8693.093|4249.463 -8696.662|4267.813 -8725.728|4269.274 -8724.905|4270.819 -8724.249|4272.427 -8723.771|4274.084 -8723.493
196 RIVERWOOD CI SE,4022.475 -8467.578|4027.229 -8427.637|4012.619 -8427.637|4012.612 -8467.600|4021.448 -8467.589
839 RIVERBEND DR SE,3506.991 -7516.039|3498.085 -7508.044|3475.533 -7533.374|3484.439 -7541.369
147 RIVERSIDE WY SE,3415.905 -7136.964|3405.447 -7122.976|3386.223 -7149.084|3387.404 -7151.286|3388.278 -7153.621|3389.571 -7157.168|3391.298 -7160.526
630 RIVERBEND DR SE,3256.382 -7505.642|3231.174 -7483.003|3223.051 -7492.121|3248.252 -7514.771
55 RIVERSIDE WY SE,3207.735 -7346.945|3184.345 -7325.228|3174.488 -7335.936|3197.872 -7357.653
148 RIVERSTONE CL SE,4777.125 -8050.408|4744.445 -8043.636|4742.550 -8055.746|4776.084 -8062.684|4776.168 -8061.739
7 RIVER ROCK CI SE,4500.149 -8584.700|4465.392 -8582.309|4464.833 -8591.661|4499.505 -8595.085
143 RIVERSTONE CL SE,4731.449 -8024.889|4700.412 -8018.440|4699.489 -8024.800|4698.322 -8031.116|4730.254 -8037.743|4731.177 -8031.850|4731.519 -8028.369
129 RIVERVIEW CL SE,3598.894 -8820.522|3576.518 -8792.434|3571.443 -8796.493|3570.478 -8797.416|3569.695 -8798.505|3569.108 -8799.706|3568.751 -8801.007|3568.633 -8802.342|3568.744 -8803.676|3569.094 -8804.966|3569.674 -8806.178|3573.400 -8812.705|3576.930 -8819.343|3580.265 -8826.082|3583.396 -8832.920
47 RIVERCREST CI SE,4263.605 -7763.136|4263.605 -7753.940|4228.757 -7753.951|4228.757 -7763.147
133 RIVERWOOD CR SE,4086.641 -8940.435|4083.488 -8929.916|4049.438 -8941.124|4052.576 -8951.654
281 RIVERVIEW CL SE,3885.119 -8806.422|3892.054 -8799.795|3892.942 -8798.739|3893.613 -8797.549|3894.060 -8796.248|3894.263 -8794.892|3894.214 -8793.513|3893.913 -8792.178|3893.382 -8790.911|3892.620 -8789.765|3888.643 -8784.684|3884.777 -8779.502|3881.037 -8774.243|3877.423 -8768.894|3864.518 -8778.501
39 RIVERCREST CR SE,4671.359 -7783.462|4637.518 -7782.139|4637.518 -7791.346|4671.359 -7792.669
9512 21 ST SE,4312.412 -8920.331|4315.104 -8908.978|4281.389 -8900.149|4278.732 -8911.335|4312.203 -8921.198
107 RIVERVIEW CI SE,3841.464 -8931.194|3833.075 -8897.347|3825.637 -8900.338|3820.464 -8902.095|3828.622 -8935.019
3 RIVER ROCK MR SE,4369.056 -9067.386|4370.475 -9067.742|4371.929 -9067.808|4373.376 -9067.597|4374.753 -9067.108|4376.005 -9066.352|4377.088 -9065.373|4377.962 -9064.195|4378.584 -9062.871|4387.141 -9039.576|4374.774 -9034.717|4362.925 -9065.184
448 RIVERVIEW PL SE,3692.923 -9192.147|3690.966 -9192.547|3688.974 -9192.691|3682.207 -9192.691|3682.207 -9223.704|3701.654 -9223.704
245 RIVER ROCK PL SE,4562.650 -9022.252|4552.451 -9021.418|4549.599 -9053.776|4560.302 -9054.643
71 RIVERSIDE CL SE,3016.168 -7825.105|3004.145 -7793.348|2991.632 -7798.129|3003.711 -7830.031
37 RIVERSIDE CI SE,3043.326 -7768.740|3031.282 -7736.983|3018.769 -7741.764|3030.820 -7773.522
123 RIVERGLEN CR SE,3951.571 -8257.275|3951.340 -8226.797|3949.152 -8226.819|3941.889 -8226.841|3942.022 -8257.320|3949.285 -8257.297
20 RIVERVALLEY DR SE,3821.492 -8342.795|3821.359 -8312.317|3811.608 -8312.350|3811.740 -8342.840
184 RIVERBROOK WY SE,3369.977 -7674.658|3340.820 -7659.736|3337.506 -7666.830|3334.577 -7674.091|3365.042 -7685.789|3367.363 -7680.162
88 RIVERGREEN CR SE,3539.349 -7985.192|3529.884 -7976.274|3527.710 -7974.229|3512.247 -7997.735|3514.156 -7999.170|3515.854 -8000.849|3517.322 -8002.728|3518.518 -8004.796|3519.434 -8006.508
204 RIVERBROOK WY SE,3408.257 -7625.955|3383.776 -7603.972|3376.087 -7612.611|3400.567 -7634.595
168 RIVERBEND DR SE,3302.414 -8073.726|3295.207 -8063.396|3265.833 -8083.511|3269.964 -8088.870|3274.278 -8094.086
140 RIVERGLEN CR SE,3993.115 -8301.431|3991.403 -8270.997|3981.770 -8271.486|3983.119 -8301.931
111 RIVERVALLEY CR SE,3834.355 -8257.787|3834.222 -8227.308|3825.665 -8227.342|3825.791 -8257.831
92 RIVERBROOK PL SE,3533.960 -7735.337|3517.700 -7712.198|3511.339 -7719.347|3525.620 -7740.030|3532.289 -7736.249
991 RIVERBEND DR SE,3671.812 -7884.350|3672.099 -7875.754|3637.636 -7875.910|3637.677 -7884.494
278 RIVERVIEW PA SE,3604.382 -8462.608|3604.326 -8449.765|3570.576 -8449.920|3570.115 -8451.889|3569.786 -8453.890|3569.590 -8455.914|3569.527 -8457.938|3569.548 -8462.775
69 RIVERVIEW PA SE,3410.955 -8474.984|3381.539 -8456.214|3375.290 -8466.722|3404.699 -8485.492|3407.775 -8480.332
193 RIVERWOOD CL SE,4227.031 -8639.930|4206.437 -8614.122|4197.433 -8621.361|4217.852 -8646.969|4222.557 -8643.600
237 RIVERGLEN DR SE,4565.090 -8230.622|4546.775 -8206.326|4544.587 -8207.916|4542.343 -8209.428|4540.036 -8210.840|4537.680 -8212.175|4552.004 -8239.039|4555.394 -8237.127|4558.708 -8235.092|4561.944 -8232.923
12 RIVERWOOD MR SE,4292.573 -8690.146|4270.029 -8680.350|4269.239 -8681.095|4274.084 -8723.493|4275.754 -8723.382|4277.425 -8723.471|4279.082 -8723.749|4280.697 -8724.205
220 RIVERWOOD CI SE,3962.147 -8464.843|3946.426 -8427.659|3928.125 -8427.659|3919.079 -8427.670|3955.010 -8465.165|3956.772 -8464.809|3958.561 -8464.643|3960.358 -8464.654
219 RIVERBIRCH RD SE,3516.169 -7372.797|3517.134 -7373.531|3518.203 -7374.098|3519.343 -7374.488|3520.538 -7374.677|3521.747 -7374.677|3522.866 -7374.499|3523.949 -7374.154|3524.963 -7373.654|3525.893 -7372.998|3526.711 -7372.208|3530.828 -7367.582|3505.837 -7346.177|3497.756 -7355.251|3496.148 -7357.052|3503.048 -7362.011|3509.724 -7367.260
843 RIVERBEND DR SE,3515.966 -7524.089|3506.991 -7516.039|3484.439 -7541.369|3493.415 -7549.419
151 RIVERSIDE WY SE,3424.566 -7148.551|3415.905 -7136.964|3391.298 -7160.526|3393.018 -7163.095|3397.429 -7168.999
593 RIVERBEND DR SE,3260.311 -7585.213|3235.075 -7562.563|3227.385 -7571.202|3252.614 -7593.853
18 RIVERSIDE WY SE,3237.955 -7401.052|3227.945 -7392.067|3206.043 -7416.630|3216.054 -7425.615
152 RIVERSTONE CL SE,4776.084 -8062.684|4742.550 -8055.746|4740.663 -8067.844|4775.042 -8074.971|4775.119 -8074.026
3 RIVER ROCK CI SE,4500.512 -8574.314|4465.706 -8572.935|4465.392 -8582.309|4500.149 -8584.700
51 RIVERCREST CI SE,4263.605 -7753.940|4263.598 -7744.744|4228.757 -7744.756|4228.757 -7753.951
137 RIVERWOOD CR SE,4089.521 -8950.431|4086.641 -8940.435|4052.576 -8951.654|4055.449 -8961.639
43 RIVERCREST CR SE,4671.359 -7774.912|4637.518 -7773.588|4637.518 -7782.139|4671.359 -7783.462
9516 21 ST SE,4309.043 -8933.051|4310.693 -8927.147|4312.203 -8921.198|4278.732 -8911.335|4278.522 -8912.224|4277.145 -8917.729|4275.628 -8923.177
111 RIVERVIEW CI SE,3828.622 -8935.019|3820.464 -8902.095|3813.055 -8904.619|3808.322 -8906.231|3816.354 -8938.678
7 RIVER ROCK MR SE,4374.774 -9034.717|4363.988 -9030.469|4352.006 -9061.270|4362.925 -9065.184
452 RIVERVIEW PL SE,3699.543 -9188.210|3698.096 -9189.511|3696.488 -9190.612|3694.762 -9191.502|3692.923 -9192.147|3701.654 -9223.704|3735.502 -9223.704
249 RIVER ROCK PL SE,4552.451 -9021.418|4542.266 -9020.417|4538.911 -9052.730|4549.599 -9053.776
67 RIVERSIDE CL SE,3028.150 -7820.613|3016.098 -7788.778|3004.145 -7793.348|3016.168 -7825.105
41 RIVERSIDE CI SE,3030.820 -7773.522|3018.769 -7741.764|3006.815 -7746.334|3018.866 -7778.092
79 RIVERGLEN CR SE,3951.704 -8125.654|3951.655 -8114.156|3948.670 -8114.190|3921.302 -8114.312|3921.351 -8125.787
24 RIVERVALLEY DR SE,3811.740 -8342.840|3811.608 -8312.350|3802.450 -8312.395|3802.583 -8342.873
196 RIVERBROOK WY SE,3391.648 -7644.613|3367.160 -7622.630|3362.127 -7628.290|3357.268 -7634.039|3382.833 -7654.732|3386.614 -7650.273
84 RIVERGREEN CR SE,3549.108 -7994.388|3539.349 -7985.192|3519.434 -8006.508|3520.594 -8008.343|3521.880 -8010.100|3523.292 -8011.757|3524.816 -8013.302|3528.339 -8016.616
167 RIVERCROFT CL SE,4461.107 -8010.867|4459.827 -7980.389|4447.287 -7981.067|4449.286 -8011.723|4451.201 -8011.557
164 RIVERBEND DR SE,3310.237 -8084.323|3302.414 -8073.726|3274.278 -8094.086|3278.989 -8099.378|3283.875 -8104.516
136 RIVERGLEN CR SE,3983.119 -8301.931|3981.770 -8271.486|3972.326 -8271.853|3973.318 -8302.320
115 RIVERVALLEY CR SE,3825.791 -8257.831|3825.665 -8227.342|3816.508 -8227.386|3816.641 -8257.865
56 RIVERBROOK PL SE,3610.121 -7694.362|3609.408 -7692.449|3607.017 -7686.434|3604.417 -7680.518|3579.587 -7701.701|3580.600 -7702.924|3581.474 -7704.247|3582.187 -7705.659|3582.739 -7707.149|3583.194 -7708.628
995 RIVERBEND DR SE,3671.511 -7893.545|3671.812 -7884.350|3637.677 -7884.494|3637.712 -7893.690
287 RIVERVIEW PA SE,3554.687 -8477.052|3554.547 -8445.072|3554.337 -8443.349|3553.736 -8441.714|3552.771 -8440.269|3551.506 -8439.079|3545.599 -8434.709|3531.324 -8465.832
73 RIVERVIEW PA SE,3404.699 -8485.492|3375.290 -8466.722|3368.733 -8477.752|3398.142 -8496.522|3401.218 -8491.352
201 RIVERWOOD CL SE,4238.306 -8628.099|4213.609 -8608.351|4206.437 -8614.122|4227.031 -8639.930|4230.050 -8637.173|4232.938 -8634.270|4235.692 -8631.246
8 RIVERWOOD MR SE,4304.394 -8695.272|4292.573 -8690.146|4280.697 -8724.205|4281.696 -8724.594|4290.162 -8728.275
216 RIVERWOOD CI SE,3969.809 -8466.967|3965.845 -8427.659|3946.426 -8427.659|3962.147 -8464.843|3963.895 -8465.210|3965.594 -8465.743|3967.677 -8466.433
196 RIVERBIRCH RD SE,3609.751 -7350.925|3610.750 -7349.802|3594.134 -7331.400|3593.260 -7330.577|3592.267 -7329.898|3591.177 -7329.398|3590.023 -7329.076|3588.744 -7328.942|3587.465 -7329.031|3586.221 -7329.331|3585.046 -7329.843|3583.977 -7330.554|3583.040 -7331.433|3579.062 -7335.914|3603.124 -7358.364
847 RIVERBEND DR SE,3524.648 -7531.884|3515.966 -7524.089|3493.415 -7549.419|3502.097 -7557.214
167 RIVERSIDE WY SE,3455.191 -7189.448|3448.222 -7180.197|3421.078 -7200.657|3428.047 -7209.897
605 RIVERBEND DR SE,3268.000 -7576.562|3242.771 -7553.923|3235.075 -7562.563|3260.311 -7585.213
22 RIVERSIDE WY SE,3227.945 -7392.067|3220.255 -7385.162|3216.634 -7381.915|3194.726 -7406.478|3206.043 -7416.630
156 RIVERSTONE CL SE,4775.042 -8074.971|4740.663 -8067.844|4738.768 -8079.953|4774.000 -8087.258|4774.077 -8086.313
55 RIVERCREST CI SE,4263.598 -7744.744|4263.598 -7735.549|4228.750 -7735.560|4228.757 -7744.756
141 RIVERWOOD CR SE,4092.394 -8960.427|4089.996 -8952.099|4089.521 -8950.431|4055.449 -8961.639|4058.225 -8971.669
47 RIVERCREST CR SE,4671.359 -7765.705|4637.518 -7764.381|4637.518 -7773.588|4671.359 -7774.912
14 RIVER ROCK RD SE,4354.243 -8822.479|4345.372 -8820.211|4336.879 -8856.038|4345.736 -8858.362
115 RIVERVIEW CI SE,3816.354 -8938.678|3808.322 -8906.231|3799.850 -8909.122|3796.068 -8909.934|3804.079 -8942.325
11 RIVER ROCK MR SE,4363.988 -9030.469|4353.195 -9026.221|4341.087 -9057.345|4352.006 -9061.270
456 RIVERVIEW PL SE,3738.634 -9193.503|3738.634 -9190.645|3703.339 -9181.461|3702.731 -9183.318|3701.885 -9185.086|3700.815 -9186.720|3699.543 -9188.210|3735.502 -9223.704|3738.634 -9223.704
253 RIVER ROCK PL SE,4542.266 -9020.417|4532.473 -9019.316|4522.266 -9045.936|4525.454 -9051.174|4538.911 -9052.730
63 RIVERSIDE CL SE,3039.642 -7816.510|3027.486 -7784.419|3016.098 -7788.778|3028.150 -7820.613
45 RIVERSIDE CI SE,3018.866 -7778.092|3006.815 -7746.334|2994.861 -7750.905|3006.913 -7782.662
83 RIVERGLEN CR SE,3951.760 -8137.852|3951.704 -8125.654|3921.351 -8125.787|3921.407 -8137.985
28 RIVERVALLEY DR SE,3802.583 -8342.873|3802.450 -8312.395|3793.894 -8312.428|3794.026 -8342.918
147 RIVERBROOK WY SE,3415.513 -7767.083|3408.425 -7756.464|3383.699 -7773.088|3386.349 -7777.869|3389.257 -7782.495|3390.298 -7784.052
65 RIVERGREEN CR SE,3559.098 -8066.164|3554.554 -8061.883|3554.379 -8061.717|3553.219 -8060.827|3551.911 -8060.171|3550.492 -8059.793|3549.038 -8059.693|3547.584 -8059.882|3546.200 -8060.349|3544.928 -8061.083|3543.830 -8062.050|3526.466 -8080.631|3536.623 -8090.216
163 RIVERCROFT CL SE,4472.949 -8010.489|4472.375 -7980.000|4459.827 -7980.389|4461.107 -8010.867|4464.280 -8010.712
160 RIVERBEND DR SE,3283.875 -8104.516|3289.076 -8109.597|3297.605 -8117.637|3313.948 -8100.135|3314.822 -8099.023|3315.479 -8097.766|3315.913 -8096.421|3316.102 -8095.008|3316.032 -8093.596|3315.724 -8092.217|3315.179 -8090.916|3314.403 -8089.727|3310.237 -8084.323
132 RIVERGLEN CR SE,3973.318 -8302.320|3972.326 -8271.853|3962.378 -8272.120|3963.000 -8302.587
119 RIVERVALLEY CR SE,3816.641 -8257.865|3816.508 -8227.386|3806.756 -8227.430|3806.889 -8257.909
24 RIVERBROOK RD SE,3618.496 -7807.825|3628.373 -7806.736|3628.324 -7795.216|3628.128 -7785.686|3627.625 -7776.168|3615.189 -7777.536
999 RIVERBEND DR SE,3671.204 -7902.741|3671.511 -7893.545|3637.712 -7893.690|3637.754 -7902.886
6 RIVERVIEW PA SE,3520.741 -8326.661|3510.835 -8322.157|3503.894 -8319.011|3472.388 -8362.043|3478.994 -8366.913|3480.238 -8367.658|3481.608 -8368.148|3483.048 -8368.359|3484.495 -8368.292|3485.907 -8367.936|3487.221 -8367.325|3488.396 -8366.457|3489.375 -8365.390|3496.938 -8355.483|3504.684 -8345.720|3512.625 -8336.112
3 RIVERVIEW PA SE,3485.746 -8390.509|3475.442 -8382.903|3454.219 -8411.881|3455.170 -8412.581|3464.523 -8419.486
209 RIVERWOOD CL SE,4248.086 -8612.821|4218.817 -8602.213|4218.230 -8604.637|4213.609 -8608.351|4238.306 -8628.099|4241.040 -8624.463|4243.584 -8620.705|4245.933 -8616.813
44 RIVERVIEW ME SE,3450.493 -8476.729|3420.581 -8458.794|3417.512 -8463.964|3414.024 -8469.824|3443.936 -8487.760
4 RIVERWOOD MR SE,4290.162 -8728.275|4295.118 -8730.432|4296.530 -8730.888|4298.012 -8731.055|4299.494 -8730.921|4300.913 -8730.487|4302.227 -8729.787|4303.374 -8728.842|4304.310 -8727.685|4305.002 -8726.373|4308.966 -8716.855|4316.082 -8700.354|4304.394 -8695.272
184 RIVERBIRCH RD SE,3631.917 -7373.242|3624.563 -7365.092|3602.166 -7389.388|3607.926 -7395.759|3609.527 -7397.527
851 RIVERBEND DR SE,3533.401 -7539.745|3524.648 -7531.884|3502.097 -7557.214|3510.849 -7565.076
179 RIVERSIDE WY SE,3474.233 -7218.703|3466.977 -7209.619|3442.259 -7228.233|3449.515 -7237.329
611 RIVERBEND DR SE,3275.697 -7567.922|3250.468 -7545.283|3242.771 -7553.923|3268.000 -7576.562
160 RIVERSTONE CL SE,4774.000 -8087.258|4738.768 -8079.953|4737.699 -8086.780|4737.580 -8088.214|4737.741 -8089.638|4738.181 -8090.994|4738.873 -8092.251|4739.796 -8093.352|4740.922 -8094.241|4742.194 -8094.897|4743.571 -8095.286|4772.805 -8101.347
51 RIVER ROCK CI SE,4479.715 -8692.314|4446.755 -8681.017|4445.518 -8684.608|4445.168 -8685.998|4445.092 -8687.422|4445.287 -8688.845|4445.742 -8690.202|4446.448 -8691.447|4447.377 -8692.525|4448.496 -8693.415|4449.768 -8694.082|4456.206 -8696.573|4462.701 -8698.941|4469.237 -8701.165|4475.822 -8703.267
59 RIVERCREST CI SE,4263.598 -7735.549|4263.598 -7726.353|4228.750 -7726.364|4228.750 -7735.560
145 RIVERWOOD CR SE,4095.589 -8970.946|4092.394 -8960.427|4058.225 -8971.669|4061.049 -8982.311
51 RIVERCREST CR SE,4671.359 -7756.498|4637.518 -7755.174|4637.518 -7764.381|4671.359 -7765.705
18 RIVER ROCK RD SE,4364.009 -8825.114|4362.849 -8824.681|4354.243 -8822.479|4345.736 -8858.362|4346.687 -8858.606|4354.397 -8860.674
119 RIVERVIEW CI SE,3804.079 -8942.325|3796.068 -8909.934|3785.883 -8912.124|3783.562 -8912.625|3791.817 -8945.872|3798.983 -8943.848
11 RIVERCREST WY SE,4816.209 -7857.229|4783.375 -7857.207|4783.375 -7866.403|4816.209 -7866.436
15 RIVER ROCK MR SE,4353.195 -9026.221|4342.408 -9021.974|4330.161 -9053.431|4341.087 -9057.345
460 RIVERVIEW PL SE,3738.634 -9171.698|3738.634 -9162.046|3703.430 -9174.322|3703.723 -9176.101|3703.814 -9177.902|3703.682 -9179.693|3703.339 -9181.461|3738.634 -9190.645
238 RIVER ROCK PL SE,4586.138 -9099.054|4583.286 -9087.201|4580.868 -9075.247|4575.604 -9070.610|4568.956 -9070.244|4567.047 -9102.668|4582.657 -9103.435
55 RIVERSIDE CL SE,3064.549 -7808.337|3051.952 -7775.067|3039.439 -7779.849|3051.771 -7812.407
49 RIVERSIDE CI SE,3006.913 -7782.662|2994.861 -7750.905|2982.355 -7755.686|2994.407 -7787.443
87 RIVERGLEN CR SE,3951.802 -8148.838|3951.760 -8137.852|3921.407 -8137.985|3921.456 -8148.971
32 RIVERVALLEY DR SE,3794.026 -8342.918|3793.894 -8312.428|3784.743 -8312.472|3784.876 -8342.951
151 RIVERBROOK WY SE,3408.425 -7756.464|3402.595 -7747.713|3377.848 -7759.422|3379.121 -7762.925|3380.519 -7766.372|3382.050 -7769.763|3383.699 -7773.088
206 RIVERGREEN PL SE,3536.623 -8090.216|3526.466 -8080.631|3522.321 -8085.079|3520.468 -8087.247|3518.839 -8089.593|3544.033 -8116.102|3546.850 -8110.809|3551.296 -8102.447|3547.731 -8100.679
159 RIVERCROFT CL SE,4484.937 -7979.911|4472.375 -7980.000|4472.949 -8010.489|4478.031 -8010.478|4484.797 -8010.589
224 RIVERBEND DR SE,3226.498 -7913.227|3223.883 -7904.765|3223.268 -7903.308|3222.380 -7901.996|3221.248 -7900.895|3219.913 -7900.028|3218.445 -7899.450|3216.886 -7899.172|3215.299 -7899.205|3213.761 -7899.561|3189.378 -7907.745|3193.216 -7920.143|3194.188 -7923.257
128 RIVERGLEN CR SE,3963.000 -8302.587|3962.378 -8272.120|3953.430 -8272.253|3953.710 -8302.732
123 RIVERVALLEY CR SE,3806.889 -8257.909|3806.756 -8227.430|3798.200 -8227.464|3798.326 -8257.942
56 RIVERBROOK RD SE,3536.861 -7816.810|3536.525 -7786.187|3530.513 -7786.843|3516.071 -7818.000|3517.015 -7818.367|3518.007 -7818.600|3519.014 -7818.700|3520.035 -7818.656
1003 RIVERBEND DR SE,3670.903 -7911.937|3671.204 -7902.741|3637.754 -7902.886|3637.796 -7912.082
15 RIVERVIEW PA SE,3454.359 -8367.325|3447.117 -8361.987|3445.782 -8361.198|3444.307 -8360.698|3442.769 -8360.520|3441.217 -8360.675|3439.735 -8361.131|3438.386 -8361.898|3437.219 -8362.921|3436.289 -8364.167|3422.049 -8388.118|3433.136 -8396.302
7 RIVERVIEW PA SE,3475.442 -8382.903|3464.663 -8374.942|3443.440 -8403.908|3450.235 -8408.934|3454.219 -8411.881
217 RIVERWOOD CL SE,4253.504 -8599.578|4221.347 -8591.727|4218.817 -8602.213|4248.086 -8612.821|4249.638 -8609.596|4251.057 -8606.305|4252.350 -8602.969
9121 21 ST SE,4343.198 -8481.889|4342.038 -8470.291|4307.037 -8470.302|4308.197 -8481.889
9153 21 ST SE,4349.658 -8597.298|4350.608 -8588.358|4350.587 -8586.812|4350.245 -8585.300|4349.602 -8583.888|4348.679 -8582.643|4347.525 -8581.609|4346.183 -8580.841|4344.708 -8580.363|4343.170 -8580.207|4316.278 -8580.207|4315.817 -8586.368|4315.104 -8592.506
212 RIVERWOOD CI SE,3979.777 -8467.612|3979.777 -8427.648|3965.845 -8427.659|3969.809 -8466.967|3972.878 -8467.456|3975.989 -8467.612
176 RIVERBIRCH RD SE,3647.052 -7389.121|3643.116 -7385.307|3639.383 -7381.282|3617.028 -7405.533|3624.724 -7413.350
855 RIVERBEND DR SE,3542.418 -7547.840|3533.401 -7539.745|3510.849 -7565.076|3519.867 -7573.171
191 RIVERSIDE WY SE,3496.421 -7245.479|3488.990 -7236.684|3464.251 -7255.331|3471.668 -7264.149
621 RIVERBEND DR SE,3283.386 -7559.282|3258.157 -7536.632|3250.468 -7545.283|3275.697 -7567.922
62 RIVERSTONE CL SE,4810.267 -8093.808|4774.077 -8086.313|4774.000 -8087.258|4772.805 -8101.347|4776.909 -8102.192|4783.130 -8103.515|4789.394 -8104.605|4795.699 -8105.472|4802.025 -8106.128|4803.570 -8106.072|4805.073 -8105.705|4806.471 -8105.049|4807.716 -8104.138|4808.757 -8102.992|4809.547 -8101.658|4810.057 -8100.201|4810.274 -8098.667
52 RIVER ROCK CI SE,4425.455 -8688.189|4393.124 -8682.440|4390.727 -8688.178|4382.359 -8707.581|4425.777 -8695.950|4425.378 -8694.038|4425.197 -8692.092|4425.218 -8690.135
63 RIVERCREST CI SE,4263.598 -7726.353|4263.598 -7716.568|4228.750 -7716.579|4228.750 -7726.364
149 RIVERWOOD CR SE,4099.119 -8981.977|4095.589 -8970.946|4061.049 -8982.311|4063.915 -8993.564
55 RIVERCREST CR SE,4671.359 -7747.947|4637.518 -7746.624|4637.518 -7755.174|4671.359 -7756.498
22 RIVER ROCK RD SE,4372.929 -8828.461|4364.009 -8825.114|4354.397 -8860.674|4363.156 -8863.110
123 RIVERVIEW CI SE,3791.817 -8945.872|3783.562 -8912.625|3772.202 -8915.071|3770.469 -8915.449|3778.787 -8948.952|3785.323 -8947.495
15 RIVERCREST WY SE,4816.209 -7847.444|4783.375 -7847.422|4783.375 -7857.207|4816.209 -7857.229
19 RIVER ROCK MR SE,4342.408 -9021.974|4331.622 -9017.737|4319.871 -9047.916|4321.898 -9049.439|4324.051 -9050.773|4326.309 -9051.930|4328.651 -9052.886|4330.161 -9053.431
464 RIVERVIEW PL SE,3735.649 -9159.911|3735.649 -9152.317|3724.282 -9144.544|3718.690 -9140.719|3698.257 -9166.060|3699.536 -9167.217|3700.676 -9168.529|3701.654 -9169.952|3702.465 -9171.487
242 RIVER ROCK PL SE,4568.956 -9070.244|4558.190 -9069.521|4555.786 -9101.912|4567.047 -9102.668
51 RIVERSIDE CL SE,3076.825 -7804.645|3063.906 -7770.497|3051.952 -7775.067|3064.549 -7808.337
53 RIVERSIDE CI SE,2994.407 -7787.443|2982.355 -7755.686|2970.401 -7760.256|2982.453 -7792.013
91 RIVERGLEN CR SE,3951.857 -8161.036|3951.802 -8148.838|3921.456 -8148.971|3921.505 -8161.169
36 RIVERVALLEY DR SE,3784.876 -8342.951|3784.743 -8312.472|3774.991 -8312.517|3775.124 -8342.995
159 RIVERBROOK WY SE,3402.595 -7747.713|3398.142 -7741.042|3398.317 -7738.551|3373.920 -7744.155|3374.675 -7748.036|3375.584 -7751.872|3376.639 -7755.675|3377.848 -7759.422
210 RIVERGREEN PL SE,3544.033 -8116.102|3518.839 -8089.593|3517.162 -8092.640|3515.854 -8095.854|3514.918 -8099.200|3514.379 -8102.636|3537.986 -8127.466|3540.922 -8121.940
155 RIVERCROFT CL SE,4497.492 -7980.111|4484.937 -7979.911|4484.797 -8010.589|4491.774 -8010.889|4496.632 -8011.190
208 RIVERBEND DR SE,3242.331 -7961.419|3238.046 -7949.577|3206.896 -7960.496|3211.664 -7973.072
387 RIVERGLEN DR SE,3953.675 -8342.206|3953.458 -8311.727|3949.523 -8311.761|3944.448 -8311.783|3944.580 -8342.261|3949.655 -8342.239
127 RIVERVALLEY CR SE,3798.326 -8257.942|3798.200 -8227.464|3788.448 -8227.508|3788.574 -8257.987
60 RIVERBROOK RD SE,3530.513 -7786.843|3527.172 -7781.839|3503.062 -7800.464|3513.016 -7815.375|3513.638 -7816.187|3514.365 -7816.899|3515.176 -7817.510|3516.071 -7818.000
1007 RIVERBEND DR SE,3670.617 -7920.532|3670.903 -7911.937|3637.796 -7912.082|3637.831 -7920.677
259 RIVERVIEW PA SE,3520.084 -8526.523|3547.444 -8526.400|3548.905 -8526.256|3550.303 -8525.822|3551.590 -8525.122|3552.715 -8524.187|3553.638 -8523.042|3554.323 -8521.741|3554.742 -8520.340|3554.875 -8518.883|3554.847 -8511.834|3520.021 -8511.989
11 RIVERVIEW PA SE,3464.663 -8374.942|3454.359 -8367.325|3433.136 -8396.302|3443.440 -8403.908
221 RIVERWOOD CL SE,4256.321 -8588.336|4224.067 -8580.463|4221.347 -8591.727|4253.504 -8599.578|4255.090 -8594.007
9125 21 ST SE,4344.303 -8492.886|4343.198 -8481.889|4308.197 -8481.889|4309.302 -8492.886
9157 21 ST SE,4349.658 -8597.298|4315.104 -8592.506|4314.251 -8597.954|4313.195 -8603.369|4347.595 -8610.786|4348.721 -8604.059
280 RIVERWOOD CI SE,3928.887 -8624.852|3930.446 -8631.135|3930.935 -8632.502|3931.683 -8633.759|3932.662 -8634.838|3933.829 -8635.705|3935.143 -8636.339|3936.555 -8636.695|3938.009 -8636.772|3939.449 -8636.561|3959.750 -8631.580|3961.141 -8631.090|3962.406 -8630.334|3963.497 -8629.345|3964.377 -8628.155|3965.007 -8626.820|3965.363 -8625.386|3965.433 -8623.907|3965.209 -8622.450|3963.685 -8616.312
172 RIVERBIRCH RD SE,3654.937 -7396.749|3650.896 -7393.035|3647.052 -7389.121|3624.724 -7413.350|3632.609 -7420.967
859 RIVERBEND DR SE,3551.170 -7555.702|3542.418 -7547.840|3519.867 -7573.171|3528.619 -7581.032
203 RIVERSIDE WY SE,3524.572 -7277.459|3514.100 -7265.817|3486.858 -7278.471|3489.277 -7280.216|3491.381 -7282.340|3493.100 -7284.787
629 RIVERBEND DR SE,3291.083 -7550.643|3265.854 -7527.992|3258.157 -7536.632|3283.386 -7559.282
66 RIVERSTONE CL SE,4810.267 -8081.309|4775.119 -8074.026|4775.042 -8074.971|4774.077 -8086.313|4810.267 -8093.808
56 RIVER ROCK CI SE,4428.999 -8702.444|4427.951 -8700.954|4427.063 -8699.364|4426.336 -8697.685|4425.777 -8695.950|4382.359 -8707.581|4378.081 -8717.511|4398.626 -8726.440
67 RIVERCREST CI SE,4263.598 -7716.568|4263.598 -7706.771|4228.750 -7706.782|4228.750 -7716.579
153 RIVERWOOD CR SE,4102.635 -8992.385|4099.119 -8981.977|4063.915 -8993.564|4066.515 -9004.272
59 RIVERCREST CR SE,4671.359 -7739.396|4637.518 -7738.062|4637.518 -7746.624|4671.359 -7747.947
26 RIVER ROCK RD SE,4381.835 -8831.808|4372.929 -8828.461|4363.156 -8863.110|4371.880 -8865.656
127 RIVERVIEW CI SE,3778.787 -8948.952|3770.469 -8915.449|3759.109 -8917.895|3757.949 -8918.084|3766.183 -8951.243|3772.503 -8950.175
19 RIVERCREST WY SE,4816.209 -7837.648|4783.375 -7837.626|4783.375 -7847.422|4816.209 -7847.444
23 RIVER ROCK MR SE,4331.622 -9017.737|4316.683 -9011.855|4311.084 -9043.668|4313.363 -9044.235|4315.551 -9045.091|4317.613 -9046.214|4319.501 -9047.615|4319.871 -9047.916
468 RIVERVIEW PL SE,3718.690 -9140.719|3712.916 -9136.771|3703.353 -9130.233|3697.530 -9130.233|3691.539 -9162.969|3693.350 -9163.425|3695.090 -9164.092|3696.733 -9164.970|3698.257 -9166.060
246 RIVER ROCK PL SE,4558.190 -9069.521|4547.446 -9068.631|4544.538 -9100.978|4555.786 -9101.912
243 RIVERSIDE CL SE,3189.700 -7938.513|3185.750 -7926.303|3153.650 -7937.067|3157.606 -7949.276
141 RIVERSIDE BA SE,3055.056 -7967.846|3036.294 -7935.455|3025.235 -7941.904|3044.004 -7974.306
23 RIVERBIRCH RD SE,3817.948 -7746.190|3814.648 -7715.889|3806.141 -7716.823|3809.440 -7747.124
7 RIVERGLEN WY SE,4139.090 -8022.832|4133.855 -8012.057|4106.578 -8025.423|4111.814 -8036.197
76 RIVERGLEN WY SE,4079.874 -8166.718|4068.459 -8137.018|4062.496 -8139.264|4056.498 -8141.399|4067.249 -8172.900
79 RIVERBIRCH CR SE,3853.103 -7782.039|3849.797 -7751.739|3839.514 -7752.873|3842.813 -7783.162
76 RIVERGREEN CR SE,3567.325 -8011.557|3558.000 -8002.772|3537.224 -8025.000|3546.557 -8033.785
48 RIVERCROFT CL SE,4424.658 -8052.710|4423.596 -8050.608|4422.813 -8048.396|4422.324 -8046.094|4422.135 -8043.748|4393.488 -8048.084|4394.201 -8057.591|4394.879 -8070.557
280 RIVERGLEN DR SE,4400.597 -8305.934|4395.424 -8275.911|4388.574 -8277.224|4381.772 -8278.758|4388.944 -8308.369|4394.746 -8307.057
21 RIVERVIEW BA SE,3364.231 -8203.412|3362.253 -8202.901|3360.372 -8202.111|3358.604 -8201.077|3357.003 -8199.821|3334.899 -8225.596|3357.800 -8235.981
7 RIVERVALLEY PL SE,3758.074 -8160.558|3725.604 -8160.180|3722.493 -8168.886|3719.103 -8177.482|3751.273 -8172.778|3751.427 -8170.966|3751.797 -8169.187|3752.377 -8167.463|3753.167 -8165.828|3754.146 -8164.294|3755.299 -8162.893|3756.613 -8161.636
143 RIVERBROOK RD SE,3459.861 -7695.441|3437.240 -7675.125|3429.145 -7684.210|3451.724 -7704.492|3453.038 -7703.113
891 RIVERBEND DR SE,3629.939 -7635.306|3627.136 -7631.181|3624.228 -7627.122|3595.888 -7647.816|3600.334 -7654.443
218 RIVERVIEW PA SE,3583.956 -8654.953|3554.463 -8634.315|3551.003 -8638.963|3547.242 -8643.377|3574.029 -8668.040|3580.181 -8663.114
266 RIVERVIEW PA SE,3604.522 -8493.842|3604.501 -8488.894|3569.667 -8489.050|3569.723 -8501.292|3604.557 -8501.137
56 RIVERWOOD CL SE,4225.535 -8467.545|4225.521 -8427.570|4213.979 -8427.570|4213.993 -8467.545
262 RIVERSTONE CV SE,4761.509 -8246.856|4761.362 -8245.577|4729.988 -8272.631|4730.611 -8275.055|4730.820 -8277.557|4730.820 -8283.017|4763.934 -8267.427|4763.025 -8259.733
48 RIVERWOOD CI SE,4024.076 -8757.575|4022.370 -8757.641|4020.672 -8757.541|4018.987 -8757.285|4017.337 -8756.863|4002.951 -8795.592|4005.481 -8801.018|4026.998 -8791.978
108 RIVERWOOD CI SE,4129.143 -8662.881|4125.130 -8652.840|4092.667 -8665.516|4096.931 -8676.180|4126.347 -8664.037
88 RIVERBIRCH RD SE,3820.646 -7574.572|3818.430 -7569.701|3816.095 -7564.898|3788.476 -7578.864|3790.552 -7582.934|3792.524 -7587.059
160 RIVERBIRCH RD SE,3679.096 -7419.221|3671.064 -7411.760|3648.743 -7435.978|3656.768 -7443.451
760 RIVERBEND DR SE,3361.435 -7416.430|3353.724 -7383.339|3346.985 -7385.107|3340.345 -7387.197|3351.306 -7419.355|3356.332 -7417.765
103 RIVERSIDE WY SE,3310.642 -7214.500|3280.946 -7192.072|3273.599 -7203.292|3302.624 -7225.197
157 RIVERSIDE CI SE,2962.593 -7541.124|2943.209 -7506.053|2930.710 -7513.604|2951.059 -7548.007|2956.791 -7544.505
47 RIVERSTONE CL SE,4814.140 -8124.431|4811.686 -8124.798|4809.205 -8124.820|4806.744 -8124.508|4804.353 -8123.841|4803.521 -8154.564|4819.166 -8155.865
9178 21 ST SE,4388.615 -8669.297|4357.550 -8658.111|4355.592 -8663.404|4353.530 -8668.652|4383.715 -8681.773|4386.239 -8675.568
399 RIVER ROCK CI SE,4499.491 -8535.707|4464.553 -8535.718|4465.203 -8545.003|4500.086 -8545.003
20 RIVERVIEW CL SE,3882.778 -8578.351|3880.694 -8565.274|3856.969 -8566.797|3839.674 -8603.614|3841.429 -8604.570|3843.072 -8605.716|3844.575 -8607.039|3845.917 -8608.529
136 RIVERCREST CI SE,4355.159 -7756.765|4321.311 -7756.765|4321.318 -7765.960|4355.159 -7765.949
154 RIVERWOOD CR SE,4151.443 -8980.087|4148.031 -8969.634|4114.435 -8980.709|4118.000 -8991.106
277 RIVERVIEW CL SE,3885.119 -8806.422|3864.518 -8778.501|3854.249 -8786.140|3875.438 -8814.862|3880.331 -8810.703
73 RIVER ROCK RD SE,4463.763 -8960.605|4470.789 -8945.149|4477.968 -8929.771|4469.509 -8925.812|4455.270 -8957.080
9554 21 ST SE,4211.994 -9070.577|4216.908 -9066.941|4221.739 -9063.194|4200.124 -9035.784|4195.951 -9039.020|4191.701 -9042.167
236 RIVER ROCK CR SE,4134.672 -9087.590|4132.953 -9080.696|4132.442 -9079.284|4131.660 -9078.016|4130.646 -9076.926|4129.430 -9076.059|4128.066 -9075.447|4126.605 -9075.125|4125.116 -9075.092|4123.648 -9075.359|4100.964 -9080.685|4098.406 -9081.385|4096.008 -9082.542|4093.848 -9084.110|4092.003 -9086.022|4090.528 -9088.235|4089.465 -9090.681|4088.850 -9093.272|4088.703 -9095.941|4088.731 -9096.764
86 RIVERVIEW CI SE,3919.023 -8960.205|3909.118 -8926.680|3895.710 -8930.672|3905.615 -8964.197
112 RIVERCREST CR SE,4769.485 -7725.797|4760.369 -7725.141|4760.369 -7759.200|4769.478 -7759.856
114 RIVER ROCK CR SE,4396.906 -9167.795|4400.059 -9157.198|4367.092 -9145.845|4363.939 -9156.442
941 RIVERVIEW PL SE,4039.050 -9131.690|4037.554 -9131.757|4023.517 -9132.335|4018.204 -9132.557|4012.884 -9163.392|4015.212 -9163.214|4017.540 -9163.403|4019.812 -9163.948|4021.965 -9164.848
65 RIVER ROCK CO SE,4583.391 -8984.201|4581.916 -8984.668|4580.406 -8984.990|4578.868 -8985.146|4577.316 -8985.135|4575.296 -9015.046|4583.818 -9015.469|4592.339 -9015.769|4595.226 -9015.769
47 RIVERSIDE CL SE,3088.142 -7800.075|3075.294 -7766.149|3063.906 -7770.497|3076.825 -7804.645|3080.201 -7803.667|3082.284 -7802.988|3084.304 -7802.165|3086.262 -7801.187
57 RIVERSIDE CI SE,2982.453 -7792.013|2970.401 -7760.256|2958.448 -7764.826|2970.506 -7796.583
95 RIVERGLEN CR SE,3951.899 -8172.033|3951.857 -8161.036|3921.505 -8161.169|3921.554 -8172.155
40 RIVERVALLEY DR SE,3775.124 -8342.995|3774.991 -8312.517|3765.834 -8312.550|3765.967 -8343.029
167 RIVERBROOK WY SE,3398.317 -7738.551|3399.113 -7727.387|3372.431 -7728.699|3372.578 -7732.580|3372.878 -7736.460|3373.319 -7740.319|3373.920 -7744.155
214 RIVERGREEN PL SE,3537.986 -8127.466|3514.379 -8102.636|3514.240 -8106.161|3514.100 -8108.507|3513.597 -8110.809|3512.737 -8113.000|3511.548 -8115.035|3528.850 -8141.499|3529.731 -8140.287|3535.001 -8133.070
151 RIVERCROFT CL SE,4511.026 -7980.767|4506.580 -7980.433|4497.492 -7980.111|4496.632 -8011.190|4505.482 -8011.946|4507.684 -8012.179
200 RIVERBEND DR SE,3251.586 -7984.225|3246.700 -7972.605|3216.410 -7984.992|3219.521 -7992.520|3221.590 -7997.402
391 RIVERGLEN DR SE,3944.580 -8342.261|3944.448 -8311.783|3934.696 -8311.816|3934.829 -8342.306
131 RIVERVALLEY CR SE,3788.574 -8257.987|3788.448 -8227.508|3779.291 -8227.553|3779.423 -8258.031
68 RIVERBROOK RD SE,3521.636 -7773.533|3515.540 -7764.404|3496.526 -7777.191|3495.645 -7777.881|3494.883 -7778.703|3494.247 -7779.626|3493.751 -7780.627|3493.415 -7781.694|3493.240 -7782.806|3493.233 -7783.930|3493.436 -7785.219|3493.855 -7786.454|3494.478 -7787.588|3496.414 -7790.501
1011 RIVERBEND DR SE,3670.330 -7929.128|3670.617 -7920.532|3637.831 -7920.677|3637.866 -7929.272
238 RIVERVIEW PA SE,3604.969 -8593.740|3604.899 -8578.784|3570.073 -8578.940|3570.094 -8583.933|3570.038 -8587.480|3569.842 -8591.027
295 RIVERVIEW PA SE,3545.599 -8434.709|3536.777 -8428.193|3515.554 -8457.170|3519.790 -8460.295|3531.324 -8465.832
225 RIVERWOOD CL SE,4257.768 -8574.181|4226.408 -8570.767|4224.067 -8580.463|4256.321 -8588.336|4256.887 -8584.822|4257.320 -8581.286|4257.614 -8577.739
9129 21 ST SE,4345.344 -8503.272|4344.303 -8492.886|4309.302 -8492.886|4310.343 -8503.283
9161 21 ST SE,4347.595 -8610.786|4313.195 -8603.369|4311.937 -8608.740|4310.490 -8614.055|4344.806 -8624.174|4346.295 -8617.502
276 RIVERWOOD CI SE,3963.685 -8616.312|3961.071 -8605.171|3926.140 -8613.143|3928.887 -8624.852
168 RIVERBIRCH RD SE,3663.039 -7404.288|3656.964 -7398.639|3654.937 -7396.749|3632.609 -7420.967|3634.637 -7422.868|3640.711 -7428.517
863 RIVERBEND DR SE,3560.076 -7563.697|3551.170 -7555.702|3528.619 -7581.032|3537.525 -7589.027
211 RIVERSIDE WY SE,3543.348 -7290.546|3536.232 -7290.091|3495.568 -7294.638|3495.260 -7297.285|3494.575 -7299.854|3493.520 -7302.300|3525.711 -7310.350
637 RIVERBEND DR SE,3298.772 -7542.003|3273.551 -7519.352|3265.854 -7527.992|3291.083 -7550.643
548 RIVERBEND DR SE,3177.445 -7608.275|3146.359 -7594.831|3143.493 -7601.870|3140.871 -7609.009|3172.818 -7620.195|3175.027 -7614.190
70 RIVERSTONE CL SE,4810.267 -8068.811|4776.168 -8061.739|4776.084 -8062.684|4775.119 -8074.026|4810.267 -8081.309
60 RIVER ROCK CI SE,4435.004 -8707.381|4433.306 -8706.403|4431.733 -8705.246|4430.286 -8703.912|4428.999 -8702.444|4398.626 -8726.440|4420.478 -8735.936
71 RIVERCREST CI SE,4263.598 -7706.771|4263.598 -7697.576|4228.750 -7697.587|4228.750 -7706.782
157 RIVERWOOD CR SE,4106.102 -9002.181|4102.635 -8992.385|4066.515 -9004.272|4068.878 -9014.435
63 RIVERCREST CR SE,4671.359 -7730.189|4637.511 -7728.855|4637.518 -7738.062|4671.359 -7739.396
30 RIVER ROCK RD SE,4390.748 -8835.144|4381.835 -8831.808|4371.880 -8865.656|4380.576 -8868.291
131 RIVERVIEW CI SE,3766.183 -8951.243|3757.949 -8918.084|3746.442 -8919.941|3745.289 -8920.130|3753.454 -8953.066|3761.423 -8951.932
23 RIVERCREST WY SE,4816.209 -7828.463|4783.375 -7828.441|4783.375 -7837.626|4816.209 -7837.648
27 RIVER ROCK MR SE,4316.683 -9011.855|4293.489 -9002.737|4303.653 -9043.935|4305.492 -9043.579|4307.351 -9043.412|4309.225 -9043.446|4311.084 -9043.668
472 RIVERVIEW PL SE,3697.530 -9130.233|3691.840 -9130.233|3681.074 -9130.233|3681.039 -9162.724|3688.855 -9162.735|3690.204 -9162.791|3691.539 -9162.969
250 RIVER ROCK PL SE,4547.446 -9068.631|4536.702 -9067.575|4533.297 -9099.866|4544.538 -9100.978
43 RIVERSIDE CL SE,3098.138 -7795.905|3092.560 -7759.544|3075.294 -7766.149|3088.142 -7800.075|3089.428 -7799.197|3091.421 -7797.951|3093.567 -7796.973|3095.818 -7796.283
61 RIVERSIDE CI SE,2970.506 -7796.583|2958.448 -7764.826|2946.543 -7769.374|2956.281 -7802.021
99 RIVERGLEN CR SE,3951.955 -8184.220|3951.899 -8172.033|3921.554 -8172.155|3921.603 -8184.354
44 RIVERVALLEY DR SE,3765.967 -8343.029|3765.834 -8312.550|3756.082 -8312.595|3756.215 -8343.073
171 RIVERBROOK WY SE,3399.910 -7716.212|3373.333 -7713.310|3372.885 -7717.135|3372.585 -7720.982|3372.438 -7724.841|3372.431 -7728.699|3399.113 -7727.387
218 RIVERGREEN PL SE,3528.850 -8141.499|3511.548 -8115.035|3510.010 -8116.903|3508.193 -8118.493|3506.145 -8119.772|3503.915 -8120.706|3512.807 -8162.326|3516.679 -8158.178|3520.538 -8152.885|3527.773 -8142.978
147 RIVERCROFT CL SE,4524.678 -7983.246|4517.953 -7981.856|4514.500 -7981.234|4511.026 -7980.767|4507.684 -8012.179|4518.450 -8013.569
32 RIVERGLEN WY SE,4211.197 -8079.130|4207.667 -8060.327|4204.773 -8054.378|4180.187 -8066.431|4181.215 -8068.800|4181.893 -8071.291|4182.208 -8073.859|4182.159 -8076.439
124 RIVERGLEN CR SE,3953.710 -8302.732|3953.430 -8272.253|3949.348 -8272.287|3944.273 -8272.309|3944.406 -8302.787|3949.481 -8302.765
135 RIVERVALLEY CR SE,3779.423 -8258.031|3779.291 -8227.553|3769.539 -8227.586|3769.672 -8258.076
28 RIVERBROOK RD SE,3618.496 -7807.825|3615.189 -7777.536|3603.851 -7778.781|3607.150 -7809.071
1015 RIVERBEND DR SE,3670.029 -7938.324|3670.330 -7929.128|3637.866 -7929.272|3637.908 -7938.468
234 RIVERVIEW PA SE,3604.969 -8593.740|3569.842 -8591.027|3569.206 -8596.809|3568.185 -8602.524|3604.613 -8610.319|3605.039 -8609.396
299 RIVERVIEW PA SE,3536.777 -8428.193|3526.955 -8420.943|3505.732 -8449.920|3515.554 -8457.170
3 RIVERWOOD CL SE,4257.768 -8574.181|4257.726 -8568.621|4257.341 -8563.083|4257.104 -8560.682|4225.640 -8560.693|4227.261 -8567.253|4226.408 -8570.767
9133 21 ST SE,4346.393 -8513.657|4345.344 -8503.272|4310.343 -8503.283|4311.385 -8513.668
9165 21 ST SE,4344.806 -8624.174|4310.490 -8614.055|4308.938 -8619.048|4307.204 -8623.985|4341.465 -8636.761|4343.219 -8630.490
272 RIVERWOOD CI SE,3961.071 -8605.171|3958.757 -8594.563|3923.707 -8602.002|3926.140 -8613.143
180 RIVERBIRCH RD SE,3639.383 -7381.282|3635.720 -7377.534|3632.253 -7373.609|3631.917 -7373.242|3609.527 -7397.527|3617.028 -7405.533
215 RIVERSIDE WY SE,3525.711 -7310.350|3493.520 -7302.300|3492.059 -7304.624|3490.269 -7306.692|3488.186 -7308.471|3485.858 -7309.906|3515.428 -7321.903
57 RIVERSIDE CR SE,3291.467 -7613.179|3266.986 -7591.206|3259.290 -7599.846|3283.771 -7621.830
556 RIVERBEND DR SE,3182.639 -7597.211|3152.531 -7581.688|3149.337 -7588.204|3146.359 -7594.831|3177.445 -7608.275|3179.948 -7602.693
74 RIVERSTONE CL SE,4810.267 -8056.313|4777.209 -8049.463|4777.125 -8050.408|4776.168 -8061.739|4810.267 -8068.811
64 RIVER ROCK CI SE,4443.735 -8709.360|4442.722 -8709.316|4440.723 -8709.160|4438.751 -8708.782|4436.836 -8708.193|4435.004 -8707.381|4420.478 -8735.936|4432.229 -8740.817
75 RIVERCREST CI SE,4263.598 -7697.576|4263.598 -7689.592|4263.570 -7688.380|4228.743 -7688.391|4228.750 -7697.587
161 RIVERWOOD CR SE,4109.716 -9011.933|4106.102 -9002.181|4068.878 -9014.435|4071.136 -9024.620
67 RIVERCREST CR SE,4671.352 -7720.982|4637.511 -7719.659|4637.511 -7728.855|4671.359 -7730.189
34 RIVER ROCK RD SE,4399.625 -8838.480|4390.748 -8835.144|4380.576 -8868.291|4389.245 -8871.027
135 RIVERVIEW CI SE,3753.454 -8953.066|3745.289 -8920.130|3734.370 -8921.898|3732.608 -8922.187|3740.773 -8955.079
27 RIVERCREST WY SE,4816.216 -7819.267|4783.375 -7819.245|4783.375 -7828.441|4816.209 -7828.463
31 RIVER ROCK MR SE,4297.026 -9047.159|4298.550 -9046.103|4300.172 -9045.202|4301.878 -9044.480|4303.653 -9043.935|4293.489 -9002.737|4288.715 -9000.858|4285.625 -9005.773|4282.430 -9010.621|4279.124 -9015.391|4275.726 -9020.095
476 RIVERVIEW PL SE,3681.074 -9130.233|3678.460 -9130.233|3668.289 -9130.233|3668.282 -9162.724|3681.039 -9162.724
254 RIVER ROCK PL SE,4536.702 -9067.575|4525.978 -9066.341|4522.085 -9098.587|4533.297 -9099.866
39 RIVERSIDE CL SE,3105.653 -7796.784|3119.473 -7756.431|3092.560 -7759.544|3098.138 -7795.905|3100.040 -7795.816|3101.941 -7795.939|3103.822 -7796.261
113 RIVERSIDE CI SE,2888.103 -7653.020|2887.557 -7639.287|2846.950 -7640.888|2848.655 -7654.565
103 RIVERGLEN CR SE,3952.004 -8195.217|3951.955 -8184.220|3921.603 -8184.354|3921.652 -8195.351
48 RIVERVALLEY DR SE,3756.215 -8343.073|3756.082 -8312.595|3746.330 -8312.639|3746.463 -8343.118
175 RIVERBROOK WY SE,3400.707 -7705.048|3376.604 -7698.165|3375.570 -7701.901|3374.675 -7705.671|3373.934 -7709.473|3373.333 -7713.310|3399.910 -7716.212
222 RIVERGREEN PL SE,3512.807 -8162.326|3503.915 -8120.706|3502.055 -8121.184|3500.154 -8121.417|3498.231 -8121.395|3496.330 -8121.139|3486.928 -8156.433|3503.614 -8172.155
139 RIVERCROFT CL SE,4536.569 -7985.715|4524.678 -7983.246|4518.450 -8013.569|4524.447 -8014.526|4530.431 -8015.593
36 RIVERGLEN WY SE,4211.197 -8079.130|4182.159 -8076.439|4181.746 -8078.952|4180.977 -8081.387|4179.880 -8083.689|4178.468 -8085.813|4202.019 -8104.138|4214.336 -8095.854
120 RIVERGLEN CR SE,3944.406 -8302.787|3944.273 -8272.309|3935.122 -8272.342|3935.255 -8302.821
139 RIVERVALLEY CR SE,3769.672 -8258.076|3769.539 -8227.586|3760.982 -8227.631|3761.108 -8258.109
32 RIVERBROOK RD SE,3607.150 -7809.071|3603.851 -7778.781|3592.491 -7780.027|3595.798 -7810.327
1019 RIVERBEND DR SE,3669.722 -7947.519|3670.029 -7938.324|3637.908 -7938.468|3637.950 -7947.653
230 RIVERVIEW PA SE,3604.613 -8610.319|3568.185 -8602.524|3566.871 -8607.906|3565.214 -8613.188|3597.958 -8624.697
303 RIVERVIEW PA SE,3526.955 -8420.943|3516.651 -8413.337|3495.428 -8442.315|3501.314 -8446.651|3505.732 -8449.920
145 RIVERWOOD CL SE,4191.757 -8614.411|4175.832 -8586.446|4174.364 -8587.191|4172.826 -8587.758|4171.477 -8588.336|4170.261 -8589.159|4169.233 -8590.204|4168.429 -8591.427|4167.877 -8592.784|4167.598 -8594.229|4167.605 -8595.697|4167.898 -8597.131|4172.561 -8611.509|4177.657 -8625.742
9137 21 ST SE,4347.491 -8524.655|4346.393 -8513.657|4311.385 -8513.668|4312.489 -8524.666
9169 21 ST SE,4341.465 -8636.761|4307.204 -8623.985|4305.163 -8629.200|4302.926 -8634.326|4337.431 -8649.315|4339.528 -8643.066
268 RIVERWOOD CI SE,3958.757 -8594.563|3956.492 -8583.354|3921.330 -8590.204|3923.707 -8602.002
136 RIVERBIRCH RD SE,3697.320 -7481.146|3706.219 -7489.419|3723.458 -7470.727|3724.262 -7469.693|3724.863 -7468.536|3725.261 -7467.291|3725.436 -7466.001|3725.387 -7464.689|3725.114 -7463.421|3724.625 -7462.209|3723.926 -7461.097|3723.052 -7460.130|3719.627 -7456.950
219 RIVERSIDE WY SE,3515.428 -7321.903|3485.858 -7309.906|3482.894 -7311.662|3480.147 -7313.753|3477.665 -7316.144|3505.145 -7333.457
61 RIVERSIDE CR SE,3299.164 -7604.539|3274.676 -7582.567|3266.986 -7591.206|3291.467 -7613.179
564 RIVERBEND DR SE,3188.267 -7587.026|3159.221 -7569.579|3155.775 -7575.584|3152.531 -7581.688|3182.639 -7597.211|3185.373 -7592.063
78 RIVERSTONE CL SE,4810.267 -8043.803|4778.251 -8037.176|4778.167 -8038.121|4777.209 -8049.463|4810.267 -8056.313
68 RIVER ROCK CI SE,4443.735 -8709.360|4432.229 -8740.817|4440.883 -8744.131|4452.879 -8711.329|4452.453 -8711.162|4450.327 -8710.483|4448.160 -8709.950|4445.958 -8709.572
79 RIVERCREST CI SE,4263.570 -7688.380|4263.381 -7686.022|4263.011 -7683.698|4262.458 -7681.397|4261.731 -7679.151|4228.743 -7679.162|4228.743 -7688.391
165 RIVERWOOD CR SE,4113.694 -9022.196|4109.716 -9011.933|4071.136 -9024.620|4073.415 -9035.440
6 RIVERCREST PL SE,4700.922 -7820.068|4697.923 -7819.845|4696.120 -7819.946|4694.400 -7820.457|4692.848 -7821.380|4691.562 -7822.648|4690.618 -7824.171|4690.059 -7825.894|4689.933 -7827.685|4690.241 -7829.464|4691.820 -7834.312|4693.659 -7839.071|4695.756 -7843.719|4698.091 -7848.256|4709.723 -7869.372|4716.497 -7866.347|4713.330 -7851.358
2406 RIVERSTONE RD SE,4694.540 -7920.132|4679.461 -7892.712|4670.492 -7896.703|4669.374 -7901.896|4678.867 -7912.604|4684.425 -7923.846|4689.528 -7921.934
38 RIVER ROCK RD SE,4408.496 -8841.816|4399.625 -8838.480|4389.245 -8871.027|4397.878 -8873.862
139 RIVERVIEW CI SE,3740.773 -8955.079|3732.608 -8922.187|3721.696 -8923.955|3719.382 -8924.478|3727.575 -8957.481
31 RIVERCREST WY SE,4816.216 -7809.471|4783.382 -7809.449|4783.375 -7819.245|4816.216 -7819.267
35 RIVER ROCK MR SE,4290.280 -9057.345|4291.189 -9055.143|4292.217 -9052.864|4293.552 -9050.740|4295.167 -9048.827|4297.026 -9047.159|4275.726 -9020.095|4272.112 -9024.865|4268.386 -9029.557
480 RIVERVIEW PL SE,3668.289 -9130.233|3665.073 -9130.233|3650.470 -9130.233|3654.175 -9156.286|3654.483 -9157.587|3655.007 -9158.810|3655.748 -9159.922|3656.671 -9160.879|3657.754 -9161.668|3658.956 -9162.246|3660.243 -9162.591|3661.571 -9162.713|3668.282 -9162.724
258 RIVER ROCK PL SE,4525.978 -9066.341|4519.421 -9065.518|4513.389 -9069.120|4504.720 -9091.715|4507.614 -9096.675|4522.085 -9098.587
35 RIVERSIDE CL SE,3138.669 -7774.167|3132.706 -7754.897|3119.473 -7756.431|3105.653 -7796.784|3107.506 -7797.540|3109.260 -7798.485|3110.903 -7799.630|3112.406 -7800.953
26 RIVERSIDE CI SE,3060.942 -7709.607|3048.199 -7675.981|3036.238 -7680.552|3048.988 -7714.177
107 RIVERGLEN CR SE,3952.046 -8205.614|3952.004 -8195.217|3921.652 -8195.351|3921.701 -8205.736
52 RIVERVALLEY DR SE,3746.463 -8343.118|3746.330 -8312.639|3737.180 -8312.673|3737.313 -8343.162
179 RIVERBROOK WY SE,3406.523 -7696.197|3381.812 -7684.466|3380.323 -7687.813|3378.960 -7691.226|3377.723 -7694.673|3376.604 -7698.165|3400.707 -7705.048|3400.889 -7702.535
226 RIVERGREEN PL SE,3496.330 -8121.139|3494.240 -8120.539|3492.262 -8119.660|3490.430 -8118.493|3488.780 -8117.070|3468.354 -8138.930|3486.928 -8156.433
135 RIVERCROFT CL SE,4545.887 -8018.773|4547.320 -8011.824|4547.977 -8008.110|4548.446 -8004.362|4548.725 -8000.604|4548.809 -7996.834|4548.788 -7992.731|4544.384 -7987.327|4536.569 -7985.715|4530.431 -8015.593|4532.039 -8015.904|4534.842 -8016.483
143 RIVERVALLEY CR SE,3761.108 -8258.109|3760.982 -8227.631|3751.231 -8227.675|3751.357 -8258.154
36 RIVERBROOK RD SE,3595.798 -7810.327|3592.491 -7780.027|3581.138 -7781.272|3584.445 -7811.573
1023 RIVERBEND DR SE,3669.442 -7956.115|3669.722 -7947.519|3637.950 -7947.653|3637.985 -7956.248
227 RIVERVIEW PA SE,3553.575 -8599.478|3520.384 -8592.339|3520.384 -8593.206|3515.386 -8601.079|3547.144 -8617.536|3549.192 -8613.199|3550.954 -8608.718|3552.415 -8604.148
307 RIVERVIEW PA SE,3516.651 -8413.337|3505.872 -8405.376|3484.649 -8434.342|3495.428 -8442.315
141 RIVERWOOD CL SE,4208.450 -8600.979|4180.740 -8581.909|4179.712 -8583.243|4178.545 -8584.455|4177.244 -8585.534|4175.832 -8586.446|4191.757 -8614.411
9141 21 ST SE,4348.539 -8535.051|4347.491 -8524.655|4312.489 -8524.666|4313.538 -8535.051
9173 21 ST SE,4337.431 -8649.315|4302.926 -8634.326|4300.410 -8639.552|4297.690 -8644.678|4333.335 -8660.157|4335.446 -8654.764
264 RIVERWOOD CI SE,3956.492 -8583.354|3954.409 -8572.090|3919.142 -8578.373|3921.330 -8590.204
195 RIVERBIRCH RD SE,3573.596 -7319.557|3582.488 -7309.572|3575.253 -7301.566|3547.130 -7299.787|3542.719 -7304.746
223 RIVERSIDE WY SE,3505.145 -7333.457|3477.665 -7316.144|3475.289 -7319.046|3470.801 -7325.929|3497.183 -7342.397
65 RIVERSIDE CR SE,3306.853 -7595.899|3282.372 -7573.927|3274.676 -7582.567|3299.164 -7604.539
572 RIVERBEND DR SE,3194.537 -7577.218|3166.680 -7557.937|3162.856 -7563.697|3159.221 -7569.579|3188.267 -7587.026|3191.322 -7582.066
82 RIVERSTONE CL SE,4810.267 -8043.803|4810.260 -8035.074|4810.162 -8033.762|4809.834 -8032.495|4809.288 -8031.305|4808.540 -8030.237|4807.618 -8029.314|4806.541 -8028.558|4805.353 -8028.013|4804.081 -8027.691|4779.418 -8023.366|4778.251 -8037.176
72 RIVER ROCK CI SE,4461.463 -8714.364|4452.879 -8711.329|4440.883 -8744.131|4450.306 -8747.467
83 RIVERCREST CI SE,4261.731 -7679.151|4261.060 -7676.916|4260.690 -7674.614|4260.620 -7672.279|4260.851 -7669.955|4228.743 -7669.966|4228.743 -7679.162
169 RIVERWOOD CR SE,4117.825 -9032.404|4113.694 -9022.196|4073.415 -9035.440|4075.589 -9046.292
10 RIVERCREST PL SE,4713.771 -7824.026|4710.744 -7822.492|4707.570 -7821.313|4704.277 -7820.502|4700.922 -7820.068|4713.330 -7851.358|4716.497 -7866.347|4728.583 -7866.358
42 RIVER ROCK RD SE,4417.367 -8845.141|4408.496 -8841.816|4397.878 -8873.862|4406.483 -8876.798
143 RIVERVIEW CI SE,3727.575 -8957.481|3719.382 -8924.478|3708.638 -8926.891|3706.911 -8927.280|3715.034 -8960.038
35 RIVERCREST WY SE,4816.216 -7799.686|4783.375 -7799.664|4783.382 -7809.449|4816.216 -7809.471
39 RIVER ROCK MR SE,4283.227 -9067.152|4285.254 -9064.940|4286.722 -9063.183|4288.057 -9061.337|4289.246 -9059.380|4290.280 -9057.345|4268.386 -9029.557|4264.604 -9034.105|4260.718 -9038.586
207 RIVERVIEW CI SE,3630.135 -9092.794|3628.247 -9079.640|3588.877 -9085.310|3590.757 -9098.454
31 RIVERSIDE CL SE,3145.653 -7796.728|3138.669 -7774.167|3112.406 -7800.953|3113.916 -7802.644|3115.202 -7804.501|3116.244 -7806.502|3117.027 -7808.626
30 RIVERSIDE CI SE,3048.988 -7714.177|3036.238 -7680.552|3023.732 -7685.333|3036.475 -7718.958
31 RIVERGLEN CR SE,4057.162 -8082.866|4064.152 -8079.786|4071.059 -8076.517|4059.714 -8053.166|4053.709 -8051.064|4045.348 -8054.789
56 RIVERVALLEY DR SE,3737.313 -8343.162|3737.180 -8312.673|3728.022 -8312.717|3728.155 -8343.196
183 RIVERBROOK WY SE,3413.814 -7688.002|3389.355 -7671.089|3387.279 -7674.325|3385.328 -7677.627|3383.504 -7681.019|3381.812 -7684.466|3406.523 -7696.197
230 RIVERGREEN PL SE,3488.780 -8117.070|3487.382 -8115.446|3486.222 -8113.645|3485.334 -8111.688|3484.733 -8109.631|3449.452 -8121.117|3461.678 -8132.637|3468.354 -8138.930
87 RIVERCROFT CL SE,4545.887 -8018.773|4534.842 -8016.483|4532.039 -8015.904|4526.195 -8045.827|4528.705 -8046.327|4535.367 -8047.706|4540.658 -8044.215
217 RIVERGLEN DR SE,4603.754 -8164.983|4574.031 -8158.834|4572.773 -8164.961|4572.102 -8167.908|4571.298 -8170.832|4600.378 -8179.561|4601.531 -8175.358|4602.496 -8171.099
112 RIVERGLEN CR SE,3926.300 -8302.865|3926.167 -8272.387|3916.017 -8272.420|3916.150 -8302.910
147 RIVERVALLEY CR SE,3751.357 -8258.154|3751.231 -8227.675|3742.073 -8227.708|3742.206 -8258.187
40 RIVERBROOK RD SE,3584.445 -7811.573|3581.138 -7781.272|3569.786 -7782.528|3573.085 -7812.818
1027 RIVERBEND DR SE,3669.135 -7965.311|3669.442 -7956.115|3637.985 -7956.248|3638.027 -7965.444
247 RIVERVIEW PA SE,3555.043 -8555.900|3555.015 -8548.862|3554.861 -8547.394|3554.435 -8545.993|3553.736 -8544.703|3552.806 -8543.569|3551.674 -8542.646|3550.373 -8541.956|3548.975 -8541.534|3547.514 -8541.400|3520.154 -8541.523|3520.216 -8556.056
311 RIVERVIEW PA SE,3505.872 -8405.376|3495.568 -8397.759|3474.345 -8426.736|3481.832 -8432.274|3484.649 -8434.342
137 RIVERWOOD CL SE,4214.846 -8580.497|4183.186 -8575.682|4182.837 -8577.328|4182.313 -8578.929|4181.606 -8580.463|4180.740 -8581.909|4208.450 -8600.979|4210.246 -8599.533
9145 21 ST SE,4349.637 -8546.037|4348.539 -8535.051|4313.538 -8535.051|4314.635 -8546.048
9177 21 ST SE,4328.812 -8670.820|4331.105 -8665.505|4333.335 -8660.157|4297.690 -8644.678|4294.754 -8649.738|4291.609 -8654.664
260 RIVERWOOD CI SE,3954.409 -8572.090|3952.605 -8561.393|3917.241 -8567.120|3919.142 -8578.373
199 RIVERBIRCH RD SE,3573.596 -7319.557|3542.719 -7304.746|3537.343 -7310.784|3564.396 -7329.887
227 RIVERSIDE WY SE,3490.912 -7349.435|3497.183 -7342.397|3470.801 -7325.929|3467.382 -7332.256|3466.949 -7333.357|3466.690 -7334.513|3466.620 -7335.692|3466.732 -7336.859|3467.026 -7338.004|3467.494 -7339.094|3468.123 -7340.084|3468.906 -7340.973|3469.815 -7341.718|3470.829 -7342.319|3479.819 -7346.978|3488.557 -7352.082
69 RIVERSIDE CR SE,3314.550 -7587.259|3290.062 -7565.276|3282.372 -7573.927|3306.853 -7595.899
580 RIVERBEND DR SE,3201.786 -7567.389|3175.285 -7546.250|3170.881 -7552.021|3166.680 -7557.937|3194.537 -7577.218|3198.081 -7572.237
76 RIVER ROCK CI SE,4470.117 -8717.189|4461.463 -8714.364|4450.306 -8747.467|4459.807 -8750.569
308 RIVER ROCK CI SE,4603.111 -8465.510|4607.152 -8455.758|4611.528 -8446.162|4616.232 -8436.722|4621.259 -8427.448|4599.218 -8427.459|4593.541 -8464.765|4595.946 -8464.465|4598.379 -8464.487|4600.776 -8464.832
87 RIVERCREST CI SE,4260.851 -7669.955|4261.214 -7668.265|4261.738 -7666.608|4262.423 -7665.007|4263.255 -7663.483|4248.170 -7660.103|4233.112 -7656.578|4228.743 -7660.047|4228.743 -7669.966
173 RIVERWOOD CR SE,4076.183 -9049.372|4076.582 -9050.740|4077.232 -9052.008|4078.105 -9053.120|4079.175 -9054.065|4080.405 -9054.776|4081.741 -9055.243|4083.146 -9055.443|4084.565 -9055.388|4114.736 -9051.096|4115.519 -9050.985|4117.168 -9050.540|4118.671 -9049.728|4119.950 -9048.605|4120.950 -9047.215|4121.600 -9045.636|4121.880 -9043.946|4121.775 -9042.234|4121.286 -9040.599|4117.825 -9032.404|4075.589 -9046.292
14 RIVERCREST PL SE,4725.326 -7829.319|4723.103 -7829.030|4720.943 -7828.407|4718.902 -7827.462|4717.028 -7826.228|4715.434 -7825.072|4713.771 -7824.026|4728.583 -7866.358|4738.300 -7866.369
46 RIVER ROCK RD SE,4426.231 -8848.465|4417.367 -8845.141|4406.483 -8876.798|4415.046 -8879.822
147 RIVERVIEW CI SE,3715.034 -8960.038|3706.911 -8927.280|3694.999 -8929.960|3694.433 -8930.093|3702.556 -8962.851
39 RIVERCREST WY SE,4816.216 -7790.490|4783.382 -7790.468|4783.375 -7799.664|4816.216 -7799.686
43 RIVER ROCK MR SE,4275.104 -9075.592|4283.227 -9067.152|4260.718 -9038.586|4256.768 -9042.934|4252.721 -9047.204
215 RIVERVIEW CI SE,3665.073 -9130.233|3665.073 -9097.509|3654.315 -9097.764|3652.756 -9097.976|3651.267 -9098.509|3649.932 -9099.332|3648.792 -9100.422|3647.912 -9101.734|3647.317 -9103.191|3647.045 -9104.747|3647.108 -9106.326|3650.470 -9130.233
23 RIVERSIDE CL SE,3154.048 -7823.871|3150.259 -7811.606|3118.173 -7821.625|3118.558 -7823.470|3119.061 -7825.305|3121.738 -7833.956
34 RIVERSIDE CI SE,3036.475 -7718.958|3023.732 -7685.333|3017.322 -7687.779|3011.771 -7689.903|3024.522 -7723.528
35 RIVERGLEN CR SE,4057.162 -8082.866|4045.348 -8054.789|4040.007 -8056.980|4034.618 -8059.059|4045.138 -8087.647|4051.178 -8085.323
60 RIVERVALLEY DR SE,3728.155 -8343.196|3728.022 -8312.717|3718.872 -8312.761|3718.998 -8343.240
191 RIVERBROOK WY SE,3421.665 -7679.184|3398.442 -7659.469|3397.743 -7660.259|3395.506 -7662.860|3393.367 -7665.529|3391.312 -7668.276|3389.355 -7671.089|3413.814 -7688.002
234 RIVERGREEN PL SE,3485.390 -8101.046|3444.517 -8099.378|3436.030 -8108.463|3449.452 -8121.117|3484.733 -8109.631|3484.425 -8107.473|3484.432 -8105.294|3484.761 -8103.137
79 RIVERCROFT CL SE,4507.684 -8012.179|4505.482 -8011.946|4502.413 -8042.280|4508.251 -8042.947|4514.074 -8043.736|4518.450 -8013.569
221 RIVERGLEN DR SE,4600.378 -8179.561|4571.298 -8170.832|4570.431 -8173.534|4569.459 -8176.203|4568.376 -8178.827|4567.187 -8181.407|4594.464 -8194.773|4596.170 -8191.059|4597.729 -8187.289|4599.134 -8183.453
116 RIVERGLEN CR SE,3935.255 -8302.821|3935.122 -8272.342|3926.167 -8272.387|3926.300 -8302.865
151 RIVERVALLEY CR SE,3742.206 -8258.187|3742.073 -8227.708|3732.322 -8227.753|3732.454 -8258.231
44 RIVERBROOK RD SE,3573.085 -7812.818|3569.786 -7782.528|3558.433 -7783.774|3561.733 -7814.074
1031 RIVERBEND DR SE,3668.834 -7974.506|3669.135 -7965.311|3638.027 -7965.444|3638.069 -7974.640
112 RIVERVIEW ME SE,3520.216 -8556.056|3520.154 -8541.523|3492.786 -8541.634|3491.332 -8541.790|3489.927 -8542.223|3488.641 -8542.924|3487.515 -8543.858|3486.592 -8545.003|3485.907 -8546.304|3485.495 -8547.705|3485.355 -8549.173|3485.390 -8556.212
315 RIVERVIEW PA SE,3495.568 -8397.759|3485.746 -8390.509|3464.523 -8419.486|3474.345 -8426.736
49 RIVERWOOD CL SE,4239.970 -8517.516|4252.770 -8517.505|4249.931 -8489.272|4249.673 -8487.927|4249.169 -8486.648|4248.442 -8485.481|4247.513 -8484.469|4246.422 -8483.646|4245.192 -8483.034|4243.878 -8482.656|4242.508 -8482.534|4236.461 -8482.534
9109 21 ST SE,4305.107 -8448.920|4340.018 -8448.909|4339.403 -8437.022|4339.249 -8427.537|4304.422 -8427.548|4304.562 -8437.033
9181 21 ST SE,4324.226 -8681.462|4328.812 -8670.820|4291.609 -8654.664|4288.239 -8659.545|4284.667 -8664.282
256 RIVERWOOD CI SE,3952.605 -8561.393|3950.879 -8550.074|3915.430 -8555.233|3917.241 -8567.120
203 RIVERBIRCH RD SE,3564.396 -7329.887|3537.343 -7310.784|3530.045 -7318.979|3555.770 -7339.572
76 RIVERSIDE WY SE,3300.394 -7306.325|3274.942 -7287.099|3268.475 -7295.728|3288.958 -7314.131|3294.990 -7313.530
73 RIVERSIDE CR SE,3322.246 -7578.619|3297.759 -7556.636|3290.062 -7565.276|3314.550 -7587.259
588 RIVERBEND DR SE,3201.786 -7567.389|3206.847 -7561.273|3207.686 -7560.083|3208.287 -7558.760|3208.616 -7557.336|3208.665 -7555.880|3208.434 -7554.445|3207.924 -7553.078|3207.169 -7551.843|3206.190 -7550.765|3186.512 -7533.107|3183.331 -7536.665|3179.242 -7541.402|3175.285 -7546.250
80 RIVER ROCK CI SE,4478.849 -8719.779|4470.117 -8717.189|4459.807 -8750.569|4469.390 -8753.416
312 RIVER ROCK CI SE,4593.541 -8464.765|4599.218 -8427.459|4583.552 -8427.459|4583.552 -8467.267|4587.208 -8466.633|4590.766 -8465.554
34 RIVERCREST CI SE,4278.515 -7782.762|4278.522 -7789.589|4278.697 -7791.268|4279.256 -7792.870|4280.151 -7794.304|4281.347 -7795.494|4282.787 -7796.383|4284.380 -7796.928|4286.065 -7797.095|4287.736 -7796.884|4300.018 -7794.026|4312.356 -7791.413|4312.356 -7782.751
9509 21 ST SE,4256.328 -8910.790|4257.229 -8907.132|4259.012 -8899.626|4251.246 -8898.036|4243.556 -8896.112|4235.964 -8893.833|4228.478 -8891.220|4223.451 -8894.022|4221.641 -8901.805
18 RIVERCREST PL SE,4755.021 -7866.381|4733.421 -7827.451|4731.512 -7828.341|4729.506 -7828.963|4727.430 -7829.297|4725.326 -7829.319|4738.300 -7866.369
50 RIVER ROCK RD SE,4435.095 -8851.790|4426.231 -8848.465|4415.046 -8879.822|4423.582 -8882.958
151 RIVERVIEW CI SE,3702.556 -8962.851|3694.433 -8930.093|3681.941 -8932.907|3690.141 -8965.932
43 RIVERCREST WY SE,4816.216 -7780.694|4783.382 -7780.671|4783.382 -7790.468|4816.216 -7790.490
47 RIVER ROCK MR SE,4266.695 -9083.676|4275.104 -9075.592|4252.721 -9047.204|4248.610 -9051.352|4244.409 -9055.399
219 RIVERVIEW CI SE,3678.453 -9097.186|3665.073 -9097.509|3665.073 -9130.233|3668.289 -9130.233|3678.460 -9130.233
27 RIVERSIDE CL SE,3150.259 -7811.606|3145.653 -7796.728|3117.027 -7808.626|3117.411 -7810.138|3117.656 -7811.673|3117.775 -7813.229|3117.761 -7814.786|3117.768 -7818.211|3118.173 -7821.625
38 RIVERSIDE CI SE,3024.522 -7723.528|3011.771 -7689.903|3004.795 -7692.572|2999.265 -7694.684|3012.009 -7728.310
39 RIVERGLEN CR SE,4045.138 -8087.647|4034.618 -8059.059|4029.459 -8060.905|4024.272 -8062.640|4033.541 -8091.661|4039.364 -8089.716
64 RIVERVALLEY DR SE,3718.998 -8343.240|3718.872 -8312.761|3709.113 -8312.795|3709.246 -8343.284
188 RIVERBROOK WY SE,3375.730 -7664.617|3348.160 -7646.771|3344.322 -7653.153|3340.820 -7659.736|3369.977 -7674.658|3372.724 -7669.566
238 RIVERGREEN PL SE,3490.185 -8094.586|3462.678 -8079.942|3451.654 -8091.739|3444.517 -8099.378|3485.390 -8101.046|3486.250 -8099.200|3487.347 -8097.488|3488.668 -8095.942
75 RIVERCROFT CL SE,4496.632 -8011.190|4491.774 -8010.889|4490.138 -8041.324|4496.283 -8041.735|4502.413 -8042.280|4505.482 -8011.946
225 RIVERGLEN DR SE,4594.464 -8194.773|4567.187 -8181.407|4564.629 -8186.188|4561.707 -8190.747|4586.579 -8208.216|4588.746 -8204.969|4590.780 -8201.644|4592.688 -8198.242
395 RIVERGLEN DR SE,3934.829 -8342.306|3934.696 -8311.816|3925.140 -8311.861|3925.273 -8342.339
155 RIVERVALLEY CR SE,3732.322 -8227.753|3723.765 -8227.786|3722.989 -8227.319|3721.521 -8258.276|3732.454 -8258.231
48 RIVERBROOK RD SE,3561.733 -7814.074|3558.433 -7783.774|3547.088 -7785.019|3550.387 -7815.320
1035 RIVERBEND DR SE,3638.069 -7974.640|3638.118 -7985.637|3668.471 -7985.504|3668.834 -7974.506
108 RIVERVIEW ME SE,3520.279 -8568.899|3520.216 -8556.056|3485.390 -8556.212|3485.390 -8557.535|3485.467 -8559.514|3485.670 -8561.493|3486.005 -8563.450|3486.473 -8565.385|3486.851 -8567.198|3487.005 -8569.044
274 RIVERVIEW PA SE,3604.438 -8476.051|3604.382 -8462.608|3569.548 -8462.775|3569.611 -8476.207
81 RIVERWOOD CL SE,4162.956 -8517.538|4159.447 -8482.556|4154.791 -8482.556|4153.253 -8482.723|4151.792 -8483.201|4150.450 -8483.968|4149.297 -8484.991|4148.381 -8486.226|4147.738 -8487.638|4147.388 -8489.139|4147.360 -8490.684|4148.660 -8504.128|4150.310 -8517.538
78 RIVERBEND DR SE,3519.580 -8286.508|3506.145 -8274.433|3487.221 -8294.703|3504.579 -8302.587
9185 21 ST SE,4324.226 -8681.462|4284.667 -8664.282|4280.480 -8669.375|4283.199 -8676.269|4319.640 -8692.103
252 RIVERWOOD CI SE,3950.879 -8550.074|3949.334 -8538.732|3913.808 -8543.302|3915.430 -8555.233
207 RIVERBIRCH RD SE,3555.770 -7339.572|3530.045 -7318.979|3522.090 -7327.919|3547.277 -7349.113
80 RIVERSIDE WY SE,3307.328 -7297.063|3281.883 -7277.837|3274.942 -7287.099|3300.394 -7306.325
77 RIVERSIDE CR SE,3329.936 -7569.968|3305.455 -7547.996|3297.759 -7556.636|3322.246 -7578.619
569 RIVERBEND DR SE,3238.591 -7611.789|3212.258 -7590.183|3208.238 -7596.388|3204.513 -7602.771|3232.845 -7621.607|3235.606 -7616.626
84 RIVER ROCK CI SE,4487.636 -8722.148|4478.849 -8719.779|4469.390 -8753.416|4479.044 -8756.018
316 RIVER ROCK CI SE,4583.552 -8467.267|4583.552 -8427.459|4573.779 -8427.459|4573.772 -8467.434|4580.378 -8467.434
38 RIVERCREST CI SE,4312.356 -7782.751|4312.356 -7773.555|4278.515 -7773.566|4278.515 -7782.762
9513 21 ST SE,4252.791 -8923.010|4254.650 -8916.928|4256.328 -8910.790|4221.641 -8901.805|4220.257 -8906.887|4218.719 -8911.913
22 RIVERCREST PL SE,4774.420 -7853.849|4737.727 -7823.826|4736.783 -7824.883|4735.742 -7825.839|4734.616 -7826.706|4733.421 -7827.451|4755.021 -7866.381|4769.939 -7866.392|4774.420 -7861.899
54 RIVER ROCK RD SE,4443.959 -8855.126|4435.095 -8851.790|4423.582 -8882.958|4432.082 -8886.183
155 RIVERVIEW CI SE,3690.141 -8965.932|3681.941 -8932.907|3669.631 -8936.343|3669.051 -8936.509|3677.216 -8969.434
47 RIVERCREST WY SE,4816.216 -7780.694|4816.216 -7772.210|4787.842 -7770.186|4783.382 -7774.367|4783.382 -7780.671
51 RIVER ROCK MR SE,4258.012 -9091.404|4266.695 -9083.676|4244.409 -9055.399|4240.131 -9059.358|4235.769 -9063.216
223 RIVERVIEW CI SE,3691.833 -9096.930|3689.253 -9096.930|3678.453 -9097.186|3678.460 -9130.233|3681.074 -9130.233|3691.840 -9130.233
3 RIVERSIDE CL SE,3137.271 -7884.149|3140.025 -7893.045|3140.599 -7894.413|3141.437 -7895.647|3142.500 -7896.681|3143.744 -7897.493|3145.121 -7898.038|3146.582 -7898.293|3148.071 -7898.260|3149.518 -7897.927|3174.384 -7889.587|3169.581 -7874.064
42 RIVERSIDE CI SE,3012.009 -7728.310|2999.265 -7694.684|2992.834 -7697.142|2987.304 -7699.255|3000.055 -7732.880
43 RIVERGLEN CR SE,4033.541 -8091.661|4024.272 -8062.640|4018.945 -8064.285|4013.583 -8065.820|4021.567 -8095.231|4027.571 -8093.518
68 RIVERVALLEY DR SE,3709.246 -8343.284|3709.113 -8312.795|3699.361 -8312.839|3699.494 -8343.329
176 RIVERBROOK WY SE,3361.162 -7697.976|3329.740 -7689.781|3328.062 -7697.409|3326.804 -7705.126|3358.736 -7709.907|3359.792 -7703.914
242 RIVERGREEN PL SE,3498.979 -8088.125|3473.821 -8068.021|3468.718 -8073.481|3462.678 -8079.942|3490.185 -8094.586|3492.136 -8093.307|3493.981 -8092.195|3495.743 -8090.961|3497.414 -8089.604
71 RIVERCROFT CL SE,4484.797 -8010.589|4478.031 -8010.478|4477.835 -8040.957|4483.987 -8041.068|4490.138 -8041.324|4491.774 -8010.889
229 RIVERGLEN DR SE,4586.579 -8208.216|4561.707 -8190.747|4558.442 -8195.073|4554.849 -8199.120|4576.708 -8220.270|4579.351 -8217.401|4581.881 -8214.432|4584.286 -8211.374
55 RIVERGLEN WY SE,4075.316 -8118.004|4084.257 -8113.945|4086.333 -8107.952|4074.988 -8084.601|4069.144 -8087.392|4063.237 -8090.038
159 RIVERVALLEY CR SE,3722.989 -8227.319|3717.865 -8224.239|3705.604 -8258.354|3721.521 -8258.276
52 RIVERBROOK RD SE,3550.387 -7815.320|3547.088 -7785.019|3536.525 -7786.187|3536.861 -7816.810
895 RIVERBEND DR SE,3636.265 -7645.481|3633.176 -7640.343|3629.939 -7635.306|3600.334 -7654.443|3602.970 -7658.691|3605.486 -7662.994
104 RIVERVIEW ME SE,3520.335 -8581.742|3520.279 -8568.899|3487.005 -8569.044|3486.893 -8571.267|3486.452 -8573.447|3485.698 -8575.537|3484.635 -8577.494|3520.384 -8593.206|3520.384 -8592.339
195 RIVERVIEW PA SE,3494.093 -8668.085|3473.010 -8641.509|3463.482 -8649.137|3484.558 -8675.713
125 RIVERWOOD CL SE,4210.498 -8536.741|4207.975 -8526.523|4189.785 -8526.523|4174.637 -8559.803|4176.042 -8560.548|4177.370 -8561.438|4178.587 -8562.461|4179.698 -8563.606
29 RIVERWOOD CR SE,4229.058 -8774.699|4223.284 -8764.947|4195.189 -8793.135|4196.238 -8795.648|4197.510 -8798.049|4198.999 -8800.329|4200.684 -8802.464|4201.033 -8802.875
248 RIVERWOOD CI SE,3949.334 -8538.732|3948.048 -8527.957|3912.445 -8531.982|3913.808 -8543.302
211 RIVERBIRCH RD SE,3547.277 -7349.113|3522.090 -7327.919|3513.995 -7337.004|3538.986 -7358.420
84 RIVERSIDE WY SE,3314.270 -7287.800|3288.818 -7268.574|3281.883 -7277.837|3307.328 -7297.063
60 RIVERSIDE CR SE,3334.696 -7636.607|3310.209 -7614.624|3301.415 -7624.498|3325.909 -7646.481
577 RIVERBEND DR SE,3245.141 -7602.615|3219.717 -7580.120|3215.893 -7585.080|3212.258 -7590.183|3238.591 -7611.789|3241.765 -7607.118
168 RIVERGLEN DR SE,4692.540 -8005.952|4657.749 -8004.129|4657.322 -8009.811|4656.623 -8015.460|4691.093 -8020.552|4691.988 -8013.269
88 RIVER ROCK CI SE,4496.486 -8724.294|4487.636 -8722.148|4479.044 -8756.018|4488.754 -8758.364
320 RIVER ROCK CI SE,4573.772 -8467.434|4573.779 -8427.459|4564.007 -8427.470|4564.000 -8467.434
42 RIVERCREST CI SE,4312.356 -7773.555|4312.356 -7763.770|4278.515 -7763.781|4278.515 -7773.566
9517 21 ST SE,4248.512 -8934.997|4250.742 -8929.037|4252.791 -8923.010|4218.719 -8911.913|4217.020 -8916.906|4215.182 -8921.832
26 RIVERCREST PL SE,4774.413 -7829.608|4740.390 -7818.856|4739.901 -7820.190|4739.293 -7821.469|4738.566 -7822.681|4737.727 -7823.826|4774.420 -7853.849
58 RIVER ROCK RD SE,4452.823 -8858.451|4443.959 -8855.126|4432.082 -8886.183|4440.548 -8889.496
159 RIVERVIEW CI SE,3677.216 -8969.434|3669.051 -8936.509|3657.307 -8939.790|3656.754 -8939.979|3664.933 -8973.037
14 RIVERCREST WY SE,4864.968 -7854.961|4831.127 -7854.927|4831.127 -7866.447|4864.968 -7866.469
55 RIVER ROCK MR SE,4248.687 -9098.354|4251.330 -9096.786|4253.790 -9094.951|4258.012 -9091.404|4235.769 -9063.216|4231.337 -9066.963|4226.821 -9070.622
227 RIVERVIEW CI SE,3708.708 -9098.520|3704.520 -9097.842|3700.305 -9097.342|3696.076 -9097.042|3691.833 -9096.930|3691.840 -9130.233|3697.530 -9130.233|3703.353 -9130.233
83 RIVERSIDE CL SE,2980.684 -7839.794|2968.290 -7807.058|2956.337 -7811.628|2968.724 -7844.342|2972.016 -7843.486|2975.190 -7842.262
46 RIVERSIDE CI SE,3000.055 -7732.880|2987.304 -7699.255|2980.314 -7701.934|2975.616 -7703.725|2974.812 -7704.080|2987.542 -7737.661
47 RIVERGLEN CR SE,4021.567 -8095.231|4013.583 -8065.820|4008.676 -8067.110|4003.741 -8068.299|4010.536 -8098.011|4016.065 -8096.676
72 RIVERVALLEY DR SE,3699.361 -8312.839|3696.293 -8312.862|3689.568 -8312.728|3688.254 -8343.173|3696.425 -8343.340|3699.494 -8343.329
200 RIVERBROOK WY SE,3400.567 -7634.595|3376.087 -7612.611|3367.160 -7622.630|3391.648 -7644.613
246 RIVERGREEN PL SE,3507.242 -8079.308|3483.859 -8057.269|3482.873 -8058.325|3473.821 -8068.021|3498.979 -8088.125|3499.553 -8087.536
67 RIVERCROFT CL SE,4478.031 -8010.478|4472.949 -8010.489|4464.280 -8010.712|4465.525 -8041.179|4471.683 -8040.990|4477.835 -8040.957
233 RIVERGLEN DR SE,4576.708 -8220.270|4554.849 -8199.120|4550.948 -8202.879|4546.775 -8206.326|4565.090 -8230.622|4568.145 -8228.209|4571.102 -8225.674|4573.954 -8223.027
59 RIVERGLEN WY SE,4075.316 -8118.004|4063.237 -8090.038|4057.735 -8092.373|4052.185 -8094.586|4063.118 -8123.018|4069.242 -8120.572
32 RIVERBEND DR SE,3714.041 -8165.917|3716.803 -8158.223|3719.340 -8150.461|3715.796 -8145.691|3693.371 -8145.791|3692.420 -8145.869|3691.490 -8146.091|3690.609 -8146.458|3689.791 -8146.948|3689.057 -8147.559|3688.428 -8148.282|3687.918 -8149.094|3687.534 -8149.961|3685.653 -8155.120
64 RIVERBROOK RD SE,3527.172 -7781.839|3521.636 -7773.533|3496.414 -7790.501|3503.062 -7800.464
899 RIVERBEND DR SE,3641.075 -7654.221|3638.726 -7649.817|3636.265 -7645.481|3605.486 -7662.994|3609.506 -7670.477
100 RIVERVIEW ME SE,3520.384 -8593.206|3484.635 -8577.494|3483.705 -8578.784|3482.643 -8579.974|3481.461 -8581.041|3480.168 -8581.987|3502.978 -8617.547|3506.942 -8614.367|3510.094 -8609.407|3515.386 -8601.079
199 RIVERVIEW PA SE,3504.089 -8660.090|3483.013 -8633.514|3477.498 -8637.929|3473.010 -8641.509|3494.093 -8668.085
129 RIVERWOOD CL SE,4216.056 -8559.247|4210.498 -8536.741|4179.698 -8563.606|4180.677 -8564.863|4181.516 -8566.230|4182.201 -8567.665|4182.732 -8569.177
40 RIVERWOOD MR SE,4281.612 -8758.108|4272.734 -8753.605|4254.335 -8787.208|4267.184 -8792.623
244 RIVERWOOD CI SE,3948.048 -8527.957|3946.859 -8516.571|3911.201 -8520.007|3912.445 -8531.982
215 RIVERBIRCH RD SE,3538.986 -7358.420|3513.995 -7337.004|3505.837 -7346.177|3530.828 -7367.582
88 RIVERSIDE WY SE,3321.212 -7278.526|3295.759 -7259.301|3288.818 -7268.574|3314.270 -7287.800
64 RIVERSIDE CR SE,3343.218 -7627.033|3318.730 -7605.050|3310.209 -7614.624|3334.696 -7636.607
553 RIVERBEND DR SE,3232.845 -7621.607|3204.513 -7602.771|3200.689 -7610.143|3197.249 -7617.704|3227.980 -7632.004|3230.007 -7627.367|3232.216 -7622.819
172 RIVERGLEN DR SE,4691.093 -8020.552|4656.623 -8015.460|4655.414 -8022.354|4654.596 -8026.346|4688.710 -8033.418|4689.528 -8029.426|4690.373 -8025.000
92 RIVER ROCK CI SE,4505.384 -8726.206|4496.486 -8724.294|4488.754 -8758.364|4498.527 -8760.466
324 RIVER ROCK CI SE,4564.000 -8467.434|4564.007 -8427.470|4553.039 -8427.470|4553.039 -8467.434
46 RIVERCREST CI SE,4312.356 -7763.770|4312.356 -7754.574|4278.515 -7754.585|4278.515 -7763.781
9521 21 ST SE,4243.514 -8946.695|4246.108 -8940.879|4248.512 -8934.997|4215.182 -8921.832|4213.182 -8926.702|4211.043 -8931.517
30 RIVERCREST PL SE,4774.413 -7829.608|4774.413 -7809.593|4741.005 -7812.885|4741.075 -7814.397|4740.998 -7815.898|4740.768 -7817.399|4740.390 -7818.856
62 RIVER ROCK RD SE,4440.548 -8889.496|4443.728 -8890.775|4445.057 -8891.164|4446.441 -8891.309|4447.832 -8891.197|4449.167 -8890.819|4450.418 -8890.208|4451.530 -8889.363|4452.467 -8888.340|4453.194 -8887.150|4459.296 -8875.163|4465.301 -8863.132|4452.823 -8858.451
163 RIVERVIEW CI SE,3664.933 -8973.037|3656.754 -8939.979|3644.591 -8944.060|3652.721 -8976.907
18 RIVERCREST WY SE,4864.975 -7843.430|4831.127 -7843.397|4831.127 -7854.927|4864.968 -7854.961
59 RIVER ROCK MR SE,4237.950 -9103.491|4239.292 -9102.523|4240.711 -9101.678|4242.200 -9100.978|4243.752 -9100.411|4246.268 -9099.488|4248.687 -9098.354|4226.821 -9070.622|4222.228 -9074.180|4217.559 -9077.638
231 RIVERVIEW CI SE,3725.625 -9103.346|3721.486 -9101.845|3717.278 -9100.544|3713.014 -9099.432|3708.708 -9098.520|3703.353 -9130.233|3712.916 -9136.771
59 RIVERSIDE CL SE,3051.771 -7812.407|3039.439 -7779.849|3027.486 -7784.419|3039.642 -7816.510
50 RIVERSIDE CI SE,2987.542 -7737.661|2974.812 -7704.080|2968.479 -7706.816|2963.054 -7709.173|2975.588 -7742.231
51 RIVERGLEN CR SE,4010.536 -8098.011|4003.741 -8068.299|3997.904 -8069.578|3992.039 -8070.712|3997.428 -8100.702|4003.999 -8099.434
76 RIVERVALLEY DR SE,3689.568 -8312.728|3684.863 -8312.439|3680.180 -8312.005|3676.845 -8342.295|3682.542 -8342.829|3688.254 -8343.173
192 RIVERBROOK WY SE,3382.833 -7654.732|3357.268 -7634.039|3352.543 -7640.288|3348.160 -7646.771|3375.730 -7664.617|3379.149 -7659.580
73 RIVERGREEN CR SE,3515.582 -8070.379|3532.946 -8051.798|3533.841 -8050.631|3534.484 -8049.307|3534.869 -8047.895|3534.966 -8046.427|3534.778 -8044.971|3534.309 -8043.581|3533.575 -8042.302|3532.611 -8041.201|3527.892 -8036.753|3505.390 -8060.772
63 RIVERCROFT CL SE,4465.525 -8041.179|4464.280 -8010.712|4461.107 -8010.867|4451.201 -8011.557|4453.823 -8041.924|4459.667 -8041.490
245 RIVERGLEN DR SE,4537.778 -8245.311|4527.789 -8216.533|4522.623 -8218.112|4517.352 -8219.291|4522.749 -8249.280|4526.566 -8248.513|4530.340 -8247.590|4534.080 -8246.523
63 RIVERGLEN WY SE,4063.118 -8123.018|4052.185 -8094.586|4046.124 -8096.854|4040.021 -8098.989|4049.675 -8127.889|4056.421 -8125.531
36 RIVERBEND DR SE,3714.041 -8165.917|3685.653 -8155.120|3683.661 -8160.246|3681.543 -8165.317|3709.414 -8177.393|3711.791 -8171.677
140 RIVERBROOK RD SE,3496.561 -7722.439|3463.538 -7713.810|3456.946 -7721.204|3456.247 -7722.127|3455.694 -7723.150|3455.310 -7724.240|3455.093 -7725.374|3455.051 -7726.542|3455.191 -7727.687|3455.506 -7728.799|3455.988 -7729.855|3491.409 -7728.232
903 RIVERBEND DR SE,3645.458 -7663.194|3643.326 -7658.680|3641.075 -7654.221|3609.506 -7670.477|3613.176 -7678.128
96 RIVERVIEW ME SE,3502.978 -8617.547|3480.168 -8581.987|3478.518 -8582.910|3476.764 -8583.610|3474.939 -8584.088|3473.066 -8584.333|3477.498 -8637.929|3483.013 -8633.514|3493.017 -8625.508
203 RIVERVIEW PA SE,3514.093 -8652.095|3493.017 -8625.508|3483.013 -8633.514|3504.089 -8660.090
133 RIVERWOOD CL SE,4214.846 -8580.497|4218.041 -8567.276|4216.056 -8559.247|4182.732 -8569.177|4183.116 -8570.767|4183.319 -8572.402|4183.340 -8574.047|4183.186 -8575.682
57 RIVERWOOD CR SE,4133.554 -8798.083|4118.923 -8763.068|4108.829 -8767.315|4123.460 -8802.330
240 RIVERWOOD CI SE,3946.859 -8516.571|3945.867 -8505.173|3910.152 -8508.020|3911.201 -8520.007
200 RIVERBIRCH RD SE,3603.124 -7358.364|3579.062 -7335.914|3571.163 -7344.776|3595.630 -7366.782
92 RIVERSIDE WY SE,3328.153 -7269.264|3302.701 -7250.038|3295.759 -7259.301|3321.212 -7278.526
68 RIVERSIDE CR SE,3351.348 -7617.904|3326.853 -7595.921|3318.730 -7605.050|3343.218 -7627.033
176 RIVERGLEN DR SE,4688.710 -8033.418|4654.596 -8026.346|4652.261 -8037.699|4686.375 -8044.771
96 RIVER ROCK CI SE,4514.360 -8727.897|4505.384 -8726.206|4498.527 -8760.466|4508.139 -8762.278
328 RIVER ROCK CI SE,4553.039 -8467.434|4553.039 -8427.470|4542.077 -8427.470|4542.070 -8467.445
53 RIVERVIEW CL SE,3786.477 -8671.132|3768.973 -8641.009|3762.898 -8644.734|3756.963 -8648.692|3777.179 -8677.992|3785.344 -8671.465
50 RIVERCREST CI SE,4312.356 -7754.574|4312.356 -7745.378|4278.515 -7745.389|4278.515 -7754.585
9525 21 ST SE,4237.481 -8958.682|4240.592 -8952.733|4243.514 -8946.695|4211.043 -8931.517|4208.632 -8936.509|4206.052 -8941.413
34 RIVERCREST PL SE,4774.413 -7809.593|4774.413 -7789.322|4739.412 -7807.481|4739.999 -7808.770|4740.467 -7810.105|4740.803 -7811.484|4741.005 -7812.885
13 RIVER ROCK RD SE,4340.654 -8879.744|4331.797 -8877.420|4324.003 -8910.290|4332.859 -8912.614
167 RIVERVIEW CI SE,3652.721 -8976.907|3644.591 -8944.060|3632.414 -8948.140|3640.558 -8980.987|3642.179 -8980.476
22 RIVERCREST WY SE,4864.975 -7831.910|4831.127 -7831.877|4831.127 -7843.397|4864.975 -7843.430
63 RIVER ROCK MR SE,4233.245 -9109.195|4234.189 -9107.594|4235.300 -9106.104|4236.559 -9104.725|4237.950 -9103.491|4217.559 -9077.638|4212.770 -9081.018|4207.905 -9084.299|4202.976 -9087.468|4197.971 -9090.525
235 RIVERVIEW CI SE,3737.760 -9109.106|3731.790 -9106.004|3725.625 -9103.346|3712.916 -9136.771|3718.690 -9140.719|3724.282 -9144.544
5 RIVER ROCK CO SE,4554.269 -8926.813|4525.098 -8911.346|4517.478 -8924.967|4544.461 -8936.498|4550.529 -8934.208
239 RIVERSIDE CL SE,3194.041 -7951.233|3189.700 -7938.513|3157.606 -7949.276|3161.941 -7961.997
27 RIVERBIRCH RD SE,3827.979 -7745.089|3824.680 -7714.788|3814.648 -7715.889|3817.948 -7746.190
11 RIVERGLEN WY SE,4144.326 -8033.618|4139.090 -8022.832|4111.814 -8036.197|4117.049 -8046.983
72 RIVERGLEN WY SE,4091.828 -8160.858|4079.706 -8132.414|4074.107 -8134.772|4068.459 -8137.018|4079.874 -8166.718
39 RIVERGLEN RD SE,4162.278 -8274.221|4162.516 -8242.664|4148.779 -8246.245|4148.311 -8246.367|4148.066 -8277.880|4156.413 -8275.745
80 RIVERGREEN CR SE,3558.000 -8002.772|3549.108 -7994.388|3528.339 -8016.616|3537.224 -8025.000
52 RIVERCROFT CL SE,4430.614 -8058.792|4428.860 -8057.547|4427.273 -8056.112|4425.861 -8054.489|4424.658 -8052.710|4394.879 -8070.557|4394.970 -8073.036|4414.872 -8084.323
292 RIVERGLEN DR SE,4364.610 -8314.874|4356.753 -8285.441|4347.281 -8287.987|4344.100 -8293.502|4347.197 -8306.123|4349.986 -8318.810
17 RIVERVIEW BA SE,3381.253 -8238.405|3372.207 -8202.734|3370.264 -8203.312|3368.264 -8203.624|3366.244 -8203.657|3364.231 -8203.412|3357.800 -8235.981|3375.849 -8244.176
11 RIVERVALLEY PL SE,3753.209 -8180.528|3752.342 -8178.705|3751.720 -8176.781|3751.364 -8174.791|3751.273 -8172.778|3719.103 -8177.482|3715.950 -8184.798|3712.594 -8192.026|3709.029 -8199.154|3705.268 -8206.181|3708.512 -8208.127
139 RIVERBROOK RD SE,3451.724 -7704.492|3429.145 -7684.210|3421.846 -7692.405|3442.552 -7710.997|3444.719 -7709.640|3446.607 -7708.550|3448.410 -7707.327|3450.116 -7705.971
959 RIVERBEND DR SE,3672.812 -7790.835|3672.546 -7781.839|3637.111 -7786.253|3637.279 -7794.749
214 RIVERVIEW PA SE,3574.029 -8668.040|3547.242 -8643.377|3542.991 -8647.714|3538.462 -8651.750|3560.642 -8678.737
270 RIVERVIEW PA SE,3604.501 -8488.894|3604.438 -8476.051|3569.611 -8476.207|3569.667 -8489.050
60 RIVERWOOD CL SE,4213.993 -8467.545|4213.979 -8427.570|4203.032 -8427.581|4203.046 -8467.556
3 RIVERSTONE CR SE,4680.097 -8181.607|4668.018 -8178.638|4666.822 -8184.443|4665.152 -8191.748|4663.152 -8198.965|4660.832 -8206.092|4658.189 -8213.109|4671.933 -8216.000
52 RIVERWOOD CI SE,4044.600 -8784.573|4032.199 -8754.806|4030.312 -8755.862|4028.305 -8756.685|4026.215 -8757.263|4024.076 -8757.575|4026.998 -8791.978
92 RIVERBIRCH RD SE,3816.095 -7564.898|3813.775 -7560.405|3811.356 -7555.980|3784.261 -7571.358|3786.414 -7575.083|3788.476 -7578.864
164 RIVERBIRCH RD SE,3671.064 -7411.760|3663.039 -7404.288|3640.711 -7428.517|3648.743 -7435.978
764 RIVERBEND DR SE,3371.809 -7414.529|3367.426 -7380.837|3360.547 -7381.915|3353.724 -7383.339|3361.435 -7416.430|3366.601 -7415.352
107 RIVERSIDE WY SE,3318.304 -7204.270|3287.965 -7181.364|3280.946 -7192.072|3310.642 -7214.500
161 RIVERSIDE CI SE,2974.016 -7534.708|2954.435 -7499.270|2943.209 -7506.053|2962.593 -7541.124|2964.138 -7540.246
55 RIVERSTONE CL SE,4857.138 -8125.887|4826.876 -8113.622|4826.108 -8115.268|4825.178 -8116.836|4824.101 -8118.304|4822.871 -8119.649|4857.138 -8154.375
9182 21 ST SE,4383.715 -8681.773|4353.530 -8668.652|4351.195 -8674.245|4348.972 -8679.393|4379.101 -8692.492|4382.506 -8684.597
403 RIVER ROCK CI SE,4500.086 -8545.003|4465.203 -8545.003|4465.616 -8554.299|4500.456 -8554.299
24 RIVERVIEW CL SE,3839.674 -8603.614|3856.969 -8566.797|3830.678 -8568.476|3831.551 -8601.902|3833.649 -8601.968|3835.718 -8602.280|3837.731 -8602.836
140 RIVERCREST CI SE,4355.159 -7765.949|4321.318 -7765.960|4321.318 -7775.156|4355.159 -7775.145
134 RIVERWOOD CR SE,4134.561 -8928.426|4130.988 -8917.484|4127.843 -8917.984|4124.774 -8918.818|4105.284 -8925.245|4103.963 -8925.835|4102.782 -8926.658|4101.782 -8927.692|4100.999 -8928.904|4100.454 -8930.238|4100.181 -8931.650|4100.181 -8933.096|4100.454 -8934.508|4101.838 -8939.223
273 RIVERVIEW CL SE,3875.438 -8814.862|3854.249 -8786.140|3849.412 -8789.743|3845.644 -8792.212|3843.253 -8793.780|3864.833 -8823.168|3870.195 -8819.088
126 RIVERGLEN DR SE,4534.563 -7841.629|4522.735 -7840.316|4521.246 -7840.150|4515.989 -7864.657|4515.835 -7865.813|4515.856 -7866.981|4516.080 -7868.193|4516.499 -7869.361|4517.100 -7870.439|4517.876 -7871.407|4518.799 -7872.229|4519.841 -7872.885|4520.980 -7873.364|4522.176 -7873.653|4522.518 -7873.697|4527.579 -7874.220
9556 21 ST SE,4201.907 -9077.493|4206.989 -9074.091|4211.994 -9070.577|4191.701 -9042.167|4187.374 -9045.202|4182.984 -9048.149
90 RIVERVIEW CI SE,3905.615 -8964.197|3895.710 -8930.672|3882.875 -8934.497|3892.802 -8968.022|3902.008 -8965.276
116 RIVERCREST CR SE,4778.593 -7726.442|4769.485 -7725.797|4769.478 -7759.856|4778.593 -7760.512
118 RIVER ROCK CR SE,4393.656 -9178.992|4396.906 -9167.795|4363.939 -9156.442|4361.842 -9163.625|4361.325 -9165.660|4360.954 -9167.728
945 RIVERVIEW PL SE,4009.480 -9132.924|4005.153 -9133.102|3998.190 -9173.855|4004.971 -9167.350|4006.698 -9165.916|4008.627 -9164.759|4010.703 -9163.914|4012.884 -9163.392|4018.204 -9132.557
69 RIVER ROCK CO SE,4577.316 -8985.135|4575.827 -8984.979|4574.366 -8984.679|4572.940 -8984.223|4571.563 -8983.634|4569.403 -8982.733|4567.152 -8982.133|4564.964 -9014.401|4575.296 -9015.046
54 RIVERSIDE CI SE,2975.588 -7742.231|2963.054 -7709.173|2956.183 -7712.142|2950.744 -7714.499|2963.075 -7747.013
55 RIVERGLEN CR SE,3997.428 -8100.702|3992.039 -8070.712|3986.992 -8071.569|3981.924 -8072.325|3986.083 -8102.525|3991.766 -8101.669
80 RIVERVALLEY DR SE,3680.180 -8312.005|3675.706 -8311.438|3671.260 -8310.727|3666.010 -8340.749|3671.414 -8341.605|3676.845 -8342.295
180 RIVERBROOK WY SE,3365.042 -7685.789|3334.577 -7674.091|3333.200 -7677.961|3331.935 -7681.864|3330.782 -7685.800|3329.740 -7689.781|3361.162 -7697.976|3362.931 -7691.827
81 RIVERGREEN CR SE,3517.350 -8026.813|3506.599 -8016.683|3505.550 -8015.782|3504.425 -8014.981|3503.230 -8014.292|3501.978 -8013.714|3500.671 -8013.258|3499.336 -8012.913|3497.973 -8012.702|3496.596 -8012.624|3492.206 -8048.340|3497.106 -8052.966
171 RIVERCROFT CL SE,4449.286 -8011.723|4447.287 -7981.067|4435.962 -7981.934|4432.236 -7986.771|4433.264 -7992.620|4435.032 -8002.895|4436.598 -8013.202|4442.938 -8012.391
249 RIVERGLEN DR SE,4522.749 -8249.280|4517.352 -8219.291|4514.297 -8219.769|4511.221 -8220.114|4508.139 -8220.325|4505.042 -8220.392|4505.042 -8246.378|4509.523 -8250.770|4512.843 -8250.570|4516.164 -8250.248|4519.463 -8249.825
67 RIVERGLEN WY SE,4049.675 -8127.889|4040.021 -8098.989|4034.100 -8100.924|4028.145 -8102.714|4036.561 -8132.003|4043.139 -8130.013
40 RIVERBEND DR SE,3709.414 -8177.393|3681.543 -8165.317|3679.278 -8170.432|3676.894 -8175.480|3704.171 -8188.846|3706.862 -8183.153
136 RIVERBROOK RD SE,3495.540 -7734.426|3491.409 -7728.232|3455.988 -7729.855|3456.310 -7730.378|3465.341 -7743.922
907 RIVERBEND DR SE,3649.407 -7672.368|3647.492 -7667.753|3645.458 -7663.194|3613.176 -7678.128|3616.496 -7685.945
92 RIVERVIEW ME SE,3473.066 -8584.333|3471.066 -8584.333|3469.088 -8584.066|3467.166 -8583.532|3465.327 -8582.743|3451.843 -8612.643|3457.155 -8617.880|3466.194 -8626.787|3477.498 -8637.929
207 RIVERVIEW PA SE,3523.474 -8644.589|3502.978 -8617.547|3493.017 -8625.508|3514.093 -8652.095
9113 21 ST SE,4340.933 -8459.294|4340.759 -8457.504|4340.018 -8448.909|4305.107 -8448.920|4305.939 -8459.316
61 RIVERWOOD CR SE,4123.460 -8802.330|4108.829 -8767.315|4098.727 -8771.563|4113.365 -8806.567
236 RIVERWOOD CI SE,3945.867 -8505.173|3945.454 -8499.836|3945.126 -8497.089|3944.552 -8494.376|3909.341 -8496.645|3910.152 -8508.020
204 RIVERBIRCH RD SE,3595.630 -7366.782|3571.163 -7344.776|3563.397 -7353.494|3587.863 -7375.499
96 RIVERSIDE WY SE,3335.088 -7260.001|3309.642 -7240.776|3302.701 -7250.038|3328.153 -7269.264
72 RIVERSIDE CR SE,3359.429 -7608.831|3334.948 -7586.836|3326.853 -7595.921|3351.348 -7617.904|3356.066 -7612.600
180 RIVERGLEN DR SE,4686.375 -8044.771|4652.261 -8037.699|4649.801 -8049.685|4683.914 -8056.757
100 RIVER ROCK CI SE,4508.139 -8762.278|4517.275 -8763.768|4523.497 -8729.364|4514.360 -8727.897
332 RIVER ROCK CI SE,4542.070 -8467.445|4542.077 -8427.470|4531.109 -8427.470|4531.102 -8467.445
57 RIVERVIEW CL SE,3777.179 -8677.992|3756.963 -8648.692|3751.993 -8652.273|3747.134 -8656.020|3745.254 -8657.532|3767.568 -8685.676
54 RIVERCREST CI SE,4312.356 -7745.378|4312.356 -7735.582|4278.515 -7735.593|4278.515 -7745.389
9529 21 ST SE,4230.687 -8970.246|4234.175 -8964.519|4237.481 -8958.682|4206.052 -8941.413|4203.326 -8946.239|4200.439 -8950.976
38 RIVERCREST PL SE,4774.413 -7789.322|4774.413 -7769.207|4765.745 -7768.596|4735.937 -7803.033|4736.958 -7804.022|4737.888 -7805.090|4738.706 -7806.246|4739.412 -7807.481
50 RIVERCREST PL SE,4726.878 -7765.816|4717.748 -7765.171|4715.057 -7803.100|4716.958 -7802.266|4718.797 -7801.309|4720.146 -7800.631|4721.551 -7800.086|4723.012 -7799.697|4724.494 -7799.452
17 RIVER ROCK RD SE,4350.713 -8882.446|4341.157 -8879.878|4340.654 -8879.744|4332.859 -8912.614|4341.353 -8914.838
171 RIVERVIEW CI SE,3640.558 -8980.987|3632.414 -8948.140|3631.847 -8948.329|3619.677 -8952.410|3627.227 -8982.789|3629.666 -8982.288|3632.148 -8982.133|3634.280 -8982.066|3636.398 -8981.866|3638.495 -8981.499
26 RIVERCREST WY SE,4864.982 -7820.390|4831.120 -7820.357|4831.127 -7831.877|4864.975 -7831.910
67 RIVER ROCK MR SE,4231.225 -9116.334|4231.456 -9114.477|4231.868 -9112.664|4232.462 -9110.896|4233.245 -9109.195|4197.971 -9090.525|4196.321 -9091.504|4198.964 -9114.110
239 RIVERVIEW CI SE,3749.294 -9116.434|3743.513 -9112.564|3737.760 -9109.106|3724.282 -9144.544|3735.649 -9152.317
9 RIVER ROCK CO SE,4559.015 -8918.073|4530.739 -8901.261|4525.098 -8911.346|4554.269 -8926.813
7 RIVERSIDE CL SE,3169.581 -7874.064|3165.792 -7861.799|3133.475 -7871.885|3137.271 -7884.149
58 RIVERSIDE CI SE,2963.075 -7747.013|2950.744 -7714.499|2944.439 -7717.235|2938.993 -7719.603|2951.122 -7751.583
59 RIVERGLEN CR SE,3986.083 -8102.525|3981.924 -8072.325|3975.898 -8073.092|3969.858 -8073.703|3972.563 -8104.071|3979.337 -8103.381
84 RIVERVALLEY DR SE,3671.260 -8310.727|3666.835 -8309.870|3662.445 -8308.870|3655.300 -8338.503|3660.634 -8339.704|3666.010 -8340.749
160 RIVERBROOK WY SE,3361.826 -7758.210|3360.330 -7752.306|3359.142 -7746.334|3328.027 -7751.705|3329.684 -7759.289|3331.739 -7766.783
103 RIVERGREEN CR SE,3496.596 -8012.624|3491.087 -8012.635|3485.593 -8012.824|3480.098 -8013.202|3474.625 -8013.747|3478.295 -8033.573|3482.328 -8055.379|3482.873 -8058.325|3483.859 -8057.269|3492.206 -8048.340
59 RIVERCROFT CL SE,4444.490 -8042.914|4453.823 -8041.924|4451.201 -8011.557|4449.286 -8011.723|4439.066 -8012.869|4436.598 -8013.202|4436.766 -8014.392|4438.346 -8026.690|4439.646 -8039.022|4440.716 -8039.878|4442.344 -8041.190
264 RIVERSTONE PL SE,4545.405 -8195.796|4525.482 -8172.433|4524.028 -8173.534|4522.462 -8174.446|4520.784 -8175.158|4519.037 -8175.669|4517.331 -8176.136|4527.355 -8207.093|4529.816 -8206.037|4532.228 -8204.880|4534.584 -8203.613|4536.884 -8202.245|4539.120 -8200.777|4541.288 -8199.209|4543.385 -8197.552
71 RIVERGLEN WY SE,4036.561 -8132.003|4028.145 -8102.714|4021.434 -8104.571|4014.674 -8106.272|4021.678 -8135.928|4029.144 -8134.060
44 RIVERBEND DR SE,3704.171 -8188.846|3676.894 -8175.480|3674.440 -8180.395|3671.875 -8185.254|3698.516 -8199.854|3701.410 -8194.383
128 RIVERBROOK RD SE,3474.590 -7757.788|3477.861 -7762.680|3478.791 -7763.814|3479.923 -7764.748|3481.210 -7765.438|3482.615 -7765.860|3484.069 -7766.005|3485.530 -7765.860|3486.928 -7765.427|3488.221 -7764.737|3507.228 -7751.950|3499.811 -7740.819
911 RIVERBEND DR SE,3652.931 -7681.719|3651.071 -7676.649|3649.407 -7672.368|3616.496 -7685.945|3617.790 -7689.280|3619.642 -7694.340
88 RIVERVIEW ME SE,3465.327 -8582.743|3463.118 -8581.364|3461.189 -8579.618|3459.581 -8577.572|3458.358 -8575.270|3458.022 -8574.503|3437.309 -8599.644|3447.550 -8608.651|3449.892 -8610.719|3451.843 -8612.643
239 RIVERVIEW PA SE,3555.162 -8581.586|3555.099 -8568.743|3520.279 -8568.899|3520.335 -8581.742
9117 21 ST SE,4342.038 -8470.291|4340.933 -8459.294|4305.939 -8459.316|4306.107 -8461.018|4307.037 -8470.302
109 RIVERSTONE CR SE,4677.315 -8355.794|4669.640 -8318.355|4657.190 -8318.355|4665.627 -8359.486|4670.472 -8359.486|4671.884 -8359.341|4673.247 -8358.941|4674.505 -8358.285|4675.624 -8357.406
65 RIVERWOOD CR SE,4113.365 -8806.567|4098.727 -8771.563|4088.633 -8775.799|4103.271 -8810.815
232 RIVERWOOD CI SE,3941.588 -8484.802|3908.468 -8480.177|3909.341 -8496.645|3944.552 -8494.376|3943.860 -8492.097|3942.987 -8489.884|3942.106 -8487.393
208 RIVERBIRCH RD SE,3587.863 -7375.499|3563.397 -7353.494|3555.637 -7362.212|3580.104 -7384.217
100 RIVERSIDE WY SE,3342.029 -7250.739|3316.577 -7231.513|3309.642 -7240.776|3335.088 -7260.001
167 RIVERSIDE ME SE,3081.851 -7604.016|3033.560 -7599.946|3034.378 -7603.716|3036.427 -7613.078|3079.586 -7616.726|3080.893 -7611.455|3081.599 -7607.763
184 RIVERGLEN DR SE,4683.914 -8056.757|4649.801 -8049.685|4647.340 -8061.672|4681.447 -8068.744
89 RIVER ROCK CI SE,4514.682 -8677.114|4505.559 -8675.112|4493.403 -8708.148|4502.483 -8710.283
336 RIVER ROCK CI SE,4531.102 -8467.445|4531.109 -8427.470|4520.141 -8427.481|4520.141 -8467.445
58 RIVERCREST CI SE,4312.356 -7735.582|4312.349 -7725.786|4278.515 -7725.797|4278.515 -7735.593
9533 21 ST SE,4223.577 -8980.787|4227.212 -8975.572|4230.687 -8970.246|4200.439 -8950.976|4197.566 -8955.379|4194.553 -8959.694
42 RIVERCREST PL SE,4765.745 -7768.596|4742.669 -7766.950|4731.079 -7800.208|4732.386 -7800.742|4733.644 -7801.387|4734.833 -7802.154|4735.937 -7803.033
21 RIVER ROCK RD SE,4360.038 -8885.082|4350.713 -8882.446|4341.353 -8914.838|4350.657 -8917.829
30 RIVERCREST WY SE,4864.982 -7808.859|4831.120 -7808.837|4831.120 -7820.357|4864.982 -7820.390
71 RIVER ROCK MR SE,4233.937 -9127.375|4233.224 -9125.919|4232.239 -9123.650|4231.567 -9121.260|4231.225 -9118.813|4231.225 -9116.334|4198.964 -9114.110|4200.516 -9127.353
115 RIVERSIDE WY SE,3334.333 -7182.865|3304.917 -7160.704|3296.032 -7170.723|3326.322 -7193.573
13 RIVER ROCK CO SE,4563.496 -8912.602|4540.700 -8883.481|4530.739 -8901.261|4559.015 -8918.073|4559.225 -8917.695|4560.092 -8916.261|4561.106 -8914.926|4562.238 -8913.703
11 RIVERSIDE CL SE,3165.792 -7861.799|3161.815 -7848.967|3129.505 -7859.053|3133.475 -7871.885
62 RIVERSIDE CI SE,2951.122 -7751.583|2938.993 -7719.603|2932.150 -7722.561|2926.690 -7724.929|2938.609 -7756.364
63 RIVERGLEN CR SE,3972.563 -8104.071|3969.858 -8073.703|3964.007 -8074.171|3958.142 -8074.482|3959.435 -8104.938|3966.006 -8104.582
88 RIVERVALLEY DR SE,3662.445 -8308.870|3657.684 -8307.624|3652.980 -8306.223|3643.801 -8335.267|3649.519 -8336.991|3655.300 -8338.503
152 RIVERBROOK WY SE,3370.320 -7779.737|3367.789 -7774.522|3365.531 -7769.185|3336.723 -7780.649|3338.632 -7785.008|3340.687 -7789.311|3343.078 -7793.904
131 RIVERGREEN PL SE,3422.790 -8054.823|3421.385 -8053.255|3420.092 -8051.598|3416.632 -8046.828|3393.514 -8068.399|3408.026 -8082.076
83 RIVERCROFT CL SE,4530.431 -8015.593|4524.447 -8014.526|4518.450 -8013.569|4514.074 -8043.736|4520.148 -8044.704|4526.195 -8045.827|4532.039 -8015.904
260 RIVERSTONE PL SE,4559.379 -8176.959|4529.802 -8166.162|4529.033 -8167.930|4528.048 -8169.576|4526.852 -8171.088|4525.482 -8172.433|4545.405 -8195.796|4547.537 -8193.761|4549.571 -8191.626|4551.501 -8189.391|4553.311 -8187.067|4555.010 -8184.654|4556.590 -8182.163|4558.051 -8179.594
75 RIVERGLEN WY SE,4021.678 -8135.928|4014.674 -8106.272|4006.998 -8107.996|3999.288 -8109.508|4008.998 -8136.740|4011.011 -8137.207|4012.954 -8137.885
48 RIVERBEND DR SE,3698.516 -8199.854|3671.875 -8185.254|3669.198 -8190.047|3666.408 -8194.784|3692.364 -8210.584|3695.503 -8205.247
132 RIVERBROOK RD SE,3499.811 -7740.819|3495.540 -7734.426|3465.341 -7743.922|3474.590 -7757.788
915 RIVERBEND DR SE,3656.007 -7690.693|3652.931 -7681.719|3619.642 -7694.340|3622.375 -7702.379
84 RIVERVIEW ME SE,3458.022 -8574.503|3456.477 -8571.579|3454.618 -8568.832|3452.472 -8566.308|3450.053 -8564.040|3427.691 -8591.182|3437.086 -8599.444|3437.309 -8599.644
243 RIVERVIEW PA SE,3555.099 -8568.743|3555.043 -8555.900|3520.216 -8556.056|3520.279 -8568.899
188 RIVERWOOD CL SE,4245.639 -8688.411|4226.290 -8659.334|4222.697 -8661.636|4216.852 -8665.194|4234.748 -8695.194|4240.851 -8691.491
105 RIVERSTONE CR SE,4693.163 -8341.839|4686.228 -8329.897|4680.964 -8320.834|4679.524 -8318.343|4670.793 -8318.343|4669.640 -8318.355|4677.315 -8355.794|4685.131 -8348.700
69 RIVERWOOD CR SE,4103.271 -8810.815|4088.633 -8775.799|4078.532 -8780.047|4093.170 -8815.062
228 RIVERWOOD CI SE,3944.357 -8472.793|3907.831 -8453.012|3908.027 -8466.600|3908.468 -8480.177|3941.588 -8484.802|3941.470 -8483.234|3941.484 -8481.667|3941.630 -8480.099|3941.917 -8478.553|3942.336 -8477.041|3942.889 -8475.573|3943.567 -8474.150
212 RIVERBIRCH RD SE,3580.104 -7384.217|3555.637 -7362.212|3547.605 -7371.230|3572.079 -7393.235
104 RIVERSIDE WY SE,3348.789 -7241.710|3323.337 -7222.484|3316.577 -7231.513|3342.029 -7250.739
155 RIVERSIDE ME SE,3082.892 -7573.226|3060.068 -7545.872|3053.288 -7557.370|3046.409 -7569.034|3078.348 -7579.898|3079.131 -7578.019|3080.166 -7576.251|3081.424 -7574.638
188 RIVERGLEN DR SE,4681.447 -8068.744|4647.340 -8061.672|4646.152 -8067.454|4645.900 -8068.922|4645.970 -8070.423|4646.354 -8071.869|4647.039 -8073.203|4647.990 -8074.360|4649.158 -8075.282|4650.500 -8075.950|4651.954 -8076.305|4678.755 -8081.854
93 RIVER ROCK CI SE,4523.867 -8678.837|4514.682 -8677.114|4502.483 -8710.283|4511.606 -8712.151
340 RIVER ROCK CI SE,4520.141 -8467.445|4520.141 -8427.481|4509.180 -8427.481|4509.173 -8467.445
62 RIVERCREST CI SE,4312.349 -7725.786|4312.349 -7716.590|4278.508 -7716.601|4278.515 -7725.797
9537 21 ST SE,4215.839 -8990.861|4219.781 -8985.880|4223.577 -8980.787|4194.553 -8959.694|4191.414 -8963.919|4188.150 -8968.033
46 RIVERCREST PL SE,4742.669 -7766.950|4726.878 -7765.816|4724.494 -7799.452|4726.165 -7799.363|4727.828 -7799.463|4729.478 -7799.741|4731.079 -7800.208
62 RIVERCREST PL SE,4699.482 -7763.870|4686.305 -7762.925|4686.298 -7797.017|4686.431 -7798.418|4686.815 -7799.764|4687.451 -7801.009|4688.304 -7802.121|4689.346 -7803.055|4690.541 -7803.778|4691.855 -7804.267|4693.233 -7804.501|4696.581 -7804.734
25 RIVER ROCK RD SE,4369.727 -8887.951|4360.038 -8885.082|4350.657 -8917.829|4359.857 -8920.786
179 RIVERVIEW CI SE,3617.468 -8989.661|3568.493 -8968.311|3574.092 -8996.154|3614.155 -8999.279|3614.364 -8997.255|3614.798 -8995.276|3615.455 -8993.352|3616.322 -8991.518
34 RIVERCREST WY SE,4864.989 -7797.340|4831.120 -7797.317|4831.120 -7808.837|4864.982 -7808.859
75 RIVER ROCK MR SE,4236.719 -9139.018|4236.440 -9136.482|4236.083 -9134.136|4235.545 -9131.823|4234.832 -9129.566|4233.937 -9127.375|4200.516 -9127.353|4201.879 -9139.006
218 RIVERVIEW CI SE,3672.378 -9082.342|3671.651 -9047.360|3657.670 -9047.693|3658.397 -9082.664
17 RIVER ROCK CO SE,4561.476 -8878.810|4543.322 -8878.799|4540.700 -8883.481|4563.496 -8912.602|4564.873 -8911.635|4566.341 -8910.801|4567.886 -8910.123|4569.494 -8909.611
15 RIVERSIDE CL SE,3161.815 -7848.967|3158.026 -7836.703|3125.709 -7846.788|3129.505 -7859.053
208 RIVERSIDE ME SE,2944.439 -7717.235|2930.234 -7684.210|2917.945 -7689.536|2932.150 -7722.561|2938.993 -7719.603
71 RIVERGLEN CR SE,3948.320 -8105.194|3948.187 -8074.715|3936.052 -8074.771|3936.178 -8105.249
92 RIVERVALLEY DR SE,3652.980 -8306.223|3648.128 -8304.578|3643.340 -8302.754|3632.092 -8331.064|3637.908 -8333.277|3643.801 -8335.267
136 RIVERGREEN CR SE,3389.271 -8030.593|3370.264 -8003.095|3365.860 -8006.242|3361.540 -8009.500|3359.240 -8011.312|3379.939 -8037.554|3384.552 -8033.996
4 RIVERCROFT CL SE,4410.111 -7915.039|4409.881 -7903.731|4405.414 -7899.772|4396.494 -7900.951|4387.595 -7902.252|4378.710 -7903.686|4369.853 -7905.254|4371.838 -7916.207
256 RIVERSTONE PL SE,4559.379 -8176.959|4560.847 -8173.612|4562.105 -8170.187|4563.161 -8166.696|4564.000 -8163.138|4566.167 -8152.596|4530.501 -8158.579|4530.697 -8160.491|4530.641 -8162.415|4530.340 -8164.316|4529.802 -8166.162
79 RIVERGLEN WY SE,4008.998 -8136.740|3999.288 -8109.508|3990.941 -8110.898|3982.560 -8112.055|3997.435 -8138.708|3998.771 -8138.041|4000.162 -8137.496|4001.588 -8137.062|4003.049 -8136.751|4004.531 -8136.562|4006.027 -8136.495|4007.516 -8136.562
52 RIVERBEND DR SE,3692.364 -8210.584|3666.408 -8194.784|3663.521 -8199.443|3660.522 -8204.046|3685.730 -8221.026|3689.106 -8215.844
144 RIVERBROOK RD SE,3501.538 -7716.857|3475.016 -7700.911|3463.538 -7713.810|3496.561 -7722.439
919 RIVERBEND DR SE,3658.824 -7699.755|3656.007 -7690.693|3622.375 -7702.379|3625.032 -7710.975
76 RIVERVIEW ME SE,3440.665 -8556.234|3438.260 -8554.243|3436.303 -8552.742|3434.234 -8551.419|3432.053 -8550.263|3429.788 -8549.295|3408.607 -8574.992|3416.695 -8581.698|3418.463 -8583.176
263 RIVERVIEW PA SE,3554.847 -8511.834|3554.784 -8498.991|3519.965 -8499.146|3520.021 -8511.989
144 RIVERWOOD CL SE,4160.244 -8621.572|4156.762 -8611.353|4123.697 -8622.350|4127.430 -8633.270
117 RIVERSTONE CR SE,4653.177 -8359.486|4644.754 -8318.355|4632.304 -8318.366|4636.659 -8339.615|4640.741 -8359.486
73 RIVERWOOD CR SE,4093.170 -8815.062|4078.532 -8780.047|4068.438 -8784.295|4083.076 -8819.310
195 RIVERWOOD CI SE,4028.424 -8517.538|4025.635 -8482.567|4014.660 -8482.567|4017.449 -8517.538
216 RIVERBIRCH RD SE,3572.079 -7393.235|3547.605 -7371.230|3539.643 -7380.170|3564.117 -7402.175
112 RIVERSIDE WY SE,3362.910 -7222.862|3337.457 -7203.637|3330.278 -7213.222|3355.731 -7232.447
151 RIVERSIDE ME SE,3090.239 -7569.890|3084.206 -7530.138|3083.270 -7530.716|3071.840 -7537.733|3060.914 -7544.438|3060.068 -7545.872|3082.892 -7573.226|3084.542 -7572.014|3086.339 -7571.047|3088.247 -7570.335
192 RIVERGLEN DR SE,4672.911 -8110.287|4675.735 -8096.543|4648.934 -8090.983|4647.480 -8090.828|4646.019 -8090.950|4644.607 -8091.372|4643.314 -8092.051|4642.174 -8092.974|4641.237 -8094.108|4640.545 -8095.409|4640.119 -8096.810|4638.805 -8103.226
97 RIVER ROCK CI SE,4533.151 -8680.283|4523.867 -8678.837|4511.606 -8712.151|4520.826 -8713.786
344 RIVER ROCK CI SE,4509.173 -8467.445|4509.180 -8427.481|4498.212 -8427.481|4498.205 -8467.456
61 RIVERVIEW CL SE,3767.568 -8685.676|3745.254 -8657.532|3735.090 -8665.650|3757.396 -8693.804
66 RIVERCREST CI SE,4312.349 -7716.590|4312.349 -7707.405|4278.508 -7707.405|4278.508 -7716.601
9541 21 ST SE,4207.017 -9000.958|4211.505 -8995.988|4215.839 -8990.861|4188.150 -8968.033|4184.570 -8972.270|4180.859 -8976.384
54 RIVERCREST PL SE,4717.748 -7765.171|4708.612 -7764.515|4705.731 -7805.145|4708.115 -7804.923|4710.478 -7804.501|4712.792 -7803.889|4715.057 -7803.100
71 RIVERCREST CR SE,4671.352 -7720.982|4671.352 -7712.720|4641.978 -7710.619|4637.511 -7714.800|4637.511 -7719.659
29 RIVER ROCK RD SE,4378.794 -8890.764|4369.727 -8887.951|4359.857 -8920.786|4368.490 -8923.566
183 RIVERVIEW CI SE,3614.155 -8999.279|3574.092 -8996.154|3578.182 -9016.503|3617.377 -9010.899|3616.294 -9008.675|3615.287 -9006.451|3614.588 -9004.116|3614.210 -9001.714
38 RIVERCREST WY SE,4864.989 -7785.809|4831.120 -7785.786|4831.120 -7797.317|4864.989 -7797.340
79 RIVER ROCK MR SE,4237.845 -9150.671|4236.719 -9139.018|4201.879 -9139.006|4203.235 -9150.649
222 RIVERVIEW CI SE,3689.323 -9058.913|3692.546 -9046.859|3671.651 -9047.360|3672.378 -9082.342|3683.123 -9082.086|3684.066 -9078.561
21 RIVER ROCK CO SE,4576.184 -8909.278|4580.931 -8878.810|4561.476 -8878.810|4569.494 -8909.611|4571.144 -8909.278|4572.822 -8909.100|4574.506 -8909.100
19 RIVERSIDE CL SE,3158.026 -7836.703|3154.048 -7823.871|3121.738 -7833.956|3125.709 -7846.788
212 RIVERSIDE ME SE,2956.183 -7712.142|2941.978 -7679.117|2930.234 -7684.210|2944.439 -7717.235|2950.744 -7714.499
75 RIVERGLEN CR SE,3936.178 -8105.249|3936.052 -8074.771|3929.089 -8074.804|3923.854 -8079.252|3921.218 -8094.641|3921.267 -8105.316
96 RIVERVALLEY DR SE,3643.340 -8302.754|3638.810 -8300.852|3634.350 -8298.784|3621.166 -8326.238|3626.584 -8328.751|3632.092 -8331.064
135 RIVERBROOK WY SE,3404.314 -7805.057|3411.738 -7816.187|3436.960 -7799.219|3429.529 -7788.088
152 RIVERGREEN CR SE,3336.961 -8067.432|3338.163 -8068.622|3339.590 -8069.523|3341.176 -8070.112|3342.847 -8070.345|3344.532 -8070.223|3346.154 -8069.745|3347.636 -8068.933|3348.908 -8067.821|3352.997 -8063.451|3332.012 -8036.987|3321.855 -8047.851|3322.568 -8048.840|3329.635 -8058.247
8 RIVERCROFT CL SE,4410.608 -7927.015|4410.111 -7915.039|4371.838 -7916.207|4374.152 -7928.950
252 RIVERSTONE PL SE,4566.167 -8152.596|4571.598 -8126.154|4561.406 -8124.041|4527.397 -8151.629|4528.502 -8153.197|4529.397 -8154.898|4530.068 -8156.710|4530.501 -8158.579
83 RIVERGLEN WY SE,3997.435 -8138.708|3982.560 -8112.055|3971.606 -8113.178|3960.610 -8113.889|3960.651 -8124.086|3990.955 -8144.790|3992.276 -8142.978|3993.807 -8141.343|3995.541 -8139.909
56 RIVERBEND DR SE,3685.730 -8221.026|3660.522 -8204.046|3657.139 -8208.983|3653.630 -8213.831|3677.964 -8232.045|3681.913 -8226.585
148 RIVERBROOK RD SE,3507.683 -7709.952|3485.054 -7689.636|3475.016 -7700.911|3501.538 -7716.857
923 RIVERBEND DR SE,3661.396 -7708.895|3658.824 -7699.755|3625.032 -7710.975|3627.171 -7718.669
8 RIVERVIEW ME SE,3520.084 -8526.523|3520.021 -8511.989|3485.194 -8512.145|3485.222 -8519.184|3485.376 -8520.651|3485.802 -8522.053|3486.494 -8523.342|3487.431 -8524.477|3488.564 -8525.400|3489.857 -8526.089|3491.262 -8526.511|3492.723 -8526.645
267 RIVERVIEW PA SE,3554.784 -8498.991|3554.728 -8485.547|3519.902 -8485.703|3519.965 -8499.146
148 RIVERWOOD CL SE,4164.158 -8632.269|4160.244 -8621.572|4127.430 -8633.270|4131.604 -8644.689
79 RIVERSTONE CR SE,4767.408 -8296.972|4774.776 -8293.970|4782.221 -8291.156|4789.736 -8288.554|4797.314 -8286.141|4798.404 -8285.708|4799.418 -8285.118|4800.327 -8284.362|4801.110 -8283.484|4801.739 -8282.494|4802.207 -8281.416|4802.501 -8280.270|4802.613 -8279.103|4802.745 -8271.842|4764.878 -8275.478|4765.514 -8280.871
44 RIVERWOOD CI SE,3981.008 -8770.651|3981.693 -8772.074|3990.165 -8789.599|3993.227 -8796.003|4009.571 -8752.048|4008.564 -8750.903|4007.669 -8749.669|4006.880 -8748.368|4006.201 -8747.000
199 RIVERWOOD CI SE,4017.449 -8517.538|4014.660 -8482.567|4003.678 -8482.567|4006.474 -8517.549
220 RIVERBIRCH RD SE,3564.117 -7402.175|3539.643 -7380.170|3531.947 -7388.821|3556.420 -7410.815
116 RIVERSIDE WY SE,3369.851 -7213.588|3344.399 -7194.374|3337.457 -7203.637|3362.910 -7222.862
147 RIVERSIDE ME SE,3114.930 -7522.488|3107.513 -7515.839|3094.706 -7523.700|3084.206 -7530.138|3090.239 -7569.890|3092.183 -7569.724|3094.133 -7569.813|3096.055 -7570.157|3097.915 -7570.747|3116.209 -7523.633
196 RIVERGLEN DR SE,4672.911 -8110.287|4638.805 -8103.226|4636.337 -8115.213|4670.451 -8122.285
101 RIVER ROCK CI SE,4542.532 -8681.439|4533.151 -8680.283|4520.826 -8713.786|4530.131 -8715.165
348 RIVER ROCK CI SE,4498.205 -8467.456|4498.212 -8427.481|4487.244 -8427.481|4487.244 -8467.456
65 RIVERVIEW CL SE,3757.396 -8693.804|3735.090 -8665.650|3724.618 -8674.023|3746.925 -8702.177
66 RIVER ROCK GR SE,4561.022 -8673.856|4570.731 -8674.167|4573.024 -8667.106|4575.065 -8659.979|4576.834 -8652.773|4578.337 -8645.501|4578.463 -8643.867|4578.232 -8642.243|4577.652 -8640.709|4576.750 -8639.341|4575.576 -8638.196|4574.178 -8637.339|4572.633 -8636.806|4571.004 -8636.617|4566.237 -8636.628
70 RIVERCREST CI SE,4312.349 -7707.405|4312.349 -7697.609|4278.508 -7697.609|4278.508 -7707.405
9545 21 ST SE,4197.573 -9010.465|4202.368 -9005.784|4207.017 -9000.958|4180.859 -8976.384|4177.021 -8980.376|4173.050 -8984.234
58 RIVERCREST PL SE,4708.612 -7764.515|4699.482 -7763.870|4696.581 -7804.734|4701.978 -7805.123|4705.731 -7805.145
53 RIVERCREST CL SE,4628.585 -7771.720|4594.751 -7771.720|4594.751 -7772.510|4594.828 -7774.634|4595.051 -7776.757|4595.429 -7778.848|4595.953 -7780.916|4628.585 -7780.916
33 RIVER ROCK RD SE,4387.812 -8893.677|4378.794 -8890.764|4368.490 -8923.566|4377.123 -8926.335
187 RIVERVIEW CI SE,3620.341 -9024.020|3619.586 -9018.694|3619.230 -9016.692|3618.747 -9014.724|3618.125 -9012.789|3617.377 -9010.899|3578.182 -9016.503|3580.838 -9029.702
42 RIVERCREST WY SE,4864.989 -7774.289|4831.120 -7774.267|4831.120 -7785.786|4864.989 -7785.809
83 RIVER ROCK MR SE,4238.733 -9162.313|4237.845 -9150.671|4203.235 -9150.649|4204.598 -9162.291
281 RIVERVIEW CI SE,3966.489 -9191.246|3959.792 -9190.145|3953.123 -9188.855|3953.123 -9223.715|3966.489 -9223.715
25 RIVER ROCK CO SE,4603.237 -8878.810|4581.846 -8878.810|4580.931 -8878.810|4576.184 -8909.278|4577.834 -8909.622|4579.442 -8910.145|4580.986 -8910.823|4582.447 -8911.657
129 RIVERVIEW CO SE,3219.738 -8099.023|3217.081 -8059.315|3212.691 -8061.672|3208.413 -8064.230|3204.261 -8066.976|3200.241 -8069.923|3194.936 -8074.259|3212.223 -8101.658|3213.950 -8100.624|3215.802 -8099.834|3217.746 -8099.301
127 RIVERSIDE CL SE,3003.110 -7965.322|2996.504 -7953.924|2958.427 -7976.174|2965.033 -7987.583
216 RIVERSIDE ME SE,2968.479 -7706.816|2954.267 -7673.791|2941.978 -7679.117|2956.183 -7712.142|2963.054 -7709.173
67 RIVERGLEN CR SE,3959.435 -8104.938|3958.142 -8074.482|3948.495 -8074.715|3948.187 -8074.715|3948.320 -8105.194|3948.628 -8105.194|3954.032 -8105.116
100 RIVERVALLEY DR SE,3634.350 -8298.784|3629.960 -8296.560|3625.647 -8294.192|3610.596 -8320.656|3615.832 -8323.536|3621.166 -8326.238
139 RIVERBROOK WY SE,3429.529 -7788.088|3422.441 -7777.469|3397.226 -7794.426|3404.314 -7805.057
148 RIVERGREEN CR SE,3361.442 -8054.433|3340.512 -8028.047|3338.988 -8029.592|3335.661 -8033.073|3332.012 -8036.987|3352.997 -8063.451|3359.974 -8055.979
12 RIVERCROFT CL SE,4411.369 -7938.991|4410.608 -7927.015|4374.152 -7928.950|4375.320 -7935.399|4376.452 -7941.626
248 RIVERSTONE PL SE,4561.406 -8124.041|4532.738 -8118.104|4521.288 -8147.103|4523.021 -8147.926|4524.636 -8148.971|4526.097 -8150.206|4527.397 -8151.629
87 RIVERGLEN WY SE,3990.955 -8144.790|3960.651 -8124.086|3960.749 -8147.070|3988.166 -8153.252|3988.460 -8151.017|3989.033 -8148.849|3989.865 -8146.759
60 RIVERBEND DR SE,3677.964 -8232.045|3653.630 -8213.831|3649.848 -8218.791|3645.940 -8223.650|3669.302 -8243.109|3673.699 -8237.638
152 RIVERBROOK RD SE,3515.771 -7700.867|3493.149 -7680.552|3485.054 -7689.636|3507.683 -7709.952
927 RIVERBEND DR SE,3663.710 -7718.091|3661.396 -7708.895|3627.171 -7718.669|3629.226 -7726.909
20 RIVERVIEW ME SE,3519.902 -8485.703|3519.790 -8460.295|3484.062 -8477.841|3484.810 -8480.733|3485.068 -8483.713|3485.075 -8485.859
271 RIVERVIEW PA SE,3531.324 -8465.832|3519.790 -8460.295|3519.902 -8485.703|3554.728 -8485.547|3554.687 -8477.052
189 RIVERWOOD CL SE,4217.852 -8646.969|4197.433 -8621.361|4188.422 -8628.611|4207.933 -8653.085|4214.916 -8648.848
218 RIVERSTONE CV SE,4685.767 -8286.041|4678.734 -8284.429|4676.441 -8283.706|4674.295 -8282.617|4652.653 -8318.355|4657.190 -8318.355|4669.640 -8318.355|4670.793 -8318.343
40 RIVERWOOD CI SE,4006.201 -8747.000|4005.621 -8745.532|4005.167 -8744.009|4004.852 -8742.452|4004.678 -8740.873|4004.461 -8738.783|3974.024 -8755.695|3981.008 -8770.651
203 RIVERWOOD CI SE,4006.474 -8517.549|4003.678 -8482.567|3992.703 -8482.578|3995.492 -8517.549
224 RIVERBIRCH RD SE,3556.420 -7410.815|3531.947 -7388.821|3524.250 -7397.460|3548.731 -7419.455
120 RIVERSIDE WY SE,3377.031 -7204.003|3351.578 -7184.789|3344.399 -7194.374|3369.851 -7213.588
143 RIVERSIDE ME SE,3124.688 -7531.239|3116.209 -7523.633|3097.915 -7570.747|3099.683 -7571.581|3101.326 -7572.626|3102.822 -7573.893|3104.136 -7575.339|3140.892 -7545.783|3134.223 -7539.801
11 RIVERSTONE CL SE,4708.968 -8103.426|4696.448 -8100.835|4689.660 -8133.827|4690.248 -8133.971|4702.124 -8136.729
105 RIVER ROCK CI SE,4552.025 -8682.318|4542.532 -8681.439|4530.131 -8715.165|4539.526 -8716.299
352 RIVER ROCK CI SE,4487.244 -8467.456|4487.244 -8427.481|4476.283 -8427.492|4476.283 -8428.693|4476.276 -8467.456
69 RIVERVIEW CL SE,3746.925 -8702.177|3724.618 -8674.023|3713.678 -8682.774|3735.992 -8710.917
74 RIVERCREST CI SE,4312.349 -7697.609|4312.349 -7688.413|4278.508 -7688.413|4278.508 -7697.609
9553 21 ST SE,4176.741 -9027.267|4182.201 -9023.408|4187.485 -9019.327|4165.235 -8991.006|4161.138 -8994.108|4156.916 -8997.033
7 RIVERCREST CR SE,4653.778 -7884.283|4660.168 -7891.488|4696.022 -7875.487|4691.576 -7867.404
69 RIVERCREST CL SE,4628.585 -7733.747|4594.744 -7733.736|4594.751 -7742.932|4628.585 -7742.943
37 RIVER ROCK RD SE,4397.375 -8896.902|4387.812 -8893.677|4377.123 -8926.335|4386.316 -8929.293
9526 21 ST SE,4286.142 -8987.537|4289.078 -8982.166|4291.888 -8976.717|4260.774 -8961.017|4258.348 -8965.720|4255.803 -8970.368
191 RIVERVIEW CI SE,3622.236 -9037.330|3620.341 -9024.020|3580.838 -9029.702|3581.264 -9031.837|3582.858 -9043.001
46 RIVERCREST WY SE,4849.826 -7762.758|4845.995 -7762.758|4842.242 -7762.758|4837.097 -7762.747|4834.664 -7762.747|4831.120 -7762.747|4831.120 -7774.267|4864.989 -7774.289|4864.996 -7762.769|4857.411 -7762.758|4854.894 -7762.758
87 RIVER ROCK MR SE,4231.616 -9175.745|4233.126 -9175.590|4234.573 -9175.134|4235.902 -9174.389|4237.048 -9173.399|4237.971 -9172.187|4238.635 -9170.819|4239.005 -9169.340|4239.068 -9167.828|4238.733 -9162.313|4204.598 -9162.291|4206.171 -9175.734
285 RIVERVIEW CI SE,3979.260 -9192.836|3977.939 -9192.691|3972.207 -9192.035|3966.489 -9191.246|3966.489 -9223.715|3979.260 -9223.715
29 RIVER ROCK CO SE,4622.468 -8892.498|4608.829 -8878.799|4603.237 -8878.810|4582.447 -8911.657|4583.825 -8912.636|4585.090 -8913.748|4586.236 -8914.993|4587.250 -8916.339
37 RIVERCREST CR SE,4671.359 -7792.669|4637.518 -7791.346|4637.518 -7800.353|4671.359 -7801.665
